file music-module	demos/groups/polish_dark_team/msx/maxsoft/mod.italo_disco_1	292.16K	polish_dark_team/msx/maxsoft/mod.italo_disco_1
file music-module	mirrors/amigascne/Parties/Assembly2000/mch/Dreams _n Fantasies.it	1.90M	Parties/Assembly2000/mch/Dreams _n Fantasies.it
file music-module	mirrors/amigascne/Parties/Assembly2000/mch/Essence of Life.it	953.55K	Parties/Assembly2000/mch/Essence of Life.it
file music-module	mirrors/amigascne/Parties/Gathering1997/Mods/dream access.it	447.38K	Parties/Gathering1997/Mods/dream access.it
file music-module	mirrors/amigascne/Parties/Gathering1997/Mods/kez_hrac.it	628.41K	Parties/Gathering1997/Mods/kez_hrac.it
file music-module	mirrors/amigascne/Parties/Gathering1997/Mods/Virtual Reality.it	435.45K	Parties/Gathering1997/Mods/Virtual Reality.it
file music-module	mirrors/amigascne/Parties/LTP2000/ChipMusic/alternative timecode.it	5.21K	Parties/LTP2000/ChipMusic/alternative timecode.it
file music-module	mirrors/amigascne/Parties/LTP2000/ChipMusic/CHIP215.IT	9.57K	Parties/LTP2000/ChipMusic/CHIP215.IT
file music-module	mirrors/amigascne/Parties/LTP2000/ChipMusic/CHIP2XX.IT	8.96K	Parties/LTP2000/ChipMusic/CHIP2XX.IT
file music-module	mirrors/amigascne/Parties/LTP2000/ChipMusic/Dizzy at Sea.it	8.92K	Parties/LTP2000/ChipMusic/Dizzy at Sea.it
file music-module	mirrors/amigascne/Parties/LTP2000/ChipMusic/L  E  G  E  N  D  A  R  Y.it	8.89K	Parties/LTP2000/ChipMusic/L  E  G  E  N  D  A  R  Y.it
file music-module	mirrors/amigascne/Parties/LTP2000/MultiChannel/20 HEART.it	1.33M	Parties/LTP2000/MultiChannel/20 HEART.it
file music-module	mirrors/amigascne/Parties/LTP2000/MultiChannel/Alice in Wonder Land.it	1.14M	Parties/LTP2000/MultiChannel/Alice in Wonder Land.it
file music-module	mirrors/amigascne/Parties/LTP2000/MultiChannel/daylight moods.it	1.16M	Parties/LTP2000/MultiChannel/daylight moods.it
file music-module	mirrors/amigascne/Parties/LTP2000/MultiChannel/MULTI214.IT	922.38K	Parties/LTP2000/MultiChannel/MULTI214.IT
file music-module	mirrors/amigascne/Parties/LTP2000/MultiChannel/nation_38 - shall fall.it	1.13M	Parties/LTP2000/MultiChannel/nation_38 - shall fall.it
file music-module	mirrors/amigascne/Parties/LTP2000/MultiChannel/Over Power.it	1.19M	Parties/LTP2000/MultiChannel/Over Power.it
file music-module	mirrors/amigascne/Parties/LTP2000/MultiChannel/_Exposure_.it	476.32K	Parties/LTP2000/MultiChannel/_Exposure_.it
file music-module	mirrors/amigascne/Parties/Symposium2000/MultiAlterMusic/I see_ I feel_ I reveal..it	1.62M	Parties/Symposium2000/MultiAlterMusic/I see_ I feel_ I reveal..it
file music-module	mirrors/amigascne/Parties/Symposium2000/MultiAlterMusic/maxx_ druckwerk.it	1.64M	Parties/Symposium2000/MultiAlterMusic/maxx_ druckwerk.it
file music-module	mirrors/amigascne/Parties/Symposium2000/MultiAlterMusic/trallala.it	115.27K	Parties/Symposium2000/MultiAlterMusic/trallala.it
file music-module	mirrors/amigascne/Parties/Symposium97/Multi/Punska_.it	330.96K	Parties/Symposium97/Multi/Punska_.it
file music-module	mirrors/amigascne/Parties/TG99/multi/HOW2.IT	272.48K	Parties/TG99/multi/HOW2.IT
file music-module	mirrors/amigascne/Parties/The_Party1998/Multi/Deep Down Below.it	656.11K	Parties/The_Party1998/Multi/Deep Down Below.it
file music-module	mirrors/amigascne/Parties/The_Party1998/Multi/disk581.it	533.22K	Parties/The_Party1998/Multi/disk581.it
file music-module	mirrors/amigascne/Parties/The_Party1998/Multi/El Diablo En Me Casa.it	0.99M	Parties/The_Party1998/Multi/El Diablo En Me Casa.it
file music-module	mirrors/amigascne/Parties/The_Party1998/Multi/Ernie - ode aan....it	400.00K	Parties/The_Party1998/Multi/Ernie - ode aan....it
file music-module	mirrors/amigascne/Parties/The_Party1998/Multi/Genetic Engineering.it	0.99M	Parties/The_Party1998/Multi/Genetic Engineering.it
file music-module	mirrors/amigascne/Parties/The_Party1998/Multi/In her Majestys duties.it	403.43K	Parties/The_Party1998/Multi/In her Majestys duties.it
file music-module	mirrors/amigascne/Parties/The_Party1998/Multi/jayrbil8.it	758.69K	Parties/The_Party1998/Multi/jayrbil8.it
file music-module	mirrors/amigascne/Parties/The_Party1998/Multi/Neutron.it	664.21K	Parties/The_Party1998/Multi/Neutron.it
file music-module	mirrors/amigascne/Parties/The_Party1998/Multi/neophi7e.it	666.62K	Parties/The_Party1998/Multi/neophi7e.it
file music-module	mirrors/amigascne/Parties/The_Party1998/Multi/Ronkova - Com. Trance Mix.it	362.55K	Parties/The_Party1998/Multi/Ronkova - Com. Trance Mix.it
file music-module	mirrors/amigascne/Parties/The_Party1998/Multi/ratzbatzfatzfatz.it	339.31K	Parties/The_Party1998/Multi/ratzbatzfatzfatz.it
file music-module	mirrors/amigascne/Parties/The_Party1998/Multi/Shape Shifter 2.it	338.00K	Parties/The_Party1998/Multi/Shape Shifter 2.it
file music-module	mirrors/amigascne/Parties/The_Party1998/Multi/Some Other World.it	666.62K	Parties/The_Party1998/Multi/Some Other World.it
file music-module	mirrors/amigascne/Parties/The_Party1998/Multi/_106 miles to Chicago_.it	758.69K	Parties/The_Party1998/Multi/_106 miles to Chicago_.it
file music-module	mirrors/amigascne/Parties/The_Party1998/Multi/_Emptiness_.it	941.06K	Parties/The_Party1998/Multi/_Emptiness_.it
file music-module	mirrors/amigascne/Parties/Ukonx2000/music/teajay.it	1.43M	Parties/Ukonx2000/music/teajay.it
file music-module	mirrors/amigascne/Parties/Ukonx2000/music/willbe_dive.it	206.28K	Parties/Ukonx2000/music/willbe_dive.it
file music-module	mirrors/flerp/DEMO.'98/Remedy.'98/music/rm_dolce.it	479.64K	DEMO.'98/Remedy.'98/music/rm_dolce.it
file music-module	mirrors/flerp/DEMO.'98/Romantica'98/mch/04/goa!.it	677.24K	DEMO.'98/Romantica'98/mch/04/goa!.it
file music-module	mirrors/flerp/DEMO.'99/TakeOver.'99/HouseMusic/weedkill.it	522.47K	DEMO.'99/TakeOver.'99/HouseMusic/weedkill.it
file music-module	mirrors/flerp/groups.hun/Molecoola/public_html/04.IT	154.92K	groups.hun/Molecoola/public_html/04.IT
file music-module	mirrors/ftp_klosz_art_pl/distro/mindstorm/HAG_FUTU.IT	608.16K	distro/mindstorm/HAG_FUTU.IT
file music-module	mirrors/ftp_klosz_art_pl/distro/mindstorm/HAG_ONCE.IT	700.44K	distro/mindstorm/HAG_ONCE.IT
file music-module	mirrors/ftp_klosz_art_pl/distro/mindstorm/HAG_SUB.IT	650.99K	distro/mindstorm/HAG_SUB.IT
file music-module	mirrors/ftp_klosz_art_pl/distro/mindstorm/HAG_TRIB.IT	568.97K	distro/mindstorm/HAG_TRIB.IT
file music-module	mirrors/ftp_klosz_art_pl/distro/mindstorm/Hag_dew.it	809.74K	distro/mindstorm/Hag_dew.it
file music-module	mirrors/ftp_klosz_art_pl/distro/mindstorm/Hag_dip.it	351.25K	distro/mindstorm/Hag_dip.it
file music-module	mirrors/ftp_klosz_art_pl/distro/mindstorm/Mds_sday.it	614.03K	distro/mindstorm/Mds_sday.it
file music-module	mirrors/ftp_klosz_art_pl/incoming/carmazine-aqua travel.it	97.79K	incoming/carmazine-aqua travel.it
file music-module	mirrors/ftp_klosz_art_pl/incoming/carmazine-aquatravel.it	97.79K	incoming/carmazine-aquatravel.it
file music-module	mirrors/ftp_klosz_art_pl/incoming/marcin/N.IT	8.39M	incoming/marcin/N.IT
file music-module	mirrors/ftp_klosz_art_pl/incoming/marcin/smyki.it	3.79M	incoming/marcin/smyki.it
file music-module	mirrors/ftp_klosz_art_pl/incoming/marcin/work.it	4.80M	incoming/marcin/work.it
file music-module	mirrors/ftp_klosz_art_pl/parties/world/abduction98/mch/cswaga.it	933.57K	parties/world/abduction98/mch/cswaga.it
file music-module	mirrors/ftp_klosz_art_pl/parties/world/abduction98/mch/cursed.it	895.96K	parties/world/abduction98/mch/cursed.it
file music-module	mirrors/ftp_klosz_art_pl/parties/world/abduction98/mch/db_cryo.it	0B	parties/world/abduction98/mch/db_cryo.it
file music-module	mirrors/ftp_klosz_art_pl/parties/world/abduction98/mch/deadend.it	0B	parties/world/abduction98/mch/deadend.it
file music-module	mirrors/ftp_klosz_art_pl/parties/world/abduction98/mch/dexiguus.it	0B	parties/world/abduction98/mch/dexiguus.it
file music-module	mirrors/ftp_klosz_art_pl/parties/world/abduction98/mch/kjuoni.it	0B	parties/world/abduction98/mch/kjuoni.it
file music-module	mirrors/ftp_klosz_art_pl/parties/world/abduction98/mch/kri-drea.it	0B	parties/world/abduction98/mch/kri-drea.it
file music-module	mirrors/ftp_klosz_art_pl/parties/world/abduction98/mch/luona.it	0B	parties/world/abduction98/mch/luona.it
file music-module	mirrors/ftp_klosz_art_pl/parties/world/abduction98/mch/msg-eino.it	0B	parties/world/abduction98/mch/msg-eino.it
file music-module	mirrors/ftp_klosz_art_pl/parties/world/abduction98/mch/nomen.it	0B	parties/world/abduction98/mch/nomen.it
file music-module	mirrors/ftp_klosz_art_pl/parties/world/abduction98/mch/passingb.it	0B	parties/world/abduction98/mch/passingb.it
file music-module	mirrors/ftp_klosz_art_pl/parties/world/abduction98/mch/qsahko.it	0B	parties/world/abduction98/mch/qsahko.it
file music-module	mirrors/ftp_klosz_art_pl/parties/world/remedy98/multi-channel/15-rm_do.it	479.64K	parties/world/remedy98/multi-channel/15-rm_do.it
file music-module	mirrors/ftp_klosz_art_pl/photos/!!!!abstract.2002.copyparty.photos.radi.antikonception.fotografikao.teknologikues/dont-miss.it	0.99K	photos/!!!!abstract.2002.copyparty.photos.radi.antikonception.fotografikao.teknologikues/dont-miss.it
file music-module	mirrors/ftp_klosz_art_pl/stuff/msx/carmazine/carmazine-fallen.it	1.32M	stuff/msx/carmazine/carmazine-fallen.it
file music-module	mirrors/ftp_klosz_art_pl/stuff/msx/carmazine/snowman.it	91.98K	stuff/msx/carmazine/snowman.it
file music-module	mirrors/ftp_klosz_art_pl/stuff/msx/gex/chipchlip.it	52.39K	stuff/msx/gex/chipchlip.it
file music-module	mirrors/ftp_klosz_art_pl/stuff/msx/gex/convaltage.it	968.73K	stuff/msx/gex/convaltage.it
file music-module	mirrors/ftp_klosz_art_pl/stuff/msx/gex/ENV.IT	296.49K	stuff/msx/gex/ENV.IT
file music-module	mirrors/ftp_klosz_art_pl/stuff/msx/gex/EXISTION.IT	227.59K	stuff/msx/gex/EXISTION.IT
file music-module	mirrors/ftp_klosz_art_pl/stuff/msx/gex/hamburger.it	235.01K	stuff/msx/gex/hamburger.it
file music-module	mirrors/ftp_klosz_art_pl/stuff/msx/gex/majestyremix.it	239.55K	stuff/msx/gex/majestyremix.it
file music-module	mirrors/ftp_klosz_art_pl/stuff/msx/gex/nonbalance.it	436.81K	stuff/msx/gex/nonbalance.it
file music-module	mirrors/ftp_klosz_art_pl/stuff/msx/gex/PIANO.IT	76.24K	stuff/msx/gex/PIANO.IT
file music-module	mirrors/ftp_klosz_art_pl/stuff/msx/gex/SPY.IT	616.52K	stuff/msx/gex/SPY.IT
file music-module	mirrors/ftp_klosz_art_pl/stuff/msx/loop/loop.encephalon.1,44_trainer.it	416.23K	stuff/msx/loop/loop.encephalon.1,44_trainer.it
file music-module	mirrors/ftp_klosz_art_pl/stuff/msx/loop/we are.it	769.81K	stuff/msx/loop/we are.it
file music-module	mirrors/ftp_klosz_art_pl/stuff/msx/ninja/blind.it	21.13K	stuff/msx/ninja/blind.it
file music-module	mirrors/ftp_klosz_art_pl/stuff/msx/ninja/CHERRY.IT	2.50K	stuff/msx/ninja/CHERRY.IT
file music-module	mirrors/ftp_klosz_art_pl/stuff/msx/ninja/FLOWERS.IT	28.71K	stuff/msx/ninja/FLOWERS.IT
file music-module	mirrors/ftp_klosz_art_pl/stuff/msx/ninja/kawasaki.it	16.33K	stuff/msx/ninja/kawasaki.it
file music-module	mirrors/ftp_klosz_art_pl/stuff/msx/ninja/LISTOPAD.IT	18.34K	stuff/msx/ninja/LISTOPAD.IT
file music-module	mirrors/ftp_klosz_art_pl/stuff/msx/ninja/LORIEN.IT	44.47K	stuff/msx/ninja/LORIEN.IT
file music-module	mirrors/ftp_klosz_art_pl/stuff/msx/ninja/little.it	4.70K	stuff/msx/ninja/little.it
file music-module	mirrors/ftp_klosz_art_pl/stuff/msx/ninja/MOTYL.IT	17.78K	stuff/msx/ninja/MOTYL.IT
file music-module	mirrors/ftp_klosz_art_pl/stuff/msx/ninja/NEON.IT	26.35K	stuff/msx/ninja/NEON.IT
file music-module	mirrors/ftp_klosz_art_pl/stuff/msx/ninja/OLDSK8L.IT	27.30K	stuff/msx/ninja/OLDSK8L.IT
file music-module	mirrors/ftp_klosz_art_pl/stuff/msx/ninja/OSAMA.IT	20.07K	stuff/msx/ninja/OSAMA.IT
file music-module	mirrors/ftp_klosz_art_pl/stuff/msx/ninja/postcard.it	11.03K	stuff/msx/ninja/postcard.it
file music-module	mirrors/ftp_klosz_art_pl/stuff/msx/ninja/RAMZES64.IT	20.75K	stuff/msx/ninja/RAMZES64.IT
file music-module	mirrors/ftp_klosz_art_pl/stuff/msx/ninja/SADDAM.IT	44.97K	stuff/msx/ninja/SADDAM.IT
file music-module	mirrors/ftp_klosz_art_pl/stuff/msx/ninja/SMOKE.IT	18.79K	stuff/msx/ninja/SMOKE.IT
file music-module	mirrors/ftp_klosz_art_pl/stuff/msx/ninja/thirst.it	11.87K	stuff/msx/ninja/thirst.it
file music-module	mirrors/ftp_klosz_art_pl/stuff/msx/siatek/DFLOWER.IT	1.47M	stuff/msx/siatek/DFLOWER.IT
file music-module	mirrors/ftp_klosz_art_pl/stuff/msx/siatek/KATE.IT	278.70K	stuff/msx/siatek/KATE.IT
file music-module	mirrors/ftp_klosz_art_pl/stuff/msx/siatek/MEEK.IT	49.61K	stuff/msx/siatek/MEEK.IT
file music-module	mirrors/ftp_klosz_art_pl/stuff/msx/siatek/SYFONIA.IT	212.20K	stuff/msx/siatek/SYFONIA.IT
file music-module	mirrors/ftp_klosz_art_pl/stuff/msx/various/TWS.IT	78.00K	stuff/msx/various/TWS.IT
file archive	mirrors/ftp_klosz_art_pl/stuff/msx/various/from grogon/dr multimedia - kahiriotarantulino.mod.dbm.avi.mpg.swf.wmv.mov.it.zip	460.35K	stuff/msx/various/from grogon/dr multimedia - kahiriotarantulino.mod.dbm.avi.mpg.swf.wmv.mov.it.zip
file archive	mirrors/ftp_klosz_art_pl/stuff/msx/various/from grogon/halfpowerofme.it.zip	810.05K	stuff/msx/various/from grogon/halfpowerofme.it.zip
file archive	mirrors/ftp_klosz_art_pl/stuff/msx/various/from grogon/knulla kuk - next generation.it.zip	1.12M	stuff/msx/various/from grogon/knulla kuk - next generation.it.zip
file music-module	mirrors/hornet/music/contests/mc_winners/m4v-disf.it	151.20K	music/contests/mc_winners/m4v-disf.it
file music-module	mirrors/hornet/music/contests/mc_winners/m4v-fasc.it	692.71K	music/contests/mc_winners/m4v-fasc.it
file music-module	mirrors/hornet/music/contests/mc_winners/m4v-fequ.it	860.28K	music/contests/mc_winners/m4v-fequ.it
file music-module	mirrors/hornet/music/contests/mc_winners/m4v-univ.it	974.39K	music/contests/mc_winners/m4v-univ.it
file music-module	mirrors/scenesp.org/2001/bcnparty01/chiptune/FIN_POP5/FIN-POP5.IT	3.97K	2001/bcnparty01/chiptune/FIN_POP5/FIN-POP5.IT
file music-module	mirrors/scenesp.org/2001/bcnparty01/chiptune/SML_KOKI/sml_koki.it	4.00K	2001/bcnparty01/chiptune/SML_KOKI/sml_koki.it
file music-module	mirrors/scenesp.org/2001/bcnparty01/fast_code/ithaqua+yero/YR_ITHA.IT	1.58K	2001/bcnparty01/fast_code/ithaqua+yero/YR_ITHA.IT
file music-module	mirrors/scenesp.org/2001/bcnparty01/multichannel/ANTHRAX/ANTHRAX.IT	1.17M	2001/bcnparty01/multichannel/ANTHRAX/ANTHRAX.IT
file music-module	mirrors/scenesp.org/2001/bcnparty01/multichannel/FIN_POP3/FIN-POP3.IT	413.72K	2001/bcnparty01/multichannel/FIN_POP3/FIN-POP3.IT
file music-module	mirrors/scenesp.org/2001/bcnparty01/multichannel/HAPCONG/HAPCONG.IT	281.79K	2001/bcnparty01/multichannel/HAPCONG/HAPCONG.IT
file music-module	mirrors/scenesp.org/2001/bcnparty01/multichannel/YR_BLUE/YR_BLUE.IT	899.23K	2001/bcnparty01/multichannel/YR_BLUE/YR_BLUE.IT
file music-module	mirrors/scenesp.org/2004/bcnparty100/fast music/srg_fast.it	351.60K	2004/bcnparty100/fast music/srg_fast.it
file music-module	mirrors/scenesp.org/2004/bcnparty100/fast music/vivaaaa honduraasss  _ by debi.IT	195.56K	2004/bcnparty100/fast music/vivaaaa honduraasss  _ by debi.IT
file music-module	mirrors/scenesp.org/2004/bcnparty100/fast music/YR_AI.IT	144.15K	2004/bcnparty100/fast music/YR_AI.IT
file music-module	mirrors/scenesp.org/2004/ifparty04/chiptune/SOLE_JD.IT	8.26K	2004/ifparty04/chiptune/SOLE_JD.IT
file music-module	mirrors/scenesp.org/2004/ifparty04/multicanal/SOLE_HUE.IT	1.28M	2004/ifparty04/multicanal/SOLE_HUE.IT
file archive has-diz	mirrors/scenesp.org/2005/euskal13/fast/music/srg-ii.it.zip	17.06K	2005/euskal13/fast/music/srg-ii.it.zip
file music-module	mirrors/scenesp.org/compilations/modplanet/normal/bonuscd/artists/acidbeat/AB_FAS8R.IT	472.72K	compilations/modplanet/normal/bonuscd/artists/acidbeat/AB_FAS8R.IT
file music-module	mirrors/scenesp.org/compilations/modplanet/normal/bonuscd/artists/acidbeat/AB_XMA2.IT	225.87K	compilations/modplanet/normal/bonuscd/artists/acidbeat/AB_XMA2.IT
file music-module	mirrors/scenesp.org/compilations/modplanet/normal/bonuscd/artists/debi/001_debi.IT	17.93K	compilations/modplanet/normal/bonuscd/artists/debi/001_debi.IT
file music-module	mirrors/scenesp.org/compilations/modplanet/normal/bonuscd/artists/debi/afternoon.it	8.10K	compilations/modplanet/normal/bonuscd/artists/debi/afternoon.it
file music-module	mirrors/scenesp.org/compilations/modplanet/normal/bonuscd/artists/debi/bad night.it	7.86K	compilations/modplanet/normal/bonuscd/artists/debi/bad night.it
file music-module	mirrors/scenesp.org/compilations/modplanet/normal/bonuscd/artists/debi/blue eyes.it	20.29K	compilations/modplanet/normal/bonuscd/artists/debi/blue eyes.it
file music-module	mirrors/scenesp.org/compilations/modplanet/normal/bonuscd/artists/debi/Chip_your_life.it	81.20K	compilations/modplanet/normal/bonuscd/artists/debi/Chip_your_life.it
file music-module	mirrors/scenesp.org/compilations/modplanet/normal/bonuscd/artists/debi/DBNC_F^E.IT	9.76K	compilations/modplanet/normal/bonuscd/artists/debi/DBNC_F^E.IT
file music-module	mirrors/scenesp.org/compilations/modplanet/normal/bonuscd/artists/debi/DBNC_OMPF.IT	787.18K	compilations/modplanet/normal/bonuscd/artists/debi/DBNC_OMPF.IT
file music-module	mirrors/scenesp.org/compilations/modplanet/normal/bonuscd/artists/debi/Db_chp1.it	6.93K	compilations/modplanet/normal/bonuscd/artists/debi/Db_chp1.it
file music-module	mirrors/scenesp.org/compilations/modplanet/normal/bonuscd/artists/debi/Db_chp12.it	5.76K	compilations/modplanet/normal/bonuscd/artists/debi/Db_chp12.it
file music-module	mirrors/scenesp.org/compilations/modplanet/normal/bonuscd/artists/debi/Db_chp2.it	25.10K	compilations/modplanet/normal/bonuscd/artists/debi/Db_chp2.it
file music-module	mirrors/scenesp.org/compilations/modplanet/normal/bonuscd/artists/debi/Db_chp3.it	27.29K	compilations/modplanet/normal/bonuscd/artists/debi/Db_chp3.it
file music-module	mirrors/scenesp.org/compilations/modplanet/normal/bonuscd/artists/debi/Db_chp5.it	7.87K	compilations/modplanet/normal/bonuscd/artists/debi/Db_chp5.it
file music-module	mirrors/scenesp.org/compilations/modplanet/normal/bonuscd/artists/debi/Db_chp6.it	6.60K	compilations/modplanet/normal/bonuscd/artists/debi/Db_chp6.it
file music-module	mirrors/scenesp.org/compilations/modplanet/normal/bonuscd/artists/debi/Db_chp7.it	8.72K	compilations/modplanet/normal/bonuscd/artists/debi/Db_chp7.it
file music-module	mirrors/scenesp.org/compilations/modplanet/normal/bonuscd/artists/debi/Db_chp9.it	6.98K	compilations/modplanet/normal/bonuscd/artists/debi/Db_chp9.it
file music-module	mirrors/scenesp.org/compilations/modplanet/normal/bonuscd/artists/debi/Db_clchr.it	318.32K	compilations/modplanet/normal/bonuscd/artists/debi/Db_clchr.it
file music-module	mirrors/scenesp.org/compilations/modplanet/normal/bonuscd/artists/debi/Db_cyl.it	81.26K	compilations/modplanet/normal/bonuscd/artists/debi/Db_cyl.it
file music-module	mirrors/scenesp.org/compilations/modplanet/normal/bonuscd/artists/debi/Db_essch.it	784.52K	compilations/modplanet/normal/bonuscd/artists/debi/Db_essch.it
file music-module	mirrors/scenesp.org/compilations/modplanet/normal/bonuscd/artists/debi/Db_Queen.it	26.06K	compilations/modplanet/normal/bonuscd/artists/debi/Db_Queen.it
file music-module	mirrors/scenesp.org/compilations/modplanet/normal/bonuscd/artists/debi/Db_Spare.it	30.93K	compilations/modplanet/normal/bonuscd/artists/debi/Db_Spare.it
file music-module	mirrors/scenesp.org/compilations/modplanet/normal/bonuscd/artists/debi/Debi - Backbeat Riders.it	1.32M	compilations/modplanet/normal/bonuscd/artists/debi/Debi - Backbeat Riders.it
file music-module	mirrors/scenesp.org/compilations/modplanet/normal/bonuscd/artists/debi/Debi - Me gutah guardah loh poyo.it	9.94K	compilations/modplanet/normal/bonuscd/artists/debi/Debi - Me gutah guardah loh poyo.it
file music-module	mirrors/scenesp.org/compilations/modplanet/normal/bonuscd/artists/debi/Debi_SOSM.IT	9.58K	compilations/modplanet/normal/bonuscd/artists/debi/Debi_SOSM.IT
file music-module	mirrors/scenesp.org/compilations/modplanet/normal/bonuscd/artists/debi/dark city.it	6.60K	compilations/modplanet/normal/bonuscd/artists/debi/dark city.it
file music-module	mirrors/scenesp.org/compilations/modplanet/normal/bonuscd/artists/debi/db chp4.it	5.83K	compilations/modplanet/normal/bonuscd/artists/debi/db chp4.it
file music-module has-diz	mirrors/scenesp.org/compilations/modplanet/normal/bonuscd/artists/debi/db_multi.IT	702.63K	compilations/modplanet/normal/bonuscd/artists/debi/db_multi.IT
file music-module	mirrors/scenesp.org/compilations/modplanet/normal/bonuscd/artists/debi/db_nfof.IT	31.43K	compilations/modplanet/normal/bonuscd/artists/debi/db_nfof.IT
file music-module	mirrors/scenesp.org/compilations/modplanet/normal/bonuscd/artists/debi/debi - back to track.it	21.02K	compilations/modplanet/normal/bonuscd/artists/debi/debi - back to track.it
file music-module	mirrors/scenesp.org/compilations/modplanet/normal/bonuscd/artists/debi/debi - i love gaming.it	7.51K	compilations/modplanet/normal/bonuscd/artists/debi/debi - i love gaming.it
file music-module	mirrors/scenesp.org/compilations/modplanet/normal/bonuscd/artists/debi/debi - petelton peck.it	28.75K	compilations/modplanet/normal/bonuscd/artists/debi/debi - petelton peck.it
file music-module	mirrors/scenesp.org/compilations/modplanet/normal/bonuscd/artists/debi/debi-backbeat_riders.IT	1.09M	compilations/modplanet/normal/bonuscd/artists/debi/debi-backbeat_riders.IT
file music-module	mirrors/scenesp.org/compilations/modplanet/normal/bonuscd/artists/debi/debi_studying kills neurons.it	8.87K	compilations/modplanet/normal/bonuscd/artists/debi/debi_studying kills neurons.it
file music-module	mirrors/scenesp.org/compilations/modplanet/normal/bonuscd/artists/debi/eye of the tiger.it	97.93K	compilations/modplanet/normal/bonuscd/artists/debi/eye of the tiger.it
file music-module	mirrors/scenesp.org/compilations/modplanet/normal/bonuscd/artists/debi/feelings & emotions.it	765.95K	compilations/modplanet/normal/bonuscd/artists/debi/feelings & emotions.it
file music-module	mirrors/scenesp.org/compilations/modplanet/normal/bonuscd/artists/debi/iced love rivers.it	1.02M	compilations/modplanet/normal/bonuscd/artists/debi/iced love rivers.it
file music-module	mirrors/scenesp.org/compilations/modplanet/normal/bonuscd/artists/debi/in a cheesy way.it	1.14M	compilations/modplanet/normal/bonuscd/artists/debi/in a cheesy way.it
file music-module	mirrors/scenesp.org/compilations/modplanet/normal/bonuscd/artists/debi/indian storm.it	878.75K	compilations/modplanet/normal/bonuscd/artists/debi/indian storm.it
file music-module	mirrors/scenesp.org/compilations/modplanet/normal/bonuscd/artists/debi/let's smash the scene !.it	47.06K	compilations/modplanet/normal/bonuscd/artists/debi/let's smash the scene !.it
file music-module	mirrors/scenesp.org/compilations/modplanet/normal/bonuscd/artists/debi/love ecstasy.it	457.34K	compilations/modplanet/normal/bonuscd/artists/debi/love ecstasy.it
file music-module	mirrors/scenesp.org/compilations/modplanet/normal/bonuscd/artists/debi/lucky 777 deluxe.it	19.65K	compilations/modplanet/normal/bonuscd/artists/debi/lucky 777 deluxe.it
file music-module	mirrors/scenesp.org/compilations/modplanet/normal/bonuscd/artists/debi/no return zero.it	314.24K	compilations/modplanet/normal/bonuscd/artists/debi/no return zero.it
file music-module	mirrors/scenesp.org/compilations/modplanet/normal/bonuscd/artists/debi/otro martini por favor (compo version).it	519.82K	compilations/modplanet/normal/bonuscd/artists/debi/otro martini por favor (compo version).it
file music-module	mirrors/scenesp.org/compilations/modplanet/normal/bonuscd/artists/debi/space battle.it	315.52K	compilations/modplanet/normal/bonuscd/artists/debi/space battle.it
file music-module	mirrors/scenesp.org/compilations/modplanet/normal/bonuscd/artists/debi/viva honduras.it	9.99K	compilations/modplanet/normal/bonuscd/artists/debi/viva honduras.it
file music-module	mirrors/scenesp.org/compilations/modplanet/normal/bonuscd/artists/debi/who needs it.it	9.54K	compilations/modplanet/normal/bonuscd/artists/debi/who needs it.it
file music-module	mirrors/scenesp.org/compilations/modplanet/normal/bonuscd/artists/debi/xmas.it	903.53K	compilations/modplanet/normal/bonuscd/artists/debi/xmas.it
file music-module	mirrors/scenesp.org/compilations/modplanet/normal/bonuscd/artists/deepnoise/freenois v2.it	658.58K	compilations/modplanet/normal/bonuscd/artists/deepnoise/freenois v2.it
file music-module	mirrors/scenesp.org/compilations/modplanet/normal/bonuscd/artists/drjacko/General Chaos pt-1.it	95.90K	compilations/modplanet/normal/bonuscd/artists/drjacko/General Chaos pt-1.it
file music-module	mirrors/scenesp.org/compilations/modplanet/normal/bonuscd/artists/drjacko/General Chaos pt-2.it	165.83K	compilations/modplanet/normal/bonuscd/artists/drjacko/General Chaos pt-2.it
file music-module	mirrors/scenesp.org/compilations/modplanet/normal/bonuscd/artists/drjacko/General Chaos pt-3.it	122.74K	compilations/modplanet/normal/bonuscd/artists/drjacko/General Chaos pt-3.it
file music-module	mirrors/scenesp.org/compilations/modplanet/normal/bonuscd/artists/drjacko/General Chaos pt-4.it	210.70K	compilations/modplanet/normal/bonuscd/artists/drjacko/General Chaos pt-4.it
file music-module	mirrors/scenesp.org/compilations/modplanet/normal/bonuscd/artists/drjacko/General Chaos pt-5.it	72.30K	compilations/modplanet/normal/bonuscd/artists/drjacko/General Chaos pt-5.it
file music-module	mirrors/scenesp.org/compilations/modplanet/normal/bonuscd/artists/drjacko/Lobo - Changes.it	845.29K	compilations/modplanet/normal/bonuscd/artists/drjacko/Lobo - Changes.it
file music-module	mirrors/scenesp.org/compilations/modplanet/normal/bonuscd/artists/drjacko/Lobo - Eternity.it	81.29K	compilations/modplanet/normal/bonuscd/artists/drjacko/Lobo - Eternity.it
file music-module	mirrors/scenesp.org/compilations/modplanet/normal/bonuscd/artists/drjacko/Lobo - Kaufman Mind.it	57.81K	compilations/modplanet/normal/bonuscd/artists/drjacko/Lobo - Kaufman Mind.it
file music-module	mirrors/scenesp.org/compilations/modplanet/normal/bonuscd/artists/drjacko/Lobo - Main Menu 2.it	41.73K	compilations/modplanet/normal/bonuscd/artists/drjacko/Lobo - Main Menu 2.it
file music-module	mirrors/scenesp.org/compilations/modplanet/normal/bonuscd/artists/drjacko/Lobo - Main Menu.it	23.62K	compilations/modplanet/normal/bonuscd/artists/drjacko/Lobo - Main Menu.it
file music-module	mirrors/scenesp.org/compilations/modplanet/normal/bonuscd/artists/drjacko/Lobo - Resurrection.it	85.95K	compilations/modplanet/normal/bonuscd/artists/drjacko/Lobo - Resurrection.it
file music-module	mirrors/scenesp.org/compilations/modplanet/normal/bonuscd/artists/drjacko/Lobo&Agu - Sacramento Nights.it	88.87K	compilations/modplanet/normal/bonuscd/artists/drjacko/Lobo&Agu - Sacramento Nights.it
file music-module	mirrors/scenesp.org/compilations/modplanet/normal/bonuscd/artists/finnr/ACHIP.IT	6.51K	compilations/modplanet/normal/bonuscd/artists/finnr/ACHIP.IT
file music-module	mirrors/scenesp.org/compilations/modplanet/normal/bonuscd/artists/finnr/acid rain - mix.it	750.30K	compilations/modplanet/normal/bonuscd/artists/finnr/acid rain - mix.it
file music-module	mirrors/scenesp.org/compilations/modplanet/normal/bonuscd/artists/finnr/acid rain.it	1.38M	compilations/modplanet/normal/bonuscd/artists/finnr/acid rain.it
file music-module	mirrors/scenesp.org/compilations/modplanet/normal/bonuscd/artists/finnr/ants on my mind.it	21.84K	compilations/modplanet/normal/bonuscd/artists/finnr/ants on my mind.it
file music-module	mirrors/scenesp.org/compilations/modplanet/normal/bonuscd/artists/finnr/black bird.it	33.53K	compilations/modplanet/normal/bonuscd/artists/finnr/black bird.it
file music-module	mirrors/scenesp.org/compilations/modplanet/normal/bonuscd/artists/finnr/ChupaBubba.it	408.22K	compilations/modplanet/normal/bonuscd/artists/finnr/ChupaBubba.it
file music-module	mirrors/scenesp.org/compilations/modplanet/normal/bonuscd/artists/finnr/eliminator - 3rd.it	254.82K	compilations/modplanet/normal/bonuscd/artists/finnr/eliminator - 3rd.it
file music-module	mirrors/scenesp.org/compilations/modplanet/normal/bonuscd/artists/finnr/eliminator - hiscore.it	281.64K	compilations/modplanet/normal/bonuscd/artists/finnr/eliminator - hiscore.it
file music-module	mirrors/scenesp.org/compilations/modplanet/normal/bonuscd/artists/finnr/eliminator - main.it	394.99K	compilations/modplanet/normal/bonuscd/artists/finnr/eliminator - main.it
file music-module	mirrors/scenesp.org/compilations/modplanet/normal/bonuscd/artists/finnr/FIN-GEEZ.IT	530.72K	compilations/modplanet/normal/bonuscd/artists/finnr/FIN-GEEZ.IT
file music-module	mirrors/scenesp.org/compilations/modplanet/normal/bonuscd/artists/finnr/fastsine.it	2.99K	compilations/modplanet/normal/bonuscd/artists/finnr/fastsine.it
file music-module	mirrors/scenesp.org/compilations/modplanet/normal/bonuscd/artists/finnr/just jammin.it	571.96K	compilations/modplanet/normal/bonuscd/artists/finnr/just jammin.it
file music-module	mirrors/scenesp.org/compilations/modplanet/normal/bonuscd/artists/finnr/london se4.it	278.79K	compilations/modplanet/normal/bonuscd/artists/finnr/london se4.it
file music-module	mirrors/scenesp.org/compilations/modplanet/normal/bonuscd/artists/finnr/midnight sun.it	152.00K	compilations/modplanet/normal/bonuscd/artists/finnr/midnight sun.it
file music-module	mirrors/scenesp.org/compilations/modplanet/normal/bonuscd/artists/finnr/milk'n'biscuits.it	355.50K	compilations/modplanet/normal/bonuscd/artists/finnr/milk'n'biscuits.it
file music-module	mirrors/scenesp.org/compilations/modplanet/normal/bonuscd/artists/finnr/NOBODY.IT	484.18K	compilations/modplanet/normal/bonuscd/artists/finnr/NOBODY.IT
file music-module	mirrors/scenesp.org/compilations/modplanet/normal/bonuscd/artists/finnr/pronject bcn.it	658.05K	compilations/modplanet/normal/bonuscd/artists/finnr/pronject bcn.it
file music-module	mirrors/scenesp.org/compilations/modplanet/normal/bonuscd/artists/finnr/rainy day.it	1.07M	compilations/modplanet/normal/bonuscd/artists/finnr/rainy day.it
file music-module	mirrors/scenesp.org/compilations/modplanet/normal/bonuscd/artists/finnr/shape of my heart.it	538.67K	compilations/modplanet/normal/bonuscd/artists/finnr/shape of my heart.it
file music-module	mirrors/scenesp.org/compilations/modplanet/normal/bonuscd/artists/finnr/song for maria.it	387.88K	compilations/modplanet/normal/bonuscd/artists/finnr/song for maria.it
file music-module	mirrors/scenesp.org/compilations/modplanet/normal/bonuscd/artists/finnr/the funk experiment.it	652.45K	compilations/modplanet/normal/bonuscd/artists/finnr/the funk experiment.it
file music-module	mirrors/scenesp.org/compilations/modplanet/normal/bonuscd/artists/finnr/X-RATED.IT	0.96M	compilations/modplanet/normal/bonuscd/artists/finnr/X-RATED.IT
file music-module	mirrors/scenesp.org/compilations/modplanet/normal/bonuscd/artists/herotyc/day 6, month 4 1983.it	32.34K	compilations/modplanet/normal/bonuscd/artists/herotyc/day 6, month 4 1983.it
file music-module	mirrors/scenesp.org/compilations/modplanet/normal/bonuscd/artists/herotyc/Herotic-DTHP!.IT	849.84K	compilations/modplanet/normal/bonuscd/artists/herotyc/Herotic-DTHP!.IT
file music-module	mirrors/scenesp.org/compilations/modplanet/normal/bonuscd/artists/herotyc/HR-ATID!.IT	41.44K	compilations/modplanet/normal/bonuscd/artists/herotyc/HR-ATID!.IT
file music-module	mirrors/scenesp.org/compilations/modplanet/normal/bonuscd/artists/herotyc/HR-AZGL!.IT	1.22M	compilations/modplanet/normal/bonuscd/artists/herotyc/HR-AZGL!.IT
file music-module	mirrors/scenesp.org/compilations/modplanet/normal/bonuscd/artists/herotyc/HR-BZDS!.IT	144.38K	compilations/modplanet/normal/bonuscd/artists/herotyc/HR-BZDS!.IT
file music-module	mirrors/scenesp.org/compilations/modplanet/normal/bonuscd/artists/herotyc/HR-MMX1!.IT	13.26K	compilations/modplanet/normal/bonuscd/artists/herotyc/HR-MMX1!.IT
file music-module	mirrors/scenesp.org/compilations/modplanet/normal/bonuscd/artists/herotyc/HR-MMX2!.IT	30.44K	compilations/modplanet/normal/bonuscd/artists/herotyc/HR-MMX2!.IT
file music-module	mirrors/scenesp.org/compilations/modplanet/normal/bonuscd/artists/herotyc/HR-NKOB!.IT	1.33M	compilations/modplanet/normal/bonuscd/artists/herotyc/HR-NKOB!.IT
file music-module	mirrors/scenesp.org/compilations/modplanet/normal/bonuscd/artists/herotyc/HR-RLLC!.IT	31.60K	compilations/modplanet/normal/bonuscd/artists/herotyc/HR-RLLC!.IT
file music-module	mirrors/scenesp.org/compilations/modplanet/normal/bonuscd/artists/herotyc/HR-TFTF!.IT	10.00K	compilations/modplanet/normal/bonuscd/artists/herotyc/HR-TFTF!.IT
file music-module	mirrors/scenesp.org/compilations/modplanet/normal/bonuscd/artists/herotyc/HR-UNSL!.IT	616.09K	compilations/modplanet/normal/bonuscd/artists/herotyc/HR-UNSL!.IT
file music-module	mirrors/scenesp.org/compilations/modplanet/normal/bonuscd/artists/herotyc/hr-wfts!.it	31.98K	compilations/modplanet/normal/bonuscd/artists/herotyc/hr-wfts!.it
file music-module	mirrors/scenesp.org/compilations/modplanet/normal/bonuscd/artists/herotyc/naked girls on ur buttock.it	1.33M	compilations/modplanet/normal/bonuscd/artists/herotyc/naked girls on ur buttock.it
file music-module	mirrors/scenesp.org/compilations/modplanet/normal/bonuscd/artists/herotyc/tiger pumping.it	526.41K	compilations/modplanet/normal/bonuscd/artists/herotyc/tiger pumping.it
file music-module	mirrors/scenesp.org/compilations/modplanet/normal/bonuscd/artists/hysp/chipa-chups.it	9.41K	compilations/modplanet/normal/bonuscd/artists/hysp/chipa-chups.it
file music-module	mirrors/scenesp.org/compilations/modplanet/normal/bonuscd/artists/jcl/sole_jcl_yotb.it	104.02K	compilations/modplanet/normal/bonuscd/artists/jcl/sole_jcl_yotb.it
file music-module	mirrors/scenesp.org/compilations/modplanet/normal/bonuscd/artists/jewoll/FREE.IT	21.49K	compilations/modplanet/normal/bonuscd/artists/jewoll/FREE.IT
file music-module	mirrors/scenesp.org/compilations/modplanet/normal/bonuscd/artists/jewoll/JW_ar -Luar na lubre (Son do ar) Jewoll Version.it	888.39K	compilations/modplanet/normal/bonuscd/artists/jewoll/JW_ar -Luar na lubre (Son do ar) Jewoll Version.it
file music-module	mirrors/scenesp.org/compilations/modplanet/normal/bonuscd/artists/jewoll/JW_CHIP.IT	9.86K	compilations/modplanet/normal/bonuscd/artists/jewoll/JW_CHIP.IT
file music-module	mirrors/scenesp.org/compilations/modplanet/normal/bonuscd/artists/jewoll/JW_dnd - Every humbling has a revenge.it	844.86K	compilations/modplanet/normal/bonuscd/artists/jewoll/JW_dnd - Every humbling has a revenge.it
file music-module	mirrors/scenesp.org/compilations/modplanet/normal/bonuscd/artists/jewoll/JW_dp3 - Durango Invitation 3.it	1.21M	compilations/modplanet/normal/bonuscd/artists/jewoll/JW_dp3 - Durango Invitation 3.it
file music-module	mirrors/scenesp.org/compilations/modplanet/normal/bonuscd/artists/jewoll/JW_fast - Crazy hour.it	128.02K	compilations/modplanet/normal/bonuscd/artists/jewoll/JW_fast - Crazy hour.it
file music-module	mirrors/scenesp.org/compilations/modplanet/normal/bonuscd/artists/jewoll/JW_Girl - Girl of my dreams.it	944.39K	compilations/modplanet/normal/bonuscd/artists/jewoll/JW_Girl - Girl of my dreams.it
file music-module	mirrors/scenesp.org/compilations/modplanet/normal/bonuscd/artists/jewoll/JW_inter - International sound.it	619.82K	compilations/modplanet/normal/bonuscd/artists/jewoll/JW_inter - International sound.it
file music-module	mirrors/scenesp.org/compilations/modplanet/normal/bonuscd/artists/jewoll/JW_kaptah.it	1.12M	compilations/modplanet/normal/bonuscd/artists/jewoll/JW_kaptah.it
file music-module	mirrors/scenesp.org/compilations/modplanet/normal/bonuscd/artists/jewoll/JW_love - Intensity love.it	710.22K	compilations/modplanet/normal/bonuscd/artists/jewoll/JW_love - Intensity love.it
file music-module	mirrors/scenesp.org/compilations/modplanet/normal/bonuscd/artists/jewoll/JW_pain - In the end of times.it	882.91K	compilations/modplanet/normal/bonuscd/artists/jewoll/JW_pain - In the end of times.it
file music-module	mirrors/scenesp.org/compilations/modplanet/normal/bonuscd/artists/jewoll/JW_SURP.IT	588.02K	compilations/modplanet/normal/bonuscd/artists/jewoll/JW_SURP.IT
file music-module	mirrors/scenesp.org/compilations/modplanet/normal/bonuscd/artists/jewoll/JW_with -  Without you.it	1.05M	compilations/modplanet/normal/bonuscd/artists/jewoll/JW_with -  Without you.it
file music-module	mirrors/scenesp.org/compilations/modplanet/normal/bonuscd/artists/jewoll/JW_world - Two worlds battle.it	0.95M	compilations/modplanet/normal/bonuscd/artists/jewoll/JW_world - Two worlds battle.it
file music-module	mirrors/scenesp.org/compilations/modplanet/normal/bonuscd/artists/jewoll/JW_YAKO.IT	734.66K	compilations/modplanet/normal/bonuscd/artists/jewoll/JW_YAKO.IT
file music-module	mirrors/scenesp.org/compilations/modplanet/normal/bonuscd/artists/jewoll/Jw_leah.it	727.86K	compilations/modplanet/normal/bonuscd/artists/jewoll/Jw_leah.it
file music-module	mirrors/scenesp.org/compilations/modplanet/normal/bonuscd/artists/jewoll/Jw_Sky.it	1.45M	compilations/modplanet/normal/bonuscd/artists/jewoll/Jw_Sky.it
file music-module	mirrors/scenesp.org/compilations/modplanet/normal/bonuscd/artists/josss/my dealer is rich.it	1.26M	compilations/modplanet/normal/bonuscd/artists/josss/my dealer is rich.it
file music-module	mirrors/scenesp.org/compilations/modplanet/normal/bonuscd/artists/naif/lqw01000101b.it	315.40K	compilations/modplanet/normal/bonuscd/artists/naif/lqw01000101b.it
file music-module	mirrors/scenesp.org/compilations/modplanet/normal/bonuscd/artists/necrox/DBNC_F^E.IT	9.76K	compilations/modplanet/normal/bonuscd/artists/necrox/DBNC_F^E.IT
file music-module	mirrors/scenesp.org/compilations/modplanet/normal/bonuscd/artists/necrox/DBNC_OMPF.IT	787.18K	compilations/modplanet/normal/bonuscd/artists/necrox/DBNC_OMPF.IT
file music-module	mirrors/scenesp.org/compilations/modplanet/normal/bonuscd/artists/neno/lie down jazzy v.-neno-.it	664.00K	compilations/modplanet/normal/bonuscd/artists/neno/lie down jazzy v.-neno-.it
file music-module	mirrors/scenesp.org/compilations/modplanet/normal/bonuscd/artists/rolemusic/123 otra vez.it	4.78K	compilations/modplanet/normal/bonuscd/artists/rolemusic/123 otra vez.it
file music-module	mirrors/scenesp.org/compilations/modplanet/normal/bonuscd/artists/rolemusic/3 4 5 sing me again.it	9.19K	compilations/modplanet/normal/bonuscd/artists/rolemusic/3 4 5 sing me again.it
file music-module	mirrors/scenesp.org/compilations/modplanet/normal/bonuscd/artists/rolemusic/303 & orchestra.it	501.99K	compilations/modplanet/normal/bonuscd/artists/rolemusic/303 & orchestra.it
file music-module	mirrors/scenesp.org/compilations/modplanet/normal/bonuscd/artists/rolemusic/alpha ii end theme.it	8.84K	compilations/modplanet/normal/bonuscd/artists/rolemusic/alpha ii end theme.it
file music-module	mirrors/scenesp.org/compilations/modplanet/normal/bonuscd/artists/rolemusic/computacion.it	7.72K	compilations/modplanet/normal/bonuscd/artists/rolemusic/computacion.it
file music-module	mirrors/scenesp.org/compilations/modplanet/normal/bonuscd/artists/rolemusic/Dsteele_comes_to_Andalusia.it	7.11K	compilations/modplanet/normal/bonuscd/artists/rolemusic/Dsteele_comes_to_Andalusia.it
file music-module	mirrors/scenesp.org/compilations/modplanet/normal/bonuscd/artists/rolemusic/el chip del racano.it	665B	compilations/modplanet/normal/bonuscd/artists/rolemusic/el chip del racano.it
file music-module	mirrors/scenesp.org/compilations/modplanet/normal/bonuscd/artists/rolemusic/el chip flamenco.it	85.79K	compilations/modplanet/normal/bonuscd/artists/rolemusic/el chip flamenco.it
file music-module	mirrors/scenesp.org/compilations/modplanet/normal/bonuscd/artists/rolemusic/el eco de la guitarra.it	1.40M	compilations/modplanet/normal/bonuscd/artists/rolemusic/el eco de la guitarra.it
file music-module	mirrors/scenesp.org/compilations/modplanet/normal/bonuscd/artists/rolemusic/happy.it	6.75K	compilations/modplanet/normal/bonuscd/artists/rolemusic/happy.it
file music-module	mirrors/scenesp.org/compilations/modplanet/normal/bonuscd/artists/rolemusic/i will have a c128 soon.it	17.16K	compilations/modplanet/normal/bonuscd/artists/rolemusic/i will have a c128 soon.it
file music-module	mirrors/scenesp.org/compilations/modplanet/normal/bonuscd/artists/rolemusic/la guitarra que reza.it	1.19M	compilations/modplanet/normal/bonuscd/artists/rolemusic/la guitarra que reza.it
file music-module	mirrors/scenesp.org/compilations/modplanet/normal/bonuscd/artists/rolemusic/n o n a m e s t a r.it	3.70M	compilations/modplanet/normal/bonuscd/artists/rolemusic/n o n a m e s t a r.it
file music-module	mirrors/scenesp.org/compilations/modplanet/normal/bonuscd/artists/rolemusic/no longer being metrosexual.it	21.15K	compilations/modplanet/normal/bonuscd/artists/rolemusic/no longer being metrosexual.it
file music-module	mirrors/scenesp.org/compilations/modplanet/normal/bonuscd/artists/rolemusic/pokimonkey.it	9.09K	compilations/modplanet/normal/bonuscd/artists/rolemusic/pokimonkey.it
file music-module	mirrors/scenesp.org/compilations/modplanet/normal/bonuscd/artists/rolemusic/R0LE_POK.IT	8.51K	compilations/modplanet/normal/bonuscd/artists/rolemusic/R0LE_POK.IT
file music-module	mirrors/scenesp.org/compilations/modplanet/normal/bonuscd/artists/rolemusic/Rolemusic-Habia_una_vez.it	11.50K	compilations/modplanet/normal/bonuscd/artists/rolemusic/Rolemusic-Habia_una_vez.it
file music-module	mirrors/scenesp.org/compilations/modplanet/normal/bonuscd/artists/rolemusic/Rolemusic-The desert of my dreams(Laxity Cover).it	71.68K	compilations/modplanet/normal/bonuscd/artists/rolemusic/Rolemusic-The desert of my dreams(Laxity Cover).it
file music-module	mirrors/scenesp.org/compilations/modplanet/normal/bonuscd/artists/rolemusic/Rolemusic-The sad tale of a canibal who was vegetarian.it	19.01K	compilations/modplanet/normal/bonuscd/artists/rolemusic/Rolemusic-The sad tale of a canibal who was vegetarian.it
file music-module	mirrors/scenesp.org/compilations/modplanet/normal/bonuscd/artists/rolemusic/r0le-TMAnna and glisando.it	483.47K	compilations/modplanet/normal/bonuscd/artists/rolemusic/r0le-TMAnna and glisando.it
file music-module	mirrors/scenesp.org/compilations/modplanet/normal/bonuscd/artists/rolemusic/r0le_Un_chiptune_para_sentirme_mejor.it	1.60M	compilations/modplanet/normal/bonuscd/artists/rolemusic/r0le_Un_chiptune_para_sentirme_mejor.it
file music-module	mirrors/scenesp.org/compilations/modplanet/normal/bonuscd/artists/rolemusic/recicla y domestica.it	2.40M	compilations/modplanet/normal/bonuscd/artists/rolemusic/recicla y domestica.it
file music-module	mirrors/scenesp.org/compilations/modplanet/normal/bonuscd/artists/rolemusic/tamborilero.it	16.18K	compilations/modplanet/normal/bonuscd/artists/rolemusic/tamborilero.it
file music-module	mirrors/scenesp.org/compilations/modplanet/normal/bonuscd/artists/rolemusic/the oldschool robot.it	1.10M	compilations/modplanet/normal/bonuscd/artists/rolemusic/the oldschool robot.it
file music-module	mirrors/scenesp.org/compilations/modplanet/normal/bonuscd/artists/rolemusic/un chip standard.it	14.80K	compilations/modplanet/normal/bonuscd/artists/rolemusic/un chip standard.it
file music-module	mirrors/scenesp.org/compilations/modplanet/normal/bonuscd/artists/rolemusic/wersten.it	5.57K	compilations/modplanet/normal/bonuscd/artists/rolemusic/wersten.it
file music-module	mirrors/scenesp.org/compilations/modplanet/normal/bonuscd/artists/sergeeo/01 - Estela - La morte.it	284.50K	compilations/modplanet/normal/bonuscd/artists/sergeeo/01 - Estela - La morte.it
file music-module	mirrors/scenesp.org/compilations/modplanet/normal/bonuscd/artists/sergeeo/02 - They're alive - La morte.it	1.71M	compilations/modplanet/normal/bonuscd/artists/sergeeo/02 - They're alive - La morte.it
file music-module	mirrors/scenesp.org/compilations/modplanet/normal/bonuscd/artists/sergeeo/03 - Ending - La morte.it	244.86K	compilations/modplanet/normal/bonuscd/artists/sergeeo/03 - Ending - La morte.it
file music-module	mirrors/scenesp.org/compilations/modplanet/normal/bonuscd/artists/sergeeo/a girl and a sofa.it	6.18K	compilations/modplanet/normal/bonuscd/artists/sergeeo/a girl and a sofa.it
file music-module	mirrors/scenesp.org/compilations/modplanet/normal/bonuscd/artists/sergeeo/alienrace.it	191.12K	compilations/modplanet/normal/bonuscd/artists/sergeeo/alienrace.it
file music-module	mirrors/scenesp.org/compilations/modplanet/normal/bonuscd/artists/sergeeo/arcade game music.it	8.53K	compilations/modplanet/normal/bonuscd/artists/sergeeo/arcade game music.it
file music-module	mirrors/scenesp.org/compilations/modplanet/normal/bonuscd/artists/sergeeo/atzeneta.it	47.09K	compilations/modplanet/normal/bonuscd/artists/sergeeo/atzeneta.it
file music-module	mirrors/scenesp.org/compilations/modplanet/normal/bonuscd/artists/sergeeo/birra chip 02.it	10.95K	compilations/modplanet/normal/bonuscd/artists/sergeeo/birra chip 02.it
file music-module	mirrors/scenesp.org/compilations/modplanet/normal/bonuscd/artists/sergeeo/birra chip 03.it	13.85K	compilations/modplanet/normal/bonuscd/artists/sergeeo/birra chip 03.it
file music-module	mirrors/scenesp.org/compilations/modplanet/normal/bonuscd/artists/sergeeo/birrachip01.it	25.70K	compilations/modplanet/normal/bonuscd/artists/sergeeo/birrachip01.it
file music-module	mirrors/scenesp.org/compilations/modplanet/normal/bonuscd/artists/sergeeo/britney_likes_me.it	395.93K	compilations/modplanet/normal/bonuscd/artists/sergeeo/britney_likes_me.it
file music-module	mirrors/scenesp.org/compilations/modplanet/normal/bonuscd/artists/sergeeo/chip girl ai.it	45.61K	compilations/modplanet/normal/bonuscd/artists/sergeeo/chip girl ai.it
file music-module	mirrors/scenesp.org/compilations/modplanet/normal/bonuscd/artists/sergeeo/country.it	28.55K	compilations/modplanet/normal/bonuscd/artists/sergeeo/country.it
file music-module	mirrors/scenesp.org/compilations/modplanet/normal/bonuscd/artists/sergeeo/doctor keyboard.it	204.36K	compilations/modplanet/normal/bonuscd/artists/sergeeo/doctor keyboard.it
file music-module	mirrors/scenesp.org/compilations/modplanet/normal/bonuscd/artists/sergeeo/dust3.it	36.77K	compilations/modplanet/normal/bonuscd/artists/sergeeo/dust3.it
file music-module	mirrors/scenesp.org/compilations/modplanet/normal/bonuscd/artists/sergeeo/esto apesta.it	964.49K	compilations/modplanet/normal/bonuscd/artists/sergeeo/esto apesta.it
file music-module	mirrors/scenesp.org/compilations/modplanet/normal/bonuscd/artists/sergeeo/josss goes surfing.it	36.88K	compilations/modplanet/normal/bonuscd/artists/sergeeo/josss goes surfing.it
file music-module	mirrors/scenesp.org/compilations/modplanet/normal/bonuscd/artists/sergeeo/kitr-8bit.it	1.33M	compilations/modplanet/normal/bonuscd/artists/sergeeo/kitr-8bit.it
file music-module	mirrors/scenesp.org/compilations/modplanet/normal/bonuscd/artists/sergeeo/neurobehavioral moods.it	29.36K	compilations/modplanet/normal/bonuscd/artists/sergeeo/neurobehavioral moods.it
file music-module	mirrors/scenesp.org/compilations/modplanet/normal/bonuscd/artists/sergeeo/orange mystery.it	64.78K	compilations/modplanet/normal/bonuscd/artists/sergeeo/orange mystery.it
file music-module	mirrors/scenesp.org/compilations/modplanet/normal/bonuscd/artists/sergeeo/polvo s.a.it	30.47K	compilations/modplanet/normal/bonuscd/artists/sergeeo/polvo s.a.it
file music-module	mirrors/scenesp.org/compilations/modplanet/normal/bonuscd/artists/sergeeo/Ser_48.it	34.07K	compilations/modplanet/normal/bonuscd/artists/sergeeo/Ser_48.it
file music-module	mirrors/scenesp.org/compilations/modplanet/normal/bonuscd/artists/sergeeo/screenlight fantasia.it	409.73K	compilations/modplanet/normal/bonuscd/artists/sergeeo/screenlight fantasia.it
file music-module	mirrors/scenesp.org/compilations/modplanet/normal/bonuscd/artists/sergeeo/sergeeo - a nagzy brain.it	624.25K	compilations/modplanet/normal/bonuscd/artists/sergeeo/sergeeo - a nagzy brain.it
file music-module	mirrors/scenesp.org/compilations/modplanet/normal/bonuscd/artists/sergeeo/sergeeo - dot com.it	500.40K	compilations/modplanet/normal/bonuscd/artists/sergeeo/sergeeo - dot com.it
file music-module	mirrors/scenesp.org/compilations/modplanet/normal/bonuscd/artists/sergeeo/sergeeo - i can feel him in the morning.it	6.01M	compilations/modplanet/normal/bonuscd/artists/sergeeo/sergeeo - i can feel him in the morning.it
file music-module	mirrors/scenesp.org/compilations/modplanet/normal/bonuscd/artists/sergeeo/sergeeo - pureryuudo.it	112.99K	compilations/modplanet/normal/bonuscd/artists/sergeeo/sergeeo - pureryuudo.it
file music-module	mirrors/scenesp.org/compilations/modplanet/normal/bonuscd/artists/sergeeo/sergeeo-the_child_i_was_once.it	31.66K	compilations/modplanet/normal/bonuscd/artists/sergeeo/sergeeo-the_child_i_was_once.it
file music-module	mirrors/scenesp.org/compilations/modplanet/normal/bonuscd/artists/sergeeo/srg-mfh.it	1.10M	compilations/modplanet/normal/bonuscd/artists/sergeeo/srg-mfh.it
file music-module	mirrors/scenesp.org/compilations/modplanet/normal/bonuscd/artists/sergeeo/srg-microjazz.it	7.35K	compilations/modplanet/normal/bonuscd/artists/sergeeo/srg-microjazz.it
file music-module	mirrors/scenesp.org/compilations/modplanet/normal/bonuscd/artists/sergeeo/srg-secret.it	30.41K	compilations/modplanet/normal/bonuscd/artists/sergeeo/srg-secret.it
file music-module	mirrors/scenesp.org/compilations/modplanet/normal/bonuscd/artists/sergeeo/srg-tropical.it	163.81K	compilations/modplanet/normal/bonuscd/artists/sergeeo/srg-tropical.it
file music-module	mirrors/scenesp.org/compilations/modplanet/normal/bonuscd/artists/sergeeo/srg-tsodi.it	2.39M	compilations/modplanet/normal/bonuscd/artists/sergeeo/srg-tsodi.it
file music-module	mirrors/scenesp.org/compilations/modplanet/normal/bonuscd/artists/sergeeo/srg-underworld.it	2.24M	compilations/modplanet/normal/bonuscd/artists/sergeeo/srg-underworld.it
file music-module	mirrors/scenesp.org/compilations/modplanet/normal/bonuscd/artists/sergeeo/srg_london.it	9.26K	compilations/modplanet/normal/bonuscd/artists/sergeeo/srg_london.it
file music-module	mirrors/scenesp.org/compilations/modplanet/normal/bonuscd/artists/sergeeo/srg_tgy.it	4.42K	compilations/modplanet/normal/bonuscd/artists/sergeeo/srg_tgy.it
file music-module	mirrors/scenesp.org/compilations/modplanet/normal/bonuscd/artists/sergeeo/the color of your lips.it	415.19K	compilations/modplanet/normal/bonuscd/artists/sergeeo/the color of your lips.it
file music-module	mirrors/scenesp.org/compilations/modplanet/normal/bonuscd/artists/sergeeo/the fourth green button.it	1.16M	compilations/modplanet/normal/bonuscd/artists/sergeeo/the fourth green button.it
file music-module	mirrors/scenesp.org/compilations/modplanet/normal/bonuscd/artists/sergeeo/the secret of donsi island-8bit.it	1.38M	compilations/modplanet/normal/bonuscd/artists/sergeeo/the secret of donsi island-8bit.it
file music-module	mirrors/scenesp.org/compilations/modplanet/normal/bonuscd/artists/sergeeo/the strange case of doctor keyboard.it	204.36K	compilations/modplanet/normal/bonuscd/artists/sergeeo/the strange case of doctor keyboard.it
file music-module	mirrors/scenesp.org/compilations/modplanet/normal/bonuscd/artists/sergeeo/tlotm pink robot.it	229.33K	compilations/modplanet/normal/bonuscd/artists/sergeeo/tlotm pink robot.it
file music-module	mirrors/scenesp.org/compilations/modplanet/normal/bonuscd/artists/sergeeo/tratandome_como_a_una_cosa.it	285.42K	compilations/modplanet/normal/bonuscd/artists/sergeeo/tratandome_como_a_una_cosa.it
file music-module	mirrors/scenesp.org/compilations/modplanet/normal/bonuscd/artists/sergeeo/uncensored childhood.it	260.73K	compilations/modplanet/normal/bonuscd/artists/sergeeo/uncensored childhood.it
file music-module	mirrors/scenesp.org/compilations/modplanet/normal/bonuscd/artists/sergeeo/wanktime.it	27.66K	compilations/modplanet/normal/bonuscd/artists/sergeeo/wanktime.it
file music-module	mirrors/scenesp.org/compilations/modplanet/normal/bonuscd/artists/sergeeo/La Morte EP/01 - Estela - La morte.it	284.50K	compilations/modplanet/normal/bonuscd/artists/sergeeo/La Morte EP/01 - Estela - La morte.it
file music-module	mirrors/scenesp.org/compilations/modplanet/normal/bonuscd/artists/sergeeo/La Morte EP/02 - They're alive - La morte.it	1.71M	compilations/modplanet/normal/bonuscd/artists/sergeeo/La Morte EP/02 - They're alive - La morte.it
file music-module	mirrors/scenesp.org/compilations/modplanet/normal/bonuscd/artists/sergeeo/La Morte EP/03 - Ending - La morte.it	244.86K	compilations/modplanet/normal/bonuscd/artists/sergeeo/La Morte EP/03 - Ending - La morte.it
file music-module	mirrors/scenesp.org/compilations/modplanet/normal/bonuscd/artists/shotgan/Chipchop.it	9.56K	compilations/modplanet/normal/bonuscd/artists/shotgan/Chipchop.it
file music-module	mirrors/scenesp.org/compilations/modplanet/normal/bonuscd/artists/sirk/chichos.it	61.77K	compilations/modplanet/normal/bonuscd/artists/sirk/chichos.it
file music-module	mirrors/scenesp.org/compilations/modplanet/normal/bonuscd/artists/sirk/jump jump jump.it	472.88K	compilations/modplanet/normal/bonuscd/artists/sirk/jump jump jump.it
file music-module	mirrors/scenesp.org/compilations/modplanet/normal/bonuscd/artists/sirk/trance 2 the eternity.it	698.28K	compilations/modplanet/normal/bonuscd/artists/sirk/trance 2 the eternity.it
file music-module	mirrors/scenesp.org/compilations/modplanet/normal/bonuscd/artists/sirk/trance to da limit.it	0.99M	compilations/modplanet/normal/bonuscd/artists/sirk/trance to da limit.it
file music-module	mirrors/scenesp.org/compilations/modplanet/normal/bonuscd/artists/smash/ALA.IT	69.75K	compilations/modplanet/normal/bonuscd/artists/smash/ALA.IT
file music-module	mirrors/scenesp.org/compilations/modplanet/normal/bonuscd/artists/smash/fzn_rulf.it	529.90K	compilations/modplanet/normal/bonuscd/artists/smash/fzn_rulf.it
file music-module	mirrors/scenesp.org/compilations/modplanet/normal/bonuscd/artists/sml/fzn_rulf.it	529.90K	compilations/modplanet/normal/bonuscd/artists/sml/fzn_rulf.it
file music-module	mirrors/scenesp.org/compilations/modplanet/normal/bonuscd/artists/sml/SML_PLAS.IT	309.55K	compilations/modplanet/normal/bonuscd/artists/sml/SML_PLAS.IT
file music-module	mirrors/scenesp.org/compilations/modplanet/normal/bonuscd/artists/sole/fast-sole.it	1.15M	compilations/modplanet/normal/bonuscd/artists/sole/fast-sole.it
file music-module	mirrors/scenesp.org/compilations/modplanet/normal/bonuscd/artists/sole/mysotg.it	2.32M	compilations/modplanet/normal/bonuscd/artists/sole/mysotg.it
file music-module	mirrors/scenesp.org/compilations/modplanet/normal/bonuscd/artists/sole/SOLE_HUE.IT	1.28M	compilations/modplanet/normal/bonuscd/artists/sole/SOLE_HUE.IT
file music-module	mirrors/scenesp.org/compilations/modplanet/normal/bonuscd/artists/sole/SOLE_JD.IT	8.26K	compilations/modplanet/normal/bonuscd/artists/sole/SOLE_JD.IT
file music-module	mirrors/scenesp.org/compilations/modplanet/normal/bonuscd/artists/sole/Sole-tt.it	0.98M	compilations/modplanet/normal/bonuscd/artists/sole/Sole-tt.it
file music-module	mirrors/scenesp.org/compilations/modplanet/normal/bonuscd/artists/sole/Sole_j1l.it	1.27M	compilations/modplanet/normal/bonuscd/artists/sole/Sole_j1l.it
file music-module	mirrors/scenesp.org/compilations/modplanet/normal/bonuscd/artists/sole/s+t_nice.it	9.68K	compilations/modplanet/normal/bonuscd/artists/sole/s+t_nice.it
file music-module	mirrors/scenesp.org/compilations/modplanet/normal/bonuscd/artists/sole/sole - bakalation plus plus.it	2.57M	compilations/modplanet/normal/bonuscd/artists/sole/sole - bakalation plus plus.it
file music-module	mirrors/scenesp.org/compilations/modplanet/normal/bonuscd/artists/sole/sole - fast made 3.it	1.06M	compilations/modplanet/normal/bonuscd/artists/sole/sole - fast made 3.it
file music-module	mirrors/scenesp.org/compilations/modplanet/normal/bonuscd/artists/sole/sole - fast shit.it	313.15K	compilations/modplanet/normal/bonuscd/artists/sole/sole - fast shit.it
file music-module	mirrors/scenesp.org/compilations/modplanet/normal/bonuscd/artists/sole/sole - in my island.it	5.31K	compilations/modplanet/normal/bonuscd/artists/sole/sole - in my island.it
file music-module	mirrors/scenesp.org/compilations/modplanet/normal/bonuscd/artists/sole/sole - massafeina.it	1.22M	compilations/modplanet/normal/bonuscd/artists/sole/sole - massafeina.it
file music-module	mirrors/scenesp.org/compilations/modplanet/normal/bonuscd/artists/sole/sole - vlc091011.it	38.48K	compilations/modplanet/normal/bonuscd/artists/sole/sole - vlc091011.it
file music-module	mirrors/scenesp.org/compilations/modplanet/normal/bonuscd/artists/sole/sole-lna.it	1.03M	compilations/modplanet/normal/bonuscd/artists/sole/sole-lna.it
file music-module	mirrors/scenesp.org/compilations/modplanet/normal/bonuscd/artists/sole/sole-t_a.it	1.26M	compilations/modplanet/normal/bonuscd/artists/sole/sole-t_a.it
file music-module	mirrors/scenesp.org/compilations/modplanet/normal/bonuscd/artists/sole/sole_30s.it	3.97M	compilations/modplanet/normal/bonuscd/artists/sole/sole_30s.it
file music-module	mirrors/scenesp.org/compilations/modplanet/normal/bonuscd/artists/sole/sole_4u.it	573.12K	compilations/modplanet/normal/bonuscd/artists/sole/sole_4u.it
file music-module	mirrors/scenesp.org/compilations/modplanet/normal/bonuscd/artists/sole/sole_6do.it	2.58K	compilations/modplanet/normal/bonuscd/artists/sole/sole_6do.it
file music-module	mirrors/scenesp.org/compilations/modplanet/normal/bonuscd/artists/sole/sole_71g.it	516.32K	compilations/modplanet/normal/bonuscd/artists/sole/sole_71g.it
file music-module	mirrors/scenesp.org/compilations/modplanet/normal/bonuscd/artists/sole/sole_71h.it	595.07K	compilations/modplanet/normal/bonuscd/artists/sole/sole_71h.it
file music-module	mirrors/scenesp.org/compilations/modplanet/normal/bonuscd/artists/sole/sole_aha.it	2.50M	compilations/modplanet/normal/bonuscd/artists/sole/sole_aha.it
file music-module	mirrors/scenesp.org/compilations/modplanet/normal/bonuscd/artists/sole/sole_aidaa.it	414.43K	compilations/modplanet/normal/bonuscd/artists/sole/sole_aidaa.it
file music-module	mirrors/scenesp.org/compilations/modplanet/normal/bonuscd/artists/sole/sole_asf.it	4.32M	compilations/modplanet/normal/bonuscd/artists/sole/sole_asf.it
file music-module	mirrors/scenesp.org/compilations/modplanet/normal/bonuscd/artists/sole/sole_ata.it	5.43M	compilations/modplanet/normal/bonuscd/artists/sole/sole_ata.it
file music-module	mirrors/scenesp.org/compilations/modplanet/normal/bonuscd/artists/sole/sole_Beethoven.it	484.73K	compilations/modplanet/normal/bonuscd/artists/sole/sole_Beethoven.it
file music-module	mirrors/scenesp.org/compilations/modplanet/normal/bonuscd/artists/sole/sole_bat.it	2.29M	compilations/modplanet/normal/bonuscd/artists/sole/sole_bat.it
file music-module	mirrors/scenesp.org/compilations/modplanet/normal/bonuscd/artists/sole/sole_bds2.it	700.55K	compilations/modplanet/normal/bonuscd/artists/sole/sole_bds2.it
file music-module	mirrors/scenesp.org/compilations/modplanet/normal/bonuscd/artists/sole/sole_bee.it	649.34K	compilations/modplanet/normal/bonuscd/artists/sole/sole_bee.it
file music-module	mirrors/scenesp.org/compilations/modplanet/normal/bonuscd/artists/sole/sole_beq.it	2.50M	compilations/modplanet/normal/bonuscd/artists/sole/sole_beq.it
file music-module	mirrors/scenesp.org/compilations/modplanet/normal/bonuscd/artists/sole/sole_bey.it	3.22M	compilations/modplanet/normal/bonuscd/artists/sole/sole_bey.it
file music-module	mirrors/scenesp.org/compilations/modplanet/normal/bonuscd/artists/sole/sole_bm.it	1.66M	compilations/modplanet/normal/bonuscd/artists/sole/sole_bm.it
file music-module	mirrors/scenesp.org/compilations/modplanet/normal/bonuscd/artists/sole/sole_bq2.it	3.46M	compilations/modplanet/normal/bonuscd/artists/sole/sole_bq2.it
file music-module	mirrors/scenesp.org/compilations/modplanet/normal/bonuscd/artists/sole/sole_com.it	10.64K	compilations/modplanet/normal/bonuscd/artists/sole/sole_com.it
file music-module	mirrors/scenesp.org/compilations/modplanet/normal/bonuscd/artists/sole/sole_counter.it	141.86K	compilations/modplanet/normal/bonuscd/artists/sole/sole_counter.it
file music-module	mirrors/scenesp.org/compilations/modplanet/normal/bonuscd/artists/sole/sole_cri.it	52.18K	compilations/modplanet/normal/bonuscd/artists/sole/sole_cri.it
file music-module	mirrors/scenesp.org/compilations/modplanet/normal/bonuscd/artists/sole/sole_div.it	1.69M	compilations/modplanet/normal/bonuscd/artists/sole/sole_div.it
file music-module	mirrors/scenesp.org/compilations/modplanet/normal/bonuscd/artists/sole/sole_elek3.it	2.36M	compilations/modplanet/normal/bonuscd/artists/sole/sole_elek3.it
file music-module	mirrors/scenesp.org/compilations/modplanet/normal/bonuscd/artists/sole/sole_etn.it	0.99M	compilations/modplanet/normal/bonuscd/artists/sole/sole_etn.it
file music-module	mirrors/scenesp.org/compilations/modplanet/normal/bonuscd/artists/sole/sole_exc.it	656.58K	compilations/modplanet/normal/bonuscd/artists/sole/sole_exc.it
file music-module	mirrors/scenesp.org/compilations/modplanet/normal/bonuscd/artists/sole/sole_fm3.it	1.06M	compilations/modplanet/normal/bonuscd/artists/sole/sole_fm3.it
file music-module	mirrors/scenesp.org/compilations/modplanet/normal/bonuscd/artists/sole/sole_fp.it	954.32K	compilations/modplanet/normal/bonuscd/artists/sole/sole_fp.it
file music-module	mirrors/scenesp.org/compilations/modplanet/normal/bonuscd/artists/sole/sole_fun.it	1.30M	compilations/modplanet/normal/bonuscd/artists/sole/sole_fun.it
file music-module	mirrors/scenesp.org/compilations/modplanet/normal/bonuscd/artists/sole/sole_grj.it	621.07K	compilations/modplanet/normal/bonuscd/artists/sole/sole_grj.it
file music-module	mirrors/scenesp.org/compilations/modplanet/normal/bonuscd/artists/sole/sole_gtf.it	7.31K	compilations/modplanet/normal/bonuscd/artists/sole/sole_gtf.it
file music-module	mirrors/scenesp.org/compilations/modplanet/normal/bonuscd/artists/sole/sole_har.it	2.30M	compilations/modplanet/normal/bonuscd/artists/sole/sole_har.it
file music-module	mirrors/scenesp.org/compilations/modplanet/normal/bonuscd/artists/sole/sole_hav.it	906.04K	compilations/modplanet/normal/bonuscd/artists/sole/sole_hav.it
file music-module	mirrors/scenesp.org/compilations/modplanet/normal/bonuscd/artists/sole/sole_hdx.it	1.29M	compilations/modplanet/normal/bonuscd/artists/sole/sole_hdx.it
file music-module	mirrors/scenesp.org/compilations/modplanet/normal/bonuscd/artists/sole/sole_her.it	1.82M	compilations/modplanet/normal/bonuscd/artists/sole/sole_her.it
file music-module	mirrors/scenesp.org/compilations/modplanet/normal/bonuscd/artists/sole/sole_hun.it	4.78K	compilations/modplanet/normal/bonuscd/artists/sole/sole_hun.it
file music-module	mirrors/scenesp.org/compilations/modplanet/normal/bonuscd/artists/sole/sole_hyp.it	2.25M	compilations/modplanet/normal/bonuscd/artists/sole/sole_hyp.it
file music-module	mirrors/scenesp.org/compilations/modplanet/normal/bonuscd/artists/sole/sole_ife.it	2.24M	compilations/modplanet/normal/bonuscd/artists/sole/sole_ife.it
file music-module	mirrors/scenesp.org/compilations/modplanet/normal/bonuscd/artists/sole/sole_iit.it	3.06M	compilations/modplanet/normal/bonuscd/artists/sole/sole_iit.it
file music-module	mirrors/scenesp.org/compilations/modplanet/normal/bonuscd/artists/sole/sole_in3.it	2.73M	compilations/modplanet/normal/bonuscd/artists/sole/sole_in3.it
file music-module	mirrors/scenesp.org/compilations/modplanet/normal/bonuscd/artists/sole/sole_jas.it	3.46M	compilations/modplanet/normal/bonuscd/artists/sole/sole_jas.it
file music-module	mirrors/scenesp.org/compilations/modplanet/normal/bonuscd/artists/sole/sole_jcl_yotb.it	104.02K	compilations/modplanet/normal/bonuscd/artists/sole/sole_jcl_yotb.it
file music-module	mirrors/scenesp.org/compilations/modplanet/normal/bonuscd/artists/sole/sole_lov.it	3.42M	compilations/modplanet/normal/bonuscd/artists/sole/sole_lov.it
file music-module	mirrors/scenesp.org/compilations/modplanet/normal/bonuscd/artists/sole/sole_mas.it	2.07M	compilations/modplanet/normal/bonuscd/artists/sole/sole_mas.it
file music-module	mirrors/scenesp.org/compilations/modplanet/normal/bonuscd/artists/sole/sole_meu.it	442.73K	compilations/modplanet/normal/bonuscd/artists/sole/sole_meu.it
file music-module	mirrors/scenesp.org/compilations/modplanet/normal/bonuscd/artists/sole/sole_min.it	458.02K	compilations/modplanet/normal/bonuscd/artists/sole/sole_min.it
file music-module	mirrors/scenesp.org/compilations/modplanet/normal/bonuscd/artists/sole/sole_mon.it	411.90K	compilations/modplanet/normal/bonuscd/artists/sole/sole_mon.it
file music-module	mirrors/scenesp.org/compilations/modplanet/normal/bonuscd/artists/sole/sole_myt.it	3.02M	compilations/modplanet/normal/bonuscd/artists/sole/sole_myt.it
file music-module	mirrors/scenesp.org/compilations/modplanet/normal/bonuscd/artists/sole/sole_nlr.it	1.30M	compilations/modplanet/normal/bonuscd/artists/sole/sole_nlr.it
file music-module	mirrors/scenesp.org/compilations/modplanet/normal/bonuscd/artists/sole/sole_nrm.it	3.95M	compilations/modplanet/normal/bonuscd/artists/sole/sole_nrm.it
file music-module	mirrors/scenesp.org/compilations/modplanet/normal/bonuscd/artists/sole/sole_ove.it	1.70M	compilations/modplanet/normal/bonuscd/artists/sole/sole_ove.it
file music-module	mirrors/scenesp.org/compilations/modplanet/normal/bonuscd/artists/sole/sole_pikapika.it	17.19K	compilations/modplanet/normal/bonuscd/artists/sole/sole_pikapika.it
file music-module	mirrors/scenesp.org/compilations/modplanet/normal/bonuscd/artists/sole/sole_plu.it	3.15M	compilations/modplanet/normal/bonuscd/artists/sole/sole_plu.it
file music-module	mirrors/scenesp.org/compilations/modplanet/normal/bonuscd/artists/sole/sole_pse.it	576.18K	compilations/modplanet/normal/bonuscd/artists/sole/sole_pse.it
file music-module	mirrors/scenesp.org/compilations/modplanet/normal/bonuscd/artists/sole/sole_pub.it	273.79K	compilations/modplanet/normal/bonuscd/artists/sole/sole_pub.it
file music-module	mirrors/scenesp.org/compilations/modplanet/normal/bonuscd/artists/sole/sole_pun.it	14.06K	compilations/modplanet/normal/bonuscd/artists/sole/sole_pun.it
file music-module	mirrors/scenesp.org/compilations/modplanet/normal/bonuscd/artists/sole/sole_rbl.it	8.69K	compilations/modplanet/normal/bonuscd/artists/sole/sole_rbl.it
file music-module	mirrors/scenesp.org/compilations/modplanet/normal/bonuscd/artists/sole/sole_rmx.it	372.17K	compilations/modplanet/normal/bonuscd/artists/sole/sole_rmx.it
file music-module	mirrors/scenesp.org/compilations/modplanet/normal/bonuscd/artists/sole/sole_rse.it	6.11M	compilations/modplanet/normal/bonuscd/artists/sole/sole_rse.it
file music-module	mirrors/scenesp.org/compilations/modplanet/normal/bonuscd/artists/sole/sole_smp.it	1.97M	compilations/modplanet/normal/bonuscd/artists/sole/sole_smp.it
file music-module	mirrors/scenesp.org/compilations/modplanet/normal/bonuscd/artists/sole/sole_sms.it	517.39K	compilations/modplanet/normal/bonuscd/artists/sole/sole_sms.it
file music-module	mirrors/scenesp.org/compilations/modplanet/normal/bonuscd/artists/sole/sole_spc.it	2.01M	compilations/modplanet/normal/bonuscd/artists/sole/sole_spc.it
file music-module	mirrors/scenesp.org/compilations/modplanet/normal/bonuscd/artists/sole/sole_sta.it	1.95M	compilations/modplanet/normal/bonuscd/artists/sole/sole_sta.it
file music-module	mirrors/scenesp.org/compilations/modplanet/normal/bonuscd/artists/sole/sole_sup.it	374.16K	compilations/modplanet/normal/bonuscd/artists/sole/sole_sup.it
file music-module	mirrors/scenesp.org/compilations/modplanet/normal/bonuscd/artists/sole/sole_tc.it	4.60K	compilations/modplanet/normal/bonuscd/artists/sole/sole_tc.it
file music-module	mirrors/scenesp.org/compilations/modplanet/normal/bonuscd/artists/sole/sole_tea.it	1.24M	compilations/modplanet/normal/bonuscd/artists/sole/sole_tea.it
file music-module	mirrors/scenesp.org/compilations/modplanet/normal/bonuscd/artists/sole/sole_tpr.it	3.61M	compilations/modplanet/normal/bonuscd/artists/sole/sole_tpr.it
file music-module	mirrors/scenesp.org/compilations/modplanet/normal/bonuscd/artists/sole/sole_tra.it	2.41M	compilations/modplanet/normal/bonuscd/artists/sole/sole_tra.it
file music-module	mirrors/scenesp.org/compilations/modplanet/normal/bonuscd/artists/sole/sole_unr.it	697.50K	compilations/modplanet/normal/bonuscd/artists/sole/sole_unr.it
file music-module	mirrors/scenesp.org/compilations/modplanet/normal/bonuscd/artists/sole/sole_vng.it	797.89K	compilations/modplanet/normal/bonuscd/artists/sole/sole_vng.it
file music-module	mirrors/scenesp.org/compilations/modplanet/normal/bonuscd/artists/sole/sole_wit.it	0.96M	compilations/modplanet/normal/bonuscd/artists/sole/sole_wit.it
file music-module	mirrors/scenesp.org/compilations/modplanet/normal/bonuscd/artists/sole/sole_zez.it	402.68K	compilations/modplanet/normal/bonuscd/artists/sole/sole_zez.it
file music-module	mirrors/scenesp.org/compilations/modplanet/normal/bonuscd/artists/sonar/SNR_WIZ.IT	1.30M	compilations/modplanet/normal/bonuscd/artists/sonar/SNR_WIZ.IT
file music-module	mirrors/scenesp.org/compilations/modplanet/normal/bonuscd/artists/trace/22my_style_[rmx].it	1.03M	compilations/modplanet/normal/bonuscd/artists/trace/22my_style_[rmx].it
file music-module	mirrors/scenesp.org/compilations/modplanet/normal/bonuscd/artists/trace/30Rpt10.it	193.96K	compilations/modplanet/normal/bonuscd/artists/trace/30Rpt10.it
file music-module	mirrors/scenesp.org/compilations/modplanet/normal/bonuscd/artists/trace/s+t_nice.it	9.68K	compilations/modplanet/normal/bonuscd/artists/trace/s+t_nice.it
file music-module	mirrors/scenesp.org/compilations/modplanet/normal/bonuscd/artists/trace/T_COMA10.IT	9.22K	compilations/modplanet/normal/bonuscd/artists/trace/T_COMA10.IT
file music-module	mirrors/scenesp.org/compilations/modplanet/normal/bonuscd/artists/trace/T_HHCOR.IT	11.06K	compilations/modplanet/normal/bonuscd/artists/trace/T_HHCOR.IT
file music-module	mirrors/scenesp.org/compilations/modplanet/normal/bonuscd/artists/trace/T_MFEINA.IT	9.39K	compilations/modplanet/normal/bonuscd/artists/trace/T_MFEINA.IT
file music-module	mirrors/scenesp.org/compilations/modplanet/normal/bonuscd/artists/trace/tws_tolemac.it	578.28K	compilations/modplanet/normal/bonuscd/artists/trace/tws_tolemac.it
file music-module	mirrors/scenesp.org/compilations/modplanet/normal/bonuscd/artists/vampinox/VPXCOW.IT	225.75K	compilations/modplanet/normal/bonuscd/artists/vampinox/VPXCOW.IT
file music-module	mirrors/scenesp.org/compilations/modplanet/normal/bonuscd/artists/vampinox/Vpx_CSE.it	9.93K	compilations/modplanet/normal/bonuscd/artists/vampinox/Vpx_CSE.it
file music-module	mirrors/scenesp.org/compilations/modplanet/normal/bonuscd/artists/vampinox/Vpx_FF.it	1.03M	compilations/modplanet/normal/bonuscd/artists/vampinox/Vpx_FF.it
file music-module	mirrors/scenesp.org/compilations/modplanet/normal/bonuscd/artists/vampinox/vpx_recall.it	620.34K	compilations/modplanet/normal/bonuscd/artists/vampinox/vpx_recall.it
file music-module	mirrors/scenesp.org/compilations/modplanet/normal/bonuscd/artists/wizard/a man in the moon.it	746.57K	compilations/modplanet/normal/bonuscd/artists/wizard/a man in the moon.it
file music-module	mirrors/scenesp.org/compilations/modplanet/normal/bonuscd/artists/wizard/brightest diamond.it	1.88M	compilations/modplanet/normal/bonuscd/artists/wizard/brightest diamond.it
file music-module	mirrors/scenesp.org/compilations/modplanet/normal/bonuscd/artists/wizard/dance of the fairies.it	843.59K	compilations/modplanet/normal/bonuscd/artists/wizard/dance of the fairies.it
file music-module	mirrors/scenesp.org/compilations/modplanet/normal/bonuscd/artists/wizard/dark thoughts.it	1.32M	compilations/modplanet/normal/bonuscd/artists/wizard/dark thoughts.it
file music-module	mirrors/scenesp.org/compilations/modplanet/normal/bonuscd/artists/wizard/dp3-fast entry.it	198.11K	compilations/modplanet/normal/bonuscd/artists/wizard/dp3-fast entry.it
file music-module	mirrors/scenesp.org/compilations/modplanet/normal/bonuscd/artists/wizard/flight of an eagle.it	250.36K	compilations/modplanet/normal/bonuscd/artists/wizard/flight of an eagle.it
file music-module	mirrors/scenesp.org/compilations/modplanet/normal/bonuscd/artists/wizard/i feel that freedom.it	2.27M	compilations/modplanet/normal/bonuscd/artists/wizard/i feel that freedom.it
file music-module	mirrors/scenesp.org/compilations/modplanet/normal/bonuscd/artists/wizard/lost angel.it	1.13M	compilations/modplanet/normal/bonuscd/artists/wizard/lost angel.it
file music-module	mirrors/scenesp.org/compilations/modplanet/normal/bonuscd/artists/wizard/midnight music.it	1.05M	compilations/modplanet/normal/bonuscd/artists/wizard/midnight music.it
file music-module	mirrors/scenesp.org/compilations/modplanet/normal/bonuscd/artists/wizard/misterys of life.it	705.24K	compilations/modplanet/normal/bonuscd/artists/wizard/misterys of life.it
file music-module	mirrors/scenesp.org/compilations/modplanet/normal/bonuscd/artists/wizard/pomp a gum.it	944.00K	compilations/modplanet/normal/bonuscd/artists/wizard/pomp a gum.it
file music-module	mirrors/scenesp.org/compilations/modplanet/normal/bonuscd/artists/wizard/SNR_WIZ.IT	1.30M	compilations/modplanet/normal/bonuscd/artists/wizard/SNR_WIZ.IT
file music-module	mirrors/scenesp.org/compilations/modplanet/normal/bonuscd/artists/wizard/smooth ride.it	686.81K	compilations/modplanet/normal/bonuscd/artists/wizard/smooth ride.it
file music-module	mirrors/scenesp.org/compilations/modplanet/normal/bonuscd/artists/wizard/so dark to see the mirror.it	643.99K	compilations/modplanet/normal/bonuscd/artists/wizard/so dark to see the mirror.it
file music-module	mirrors/scenesp.org/compilations/modplanet/normal/bonuscd/artists/wizard/space sat.it	1.33M	compilations/modplanet/normal/bonuscd/artists/wizard/space sat.it
file music-module	mirrors/scenesp.org/compilations/modplanet/normal/bonuscd/artists/wizard/the essence of nightpower.it	921.85K	compilations/modplanet/normal/bonuscd/artists/wizard/the essence of nightpower.it
file music-module	mirrors/scenesp.org/compilations/modplanet/normal/bonuscd/artists/wizard/the seventh laboratory.it	0.98M	compilations/modplanet/normal/bonuscd/artists/wizard/the seventh laboratory.it
file music-module	mirrors/scenesp.org/compilations/modplanet/normal/bonuscd/artists/wizard/trapped in a cage.it	915.54K	compilations/modplanet/normal/bonuscd/artists/wizard/trapped in a cage.it
file music-module	mirrors/scenesp.org/compilations/modplanet/normal/bonuscd/artists/wizard/turn me up.it	1.20M	compilations/modplanet/normal/bonuscd/artists/wizard/turn me up.it
file music-module	mirrors/scenesp.org/compilations/modplanet/normal/bonuscd/artists/wizard/WIZ&TRC_TOLEMAC.IT	579.00K	compilations/modplanet/normal/bonuscd/artists/wizard/WIZ&TRC_TOLEMAC.IT
file music-module	mirrors/scenesp.org/compilations/modplanet/normal/bonuscd/artists/wizard/WIZFAST1.IT	1.15M	compilations/modplanet/normal/bonuscd/artists/wizard/WIZFAST1.IT
file music-module	mirrors/scenesp.org/compilations/modplanet/normal/bonuscd/artists/wizard/WIZ_BCN.IT	0.99M	compilations/modplanet/normal/bonuscd/artists/wizard/WIZ_BCN.IT
file music-module	mirrors/scenesp.org/compilations/modplanet/normal/bonuscd/artists/wizard/WIZ_FMC.IT	1.33M	compilations/modplanet/normal/bonuscd/artists/wizard/WIZ_FMC.IT
file music-module	mirrors/scenesp.org/compilations/modplanet/normal/bonuscd/artists/wizard/Wiz_giuk.it	415.46K	compilations/modplanet/normal/bonuscd/artists/wizard/Wiz_giuk.it
file music-module	mirrors/scenesp.org/compilations/modplanet/normal/bonuscd/artists/wizard/wathing life passing by.it	31.24K	compilations/modplanet/normal/bonuscd/artists/wizard/wathing life passing by.it
file music-module	mirrors/scenesp.org/compilations/modplanet/normal/bonuscd/artists/wizard/wiz_aila.it	7.15K	compilations/modplanet/normal/bonuscd/artists/wizard/wiz_aila.it
file music-module	mirrors/scenesp.org/compilations/modplanet/normal/bonuscd/artists/wizard/wiz_efunk.it	1.26M	compilations/modplanet/normal/bonuscd/artists/wizard/wiz_efunk.it
file music-module	mirrors/scenesp.org/compilations/modplanet/normal/bonuscd/artists/wizard/wiz_h2s.it	42.00K	compilations/modplanet/normal/bonuscd/artists/wizard/wiz_h2s.it
file music-module	mirrors/scenesp.org/compilations/modplanet/normal/bonuscd/artists/wizard/wiz_imp.it	913.51K	compilations/modplanet/normal/bonuscd/artists/wizard/wiz_imp.it
file music-module	mirrors/scenesp.org/compilations/modplanet/normal/bonuscd/artists/wizard/wiz_lyg.it	307.56K	compilations/modplanet/normal/bonuscd/artists/wizard/wiz_lyg.it
file music-module	mirrors/scenesp.org/compilations/modplanet/normal/bonuscd/artists/wizard/wiz_mds.it	1.32M	compilations/modplanet/normal/bonuscd/artists/wizard/wiz_mds.it
file music-module	mirrors/scenesp.org/compilations/modplanet/normal/bonuscd/artists/wizard/wiz_pia2.it	153.87K	compilations/modplanet/normal/bonuscd/artists/wizard/wiz_pia2.it
file music-module	mirrors/scenesp.org/compilations/modplanet/normal/bonuscd/artists/wizard/wiz_pic.it	125.09K	compilations/modplanet/normal/bonuscd/artists/wizard/wiz_pic.it
file music-module	mirrors/scenesp.org/compilations/modplanet/normal/bonuscd/artists/wizard/wiz_sb.it	471.79K	compilations/modplanet/normal/bonuscd/artists/wizard/wiz_sb.it
file music-module	mirrors/scenesp.org/compilations/modplanet/normal/bonuscd/artists/wizard/you wanna battle me.it	1.36M	compilations/modplanet/normal/bonuscd/artists/wizard/you wanna battle me.it
file music-module	mirrors/scenesp.org/compilations/modplanet/normal/bonuscd/artists/wonder/0ST.IT	600.56K	compilations/modplanet/normal/bonuscd/artists/wonder/0ST.IT
file music-module	mirrors/scenesp.org/compilations/modplanet/normal/bonuscd/artists/wonder/elerium core.it	1.35M	compilations/modplanet/normal/bonuscd/artists/wonder/elerium core.it
file music-module	mirrors/scenesp.org/compilations/modplanet/normal/bonuscd/artists/wonder/funkringitis.it	93.98K	compilations/modplanet/normal/bonuscd/artists/wonder/funkringitis.it
file music-module	mirrors/scenesp.org/compilations/modplanet/normal/bonuscd/artists/wonder/ginkanero.it	1.04M	compilations/modplanet/normal/bonuscd/artists/wonder/ginkanero.it
file music-module	mirrors/scenesp.org/compilations/modplanet/normal/bonuscd/artists/wonder/mental corrosion.it	3.46M	compilations/modplanet/normal/bonuscd/artists/wonder/mental corrosion.it
file music-module	mirrors/scenesp.org/compilations/modplanet/normal/bonuscd/artists/wonder/my dealer is rich.it	1.26M	compilations/modplanet/normal/bonuscd/artists/wonder/my dealer is rich.it
file music-module	mirrors/scenesp.org/compilations/modplanet/normal/bonuscd/artists/wonder/pro pizzer.it	227.67K	compilations/modplanet/normal/bonuscd/artists/wonder/pro pizzer.it
file music-module	mirrors/scenesp.org/compilations/modplanet/normal/bonuscd/artists/wonder/rabbit park.it	87.51K	compilations/modplanet/normal/bonuscd/artists/wonder/rabbit park.it
file music-module	mirrors/scenesp.org/compilations/modplanet/normal/bonuscd/artists/wonder/spacy abstractus.it	72.56K	compilations/modplanet/normal/bonuscd/artists/wonder/spacy abstractus.it
file music-module	mirrors/scenesp.org/compilations/modplanet/normal/bonuscd/artists/wonder/tiger pumping.it	526.41K	compilations/modplanet/normal/bonuscd/artists/wonder/tiger pumping.it
file music-module	mirrors/scenesp.org/compilations/modplanet/normal/bonuscd/artists/wonder/vomit.it	607.08K	compilations/modplanet/normal/bonuscd/artists/wonder/vomit.it
file music-module	mirrors/scenesp.org/compilations/modplanet/normal/bonuscd/artists/wonder/WND_FADE.IT	927.68K	compilations/modplanet/normal/bonuscd/artists/wonder/WND_FADE.IT
file music-module	mirrors/scenesp.org/compilations/modplanet/normal/bonuscd/artists/wonder/WND_MFPS.IT	456.08K	compilations/modplanet/normal/bonuscd/artists/wonder/WND_MFPS.IT
file music-module	mirrors/scenesp.org/compilations/modplanet/normal/bonuscd/artists/wonder/Wonder - Arise.it	4.59M	compilations/modplanet/normal/bonuscd/artists/wonder/Wonder - Arise.it
file music-module	mirrors/scenesp.org/compilations/modplanet/normal/bonuscd/artists/wonder/Wonder - Bcn100 invtro.it	211.30K	compilations/modplanet/normal/bonuscd/artists/wonder/Wonder - Bcn100 invtro.it
file music-module	mirrors/scenesp.org/compilations/modplanet/normal/bonuscd/artists/wonder/Wonder - Bloodless love.it	633.14K	compilations/modplanet/normal/bonuscd/artists/wonder/Wonder - Bloodless love.it
file music-module	mirrors/scenesp.org/compilations/modplanet/normal/bonuscd/artists/wonder/Wonder - Chip me la.it	9.52K	compilations/modplanet/normal/bonuscd/artists/wonder/Wonder - Chip me la.it
file music-module	mirrors/scenesp.org/compilations/modplanet/normal/bonuscd/artists/wonder/Wonder - Donsi power.it	135.75K	compilations/modplanet/normal/bonuscd/artists/wonder/Wonder - Donsi power.it
file music-module	mirrors/scenesp.org/compilations/modplanet/normal/bonuscd/artists/wonder/Wonder - Euskal party 11 invitation.it	324.78K	compilations/modplanet/normal/bonuscd/artists/wonder/Wonder - Euskal party 11 invitation.it
file music-module	mirrors/scenesp.org/compilations/modplanet/normal/bonuscd/artists/wonder/Wonder - Frogzilla.it	569.53K	compilations/modplanet/normal/bonuscd/artists/wonder/Wonder - Frogzilla.it
file music-module	mirrors/scenesp.org/compilations/modplanet/normal/bonuscd/artists/wonder/Wonder - Harvester of sorrow (Chipallica).it	49.59K	compilations/modplanet/normal/bonuscd/artists/wonder/Wonder - Harvester of sorrow (Chipallica).it
file music-module	mirrors/scenesp.org/compilations/modplanet/normal/bonuscd/artists/wonder/Wonder - Horace in the space.it	9.87K	compilations/modplanet/normal/bonuscd/artists/wonder/Wonder - Horace in the space.it
file music-module	mirrors/scenesp.org/compilations/modplanet/normal/bonuscd/artists/wonder/Wonder - Lands of eternity.it	917.03K	compilations/modplanet/normal/bonuscd/artists/wonder/Wonder - Lands of eternity.it
file music-module	mirrors/scenesp.org/compilations/modplanet/normal/bonuscd/artists/wonder/Wonder - Newport groove.it	609.66K	compilations/modplanet/normal/bonuscd/artists/wonder/Wonder - Newport groove.it
file music-module	mirrors/scenesp.org/compilations/modplanet/normal/bonuscd/artists/wonder/Wonder - Propizzer.it	228.54K	compilations/modplanet/normal/bonuscd/artists/wonder/Wonder - Propizzer.it
file music-module	mirrors/scenesp.org/compilations/modplanet/normal/bonuscd/artists/wonder/Wonder - Rad demo song.it	545.56K	compilations/modplanet/normal/bonuscd/artists/wonder/Wonder - Rad demo song.it
file music-module	mirrors/scenesp.org/compilations/modplanet/normal/bonuscd/artists/wonder/Wonder - Recycled.it	31.24K	compilations/modplanet/normal/bonuscd/artists/wonder/Wonder - Recycled.it
file music-module	mirrors/scenesp.org/compilations/modplanet/normal/bonuscd/artists/wonder/Wonder - Reggaetonphobia.it	898.67K	compilations/modplanet/normal/bonuscd/artists/wonder/Wonder - Reggaetonphobia.it
file music-module	mirrors/scenesp.org/compilations/modplanet/normal/bonuscd/artists/wonder/Wonder - Rubber burner.it	31.88K	compilations/modplanet/normal/bonuscd/artists/wonder/Wonder - Rubber burner.it
file music-module	mirrors/scenesp.org/compilations/modplanet/normal/bonuscd/artists/wonder/Wonder - Sr87.it	210.87K	compilations/modplanet/normal/bonuscd/artists/wonder/Wonder - Sr87.it
file music-module	mirrors/scenesp.org/compilations/modplanet/normal/bonuscd/artists/wonder/Wonder - Stravaganza vote counter.it	514.65K	compilations/modplanet/normal/bonuscd/artists/wonder/Wonder - Stravaganza vote counter.it
file music-module	mirrors/scenesp.org/compilations/modplanet/normal/bonuscd/artists/wonder/Wonder - Trainbration.it	9.79K	compilations/modplanet/normal/bonuscd/artists/wonder/Wonder - Trainbration.it
file music-module	mirrors/scenesp.org/compilations/modplanet/normal/bonuscd/artists/wonder/Wonder - Want four K.it	6.10K	compilations/modplanet/normal/bonuscd/artists/wonder/Wonder - Want four K.it
file music-module	mirrors/scenesp.org/compilations/modplanet/normal/bonuscd/artists/wonder/Wonder - Welcome home (Chipallica).it	67.38K	compilations/modplanet/normal/bonuscd/artists/wonder/Wonder - Welcome home (Chipallica).it
file music-module	mirrors/scenesp.org/compilations/modplanet/normal/bonuscd/artists/wonder/Wonder - What she never was.it	598.49K	compilations/modplanet/normal/bonuscd/artists/wonder/Wonder - What she never was.it
file music-module	mirrors/scenesp.org/compilations/modplanet/normal/bonuscd/artists/wonder/wnd_blov.it	633.12K	compilations/modplanet/normal/bonuscd/artists/wonder/wnd_blov.it
file music-module	mirrors/scenesp.org/compilations/modplanet/normal/bonuscd/artists/wonder/wnd_chme.it	9.05K	compilations/modplanet/normal/bonuscd/artists/wonder/wnd_chme.it
file music-module	mirrors/scenesp.org/compilations/modplanet/normal/bonuscd/artists/wonder/wnd_npg.it	1.02M	compilations/modplanet/normal/bonuscd/artists/wonder/wnd_npg.it
file music-module	mirrors/scenesp.org/compilations/modplanet/normal/bonuscd/artists/wonder/wnd_tdhm.it	193.16K	compilations/modplanet/normal/bonuscd/artists/wonder/wnd_tdhm.it
file music-module	mirrors/scenesp.org/compilations/modplanet/normal/bonuscd/artists/wonder/wnd_trnb.it	9.78K	compilations/modplanet/normal/bonuscd/artists/wonder/wnd_trnb.it
file music-module	mirrors/scenesp.org/compilations/modplanet/normal/bonuscd/artists/wonder/wnd_vote.it	514.20K	compilations/modplanet/normal/bonuscd/artists/wonder/wnd_vote.it
file music-module	mirrors/scenesp.org/compilations/modplanet/normal/bonuscd/artists/xenon/xenon - Cronica de una vida.it	26.98K	compilations/modplanet/normal/bonuscd/artists/xenon/xenon - Cronica de una vida.it
file music-module	mirrors/scenesp.org/compilations/modplanet/normal/bonuscd/artists/xpinvert/smokerssuiteep track1.it	394.87K	compilations/modplanet/normal/bonuscd/artists/xpinvert/smokerssuiteep track1.it
file music-module	mirrors/scenesp.org/compilations/modplanet/normal/bonuscd/artists/xpinvert/smokerssuiteep track2.it	260.35K	compilations/modplanet/normal/bonuscd/artists/xpinvert/smokerssuiteep track2.it
file music-module	mirrors/scenesp.org/compilations/modplanet/normal/bonuscd/artists/xpinvert/smokerssuiteep track3.it	308.77K	compilations/modplanet/normal/bonuscd/artists/xpinvert/smokerssuiteep track3.it
file music-module	mirrors/scenesp.org/compilations/modplanet/normal/bonuscd/artists/xpinvert/smokerssuiteep track4.it	368.31K	compilations/modplanet/normal/bonuscd/artists/xpinvert/smokerssuiteep track4.it
file music-module	mirrors/scenesp.org/compilations/modplanet/normal/bonuscd/artists/xpinvert/smokerssuiteep track5.it	45.12K	compilations/modplanet/normal/bonuscd/artists/xpinvert/smokerssuiteep track5.it
file music-module	mirrors/scenesp.org/compilations/modplanet/normal/bonuscd/artists/xpinvert/smokerssuiteep track6.it	199.30K	compilations/modplanet/normal/bonuscd/artists/xpinvert/smokerssuiteep track6.it
file music-module	mirrors/scenesp.org/compilations/modplanet/normal/bonuscd/artists/xpinvert/smokerssuiteep track7.it	288.58K	compilations/modplanet/normal/bonuscd/artists/xpinvert/smokerssuiteep track7.it
file music-module	mirrors/scenesp.org/compilations/modplanet/normal/bonuscd/artists/yero/groovy.it	427.21K	compilations/modplanet/normal/bonuscd/artists/yero/groovy.it
file music-module	mirrors/scenesp.org/compilations/modplanet/normal/bonuscd/artists/yero/heaven hymn.it	564.96K	compilations/modplanet/normal/bonuscd/artists/yero/heaven hymn.it
file music-module	mirrors/scenesp.org/compilations/modplanet/normal/bonuscd/artists/yero/into the hell by yero.it	60.20K	compilations/modplanet/normal/bonuscd/artists/yero/into the hell by yero.it
file music-module	mirrors/scenesp.org/compilations/modplanet/normal/bonuscd/artists/yero/josss goes dancing!.it	9.96K	compilations/modplanet/normal/bonuscd/artists/yero/josss goes dancing!.it
file music-module	mirrors/scenesp.org/compilations/modplanet/normal/bonuscd/artists/yero/midnight calmness.it	6.40K	compilations/modplanet/normal/bonuscd/artists/yero/midnight calmness.it
file music-module	mirrors/scenesp.org/compilations/modplanet/normal/bonuscd/artists/yero/running between diamonds 2-trance mix.it	853.34K	compilations/modplanet/normal/bonuscd/artists/yero/running between diamonds 2-trance mix.it
file music-module	mirrors/scenesp.org/compilations/modplanet/normal/bonuscd/artists/yero/sticky.it	3.94K	compilations/modplanet/normal/bonuscd/artists/yero/sticky.it
file music-module	mirrors/scenesp.org/compilations/modplanet/normal/bonuscd/artists/yero/xmastro %231.it	115.77K	compilations/modplanet/normal/bonuscd/artists/yero/xmastro %231.it
file music-module	mirrors/scenesp.org/compilations/modplanet/normal/bonuscd/artists/yero/YRBAKALA.IT	139.59K	compilations/modplanet/normal/bonuscd/artists/yero/YRBAKALA.IT
file music-module	mirrors/scenesp.org/compilations/modplanet/normal/bonuscd/artists/yero/YR_32N.IT	31.64K	compilations/modplanet/normal/bonuscd/artists/yero/YR_32N.IT
file music-module	mirrors/scenesp.org/compilations/modplanet/normal/bonuscd/artists/yero/YR_STICK.IT	3.94K	compilations/modplanet/normal/bonuscd/artists/yero/YR_STICK.IT
file music-module	mirrors/scenesp.org/compilations/modplanet/normal/bonuscd/artists/yero/YR_VAL.IT	521.54K	compilations/modplanet/normal/bonuscd/artists/yero/YR_VAL.IT
file music-module	mirrors/scenesp.org/compilations/modplanet/normal/bonuscd/artists/yero/yr_redstar.it	31.88K	compilations/modplanet/normal/bonuscd/artists/yero/yr_redstar.it
file music-module	mirrors/scenesp.org/compilations/modplanet/normal/bonuscd/artists/yero/yr_smiling.IT	31.20K	compilations/modplanet/normal/bonuscd/artists/yero/yr_smiling.IT
file music-module	mirrors/scenesp.org/compilations/modplanet/normal/bonuscd/demodulate/pc demos/00x00cafe by necrostudios.it	3.46M	compilations/modplanet/normal/bonuscd/demodulate/pc demos/00x00cafe by necrostudios.it
file music-module	mirrors/scenesp.org/compilations/modplanet/normal/bonuscd/demodulate/pc demos/alice iceland by tpm and threepixels.it	575.83K	compilations/modplanet/normal/bonuscd/demodulate/pc demos/alice iceland by tpm and threepixels.it
file music-module	mirrors/scenesp.org/compilations/modplanet/normal/bonuscd/demodulate/pc demos/back home by stravaganza.it	600.62K	compilations/modplanet/normal/bonuscd/demodulate/pc demos/back home by stravaganza.it
file music-module	mirrors/scenesp.org/compilations/modplanet/normal/bonuscd/demodulate/pc demos/bcn11 invdemo by tpm.it	472.72K	compilations/modplanet/normal/bonuscd/demodulate/pc demos/bcn11 invdemo by tpm.it
file music-module	mirrors/scenesp.org/compilations/modplanet/normal/bonuscd/demodulate/pc demos/beq by necrostudios.it	1.39M	compilations/modplanet/normal/bonuscd/demodulate/pc demos/beq by necrostudios.it
file music-module	mirrors/scenesp.org/compilations/modplanet/normal/bonuscd/demodulate/pc demos/broken minds by tlotb.it	1.66M	compilations/modplanet/normal/bonuscd/demodulate/pc demos/broken minds by tlotb.it
file music-module	mirrors/scenesp.org/compilations/modplanet/normal/bonuscd/demodulate/pc demos/cafre by stravaganza.it	193.16K	compilations/modplanet/normal/bonuscd/demodulate/pc demos/cafre by stravaganza.it
file music-module	mirrors/scenesp.org/compilations/modplanet/normal/bonuscd/demodulate/pc demos/code colors by ppg.it	8.25K	compilations/modplanet/normal/bonuscd/demodulate/pc demos/code colors by ppg.it
file music-module	mirrors/scenesp.org/compilations/modplanet/normal/bonuscd/demodulate/pc demos/dfact by hardnull.it	64.65K	compilations/modplanet/normal/bonuscd/demodulate/pc demos/dfact by hardnull.it
file music-module	mirrors/scenesp.org/compilations/modplanet/normal/bonuscd/demodulate/pc demos/durango party 3 invitation by rgba.it	22.72K	compilations/modplanet/normal/bonuscd/demodulate/pc demos/durango party 3 invitation by rgba.it
file music-module	mirrors/scenesp.org/compilations/modplanet/normal/bonuscd/demodulate/pc demos/euskal party 11 invitation by stravaganza.it	324.78K	compilations/modplanet/normal/bonuscd/demodulate/pc demos/euskal party 11 invitation by stravaganza.it
file music-module	mirrors/scenesp.org/compilations/modplanet/normal/bonuscd/demodulate/pc demos/fast made 3 by tlotb.it	1.06M	compilations/modplanet/normal/bonuscd/demodulate/pc demos/fast made 3 by tlotb.it
file music-module	mirrors/scenesp.org/compilations/modplanet/normal/bonuscd/demodulate/pc demos/fast shit by sole.it	313.15K	compilations/modplanet/normal/bonuscd/demodulate/pc demos/fast shit by sole.it
file music-module	mirrors/scenesp.org/compilations/modplanet/normal/bonuscd/demodulate/pc demos/fastmade4 by threebeats.it	567.91K	compilations/modplanet/normal/bonuscd/demodulate/pc demos/fastmade4 by threebeats.it
file music-module	mirrors/scenesp.org/compilations/modplanet/normal/bonuscd/demodulate/pc demos/feliz falsedad by gum.it	903.53K	compilations/modplanet/normal/bonuscd/demodulate/pc demos/feliz falsedad by gum.it
file music-module	mirrors/scenesp.org/compilations/modplanet/normal/bonuscd/demodulate/pc demos/first incursion by efreet.it	595.07K	compilations/modplanet/normal/bonuscd/demodulate/pc demos/first incursion by efreet.it
file music-module	mirrors/scenesp.org/compilations/modplanet/normal/bonuscd/demodulate/pc demos/groove it by concept.it	427.21K	compilations/modplanet/normal/bonuscd/demodulate/pc demos/groove it by concept.it
file music-module	mirrors/scenesp.org/compilations/modplanet/normal/bonuscd/demodulate/pc demos/hallowdemo by synth.it	117.68K	compilations/modplanet/normal/bonuscd/demodulate/pc demos/hallowdemo by synth.it
file music-module	mirrors/scenesp.org/compilations/modplanet/normal/bonuscd/demodulate/pc demos/happynewyearmo 2004 by collapse.it	218.36K	compilations/modplanet/normal/bonuscd/demodulate/pc demos/happynewyearmo 2004 by collapse.it
file music-module	mirrors/scenesp.org/compilations/modplanet/normal/bonuscd/demodulate/pc demos/hard dreamings by tlotb.it	2.30M	compilations/modplanet/normal/bonuscd/demodulate/pc demos/hard dreamings by tlotb.it
file music-module	mirrors/scenesp.org/compilations/modplanet/normal/bonuscd/demodulate/pc demos/ifparty03 invtro by tlotb.it	333.07K	compilations/modplanet/normal/bonuscd/demodulate/pc demos/ifparty03 invtro by tlotb.it
file music-module	mirrors/scenesp.org/compilations/modplanet/normal/bonuscd/demodulate/pc demos/killotrona by ppg.it	1.86M	compilations/modplanet/normal/bonuscd/demodulate/pc demos/killotrona by ppg.it
file music-module	mirrors/scenesp.org/compilations/modplanet/normal/bonuscd/demodulate/pc demos/let yourself go by collapse.it	307.56K	compilations/modplanet/normal/bonuscd/demodulate/pc demos/let yourself go by collapse.it
file music-module	mirrors/scenesp.org/compilations/modplanet/normal/bonuscd/demodulate/pc demos/my style by tlotb.it	1.03M	compilations/modplanet/normal/bonuscd/demodulate/pc demos/my style by tlotb.it
file music-module	mirrors/scenesp.org/compilations/modplanet/normal/bonuscd/demodulate/pc demos/patxagum by gum.it.it	787.10K	compilations/modplanet/normal/bonuscd/demodulate/pc demos/patxagum by gum.it.it
file music-module	mirrors/scenesp.org/compilations/modplanet/normal/bonuscd/demodulate/pc demos/plastic by tlotb.it	309.55K	compilations/modplanet/normal/bonuscd/demodulate/pc demos/plastic by tlotb.it
file music-module	mirrors/scenesp.org/compilations/modplanet/normal/bonuscd/demodulate/pc demos/scene of the girls by powerpuff girls.it	2.31M	compilations/modplanet/normal/bonuscd/demodulate/pc demos/scene of the girls by powerpuff girls.it
file music-module	mirrors/scenesp.org/compilations/modplanet/normal/bonuscd/demodulate/pc demos/wonder has gone mad by wonder.IT	663.20K	compilations/modplanet/normal/bonuscd/demodulate/pc demos/wonder has gone mad by wonder.IT
file music-module	mirrors/scenesp.org/compilations/modplanet/normal/bonuscd/demodulate/pc demos/xmas 2004 by threepixels.IT	225.87K	compilations/modplanet/normal/bonuscd/demodulate/pc demos/xmas 2004 by threepixels.IT
file music-module	mirrors/scenesp.org/compilations/modplanet/normal/bonuscd/demodulate/pc intros/here to stay by collapse.it	42.00K	compilations/modplanet/normal/bonuscd/demodulate/pc intros/here to stay by collapse.it
file music-module	mirrors/scenesp.org/compilations/modplanet/normal/bonuscd/demodulate/pc intros/paradise is coming by rgba.it	125.09K	compilations/modplanet/normal/bonuscd/demodulate/pc intros/paradise is coming by rgba.it
file music-module	mirrors/scenesp.org/compilations/modplanet/normal/bonuscd/demodulate/pc intros/powercube by asynkro.it	52.44K	compilations/modplanet/normal/bonuscd/demodulate/pc intros/powercube by asynkro.it
file music-module	mirrors/scenesp.org/compilations/modplanet/normal/bonuscd/demodulate/pc intros/we have pasta by collapse.it	302.98K	compilations/modplanet/normal/bonuscd/demodulate/pc intros/we have pasta by collapse.it
file music-module	mirrors/scenesp.org/compilations/modplanet/normal/bonuscd/modulez ohc/m1/HOLYWAR.IT	96.52K	compilations/modplanet/normal/bonuscd/modulez ohc/m1/HOLYWAR.IT
file music-module	mirrors/scenesp.org/compilations/modplanet/normal/bonuscd/modulez ohc/m1/PRISA.IT	74.07K	compilations/modplanet/normal/bonuscd/modulez ohc/m1/PRISA.IT
file music-module	mirrors/scenesp.org/compilations/modplanet/normal/bonuscd/modulez ohc/m1/Rulezzz.it	153.88K	compilations/modplanet/normal/bonuscd/modulez ohc/m1/Rulezzz.it
file music-module	mirrors/scenesp.org/compilations/modplanet/normal/bonuscd/modulez ohc/m1/Stones.it	192.40K	compilations/modplanet/normal/bonuscd/modulez ohc/m1/Stones.it
file music-module	mirrors/scenesp.org/compilations/modplanet/normal/bonuscd/modulez ohc/m2/childrensland.it	94.26K	compilations/modplanet/normal/bonuscd/modulez ohc/m2/childrensland.it
file music-module	mirrors/scenesp.org/compilations/modplanet/normal/bonuscd/modulez ohc/m2/compo.it	59.17K	compilations/modplanet/normal/bonuscd/modulez ohc/m2/compo.it
file music-module	mirrors/scenesp.org/compilations/modplanet/normal/bonuscd/modulez ohc/m2/fastcrap.it	25.42K	compilations/modplanet/normal/bonuscd/modulez ohc/m2/fastcrap.it
file music-module	mirrors/scenesp.org/compilations/modplanet/normal/bonuscd/modulez ohc/m2/fuck.it	121.21K	compilations/modplanet/normal/bonuscd/modulez ohc/m2/fuck.it
file music-module	mirrors/scenesp.org/compilations/modplanet/normal/bonuscd/modulez ohc/m2/guao.it	94.87K	compilations/modplanet/normal/bonuscd/modulez ohc/m2/guao.it
file music-module	mirrors/scenesp.org/compilations/modplanet/normal/bonuscd/modulez ohc/m2/joint.it	183.12K	compilations/modplanet/normal/bonuscd/modulez ohc/m2/joint.it
file music-module	mirrors/scenesp.org/compilations/modplanet/normal/bonuscd/modulez ohc/m2/lst.it	115.36K	compilations/modplanet/normal/bonuscd/modulez ohc/m2/lst.it
file music-module	mirrors/scenesp.org/compilations/modplanet/normal/bonuscd/modulez ohc/m2/stars.it	126.24K	compilations/modplanet/normal/bonuscd/modulez ohc/m2/stars.it
file music-module	mirrors/scenesp.org/compilations/modplanet/normal/bonuscd/modulez ohc/m2/VENUS.IT	164.33K	compilations/modplanet/normal/bonuscd/modulez ohc/m2/VENUS.IT
file music-module	mirrors/scenesp.org/compilations/modplanet/normal/bonuscd/modulez ohc/m3/DIYEI.IT	227.71K	compilations/modplanet/normal/bonuscd/modulez ohc/m3/DIYEI.IT
file music-module	mirrors/scenesp.org/compilations/modplanet/normal/bonuscd/modulez ohc/m3/Dreams.it	202.31K	compilations/modplanet/normal/bonuscd/modulez ohc/m3/Dreams.it
file music-module	mirrors/scenesp.org/compilations/modplanet/normal/bonuscd/modulez ohc/m3/darkangel.it	160.61K	compilations/modplanet/normal/bonuscd/modulez ohc/m3/darkangel.it
file music-module	mirrors/scenesp.org/compilations/modplanet/normal/bonuscd/modulez ohc/m3/gaitaidiota.it	181.52K	compilations/modplanet/normal/bonuscd/modulez ohc/m3/gaitaidiota.it
file music-module	mirrors/scenesp.org/compilations/modplanet/normal/bonuscd/modulez ohc/m3/Liberty.it	184.00K	compilations/modplanet/normal/bonuscd/modulez ohc/m3/Liberty.it
file music-module	mirrors/scenesp.org/compilations/modplanet/normal/bonuscd/modulez ohc/m3/modular.it	144.53K	compilations/modplanet/normal/bonuscd/modulez ohc/m3/modular.it
file music-module	mirrors/scenesp.org/compilations/modplanet/normal/bonuscd/modulez ohc/m3/tropical.it	53.34K	compilations/modplanet/normal/bonuscd/modulez ohc/m3/tropical.it
file music-module	mirrors/scenesp.org/compilations/modplanet/normal/bonuscd/modulez ohc/m4/Brainwav.it	156.04K	compilations/modplanet/normal/bonuscd/modulez ohc/m4/Brainwav.it
file music-module	mirrors/scenesp.org/compilations/modplanet/normal/bonuscd/modulez ohc/m4/bqeq.it	423.76K	compilations/modplanet/normal/bonuscd/modulez ohc/m4/bqeq.it
file music-module	mirrors/scenesp.org/compilations/modplanet/normal/bonuscd/modulez ohc/m4/LUCKY13.IT	198.17K	compilations/modplanet/normal/bonuscd/modulez ohc/m4/LUCKY13.IT
file music-module	mirrors/scenesp.org/compilations/modplanet/normal/bonuscd/modulez ohc/m4/NNN.IT	193.20K	compilations/modplanet/normal/bonuscd/modulez ohc/m4/NNN.IT
file music-module	mirrors/scenesp.org/compilations/modplanet/normal/bonuscd/modulez ohc/m4/OASIS.IT	207.90K	compilations/modplanet/normal/bonuscd/modulez ohc/m4/OASIS.IT
file music-module	mirrors/scenesp.org/compilations/modplanet/normal/bonuscd/modulez ohc/m4/TIRED.IT	188.86K	compilations/modplanet/normal/bonuscd/modulez ohc/m4/TIRED.IT
file music-module	mirrors/scenesp.org/compilations/modplanet/normal/bonuscd/modulez ohc/m5/anon1.it	123.01K	compilations/modplanet/normal/bonuscd/modulez ohc/m5/anon1.it
file music-module	mirrors/scenesp.org/compilations/modplanet/normal/bonuscd/modulez ohc/m5/ass.it	96.74K	compilations/modplanet/normal/bonuscd/modulez ohc/m5/ass.it
file music-module	mirrors/scenesp.org/compilations/modplanet/normal/bonuscd/modulez ohc/m5/cbfc.it	139.93K	compilations/modplanet/normal/bonuscd/modulez ohc/m5/cbfc.it
file music-module	mirrors/scenesp.org/compilations/modplanet/normal/bonuscd/modulez ohc/m6/Arctic.it	91.94K	compilations/modplanet/normal/bonuscd/modulez ohc/m6/Arctic.it
file music-module	mirrors/scenesp.org/compilations/modplanet/normal/bonuscd/modulez ohc/m6/Damnfast.it	75.42K	compilations/modplanet/normal/bonuscd/modulez ohc/m6/Damnfast.it
file music-module	mirrors/scenesp.org/compilations/modplanet/normal/bonuscd/modulez ohc/m6/HAPPYTRI.IT	161.66K	compilations/modplanet/normal/bonuscd/modulez ohc/m6/HAPPYTRI.IT
file music-module	mirrors/scenesp.org/compilations/modplanet/normal/bonuscd/modulez ohc/m6/Kapoo.it	99.24K	compilations/modplanet/normal/bonuscd/modulez ohc/m6/Kapoo.it
file music-module	mirrors/scenesp.org/compilations/modplanet/normal/bonuscd/modulez ohc/m6/LOLLYP.IT	108.82K	compilations/modplanet/normal/bonuscd/modulez ohc/m6/LOLLYP.IT
file music-module	mirrors/scenesp.org/compilations/modplanet/normal/bonuscd/modulez ohc/m6/Luckyst.it	122.60K	compilations/modplanet/normal/bonuscd/modulez ohc/m6/Luckyst.it
file music-module	mirrors/scenesp.org/compilations/modplanet/normal/bonuscd/modulez ohc/m6/PROPHET.IT	91.54K	compilations/modplanet/normal/bonuscd/modulez ohc/m6/PROPHET.IT
file music-module	mirrors/scenesp.org/compilations/modplanet/normal/bonuscd/modulez ohc/m6/pretty.it	122.62K	compilations/modplanet/normal/bonuscd/modulez ohc/m6/pretty.it
file music-module	mirrors/scenesp.org/compilations/modplanet/normal/bonuscd/modulez ohc/m7/LOOM.IT	94.52K	compilations/modplanet/normal/bonuscd/modulez ohc/m7/LOOM.IT
file music-module	mirrors/scenesp.org/compilations/modplanet/normal/bonuscd/modulez ohc/m8/123freak.it	143.50K	compilations/modplanet/normal/bonuscd/modulez ohc/m8/123freak.it
file music-module	mirrors/scenesp.org/compilations/modplanet/normal/bonuscd/modulez ohc/m8/bbb.it	97.79K	compilations/modplanet/normal/bonuscd/modulez ohc/m8/bbb.it
file music-module	mirrors/scenesp.org/compilations/modplanet/normal/bonuscd/modulez ohc/m8/CRIPT.IT	161.96K	compilations/modplanet/normal/bonuscd/modulez ohc/m8/CRIPT.IT
file music-module	mirrors/scenesp.org/compilations/modplanet/normal/bonuscd/modulez ohc/m8/Funkringitis.it	181.02K	compilations/modplanet/normal/bonuscd/modulez ohc/m8/Funkringitis.it
file music-module	mirrors/scenesp.org/compilations/modplanet/normal/bonuscd/modulez ohc/m9/celtics.it	84.19K	compilations/modplanet/normal/bonuscd/modulez ohc/m9/celtics.it
file music-module	mirrors/scenesp.org/compilations/modplanet/normal/bonuscd/modulez ohc/m9/devil.it	171.30K	compilations/modplanet/normal/bonuscd/modulez ohc/m9/devil.it
file music-module	mirrors/scenesp.org/compilations/modplanet/normal/bonuscd/modulez ohc/m9/git.it	160.00K	compilations/modplanet/normal/bonuscd/modulez ohc/m9/git.it
file music-module	mirrors/scenesp.org/compilations/modplanet/normal/bonuscd/modulez ohc/m9/labyr.it	160.85K	compilations/modplanet/normal/bonuscd/modulez ohc/m9/labyr.it
file music-module	mirrors/scenesp.org/compilations/modplanet/normal/bonuscd/modulez ohc/m9/pack7.it	75.08K	compilations/modplanet/normal/bonuscd/modulez ohc/m9/pack7.it
file music-module	mirrors/scenesp.org/compilations/modplanet/normal/bonuscd/modulez ohc/m9/stay.it	56.94K	compilations/modplanet/normal/bonuscd/modulez ohc/m9/stay.it
file music-module	mirrors/scenesp.org/compilations/modplanet/normal/bonuscd/modulez ohc/m9/winston.it	127.52K	compilations/modplanet/normal/bonuscd/modulez ohc/m9/winston.it
file music-module	mirrors/scenesp.org/compilations/modplanet/normal/bonuscd/modulez ohc/ma/CALM.IT	153.53K	compilations/modplanet/normal/bonuscd/modulez ohc/ma/CALM.IT
file music-module	mirrors/scenesp.org/compilations/modplanet/normal/bonuscd/modulez ohc/ma/mamamiedo.it	89.29K	compilations/modplanet/normal/bonuscd/modulez ohc/ma/mamamiedo.it
file music-module	mirrors/scenesp.org/compilations/modplanet/normal/bonuscd/modulez ohc/ma/RABBITP.IT	231.83K	compilations/modplanet/normal/bonuscd/modulez ohc/ma/RABBITP.IT
file music-module	mirrors/scenesp.org/compilations/modplanet/normal/bonuscd/modulez ohc/ma/TOWN.IT	281.28K	compilations/modplanet/normal/bonuscd/modulez ohc/ma/TOWN.IT
file music-module	mirrors/scenesp.org/compilations/modplanet/normal/bonuscd/pcmania and future music/ELEK.IT	8.89M	compilations/modplanet/normal/bonuscd/pcmania and future music/ELEK.IT
file music-module	mirrors/scenesp.org/compilations/modplanet/normal/bonuscd/pcmania and future music/nothing.it	1.13M	compilations/modplanet/normal/bonuscd/pcmania and future music/nothing.it
file music-module	mirrors/scenesp.org/compilations/modplanet/normal/bonuscd/pcmania and future music/RELAX.IT	360.28K	compilations/modplanet/normal/bonuscd/pcmania and future music/RELAX.IT
file music-module	mirrors/scenesp.org/compilations/modplanet/normal/bonuscd/pcmania and future music/airnow/AUREAL.it	426.83K	compilations/modplanet/normal/bonuscd/pcmania and future music/airnow/AUREAL.it
file music-module	mirrors/scenesp.org/compilations/modplanet/normal/bonuscd/pcmania and future music/airnow/Sunambus.it	4.12M	compilations/modplanet/normal/bonuscd/pcmania and future music/airnow/Sunambus.it
file music-module	mirrors/scenesp.org/compilations/modplanet/normal/bonuscd/pcmania and future music/airnow/superbass.it	341.67K	compilations/modplanet/normal/bonuscd/pcmania and future music/airnow/superbass.it
file music-module	mirrors/scenesp.org/compilations/modplanet/normal/bonuscd/pcmania and future music/airnow/TNOS.it	790.77K	compilations/modplanet/normal/bonuscd/pcmania and future music/airnow/TNOS.it
file music-module	mirrors/scenesp.org/compilations/modplanet/normal/bonuscd/pcmania and future music/atrack/BMR-AT10.IT	429.58K	compilations/modplanet/normal/bonuscd/pcmania and future music/atrack/BMR-AT10.IT
file music-module	mirrors/scenesp.org/compilations/modplanet/normal/bonuscd/pcmania and future music/bassboost/kxbb045!.it	549.98K	compilations/modplanet/normal/bonuscd/pcmania and future music/bassboost/kxbb045!.it
file music-module	mirrors/scenesp.org/compilations/modplanet/normal/bonuscd/pcmania and future music/bassboost/kxbb046!.it	296.26K	compilations/modplanet/normal/bonuscd/pcmania and future music/bassboost/kxbb046!.it
file music-module	mirrors/scenesp.org/compilations/modplanet/normal/bonuscd/pcmania and future music/bytension/XTCZ.IT	324.07K	compilations/modplanet/normal/bonuscd/pcmania and future music/bytension/XTCZ.IT
file music-module	mirrors/scenesp.org/compilations/modplanet/normal/bonuscd/pcmania and future music/djattack/ATK!_ONE.IT	1.39M	compilations/modplanet/normal/bonuscd/pcmania and future music/djattack/ATK!_ONE.IT
file music-module	mirrors/scenesp.org/compilations/modplanet/normal/bonuscd/pcmania and future music/djattack/rsk-pak!.it	1.50M	compilations/modplanet/normal/bonuscd/pcmania and future music/djattack/rsk-pak!.it
file music-module	mirrors/scenesp.org/compilations/modplanet/normal/bonuscd/pcmania and future music/djjohnny/DJJ-M051.IT	364.60K	compilations/modplanet/normal/bonuscd/pcmania and future music/djjohnny/DJJ-M051.IT
file music-module	mirrors/scenesp.org/compilations/modplanet/normal/bonuscd/pcmania and future music/djjohnny/DJJ-M052.IT	311.27K	compilations/modplanet/normal/bonuscd/pcmania and future music/djjohnny/DJJ-M052.IT
file music-module	mirrors/scenesp.org/compilations/modplanet/normal/bonuscd/pcmania and future music/drdestral/Sf_des06.it	655.46K	compilations/modplanet/normal/bonuscd/pcmania and future music/drdestral/Sf_des06.it
file music-module	mirrors/scenesp.org/compilations/modplanet/normal/bonuscd/pcmania and future music/drdestral/Sf_des14.it	50.53K	compilations/modplanet/normal/bonuscd/pcmania and future music/drdestral/Sf_des14.it
file music-module	mirrors/scenesp.org/compilations/modplanet/normal/bonuscd/pcmania and future music/dtk/DTK_ZERO.IT	576.57K	compilations/modplanet/normal/bonuscd/pcmania and future music/dtk/DTK_ZERO.IT
file music-module	mirrors/scenesp.org/compilations/modplanet/normal/bonuscd/pcmania and future music/firtal/FRTT&T03.IT	385.81K	compilations/modplanet/normal/bonuscd/pcmania and future music/firtal/FRTT&T03.IT
file music-module	mirrors/scenesp.org/compilations/modplanet/normal/bonuscd/pcmania and future music/firtal/FRTT&T05.IT	810.47K	compilations/modplanet/normal/bonuscd/pcmania and future music/firtal/FRTT&T05.IT
file music-module	mirrors/scenesp.org/compilations/modplanet/normal/bonuscd/pcmania and future music/firtal/FRTT&T09.IT	1.81M	compilations/modplanet/normal/bonuscd/pcmania and future music/firtal/FRTT&T09.IT
file music-module	mirrors/scenesp.org/compilations/modplanet/normal/bonuscd/pcmania and future music/firtal/FRTT&T13.IT	731.12K	compilations/modplanet/normal/bonuscd/pcmania and future music/firtal/FRTT&T13.IT
file music-module	mirrors/scenesp.org/compilations/modplanet/normal/bonuscd/pcmania and future music/firtal/Frt-play.it	500.18K	compilations/modplanet/normal/bonuscd/pcmania and future music/firtal/Frt-play.it
file music-module	mirrors/scenesp.org/compilations/modplanet/normal/bonuscd/pcmania and future music/hydrox/a sea in the moon '98.it	2.43M	compilations/modplanet/normal/bonuscd/pcmania and future music/hydrox/a sea in the moon '98.it
file music-module	mirrors/scenesp.org/compilations/modplanet/normal/bonuscd/pcmania and future music/hydrox/dancing.IT	1.35M	compilations/modplanet/normal/bonuscd/pcmania and future music/hydrox/dancing.IT
file music-module	mirrors/scenesp.org/compilations/modplanet/normal/bonuscd/pcmania and future music/hydrox/don't stop.it	1.67M	compilations/modplanet/normal/bonuscd/pcmania and future music/hydrox/don't stop.it
file music-module	mirrors/scenesp.org/compilations/modplanet/normal/bonuscd/pcmania and future music/hydrox/free!.it	508.86K	compilations/modplanet/normal/bonuscd/pcmania and future music/hydrox/free!.it
file music-module	mirrors/scenesp.org/compilations/modplanet/normal/bonuscd/pcmania and future music/hydrox/i wanna fly.it	1.20M	compilations/modplanet/normal/bonuscd/pcmania and future music/hydrox/i wanna fly.it
file music-module	mirrors/scenesp.org/compilations/modplanet/normal/bonuscd/pcmania and future music/hydrox/KXHDX037.IT	1.29M	compilations/modplanet/normal/bonuscd/pcmania and future music/hydrox/KXHDX037.IT
file music-module	mirrors/scenesp.org/compilations/modplanet/normal/bonuscd/pcmania and future music/hydrox/tonight tonight.it	1.91M	compilations/modplanet/normal/bonuscd/pcmania and future music/hydrox/tonight tonight.it
file music-module	mirrors/scenesp.org/compilations/modplanet/normal/bonuscd/pcmania and future music/hydrox/vampire's legends.it	1.29M	compilations/modplanet/normal/bonuscd/pcmania and future music/hydrox/vampire's legends.it
file music-module	mirrors/scenesp.org/compilations/modplanet/normal/bonuscd/pcmania and future music/hydrox/venus.it	2.94M	compilations/modplanet/normal/bonuscd/pcmania and future music/hydrox/venus.it
file music-module	mirrors/scenesp.org/compilations/modplanet/normal/bonuscd/pcmania and future music/iceman/ICE&HDX.IT	711.99K	compilations/modplanet/normal/bonuscd/pcmania and future music/iceman/ICE&HDX.IT
file music-module	mirrors/scenesp.org/compilations/modplanet/normal/bonuscd/pcmania and future music/iceman/ICE_05.IT	1.32M	compilations/modplanet/normal/bonuscd/pcmania and future music/iceman/ICE_05.IT
file music-module	mirrors/scenesp.org/compilations/modplanet/normal/bonuscd/pcmania and future music/iceman/ICE_08.IT	1.27M	compilations/modplanet/normal/bonuscd/pcmania and future music/iceman/ICE_08.IT
file music-module	mirrors/scenesp.org/compilations/modplanet/normal/bonuscd/pcmania and future music/iceman/Ice_09.it	1.14M	compilations/modplanet/normal/bonuscd/pcmania and future music/iceman/Ice_09.it
file music-module	mirrors/scenesp.org/compilations/modplanet/normal/bonuscd/pcmania and future music/jacko/Dttjck02.it	633.67K	compilations/modplanet/normal/bonuscd/pcmania and future music/jacko/Dttjck02.it
file music-module	mirrors/scenesp.org/compilations/modplanet/normal/bonuscd/pcmania and future music/jacko/Dttjcklc.it	458.17K	compilations/modplanet/normal/bonuscd/pcmania and future music/jacko/Dttjcklc.it
file music-module	mirrors/scenesp.org/compilations/modplanet/normal/bonuscd/pcmania and future music/jacko/get a few story.it	633.67K	compilations/modplanet/normal/bonuscd/pcmania and future music/jacko/get a few story.it
file music-module	mirrors/scenesp.org/compilations/modplanet/normal/bonuscd/pcmania and future music/jacko/JCK_CTEM.IT	965.86K	compilations/modplanet/normal/bonuscd/pcmania and future music/jacko/JCK_CTEM.IT
file music-module	mirrors/scenesp.org/compilations/modplanet/normal/bonuscd/pcmania and future music/jacko/JCK_FACE.IT	1.03M	compilations/modplanet/normal/bonuscd/pcmania and future music/jacko/JCK_FACE.IT
file music-module	mirrors/scenesp.org/compilations/modplanet/normal/bonuscd/pcmania and future music/jacko/JCK_FWJK.IT	660.80K	compilations/modplanet/normal/bonuscd/pcmania and future music/jacko/JCK_FWJK.IT
file music-module	mirrors/scenesp.org/compilations/modplanet/normal/bonuscd/pcmania and future music/jacko/JCK_ITAW.IT	513.01K	compilations/modplanet/normal/bonuscd/pcmania and future music/jacko/JCK_ITAW.IT
file music-module	mirrors/scenesp.org/compilations/modplanet/normal/bonuscd/pcmania and future music/jacko/JCK_MDLT.IT	565.07K	compilations/modplanet/normal/bonuscd/pcmania and future music/jacko/JCK_MDLT.IT
file music-module	mirrors/scenesp.org/compilations/modplanet/normal/bonuscd/pcmania and future music/jacko/JCK_TTHB.IT	444.64K	compilations/modplanet/normal/bonuscd/pcmania and future music/jacko/JCK_TTHB.IT
file music-module	mirrors/scenesp.org/compilations/modplanet/normal/bonuscd/pcmania and future music/jacko/JCK_XDHS.IT	797.01K	compilations/modplanet/normal/bonuscd/pcmania and future music/jacko/JCK_XDHS.IT
file music-module	mirrors/scenesp.org/compilations/modplanet/normal/bonuscd/pcmania and future music/jacko/latinos club.it	458.17K	compilations/modplanet/normal/bonuscd/pcmania and future music/jacko/latinos club.it
file music-module	mirrors/scenesp.org/compilations/modplanet/normal/bonuscd/pcmania and future music/K/DURANGO.IT	445.09K	compilations/modplanet/normal/bonuscd/pcmania and future music/K/DURANGO.IT
file music-module	mirrors/scenesp.org/compilations/modplanet/normal/bonuscd/pcmania and future music/K/nocontrol.IT	1.08M	compilations/modplanet/normal/bonuscd/pcmania and future music/K/nocontrol.IT
file music-module	mirrors/scenesp.org/compilations/modplanet/normal/bonuscd/pcmania and future music/linepower/PRODI.IT	1.23M	compilations/modplanet/normal/bonuscd/pcmania and future music/linepower/PRODI.IT
file music-module	mirrors/scenesp.org/compilations/modplanet/normal/bonuscd/pcmania and future music/lsd/Et-lsdbb (1).it	700.14K	compilations/modplanet/normal/bonuscd/pcmania and future music/lsd/Et-lsdbb (1).it
file music-module	mirrors/scenesp.org/compilations/modplanet/normal/bonuscd/pcmania and future music/lsd/MT-LSD03.IT	541.68K	compilations/modplanet/normal/bonuscd/pcmania and future music/lsd/MT-LSD03.IT
file music-module	mirrors/scenesp.org/compilations/modplanet/normal/bonuscd/pcmania and future music/lsd/MT-LSD06.IT	1.32M	compilations/modplanet/normal/bonuscd/pcmania and future music/lsd/MT-LSD06.IT
file music-module	mirrors/scenesp.org/compilations/modplanet/normal/bonuscd/pcmania and future music/lsd/MT-LSD07.IT	444.09K	compilations/modplanet/normal/bonuscd/pcmania and future music/lsd/MT-LSD07.IT
file music-module	mirrors/scenesp.org/compilations/modplanet/normal/bonuscd/pcmania and future music/ocean/PARTY1.IT	832.07K	compilations/modplanet/normal/bonuscd/pcmania and future music/ocean/PARTY1.IT
file music-module	mirrors/scenesp.org/compilations/modplanet/normal/bonuscd/pcmania and future music/osirix/ELEKTRO.IT	156.35K	compilations/modplanet/normal/bonuscd/pcmania and future music/osirix/ELEKTRO.IT
file music-module	mirrors/scenesp.org/compilations/modplanet/normal/bonuscd/pcmania and future music/osirix/NSFOSI12.IT	1.11M	compilations/modplanet/normal/bonuscd/pcmania and future music/osirix/NSFOSI12.IT
file music-module	mirrors/scenesp.org/compilations/modplanet/normal/bonuscd/pcmania and future music/osirix/OSI03IMP.IT	246.98K	compilations/modplanet/normal/bonuscd/pcmania and future music/osirix/OSI03IMP.IT
file music-module	mirrors/scenesp.org/compilations/modplanet/normal/bonuscd/pcmania and future music/rm/KX-RM065.IT	608.91K	compilations/modplanet/normal/bonuscd/pcmania and future music/rm/KX-RM065.IT
file music-module	mirrors/scenesp.org/compilations/modplanet/normal/bonuscd/pcmania and future music/simplydj/active volume.it	683.14K	compilations/modplanet/normal/bonuscd/pcmania and future music/simplydj/active volume.it
file music-module	mirrors/scenesp.org/compilations/modplanet/normal/bonuscd/pcmania and future music/simplydj/broken beats.it	2.03M	compilations/modplanet/normal/bonuscd/pcmania and future music/simplydj/broken beats.it
file music-module	mirrors/scenesp.org/compilations/modplanet/normal/bonuscd/pcmania and future music/simplydj/deep in dance.it	810.11K	compilations/modplanet/normal/bonuscd/pcmania and future music/simplydj/deep in dance.it
file music-module	mirrors/scenesp.org/compilations/modplanet/normal/bonuscd/pcmania and future music/simplydj/feeling dance.it	1.97M	compilations/modplanet/normal/bonuscd/pcmania and future music/simplydj/feeling dance.it
file music-module	mirrors/scenesp.org/compilations/modplanet/normal/bonuscd/pcmania and future music/simplydj/follow me.it	1.40M	compilations/modplanet/normal/bonuscd/pcmania and future music/simplydj/follow me.it
file music-module	mirrors/scenesp.org/compilations/modplanet/normal/bonuscd/pcmania and future music/simplydj/java dance.it	570.30K	compilations/modplanet/normal/bonuscd/pcmania and future music/simplydj/java dance.it
file music-module	mirrors/scenesp.org/compilations/modplanet/normal/bonuscd/pcmania and future music/simplydj/lift u up.it	1.47M	compilations/modplanet/normal/bonuscd/pcmania and future music/simplydj/lift u up.it
file music-module	mirrors/scenesp.org/compilations/modplanet/normal/bonuscd/pcmania and future music/simplydj/love without words.it	1.53M	compilations/modplanet/normal/bonuscd/pcmania and future music/simplydj/love without words.it
file music-module	mirrors/scenesp.org/compilations/modplanet/normal/bonuscd/pcmania and future music/simplydj/moving up.it	1.60M	compilations/modplanet/normal/bonuscd/pcmania and future music/simplydj/moving up.it
file music-module	mirrors/scenesp.org/compilations/modplanet/normal/bonuscd/pcmania and future music/simplydj/rmx dani fiestathereturn.it	1.04M	compilations/modplanet/normal/bonuscd/pcmania and future music/simplydj/rmx dani fiestathereturn.it
file music-module	mirrors/scenesp.org/compilations/modplanet/normal/bonuscd/pcmania and future music/simplydj/sound system attack! mmx.it	1.59M	compilations/modplanet/normal/bonuscd/pcmania and future music/simplydj/sound system attack! mmx.it
file music-module	mirrors/scenesp.org/compilations/modplanet/normal/bonuscd/pcmania and future music/simplydj/take 2 me.it	907.06K	compilations/modplanet/normal/bonuscd/pcmania and future music/simplydj/take 2 me.it
file music-module	mirrors/scenesp.org/compilations/modplanet/normal/bonuscd/pcmania and future music/simplydj/ultimate.it	1.96M	compilations/modplanet/normal/bonuscd/pcmania and future music/simplydj/ultimate.it
file music-module	mirrors/scenesp.org/compilations/modplanet/normal/bonuscd/pcmania and future music/simplydj/up2nogood rmx 190 bpm.it	636.85K	compilations/modplanet/normal/bonuscd/pcmania and future music/simplydj/up2nogood rmx 190 bpm.it
file music-module	mirrors/scenesp.org/compilations/modplanet/normal/bonuscd/pcmania and future music/simplydj/up2nogood rmx.it	618.79K	compilations/modplanet/normal/bonuscd/pcmania and future music/simplydj/up2nogood rmx.it
file music-module	mirrors/scenesp.org/compilations/modplanet/normal/bonuscd/pcmania and future music/simplydj/x-tation.it	1.70M	compilations/modplanet/normal/bonuscd/pcmania and future music/simplydj/x-tation.it
file music-module	mirrors/scenesp.org/compilations/modplanet/normal/bonuscd/pcmania and future music/simplydj/coop-Bass Boost/chrome - simply vs bass -.it	0.96M	compilations/modplanet/normal/bonuscd/pcmania and future music/simplydj/coop-Bass Boost/chrome - simply vs bass -.it
file music-module	mirrors/scenesp.org/compilations/modplanet/normal/bonuscd/pcmania and future music/simplydj/coop-DJ Plexus/2dahouse simply-dj-plexus.it	1.22M	compilations/modplanet/normal/bonuscd/pcmania and future music/simplydj/coop-DJ Plexus/2dahouse simply-dj-plexus.it
file music-module	mirrors/scenesp.org/compilations/modplanet/normal/bonuscd/pcmania and future music/simplydj/coop-DJ Plexus/eliminated question.it	515.97K	compilations/modplanet/normal/bonuscd/pcmania and future music/simplydj/coop-DJ Plexus/eliminated question.it
file music-module	mirrors/scenesp.org/compilations/modplanet/normal/bonuscd/pcmania and future music/simplydj/coop-DJ Plexus/x-tation2000udmvsk7music.it	2.87M	compilations/modplanet/normal/bonuscd/pcmania and future music/simplydj/coop-DJ Plexus/x-tation2000udmvsk7music.it
file music-module	mirrors/scenesp.org/compilations/modplanet/normal/bonuscd/pcmania and future music/simplydj/coop-K-Dubois/dreamrithm simply&kdubois.it	1.77M	compilations/modplanet/normal/bonuscd/pcmania and future music/simplydj/coop-K-Dubois/dreamrithm simply&kdubois.it
file music-module	mirrors/scenesp.org/compilations/modplanet/normal/bonuscd/pcmania and future music/snabisch/celtic dance.it	310.92K	compilations/modplanet/normal/bonuscd/pcmania and future music/snabisch/celtic dance.it
file music-module	mirrors/scenesp.org/compilations/modplanet/normal/bonuscd/pcmania and future music/snabisch/EXTREME.IT	238.74K	compilations/modplanet/normal/bonuscd/pcmania and future music/snabisch/EXTREME.IT
file music-module	mirrors/scenesp.org/compilations/modplanet/normal/bonuscd/pcmania and future music/snabisch/rent a life.it	1.07M	compilations/modplanet/normal/bonuscd/pcmania and future music/snabisch/rent a life.it
file music-module	mirrors/scenesp.org/compilations/modplanet/normal/bonuscd/pcmania and future music/spark/DESTINO.IT	108.42K	compilations/modplanet/normal/bonuscd/pcmania and future music/spark/DESTINO.IT
file music-module	mirrors/scenesp.org/compilations/modplanet/normal/bonuscd/pcmania and future music/spark/MACHAKA1.IT	199.63K	compilations/modplanet/normal/bonuscd/pcmania and future music/spark/MACHAKA1.IT
file music-module	mirrors/scenesp.org/compilations/modplanet/normal/bonuscd/pcmania and future music/spark/Macl.it	117.17K	compilations/modplanet/normal/bonuscd/pcmania and future music/spark/Macl.it
file music-module	mirrors/scenesp.org/compilations/modplanet/normal/bonuscd/pcmania and future music/spark/RAMON.IT	722.79K	compilations/modplanet/normal/bonuscd/pcmania and future music/spark/RAMON.IT
file music-module	mirrors/scenesp.org/compilations/modplanet/normal/bonuscd/pcmania and future music/spark/RITMILLO.IT	35.64K	compilations/modplanet/normal/bonuscd/pcmania and future music/spark/RITMILLO.IT
file music-module	mirrors/scenesp.org/compilations/modplanet/normal/bonuscd/pcmania and future music/spark/RITMO1.IT	27.87K	compilations/modplanet/normal/bonuscd/pcmania and future music/spark/RITMO1.IT
file music-module	mirrors/scenesp.org/compilations/modplanet/normal/bonuscd/pcmania and future music/spark/Saturday.it	111.67K	compilations/modplanet/normal/bonuscd/pcmania and future music/spark/Saturday.it
file music-module	mirrors/scenesp.org/compilations/modplanet/normal/bonuscd/pcmania and future music/zenzuke/Faint.it	358.22K	compilations/modplanet/normal/bonuscd/pcmania and future music/zenzuke/Faint.it
file music-module	mirrors/scenesp.org/compilations/modplanet/normal/bonuscd/pcmania and future music/zenzuke/funky chip.it	8.17K	compilations/modplanet/normal/bonuscd/pcmania and future music/zenzuke/funky chip.it
file music-module	mirrors/scenesp.org/compilations/modplanet/normal/bonuscd/pcmania and future music/zenzuke/Nf-znfnk.it	657.87K	compilations/modplanet/normal/bonuscd/pcmania and future music/zenzuke/Nf-znfnk.it
file music-module	mirrors/scenesp.org/compilations/modplanet/normal/bonuscd/pcmania and future music/zenzuke/NK-Zsb05.it	8.67K	compilations/modplanet/normal/bonuscd/pcmania and future music/zenzuke/NK-Zsb05.it
file music-module	mirrors/scenesp.org/compilations/modplanet/normal/bonuscd/pcmania and future music/zenzuke/NK-zpl04.it	1.41M	compilations/modplanet/normal/bonuscd/pcmania and future music/zenzuke/NK-zpl04.it
file music-module	mirrors/scenesp.org/compilations/modplanet/normal/bonuscd/pcmania and future music/zenzuke/NsF-Zds06.it	1.61M	compilations/modplanet/normal/bonuscd/pcmania and future music/zenzuke/NsF-Zds06.it
file music-module	mirrors/scenesp.org/compilations/modplanet/normal/bonuscd/pcmania and future music/zenzuke/Nsf-Zn07.it	1.89M	compilations/modplanet/normal/bonuscd/pcmania and future music/zenzuke/Nsf-Zn07.it
file music-module	mirrors/scenesp.org/compilations/modplanet/normal/bonuscd/pcmania and future music/zenzuke/not for the faint of heart.it	358.22K	compilations/modplanet/normal/bonuscd/pcmania and future music/zenzuke/not for the faint of heart.it
file music-module	mirrors/scenesp.org/compilations/modplanet/normal/bonuscd/pcmania and future music/zenzuke/small box.it	8.69K	compilations/modplanet/normal/bonuscd/pcmania and future music/zenzuke/small box.it
file music-module	mirrors/scenesp.org/compilations/modplanet/normal/bonuscd/pcmania and future music/zenzuke/wraith.it	33.55K	compilations/modplanet/normal/bonuscd/pcmania and future music/zenzuke/wraith.it
file music-module	mirrors/scenesp.org/compilations/modplanet/normal/cd1/pc artists A-M/acidbeat/AB_DADDY.IT	3.96M	compilations/modplanet/normal/cd1/pc artists A-M/acidbeat/AB_DADDY.IT
file music-module	mirrors/scenesp.org/compilations/modplanet/normal/cd1/pc artists A-M/acidbeat/AB_FRK58.IT	764.83K	compilations/modplanet/normal/cd1/pc artists A-M/acidbeat/AB_FRK58.IT
file music-module	mirrors/scenesp.org/compilations/modplanet/normal/cd1/pc artists A-M/acidbeat/AB_FRTS.IT	3.20M	compilations/modplanet/normal/cd1/pc artists A-M/acidbeat/AB_FRTS.IT
file music-module	mirrors/scenesp.org/compilations/modplanet/normal/cd1/pc artists A-M/acidbeat/AB_FURM.IT	851.17K	compilations/modplanet/normal/cd1/pc artists A-M/acidbeat/AB_FURM.IT
file music-module	mirrors/scenesp.org/compilations/modplanet/normal/cd1/pc artists A-M/acidbeat/AB_HOUSE.IT	1.52M	compilations/modplanet/normal/cd1/pc artists A-M/acidbeat/AB_HOUSE.IT
file music-module	mirrors/scenesp.org/compilations/modplanet/normal/cd1/pc artists A-M/acidbeat/AB_INNU.IT	670.76K	compilations/modplanet/normal/cd1/pc artists A-M/acidbeat/AB_INNU.IT
file music-module	mirrors/scenesp.org/compilations/modplanet/normal/cd1/pc artists A-M/acidbeat/AB_LADYD.IT	1.34M	compilations/modplanet/normal/cd1/pc artists A-M/acidbeat/AB_LADYD.IT
file music-module	mirrors/scenesp.org/compilations/modplanet/normal/cd1/pc artists A-M/acidbeat/Ab_dc15.it	45.45K	compilations/modplanet/normal/cd1/pc artists A-M/acidbeat/Ab_dc15.it
file music-module	mirrors/scenesp.org/compilations/modplanet/normal/cd1/pc artists A-M/acidbeat/Ab_sp00.it	511.20K	compilations/modplanet/normal/cd1/pc artists A-M/acidbeat/Ab_sp00.it
file music-module	mirrors/scenesp.org/compilations/modplanet/normal/cd1/pc artists A-M/acidbeat/Ab_sprag.it	575.83K	compilations/modplanet/normal/cd1/pc artists A-M/acidbeat/Ab_sprag.it
file music-module	mirrors/scenesp.org/compilations/modplanet/normal/cd1/pc artists A-M/acidbeat/ab_night Lights.it	1.30M	compilations/modplanet/normal/cd1/pc artists A-M/acidbeat/ab_night Lights.it
file music-module	mirrors/scenesp.org/compilations/modplanet/normal/cd1/pc artists A-M/acidbeat/cassinet00 hardware destruction wild.it	77.78K	compilations/modplanet/normal/cd1/pc artists A-M/acidbeat/cassinet00 hardware destruction wild.it
file music-module	mirrors/scenesp.org/compilations/modplanet/normal/cd1/pc artists A-M/acidbeat/imm.it	627.27K	compilations/modplanet/normal/cd1/pc artists A-M/acidbeat/imm.it
file music-module	mirrors/scenesp.org/compilations/modplanet/normal/cd1/pc artists A-M/acidbeat/k.it	570.25K	compilations/modplanet/normal/cd1/pc artists A-M/acidbeat/k.it
file music-module	mirrors/scenesp.org/compilations/modplanet/normal/cd1/pc artists A-M/acidbeat/threepixels.it	122.87K	compilations/modplanet/normal/cd1/pc artists A-M/acidbeat/threepixels.it
file music-module	mirrors/scenesp.org/compilations/modplanet/normal/cd1/pc artists A-M/bpm/359dot60.it	719.74K	compilations/modplanet/normal/cd1/pc artists A-M/bpm/359dot60.it
file music-module	mirrors/scenesp.org/compilations/modplanet/normal/cd1/pc artists A-M/bpm/bubble.it	258.10K	compilations/modplanet/normal/cd1/pc artists A-M/bpm/bubble.it
file music-module	mirrors/scenesp.org/compilations/modplanet/normal/cd1/pc artists A-M/bpm/captured.it	423.62K	compilations/modplanet/normal/cd1/pc artists A-M/bpm/captured.it
file music-module	mirrors/scenesp.org/compilations/modplanet/normal/cd1/pc artists A-M/bpm/DCHIPB.IT	23.38K	compilations/modplanet/normal/cd1/pc artists A-M/bpm/DCHIPB.IT
file music-module	mirrors/scenesp.org/compilations/modplanet/normal/cd1/pc artists A-M/bpm/dside.it	939.21K	compilations/modplanet/normal/cd1/pc artists A-M/bpm/dside.it
file music-module	mirrors/scenesp.org/compilations/modplanet/normal/cd1/pc artists A-M/bpm/HOSPI3.IT	200.88K	compilations/modplanet/normal/cd1/pc artists A-M/bpm/HOSPI3.IT
file music-module	mirrors/scenesp.org/compilations/modplanet/normal/cd1/pc artists A-M/bpm/INSANE.IT	486.01K	compilations/modplanet/normal/cd1/pc artists A-M/bpm/INSANE.IT
file music-module	mirrors/scenesp.org/compilations/modplanet/normal/cd1/pc artists A-M/bpm/intro1.it	783.71K	compilations/modplanet/normal/cd1/pc artists A-M/bpm/intro1.it
file music-module	mirrors/scenesp.org/compilations/modplanet/normal/cd1/pc artists A-M/bpm/MOO.IT	1.05M	compilations/modplanet/normal/cd1/pc artists A-M/bpm/MOO.IT
file music-module	mirrors/scenesp.org/compilations/modplanet/normal/cd1/pc artists A-M/bpm/somnis.it	611.47K	compilations/modplanet/normal/cd1/pc artists A-M/bpm/somnis.it
file music-module	mirrors/scenesp.org/compilations/modplanet/normal/cd1/pc artists A-M/bpm/wiew.it	273.09K	compilations/modplanet/normal/cd1/pc artists A-M/bpm/wiew.it
file music-module	mirrors/scenesp.org/compilations/modplanet/normal/cd1/pc artists A-M/cybersound/AGE_T_M.IT	291.11K	compilations/modplanet/normal/cd1/pc artists A-M/cybersound/AGE_T_M.IT
file music-module	mirrors/scenesp.org/compilations/modplanet/normal/cd1/pc artists A-M/deepnoise/CAGANDO2.IT	226.65K	compilations/modplanet/normal/cd1/pc artists A-M/deepnoise/CAGANDO2.IT
file music-module	mirrors/scenesp.org/compilations/modplanet/normal/cd1/pc artists A-M/deepnoise/CHORDS.IT	1.38M	compilations/modplanet/normal/cd1/pc artists A-M/deepnoise/CHORDS.IT
file music-module	mirrors/scenesp.org/compilations/modplanet/normal/cd1/pc artists A-M/deepnoise/DONE4U.IT	301.36K	compilations/modplanet/normal/cd1/pc artists A-M/deepnoise/DONE4U.IT
file music-module	mirrors/scenesp.org/compilations/modplanet/normal/cd1/pc artists A-M/deepnoise/ENTER.IT	600.15K	compilations/modplanet/normal/cd1/pc artists A-M/deepnoise/ENTER.IT
file music-module	mirrors/scenesp.org/compilations/modplanet/normal/cd1/pc artists A-M/deepnoise/ep7inv.it	263.17K	compilations/modplanet/normal/cd1/pc artists A-M/deepnoise/ep7inv.it
file music-module	mirrors/scenesp.org/compilations/modplanet/normal/cd1/pc artists A-M/deepnoise/FREENOIS.IT	309.29K	compilations/modplanet/normal/cd1/pc artists A-M/deepnoise/FREENOIS.IT
file music-module	mirrors/scenesp.org/compilations/modplanet/normal/cd1/pc artists A-M/deepnoise/MYSAX.IT	868.17K	compilations/modplanet/normal/cd1/pc artists A-M/deepnoise/MYSAX.IT
file music-module	mirrors/scenesp.org/compilations/modplanet/normal/cd1/pc artists A-M/deepnoise/NNNNNN2.IT	543.85K	compilations/modplanet/normal/cd1/pc artists A-M/deepnoise/NNNNNN2.IT
file music-module	mirrors/scenesp.org/compilations/modplanet/normal/cd1/pc artists A-M/deepnoise/RAPIDO.IT	393.07K	compilations/modplanet/normal/cd1/pc artists A-M/deepnoise/RAPIDO.IT
file music-module	mirrors/scenesp.org/compilations/modplanet/normal/cd1/pc artists A-M/deepnoise/RARE2.IT	42.15K	compilations/modplanet/normal/cd1/pc artists A-M/deepnoise/RARE2.IT
file music-module	mirrors/scenesp.org/compilations/modplanet/normal/cd1/pc artists A-M/deepnoise/STORM.IT	4.17M	compilations/modplanet/normal/cd1/pc artists A-M/deepnoise/STORM.IT
file music-module	mirrors/scenesp.org/compilations/modplanet/normal/cd1/pc artists A-M/deepnoise/STORMDEM.IT	589.35K	compilations/modplanet/normal/cd1/pc artists A-M/deepnoise/STORMDEM.IT
file music-module	mirrors/scenesp.org/compilations/modplanet/normal/cd1/pc artists A-M/deepnoise/SYNTH.IT	543.17K	compilations/modplanet/normal/cd1/pc artists A-M/deepnoise/SYNTH.IT
file music-module	mirrors/scenesp.org/compilations/modplanet/normal/cd1/pc artists A-M/deepnoise/sax.it	154.49K	compilations/modplanet/normal/cd1/pc artists A-M/deepnoise/sax.it
file music-module	mirrors/scenesp.org/compilations/modplanet/normal/cd1/pc artists A-M/deepnoise/sunburn.it	252.82K	compilations/modplanet/normal/cd1/pc artists A-M/deepnoise/sunburn.it
file music-module	mirrors/scenesp.org/compilations/modplanet/normal/cd1/pc artists A-M/deepnoise/WILDSPI1.IT	720.59K	compilations/modplanet/normal/cd1/pc artists A-M/deepnoise/WILDSPI1.IT
file music-module	mirrors/scenesp.org/compilations/modplanet/normal/cd1/pc artists A-M/deepnoise/XMAS.IT	11.22K	compilations/modplanet/normal/cd1/pc artists A-M/deepnoise/XMAS.IT
file music-module	mirrors/scenesp.org/compilations/modplanet/normal/cd1/pc artists A-M/deepnoise/YEPA2.IT	191.89K	compilations/modplanet/normal/cd1/pc artists A-M/deepnoise/YEPA2.IT
file music-module	mirrors/scenesp.org/compilations/modplanet/normal/cd1/pc artists A-M/dvd/60M.IT	4.05M	compilations/modplanet/normal/cd1/pc artists A-M/dvd/60M.IT
file music-module	mirrors/scenesp.org/compilations/modplanet/normal/cd1/pc artists A-M/dvd/AF.IT	1.42M	compilations/modplanet/normal/cd1/pc artists A-M/dvd/AF.IT
file music-module	mirrors/scenesp.org/compilations/modplanet/normal/cd1/pc artists A-M/dvd/DSK_FUNK.IT	1.44M	compilations/modplanet/normal/cd1/pc artists A-M/dvd/DSK_FUNK.IT
file music-module	mirrors/scenesp.org/compilations/modplanet/normal/cd1/pc artists A-M/dvd/DUMMIES.IT	721.23K	compilations/modplanet/normal/cd1/pc artists A-M/dvd/DUMMIES.IT
file music-module	mirrors/scenesp.org/compilations/modplanet/normal/cd1/pc artists A-M/dvd/FINE.IT	1.20M	compilations/modplanet/normal/cd1/pc artists A-M/dvd/FINE.IT
file music-module	mirrors/scenesp.org/compilations/modplanet/normal/cd1/pc artists A-M/dvd/FREKBIT.IT	0.99M	compilations/modplanet/normal/cd1/pc artists A-M/dvd/FREKBIT.IT
file music-module	mirrors/scenesp.org/compilations/modplanet/normal/cd1/pc artists A-M/dvd/LUP4MI.IT	393.62K	compilations/modplanet/normal/cd1/pc artists A-M/dvd/LUP4MI.IT
file music-module	mirrors/scenesp.org/compilations/modplanet/normal/cd1/pc artists A-M/dvd/MYSTYLE.IT	1.03M	compilations/modplanet/normal/cd1/pc artists A-M/dvd/MYSTYLE.IT
file music-module	mirrors/scenesp.org/compilations/modplanet/normal/cd1/pc artists A-M/dvd/PRINCIPE.IT	1.12M	compilations/modplanet/normal/cd1/pc artists A-M/dvd/PRINCIPE.IT
file music-module	mirrors/scenesp.org/compilations/modplanet/normal/cd1/pc artists A-M/dvd/SPICE.IT	1.48M	compilations/modplanet/normal/cd1/pc artists A-M/dvd/SPICE.IT
file music-module	mirrors/scenesp.org/compilations/modplanet/normal/cd1/pc artists A-M/finnr/Acidrain.it	753.61K	compilations/modplanet/normal/cd1/pc artists A-M/finnr/Acidrain.it
file music-module	mirrors/scenesp.org/compilations/modplanet/normal/cd1/pc artists A-M/finnr/another.it	248.16K	compilations/modplanet/normal/cd1/pc artists A-M/finnr/another.it
file music-module	mirrors/scenesp.org/compilations/modplanet/normal/cd1/pc artists A-M/finnr/art.it	188.48K	compilations/modplanet/normal/cd1/pc artists A-M/finnr/art.it
file music-module	mirrors/scenesp.org/compilations/modplanet/normal/cd1/pc artists A-M/finnr/artosine.it	11.97K	compilations/modplanet/normal/cd1/pc artists A-M/finnr/artosine.it
file music-module	mirrors/scenesp.org/compilations/modplanet/normal/cd1/pc artists A-M/finnr/autumnal.it	319.18K	compilations/modplanet/normal/cd1/pc artists A-M/finnr/autumnal.it
file music-module	mirrors/scenesp.org/compilations/modplanet/normal/cd1/pc artists A-M/finnr/BLUEWAVE.IT	242.50K	compilations/modplanet/normal/cd1/pc artists A-M/finnr/BLUEWAVE.IT
file music-module	mirrors/scenesp.org/compilations/modplanet/normal/cd1/pc artists A-M/finnr/corner.it	9.47K	compilations/modplanet/normal/cd1/pc artists A-M/finnr/corner.it
file music-module	mirrors/scenesp.org/compilations/modplanet/normal/cd1/pc artists A-M/finnr/DELTA_HI.IT	45.67K	compilations/modplanet/normal/cd1/pc artists A-M/finnr/DELTA_HI.IT
file music-module	mirrors/scenesp.org/compilations/modplanet/normal/cd1/pc artists A-M/finnr/DRIVE.IT	623.40K	compilations/modplanet/normal/cd1/pc artists A-M/finnr/DRIVE.IT
file music-module	mirrors/scenesp.org/compilations/modplanet/normal/cd1/pc artists A-M/finnr/Dsp_fr24.it	527.95K	compilations/modplanet/normal/cd1/pc artists A-M/finnr/Dsp_fr24.it
file music-module	mirrors/scenesp.org/compilations/modplanet/normal/cd1/pc artists A-M/finnr/Dsp_fr25.it	1.23M	compilations/modplanet/normal/cd1/pc artists A-M/finnr/Dsp_fr25.it
file music-module	mirrors/scenesp.org/compilations/modplanet/normal/cd1/pc artists A-M/finnr/Dsp_fr32.it	551.64K	compilations/modplanet/normal/cd1/pc artists A-M/finnr/Dsp_fr32.it
file music-module	mirrors/scenesp.org/compilations/modplanet/normal/cd1/pc artists A-M/finnr/Dsp_fr39.it	515.66K	compilations/modplanet/normal/cd1/pc artists A-M/finnr/Dsp_fr39.it
file music-module	mirrors/scenesp.org/compilations/modplanet/normal/cd1/pc artists A-M/finnr/elim.it	565.51K	compilations/modplanet/normal/cd1/pc artists A-M/finnr/elim.it
file music-module	mirrors/scenesp.org/compilations/modplanet/normal/cd1/pc artists A-M/finnr/elim2.it	407.59K	compilations/modplanet/normal/cd1/pc artists A-M/finnr/elim2.it
file music-module	mirrors/scenesp.org/compilations/modplanet/normal/cd1/pc artists A-M/finnr/elim3.it	367.73K	compilations/modplanet/normal/cd1/pc artists A-M/finnr/elim3.it
file music-module	mirrors/scenesp.org/compilations/modplanet/normal/cd1/pc artists A-M/finnr/FIN-NOVO.IT	306.84K	compilations/modplanet/normal/cd1/pc artists A-M/finnr/FIN-NOVO.IT
file music-module	mirrors/scenesp.org/compilations/modplanet/normal/cd1/pc artists A-M/finnr/FIN-POP3.IT	413.72K	compilations/modplanet/normal/cd1/pc artists A-M/finnr/FIN-POP3.IT
file music-module	mirrors/scenesp.org/compilations/modplanet/normal/cd1/pc artists A-M/finnr/FIN-POP4.IT	116.73K	compilations/modplanet/normal/cd1/pc artists A-M/finnr/FIN-POP4.IT
file music-module	mirrors/scenesp.org/compilations/modplanet/normal/cd1/pc artists A-M/finnr/FIN-POP5.IT	3.97K	compilations/modplanet/normal/cd1/pc artists A-M/finnr/FIN-POP5.IT
file music-module	mirrors/scenesp.org/compilations/modplanet/normal/cd1/pc artists A-M/finnr/FIN_MILK.IT	371.84K	compilations/modplanet/normal/cd1/pc artists A-M/finnr/FIN_MILK.IT
file music-module	mirrors/scenesp.org/compilations/modplanet/normal/cd1/pc artists A-M/finnr/Fin_song.it	789.94K	compilations/modplanet/normal/cd1/pc artists A-M/finnr/Fin_song.it
file music-module	mirrors/scenesp.org/compilations/modplanet/normal/cd1/pc artists A-M/finnr/Fin_why.it	588.67K	compilations/modplanet/normal/cd1/pc artists A-M/finnr/Fin_why.it
file music-module	mirrors/scenesp.org/compilations/modplanet/normal/cd1/pc artists A-M/finnr/FUNK_EXP.IT	287.27K	compilations/modplanet/normal/cd1/pc artists A-M/finnr/FUNK_EXP.IT
file music-module	mirrors/scenesp.org/compilations/modplanet/normal/cd1/pc artists A-M/finnr/FUTURE.IT	423.72K	compilations/modplanet/normal/cd1/pc artists A-M/finnr/FUTURE.IT
file music-module	mirrors/scenesp.org/compilations/modplanet/normal/cd1/pc artists A-M/finnr/fin-amoq.it	35.24K	compilations/modplanet/normal/cd1/pc artists A-M/finnr/fin-amoq.it
file music-module	mirrors/scenesp.org/compilations/modplanet/normal/cd1/pc artists A-M/finnr/fin-bird.it	33.51K	compilations/modplanet/normal/cd1/pc artists A-M/finnr/fin-bird.it
file music-module	mirrors/scenesp.org/compilations/modplanet/normal/cd1/pc artists A-M/finnr/fin-cens.it	17.32K	compilations/modplanet/normal/cd1/pc artists A-M/finnr/fin-cens.it
file music-module	mirrors/scenesp.org/compilations/modplanet/normal/cd1/pc artists A-M/finnr/fin-ree.it	209.52K	compilations/modplanet/normal/cd1/pc artists A-M/finnr/fin-ree.it
file music-module	mirrors/scenesp.org/compilations/modplanet/normal/cd1/pc artists A-M/finnr/fin-roul.it	329.03K	compilations/modplanet/normal/cd1/pc artists A-M/finnr/fin-roul.it
file music-module	mirrors/scenesp.org/compilations/modplanet/normal/cd1/pc artists A-M/finnr/fin-shor.it	527.68K	compilations/modplanet/normal/cd1/pc artists A-M/finnr/fin-shor.it
file music-module	mirrors/scenesp.org/compilations/modplanet/normal/cd1/pc artists A-M/finnr/Highway.it	418.23K	compilations/modplanet/normal/cd1/pc artists A-M/finnr/Highway.it
file music-module	mirrors/scenesp.org/compilations/modplanet/normal/cd1/pc artists A-M/finnr/Imagine.it	541.60K	compilations/modplanet/normal/cd1/pc artists A-M/finnr/Imagine.it
file music-module	mirrors/scenesp.org/compilations/modplanet/normal/cd1/pc artists A-M/finnr/INFODROI.IT	14.21K	compilations/modplanet/normal/cd1/pc artists A-M/finnr/INFODROI.IT
file music-module	mirrors/scenesp.org/compilations/modplanet/normal/cd1/pc artists A-M/finnr/INSPIRA.IT	280.59K	compilations/modplanet/normal/cd1/pc artists A-M/finnr/INSPIRA.IT
file music-module	mirrors/scenesp.org/compilations/modplanet/normal/cd1/pc artists A-M/finnr/LONDON.IT	429.19K	compilations/modplanet/normal/cd1/pc artists A-M/finnr/LONDON.IT
file music-module	mirrors/scenesp.org/compilations/modplanet/normal/cd1/pc artists A-M/finnr/LOVE_1ST.IT	758.97K	compilations/modplanet/normal/cd1/pc artists A-M/finnr/LOVE_1ST.IT
file music-module	mirrors/scenesp.org/compilations/modplanet/normal/cd1/pc artists A-M/finnr/NOLIMITS.IT	242.81K	compilations/modplanet/normal/cd1/pc artists A-M/finnr/NOLIMITS.IT
file music-module	mirrors/scenesp.org/compilations/modplanet/normal/cd1/pc artists A-M/finnr/SHAPE.IT	276.62K	compilations/modplanet/normal/cd1/pc artists A-M/finnr/SHAPE.IT
file music-module	mirrors/scenesp.org/compilations/modplanet/normal/cd1/pc artists A-M/finnr/SIMANT.IT	22.55K	compilations/modplanet/normal/cd1/pc artists A-M/finnr/SIMANT.IT
file music-module	mirrors/scenesp.org/compilations/modplanet/normal/cd1/pc artists A-M/finnr/spital.it	458.26K	compilations/modplanet/normal/cd1/pc artists A-M/finnr/spital.it
file music-module	mirrors/scenesp.org/compilations/modplanet/normal/cd1/pc artists A-M/finnr/TRY_HARD.IT	112.48K	compilations/modplanet/normal/cd1/pc artists A-M/finnr/TRY_HARD.IT
file music-module	mirrors/scenesp.org/compilations/modplanet/normal/cd1/pc artists A-M/finnr/TWINPEAK.IT	226.16K	compilations/modplanet/normal/cd1/pc artists A-M/finnr/TWINPEAK.IT
file music-module	mirrors/scenesp.org/compilations/modplanet/normal/cd1/pc artists A-M/finnr/UNPEACE.IT	378.47K	compilations/modplanet/normal/cd1/pc artists A-M/finnr/UNPEACE.IT
file music-module	mirrors/scenesp.org/compilations/modplanet/normal/cd1/pc artists A-M/finnr/VIKINGS.IT	286.23K	compilations/modplanet/normal/cd1/pc artists A-M/finnr/VIKINGS.IT
file music-module	mirrors/scenesp.org/compilations/modplanet/normal/cd1/pc artists A-M/gigarnaud/COMPO.IT	333.24K	compilations/modplanet/normal/cd1/pc artists A-M/gigarnaud/COMPO.IT
file music-module	mirrors/scenesp.org/compilations/modplanet/normal/cd1/pc artists A-M/gigarnaud/HAPCONG.IT	281.79K	compilations/modplanet/normal/cd1/pc artists A-M/gigarnaud/HAPCONG.IT
file music-module	mirrors/scenesp.org/compilations/modplanet/normal/cd1/pc artists A-M/gigarnaud/The Ethnic Musicdisk/CELT.IT	191.63K	compilations/modplanet/normal/cd1/pc artists A-M/gigarnaud/The Ethnic Musicdisk/CELT.IT
file music-module	mirrors/scenesp.org/compilations/modplanet/normal/cd1/pc artists A-M/gigarnaud/The Ethnic Musicdisk/EM-SPC.IT	116.22K	compilations/modplanet/normal/cd1/pc artists A-M/gigarnaud/The Ethnic Musicdisk/EM-SPC.IT
file music-module	mirrors/scenesp.org/compilations/modplanet/normal/cd1/pc artists A-M/gigarnaud/The Ethnic Musicdisk/HAPCONG.IT	281.46K	compilations/modplanet/normal/cd1/pc artists A-M/gigarnaud/The Ethnic Musicdisk/HAPCONG.IT
file music-module	mirrors/scenesp.org/compilations/modplanet/normal/cd1/pc artists A-M/gigarnaud/The Ethnic Musicdisk/INCA-CF.IT	182.78K	compilations/modplanet/normal/cd1/pc artists A-M/gigarnaud/The Ethnic Musicdisk/INCA-CF.IT
file music-module	mirrors/scenesp.org/compilations/modplanet/normal/cd1/pc artists A-M/gigarnaud/The Ethnic Musicdisk/NCJAZZ.IT	94.94K	compilations/modplanet/normal/cd1/pc artists A-M/gigarnaud/The Ethnic Musicdisk/NCJAZZ.IT
file music-module	mirrors/scenesp.org/compilations/modplanet/normal/cd1/pc artists A-M/gigarnaud/The Ethnic Musicdisk/TCHNA.IT	137.54K	compilations/modplanet/normal/cd1/pc artists A-M/gigarnaud/The Ethnic Musicdisk/TCHNA.IT
file music-module	mirrors/scenesp.org/compilations/modplanet/normal/cd1/pc artists A-M/herotyc/dmxhr-sp.it	963.84K	compilations/modplanet/normal/cd1/pc artists A-M/herotyc/dmxhr-sp.it
file music-module	mirrors/scenesp.org/compilations/modplanet/normal/cd1/pc artists A-M/herotyc/HR-AETN!.IT	339.06K	compilations/modplanet/normal/cd1/pc artists A-M/herotyc/HR-AETN!.IT
file music-module	mirrors/scenesp.org/compilations/modplanet/normal/cd1/pc artists A-M/herotyc/HR-ANCK!.IT	474.10K	compilations/modplanet/normal/cd1/pc artists A-M/herotyc/HR-ANCK!.IT
file music-module	mirrors/scenesp.org/compilations/modplanet/normal/cd1/pc artists A-M/herotyc/HR-ARMA!.IT	40.71K	compilations/modplanet/normal/cd1/pc artists A-M/herotyc/HR-ARMA!.IT
file music-module	mirrors/scenesp.org/compilations/modplanet/normal/cd1/pc artists A-M/herotyc/HR-AZ01!.IT	340.53K	compilations/modplanet/normal/cd1/pc artists A-M/herotyc/HR-AZ01!.IT
file music-module	mirrors/scenesp.org/compilations/modplanet/normal/cd1/pc artists A-M/herotyc/HR-BLNK!.IT	419.33K	compilations/modplanet/normal/cd1/pc artists A-M/herotyc/HR-BLNK!.IT
file music-module	mirrors/scenesp.org/compilations/modplanet/normal/cd1/pc artists A-M/herotyc/HR-BWAV!.IT	17.23K	compilations/modplanet/normal/cd1/pc artists A-M/herotyc/HR-BWAV!.IT
file music-module	mirrors/scenesp.org/compilations/modplanet/normal/cd1/pc artists A-M/herotyc/HR-BZDS!.IT	24.00K	compilations/modplanet/normal/cd1/pc artists A-M/herotyc/HR-BZDS!.IT
file music-module	mirrors/scenesp.org/compilations/modplanet/normal/cd1/pc artists A-M/herotyc/HR-CHIP!.IT	110.12K	compilations/modplanet/normal/cd1/pc artists A-M/herotyc/HR-CHIP!.IT
file music-module	mirrors/scenesp.org/compilations/modplanet/normal/cd1/pc artists A-M/herotyc/HR-EMSP!.IT	814.49K	compilations/modplanet/normal/cd1/pc artists A-M/herotyc/HR-EMSP!.IT
file music-module	mirrors/scenesp.org/compilations/modplanet/normal/cd1/pc artists A-M/herotyc/HR-HOPE!.IT	544.63K	compilations/modplanet/normal/cd1/pc artists A-M/herotyc/HR-HOPE!.IT
file music-module	mirrors/scenesp.org/compilations/modplanet/normal/cd1/pc artists A-M/herotyc/HR-NGZC!.IT	97.62K	compilations/modplanet/normal/cd1/pc artists A-M/herotyc/HR-NGZC!.IT
file music-module	mirrors/scenesp.org/compilations/modplanet/normal/cd1/pc artists A-M/herotyc/HR-OUTM!.IT	748.44K	compilations/modplanet/normal/cd1/pc artists A-M/herotyc/HR-OUTM!.IT
file music-module	mirrors/scenesp.org/compilations/modplanet/normal/cd1/pc artists A-M/herotyc/HR-RAIL!.IT	1.24M	compilations/modplanet/normal/cd1/pc artists A-M/herotyc/HR-RAIL!.IT
file music-module	mirrors/scenesp.org/compilations/modplanet/normal/cd1/pc artists A-M/herotyc/HR-SAIL!.IT	259.47K	compilations/modplanet/normal/cd1/pc artists A-M/herotyc/HR-SAIL!.IT
file music-module	mirrors/scenesp.org/compilations/modplanet/normal/cd1/pc artists A-M/herotyc/HR-SOM1!.IT	275.82K	compilations/modplanet/normal/cd1/pc artists A-M/herotyc/HR-SOM1!.IT
file music-module	mirrors/scenesp.org/compilations/modplanet/normal/cd1/pc artists A-M/herotyc/HR-SOM2!.IT	158.43K	compilations/modplanet/normal/cd1/pc artists A-M/herotyc/HR-SOM2!.IT
file music-module	mirrors/scenesp.org/compilations/modplanet/normal/cd1/pc artists A-M/herotyc/HR-SOM3!.IT	164.23K	compilations/modplanet/normal/cd1/pc artists A-M/herotyc/HR-SOM3!.IT
file music-module	mirrors/scenesp.org/compilations/modplanet/normal/cd1/pc artists A-M/herotyc/HR-SOM4!.IT	147.80K	compilations/modplanet/normal/cd1/pc artists A-M/herotyc/HR-SOM4!.IT
file music-module	mirrors/scenesp.org/compilations/modplanet/normal/cd1/pc artists A-M/herotyc/HR-SOM5!.IT	339.09K	compilations/modplanet/normal/cd1/pc artists A-M/herotyc/HR-SOM5!.IT
file music-module	mirrors/scenesp.org/compilations/modplanet/normal/cd1/pc artists A-M/herotyc/HR-SOUL!.IT	782.79K	compilations/modplanet/normal/cd1/pc artists A-M/herotyc/HR-SOUL!.IT
file music-module	mirrors/scenesp.org/compilations/modplanet/normal/cd1/pc artists A-M/herotyc/HR-SRM2!.it	698.36K	compilations/modplanet/normal/cd1/pc artists A-M/herotyc/HR-SRM2!.it
file music-module	mirrors/scenesp.org/compilations/modplanet/normal/cd1/pc artists A-M/herotyc/HR-SUMM!.IT	491.51K	compilations/modplanet/normal/cd1/pc artists A-M/herotyc/HR-SUMM!.IT
file music-module	mirrors/scenesp.org/compilations/modplanet/normal/cd1/pc artists A-M/herotyc/HR-XMAS!.IT	59.36K	compilations/modplanet/normal/cd1/pc artists A-M/herotyc/HR-XMAS!.IT
file music-module	mirrors/scenesp.org/compilations/modplanet/normal/cd1/pc artists A-M/herotyc/HRDJ-AFH.IT	4.73M	compilations/modplanet/normal/cd1/pc artists A-M/herotyc/HRDJ-AFH.IT
file music-module	mirrors/scenesp.org/compilations/modplanet/normal/cd1/pc artists A-M/herotyc/hr-topt!.it	25.28K	compilations/modplanet/normal/cd1/pc artists A-M/herotyc/hr-topt!.it
file music-module	mirrors/scenesp.org/compilations/modplanet/normal/cd1/pc artists A-M/herotyc/herotyc - ayofc/HR-AWIL!.IT	108.61K	compilations/modplanet/normal/cd1/pc artists A-M/herotyc/herotyc - ayofc/HR-AWIL!.IT
file music-module	mirrors/scenesp.org/compilations/modplanet/normal/cd1/pc artists A-M/herotyc/herotyc - ayofc/HR-BYTM!.IT	143.39K	compilations/modplanet/normal/cd1/pc artists A-M/herotyc/herotyc - ayofc/HR-BYTM!.IT
file music-module	mirrors/scenesp.org/compilations/modplanet/normal/cd1/pc artists A-M/herotyc/herotyc - ayofc/HR-CBFC!.IT	139.95K	compilations/modplanet/normal/cd1/pc artists A-M/herotyc/herotyc - ayofc/HR-CBFC!.IT
file music-module	mirrors/scenesp.org/compilations/modplanet/normal/cd1/pc artists A-M/herotyc/herotyc - ayofc/HR-CIRC!.IT	22.28K	compilations/modplanet/normal/cd1/pc artists A-M/herotyc/herotyc - ayofc/HR-CIRC!.IT
file music-module	mirrors/scenesp.org/compilations/modplanet/normal/cd1/pc artists A-M/herotyc/herotyc - ayofc/HR-DANV!.IT	185.35K	compilations/modplanet/normal/cd1/pc artists A-M/herotyc/herotyc - ayofc/HR-DANV!.IT
file music-module	mirrors/scenesp.org/compilations/modplanet/normal/cd1/pc artists A-M/herotyc/herotyc - ayofc/HR-FREE!.IT	173.33K	compilations/modplanet/normal/cd1/pc artists A-M/herotyc/herotyc - ayofc/HR-FREE!.IT
file music-module	mirrors/scenesp.org/compilations/modplanet/normal/cd1/pc artists A-M/herotyc/herotyc - ayofc/HR-GEMS!.IT	108.31K	compilations/modplanet/normal/cd1/pc artists A-M/herotyc/herotyc - ayofc/HR-GEMS!.IT
file music-module	mirrors/scenesp.org/compilations/modplanet/normal/cd1/pc artists A-M/herotyc/herotyc - ayofc/HR-IAET!.IT	188.88K	compilations/modplanet/normal/cd1/pc artists A-M/herotyc/herotyc - ayofc/HR-IAET!.IT
file music-module	mirrors/scenesp.org/compilations/modplanet/normal/cd1/pc artists A-M/herotyc/herotyc - ayofc/HR-IHAP!.IT	324.02K	compilations/modplanet/normal/cd1/pc artists A-M/herotyc/herotyc - ayofc/HR-IHAP!.IT
file music-module	mirrors/scenesp.org/compilations/modplanet/normal/cd1/pc artists A-M/herotyc/herotyc - ayofc/HR-ILSD!.IT	128.64K	compilations/modplanet/normal/cd1/pc artists A-M/herotyc/herotyc - ayofc/HR-ILSD!.IT
file music-module	mirrors/scenesp.org/compilations/modplanet/normal/cd1/pc artists A-M/herotyc/herotyc - ayofc/HR-IVFL!.IT	83.00K	compilations/modplanet/normal/cd1/pc artists A-M/herotyc/herotyc - ayofc/HR-IVFL!.IT
file music-module	mirrors/scenesp.org/compilations/modplanet/normal/cd1/pc artists A-M/herotyc/herotyc - ayofc/HR-JAZZ!.IT	246.53K	compilations/modplanet/normal/cd1/pc artists A-M/herotyc/herotyc - ayofc/HR-JAZZ!.IT
file music-module	mirrors/scenesp.org/compilations/modplanet/normal/cd1/pc artists A-M/herotyc/herotyc - ayofc/HR-LIFE!.IT	51.09K	compilations/modplanet/normal/cd1/pc artists A-M/herotyc/herotyc - ayofc/HR-LIFE!.IT
file music-module	mirrors/scenesp.org/compilations/modplanet/normal/cd1/pc artists A-M/herotyc/herotyc - ayofc/HR-LOOM!.IT	94.54K	compilations/modplanet/normal/cd1/pc artists A-M/herotyc/herotyc - ayofc/HR-LOOM!.IT
file music-module	mirrors/scenesp.org/compilations/modplanet/normal/cd1/pc artists A-M/herotyc/herotyc - ayofc/HR-MARS!.IT	311.62K	compilations/modplanet/normal/cd1/pc artists A-M/herotyc/herotyc - ayofc/HR-MARS!.IT
file music-module	mirrors/scenesp.org/compilations/modplanet/normal/cd1/pc artists A-M/herotyc/herotyc - ayofc/HR-MIDC!.IT	110.03K	compilations/modplanet/normal/cd1/pc artists A-M/herotyc/herotyc - ayofc/HR-MIDC!.IT
file music-module	mirrors/scenesp.org/compilations/modplanet/normal/cd1/pc artists A-M/herotyc/herotyc - ayofc/HR-PFTR!.IT	91.54K	compilations/modplanet/normal/cd1/pc artists A-M/herotyc/herotyc - ayofc/HR-PFTR!.IT
file music-module	mirrors/scenesp.org/compilations/modplanet/normal/cd1/pc artists A-M/herotyc/herotyc - ayofc/HR-PURE!.IT	174.70K	compilations/modplanet/normal/cd1/pc artists A-M/herotyc/herotyc - ayofc/HR-PURE!.IT
file music-module	mirrors/scenesp.org/compilations/modplanet/normal/cd1/pc artists A-M/herotyc/herotyc - ayofc/HR-RESF!.IT	156.77K	compilations/modplanet/normal/cd1/pc artists A-M/herotyc/herotyc - ayofc/HR-RESF!.IT
file music-module	mirrors/scenesp.org/compilations/modplanet/normal/cd1/pc artists A-M/herotyc/herotyc - ayofc/HR-RLND!.IT	56.82K	compilations/modplanet/normal/cd1/pc artists A-M/herotyc/herotyc - ayofc/HR-RLND!.IT
file music-module	mirrors/scenesp.org/compilations/modplanet/normal/cd1/pc artists A-M/herotyc/herotyc - ayofc/HR-ROAD!.IT	167.36K	compilations/modplanet/normal/cd1/pc artists A-M/herotyc/herotyc - ayofc/HR-ROAD!.IT
file music-module	mirrors/scenesp.org/compilations/modplanet/normal/cd1/pc artists A-M/herotyc/herotyc - ayofc/HR-SRM1!.IT	104.28K	compilations/modplanet/normal/cd1/pc artists A-M/herotyc/herotyc - ayofc/HR-SRM1!.IT
file music-module	mirrors/scenesp.org/compilations/modplanet/normal/cd1/pc artists A-M/herotyc/herotyc - ayofc/HR-TREE!.IT	79.90K	compilations/modplanet/normal/cd1/pc artists A-M/herotyc/herotyc - ayofc/HR-TREE!.IT
file music-module	mirrors/scenesp.org/compilations/modplanet/normal/cd1/pc artists A-M/herotyc/herotyc - ayofc/HR-WEAT!.IT	119.12K	compilations/modplanet/normal/cd1/pc artists A-M/herotyc/herotyc - ayofc/HR-WEAT!.IT
file music-module	mirrors/scenesp.org/compilations/modplanet/normal/cd1/pc artists A-M/herotyc/herotyc - ayofc/HR-WWIZ!.IT	129.62K	compilations/modplanet/normal/cd1/pc artists A-M/herotyc/herotyc - ayofc/HR-WWIZ!.IT
file music-module	mirrors/scenesp.org/compilations/modplanet/normal/cd1/pc artists A-M/hocuspocus/GOA.IT	417.06K	compilations/modplanet/normal/cd1/pc artists A-M/hocuspocus/GOA.IT
file music-module	mirrors/scenesp.org/compilations/modplanet/normal/cd1/pc artists A-M/hocuspocus/HocusPocus_Ms.it	759.77K	compilations/modplanet/normal/cd1/pc artists A-M/hocuspocus/HocusPocus_Ms.it
file music-module	mirrors/scenesp.org/compilations/modplanet/normal/cd1/pc artists A-M/hocuspocus/Makio_Hocus-Pocus.it	0.95M	compilations/modplanet/normal/cd1/pc artists A-M/hocuspocus/Makio_Hocus-Pocus.it
file music-module	mirrors/scenesp.org/compilations/modplanet/normal/cd1/pc artists A-M/impresion/A_DREAM.IT	0.99M	compilations/modplanet/normal/cd1/pc artists A-M/impresion/A_DREAM.IT
file music-module	mirrors/scenesp.org/compilations/modplanet/normal/cd1/pc artists A-M/jcl/banjcl.it	221.41K	compilations/modplanet/normal/cd1/pc artists A-M/jcl/banjcl.it
file music-module	mirrors/scenesp.org/compilations/modplanet/normal/cd1/pc artists A-M/jcl/fastmade2.it	441.08K	compilations/modplanet/normal/cd1/pc artists A-M/jcl/fastmade2.it
file music-module	mirrors/scenesp.org/compilations/modplanet/normal/cd1/pc artists A-M/jcl/JCL_MIDL.IT	1.41M	compilations/modplanet/normal/cd1/pc artists A-M/jcl/JCL_MIDL.IT
file music-module	mirrors/scenesp.org/compilations/modplanet/normal/cd1/pc artists A-M/jcl/JCL_RTN.IT	251.65K	compilations/modplanet/normal/cd1/pc artists A-M/jcl/JCL_RTN.IT
file music-module	mirrors/scenesp.org/compilations/modplanet/normal/cd1/pc artists A-M/jcl/Jz_ztime.it	55.51K	compilations/modplanet/normal/cd1/pc artists A-M/jcl/Jz_ztime.it
file music-module	mirrors/scenesp.org/compilations/modplanet/normal/cd1/pc artists A-M/jcl/jcl_5thl.it	595.63K	compilations/modplanet/normal/cd1/pc artists A-M/jcl/jcl_5thl.it
file music-module	mirrors/scenesp.org/compilations/modplanet/normal/cd1/pc artists A-M/jcl/jcl_abmb.it	214.09K	compilations/modplanet/normal/cd1/pc artists A-M/jcl/jcl_abmb.it
file music-module	mirrors/scenesp.org/compilations/modplanet/normal/cd1/pc artists A-M/jcl/jcl_ambg.it	0.95M	compilations/modplanet/normal/cd1/pc artists A-M/jcl/jcl_ambg.it
file music-module	mirrors/scenesp.org/compilations/modplanet/normal/cd1/pc artists A-M/jcl/jcl_asnd.it	1.14M	compilations/modplanet/normal/cd1/pc artists A-M/jcl/jcl_asnd.it
file music-module	mirrors/scenesp.org/compilations/modplanet/normal/cd1/pc artists A-M/jcl/jcl_bday.it	277.81K	compilations/modplanet/normal/cd1/pc artists A-M/jcl/jcl_bday.it
file music-module	mirrors/scenesp.org/compilations/modplanet/normal/cd1/pc artists A-M/jcl/jcl_bjoy.it	36.71K	compilations/modplanet/normal/cd1/pc artists A-M/jcl/jcl_bjoy.it
file music-module	mirrors/scenesp.org/compilations/modplanet/normal/cd1/pc artists A-M/jcl/jcl_bwrk.it	343.84K	compilations/modplanet/normal/cd1/pc artists A-M/jcl/jcl_bwrk.it
file music-module	mirrors/scenesp.org/compilations/modplanet/normal/cd1/pc artists A-M/jcl/jcl_clon.it	551.13K	compilations/modplanet/normal/cd1/pc artists A-M/jcl/jcl_clon.it
file music-module	mirrors/scenesp.org/compilations/modplanet/normal/cd1/pc artists A-M/jcl/jcl_cotm.it	517.48K	compilations/modplanet/normal/cd1/pc artists A-M/jcl/jcl_cotm.it
file music-module	mirrors/scenesp.org/compilations/modplanet/normal/cd1/pc artists A-M/jcl/jcl_dele.it	689.74K	compilations/modplanet/normal/cd1/pc artists A-M/jcl/jcl_dele.it
file music-module	mirrors/scenesp.org/compilations/modplanet/normal/cd1/pc artists A-M/jcl/jcl_elng.it	725.93K	compilations/modplanet/normal/cd1/pc artists A-M/jcl/jcl_elng.it
file music-module	mirrors/scenesp.org/compilations/modplanet/normal/cd1/pc artists A-M/jcl/jcl_emph.it	675.62K	compilations/modplanet/normal/cd1/pc artists A-M/jcl/jcl_emph.it
file music-module	mirrors/scenesp.org/compilations/modplanet/normal/cd1/pc artists A-M/jcl/jcl_ethn.it	254.10K	compilations/modplanet/normal/cd1/pc artists A-M/jcl/jcl_ethn.it
file music-module	mirrors/scenesp.org/compilations/modplanet/normal/cd1/pc artists A-M/jcl/jcl_fatt.it	522.65K	compilations/modplanet/normal/cd1/pc artists A-M/jcl/jcl_fatt.it
file music-module	mirrors/scenesp.org/compilations/modplanet/normal/cd1/pc artists A-M/jcl/jcl_funk.it	472.08K	compilations/modplanet/normal/cd1/pc artists A-M/jcl/jcl_funk.it
file music-module	mirrors/scenesp.org/compilations/modplanet/normal/cd1/pc artists A-M/jcl/jcl_fvaz.it	1.24M	compilations/modplanet/normal/cd1/pc artists A-M/jcl/jcl_fvaz.it
file music-module	mirrors/scenesp.org/compilations/modplanet/normal/cd1/pc artists A-M/jcl/jcl_gate.it	1.10M	compilations/modplanet/normal/cd1/pc artists A-M/jcl/jcl_gate.it
file music-module	mirrors/scenesp.org/compilations/modplanet/normal/cd1/pc artists A-M/jcl/jcl_glow.it	571.14K	compilations/modplanet/normal/cd1/pc artists A-M/jcl/jcl_glow.it
file music-module	mirrors/scenesp.org/compilations/modplanet/normal/cd1/pc artists A-M/jcl/jcl_gyrd.it	223.98K	compilations/modplanet/normal/cd1/pc artists A-M/jcl/jcl_gyrd.it
file music-module	mirrors/scenesp.org/compilations/modplanet/normal/cd1/pc artists A-M/jcl/jcl_high.it	530.08K	compilations/modplanet/normal/cd1/pc artists A-M/jcl/jcl_high.it
file music-module	mirrors/scenesp.org/compilations/modplanet/normal/cd1/pc artists A-M/jcl/jcl_hypr.it	590.72K	compilations/modplanet/normal/cd1/pc artists A-M/jcl/jcl_hypr.it
file music-module	mirrors/scenesp.org/compilations/modplanet/normal/cd1/pc artists A-M/jcl/jcl_jdrm.it	147.16K	compilations/modplanet/normal/cd1/pc artists A-M/jcl/jcl_jdrm.it
file music-module	mirrors/scenesp.org/compilations/modplanet/normal/cd1/pc artists A-M/jcl/jcl_lamb.it	659.50K	compilations/modplanet/normal/cd1/pc artists A-M/jcl/jcl_lamb.it
file music-module	mirrors/scenesp.org/compilations/modplanet/normal/cd1/pc artists A-M/jcl/jcl_lbox.it	465.85K	compilations/modplanet/normal/cd1/pc artists A-M/jcl/jcl_lbox.it
file music-module	mirrors/scenesp.org/compilations/modplanet/normal/cd1/pc artists A-M/jcl/jcl_lorb.it	559.04K	compilations/modplanet/normal/cd1/pc artists A-M/jcl/jcl_lorb.it
file music-module	mirrors/scenesp.org/compilations/modplanet/normal/cd1/pc artists A-M/jcl/jcl_lumn.it	552.02K	compilations/modplanet/normal/cd1/pc artists A-M/jcl/jcl_lumn.it
file music-module	mirrors/scenesp.org/compilations/modplanet/normal/cd1/pc artists A-M/jcl/jcl_lwrk.it	944.72K	compilations/modplanet/normal/cd1/pc artists A-M/jcl/jcl_lwrk.it
file music-module	mirrors/scenesp.org/compilations/modplanet/normal/cd1/pc artists A-M/jcl/jcl_mdz1.it	123.00K	compilations/modplanet/normal/cd1/pc artists A-M/jcl/jcl_mdz1.it
file music-module	mirrors/scenesp.org/compilations/modplanet/normal/cd1/pc artists A-M/jcl/jcl_nois.it	285.32K	compilations/modplanet/normal/cd1/pc artists A-M/jcl/jcl_nois.it
file music-module	mirrors/scenesp.org/compilations/modplanet/normal/cd1/pc artists A-M/jcl/jcl_outw.it	319.26K	compilations/modplanet/normal/cd1/pc artists A-M/jcl/jcl_outw.it
file music-module	mirrors/scenesp.org/compilations/modplanet/normal/cd1/pc artists A-M/jcl/jcl_p204.it	808.62K	compilations/modplanet/normal/cd1/pc artists A-M/jcl/jcl_p204.it
file music-module	mirrors/scenesp.org/compilations/modplanet/normal/cd1/pc artists A-M/jcl/jcl_pitu.it	230.88K	compilations/modplanet/normal/cd1/pc artists A-M/jcl/jcl_pitu.it
file music-module	mirrors/scenesp.org/compilations/modplanet/normal/cd1/pc artists A-M/jcl/jcl_pom.it	467.70K	compilations/modplanet/normal/cd1/pc artists A-M/jcl/jcl_pom.it
file music-module	mirrors/scenesp.org/compilations/modplanet/normal/cd1/pc artists A-M/jcl/jcl_sdrp.it	330.83K	compilations/modplanet/normal/cd1/pc artists A-M/jcl/jcl_sdrp.it
file music-module	mirrors/scenesp.org/compilations/modplanet/normal/cd1/pc artists A-M/jcl/jcl_sgrd.it	527.01K	compilations/modplanet/normal/cd1/pc artists A-M/jcl/jcl_sgrd.it
file music-module	mirrors/scenesp.org/compilations/modplanet/normal/cd1/pc artists A-M/jcl/jcl_solr.it	363.23K	compilations/modplanet/normal/cd1/pc artists A-M/jcl/jcl_solr.it
file music-module	mirrors/scenesp.org/compilations/modplanet/normal/cd1/pc artists A-M/jcl/jcl_well.it	244.51K	compilations/modplanet/normal/cd1/pc artists A-M/jcl/jcl_well.it
file music-module	mirrors/scenesp.org/compilations/modplanet/normal/cd1/pc artists A-M/jeslan/bahnew2.it	1.18M	compilations/modplanet/normal/cd1/pc artists A-M/jeslan/bahnew2.it
file music-module	mirrors/scenesp.org/compilations/modplanet/normal/cd1/pc artists A-M/jeslan/CDREAMF.IT	1.13M	compilations/modplanet/normal/cd1/pc artists A-M/jeslan/CDREAMF.IT
file music-module	mirrors/scenesp.org/compilations/modplanet/normal/cd1/pc artists A-M/jeslan/DEPM5B6.IT	1.13M	compilations/modplanet/normal/cd1/pc artists A-M/jeslan/DEPM5B6.IT
file music-module	mirrors/scenesp.org/compilations/modplanet/normal/cd1/pc artists A-M/jeslan/DofLove.it	818.68K	compilations/modplanet/normal/cd1/pc artists A-M/jeslan/DofLove.it
file music-module	mirrors/scenesp.org/compilations/modplanet/normal/cd1/pc artists A-M/jeslan/FALAN3.IT	762.07K	compilations/modplanet/normal/cd1/pc artists A-M/jeslan/FALAN3.IT
file music-module	mirrors/scenesp.org/compilations/modplanet/normal/cd1/pc artists A-M/jeslan/GFIGHT.IT	197.13K	compilations/modplanet/normal/cd1/pc artists A-M/jeslan/GFIGHT.IT
file music-module	mirrors/scenesp.org/compilations/modplanet/normal/cd1/pc artists A-M/jeslan/LOST.IT	1.27M	compilations/modplanet/normal/cd1/pc artists A-M/jeslan/LOST.IT
file music-module	mirrors/scenesp.org/compilations/modplanet/normal/cd1/pc artists A-M/jeslan/MICRO.IT	4.11K	compilations/modplanet/normal/cd1/pc artists A-M/jeslan/MICRO.IT
file music-module	mirrors/scenesp.org/compilations/modplanet/normal/cd1/pc artists A-M/jeslan/NAD2B.IT	392.91K	compilations/modplanet/normal/cd1/pc artists A-M/jeslan/NAD2B.IT
file music-module	mirrors/scenesp.org/compilations/modplanet/normal/cd1/pc artists A-M/jeslan/NADAN.IT	356.67K	compilations/modplanet/normal/cd1/pc artists A-M/jeslan/NADAN.IT
file music-module	mirrors/scenesp.org/compilations/modplanet/normal/cd1/pc artists A-M/jeslan/O4_LITE.IT	667.05K	compilations/modplanet/normal/cd1/pc artists A-M/jeslan/O4_LITE.IT
file music-module	mirrors/scenesp.org/compilations/modplanet/normal/cd1/pc artists A-M/jeslan/SH3_02.IT	286.95K	compilations/modplanet/normal/cd1/pc artists A-M/jeslan/SH3_02.IT
file music-module	mirrors/scenesp.org/compilations/modplanet/normal/cd1/pc artists A-M/jeslan/SUENFIN2.IT	191.30K	compilations/modplanet/normal/cd1/pc artists A-M/jeslan/SUENFIN2.IT
file music-module	mirrors/scenesp.org/compilations/modplanet/normal/cd1/pc artists A-M/jeslan/xxxxxxxx.IT	1.24M	compilations/modplanet/normal/cd1/pc artists A-M/jeslan/xxxxxxxx.IT
file music-module	mirrors/scenesp.org/compilations/modplanet/normal/cd1/pc artists A-M/ldb/LDB-L&C.IT	8.27K	compilations/modplanet/normal/cd1/pc artists A-M/ldb/LDB-L&C.IT
file music-module	mirrors/scenesp.org/compilations/modplanet/normal/cd1/pc artists A-M/ldb/LDB-T6B.IT	5.01K	compilations/modplanet/normal/cd1/pc artists A-M/ldb/LDB-T6B.IT
file music-module	mirrors/scenesp.org/compilations/modplanet/normal/cd1/pc artists A-M/multivac/admiring.it	359.17K	compilations/modplanet/normal/cd1/pc artists A-M/multivac/admiring.it
file music-module	mirrors/scenesp.org/compilations/modplanet/normal/cd1/pc artists A-M/multivac/Byeamour.it	929.32K	compilations/modplanet/normal/cd1/pc artists A-M/multivac/Byeamour.it
file music-module	mirrors/scenesp.org/compilations/modplanet/normal/cd1/pc artists A-M/multivac/CHANGES.IT	803.39K	compilations/modplanet/normal/cd1/pc artists A-M/multivac/CHANGES.IT
file music-module	mirrors/scenesp.org/compilations/modplanet/normal/cd1/pc artists A-M/multivac/castle.it	1.00M	compilations/modplanet/normal/cd1/pc artists A-M/multivac/castle.it
file music-module	mirrors/scenesp.org/compilations/modplanet/normal/cd1/pc artists A-M/multivac/FSTRGHT.IT	950.27K	compilations/modplanet/normal/cd1/pc artists A-M/multivac/FSTRGHT.IT
file music-module	mirrors/scenesp.org/compilations/modplanet/normal/cd1/pc artists A-M/multivac/ML-RAND.IT	738.28K	compilations/modplanet/normal/cd1/pc artists A-M/multivac/ML-RAND.IT
file music-module	mirrors/scenesp.org/compilations/modplanet/normal/cd1/pc artists A-M/multivac/m6i-ruth.it	703.38K	compilations/modplanet/normal/cd1/pc artists A-M/multivac/m6i-ruth.it
file music-module	mirrors/scenesp.org/compilations/modplanet/normal/cd1/pc artists A-M/multivac/ml-Dman.it	882.61K	compilations/modplanet/normal/cd1/pc artists A-M/multivac/ml-Dman.it
file music-module	mirrors/scenesp.org/compilations/modplanet/normal/cd1/pc artists A-M/multivac/ml-some.it	0.96M	compilations/modplanet/normal/cd1/pc artists A-M/multivac/ml-some.it
file music-module	mirrors/scenesp.org/compilations/modplanet/normal/cd1/pc artists A-M/multivac/morethan.it	564.69K	compilations/modplanet/normal/cd1/pc artists A-M/multivac/morethan.it
file music-module	mirrors/scenesp.org/compilations/modplanet/normal/cd1/pc artists A-M/multivac/musicbox.it	9.48K	compilations/modplanet/normal/cd1/pc artists A-M/multivac/musicbox.it
file music-module	mirrors/scenesp.org/compilations/modplanet/normal/cd1/pc artists A-M/multivac/PCHIP.IT	4.00K	compilations/modplanet/normal/cd1/pc artists A-M/multivac/PCHIP.IT
file music-module	mirrors/scenesp.org/compilations/modplanet/normal/cd1/pc artists A-M/multivac/ringworld.it	9.50K	compilations/modplanet/normal/cd1/pc artists A-M/multivac/ringworld.it
file music-module	mirrors/scenesp.org/compilations/modplanet/normal/cd1/pc artists A-M/multivac/serfdom.it	7.92K	compilations/modplanet/normal/cd1/pc artists A-M/multivac/serfdom.it
file music-module	mirrors/scenesp.org/compilations/modplanet/normal/cd2/demodulate/pc demos/359dot60 by anaconda.it	719.74K	compilations/modplanet/normal/cd2/demodulate/pc demos/359dot60 by anaconda.it
file music-module	mirrors/scenesp.org/compilations/modplanet/normal/cd2/demodulate/pc demos/another chance by obtuse.it	571.48K	compilations/modplanet/normal/cd2/demodulate/pc demos/another chance by obtuse.it
file music-module	mirrors/scenesp.org/compilations/modplanet/normal/cd2/demodulate/pc demos/base2 by p1x.it	449.84K	compilations/modplanet/normal/cd2/demodulate/pc demos/base2 by p1x.it
file music-module	mirrors/scenesp.org/compilations/modplanet/normal/cd2/demodulate/pc demos/basic oldschool by base.it	167.20K	compilations/modplanet/normal/cd2/demodulate/pc demos/basic oldschool by base.it
file music-module	mirrors/scenesp.org/compilations/modplanet/normal/cd2/demodulate/pc demos/cagando y sin papel 1 by genesis.it	226.65K	compilations/modplanet/normal/cd2/demodulate/pc demos/cagando y sin papel 1 by genesis.it
file music-module	mirrors/scenesp.org/compilations/modplanet/normal/cd2/demodulate/pc demos/cagando y sin papel 2 by genesis.it	1.38M	compilations/modplanet/normal/cd2/demodulate/pc demos/cagando y sin papel 2 by genesis.it
file music-module	mirrors/scenesp.org/compilations/modplanet/normal/cd2/demodulate/pc demos/captured souls by anaconda.it	423.62K	compilations/modplanet/normal/cd2/demodulate/pc demos/captured souls by anaconda.it
file music-module	mirrors/scenesp.org/compilations/modplanet/normal/cd2/demodulate/pc demos/ceibe%233 intro by anaconda.it	118.62K	compilations/modplanet/normal/cd2/demodulate/pc demos/ceibe%233 intro by anaconda.it
file music-module	mirrors/scenesp.org/compilations/modplanet/normal/cd2/demodulate/pc demos/darkside by anaconda.it	939.21K	compilations/modplanet/normal/cd2/demodulate/pc demos/darkside by anaconda.it
file music-module	mirrors/scenesp.org/compilations/modplanet/normal/cd2/demodulate/pc demos/durango party 2 invtro by rgba.it	818.68K	compilations/modplanet/normal/cd2/demodulate/pc demos/durango party 2 invtro by rgba.it
file music-module	mirrors/scenesp.org/compilations/modplanet/normal/cd2/demodulate/pc demos/escena.org dentro by elerium core.it	263.13K	compilations/modplanet/normal/cd2/demodulate/pc demos/escena.org dentro by elerium core.it
file music-module	mirrors/scenesp.org/compilations/modplanet/normal/cd2/demodulate/pc demos/euskal party 7 invtro by genesis.it	263.17K	compilations/modplanet/normal/cd2/demodulate/pc demos/euskal party 7 invtro by genesis.it
file music-module	mirrors/scenesp.org/compilations/modplanet/normal/cd2/demodulate/pc demos/euskal party 8 invtro by anaconda.it	273.09K	compilations/modplanet/normal/cd2/demodulate/pc demos/euskal party 8 invtro by anaconda.it
file music-module	mirrors/scenesp.org/compilations/modplanet/normal/cd2/demodulate/pc demos/fast made 2 by elerium core.it	441.08K	compilations/modplanet/normal/cd2/demodulate/pc demos/fast made 2 by elerium core.it
file music-module	mirrors/scenesp.org/compilations/modplanet/normal/cd2/demodulate/pc demos/fast made by elerium core.it	315.40K	compilations/modplanet/normal/cd2/demodulate/pc demos/fast made by elerium core.it
file music-module	mirrors/scenesp.org/compilations/modplanet/normal/cd2/demodulate/pc demos/first contact by synth.it	366.98K	compilations/modplanet/normal/cd2/demodulate/pc demos/first contact by synth.it
file music-module	mirrors/scenesp.org/compilations/modplanet/normal/cd2/demodulate/pc demos/frontier by concept.it	252.66K	compilations/modplanet/normal/cd2/demodulate/pc demos/frontier by concept.it
file music-module	mirrors/scenesp.org/compilations/modplanet/normal/cd2/demodulate/pc demos/hatbcn by hansa.it	2.33M	compilations/modplanet/normal/cd2/demodulate/pc demos/hatbcn by hansa.it
file music-module	mirrors/scenesp.org/compilations/modplanet/normal/cd2/demodulate/pc demos/ibiza trip by anaconda.it	1.30M	compilations/modplanet/normal/cd2/demodulate/pc demos/ibiza trip by anaconda.it
file music-module	mirrors/scenesp.org/compilations/modplanet/normal/cd2/demodulate/pc demos/ignition by fuzzion.it	1.29M	compilations/modplanet/normal/cd2/demodulate/pc demos/ignition by fuzzion.it
file music-module	mirrors/scenesp.org/compilations/modplanet/normal/cd2/demodulate/pc demos/in my mind by fuzzion.it	627.27K	compilations/modplanet/normal/cd2/demodulate/pc demos/in my mind by fuzzion.it
file music-module	mirrors/scenesp.org/compilations/modplanet/normal/cd2/demodulate/pc demos/insane by anaconda.it	486.01K	compilations/modplanet/normal/cd2/demodulate/pc demos/insane by anaconda.it
file music-module	mirrors/scenesp.org/compilations/modplanet/normal/cd2/demodulate/pc demos/jcl jointro by elerium core.it	127.27K	compilations/modplanet/normal/cd2/demodulate/pc demos/jcl jointro by elerium core.it
file music-module	mirrors/scenesp.org/compilations/modplanet/normal/cd2/demodulate/pc demos/kolors by fuzzion.it	771.21K	compilations/modplanet/normal/cd2/demodulate/pc demos/kolors by fuzzion.it
file music-module	mirrors/scenesp.org/compilations/modplanet/normal/cd2/demodulate/pc demos/kukka by fuzzion.it	483.67K	compilations/modplanet/normal/cd2/demodulate/pc demos/kukka by fuzzion.it
file music-module	mirrors/scenesp.org/compilations/modplanet/normal/cd2/demodulate/pc demos/kunetsu by drk+srj+sml+mac+dkr.it	539.48K	compilations/modplanet/normal/cd2/demodulate/pc demos/kunetsu by drk+srj+sml+mac+dkr.it
file music-module	mirrors/scenesp.org/compilations/modplanet/normal/cd2/demodulate/pc demos/macaw sux 2 by anti macaw brigade.it	240.69K	compilations/modplanet/normal/cd2/demodulate/pc demos/macaw sux 2 by anti macaw brigade.it
file music-module	mirrors/scenesp.org/compilations/modplanet/normal/cd2/demodulate/pc demos/macaw sux by anti macaw brigade.it	72.31K	compilations/modplanet/normal/cd2/demodulate/pc demos/macaw sux by anti macaw brigade.it
file music-module	mirrors/scenesp.org/compilations/modplanet/normal/cd2/demodulate/pc demos/mankind kolors by fuzzion.it	570.25K	compilations/modplanet/normal/cd2/demodulate/pc demos/mankind kolors by fuzzion.it
file music-module	mirrors/scenesp.org/compilations/modplanet/normal/cd2/demodulate/pc demos/myth of orion by anaconda.it	1.05M	compilations/modplanet/normal/cd2/demodulate/pc demos/myth of orion by anaconda.it
file music-module	mirrors/scenesp.org/compilations/modplanet/normal/cd2/demodulate/pc demos/odyssey by stravaganza.it	878.40K	compilations/modplanet/normal/cd2/demodulate/pc demos/odyssey by stravaganza.it
file music-module	mirrors/scenesp.org/compilations/modplanet/normal/cd2/demodulate/pc demos/one little samurai 1 by robotechnics.it	1.01M	compilations/modplanet/normal/cd2/demodulate/pc demos/one little samurai 1 by robotechnics.it
file music-module	mirrors/scenesp.org/compilations/modplanet/normal/cd2/demodulate/pc demos/one little samurai 2 by robotechnics.it	556.74K	compilations/modplanet/normal/cd2/demodulate/pc demos/one little samurai 2 by robotechnics.it
file music-module	mirrors/scenesp.org/compilations/modplanet/normal/cd2/demodulate/pc demos/silch by synth.it	32.06K	compilations/modplanet/normal/cd2/demodulate/pc demos/silch by synth.it
file music-module	mirrors/scenesp.org/compilations/modplanet/normal/cd2/demodulate/pc demos/sincro 2 by solstice.it	1.26M	compilations/modplanet/normal/cd2/demodulate/pc demos/sincro 2 by solstice.it
file music-module	mirrors/scenesp.org/compilations/modplanet/normal/cd2/demodulate/pc demos/southparty00 rapport by fuzzion.it	511.32K	compilations/modplanet/normal/cd2/demodulate/pc demos/southparty00 rapport by fuzzion.it
file music-module	mirrors/scenesp.org/compilations/modplanet/normal/cd2/demodulate/pc demos/storm by genesis.it	589.35K	compilations/modplanet/normal/cd2/demodulate/pc demos/storm by genesis.it
file music-module	mirrors/scenesp.org/compilations/modplanet/normal/cd2/demodulate/pc demos/sunburn by genesis.it	252.82K	compilations/modplanet/normal/cd2/demodulate/pc demos/sunburn by genesis.it
file music-module	mirrors/scenesp.org/compilations/modplanet/normal/cd2/demodulate/pc demos/synthesis 1 by genesis.it	543.17K	compilations/modplanet/normal/cd2/demodulate/pc demos/synthesis 1 by genesis.it
file music-module	mirrors/scenesp.org/compilations/modplanet/normal/cd2/demodulate/pc demos/synthesis 2 by genesis.it	191.89K	compilations/modplanet/normal/cd2/demodulate/pc demos/synthesis 2 by genesis.it
file music-module	mirrors/scenesp.org/compilations/modplanet/normal/cd2/demodulate/pc demos/the jointro by elerium core.it	127.27K	compilations/modplanet/normal/cd2/demodulate/pc demos/the jointro by elerium core.it
file music-module	mirrors/scenesp.org/compilations/modplanet/normal/cd2/demodulate/pc demos/this way by stravaganza.it	1.23M	compilations/modplanet/normal/cd2/demodulate/pc demos/this way by stravaganza.it
file music-module	mirrors/scenesp.org/compilations/modplanet/normal/cd2/demodulate/pc demos/xmastro by concept.it	111.45K	compilations/modplanet/normal/cd2/demodulate/pc demos/xmastro by concept.it
file music-module	mirrors/scenesp.org/compilations/modplanet/normal/cd2/demodulate/pc diskmags/ceibe%231 2 by centosis.it	200.88K	compilations/modplanet/normal/cd2/demodulate/pc diskmags/ceibe%231 2 by centosis.it
file music-module	mirrors/scenesp.org/compilations/modplanet/normal/cd2/demodulate/pc diskmags/ceibe%232 1 by centosis.it	240.02K	compilations/modplanet/normal/cd2/demodulate/pc diskmags/ceibe%232 1 by centosis.it
file music-module	mirrors/scenesp.org/compilations/modplanet/normal/cd2/demodulate/pc diskmags/ceibe%233 by centosis.it	248.16K	compilations/modplanet/normal/cd2/demodulate/pc diskmags/ceibe%233 by centosis.it
file music-module	mirrors/scenesp.org/compilations/modplanet/normal/cd2/demodulate/pc diskmags/ceibe%234 1.it	412.56K	compilations/modplanet/normal/cd2/demodulate/pc diskmags/ceibe%234 1.it
file music-module	mirrors/scenesp.org/compilations/modplanet/normal/cd2/demodulate/pc diskmags/ceibe%234 2.it	474.10K	compilations/modplanet/normal/cd2/demodulate/pc diskmags/ceibe%234 2.it
file music-module	mirrors/scenesp.org/compilations/modplanet/normal/cd2/demodulate/pc diskmags/ceibe%234 3.it	432.28K	compilations/modplanet/normal/cd2/demodulate/pc diskmags/ceibe%234 3.it
file music-module	mirrors/scenesp.org/compilations/modplanet/normal/cd2/demodulate/pc intros/bcnparty00 invtro by fuzzion.it	34.39K	compilations/modplanet/normal/cd2/demodulate/pc intros/bcnparty00 invtro by fuzzion.it
file music-module	mirrors/scenesp.org/compilations/modplanet/normal/cd2/demodulate/pc intros/contradiction by dsk.it	34.97K	compilations/modplanet/normal/cd2/demodulate/pc intros/contradiction by dsk.it
file music-module	mirrors/scenesp.org/compilations/modplanet/normal/cd2/demodulate/pc intros/dacube1.5 by fuzzion.it	45.45K	compilations/modplanet/normal/cd2/demodulate/pc intros/dacube1.5 by fuzzion.it
file music-module	mirrors/scenesp.org/compilations/modplanet/normal/cd2/demodulate/pc intros/dacube2 by savage.it	34.12K	compilations/modplanet/normal/cd2/demodulate/pc intros/dacube2 by savage.it
file music-module	mirrors/scenesp.org/compilations/modplanet/normal/cd2/demodulate/pc intros/kinetik by concept.it	26.50K	compilations/modplanet/normal/cd2/demodulate/pc intros/kinetik by concept.it
file music-module	mirrors/scenesp.org/compilations/modplanet/normal/cd2/demodulate/pc intros/once again by fuzzion.it	59.18K	compilations/modplanet/normal/cd2/demodulate/pc intros/once again by fuzzion.it
file music-module	mirrors/scenesp.org/compilations/modplanet/normal/cd2/demodulate/pc intros/pineapple by fuzzion.it	83.39K	compilations/modplanet/normal/cd2/demodulate/pc intros/pineapple by fuzzion.it
file music-module	mirrors/scenesp.org/compilations/modplanet/normal/cd2/demodulate/pc intros/pret a porter by concept.it	29.87K	compilations/modplanet/normal/cd2/demodulate/pc intros/pret a porter by concept.it
file music-module	mirrors/scenesp.org/compilations/modplanet/normal/cd2/demodulate/pc intros/primperan by fuzzion.it	55.39K	compilations/modplanet/normal/cd2/demodulate/pc intros/primperan by fuzzion.it
file music-module	mirrors/scenesp.org/compilations/modplanet/normal/cd2/demodulate/pc intros/rare2 by iq, murci, deep.it	42.15K	compilations/modplanet/normal/cd2/demodulate/pc intros/rare2 by iq, murci, deep.it
file music-module	mirrors/scenesp.org/compilations/modplanet/normal/cd2/demodulate/pc intros/strepto by fuzzion.it	59.58K	compilations/modplanet/normal/cd2/demodulate/pc intros/strepto by fuzzion.it
file music-module	mirrors/scenesp.org/compilations/modplanet/normal/cd2/demodulate/pc intros/velvet superstar by concept.it	44.64K	compilations/modplanet/normal/cd2/demodulate/pc intros/velvet superstar by concept.it
file music-module	mirrors/scenesp.org/compilations/modplanet/normal/cd2/demodulate/pc intros/xmasintro1999 by genesis.it	11.21K	compilations/modplanet/normal/cd2/demodulate/pc intros/xmasintro1999 by genesis.it
file music-module	mirrors/scenesp.org/compilations/modplanet/normal/cd2/misc/chipcorner/1CHIP.IT	59.26K	compilations/modplanet/normal/cd2/misc/chipcorner/1CHIP.IT
file music-module	mirrors/scenesp.org/compilations/modplanet/normal/cd2/misc/chipcorner/99118.it	75.65K	compilations/modplanet/normal/cd2/misc/chipcorner/99118.it
file music-module	mirrors/scenesp.org/compilations/modplanet/normal/cd2/misc/chipcorner/corner.it	9.47K	compilations/modplanet/normal/cd2/misc/chipcorner/corner.it
file music-module	mirrors/scenesp.org/compilations/modplanet/normal/cd2/misc/chipcorner/delta_hi.it	45.67K	compilations/modplanet/normal/cd2/misc/chipcorner/delta_hi.it
file music-module	mirrors/scenesp.org/compilations/modplanet/normal/cd2/misc/chipcorner/Hot Chocolate.it	4.56K	compilations/modplanet/normal/cd2/misc/chipcorner/Hot Chocolate.it
file music-module	mirrors/scenesp.org/compilations/modplanet/normal/cd2/misc/chipcorner/HR-ARMA!.IT	40.71K	compilations/modplanet/normal/cd2/misc/chipcorner/HR-ARMA!.IT
file music-module	mirrors/scenesp.org/compilations/modplanet/normal/cd2/misc/chipcorner/HR-TOPT!.IT	25.28K	compilations/modplanet/normal/cd2/misc/chipcorner/HR-TOPT!.IT
file music-module	mirrors/scenesp.org/compilations/modplanet/normal/cd2/misc/chipcorner/heart.it	60.60K	compilations/modplanet/normal/cd2/misc/chipcorner/heart.it
file music-module	mirrors/scenesp.org/compilations/modplanet/normal/cd2/misc/chipcorner/iNtO tHe HeLL.it	60.20K	compilations/modplanet/normal/cd2/misc/chipcorner/iNtO tHe HeLL.it
file music-module	mirrors/scenesp.org/compilations/modplanet/normal/cd2/misc/chipcorner/Midnight Calmness.it	6.40K	compilations/modplanet/normal/cd2/misc/chipcorner/Midnight Calmness.it
file music-module	mirrors/scenesp.org/compilations/modplanet/normal/cd2/misc/chipcorner/mad.it	38.07K	compilations/modplanet/normal/cd2/misc/chipcorner/mad.it
file music-module	mirrors/scenesp.org/compilations/modplanet/normal/cd2/misc/chipcorner/myassrulez.it	32.36K	compilations/modplanet/normal/cd2/misc/chipcorner/myassrulez.it
file music-module	mirrors/scenesp.org/compilations/modplanet/normal/cd2/misc/chipcorner/Nsf-zn08.it	8.17K	compilations/modplanet/normal/cd2/misc/chipcorner/Nsf-zn08.it
file music-module	mirrors/scenesp.org/compilations/modplanet/normal/cd2/misc/chipcorner/newlove.it	25.79K	compilations/modplanet/normal/cd2/misc/chipcorner/newlove.it
file music-module	mirrors/scenesp.org/compilations/modplanet/normal/cd2/misc/chipcorner/nk-zsb05.it	8.69K	compilations/modplanet/normal/cd2/misc/chipcorner/nk-zsb05.it
file music-module	mirrors/scenesp.org/compilations/modplanet/normal/cd2/misc/chipcorner/Ser_41.it	18.73K	compilations/modplanet/normal/cd2/misc/chipcorner/Ser_41.it
file music-module	mirrors/scenesp.org/compilations/modplanet/normal/cd2/misc/chipcorner/Ser_44.it	48.67K	compilations/modplanet/normal/cd2/misc/chipcorner/Ser_44.it
file music-module	mirrors/scenesp.org/compilations/modplanet/normal/cd2/misc/chipcorner/Ser_47.it	43.04K	compilations/modplanet/normal/cd2/misc/chipcorner/Ser_47.it
file music-module	mirrors/scenesp.org/compilations/modplanet/normal/cd2/misc/chipcorner/SML_3SAF.IT	9.59K	compilations/modplanet/normal/cd2/misc/chipcorner/SML_3SAF.IT
file music-module	mirrors/scenesp.org/compilations/modplanet/normal/cd2/misc/chipcorner/SML_3SAT.IT	4.00K	compilations/modplanet/normal/cd2/misc/chipcorner/SML_3SAT.IT
file music-module	mirrors/scenesp.org/compilations/modplanet/normal/cd2/misc/chipcorner/SML_BPIN.IT	34.39K	compilations/modplanet/normal/cd2/misc/chipcorner/SML_BPIN.IT
file music-module	mirrors/scenesp.org/compilations/modplanet/normal/cd2/misc/chipcorner/SML_CTR.IT	34.96K	compilations/modplanet/normal/cd2/misc/chipcorner/SML_CTR.IT
file music-module	mirrors/scenesp.org/compilations/modplanet/normal/cd2/misc/chipcorner/SML_DCB2.IT	34.12K	compilations/modplanet/normal/cd2/misc/chipcorner/SML_DCB2.IT
file music-module	mirrors/scenesp.org/compilations/modplanet/normal/cd2/misc/chipcorner/SML_MO2S.IT	9.87K	compilations/modplanet/normal/cd2/misc/chipcorner/SML_MO2S.IT
file music-module	mirrors/scenesp.org/compilations/modplanet/normal/cd2/misc/chipcorner/SML_PINE.IT	83.39K	compilations/modplanet/normal/cd2/misc/chipcorner/SML_PINE.IT
file music-module	mirrors/scenesp.org/compilations/modplanet/normal/cd2/misc/chipcorner/SML_PRIM.IT	55.39K	compilations/modplanet/normal/cd2/misc/chipcorner/SML_PRIM.IT
file music-module	mirrors/scenesp.org/compilations/modplanet/normal/cd2/misc/chipcorner/SML_ROEL.IT	9.97K	compilations/modplanet/normal/cd2/misc/chipcorner/SML_ROEL.IT
file music-module	mirrors/scenesp.org/compilations/modplanet/normal/cd2/misc/chipcorner/sf_yr005.it	32.90K	compilations/modplanet/normal/cd2/misc/chipcorner/sf_yr005.it
file music-module	mirrors/scenesp.org/compilations/modplanet/normal/cd2/misc/chipcorner/sf_yr013.it	75.71K	compilations/modplanet/normal/cd2/misc/chipcorner/sf_yr013.it
file music-module	mirrors/scenesp.org/compilations/modplanet/normal/cd2/misc/chipcorner/sincow.it	3.91K	compilations/modplanet/normal/cd2/misc/chipcorner/sincow.it
file music-module	mirrors/scenesp.org/compilations/modplanet/normal/cd2/misc/chipcorner/sml_koki.it	4.00K	compilations/modplanet/normal/cd2/misc/chipcorner/sml_koki.it
file music-module	mirrors/scenesp.org/compilations/modplanet/normal/cd2/misc/chipcorner/sole_chip.it	33.46K	compilations/modplanet/normal/cd2/misc/chipcorner/sole_chip.it
file music-module	mirrors/scenesp.org/compilations/modplanet/normal/cd2/misc/chipcorner/THS8B.IT	98.62K	compilations/modplanet/normal/cd2/misc/chipcorner/THS8B.IT
file music-module	mirrors/scenesp.org/compilations/modplanet/normal/cd2/misc/chipcorner/Time Chase.it	9.86K	compilations/modplanet/normal/cd2/misc/chipcorner/Time Chase.it
file music-module	mirrors/scenesp.org/compilations/modplanet/normal/cd2/misc/chipcorner/Wraith.it	33.55K	compilations/modplanet/normal/cd2/misc/chipcorner/Wraith.it
file music-module	mirrors/scenesp.org/compilations/modplanet/normal/cd2/misc/chipcorner/wut-srgwat.it	60.80K	compilations/modplanet/normal/cd2/misc/chipcorner/wut-srgwat.it
file music-module	mirrors/scenesp.org/compilations/modplanet/normal/cd2/misc/chipcorner/YR_PP.IT	82.86K	compilations/modplanet/normal/cd2/misc/chipcorner/YR_PP.IT
file music-module	mirrors/scenesp.org/compilations/modplanet/normal/cd2/misc/chipcorner/Yr_boo.it	63.91K	compilations/modplanet/normal/cd2/misc/chipcorner/Yr_boo.it
file music-module	mirrors/scenesp.org/compilations/modplanet/normal/cd2/misc/chipcorner/Yr_dark.it	4.72K	compilations/modplanet/normal/cd2/misc/chipcorner/Yr_dark.it
file music-module	mirrors/scenesp.org/compilations/modplanet/normal/cd2/misc/chipcorner/Yr_goodb.it	28.38K	compilations/modplanet/normal/cd2/misc/chipcorner/Yr_goodb.it
file music-module	mirrors/scenesp.org/compilations/modplanet/normal/cd2/misc/chipcorner/Yr_magic.it	14.20K	compilations/modplanet/normal/cd2/misc/chipcorner/Yr_magic.it
file music-module	mirrors/scenesp.org/compilations/modplanet/normal/cd2/misc/chipcorner/Yr_yello.it	12.95K	compilations/modplanet/normal/cd2/misc/chipcorner/Yr_yello.it
file music-module	mirrors/scenesp.org/compilations/modplanet/normal/cd2/misc/chipcorner/yr_core2.it	36.18K	compilations/modplanet/normal/cd2/misc/chipcorner/yr_core2.it
file music-module	mirrors/scenesp.org/compilations/modplanet/normal/cd2/misc/chipcorner/yr_hyvaa.it	26.13K	compilations/modplanet/normal/cd2/misc/chipcorner/yr_hyvaa.it
file music-module	mirrors/scenesp.org/compilations/modplanet/normal/cd2/misc/future music/Dttjck02.it	633.67K	compilations/modplanet/normal/cd2/misc/future music/Dttjck02.it
file music-module	mirrors/scenesp.org/compilations/modplanet/normal/cd2/misc/future music/Dttjcklc.it	458.17K	compilations/modplanet/normal/cd2/misc/future music/Dttjcklc.it
file music-module	mirrors/scenesp.org/compilations/modplanet/normal/cd2/misc/future music/ELEKTROL.IT	1.34M	compilations/modplanet/normal/cd2/misc/future music/ELEKTROL.IT
file music-module	mirrors/scenesp.org/compilations/modplanet/normal/cd2/misc/future music/KHOISER.IT	0.96M	compilations/modplanet/normal/cd2/misc/future music/KHOISER.IT
file music-module	mirrors/scenesp.org/compilations/modplanet/normal/cd2/misc/future music/KXHDX037.IT	1.29M	compilations/modplanet/normal/cd2/misc/future music/KXHDX037.IT
file music-module	mirrors/scenesp.org/compilations/modplanet/normal/cd2/misc/future music/zeedH.it	324.23K	compilations/modplanet/normal/cd2/misc/future music/zeedH.it
file music-module	mirrors/scenesp.org/compilations/modplanet/normal/cd2/music disks/pc/fuzzion - ofFlimitS v1.1 linux/audio/ab_dc15.it	45.45K	compilations/modplanet/normal/cd2/music disks/pc/fuzzion - ofFlimitS v1.1 linux/audio/ab_dc15.it
file music-module	mirrors/scenesp.org/compilations/modplanet/normal/cd2/music disks/pc/fuzzion - ofFlimitS v1.1 linux/audio/dchipb.it	24.30K	compilations/modplanet/normal/cd2/music disks/pc/fuzzion - ofFlimitS v1.1 linux/audio/dchipb.it
file music-module	mirrors/scenesp.org/compilations/modplanet/normal/cd2/music disks/pc/fuzzion - ofFlimitS v1.1 linux/audio/jcl_bjoy.it	36.71K	compilations/modplanet/normal/cd2/music disks/pc/fuzzion - ofFlimitS v1.1 linux/audio/jcl_bjoy.it
file music-module	mirrors/scenesp.org/compilations/modplanet/normal/cd2/music disks/pc/fuzzion - ofFlimitS v1.1 linux/audio/jz_ztime.it	55.52K	compilations/modplanet/normal/cd2/music disks/pc/fuzzion - ofFlimitS v1.1 linux/audio/jz_ztime.it
file music-module	mirrors/scenesp.org/compilations/modplanet/normal/cd2/music disks/pc/fuzzion - ofFlimitS v1.1 linux/audio/nf-velv.it	44.64K	compilations/modplanet/normal/cd2/music disks/pc/fuzzion - ofFlimitS v1.1 linux/audio/nf-velv.it
file music-module	mirrors/scenesp.org/compilations/modplanet/normal/cd2/music disks/pc/fuzzion - ofFlimitS v1.1 linux/audio/nn-reak.it	43.46K	compilations/modplanet/normal/cd2/music disks/pc/fuzzion - ofFlimitS v1.1 linux/audio/nn-reak.it
file music-module	mirrors/scenesp.org/compilations/modplanet/normal/cd2/music disks/pc/fuzzion - ofFlimitS v1.1 linux/audio/ovf-conc.it	16.40K	compilations/modplanet/normal/cd2/music disks/pc/fuzzion - ofFlimitS v1.1 linux/audio/ovf-conc.it
file music-module	mirrors/scenesp.org/compilations/modplanet/normal/cd2/music disks/pc/fuzzion - ofFlimitS v1.1 linux/audio/pap.it	29.87K	compilations/modplanet/normal/cd2/music disks/pc/fuzzion - ofFlimitS v1.1 linux/audio/pap.it
file music-module	mirrors/scenesp.org/compilations/modplanet/normal/cd2/music disks/pc/fuzzion - ofFlimitS v1.1 linux/audio/rare2.it	42.15K	compilations/modplanet/normal/cd2/music disks/pc/fuzzion - ofFlimitS v1.1 linux/audio/rare2.it
file music-module	mirrors/scenesp.org/compilations/modplanet/normal/cd2/music disks/pc/fuzzion - ofFlimitS v1.1 linux/audio/sml_bpin.it	34.39K	compilations/modplanet/normal/cd2/music disks/pc/fuzzion - ofFlimitS v1.1 linux/audio/sml_bpin.it
file music-module	mirrors/scenesp.org/compilations/modplanet/normal/cd2/music disks/pc/fuzzion - ofFlimitS v1.1 linux/audio/sml_ctr.it	34.97K	compilations/modplanet/normal/cd2/music disks/pc/fuzzion - ofFlimitS v1.1 linux/audio/sml_ctr.it
file music-module	mirrors/scenesp.org/compilations/modplanet/normal/cd2/music disks/pc/fuzzion - ofFlimitS v1.1 linux/audio/sml_dcb2.it	34.12K	compilations/modplanet/normal/cd2/music disks/pc/fuzzion - ofFlimitS v1.1 linux/audio/sml_dcb2.it
file music-module	mirrors/scenesp.org/compilations/modplanet/normal/cd2/music disks/pc/fuzzion - ofFlimitS v1.1 linux/audio/sml_oafn.it	59.15K	compilations/modplanet/normal/cd2/music disks/pc/fuzzion - ofFlimitS v1.1 linux/audio/sml_oafn.it
file music-module	mirrors/scenesp.org/compilations/modplanet/normal/cd2/music disks/pc/fuzzion - ofFlimitS v1.1 linux/audio/sml_pine.it	83.39K	compilations/modplanet/normal/cd2/music disks/pc/fuzzion - ofFlimitS v1.1 linux/audio/sml_pine.it
file music-module	mirrors/scenesp.org/compilations/modplanet/normal/cd2/music disks/pc/fuzzion - ofFlimitS v1.1 linux/audio/sml_prim.it	55.39K	compilations/modplanet/normal/cd2/music disks/pc/fuzzion - ofFlimitS v1.1 linux/audio/sml_prim.it
file music-module	mirrors/scenesp.org/compilations/modplanet/normal/cd2/music disks/pc/fuzzion - ofFlimitS v1.1 linux/audio/xmas.it	11.21K	compilations/modplanet/normal/cd2/music disks/pc/fuzzion - ofFlimitS v1.1 linux/audio/xmas.it
file music-module	mirrors/scenesp.org/compilations/modplanet/normal/cd2/music disks/pc/fuzzion - ofFlimitS v1.1 linux/audio/v1.2/kinetik.it	26.50K	compilations/modplanet/normal/cd2/music disks/pc/fuzzion - ofFlimitS v1.1 linux/audio/v1.2/kinetik.it
file music-module	mirrors/scenesp.org/compilations/modplanet/normal/cd2/music disks/pc/fuzzion - ofFlimitS v1.1 linux/audio/v1.2/SML_STRE.IT	59.58K	compilations/modplanet/normal/cd2/music disks/pc/fuzzion - ofFlimitS v1.1 linux/audio/v1.2/SML_STRE.IT
file music-module	mirrors/scenesp.org/compilations/modplanet/normal/cd2/music disks/pc/fuzzion - ofFlimitS v1.1 win/audio/ab_dc15.it	45.45K	compilations/modplanet/normal/cd2/music disks/pc/fuzzion - ofFlimitS v1.1 win/audio/ab_dc15.it
file music-module	mirrors/scenesp.org/compilations/modplanet/normal/cd2/music disks/pc/fuzzion - ofFlimitS v1.1 win/audio/dchipb.it	24.30K	compilations/modplanet/normal/cd2/music disks/pc/fuzzion - ofFlimitS v1.1 win/audio/dchipb.it
file music-module	mirrors/scenesp.org/compilations/modplanet/normal/cd2/music disks/pc/fuzzion - ofFlimitS v1.1 win/audio/jcl_bjoy.it	36.71K	compilations/modplanet/normal/cd2/music disks/pc/fuzzion - ofFlimitS v1.1 win/audio/jcl_bjoy.it
file music-module	mirrors/scenesp.org/compilations/modplanet/normal/cd2/music disks/pc/fuzzion - ofFlimitS v1.1 win/audio/jz_ztime.it	55.52K	compilations/modplanet/normal/cd2/music disks/pc/fuzzion - ofFlimitS v1.1 win/audio/jz_ztime.it
file music-module	mirrors/scenesp.org/compilations/modplanet/normal/cd2/music disks/pc/fuzzion - ofFlimitS v1.1 win/audio/nf-velv.it	44.64K	compilations/modplanet/normal/cd2/music disks/pc/fuzzion - ofFlimitS v1.1 win/audio/nf-velv.it
file music-module	mirrors/scenesp.org/compilations/modplanet/normal/cd2/music disks/pc/fuzzion - ofFlimitS v1.1 win/audio/nn-reak.it	43.46K	compilations/modplanet/normal/cd2/music disks/pc/fuzzion - ofFlimitS v1.1 win/audio/nn-reak.it
file music-module	mirrors/scenesp.org/compilations/modplanet/normal/cd2/music disks/pc/fuzzion - ofFlimitS v1.1 win/audio/ovf-conc.it	16.40K	compilations/modplanet/normal/cd2/music disks/pc/fuzzion - ofFlimitS v1.1 win/audio/ovf-conc.it
file music-module	mirrors/scenesp.org/compilations/modplanet/normal/cd2/music disks/pc/fuzzion - ofFlimitS v1.1 win/audio/pap.it	29.87K	compilations/modplanet/normal/cd2/music disks/pc/fuzzion - ofFlimitS v1.1 win/audio/pap.it
file music-module	mirrors/scenesp.org/compilations/modplanet/normal/cd2/music disks/pc/fuzzion - ofFlimitS v1.1 win/audio/rare2.it	42.15K	compilations/modplanet/normal/cd2/music disks/pc/fuzzion - ofFlimitS v1.1 win/audio/rare2.it
file music-module	mirrors/scenesp.org/compilations/modplanet/normal/cd2/music disks/pc/fuzzion - ofFlimitS v1.1 win/audio/sml_bpin.it	34.39K	compilations/modplanet/normal/cd2/music disks/pc/fuzzion - ofFlimitS v1.1 win/audio/sml_bpin.it
file music-module	mirrors/scenesp.org/compilations/modplanet/normal/cd2/music disks/pc/fuzzion - ofFlimitS v1.1 win/audio/sml_ctr.it	34.97K	compilations/modplanet/normal/cd2/music disks/pc/fuzzion - ofFlimitS v1.1 win/audio/sml_ctr.it
file music-module	mirrors/scenesp.org/compilations/modplanet/normal/cd2/music disks/pc/fuzzion - ofFlimitS v1.1 win/audio/sml_dcb2.it	34.12K	compilations/modplanet/normal/cd2/music disks/pc/fuzzion - ofFlimitS v1.1 win/audio/sml_dcb2.it
file music-module	mirrors/scenesp.org/compilations/modplanet/normal/cd2/music disks/pc/fuzzion - ofFlimitS v1.1 win/audio/sml_oafn.it	59.18K	compilations/modplanet/normal/cd2/music disks/pc/fuzzion - ofFlimitS v1.1 win/audio/sml_oafn.it
file music-module	mirrors/scenesp.org/compilations/modplanet/normal/cd2/music disks/pc/fuzzion - ofFlimitS v1.1 win/audio/sml_pine.it	83.39K	compilations/modplanet/normal/cd2/music disks/pc/fuzzion - ofFlimitS v1.1 win/audio/sml_pine.it
file music-module	mirrors/scenesp.org/compilations/modplanet/normal/cd2/music disks/pc/fuzzion - ofFlimitS v1.1 win/audio/sml_prim.it	55.39K	compilations/modplanet/normal/cd2/music disks/pc/fuzzion - ofFlimitS v1.1 win/audio/sml_prim.it
file music-module	mirrors/scenesp.org/compilations/modplanet/normal/cd2/music disks/pc/fuzzion - ofFlimitS v1.1 win/audio/xmas.it	11.21K	compilations/modplanet/normal/cd2/music disks/pc/fuzzion - ofFlimitS v1.1 win/audio/xmas.it
file music-module	mirrors/scenesp.org/compilations/modplanet/normal/cd2/music disks/pc/fuzzion - ofFlimitS v1.1 win/audio/v1.2/kinetik.it	26.50K	compilations/modplanet/normal/cd2/music disks/pc/fuzzion - ofFlimitS v1.1 win/audio/v1.2/kinetik.it
file music-module	mirrors/scenesp.org/compilations/modplanet/normal/cd2/music disks/pc/fuzzion - ofFlimitS v1.1 win/audio/v1.2/SML_STRE.IT	59.58K	compilations/modplanet/normal/cd2/music disks/pc/fuzzion - ofFlimitS v1.1 win/audio/v1.2/SML_STRE.IT
file music-module	mirrors/scenesp.org/compilations/modplanet/normal/cd2/music disks/pc/modulez - modaddiction%231/modules ripped/az_lost.it	831.30K	compilations/modplanet/normal/cd2/music disks/pc/modulez - modaddiction%231/modules ripped/az_lost.it
file music-module	mirrors/scenesp.org/compilations/modplanet/normal/cd2/music disks/pc/modulez - modaddiction%231/modules ripped/FIN-NOVO.IT	306.84K	compilations/modplanet/normal/cd2/music disks/pc/modulez - modaddiction%231/modules ripped/FIN-NOVO.IT
file music-module	mirrors/scenesp.org/compilations/modplanet/normal/cd2/music disks/pc/modulez - modaddiction%231/modules ripped/Fzn_dstv.it	869.70K	compilations/modplanet/normal/cd2/music disks/pc/modulez - modaddiction%231/modules ripped/Fzn_dstv.it
file music-module	mirrors/scenesp.org/compilations/modplanet/normal/cd2/music disks/pc/modulez - modaddiction%231/modules ripped/HR-EMSP!.IT	814.49K	compilations/modplanet/normal/cd2/music disks/pc/modulez - modaddiction%231/modules ripped/HR-EMSP!.IT
file music-module	mirrors/scenesp.org/compilations/modplanet/normal/cd2/music disks/pc/modulez - modaddiction%231/modules ripped/jcl_ambg.it	0.95M	compilations/modplanet/normal/cd2/music disks/pc/modulez - modaddiction%231/modules ripped/jcl_ambg.it
file music-module	mirrors/scenesp.org/compilations/modplanet/normal/cd2/music disks/pc/modulez - modaddiction%231/modules ripped/WIZ_BLND.IT	672.42K	compilations/modplanet/normal/cd2/music disks/pc/modulez - modaddiction%231/modules ripped/WIZ_BLND.IT
file music-module	mirrors/scenesp.org/compilations/modplanet/normal/cd2/music disks/pc/modulez - modaddiction%231/modules ripped/wnd_nb.it	534.25K	compilations/modplanet/normal/cd2/music disks/pc/modulez - modaddiction%231/modules ripped/wnd_nb.it
file music-module	mirrors/scenesp.org/compilations/modplanet/normal/cd2/music disks/pc/modulez - modaddiction%231/modules ripped/YR_MOONS.IT	584.59K	compilations/modplanet/normal/cd2/music disks/pc/modulez - modaddiction%231/modules ripped/YR_MOONS.IT
file music-module	mirrors/scenesp.org/compilations/modplanet/normal/cd2/music disks/pc/music massage special %23 sml/haunted forest 2/haunted2.it	746.44K	compilations/modplanet/normal/cd2/music disks/pc/music massage special %23 sml/haunted forest 2/haunted2.it
file music-module	mirrors/scenesp.org/compilations/modplanet/normal/cd2/music disks/pc/music massage special %23 sml/lady's dance/ab_ladyd.it	1.34M	compilations/modplanet/normal/cd2/music disks/pc/music massage special %23 sml/lady's dance/ab_ladyd.it
file music-module	mirrors/scenesp.org/compilations/modplanet/normal/cd2/music disks/pc/music massage special %23 sml/livin' in ctra boecillo/nw-livin.it	1.31M	compilations/modplanet/normal/cd2/music disks/pc/music massage special %23 sml/livin' in ctra boecillo/nw-livin.it
file music-module	mirrors/scenesp.org/compilations/modplanet/normal/cd2/music disks/pc/music massage special %23 sml/loitering in spitalfields/spital.it	458.26K	compilations/modplanet/normal/cd2/music disks/pc/music massage special %23 sml/loitering in spitalfields/spital.it
file music-module	mirrors/scenesp.org/compilations/modplanet/normal/cd2/music disks/pc/music massage special %23 sml/magic & runes/nn-magic.it	1.08M	compilations/modplanet/normal/cd2/music disks/pc/music massage special %23 sml/magic & runes/nn-magic.it
file music-module	mirrors/scenesp.org/compilations/modplanet/normal/cd2/pc artists N-Z/naif/BUGB.IT	65.35K	compilations/modplanet/normal/cd2/pc artists N-Z/naif/BUGB.IT
file music-module	mirrors/scenesp.org/compilations/modplanet/normal/cd2/pc artists N-Z/naif/CONTRAST.IT	1.25M	compilations/modplanet/normal/cd2/pc artists N-Z/naif/CONTRAST.IT
file music-module	mirrors/scenesp.org/compilations/modplanet/normal/cd2/pc artists N-Z/naif/NF-ABSOL.IT	10.00K	compilations/modplanet/normal/cd2/pc artists N-Z/naif/NF-ABSOL.IT
file music-module	mirrors/scenesp.org/compilations/modplanet/normal/cd2/pc artists N-Z/naif/NF-DAZZC.IT	420.99K	compilations/modplanet/normal/cd2/pc artists N-Z/naif/NF-DAZZC.IT
file music-module	mirrors/scenesp.org/compilations/modplanet/normal/cd2/pc artists N-Z/naif/NF-SNDAY.IT	407.73K	compilations/modplanet/normal/cd2/pc artists N-Z/naif/NF-SNDAY.IT
file music-module	mirrors/scenesp.org/compilations/modplanet/normal/cd2/pc artists N-Z/naif/NF-TREND.IT	574.00K	compilations/modplanet/normal/cd2/pc artists N-Z/naif/NF-TREND.IT
file music-module	mirrors/scenesp.org/compilations/modplanet/normal/cd2/pc artists N-Z/naif/Nf-delit.it	397.50K	compilations/modplanet/normal/cd2/pc artists N-Z/naif/Nf-delit.it
file music-module	mirrors/scenesp.org/compilations/modplanet/normal/cd2/pc artists N-Z/naif/Nf-rofin.it	132.42K	compilations/modplanet/normal/cd2/pc artists N-Z/naif/Nf-rofin.it
file music-module	mirrors/scenesp.org/compilations/modplanet/normal/cd2/pc artists N-Z/naif/Nf-velv.it	44.64K	compilations/modplanet/normal/cd2/pc artists N-Z/naif/Nf-velv.it
file music-module	mirrors/scenesp.org/compilations/modplanet/normal/cd2/pc artists N-Z/naif/NLW-FPL.IT	265.11K	compilations/modplanet/normal/cd2/pc artists N-Z/naif/NLW-FPL.IT
file music-module	mirrors/scenesp.org/compilations/modplanet/normal/cd2/pc artists N-Z/naif/NW-AJALV.IT	334.00K	compilations/modplanet/normal/cd2/pc artists N-Z/naif/NW-AJALV.IT
file music-module	mirrors/scenesp.org/compilations/modplanet/normal/cd2/pc artists N-Z/naif/NW-LIVIN.IT	1.31M	compilations/modplanet/normal/cd2/pc artists N-Z/naif/NW-LIVIN.IT
file music-module	mirrors/scenesp.org/compilations/modplanet/normal/cd2/pc artists N-Z/naif/nf-s68hc.it	111.45K	compilations/modplanet/normal/cd2/pc artists N-Z/naif/nf-s68hc.it
file music-module	mirrors/scenesp.org/compilations/modplanet/normal/cd2/pc artists N-Z/naif/pap.it	29.87K	compilations/modplanet/normal/cd2/pc artists N-Z/naif/pap.it
file music-module	mirrors/scenesp.org/compilations/modplanet/normal/cd2/pc artists N-Z/neno/Coldjazz.it	1.21M	compilations/modplanet/normal/cd2/pc artists N-Z/neno/Coldjazz.it
file music-module	mirrors/scenesp.org/compilations/modplanet/normal/cd2/pc artists N-Z/neno/digital.it	19.87K	compilations/modplanet/normal/cd2/pc artists N-Z/neno/digital.it
file music-module	mirrors/scenesp.org/compilations/modplanet/normal/cd2/pc artists N-Z/neno/IBERIKA.IT	1.29M	compilations/modplanet/normal/cd2/pc artists N-Z/neno/IBERIKA.IT
file music-module	mirrors/scenesp.org/compilations/modplanet/normal/cd2/pc artists N-Z/neno/Kinet2.it	26.50K	compilations/modplanet/normal/cd2/pc artists N-Z/neno/Kinet2.it
file music-module	mirrors/scenesp.org/compilations/modplanet/normal/cd2/pc artists N-Z/neno/Liedown.it	911.74K	compilations/modplanet/normal/cd2/pc artists N-Z/neno/Liedown.it
file music-module	mirrors/scenesp.org/compilations/modplanet/normal/cd2/pc artists N-Z/neno/LT2.IT	571.48K	compilations/modplanet/normal/cd2/pc artists N-Z/neno/LT2.IT
file music-module	mirrors/scenesp.org/compilations/modplanet/normal/cd2/pc artists N-Z/neno/NENODBD.IT	777.42K	compilations/modplanet/normal/cd2/pc artists N-Z/neno/NENODBD.IT
file music-module	mirrors/scenesp.org/compilations/modplanet/normal/cd2/pc artists N-Z/neno/NN-DVC2.IT	191.92K	compilations/modplanet/normal/cd2/pc artists N-Z/neno/NN-DVC2.IT
file music-module	mirrors/scenesp.org/compilations/modplanet/normal/cd2/pc artists N-Z/neno/NN-LACK.IT	46.18K	compilations/modplanet/normal/cd2/pc artists N-Z/neno/NN-LACK.IT
file music-module	mirrors/scenesp.org/compilations/modplanet/normal/cd2/pc artists N-Z/neno/NN-MAGIC.IT	1.08M	compilations/modplanet/normal/cd2/pc artists N-Z/neno/NN-MAGIC.IT
file music-module	mirrors/scenesp.org/compilations/modplanet/normal/cd2/pc artists N-Z/neno/NN-TAISH.IT	240.02K	compilations/modplanet/normal/cd2/pc artists N-Z/neno/NN-TAISH.IT
file music-module	mirrors/scenesp.org/compilations/modplanet/normal/cd2/pc artists N-Z/neno/Nn-tune.it	1.51M	compilations/modplanet/normal/cd2/pc artists N-Z/neno/Nn-tune.it
file music-module	mirrors/scenesp.org/compilations/modplanet/normal/cd2/pc artists N-Z/neno/Nn-war.it	811.10K	compilations/modplanet/normal/cd2/pc artists N-Z/neno/Nn-war.it
file music-module	mirrors/scenesp.org/compilations/modplanet/normal/cd2/pc artists N-Z/neno/Nn_synth.it	1.11M	compilations/modplanet/normal/cd2/pc artists N-Z/neno/Nn_synth.it
file music-module	mirrors/scenesp.org/compilations/modplanet/normal/cd2/pc artists N-Z/neno/nn-dope.it	1.10M	compilations/modplanet/normal/cd2/pc artists N-Z/neno/nn-dope.it
file music-module	mirrors/scenesp.org/compilations/modplanet/normal/cd2/pc artists N-Z/neno/nn-drops.it	583.81K	compilations/modplanet/normal/cd2/pc artists N-Z/neno/nn-drops.it
file music-module	mirrors/scenesp.org/compilations/modplanet/normal/cd2/pc artists N-Z/neno/nn-funk.it	766.87K	compilations/modplanet/normal/cd2/pc artists N-Z/neno/nn-funk.it
file music-module	mirrors/scenesp.org/compilations/modplanet/normal/cd2/pc artists N-Z/neno/nn-reak.it	43.46K	compilations/modplanet/normal/cd2/pc artists N-Z/neno/nn-reak.it
file music-module	mirrors/scenesp.org/compilations/modplanet/normal/cd2/pc artists N-Z/neno/nn-stars.it	742.96K	compilations/modplanet/normal/cd2/pc artists N-Z/neno/nn-stars.it
file music-module	mirrors/scenesp.org/compilations/modplanet/normal/cd2/pc artists N-Z/neno/Old_303.it	810.60K	compilations/modplanet/normal/cd2/pc artists N-Z/neno/Old_303.it
file music-module	mirrors/scenesp.org/compilations/modplanet/normal/cd2/pc artists N-Z/neno/POPSDRUM.IT	1.35M	compilations/modplanet/normal/cd2/pc artists N-Z/neno/POPSDRUM.IT
file music-module	mirrors/scenesp.org/compilations/modplanet/normal/cd2/pc artists N-Z/overflow/OVF-CHAO.IT	488.37K	compilations/modplanet/normal/cd2/pc artists N-Z/overflow/OVF-CHAO.IT
file music-module	mirrors/scenesp.org/compilations/modplanet/normal/cd2/pc artists N-Z/overflow/OVF-CONC.IT	16.39K	compilations/modplanet/normal/cd2/pc artists N-Z/overflow/OVF-CONC.IT
file music-module	mirrors/scenesp.org/compilations/modplanet/normal/cd2/pc artists N-Z/overflow/OVF_GH.IT	68.60K	compilations/modplanet/normal/cd2/pc artists N-Z/overflow/OVF_GH.IT
file music-module	mirrors/scenesp.org/compilations/modplanet/normal/cd2/pc artists N-Z/overflow/OVF_SAW.IT	58.59K	compilations/modplanet/normal/cd2/pc artists N-Z/overflow/OVF_SAW.IT
file music-module	mirrors/scenesp.org/compilations/modplanet/normal/cd2/pc artists N-Z/overflow/ovf-adio.it	377.37K	compilations/modplanet/normal/cd2/pc artists N-Z/overflow/ovf-adio.it
file music-module	mirrors/scenesp.org/compilations/modplanet/normal/cd2/pc artists N-Z/overflow/ovf-ayud.it	562.75K	compilations/modplanet/normal/cd2/pc artists N-Z/overflow/ovf-ayud.it
file music-module	mirrors/scenesp.org/compilations/modplanet/normal/cd2/pc artists N-Z/overflow/ovf-brea.it	751.35K	compilations/modplanet/normal/cd2/pc artists N-Z/overflow/ovf-brea.it
file music-module	mirrors/scenesp.org/compilations/modplanet/normal/cd2/pc artists N-Z/overflow/ovf-cas2.it	567.19K	compilations/modplanet/normal/cd2/pc artists N-Z/overflow/ovf-cas2.it
file music-module	mirrors/scenesp.org/compilations/modplanet/normal/cd2/pc artists N-Z/overflow/ovf-cast.it	555.89K	compilations/modplanet/normal/cd2/pc artists N-Z/overflow/ovf-cast.it
file music-module	mirrors/scenesp.org/compilations/modplanet/normal/cd2/pc artists N-Z/overflow/ovf-doom.it	801.63K	compilations/modplanet/normal/cd2/pc artists N-Z/overflow/ovf-doom.it
file music-module	mirrors/scenesp.org/compilations/modplanet/normal/cd2/pc artists N-Z/overflow/ovf-holo.it	774.08K	compilations/modplanet/normal/cd2/pc artists N-Z/overflow/ovf-holo.it
file music-module	mirrors/scenesp.org/compilations/modplanet/normal/cd2/pc artists N-Z/overflow/ovf-huye.it	671.43K	compilations/modplanet/normal/cd2/pc artists N-Z/overflow/ovf-huye.it
file music-module	mirrors/scenesp.org/compilations/modplanet/normal/cd2/pc artists N-Z/overflow/ovf-mane.it	478.29K	compilations/modplanet/normal/cd2/pc artists N-Z/overflow/ovf-mane.it
file music-module	mirrors/scenesp.org/compilations/modplanet/normal/cd2/pc artists N-Z/overflow/ovf-mcl.it	425.25K	compilations/modplanet/normal/cd2/pc artists N-Z/overflow/ovf-mcl.it
file music-module	mirrors/scenesp.org/compilations/modplanet/normal/cd2/pc artists N-Z/overflow/ovf-moro.it	398.67K	compilations/modplanet/normal/cd2/pc artists N-Z/overflow/ovf-moro.it
file music-module	mirrors/scenesp.org/compilations/modplanet/normal/cd2/pc artists N-Z/overflow/ovf-para.it	370.41K	compilations/modplanet/normal/cd2/pc artists N-Z/overflow/ovf-para.it
file music-module	mirrors/scenesp.org/compilations/modplanet/normal/cd2/pc artists N-Z/overflow/ovf-rom2.it	484.00K	compilations/modplanet/normal/cd2/pc artists N-Z/overflow/ovf-rom2.it
file music-module	mirrors/scenesp.org/compilations/modplanet/normal/cd2/pc artists N-Z/overflow/ovf-romp.it	751.25K	compilations/modplanet/normal/cd2/pc artists N-Z/overflow/ovf-romp.it
file music-module	mirrors/scenesp.org/compilations/modplanet/normal/cd2/pc artists N-Z/overflow/ovf_22.it	615.58K	compilations/modplanet/normal/cd2/pc artists N-Z/overflow/ovf_22.it
file music-module	mirrors/scenesp.org/compilations/modplanet/normal/cd2/pc artists N-Z/overflow/ovf_cg99.it	780.34K	compilations/modplanet/normal/cd2/pc artists N-Z/overflow/ovf_cg99.it
file music-module	mirrors/scenesp.org/compilations/modplanet/normal/cd2/pc artists N-Z/overflow/ovf_cgep.it	1.13M	compilations/modplanet/normal/cd2/pc artists N-Z/overflow/ovf_cgep.it
file music-module	mirrors/scenesp.org/compilations/modplanet/normal/cd2/pc artists N-Z/overflow/ovf_deta.it	776.99K	compilations/modplanet/normal/cd2/pc artists N-Z/overflow/ovf_deta.it
file music-module	mirrors/scenesp.org/compilations/modplanet/normal/cd2/pc artists N-Z/overflow/ovf_stol.it	1.21M	compilations/modplanet/normal/cd2/pc artists N-Z/overflow/ovf_stol.it
file music-module	mirrors/scenesp.org/compilations/modplanet/normal/cd2/pc artists N-Z/overflow/ovf_wedd.it	1.27M	compilations/modplanet/normal/cd2/pc artists N-Z/overflow/ovf_wedd.it
file music-module	mirrors/scenesp.org/compilations/modplanet/normal/cd2/pc artists N-Z/riddler/FACEFIN.IT	1.08M	compilations/modplanet/normal/cd2/pc artists N-Z/riddler/FACEFIN.IT
file music-module	mirrors/scenesp.org/compilations/modplanet/normal/cd2/pc artists N-Z/riddler/RidDleR.it	318.39K	compilations/modplanet/normal/cd2/pc artists N-Z/riddler/RidDleR.it
file music-module	mirrors/scenesp.org/compilations/modplanet/normal/cd2/pc artists N-Z/riddler/RidDleR_mcanal.it	398.03K	compilations/modplanet/normal/cd2/pc artists N-Z/riddler/RidDleR_mcanal.it
file music-module	mirrors/scenesp.org/compilations/modplanet/normal/cd2/pc artists N-Z/sergeeo/az_lost.it	831.30K	compilations/modplanet/normal/cd2/pc artists N-Z/sergeeo/az_lost.it
file music-module	mirrors/scenesp.org/compilations/modplanet/normal/cd2/pc artists N-Z/sergeeo/az_ser64_8.it	0.99M	compilations/modplanet/normal/cd2/pc artists N-Z/sergeeo/az_ser64_8.it
file music-module	mirrors/scenesp.org/compilations/modplanet/normal/cd2/pc artists N-Z/sergeeo/byteinsurrection.it	367.46K	compilations/modplanet/normal/cd2/pc artists N-Z/sergeeo/byteinsurrection.it
file music-module	mirrors/scenesp.org/compilations/modplanet/normal/cd2/pc artists N-Z/sergeeo/elev8or.it	81.46K	compilations/modplanet/normal/cd2/pc artists N-Z/sergeeo/elev8or.it
file music-module	mirrors/scenesp.org/compilations/modplanet/normal/cd2/pc artists N-Z/sergeeo/otsghdx.it	489.33K	compilations/modplanet/normal/cd2/pc artists N-Z/sergeeo/otsghdx.it
file music-module	mirrors/scenesp.org/compilations/modplanet/normal/cd2/pc artists N-Z/sergeeo/otsgrain.it	907.48K	compilations/modplanet/normal/cd2/pc artists N-Z/sergeeo/otsgrain.it
file music-module	mirrors/scenesp.org/compilations/modplanet/normal/cd2/pc artists N-Z/sergeeo/otsgsnz.it	538.19K	compilations/modplanet/normal/cd2/pc artists N-Z/sergeeo/otsgsnz.it
file music-module	mirrors/scenesp.org/compilations/modplanet/normal/cd2/pc artists N-Z/sergeeo/otsgsunc.it	2.40M	compilations/modplanet/normal/cd2/pc artists N-Z/sergeeo/otsgsunc.it
file music-module	mirrors/scenesp.org/compilations/modplanet/normal/cd2/pc artists N-Z/sergeeo/Ser_21.it	1.31M	compilations/modplanet/normal/cd2/pc artists N-Z/sergeeo/Ser_21.it
file music-module	mirrors/scenesp.org/compilations/modplanet/normal/cd2/pc artists N-Z/sergeeo/Ser_22.it	613.10K	compilations/modplanet/normal/cd2/pc artists N-Z/sergeeo/Ser_22.it
file music-module	mirrors/scenesp.org/compilations/modplanet/normal/cd2/pc artists N-Z/sergeeo/Ser_27.it	792.41K	compilations/modplanet/normal/cd2/pc artists N-Z/sergeeo/Ser_27.it
file music-module	mirrors/scenesp.org/compilations/modplanet/normal/cd2/pc artists N-Z/sergeeo/Ser_29.it	1.11M	compilations/modplanet/normal/cd2/pc artists N-Z/sergeeo/Ser_29.it
file music-module	mirrors/scenesp.org/compilations/modplanet/normal/cd2/pc artists N-Z/sergeeo/Ser_31.it	627.10K	compilations/modplanet/normal/cd2/pc artists N-Z/sergeeo/Ser_31.it
file music-module	mirrors/scenesp.org/compilations/modplanet/normal/cd2/pc artists N-Z/sergeeo/Ser_38.it	554.77K	compilations/modplanet/normal/cd2/pc artists N-Z/sergeeo/Ser_38.it
file music-module	mirrors/scenesp.org/compilations/modplanet/normal/cd2/pc artists N-Z/sergeeo/Ser_39.it	1.06M	compilations/modplanet/normal/cd2/pc artists N-Z/sergeeo/Ser_39.it
file music-module	mirrors/scenesp.org/compilations/modplanet/normal/cd2/pc artists N-Z/sergeeo/Ser_42_8bit.it	1.26M	compilations/modplanet/normal/cd2/pc artists N-Z/sergeeo/Ser_42_8bit.it
file music-module	mirrors/scenesp.org/compilations/modplanet/normal/cd2/pc artists N-Z/sergeeo/Ser_43_8bit.it	1.09M	compilations/modplanet/normal/cd2/pc artists N-Z/sergeeo/Ser_43_8bit.it
file music-module	mirrors/scenesp.org/compilations/modplanet/normal/cd2/pc artists N-Z/sergeeo/Ser_51.it	195.49K	compilations/modplanet/normal/cd2/pc artists N-Z/sergeeo/Ser_51.it
file music-module	mirrors/scenesp.org/compilations/modplanet/normal/cd2/pc artists N-Z/sergeeo/Ser_61.it	574.38K	compilations/modplanet/normal/cd2/pc artists N-Z/sergeeo/Ser_61.it
file music-module	mirrors/scenesp.org/compilations/modplanet/normal/cd2/pc artists N-Z/sergeeo/ser_16.it	1.02M	compilations/modplanet/normal/cd2/pc artists N-Z/sergeeo/ser_16.it
file music-module	mirrors/scenesp.org/compilations/modplanet/normal/cd2/pc artists N-Z/sergeeo/ser_23.it	609.28K	compilations/modplanet/normal/cd2/pc artists N-Z/sergeeo/ser_23.it
file music-module	mirrors/scenesp.org/compilations/modplanet/normal/cd2/pc artists N-Z/sergeeo/ser_26.it	2.14M	compilations/modplanet/normal/cd2/pc artists N-Z/sergeeo/ser_26.it
file music-module	mirrors/scenesp.org/compilations/modplanet/normal/cd2/pc artists N-Z/sergeeo/ser_62.it	277.58K	compilations/modplanet/normal/cd2/pc artists N-Z/sergeeo/ser_62.it
file music-module	mirrors/scenesp.org/compilations/modplanet/normal/cd2/pc artists N-Z/sergeeo/ser_63.it	909.86K	compilations/modplanet/normal/cd2/pc artists N-Z/sergeeo/ser_63.it
file music-module	mirrors/scenesp.org/compilations/modplanet/normal/cd2/pc artists N-Z/sergeeo/wut-srgwat.it	60.80K	compilations/modplanet/normal/cd2/pc artists N-Z/sergeeo/wut-srgwat.it
file music-module	mirrors/scenesp.org/compilations/modplanet/normal/cd2/pc artists N-Z/sergeeo/chiptune/4years.it	18.43K	compilations/modplanet/normal/cd2/pc artists N-Z/sergeeo/chiptune/4years.it
file music-module	mirrors/scenesp.org/compilations/modplanet/normal/cd2/pc artists N-Z/sergeeo/chiptune/chupa.it	19.38K	compilations/modplanet/normal/cd2/pc artists N-Z/sergeeo/chiptune/chupa.it
file music-module	mirrors/scenesp.org/compilations/modplanet/normal/cd2/pc artists N-Z/sergeeo/chiptune/entre2.it	14.41K	compilations/modplanet/normal/cd2/pc artists N-Z/sergeeo/chiptune/entre2.it
file music-module	mirrors/scenesp.org/compilations/modplanet/normal/cd2/pc artists N-Z/sergeeo/chiptune/fishes.it	14.85K	compilations/modplanet/normal/cd2/pc artists N-Z/sergeeo/chiptune/fishes.it
file music-module	mirrors/scenesp.org/compilations/modplanet/normal/cd2/pc artists N-Z/sergeeo/chiptune/gaymusic.it	63.20K	compilations/modplanet/normal/cd2/pc artists N-Z/sergeeo/chiptune/gaymusic.it
file music-module	mirrors/scenesp.org/compilations/modplanet/normal/cd2/pc artists N-Z/sergeeo/chiptune/heart.it	60.60K	compilations/modplanet/normal/cd2/pc artists N-Z/sergeeo/chiptune/heart.it
file music-module	mirrors/scenesp.org/compilations/modplanet/normal/cd2/pc artists N-Z/sergeeo/chiptune/myassrulez.it	32.36K	compilations/modplanet/normal/cd2/pc artists N-Z/sergeeo/chiptune/myassrulez.it
file music-module	mirrors/scenesp.org/compilations/modplanet/normal/cd2/pc artists N-Z/sergeeo/chiptune/myyog.it	18.01K	compilations/modplanet/normal/cd2/pc artists N-Z/sergeeo/chiptune/myyog.it
file music-module	mirrors/scenesp.org/compilations/modplanet/normal/cd2/pc artists N-Z/sergeeo/chiptune/newlove.it	25.79K	compilations/modplanet/normal/cd2/pc artists N-Z/sergeeo/chiptune/newlove.it
file music-module	mirrors/scenesp.org/compilations/modplanet/normal/cd2/pc artists N-Z/sergeeo/chiptune/piano.it	48.67K	compilations/modplanet/normal/cd2/pc artists N-Z/sergeeo/chiptune/piano.it
file music-module	mirrors/scenesp.org/compilations/modplanet/normal/cd2/pc artists N-Z/sergeeo/chiptune/rockchip.it	13.85K	compilations/modplanet/normal/cd2/pc artists N-Z/sergeeo/chiptune/rockchip.it
file music-module	mirrors/scenesp.org/compilations/modplanet/normal/cd2/pc artists N-Z/sergeeo/chiptune/Ser_41.it	18.73K	compilations/modplanet/normal/cd2/pc artists N-Z/sergeeo/chiptune/Ser_41.it
file music-module	mirrors/scenesp.org/compilations/modplanet/normal/cd2/pc artists N-Z/sergeeo/chiptune/Ser_44.it	48.67K	compilations/modplanet/normal/cd2/pc artists N-Z/sergeeo/chiptune/Ser_44.it
file music-module	mirrors/scenesp.org/compilations/modplanet/normal/cd2/pc artists N-Z/sergeeo/chiptune/Ser_47.it	43.04K	compilations/modplanet/normal/cd2/pc artists N-Z/sergeeo/chiptune/Ser_47.it
file music-module	mirrors/scenesp.org/compilations/modplanet/normal/cd2/pc artists N-Z/sergeeo/chiptune/Ser_54.it	2.09K	compilations/modplanet/normal/cd2/pc artists N-Z/sergeeo/chiptune/Ser_54.it
file music-module	mirrors/scenesp.org/compilations/modplanet/normal/cd2/pc artists N-Z/sergeeo/chiptune/Ser_55.it	14.76K	compilations/modplanet/normal/cd2/pc artists N-Z/sergeeo/chiptune/Ser_55.it
file music-module	mirrors/scenesp.org/compilations/modplanet/normal/cd2/pc artists N-Z/sergeeo/chiptune/Ser_58.it	63.09K	compilations/modplanet/normal/cd2/pc artists N-Z/sergeeo/chiptune/Ser_58.it
file music-module	mirrors/scenesp.org/compilations/modplanet/normal/cd2/pc artists N-Z/sergeeo/chiptune/Ser_59.it	8.69K	compilations/modplanet/normal/cd2/pc artists N-Z/sergeeo/chiptune/Ser_59.it
file music-module	mirrors/scenesp.org/compilations/modplanet/normal/cd2/pc artists N-Z/sergeeo/chiptune/Ser_60.it	33.55K	compilations/modplanet/normal/cd2/pc artists N-Z/sergeeo/chiptune/Ser_60.it
file music-module	mirrors/scenesp.org/compilations/modplanet/normal/cd2/pc artists N-Z/sergeeo/chiptune/ser_52.it	34.63K	compilations/modplanet/normal/cd2/pc artists N-Z/sergeeo/chiptune/ser_52.it
file music-module	mirrors/scenesp.org/compilations/modplanet/normal/cd2/pc artists N-Z/sergeeo/chiptune/The_fishes_in_the_river.it	14.85K	compilations/modplanet/normal/cd2/pc artists N-Z/sergeeo/chiptune/The_fishes_in_the_river.it
file music-module	mirrors/scenesp.org/compilations/modplanet/normal/cd2/pc artists N-Z/sergeeo/chiptune/telechip.it	10.33K	compilations/modplanet/normal/cd2/pc artists N-Z/sergeeo/chiptune/telechip.it
file music-module	mirrors/scenesp.org/compilations/modplanet/normal/cd2/pc artists N-Z/sergeeo/chiptune/watching.it	60.80K	compilations/modplanet/normal/cd2/pc artists N-Z/sergeeo/chiptune/watching.it
file music-module	mirrors/scenesp.org/compilations/modplanet/normal/cd2/pc artists N-Z/sergeeo/compo tunes/cheese-o-news.it	278.06K	compilations/modplanet/normal/cd2/pc artists N-Z/sergeeo/compo tunes/cheese-o-news.it
file music-module	mirrors/scenesp.org/compilations/modplanet/normal/cd2/pc artists N-Z/sergeeo/compo tunes/gangsta.it	225.55K	compilations/modplanet/normal/cd2/pc artists N-Z/sergeeo/compo tunes/gangsta.it
file music-module	mirrors/scenesp.org/compilations/modplanet/normal/cd2/pc artists N-Z/sergeeo/compo tunes/screenlight.it	409.73K	compilations/modplanet/normal/cd2/pc artists N-Z/sergeeo/compo tunes/screenlight.it
file music-module	mirrors/scenesp.org/compilations/modplanet/normal/cd2/pc artists N-Z/sinkro/FAST.IT	257.94K	compilations/modplanet/normal/cd2/pc artists N-Z/sinkro/FAST.IT
file music-module	mirrors/scenesp.org/compilations/modplanet/normal/cd2/pc artists N-Z/sinkro/lstlimit.IT	557.63K	compilations/modplanet/normal/cd2/pc artists N-Z/sinkro/lstlimit.IT
file music-module	mirrors/scenesp.org/compilations/modplanet/normal/cd2/pc artists N-Z/sinkro/ndreams.IT	204.09K	compilations/modplanet/normal/cd2/pc artists N-Z/sinkro/ndreams.IT
file music-module	mirrors/scenesp.org/compilations/modplanet/normal/cd2/pc artists N-Z/sinkro/retromnd.it	286.76K	compilations/modplanet/normal/cd2/pc artists N-Z/sinkro/retromnd.it
file music-module	mirrors/scenesp.org/compilations/modplanet/normal/cd2/pc artists N-Z/sinkro/SKR-INTR.IT	2.33M	compilations/modplanet/normal/cd2/pc artists N-Z/sinkro/SKR-INTR.IT
file music-module	mirrors/scenesp.org/compilations/modplanet/normal/cd2/pc artists N-Z/sinkro/scope.IT	486.72K	compilations/modplanet/normal/cd2/pc artists N-Z/sinkro/scope.IT
file music-module	mirrors/scenesp.org/compilations/modplanet/normal/cd2/pc artists N-Z/sinkro/skr-undr.it	10.00K	compilations/modplanet/normal/cd2/pc artists N-Z/sinkro/skr-undr.it
file music-module	mirrors/scenesp.org/compilations/modplanet/normal/cd2/pc artists N-Z/sinkro/thebreak.IT	1.14M	compilations/modplanet/normal/cd2/pc artists N-Z/sinkro/thebreak.IT
file music-module	mirrors/scenesp.org/compilations/modplanet/normal/cd2/pc artists N-Z/sinkro/wearing.IT	1.66M	compilations/modplanet/normal/cd2/pc artists N-Z/sinkro/wearing.IT
file music-module	mirrors/scenesp.org/compilations/modplanet/normal/cd2/pc artists N-Z/slaanesh/NOTHIN~1.IT	3.28M	compilations/modplanet/normal/cd2/pc artists N-Z/slaanesh/NOTHIN~1.IT
file music-module	mirrors/scenesp.org/compilations/modplanet/normal/cd2/pc artists N-Z/smash/4ELEM.IT	701.42K	compilations/modplanet/normal/cd2/pc artists N-Z/smash/4ELEM.IT
file music-module	mirrors/scenesp.org/compilations/modplanet/normal/cd2/pc artists N-Z/smash/DRAGON.IT	626.26K	compilations/modplanet/normal/cd2/pc artists N-Z/smash/DRAGON.IT
file music-module	mirrors/scenesp.org/compilations/modplanet/normal/cd2/pc artists N-Z/smash/Fzn_dstv.it	869.70K	compilations/modplanet/normal/cd2/pc artists N-Z/smash/Fzn_dstv.it
file music-module	mirrors/scenesp.org/compilations/modplanet/normal/cd2/pc artists N-Z/smash/JUMPING_.IT	262.13K	compilations/modplanet/normal/cd2/pc artists N-Z/smash/JUMPING_.IT
file music-module	mirrors/scenesp.org/compilations/modplanet/normal/cd2/pc artists N-Z/smash/LIP.IT	536.39K	compilations/modplanet/normal/cd2/pc artists N-Z/smash/LIP.IT
file music-module	mirrors/scenesp.org/compilations/modplanet/normal/cd2/pc artists N-Z/smash/MICROBIO.IT	350.73K	compilations/modplanet/normal/cd2/pc artists N-Z/smash/MICROBIO.IT
file music-module	mirrors/scenesp.org/compilations/modplanet/normal/cd2/pc artists N-Z/smash/MOONDANC.IT	691.74K	compilations/modplanet/normal/cd2/pc artists N-Z/smash/MOONDANC.IT
file music-module	mirrors/scenesp.org/compilations/modplanet/normal/cd2/pc artists N-Z/smash/S&W_NTB.IT	685.40K	compilations/modplanet/normal/cd2/pc artists N-Z/smash/S&W_NTB.IT
file music-module	mirrors/scenesp.org/compilations/modplanet/normal/cd2/pc artists N-Z/smash/S&W_PARD.IT	718.83K	compilations/modplanet/normal/cd2/pc artists N-Z/smash/S&W_PARD.IT
file music-module	mirrors/scenesp.org/compilations/modplanet/normal/cd2/pc artists N-Z/smash/SHE_IS.IT	392.92K	compilations/modplanet/normal/cd2/pc artists N-Z/smash/SHE_IS.IT
file music-module	mirrors/scenesp.org/compilations/modplanet/normal/cd2/pc artists N-Z/smash/SMS_SOUL.IT	1.40M	compilations/modplanet/normal/cd2/pc artists N-Z/smash/SMS_SOUL.IT
file music-module	mirrors/scenesp.org/compilations/modplanet/normal/cd2/pc artists N-Z/smash/Sms_anth.it	963.98K	compilations/modplanet/normal/cd2/pc artists N-Z/smash/Sms_anth.it
file music-module	mirrors/scenesp.org/compilations/modplanet/normal/cd2/pc artists N-Z/smash/sms_gothic.it	99.34K	compilations/modplanet/normal/cd2/pc artists N-Z/smash/sms_gothic.it
file music-module	mirrors/scenesp.org/compilations/modplanet/normal/cd2/pc artists N-Z/smash/sms_outof.it	412.56K	compilations/modplanet/normal/cd2/pc artists N-Z/smash/sms_outof.it
file music-module	mirrors/scenesp.org/compilations/modplanet/normal/cd2/pc artists N-Z/smash/TEST2.IT	5.41M	compilations/modplanet/normal/cd2/pc artists N-Z/smash/TEST2.IT
file music-module	mirrors/scenesp.org/compilations/modplanet/normal/cd2/pc artists N-Z/smash/THE_WAY.IT	723.02K	compilations/modplanet/normal/cd2/pc artists N-Z/smash/THE_WAY.IT
file music-module	mirrors/scenesp.org/compilations/modplanet/normal/cd2/pc artists N-Z/smash/TIMEGATE.IT	850.57K	compilations/modplanet/normal/cd2/pc artists N-Z/smash/TIMEGATE.IT
file music-module	mirrors/scenesp.org/compilations/modplanet/normal/cd2/pc artists N-Z/smash/Void.it	378.52K	compilations/modplanet/normal/cd2/pc artists N-Z/smash/Void.it
file music-module	mirrors/scenesp.org/compilations/modplanet/normal/cd2/pc artists N-Z/sml/1997/SML_TR23.IT	289.59K	compilations/modplanet/normal/cd2/pc artists N-Z/sml/1997/SML_TR23.IT
file music-module	mirrors/scenesp.org/compilations/modplanet/normal/cd2/pc artists N-Z/sml/1998/SML_@DNB.IT	929.64K	compilations/modplanet/normal/cd2/pc artists N-Z/sml/1998/SML_@DNB.IT
file music-module	mirrors/scenesp.org/compilations/modplanet/normal/cd2/pc artists N-Z/sml/1998/SML_ITDM.IT	554.68K	compilations/modplanet/normal/cd2/pc artists N-Z/sml/1998/SML_ITDM.IT
file music-module	mirrors/scenesp.org/compilations/modplanet/normal/cd2/pc artists N-Z/sml/1998/SML_JNGS.IT	448.76K	compilations/modplanet/normal/cd2/pc artists N-Z/sml/1998/SML_JNGS.IT
file music-module	mirrors/scenesp.org/compilations/modplanet/normal/cd2/pc artists N-Z/sml/1999/DSK_FUNK.IT	1.44M	compilations/modplanet/normal/cd2/pc artists N-Z/sml/1999/DSK_FUNK.IT
file music-module	mirrors/scenesp.org/compilations/modplanet/normal/cd2/pc artists N-Z/sml/1999/SML_4N4D.IT	1.21M	compilations/modplanet/normal/cd2/pc artists N-Z/sml/1999/SML_4N4D.IT
file music-module	mirrors/scenesp.org/compilations/modplanet/normal/cd2/pc artists N-Z/sml/1999/SML_HH.IT	528.20K	compilations/modplanet/normal/cd2/pc artists N-Z/sml/1999/SML_HH.IT
file music-module	mirrors/scenesp.org/compilations/modplanet/normal/cd2/pc artists N-Z/sml/1999/SML_SOME.IT	1.29M	compilations/modplanet/normal/cd2/pc artists N-Z/sml/1999/SML_SOME.IT
file music-module	mirrors/scenesp.org/compilations/modplanet/normal/cd2/pc artists N-Z/sml/1999/SML_WK2.IT	1.30M	compilations/modplanet/normal/cd2/pc artists N-Z/sml/1999/SML_WK2.IT
file music-module	mirrors/scenesp.org/compilations/modplanet/normal/cd2/pc artists N-Z/sml/2000/EKP_DBVB.IT	920.39K	compilations/modplanet/normal/cd2/pc artists N-Z/sml/2000/EKP_DBVB.IT
file music-module	mirrors/scenesp.org/compilations/modplanet/normal/cd2/pc artists N-Z/sml/2000/SML_3SAF.IT	9.59K	compilations/modplanet/normal/cd2/pc artists N-Z/sml/2000/SML_3SAF.IT
file music-module	mirrors/scenesp.org/compilations/modplanet/normal/cd2/pc artists N-Z/sml/2000/SML_3SAT.IT	4.00K	compilations/modplanet/normal/cd2/pc artists N-Z/sml/2000/SML_3SAT.IT
file music-module	mirrors/scenesp.org/compilations/modplanet/normal/cd2/pc artists N-Z/sml/2000/SML_EURO.IT	2.85K	compilations/modplanet/normal/cd2/pc artists N-Z/sml/2000/SML_EURO.IT
file music-module	mirrors/scenesp.org/compilations/modplanet/normal/cd2/pc artists N-Z/sml/2000/SML_FDHP.IT	749.08K	compilations/modplanet/normal/cd2/pc artists N-Z/sml/2000/SML_FDHP.IT
file music-module	mirrors/scenesp.org/compilations/modplanet/normal/cd2/pc artists N-Z/sml/2000/SML_IGNI.IT	1.29M	compilations/modplanet/normal/cd2/pc artists N-Z/sml/2000/SML_IGNI.IT
file music-module	mirrors/scenesp.org/compilations/modplanet/normal/cd2/pc artists N-Z/sml/2000/SML_JGN.IT	95.21K	compilations/modplanet/normal/cd2/pc artists N-Z/sml/2000/SML_JGN.IT
file music-module	mirrors/scenesp.org/compilations/modplanet/normal/cd2/pc artists N-Z/sml/2000/SML_KUKF.IT	773.62K	compilations/modplanet/normal/cd2/pc artists N-Z/sml/2000/SML_KUKF.IT
file music-module	mirrors/scenesp.org/compilations/modplanet/normal/cd2/pc artists N-Z/sml/2000/SML_MO2S.IT	9.87K	compilations/modplanet/normal/cd2/pc artists N-Z/sml/2000/SML_MO2S.IT
file music-module	mirrors/scenesp.org/compilations/modplanet/normal/cd2/pc artists N-Z/sml/2000/SML_SIMP.IT	232.14K	compilations/modplanet/normal/cd2/pc artists N-Z/sml/2000/SML_SIMP.IT
file music-module	mirrors/scenesp.org/compilations/modplanet/normal/cd2/pc artists N-Z/sml/2000/sml_kuka.it	483.67K	compilations/modplanet/normal/cd2/pc artists N-Z/sml/2000/sml_kuka.it
file music-module	mirrors/scenesp.org/compilations/modplanet/normal/cd2/pc artists N-Z/sml/2000/lo fi ep/SML_LF1.IT	286.40K	compilations/modplanet/normal/cd2/pc artists N-Z/sml/2000/lo fi ep/SML_LF1.IT
file music-module	mirrors/scenesp.org/compilations/modplanet/normal/cd2/pc artists N-Z/sml/2000/lo fi ep/SML_LF10.IT	128.50K	compilations/modplanet/normal/cd2/pc artists N-Z/sml/2000/lo fi ep/SML_LF10.IT
file music-module	mirrors/scenesp.org/compilations/modplanet/normal/cd2/pc artists N-Z/sml/2000/lo fi ep/SML_LF11.IT	190.05K	compilations/modplanet/normal/cd2/pc artists N-Z/sml/2000/lo fi ep/SML_LF11.IT
file music-module	mirrors/scenesp.org/compilations/modplanet/normal/cd2/pc artists N-Z/sml/2000/lo fi ep/SML_LF12.IT	142.02K	compilations/modplanet/normal/cd2/pc artists N-Z/sml/2000/lo fi ep/SML_LF12.IT
file music-module	mirrors/scenesp.org/compilations/modplanet/normal/cd2/pc artists N-Z/sml/2000/lo fi ep/SML_LF13.IT	312.27K	compilations/modplanet/normal/cd2/pc artists N-Z/sml/2000/lo fi ep/SML_LF13.IT
file music-module	mirrors/scenesp.org/compilations/modplanet/normal/cd2/pc artists N-Z/sml/2000/lo fi ep/SML_LF14.IT	238.18K	compilations/modplanet/normal/cd2/pc artists N-Z/sml/2000/lo fi ep/SML_LF14.IT
file music-module	mirrors/scenesp.org/compilations/modplanet/normal/cd2/pc artists N-Z/sml/2000/lo fi ep/SML_LF2.IT	118.92K	compilations/modplanet/normal/cd2/pc artists N-Z/sml/2000/lo fi ep/SML_LF2.IT
file music-module	mirrors/scenesp.org/compilations/modplanet/normal/cd2/pc artists N-Z/sml/2000/lo fi ep/SML_LF3.IT	266.00K	compilations/modplanet/normal/cd2/pc artists N-Z/sml/2000/lo fi ep/SML_LF3.IT
file music-module	mirrors/scenesp.org/compilations/modplanet/normal/cd2/pc artists N-Z/sml/2000/lo fi ep/SML_LF4.IT	208.63K	compilations/modplanet/normal/cd2/pc artists N-Z/sml/2000/lo fi ep/SML_LF4.IT
file music-module	mirrors/scenesp.org/compilations/modplanet/normal/cd2/pc artists N-Z/sml/2000/lo fi ep/SML_LF5.IT	115.99K	compilations/modplanet/normal/cd2/pc artists N-Z/sml/2000/lo fi ep/SML_LF5.IT
file music-module	mirrors/scenesp.org/compilations/modplanet/normal/cd2/pc artists N-Z/sml/2000/lo fi ep/SML_LF6.IT	269.52K	compilations/modplanet/normal/cd2/pc artists N-Z/sml/2000/lo fi ep/SML_LF6.IT
file music-module	mirrors/scenesp.org/compilations/modplanet/normal/cd2/pc artists N-Z/sml/2000/lo fi ep/SML_LF7.IT	148.88K	compilations/modplanet/normal/cd2/pc artists N-Z/sml/2000/lo fi ep/SML_LF7.IT
file music-module	mirrors/scenesp.org/compilations/modplanet/normal/cd2/pc artists N-Z/sml/2000/lo fi ep/SML_LF8.IT	189.56K	compilations/modplanet/normal/cd2/pc artists N-Z/sml/2000/lo fi ep/SML_LF8.IT
file music-module	mirrors/scenesp.org/compilations/modplanet/normal/cd2/pc artists N-Z/sml/2000/lo fi ep/SML_LF9.IT	185.67K	compilations/modplanet/normal/cd2/pc artists N-Z/sml/2000/lo fi ep/SML_LF9.IT
file music-module	mirrors/scenesp.org/compilations/modplanet/normal/cd2/pc artists N-Z/sml/2000/lo fi ep/SML_LFB1.IT	204.17K	compilations/modplanet/normal/cd2/pc artists N-Z/sml/2000/lo fi ep/SML_LFB1.IT
file music-module	mirrors/scenesp.org/compilations/modplanet/normal/cd2/pc artists N-Z/sml/2000/lo fi ep/SML_LFB2.IT	167.53K	compilations/modplanet/normal/cd2/pc artists N-Z/sml/2000/lo fi ep/SML_LFB2.IT
file music-module	mirrors/scenesp.org/compilations/modplanet/normal/cd2/pc artists N-Z/sml/2001/ns-lqw69.it	315.40K	compilations/modplanet/normal/cd2/pc artists N-Z/sml/2001/ns-lqw69.it
file music-module	mirrors/scenesp.org/compilations/modplanet/normal/cd2/pc artists N-Z/sml/2001/sml_koki.it	4.00K	compilations/modplanet/normal/cd2/pc artists N-Z/sml/2001/sml_koki.it
file music-module	mirrors/scenesp.org/compilations/modplanet/normal/cd2/pc artists N-Z/sml/2002/Fzn_dstv.it	869.70K	compilations/modplanet/normal/cd2/pc artists N-Z/sml/2002/Fzn_dstv.it
file music-module	mirrors/scenesp.org/compilations/modplanet/normal/cd2/pc artists N-Z/sml/2002/SML_KUNE.IT	540.05K	compilations/modplanet/normal/cd2/pc artists N-Z/sml/2002/SML_KUNE.IT
file music-module	mirrors/scenesp.org/compilations/modplanet/normal/cd2/pc artists N-Z/sml/2002/SML_ROEL.IT	9.97K	compilations/modplanet/normal/cd2/pc artists N-Z/sml/2002/SML_ROEL.IT
file music-module	mirrors/scenesp.org/compilations/modplanet/normal/cd2/pc artists N-Z/sml/beethoven compos/SML_BCNB.IT	251.01K	compilations/modplanet/normal/cd2/pc artists N-Z/sml/beethoven compos/SML_BCNB.IT
file music-module	mirrors/scenesp.org/compilations/modplanet/normal/cd2/pc artists N-Z/sml/beethoven compos/SML_BETH.IT	163.25K	compilations/modplanet/normal/cd2/pc artists N-Z/sml/beethoven compos/SML_BETH.IT
file music-module	mirrors/scenesp.org/compilations/modplanet/normal/cd2/pc artists N-Z/sml/beethoven compos/SML_BTQE.IT	142.92K	compilations/modplanet/normal/cd2/pc artists N-Z/sml/beethoven compos/SML_BTQE.IT
file music-module	mirrors/scenesp.org/compilations/modplanet/normal/cd2/pc artists N-Z/sml/beethoven compos/SML_DRBE.IT	91.26K	compilations/modplanet/normal/cd2/pc artists N-Z/sml/beethoven compos/SML_DRBE.IT
file music-module	mirrors/scenesp.org/compilations/modplanet/normal/cd2/pc artists N-Z/sml/intros 64k/SML_BPIN.IT	34.39K	compilations/modplanet/normal/cd2/pc artists N-Z/sml/intros 64k/SML_BPIN.IT
file music-module	mirrors/scenesp.org/compilations/modplanet/normal/cd2/pc artists N-Z/sml/intros 64k/SML_CTR.IT	34.96K	compilations/modplanet/normal/cd2/pc artists N-Z/sml/intros 64k/SML_CTR.IT
file music-module	mirrors/scenesp.org/compilations/modplanet/normal/cd2/pc artists N-Z/sml/intros 64k/SML_DCB2.IT	34.12K	compilations/modplanet/normal/cd2/pc artists N-Z/sml/intros 64k/SML_DCB2.IT
file music-module	mirrors/scenesp.org/compilations/modplanet/normal/cd2/pc artists N-Z/sml/intros 64k/SML_PINE.IT	83.39K	compilations/modplanet/normal/cd2/pc artists N-Z/sml/intros 64k/SML_PINE.IT
file music-module	mirrors/scenesp.org/compilations/modplanet/normal/cd2/pc artists N-Z/sml/intros 64k/SML_PRIM.IT	55.39K	compilations/modplanet/normal/cd2/pc artists N-Z/sml/intros 64k/SML_PRIM.IT
file music-module	mirrors/scenesp.org/compilations/modplanet/normal/cd2/pc artists N-Z/sml/intros 64k/SML_STRE.IT	59.58K	compilations/modplanet/normal/cd2/pc artists N-Z/sml/intros 64k/SML_STRE.IT
file music-module	mirrors/scenesp.org/compilations/modplanet/normal/cd2/pc artists N-Z/sonar/JOER1.IT	2.69M	compilations/modplanet/normal/cd2/pc artists N-Z/sonar/JOER1.IT
file music-module	mirrors/scenesp.org/compilations/modplanet/normal/cd2/pc artists N-Z/sonar/NACTIVE.IT	430.97K	compilations/modplanet/normal/cd2/pc artists N-Z/sonar/NACTIVE.IT
file music-module	mirrors/scenesp.org/compilations/modplanet/normal/cd2/pc artists N-Z/sonar/SPiR.it	290.26K	compilations/modplanet/normal/cd2/pc artists N-Z/sonar/SPiR.it
file music-module	mirrors/scenesp.org/compilations/modplanet/normal/cd2/pc artists N-Z/sonar/STARFIGH.IT	368.01K	compilations/modplanet/normal/cd2/pc artists N-Z/sonar/STARFIGH.IT
file music-module	mirrors/scenesp.org/compilations/modplanet/normal/cd2/pc artists N-Z/sonar/sunbath.it	413.02K	compilations/modplanet/normal/cd2/pc artists N-Z/sonar/sunbath.it
file music-module	mirrors/scenesp.org/compilations/modplanet/normal/cd2/pc artists N-Z/stephan/Ingenlek.it	454.86K	compilations/modplanet/normal/cd2/pc artists N-Z/stephan/Ingenlek.it
file music-module	mirrors/scenesp.org/compilations/modplanet/normal/cd2/pc artists N-Z/trace/17PKFYNA.IT	37.56K	compilations/modplanet/normal/cd2/pc artists N-Z/trace/17PKFYNA.IT
file music-module	mirrors/scenesp.org/compilations/modplanet/normal/cd2/pc artists N-Z/trace/19SE8WF.IT	77.78K	compilations/modplanet/normal/cd2/pc artists N-Z/trace/19SE8WF.IT
file music-module	mirrors/scenesp.org/compilations/modplanet/normal/cd2/pc artists N-Z/trace/22my_style_[rmx].it	1.03M	compilations/modplanet/normal/cd2/pc artists N-Z/trace/22my_style_[rmx].it
file music-module	mirrors/scenesp.org/compilations/modplanet/normal/cd2/pc artists N-Z/trace/24SIESTA.IT	910.81K	compilations/modplanet/normal/cd2/pc artists N-Z/trace/24SIESTA.IT
file music-module	mirrors/scenesp.org/compilations/modplanet/normal/cd2/pc artists N-Z/trace/29FM2.IT	441.08K	compilations/modplanet/normal/cd2/pc artists N-Z/trace/29FM2.IT
file music-module	mirrors/scenesp.org/compilations/modplanet/normal/cd2/pc artists N-Z/various/S_OF_WLD.IT	1.21M	compilations/modplanet/normal/cd2/pc artists N-Z/various/S_OF_WLD.IT
file music-module	mirrors/scenesp.org/compilations/modplanet/normal/cd2/pc artists N-Z/various/sole-lna.it	1.03M	compilations/modplanet/normal/cd2/pc artists N-Z/various/sole-lna.it
file music-module	mirrors/scenesp.org/compilations/modplanet/normal/cd2/pc artists N-Z/various/speeddru.IT	933.77K	compilations/modplanet/normal/cd2/pc artists N-Z/various/speeddru.IT
file music-module	mirrors/scenesp.org/compilations/modplanet/normal/cd2/pc artists N-Z/wally/p1x_base2.it	469.16K	compilations/modplanet/normal/cd2/pc artists N-Z/wally/p1x_base2.it
file music-module	mirrors/scenesp.org/compilations/modplanet/normal/cd2/pc artists N-Z/wizard/1997/lostp.it	1.32M	compilations/modplanet/normal/cd2/pc artists N-Z/wizard/1997/lostp.it
file music-module	mirrors/scenesp.org/compilations/modplanet/normal/cd2/pc artists N-Z/wizard/1997/nothing.it	852.74K	compilations/modplanet/normal/cd2/pc artists N-Z/wizard/1997/nothing.it
file music-module	mirrors/scenesp.org/compilations/modplanet/normal/cd2/pc artists N-Z/wizard/1997/seductio.it	1.42M	compilations/modplanet/normal/cd2/pc artists N-Z/wizard/1997/seductio.it
file music-module	mirrors/scenesp.org/compilations/modplanet/normal/cd2/pc artists N-Z/wizard/1998/imgrmx.it	522.28K	compilations/modplanet/normal/cd2/pc artists N-Z/wizard/1998/imgrmx.it
file music-module	mirrors/scenesp.org/compilations/modplanet/normal/cd2/pc artists N-Z/wizard/1998/misty.it	1.21M	compilations/modplanet/normal/cd2/pc artists N-Z/wizard/1998/misty.it
file music-module	mirrors/scenesp.org/compilations/modplanet/normal/cd2/pc artists N-Z/wizard/1998/outer.it	1.24M	compilations/modplanet/normal/cd2/pc artists N-Z/wizard/1998/outer.it
file music-module	mirrors/scenesp.org/compilations/modplanet/normal/cd2/pc artists N-Z/wizard/1998/prpnight.it	1.06M	compilations/modplanet/normal/cd2/pc artists N-Z/wizard/1998/prpnight.it
file music-module	mirrors/scenesp.org/compilations/modplanet/normal/cd2/pc artists N-Z/wizard/1998/wtsoon.it	1.14M	compilations/modplanet/normal/cd2/pc artists N-Z/wizard/1998/wtsoon.it
file music-module	mirrors/scenesp.org/compilations/modplanet/normal/cd2/pc artists N-Z/wizard/1998/xperience.it	754.37K	compilations/modplanet/normal/cd2/pc artists N-Z/wizard/1998/xperience.it
file music-module	mirrors/scenesp.org/compilations/modplanet/normal/cd2/pc artists N-Z/wizard/1999/3NIGHTS.IT	1.61M	compilations/modplanet/normal/cd2/pc artists N-Z/wizard/1999/3NIGHTS.IT
file music-module	mirrors/scenesp.org/compilations/modplanet/normal/cd2/pc artists N-Z/wizard/1999/ART.IT	464.25K	compilations/modplanet/normal/cd2/pc artists N-Z/wizard/1999/ART.IT
file music-module	mirrors/scenesp.org/compilations/modplanet/normal/cd2/pc artists N-Z/wizard/1999/ARTIFICI.IT	858.94K	compilations/modplanet/normal/cd2/pc artists N-Z/wizard/1999/ARTIFICI.IT
file music-module	mirrors/scenesp.org/compilations/modplanet/normal/cd2/pc artists N-Z/wizard/1999/black.it	610.59K	compilations/modplanet/normal/cd2/pc artists N-Z/wizard/1999/black.it
file music-module	mirrors/scenesp.org/compilations/modplanet/normal/cd2/pc artists N-Z/wizard/1999/DAFT.IT	300.84K	compilations/modplanet/normal/cd2/pc artists N-Z/wizard/1999/DAFT.IT
file music-module	mirrors/scenesp.org/compilations/modplanet/normal/cd2/pc artists N-Z/wizard/1999/dncwme.it	667.48K	compilations/modplanet/normal/cd2/pc artists N-Z/wizard/1999/dncwme.it
file music-module	mirrors/scenesp.org/compilations/modplanet/normal/cd2/pc artists N-Z/wizard/1999/message.it	1.14M	compilations/modplanet/normal/cd2/pc artists N-Z/wizard/1999/message.it
file music-module	mirrors/scenesp.org/compilations/modplanet/normal/cd2/pc artists N-Z/wizard/1999/POISON.IT	206.89K	compilations/modplanet/normal/cd2/pc artists N-Z/wizard/1999/POISON.IT
file music-module	mirrors/scenesp.org/compilations/modplanet/normal/cd2/pc artists N-Z/wizard/1999/RIP.IT	532.11K	compilations/modplanet/normal/cd2/pc artists N-Z/wizard/1999/RIP.IT
file music-module	mirrors/scenesp.org/compilations/modplanet/normal/cd2/pc artists N-Z/wizard/1999/rad2000.it	893.43K	compilations/modplanet/normal/cd2/pc artists N-Z/wizard/1999/rad2000.it
file music-module	mirrors/scenesp.org/compilations/modplanet/normal/cd2/pc artists N-Z/wizard/1999/white.it	0.98M	compilations/modplanet/normal/cd2/pc artists N-Z/wizard/1999/white.it
file music-module	mirrors/scenesp.org/compilations/modplanet/normal/cd2/pc artists N-Z/wizard/2000/00INIT.IT	2.20M	compilations/modplanet/normal/cd2/pc artists N-Z/wizard/2000/00INIT.IT
file music-module	mirrors/scenesp.org/compilations/modplanet/normal/cd2/pc artists N-Z/wizard/2000/cbmars.it	1.37M	compilations/modplanet/normal/cd2/pc artists N-Z/wizard/2000/cbmars.it
file music-module	mirrors/scenesp.org/compilations/modplanet/normal/cd2/pc artists N-Z/wizard/2000/come2.it	587.15K	compilations/modplanet/normal/cd2/pc artists N-Z/wizard/2000/come2.it
file music-module	mirrors/scenesp.org/compilations/modplanet/normal/cd2/pc artists N-Z/wizard/2000/DISTILL.IT	690.28K	compilations/modplanet/normal/cd2/pc artists N-Z/wizard/2000/DISTILL.IT
file music-module	mirrors/scenesp.org/compilations/modplanet/normal/cd2/pc artists N-Z/wizard/2000/wantyo.it	2.29M	compilations/modplanet/normal/cd2/pc artists N-Z/wizard/2000/wantyo.it
file music-module	mirrors/scenesp.org/compilations/modplanet/normal/cd2/pc artists N-Z/wizard/2001/WIZ_CNF.IT	1.65M	compilations/modplanet/normal/cd2/pc artists N-Z/wizard/2001/WIZ_CNF.IT
file music-module	mirrors/scenesp.org/compilations/modplanet/normal/cd2/pc artists N-Z/wizard/2001/Wiz_tnel.it	779.83K	compilations/modplanet/normal/cd2/pc artists N-Z/wizard/2001/Wiz_tnel.it
file music-module	mirrors/scenesp.org/compilations/modplanet/normal/cd2/pc artists N-Z/wizard/2002/30Rpt10.it	193.96K	compilations/modplanet/normal/cd2/pc artists N-Z/wizard/2002/30Rpt10.it
file music-module	mirrors/scenesp.org/compilations/modplanet/normal/cd2/pc artists N-Z/wizard/2002/WIZ_BLND.IT	672.42K	compilations/modplanet/normal/cd2/pc artists N-Z/wizard/2002/WIZ_BLND.IT
file music-module	mirrors/scenesp.org/compilations/modplanet/normal/cd2/pc artists N-Z/wizard/2002/WIZ_CH8B.IT	1.58M	compilations/modplanet/normal/cd2/pc artists N-Z/wizard/2002/WIZ_CH8B.IT
file music-module	mirrors/scenesp.org/compilations/modplanet/normal/cd2/pc artists N-Z/wizard/2002/WIZ_CHIL.IT	431.02K	compilations/modplanet/normal/cd2/pc artists N-Z/wizard/2002/WIZ_CHIL.IT
file music-module	mirrors/scenesp.org/compilations/modplanet/normal/cd2/pc artists N-Z/wizard/2002/WIZ_STM.IT	1.38M	compilations/modplanet/normal/cd2/pc artists N-Z/wizard/2002/WIZ_STM.IT
file music-module	mirrors/scenesp.org/compilations/modplanet/normal/cd2/pc artists N-Z/wizard/2002/Wiz_ctu.it	0.99M	compilations/modplanet/normal/cd2/pc artists N-Z/wizard/2002/Wiz_ctu.it
file music-module	mirrors/scenesp.org/compilations/modplanet/normal/cd2/pc artists N-Z/wizard/2002/Wiz_giuk.it	654.75K	compilations/modplanet/normal/cd2/pc artists N-Z/wizard/2002/Wiz_giuk.it
file music-module	mirrors/scenesp.org/compilations/modplanet/normal/cd2/pc artists N-Z/wizard/2002/wiz_cont.it	574.36K	compilations/modplanet/normal/cd2/pc artists N-Z/wizard/2002/wiz_cont.it
file music-module	mirrors/scenesp.org/compilations/modplanet/normal/cd2/pc artists N-Z/wizard/2002/wiz_lwai.it	4.06M	compilations/modplanet/normal/cd2/pc artists N-Z/wizard/2002/wiz_lwai.it
file music-module	mirrors/scenesp.org/compilations/modplanet/normal/cd2/pc artists N-Z/wizard/2002/wiz_mol.it	392.41K	compilations/modplanet/normal/cd2/pc artists N-Z/wizard/2002/wiz_mol.it
file music-module	mirrors/scenesp.org/compilations/modplanet/normal/cd2/pc artists N-Z/wonder/10K-4K.IT	6.09K	compilations/modplanet/normal/cd2/pc artists N-Z/wonder/10K-4K.IT
file music-module	mirrors/scenesp.org/compilations/modplanet/normal/cd2/pc artists N-Z/wonder/4ELEM.IT	701.42K	compilations/modplanet/normal/cd2/pc artists N-Z/wonder/4ELEM.IT
file music-module	mirrors/scenesp.org/compilations/modplanet/normal/cd2/pc artists N-Z/wonder/BUGB.IT	65.35K	compilations/modplanet/normal/cd2/pc artists N-Z/wonder/BUGB.IT
file music-module	mirrors/scenesp.org/compilations/modplanet/normal/cd2/pc artists N-Z/wonder/LANDS.IT	1.37M	compilations/modplanet/normal/cd2/pc artists N-Z/wonder/LANDS.IT
file music-module	mirrors/scenesp.org/compilations/modplanet/normal/cd2/pc artists N-Z/wonder/NLW-FPL.IT	265.11K	compilations/modplanet/normal/cd2/pc artists N-Z/wonder/NLW-FPL.IT
file music-module	mirrors/scenesp.org/compilations/modplanet/normal/cd2/pc artists N-Z/wonder/NW-AJALV.IT	334.00K	compilations/modplanet/normal/cd2/pc artists N-Z/wonder/NW-AJALV.IT
file music-module	mirrors/scenesp.org/compilations/modplanet/normal/cd2/pc artists N-Z/wonder/NW-LIVIN.IT	1.31M	compilations/modplanet/normal/cd2/pc artists N-Z/wonder/NW-LIVIN.IT
file music-module	mirrors/scenesp.org/compilations/modplanet/normal/cd2/pc artists N-Z/wonder/NWW_303.IT	654.65K	compilations/modplanet/normal/cd2/pc artists N-Z/wonder/NWW_303.IT
file music-module	mirrors/scenesp.org/compilations/modplanet/normal/cd2/pc artists N-Z/wonder/OLS2.IT	556.74K	compilations/modplanet/normal/cd2/pc artists N-Z/wonder/OLS2.IT
file music-module	mirrors/scenesp.org/compilations/modplanet/normal/cd2/pc artists N-Z/wonder/ols.it	1.01M	compilations/modplanet/normal/cd2/pc artists N-Z/wonder/ols.it
file music-module	mirrors/scenesp.org/compilations/modplanet/normal/cd2/pc artists N-Z/wonder/RAD.IT	533.24K	compilations/modplanet/normal/cd2/pc artists N-Z/wonder/RAD.IT
file music-module	mirrors/scenesp.org/compilations/modplanet/normal/cd2/pc artists N-Z/wonder/S&W_NTB.IT	685.40K	compilations/modplanet/normal/cd2/pc artists N-Z/wonder/S&W_NTB.IT
file music-module	mirrors/scenesp.org/compilations/modplanet/normal/cd2/pc artists N-Z/wonder/S&W_PARD.IT	718.83K	compilations/modplanet/normal/cd2/pc artists N-Z/wonder/S&W_PARD.IT
file music-module	mirrors/scenesp.org/compilations/modplanet/normal/cd2/pc artists N-Z/wonder/TRAVEL.IT	1.05M	compilations/modplanet/normal/cd2/pc artists N-Z/wonder/TRAVEL.IT
file music-module	mirrors/scenesp.org/compilations/modplanet/normal/cd2/pc artists N-Z/wonder/WISHING.IT	932.87K	compilations/modplanet/normal/cd2/pc artists N-Z/wonder/WISHING.IT
file music-module	mirrors/scenesp.org/compilations/modplanet/normal/cd2/pc artists N-Z/wonder/WND_AD1.IT	574.84K	compilations/modplanet/normal/cd2/pc artists N-Z/wonder/WND_AD1.IT
file music-module	mirrors/scenesp.org/compilations/modplanet/normal/cd2/pc artists N-Z/wonder/WND_AD2.IT	569.53K	compilations/modplanet/normal/cd2/pc artists N-Z/wonder/WND_AD2.IT
file music-module	mirrors/scenesp.org/compilations/modplanet/normal/cd2/pc artists N-Z/wonder/WND_AD3.IT	673.61K	compilations/modplanet/normal/cd2/pc artists N-Z/wonder/WND_AD3.IT
file music-module	mirrors/scenesp.org/compilations/modplanet/normal/cd2/pc artists N-Z/wonder/WND_EF.IT	10.00K	compilations/modplanet/normal/cd2/pc artists N-Z/wonder/WND_EF.IT
file music-module	mirrors/scenesp.org/compilations/modplanet/normal/cd2/pc artists N-Z/wonder/WND_FIX.IT	879.98K	compilations/modplanet/normal/cd2/pc artists N-Z/wonder/WND_FIX.IT
file music-module	mirrors/scenesp.org/compilations/modplanet/normal/cd2/pc artists N-Z/wonder/WND_HF.IT	457.36K	compilations/modplanet/normal/cd2/pc artists N-Z/wonder/WND_HF.IT
file music-module	mirrors/scenesp.org/compilations/modplanet/normal/cd2/pc artists N-Z/wonder/WND_HF2.IT	436.55K	compilations/modplanet/normal/cd2/pc artists N-Z/wonder/WND_HF2.IT
file music-module	mirrors/scenesp.org/compilations/modplanet/normal/cd2/pc artists N-Z/wonder/WND_MILE.IT	348.05K	compilations/modplanet/normal/cd2/pc artists N-Z/wonder/WND_MILE.IT
file music-module	mirrors/scenesp.org/compilations/modplanet/normal/cd2/pc artists N-Z/wonder/WND_SCN.IT	263.13K	compilations/modplanet/normal/cd2/pc artists N-Z/wonder/WND_SCN.IT
file music-module	mirrors/scenesp.org/compilations/modplanet/normal/cd2/pc artists N-Z/wonder/WND_WAY.IT	1.23M	compilations/modplanet/normal/cd2/pc artists N-Z/wonder/WND_WAY.IT
file music-module	mirrors/scenesp.org/compilations/modplanet/normal/cd2/pc artists N-Z/wonder/WND_WISH.IT	624.16K	compilations/modplanet/normal/cd2/pc artists N-Z/wonder/WND_WISH.IT
file music-module	mirrors/scenesp.org/compilations/modplanet/normal/cd2/pc artists N-Z/wonder/Wnd_ula.it	9.95K	compilations/modplanet/normal/cd2/pc artists N-Z/wonder/Wnd_ula.it
file music-module	mirrors/scenesp.org/compilations/modplanet/normal/cd2/pc artists N-Z/wonder/Wnd_wsnw.it	887.52K	compilations/modplanet/normal/cd2/pc artists N-Z/wonder/Wnd_wsnw.it
file music-module	mirrors/scenesp.org/compilations/modplanet/normal/cd2/pc artists N-Z/wonder/wnd_nb.it	534.25K	compilations/modplanet/normal/cd2/pc artists N-Z/wonder/wnd_nb.it
file music-module	mirrors/scenesp.org/compilations/modplanet/normal/cd2/pc artists N-Z/wonder/wnd_wre.it	432.28K	compilations/modplanet/normal/cd2/pc artists N-Z/wonder/wnd_wre.it
file music-module	mirrors/scenesp.org/compilations/modplanet/normal/cd2/pc artists N-Z/wonder/wnd_zero.it	600.62K	compilations/modplanet/normal/cd2/pc artists N-Z/wonder/wnd_zero.it
file music-module	mirrors/scenesp.org/compilations/modplanet/normal/cd2/pc artists N-Z/xpinvert/a1.it	405.24K	compilations/modplanet/normal/cd2/pc artists N-Z/xpinvert/a1.it
file music-module	mirrors/scenesp.org/compilations/modplanet/normal/cd2/pc artists N-Z/xpinvert/b1.it	23.58K	compilations/modplanet/normal/cd2/pc artists N-Z/xpinvert/b1.it
file music-module	mirrors/scenesp.org/compilations/modplanet/normal/cd2/pc artists N-Z/xpinvert/b2.it	34.48K	compilations/modplanet/normal/cd2/pc artists N-Z/xpinvert/b2.it
file music-module	mirrors/scenesp.org/compilations/modplanet/normal/cd2/pc artists N-Z/xpinvert/Sf_xvt23.it	1.07M	compilations/modplanet/normal/cd2/pc artists N-Z/xpinvert/Sf_xvt23.it
file music-module	mirrors/scenesp.org/compilations/modplanet/normal/cd2/pc artists N-Z/xpinvert/Sf_xvt32.it	535.07K	compilations/modplanet/normal/cd2/pc artists N-Z/xpinvert/Sf_xvt32.it
file music-module	mirrors/scenesp.org/compilations/modplanet/normal/cd2/pc artists N-Z/xpinvert/sincow.it	3.91K	compilations/modplanet/normal/cd2/pc artists N-Z/xpinvert/sincow.it
file music-module	mirrors/scenesp.org/compilations/modplanet/normal/cd2/pc artists N-Z/xpinvert/smokers_suite/SMKST1.IT	394.87K	compilations/modplanet/normal/cd2/pc artists N-Z/xpinvert/smokers_suite/SMKST1.IT
file music-module	mirrors/scenesp.org/compilations/modplanet/normal/cd2/pc artists N-Z/xpinvert/smokers_suite/SMKST2.IT	260.35K	compilations/modplanet/normal/cd2/pc artists N-Z/xpinvert/smokers_suite/SMKST2.IT
file music-module	mirrors/scenesp.org/compilations/modplanet/normal/cd2/pc artists N-Z/xpinvert/smokers_suite/SMKST3.IT	308.77K	compilations/modplanet/normal/cd2/pc artists N-Z/xpinvert/smokers_suite/SMKST3.IT
file music-module	mirrors/scenesp.org/compilations/modplanet/normal/cd2/pc artists N-Z/xpinvert/smokers_suite/SMKST4.IT	368.31K	compilations/modplanet/normal/cd2/pc artists N-Z/xpinvert/smokers_suite/SMKST4.IT
file music-module	mirrors/scenesp.org/compilations/modplanet/normal/cd2/pc artists N-Z/xpinvert/smokers_suite/SMKST5.IT	45.12K	compilations/modplanet/normal/cd2/pc artists N-Z/xpinvert/smokers_suite/SMKST5.IT
file music-module	mirrors/scenesp.org/compilations/modplanet/normal/cd2/pc artists N-Z/xpinvert/smokers_suite/SMKST6.IT	199.30K	compilations/modplanet/normal/cd2/pc artists N-Z/xpinvert/smokers_suite/SMKST6.IT
file music-module	mirrors/scenesp.org/compilations/modplanet/normal/cd2/pc artists N-Z/xpinvert/smokers_suite/SMKST7.IT	288.58K	compilations/modplanet/normal/cd2/pc artists N-Z/xpinvert/smokers_suite/SMKST7.IT
file music-module	mirrors/scenesp.org/compilations/modplanet/normal/cd2/pc artists N-Z/yero/COMPUTER.IT	284.75K	compilations/modplanet/normal/cd2/pc artists N-Z/yero/COMPUTER.IT
file music-module	mirrors/scenesp.org/compilations/modplanet/normal/cd2/pc artists N-Z/yero/dnayr01.it	1.49M	compilations/modplanet/normal/cd2/pc artists N-Z/yero/dnayr01.it
file music-module	mirrors/scenesp.org/compilations/modplanet/normal/cd2/pc artists N-Z/yero/HEAVEN.IT	357.55K	compilations/modplanet/normal/cd2/pc artists N-Z/yero/HEAVEN.IT
file music-module	mirrors/scenesp.org/compilations/modplanet/normal/cd2/pc artists N-Z/yero/LEAVING.IT	377.13K	compilations/modplanet/normal/cd2/pc artists N-Z/yero/LEAVING.IT
file music-module	mirrors/scenesp.org/compilations/modplanet/normal/cd2/pc artists N-Z/yero/PERFECT.IT	371.69K	compilations/modplanet/normal/cd2/pc artists N-Z/yero/PERFECT.IT
file music-module	mirrors/scenesp.org/compilations/modplanet/normal/cd2/pc artists N-Z/yero/SF_YR022.IT	1.04M	compilations/modplanet/normal/cd2/pc artists N-Z/yero/SF_YR022.IT
file music-module	mirrors/scenesp.org/compilations/modplanet/normal/cd2/pc artists N-Z/yero/SF_YR025.IT	1.51M	compilations/modplanet/normal/cd2/pc artists N-Z/yero/SF_YR025.IT
file music-module	mirrors/scenesp.org/compilations/modplanet/normal/cd2/pc artists N-Z/yero/SF_YR026.IT	2.53M	compilations/modplanet/normal/cd2/pc artists N-Z/yero/SF_YR026.IT
file music-module	mirrors/scenesp.org/compilations/modplanet/normal/cd2/pc artists N-Z/yero/SF_YR027.IT	858.25K	compilations/modplanet/normal/cd2/pc artists N-Z/yero/SF_YR027.IT
file music-module	mirrors/scenesp.org/compilations/modplanet/normal/cd2/pc artists N-Z/yero/SF_YR030.IT	838.89K	compilations/modplanet/normal/cd2/pc artists N-Z/yero/SF_YR030.IT
file music-module	mirrors/scenesp.org/compilations/modplanet/normal/cd2/pc artists N-Z/yero/sfchsyr1.it	648.77K	compilations/modplanet/normal/cd2/pc artists N-Z/yero/sfchsyr1.it
file music-module	mirrors/scenesp.org/compilations/modplanet/normal/cd2/pc artists N-Z/yero/sf_yr001.it	609.94K	compilations/modplanet/normal/cd2/pc artists N-Z/yero/sf_yr001.it
file music-module	mirrors/scenesp.org/compilations/modplanet/normal/cd2/pc artists N-Z/yero/sf_yr002.it	771.65K	compilations/modplanet/normal/cd2/pc artists N-Z/yero/sf_yr002.it
file music-module	mirrors/scenesp.org/compilations/modplanet/normal/cd2/pc artists N-Z/yero/sf_yr003.it	927.81K	compilations/modplanet/normal/cd2/pc artists N-Z/yero/sf_yr003.it
file music-module	mirrors/scenesp.org/compilations/modplanet/normal/cd2/pc artists N-Z/yero/sf_yr004.it	719.39K	compilations/modplanet/normal/cd2/pc artists N-Z/yero/sf_yr004.it
file music-module	mirrors/scenesp.org/compilations/modplanet/normal/cd2/pc artists N-Z/yero/sf_yr005.it	32.90K	compilations/modplanet/normal/cd2/pc artists N-Z/yero/sf_yr005.it
file music-module	mirrors/scenesp.org/compilations/modplanet/normal/cd2/pc artists N-Z/yero/sf_yr006.it	1.14M	compilations/modplanet/normal/cd2/pc artists N-Z/yero/sf_yr006.it
file music-module	mirrors/scenesp.org/compilations/modplanet/normal/cd2/pc artists N-Z/yero/sf_yr007.it	0.96M	compilations/modplanet/normal/cd2/pc artists N-Z/yero/sf_yr007.it
file music-module	mirrors/scenesp.org/compilations/modplanet/normal/cd2/pc artists N-Z/yero/sf_yr008.it	827.53K	compilations/modplanet/normal/cd2/pc artists N-Z/yero/sf_yr008.it
file music-module	mirrors/scenesp.org/compilations/modplanet/normal/cd2/pc artists N-Z/yero/sf_yr009.it	652.83K	compilations/modplanet/normal/cd2/pc artists N-Z/yero/sf_yr009.it
file music-module	mirrors/scenesp.org/compilations/modplanet/normal/cd2/pc artists N-Z/yero/sf_yr010.it	645.09K	compilations/modplanet/normal/cd2/pc artists N-Z/yero/sf_yr010.it
file music-module	mirrors/scenesp.org/compilations/modplanet/normal/cd2/pc artists N-Z/yero/sf_yr011.it	206.00K	compilations/modplanet/normal/cd2/pc artists N-Z/yero/sf_yr011.it
file music-module	mirrors/scenesp.org/compilations/modplanet/normal/cd2/pc artists N-Z/yero/sf_yr012.it	231.22K	compilations/modplanet/normal/cd2/pc artists N-Z/yero/sf_yr012.it
file music-module	mirrors/scenesp.org/compilations/modplanet/normal/cd2/pc artists N-Z/yero/sf_yr013.it	75.71K	compilations/modplanet/normal/cd2/pc artists N-Z/yero/sf_yr013.it
file music-module	mirrors/scenesp.org/compilations/modplanet/normal/cd2/pc artists N-Z/yero/sf_yr014.it	1.02M	compilations/modplanet/normal/cd2/pc artists N-Z/yero/sf_yr014.it
file music-module	mirrors/scenesp.org/compilations/modplanet/normal/cd2/pc artists N-Z/yero/sf_yr015.it	1.15M	compilations/modplanet/normal/cd2/pc artists N-Z/yero/sf_yr015.it
file music-module	mirrors/scenesp.org/compilations/modplanet/normal/cd2/pc artists N-Z/yero/sf_yr016.it	971.79K	compilations/modplanet/normal/cd2/pc artists N-Z/yero/sf_yr016.it
file music-module	mirrors/scenesp.org/compilations/modplanet/normal/cd2/pc artists N-Z/yero/sf_yr017.it	571.72K	compilations/modplanet/normal/cd2/pc artists N-Z/yero/sf_yr017.it
file music-module	mirrors/scenesp.org/compilations/modplanet/normal/cd2/pc artists N-Z/yero/sf_yr018.it	1.90M	compilations/modplanet/normal/cd2/pc artists N-Z/yero/sf_yr018.it
file music-module	mirrors/scenesp.org/compilations/modplanet/normal/cd2/pc artists N-Z/yero/sf_yr019.it	1.06M	compilations/modplanet/normal/cd2/pc artists N-Z/yero/sf_yr019.it
file music-module	mirrors/scenesp.org/compilations/modplanet/normal/cd2/pc artists N-Z/yero/sf_yr020.it	1.01M	compilations/modplanet/normal/cd2/pc artists N-Z/yero/sf_yr020.it
file music-module	mirrors/scenesp.org/compilations/modplanet/normal/cd2/pc artists N-Z/yero/sf_yr021.it	1.53M	compilations/modplanet/normal/cd2/pc artists N-Z/yero/sf_yr021.it
file music-module	mirrors/scenesp.org/compilations/modplanet/normal/cd2/pc artists N-Z/yero/sf_yr023.it	1.33M	compilations/modplanet/normal/cd2/pc artists N-Z/yero/sf_yr023.it
file music-module	mirrors/scenesp.org/compilations/modplanet/normal/cd2/pc artists N-Z/yero/sf_yr024.it	179.20K	compilations/modplanet/normal/cd2/pc artists N-Z/yero/sf_yr024.it
file music-module	mirrors/scenesp.org/compilations/modplanet/normal/cd2/pc artists N-Z/yero/sf_yr028.it	1.70M	compilations/modplanet/normal/cd2/pc artists N-Z/yero/sf_yr028.it
file music-module	mirrors/scenesp.org/compilations/modplanet/normal/cd2/pc artists N-Z/yero/sf_yr029.it	962.29K	compilations/modplanet/normal/cd2/pc artists N-Z/yero/sf_yr029.it
file music-module	mirrors/scenesp.org/compilations/modplanet/normal/cd2/pc artists N-Z/yero/YR_ANOTH.IT	252.91K	compilations/modplanet/normal/cd2/pc artists N-Z/yero/YR_ANOTH.IT
file music-module	mirrors/scenesp.org/compilations/modplanet/normal/cd2/pc artists N-Z/yero/YR_CORE3.IT	22.41K	compilations/modplanet/normal/cd2/pc artists N-Z/yero/YR_CORE3.IT
file music-module	mirrors/scenesp.org/compilations/modplanet/normal/cd2/pc artists N-Z/yero/YR_GOLD.IT	1.13M	compilations/modplanet/normal/cd2/pc artists N-Z/yero/YR_GOLD.IT
file music-module	mirrors/scenesp.org/compilations/modplanet/normal/cd2/pc artists N-Z/yero/YR_STARS.IT	609.95K	compilations/modplanet/normal/cd2/pc artists N-Z/yero/YR_STARS.IT
file music-module	mirrors/scenesp.org/compilations/modplanet/normal/cd2/pc artists N-Z/yero/YR_SUPER.IT	589.00K	compilations/modplanet/normal/cd2/pc artists N-Z/yero/YR_SUPER.IT
file music-module	mirrors/scenesp.org/compilations/modplanet/normal/cd2/pc artists N-Z/yero/yr_apoca.it	604.12K	compilations/modplanet/normal/cd2/pc artists N-Z/yero/yr_apoca.it
file music-module	mirrors/scenesp.org/compilations/modplanet/normal/cd2/pc artists N-Z/yero/yr_awof.it	705.00K	compilations/modplanet/normal/cd2/pc artists N-Z/yero/yr_awof.it
file music-module	mirrors/scenesp.org/compilations/modplanet/normal/cd2/pc artists N-Z/yero/yr_blue.it	474.59K	compilations/modplanet/normal/cd2/pc artists N-Z/yero/yr_blue.it
file music-module	mirrors/scenesp.org/compilations/modplanet/normal/cd2/pc artists N-Z/yero/yr_brsht.it	929.52K	compilations/modplanet/normal/cd2/pc artists N-Z/yero/yr_brsht.it
file music-module	mirrors/scenesp.org/compilations/modplanet/normal/cd2/pc artists N-Z/yero/yr_dest.it	755.37K	compilations/modplanet/normal/cd2/pc artists N-Z/yero/yr_dest.it
file music-module	mirrors/scenesp.org/compilations/modplanet/normal/cd2/pc artists N-Z/yero/yr_dubu.it	211.72K	compilations/modplanet/normal/cd2/pc artists N-Z/yero/yr_dubu.it
file music-module	mirrors/scenesp.org/compilations/modplanet/normal/cd2/pc artists N-Z/yero/yr_ExH.it	940.74K	compilations/modplanet/normal/cd2/pc artists N-Z/yero/yr_ExH.it
file music-module	mirrors/scenesp.org/compilations/modplanet/normal/cd2/pc artists N-Z/yero/yr_eps.it	732.20K	compilations/modplanet/normal/cd2/pc artists N-Z/yero/yr_eps.it
file music-module	mirrors/scenesp.org/compilations/modplanet/normal/cd2/pc artists N-Z/yero/yr_final.it	281.69K	compilations/modplanet/normal/cd2/pc artists N-Z/yero/yr_final.it
file music-module	mirrors/scenesp.org/compilations/modplanet/normal/cd2/pc artists N-Z/yero/yr_flood.it	368.38K	compilations/modplanet/normal/cd2/pc artists N-Z/yero/yr_flood.it
file music-module	mirrors/scenesp.org/compilations/modplanet/normal/cd2/pc artists N-Z/yero/yr_fly.it	1.15M	compilations/modplanet/normal/cd2/pc artists N-Z/yero/yr_fly.it
file music-module	mirrors/scenesp.org/compilations/modplanet/normal/cd2/pc artists N-Z/yero/yr_hard.it	1.37M	compilations/modplanet/normal/cd2/pc artists N-Z/yero/yr_hard.it
file music-module	mirrors/scenesp.org/compilations/modplanet/normal/cd2/pc artists N-Z/yero/yr_hyst.it	740.72K	compilations/modplanet/normal/cd2/pc artists N-Z/yero/yr_hyst.it
file music-module	mirrors/scenesp.org/compilations/modplanet/normal/cd2/pc artists N-Z/yero/yr_lost.it	586.32K	compilations/modplanet/normal/cd2/pc artists N-Z/yero/yr_lost.it
file music-module	mirrors/scenesp.org/compilations/modplanet/normal/cd2/pc artists N-Z/yero/yr_mirag.it	744.31K	compilations/modplanet/normal/cd2/pc artists N-Z/yero/yr_mirag.it
file music-module	mirrors/scenesp.org/compilations/modplanet/normal/cd2/pc artists N-Z/yero/yr_moons.it	584.59K	compilations/modplanet/normal/cd2/pc artists N-Z/yero/yr_moons.it
file music-module	mirrors/scenesp.org/compilations/modplanet/normal/cd2/pc artists N-Z/yero/yr_music.it	1.35M	compilations/modplanet/normal/cd2/pc artists N-Z/yero/yr_music.it
file music-module	mirrors/scenesp.org/compilations/modplanet/normal/cd2/pc artists N-Z/yero/yr_peace.it	571.18K	compilations/modplanet/normal/cd2/pc artists N-Z/yero/yr_peace.it
file music-module	mirrors/scenesp.org/compilations/modplanet/normal/cd2/pc artists N-Z/yero/yr_scroll.IT	102.08K	compilations/modplanet/normal/cd2/pc artists N-Z/yero/yr_scroll.IT
file music-module	mirrors/scenesp.org/compilations/modplanet/normal/cd2/pc artists N-Z/yero/yr_sea.it	1.19M	compilations/modplanet/normal/cd2/pc artists N-Z/yero/yr_sea.it
file music-module	mirrors/scenesp.org/compilations/modplanet/normal/cd2/pc artists N-Z/yero/yr_south.it	195.77K	compilations/modplanet/normal/cd2/pc artists N-Z/yero/yr_south.it
file music-module	mirrors/scenesp.org/compilations/modplanet/normal/cd2/pc artists N-Z/yero/yr_spc.it	157.20K	compilations/modplanet/normal/cd2/pc artists N-Z/yero/yr_spc.it
file music-module	mirrors/scenesp.org/compilations/modplanet/normal/cd2/pc artists N-Z/yero/yr_true2.it	622.82K	compilations/modplanet/normal/cd2/pc artists N-Z/yero/yr_true2.it
file music-module	mirrors/scenesp.org/compilations/modplanet/normal/cd2/pc artists N-Z/yero/Z3WAVE.IT	818.49K	compilations/modplanet/normal/cd2/pc artists N-Z/yero/Z3WAVE.IT
file music-module	mirrors/scenesp.org/compilations/modplanet/normal/cd2/pc artists N-Z/yero/chiptunes/YR_BOO.IT	63.91K	compilations/modplanet/normal/cd2/pc artists N-Z/yero/chiptunes/YR_BOO.IT
file music-module	mirrors/scenesp.org/compilations/modplanet/normal/cd2/pc artists N-Z/yero/chiptunes/YR_BUB.IT	3.84K	compilations/modplanet/normal/cd2/pc artists N-Z/yero/chiptunes/YR_BUB.IT
file music-module	mirrors/scenesp.org/compilations/modplanet/normal/cd2/pc artists N-Z/yero/chiptunes/YR_CALM.IT	6.41K	compilations/modplanet/normal/cd2/pc artists N-Z/yero/chiptunes/YR_CALM.IT
file music-module	mirrors/scenesp.org/compilations/modplanet/normal/cd2/pc artists N-Z/yero/chiptunes/YR_CHOC1.IT	4.56K	compilations/modplanet/normal/cd2/pc artists N-Z/yero/chiptunes/YR_CHOC1.IT
file music-module	mirrors/scenesp.org/compilations/modplanet/normal/cd2/pc artists N-Z/yero/chiptunes/YR_MAGIC.IT	14.20K	compilations/modplanet/normal/cd2/pc artists N-Z/yero/chiptunes/YR_MAGIC.IT
file music-module	mirrors/scenesp.org/compilations/modplanet/normal/cd2/pc artists N-Z/yero/chiptunes/YR_SILLY.IT	9.32K	compilations/modplanet/normal/cd2/pc artists N-Z/yero/chiptunes/YR_SILLY.IT
file music-module	mirrors/scenesp.org/compilations/modplanet/normal/cd2/pc artists N-Z/yero/chiptunes/YR_TIME.IT	9.86K	compilations/modplanet/normal/cd2/pc artists N-Z/yero/chiptunes/YR_TIME.IT
file music-module	mirrors/scenesp.org/compilations/modplanet/normal/cd2/pc artists N-Z/yero/chiptunes/yr_core2.it	36.18K	compilations/modplanet/normal/cd2/pc artists N-Z/yero/chiptunes/yr_core2.it
file music-module	mirrors/scenesp.org/compilations/modplanet/normal/cd2/pc artists N-Z/yero/chiptunes/yr_dark.it	4.72K	compilations/modplanet/normal/cd2/pc artists N-Z/yero/chiptunes/yr_dark.it
file music-module	mirrors/scenesp.org/compilations/modplanet/normal/cd2/pc artists N-Z/yero/chiptunes/yr_flwrs.it	51.31K	compilations/modplanet/normal/cd2/pc artists N-Z/yero/chiptunes/yr_flwrs.it
file music-module	mirrors/scenesp.org/compilations/modplanet/normal/cd2/pc artists N-Z/yero/chiptunes/yr_goodb.it	28.38K	compilations/modplanet/normal/cd2/pc artists N-Z/yero/chiptunes/yr_goodb.it
file music-module	mirrors/scenesp.org/compilations/modplanet/normal/cd2/pc artists N-Z/yero/chiptunes/yr_hell.it	60.21K	compilations/modplanet/normal/cd2/pc artists N-Z/yero/chiptunes/yr_hell.it
file music-module	mirrors/scenesp.org/compilations/modplanet/normal/cd2/pc artists N-Z/yero/chiptunes/yr_hell2.it	15.01K	compilations/modplanet/normal/cd2/pc artists N-Z/yero/chiptunes/yr_hell2.it
file music-module	mirrors/scenesp.org/compilations/modplanet/normal/cd2/pc artists N-Z/yero/chiptunes/yr_hyvaa.it	26.13K	compilations/modplanet/normal/cd2/pc artists N-Z/yero/chiptunes/yr_hyvaa.it
file music-module	mirrors/scenesp.org/compilations/modplanet/normal/cd2/pc artists N-Z/yero/chiptunes/yr_pp.it	82.86K	compilations/modplanet/normal/cd2/pc artists N-Z/yero/chiptunes/yr_pp.it
file music-module	mirrors/scenesp.org/compilations/modplanet/normal/cd2/pc artists N-Z/yero/chiptunes/yr_razor.it	21.40K	compilations/modplanet/normal/cd2/pc artists N-Z/yero/chiptunes/yr_razor.it
file music-module	mirrors/scenesp.org/compilations/modplanet/normal/cd2/pc artists N-Z/yero/chiptunes/yr_yello.it	12.95K	compilations/modplanet/normal/cd2/pc artists N-Z/yero/chiptunes/yr_yello.it
file music-module	mirrors/scenesp.org/compilations/modplanet/normal/cd2/pc artists N-Z/zombie/ACOUSTIC.IT	148.82K	compilations/modplanet/normal/cd2/pc artists N-Z/zombie/ACOUSTIC.IT
file music-module	mirrors/scenesp.org/modulez/adde/adde-lisu.it	23.67K	modulez/adde/adde-lisu.it
file music-module	mirrors/scenesp.org/modulez/alphacentauri/acn-driplets.it	675.07K	modulez/alphacentauri/acn-driplets.it
file music-module	mirrors/scenesp.org/modulez/alphacentauri/acn-free_space.it	674.29K	modulez/alphacentauri/acn-free_space.it
file music-module	mirrors/scenesp.org/modulez/andyabstract/DF-INCAN.IT	385.94K	modulez/andyabstract/DF-INCAN.IT
file music-module	mirrors/scenesp.org/modulez/andyabstract/DF-PARAL.IT	544.80K	modulez/andyabstract/DF-PARAL.IT
file music-module	mirrors/scenesp.org/modulez/atma/SFA_ThorntailNgt.it	61.19K	modulez/atma/SFA_ThorntailNgt.it
file music-module	mirrors/scenesp.org/modulez/beek/lajollahermosa.it	60.40K	modulez/beek/lajollahermosa.it
file music-module	mirrors/scenesp.org/modulez/bitl/BTL_MECR.IT	63.84K	modulez/bitl/BTL_MECR.IT
file music-module	mirrors/scenesp.org/modulez/bitl/chvalley.it	62.21K	modulez/bitl/chvalley.it
file music-module	mirrors/scenesp.org/modulez/bitl/voyage.it	63.88K	modulez/bitl/voyage.it
file music-module	mirrors/scenesp.org/modulez/cruess/300g Mehl.it	133.15K	modulez/cruess/300g Mehl.it
file music-module	mirrors/scenesp.org/modulez/cyborgjeff/1K.IT	954B	modulez/cyborgjeff/1K.IT
file music-module	mirrors/scenesp.org/modulez/cyborgjeff/6462.IT	78.84K	modulez/cyborgjeff/6462.IT
file music-module	mirrors/scenesp.org/modulez/cyborgjeff/Alan.it	692.67K	modulez/cyborgjeff/Alan.it
file music-module	mirrors/scenesp.org/modulez/cyborgjeff/BILTM04.IT	21.26K	modulez/cyborgjeff/BILTM04.IT
file music-module	mirrors/scenesp.org/modulez/cyborgjeff/Bisou8b.it	3.34M	modulez/cyborgjeff/Bisou8b.it
file music-module	mirrors/scenesp.org/modulez/cyborgjeff/BOMBER1.IT	275.53K	modulez/cyborgjeff/BOMBER1.IT
file music-module	mirrors/scenesp.org/modulez/cyborgjeff/BOMBER2.IT	273.71K	modulez/cyborgjeff/BOMBER2.IT
file music-module	mirrors/scenesp.org/modulez/cyborgjeff/BOUNGA03.IT	1.47M	modulez/cyborgjeff/BOUNGA03.IT
file music-module	mirrors/scenesp.org/modulez/cyborgjeff/Bouelimi.it	90.89K	modulez/cyborgjeff/Bouelimi.it
file music-module	mirrors/scenesp.org/modulez/cyborgjeff/CARINE1.IT	1.86M	modulez/cyborgjeff/CARINE1.IT
file music-module	mirrors/scenesp.org/modulez/cyborgjeff/CELTIC04.IT	5.08M	modulez/cyborgjeff/CELTIC04.IT
file music-module	mirrors/scenesp.org/modulez/cyborgjeff/CHILDR99.IT	4.81M	modulez/cyborgjeff/CHILDR99.IT
file music-module	mirrors/scenesp.org/modulez/cyborgjeff/CJ2.IT	1.27M	modulez/cyborgjeff/CJ2.IT
file music-module	mirrors/scenesp.org/modulez/cyborgjeff/CONCOURS.IT	3.60M	modulez/cyborgjeff/CONCOURS.IT
file music-module	mirrors/scenesp.org/modulez/cyborgjeff/Co22k.it	3.72M	modulez/cyborgjeff/Co22k.it
file music-module	mirrors/scenesp.org/modulez/cyborgjeff/cyborgjeff-150perc-vst.it	3.79M	modulez/cyborgjeff/cyborgjeff-150perc-vst.it
file music-module	mirrors/scenesp.org/modulez/cyborgjeff/cyborgjeff-3-DJX2.IT	4.96M	modulez/cyborgjeff/cyborgjeff-3-DJX2.IT
file music-module	mirrors/scenesp.org/modulez/cyborgjeff/cyborgjeff-BACK74.IT	2.52M	modulez/cyborgjeff/cyborgjeff-BACK74.IT
file music-module	mirrors/scenesp.org/modulez/cyborgjeff/cyborgjeff-Divag02.it	1.02M	modulez/cyborgjeff/cyborgjeff-Divag02.it
file music-module	mirrors/scenesp.org/modulez/cyborgjeff/cyborgjeff-DR2.IT	5.71M	modulez/cyborgjeff/cyborgjeff-DR2.IT
file music-module	mirrors/scenesp.org/modulez/cyborgjeff/cyborgjeff-IS2K3.IT	3.57M	modulez/cyborgjeff/cyborgjeff-IS2K3.IT
file music-module	mirrors/scenesp.org/modulez/cyborgjeff/cyborgjeff-ISLAND2.IT	4.64M	modulez/cyborgjeff/cyborgjeff-ISLAND2.IT
file music-module	mirrors/scenesp.org/modulez/cyborgjeff/cyborgjeff-NZ5SK2.IT	2.84M	modulez/cyborgjeff/cyborgjeff-NZ5SK2.IT
file music-module	mirrors/scenesp.org/modulez/cyborgjeff/cyborgjeff-PRINCESS.IT	3.42M	modulez/cyborgjeff/cyborgjeff-PRINCESS.IT
file music-module	mirrors/scenesp.org/modulez/cyborgjeff/DANCECLA.IT	1.48M	modulez/cyborgjeff/DANCECLA.IT
file music-module	mirrors/scenesp.org/modulez/cyborgjeff/Darkage.it	936.72K	modulez/cyborgjeff/Darkage.it
file music-module	mirrors/scenesp.org/modulez/cyborgjeff/DEEPHOUS.IT	1.81M	modulez/cyborgjeff/DEEPHOUS.IT
file music-module	mirrors/scenesp.org/modulez/cyborgjeff/DSCNUL.IT	34.99K	modulez/cyborgjeff/DSCNUL.IT
file music-module	mirrors/scenesp.org/modulez/cyborgjeff/Esper.it	2.72M	modulez/cyborgjeff/Esper.it
file music-module	mirrors/scenesp.org/modulez/cyborgjeff/EUROSPOR.IT	1.21M	modulez/cyborgjeff/EUROSPOR.IT
file music-module	mirrors/scenesp.org/modulez/cyborgjeff/FABIENNE.IT	2.37M	modulez/cyborgjeff/FABIENNE.IT
file music-module	mirrors/scenesp.org/modulez/cyborgjeff/Fables.it	1.44M	modulez/cyborgjeff/Fables.it
file music-module	mirrors/scenesp.org/modulez/cyborgjeff/FKXG.IT	0.99M	modulez/cyborgjeff/FKXG.IT
file music-module	mirrors/scenesp.org/modulez/cyborgjeff/Fp038b.it	657.97K	modulez/cyborgjeff/Fp038b.it
file music-module	mirrors/scenesp.org/modulez/cyborgjeff/FUNKY.IT	2.64M	modulez/cyborgjeff/FUNKY.IT
file music-module	mirrors/scenesp.org/modulez/cyborgjeff/Furend2.it	501.88K	modulez/cyborgjeff/Furend2.it
file music-module	mirrors/scenesp.org/modulez/cyborgjeff/Hereyes.it	469.83K	modulez/cyborgjeff/Hereyes.it
file music-module	mirrors/scenesp.org/modulez/cyborgjeff/Hhn8b2.it	1.67M	modulez/cyborgjeff/Hhn8b2.it
file music-module	mirrors/scenesp.org/modulez/cyborgjeff/HOUSE7.IT	784.08K	modulez/cyborgjeff/HOUSE7.IT
file music-module	mirrors/scenesp.org/modulez/cyborgjeff/HTML2.IT	62.98K	modulez/cyborgjeff/HTML2.IT
file music-module	mirrors/scenesp.org/modulez/cyborgjeff/Htea2k2.it	138.33K	modulez/cyborgjeff/Htea2k2.it
file music-module	mirrors/scenesp.org/modulez/cyborgjeff/INDIAN.IT	1.65M	modulez/cyborgjeff/INDIAN.IT
file music-module	mirrors/scenesp.org/modulez/cyborgjeff/Iwan238b.it	1.47M	modulez/cyborgjeff/Iwan238b.it
file music-module	mirrors/scenesp.org/modulez/cyborgjeff/Iwant22.it	3.48M	modulez/cyborgjeff/Iwant22.it
file music-module	mirrors/scenesp.org/modulez/cyborgjeff/Iwant228.it	1.28M	modulez/cyborgjeff/Iwant228.it
file music-module	mirrors/scenesp.org/modulez/cyborgjeff/Iwant23.it	4.06M	modulez/cyborgjeff/Iwant23.it
file music-module	mirrors/scenesp.org/modulez/cyborgjeff/J-A-FACE.IT	402.56K	modulez/cyborgjeff/J-A-FACE.IT
file music-module	mirrors/scenesp.org/modulez/cyborgjeff/JAZZ.IT	213.50K	modulez/cyborgjeff/JAZZ.IT
file music-module	mirrors/scenesp.org/modulez/cyborgjeff/JAZZ42.IT	6.51M	modulez/cyborgjeff/JAZZ42.IT
file music-module	mirrors/scenesp.org/modulez/cyborgjeff/JLAND.IT	270.85K	modulez/cyborgjeff/JLAND.IT
file music-module	mirrors/scenesp.org/modulez/cyborgjeff/JUJU99.IT	3.06M	modulez/cyborgjeff/JUJU99.IT
file music-module	mirrors/scenesp.org/modulez/cyborgjeff/JUMP.IT	0.98M	modulez/cyborgjeff/JUMP.IT
file music-module	mirrors/scenesp.org/modulez/cyborgjeff/junkie.it	1.04M	modulez/cyborgjeff/junkie.it
file music-module	mirrors/scenesp.org/modulez/cyborgjeff/KAMERSP.IT	1.21M	modulez/cyborgjeff/KAMERSP.IT
file music-module	mirrors/scenesp.org/modulez/cyborgjeff/Kaos816.it	2.16M	modulez/cyborgjeff/Kaos816.it
file music-module	mirrors/scenesp.org/modulez/cyborgjeff/Mask.it	2.30M	modulez/cyborgjeff/Mask.it
file music-module	mirrors/scenesp.org/modulez/cyborgjeff/Miek68b.it	1.41M	modulez/cyborgjeff/Miek68b.it
file music-module	mirrors/scenesp.org/modulez/cyborgjeff/Mqua8b.it	1.11M	modulez/cyborgjeff/Mqua8b.it
file music-module	mirrors/scenesp.org/modulez/cyborgjeff/Nz428b.it	2.02M	modulez/cyborgjeff/Nz428b.it
file music-module	mirrors/scenesp.org/modulez/cyborgjeff/RACRMX.IT	5.22M	modulez/cyborgjeff/RACRMX.IT
file music-module	mirrors/scenesp.org/modulez/cyborgjeff/ROBINSON.IT	3.04M	modulez/cyborgjeff/ROBINSON.IT
file music-module	mirrors/scenesp.org/modulez/cyborgjeff/Sagapao.it	1.79M	modulez/cyborgjeff/Sagapao.it
file music-module	mirrors/scenesp.org/modulez/cyborgjeff/SDJ.IT	357.43K	modulez/cyborgjeff/SDJ.IT
file music-module	mirrors/scenesp.org/modulez/cyborgjeff/SF2CHIP.IT	197.67K	modulez/cyborgjeff/SF2CHIP.IT
file music-module	mirrors/scenesp.org/modulez/cyborgjeff/SKU-TXT.IT	63.38K	modulez/cyborgjeff/SKU-TXT.IT
file music-module	mirrors/scenesp.org/modulez/cyborgjeff/SKULLS1.IT	848.56K	modulez/cyborgjeff/SKULLS1.IT
file music-module	mirrors/scenesp.org/modulez/cyborgjeff/SKUZZY.IT	743.42K	modulez/cyborgjeff/SKUZZY.IT
file music-module	mirrors/scenesp.org/modulez/cyborgjeff/Sku248b.it	278.33K	modulez/cyborgjeff/Sku248b.it
file music-module	mirrors/scenesp.org/modulez/cyborgjeff/SOMEWHER.IT	188.66K	modulez/cyborgjeff/SOMEWHER.IT
file music-module	mirrors/scenesp.org/modulez/cyborgjeff/Soire22.it	1.48M	modulez/cyborgjeff/Soire22.it
file music-module	mirrors/scenesp.org/modulez/cyborgjeff/Sprkzl8b.it	769.11K	modulez/cyborgjeff/Sprkzl8b.it
file music-module	mirrors/scenesp.org/modulez/cyborgjeff/SYNC.IT	758.29K	modulez/cyborgjeff/SYNC.IT
file music-module	mirrors/scenesp.org/modulez/cyborgjeff/TRUST.IT	2.00M	modulez/cyborgjeff/TRUST.IT
file music-module	mirrors/scenesp.org/modulez/cyborgjeff/Trydisco.it	1.60M	modulez/cyborgjeff/Trydisco.it
file music-module	mirrors/scenesp.org/modulez/cyborgjeff/Ucan8b.it	689.34K	modulez/cyborgjeff/Ucan8b.it
file music-module	mirrors/scenesp.org/modulez/cyborgjeff/ULUFMI.IT	1.59M	modulez/cyborgjeff/ULUFMI.IT
file music-module	mirrors/scenesp.org/modulez/cyborgjeff/URMS2.IT	2.29M	modulez/cyborgjeff/URMS2.IT
file music-module	mirrors/scenesp.org/modulez/cyborgjeff/Urmdsc8b.it	906.13K	modulez/cyborgjeff/Urmdsc8b.it
file music-module	mirrors/scenesp.org/modulez/cyborgjeff/VIRTUAL.IT	1.44M	modulez/cyborgjeff/VIRTUAL.IT
file music-module	mirrors/scenesp.org/modulez/cyborgjeff/Vip1.it	0.95M	modulez/cyborgjeff/Vip1.it
file music-module	mirrors/scenesp.org/modulez/cyborgjeff/WARPFIEL.IT	1.56M	modulez/cyborgjeff/WARPFIEL.IT
file music-module	mirrors/scenesp.org/modulez/cyborgjeff/WORK15.IT	1.82M	modulez/cyborgjeff/WORK15.IT
file music-module	mirrors/scenesp.org/modulez/cyborgjeff/Work19.it	2.64M	modulez/cyborgjeff/Work19.it
file music-module	mirrors/scenesp.org/modulez/cyborgjeff/Work20.it	2.79M	modulez/cyborgjeff/Work20.it
file music-module	mirrors/scenesp.org/modulez/cyborgjeff/Work6.it	2.17M	modulez/cyborgjeff/Work6.it
file music-module	mirrors/scenesp.org/modulez/cyborgjeff/Xmas04.it	749.11K	modulez/cyborgjeff/Xmas04.it
file music-module	mirrors/scenesp.org/modulez/dartusha/happy darutsha.it	135.69K	modulez/dartusha/happy darutsha.it
file music-module	mirrors/scenesp.org/modulez/daveyflopit/DF-BLGRN.IT	273.71K	modulez/daveyflopit/DF-BLGRN.IT
file music-module	mirrors/scenesp.org/modulez/daveyflopit/DF-CURIO.IT	68.39K	modulez/daveyflopit/DF-CURIO.IT
file music-module	mirrors/scenesp.org/modulez/daveyflopit/DF-DISCO.IT	641.62K	modulez/daveyflopit/DF-DISCO.IT
file music-module	mirrors/scenesp.org/modulez/daveyflopit/DF-FALL.IT	67.40K	modulez/daveyflopit/DF-FALL.IT
file music-module	mirrors/scenesp.org/modulez/daveyflopit/DF-GRAVY.IT	208.18K	modulez/daveyflopit/DF-GRAVY.IT
file music-module	mirrors/scenesp.org/modulez/daveyflopit/DF-INCAN.IT	385.94K	modulez/daveyflopit/DF-INCAN.IT
file music-module	mirrors/scenesp.org/modulez/daveyflopit/DF-KEYPA.IT	28.24K	modulez/daveyflopit/DF-KEYPA.IT
file music-module	mirrors/scenesp.org/modulez/daveyflopit/DF-MISPL.IT	444.27K	modulez/daveyflopit/DF-MISPL.IT
file music-module	mirrors/scenesp.org/modulez/daveyflopit/DF-PARAL.IT	544.80K	modulez/daveyflopit/DF-PARAL.IT
file music-module	mirrors/scenesp.org/modulez/daveyflopit/DF-POOBB.IT	81.87K	modulez/daveyflopit/DF-POOBB.IT
file music-module	mirrors/scenesp.org/modulez/daveyflopit/DF-SHALT.IT	108.72K	modulez/daveyflopit/DF-SHALT.IT
file music-module	mirrors/scenesp.org/modulez/daveyflopit/DF-STAR.IT	90.11K	modulez/daveyflopit/DF-STAR.IT
file music-module	mirrors/scenesp.org/modulez/daveyflopit/DF-TDOOF.IT	821.91K	modulez/daveyflopit/DF-TDOOF.IT
file music-module	mirrors/scenesp.org/modulez/daveyflopit/DF-VOMIT.IT	84.45K	modulez/daveyflopit/DF-VOMIT.IT
file music-module	mirrors/scenesp.org/modulez/daveyflopit/DF-XYLEM.IT	727.65K	modulez/daveyflopit/DF-XYLEM.IT
file music-module	mirrors/scenesp.org/modulez/daveyflopit/GOOGLY.IT	236.17K	modulez/daveyflopit/GOOGLY.IT
file music-module	mirrors/scenesp.org/modulez/daveyflopit/HAPPY.IT	54.91K	modulez/daveyflopit/HAPPY.IT
file music-module	mirrors/scenesp.org/modulez/daveyflopit/powerln.it	753.48K	modulez/daveyflopit/powerln.it
file music-module	mirrors/scenesp.org/modulez/djattack/rsk-pak!.it	1.50M	modulez/djattack/rsk-pak!.it
file music-module	mirrors/scenesp.org/modulez/drjacko/General Chaos pt-1.it	95.90K	modulez/drjacko/General Chaos pt-1.it
file music-module	mirrors/scenesp.org/modulez/drjacko/General Chaos pt-2.it	165.83K	modulez/drjacko/General Chaos pt-2.it
file music-module	mirrors/scenesp.org/modulez/drjacko/General Chaos pt-3.it	122.74K	modulez/drjacko/General Chaos pt-3.it
file music-module	mirrors/scenesp.org/modulez/drjacko/General Chaos pt-4.it	210.70K	modulez/drjacko/General Chaos pt-4.it
file music-module	mirrors/scenesp.org/modulez/drjacko/General Chaos pt-5.it	72.30K	modulez/drjacko/General Chaos pt-5.it
file music-module	mirrors/scenesp.org/modulez/drjacko/General Chaos pt6.it	206.63K	modulez/drjacko/General Chaos pt6.it
file music-module	mirrors/scenesp.org/modulez/drjacko/Lobo - Changes.it	845.29K	modulez/drjacko/Lobo - Changes.it
file music-module	mirrors/scenesp.org/modulez/drjacko/Lobo - Eternity.it	81.29K	modulez/drjacko/Lobo - Eternity.it
file music-module	mirrors/scenesp.org/modulez/drjacko/Lobo - Kaufman Mind.it	57.81K	modulez/drjacko/Lobo - Kaufman Mind.it
file music-module	mirrors/scenesp.org/modulez/drjacko/Lobo - Main Menu 2.it	41.73K	modulez/drjacko/Lobo - Main Menu 2.it
file music-module	mirrors/scenesp.org/modulez/drjacko/Lobo - Main Menu.it	23.62K	modulez/drjacko/Lobo - Main Menu.it
file music-module	mirrors/scenesp.org/modulez/drjacko/Lobo - Resurrection.it	85.95K	modulez/drjacko/Lobo - Resurrection.it
file music-module	mirrors/scenesp.org/modulez/drjacko/Lobo&Agu - Sacramento Nights.it	88.87K	modulez/drjacko/Lobo&Agu - Sacramento Nights.it
file music-module	mirrors/scenesp.org/modulez/dustontape/[0001]dustontape.it	261.70K	modulez/dustontape/[0001]dustontape.it
file music-module	mirrors/scenesp.org/modulez/elysis/Codelove.it	39.83K	modulez/elysis/Codelove.it
file music-module	mirrors/scenesp.org/modulez/elysis/Elysis.it	65.15K	modulez/elysis/Elysis.it
file music-module	mirrors/scenesp.org/modulez/essence_uy/yourvoice.it	1.84M	modulez/essence_uy/yourvoice.it
file music-module	mirrors/scenesp.org/modulez/fukmo/Still_I_Wait.it	1.10M	modulez/fukmo/Still_I_Wait.it
file music-module	mirrors/scenesp.org/modulez/Jakim/rainforest.it	495.91K	modulez/Jakim/rainforest.it
file music-module	mirrors/scenesp.org/modulez/Jakim/zyklon.it	1.69M	modulez/Jakim/zyklon.it
file music-module	mirrors/scenesp.org/modulez/jeenio/jee-100.it	174.59K	modulez/jeenio/jee-100.it
file music-module	mirrors/scenesp.org/modulez/jeenio/jee-3rd.it	212.56K	modulez/jeenio/jee-3rd.it
file music-module	mirrors/scenesp.org/modulez/jeenio/jee-acst.it	36.75K	modulez/jeenio/jee-acst.it
file music-module	mirrors/scenesp.org/modulez/jeenio/jee-aisi.it	329.83K	modulez/jeenio/jee-aisi.it
file music-module	mirrors/scenesp.org/modulez/jeenio/jee-alph.it	127.56K	modulez/jeenio/jee-alph.it
file music-module	mirrors/scenesp.org/modulez/jeenio/jee-blue.it	305.65K	modulez/jeenio/jee-blue.it
file music-module	mirrors/scenesp.org/modulez/jeenio/jee-bond.it	171.91K	modulez/jeenio/jee-bond.it
file music-module	mirrors/scenesp.org/modulez/jeenio/jee-chip.it	11.52K	modulez/jeenio/jee-chip.it
file music-module	mirrors/scenesp.org/modulez/jeenio/jee-home.it	294.23K	modulez/jeenio/jee-home.it
file music-module	mirrors/scenesp.org/modulez/jeenio/jee-jete.it	184.09K	modulez/jeenio/jee-jete.it
file music-module	mirrors/scenesp.org/modulez/jeenio/jee-moni.it	31.80K	modulez/jeenio/jee-moni.it
file music-module	mirrors/scenesp.org/modulez/jeenio/jee-outb.it	203.64K	modulez/jeenio/jee-outb.it
file music-module	mirrors/scenesp.org/modulez/jeenio/jee-rhap.it	419.33K	modulez/jeenio/jee-rhap.it
file music-module	mirrors/scenesp.org/modulez/jeenio/jee-sun.it	216.65K	modulez/jeenio/jee-sun.it
file music-module	mirrors/scenesp.org/modulez/jeenio/nb-impo.it	286.59K	modulez/jeenio/nb-impo.it
file music-module	mirrors/scenesp.org/modulez/jeenio/nb-remix.it	356.27K	modulez/jeenio/nb-remix.it
file music-module	mirrors/scenesp.org/modulez/jeenio/nb-simpl.it	203.09K	modulez/jeenio/nb-simpl.it
file music-module	mirrors/scenesp.org/modulez/jeenio/ps_jeenio-priti.it	666.34K	modulez/jeenio/ps_jeenio-priti.it
file music-module	mirrors/scenesp.org/modulez/jeenio/tik.it	563.66K	modulez/jeenio/tik.it
file music-module	mirrors/scenesp.org/modulez/jvk/jvk_BachGigue.it	5.60K	modulez/jvk/jvk_BachGigue.it
file music-module	mirrors/scenesp.org/modulez/jvk/jvk_castlerock.it	26.69K	modulez/jvk/jvk_castlerock.it
file music-module	mirrors/scenesp.org/modulez/jvk/jvk_commandos.it	17.54K	modulez/jvk/jvk_commandos.it
file music-module	mirrors/scenesp.org/modulez/jvk/jvk_funktional.it	349.66K	modulez/jvk/jvk_funktional.it
file music-module	mirrors/scenesp.org/modulez/jvk/jvk_MellowGroove.it	58.94K	modulez/jvk/jvk_MellowGroove.it
file music-module	mirrors/scenesp.org/modulez/jvk/jvk_odarln.it	21.37K	modulez/jvk/jvk_odarln.it
file music-module	mirrors/scenesp.org/modulez/jvk/jvk_pwrhouse.it	185.63K	modulez/jvk/jvk_pwrhouse.it
file music-module	mirrors/scenesp.org/modulez/kaneel/kl_adtp.it	2.19M	modulez/kaneel/kl_adtp.it
file music-module	mirrors/scenesp.org/modulez/kaneel/knl_ra.it	20.71K	modulez/kaneel/knl_ra.it
file music-module	mirrors/scenesp.org/modulez/kaneel/knl_rapo.it	11.84K	modulez/kaneel/knl_rapo.it
file music-module	mirrors/scenesp.org/modulez/ko0x/adde&ko0x_-_placid_panic.it	23.78K	modulez/ko0x/adde&ko0x_-_placid_panic.it
file music-module	mirrors/scenesp.org/modulez/ko0x/ko0x-1984.it	65.13K	modulez/ko0x/ko0x-1984.it
file music-module	mirrors/scenesp.org/modulez/ko0x/ko0x_-_btto.it	48.02K	modulez/ko0x/ko0x_-_btto.it
file music-module	mirrors/scenesp.org/modulez/ko0x/ko0x_-_delta-connected.it	99.25K	modulez/ko0x/ko0x_-_delta-connected.it
file music-module	mirrors/scenesp.org/modulez/ko0x/ko0x_-_gia's_rush.it	55.50K	modulez/ko0x/ko0x_-_gia's_rush.it
file music-module	mirrors/scenesp.org/modulez/ko0x/ko0x_-_Illumination.it	80.84K	modulez/ko0x/ko0x_-_Illumination.it
file music-module	mirrors/scenesp.org/modulez/ko0x/ko0x_-_idksidc.it	44.83K	modulez/ko0x/ko0x_-_idksidc.it
file music-module	mirrors/scenesp.org/modulez/ko0x/ko0x_-_intheinside.it	27.59K	modulez/ko0x/ko0x_-_intheinside.it
file music-module	mirrors/scenesp.org/modulez/ko0x/ko0x_-_i_hate_u.it	58.92K	modulez/ko0x/ko0x_-_i_hate_u.it
file music-module	mirrors/scenesp.org/modulez/ko0x/ko0x_-_milkmonster.it	107.47K	modulez/ko0x/ko0x_-_milkmonster.it
file music-module	mirrors/scenesp.org/modulez/ko0x/ko0x_-_nur_ein_wort.it	101.52K	modulez/ko0x/ko0x_-_nur_ein_wort.it
file music-module	mirrors/scenesp.org/modulez/ko0x/ko0x_-_silver_and_gold.it	94.95K	modulez/ko0x/ko0x_-_silver_and_gold.it
file music-module	mirrors/scenesp.org/modulez/ko0x/ko0x_-_the_living_umbrella.it	86.71K	modulez/ko0x/ko0x_-_the_living_umbrella.it
file music-module	mirrors/scenesp.org/modulez/ko0x/ko0x_-_the_way_to_ur_heart.it	61.08K	modulez/ko0x/ko0x_-_the_way_to_ur_heart.it
file music-module	mirrors/scenesp.org/modulez/ko0x/ko0x_-_voyager_theme_chipmix.it	67.34K	modulez/ko0x/ko0x_-_voyager_theme_chipmix.it
file music-module	mirrors/scenesp.org/modulez/ko0x/ko0x_-_yes_it_is.it	79.90K	modulez/ko0x/ko0x_-_yes_it_is.it
file music-module	mirrors/scenesp.org/modulez/krpt/biscuita.it	4.77M	modulez/krpt/biscuita.it
file music-module	mirrors/scenesp.org/modulez/krpt/lucidrmx.it	1.23M	modulez/krpt/lucidrmx.it
file music-module	mirrors/scenesp.org/modulez/lascortinashuelenapu/General Chaos pt-5 (alternative end).it	84.93K	modulez/lascortinashuelenapu/General Chaos pt-5 (alternative end).it
file music-module	mirrors/scenesp.org/modulez/lascortinashuelenapu/Happy Smoke 2004.it	85.74K	modulez/lascortinashuelenapu/Happy Smoke 2004.it
file music-module	mirrors/scenesp.org/modulez/Manwe/Doof.it	1.89M	modulez/Manwe/Doof.it
file music-module	mirrors/scenesp.org/modulez/Manwe/final_lap.it	1.60M	modulez/Manwe/final_lap.it
file music-module	mirrors/scenesp.org/modulez/Manwe/Larissa.it	929.28K	modulez/Manwe/Larissa.it
file music-module	mirrors/scenesp.org/modulez/Manwe/Manwe-Neon_City.it	669.15K	modulez/Manwe/Manwe-Neon_City.it
file music-module	mirrors/scenesp.org/modulez/Manwe/Piggie walking to the shop 16 bit.it	1.61M	modulez/Manwe/Piggie walking to the shop 16 bit.it
file music-module	mirrors/scenesp.org/modulez/music/INFILTRA.IT	3.02M	modulez/music/INFILTRA.IT
file music-module	mirrors/scenesp.org/modulez/music/IRISH.IT	2.96M	modulez/music/IRISH.IT
file music-module	mirrors/scenesp.org/modulez/music/MOUN_EXT.IT	2.03M	modulez/music/MOUN_EXT.IT
file music-module	mirrors/scenesp.org/modulez/music/PENGUIN.IT	527.98K	modulez/music/PENGUIN.IT
file music-module	mirrors/scenesp.org/modulez/music/SUNSET.IT	3.16M	modulez/music/SUNSET.IT
file music-module	mirrors/scenesp.org/modulez/music/WASTELAN.IT	7.78M	modulez/music/WASTELAN.IT
file music-module	mirrors/scenesp.org/modulez/nightbeat/Nightbeat_-_Following_the_stream.it	1.71M	modulez/nightbeat/Nightbeat_-_Following_the_stream.it
file music-module	mirrors/scenesp.org/modulez/nightbeat/Nightbeat_-_Waylands.it	3.41M	modulez/nightbeat/Nightbeat_-_Waylands.it
file music-module	mirrors/scenesp.org/modulez/Okeanos/BattleSquadron(loose).it	14.83K	modulez/Okeanos/BattleSquadron(loose).it
file music-module	mirrors/scenesp.org/modulez/Okeanos/IronLord.it	35.57K	modulez/Okeanos/IronLord.it
file music-module	mirrors/scenesp.org/modulez/Okeanos/kom tillbacka!.it	177.79K	modulez/Okeanos/kom tillbacka!.it
file music-module	mirrors/scenesp.org/modulez/Okeanos/Little_floove.it	30.11K	modulez/Okeanos/Little_floove.it
file music-module	mirrors/scenesp.org/modulez/Okeanos/No LoVe!.it	20.13K	modulez/Okeanos/No LoVe!.it
file music-module	mirrors/scenesp.org/modulez/Okeanos/Okeanos-Talking2Spirits.it	29.37K	modulez/Okeanos/Okeanos-Talking2Spirits.it
file music-module	mirrors/scenesp.org/modulez/Okeanos/Onslaught(title).it	62.44K	modulez/Okeanos/Onslaught(title).it
file music-module	mirrors/scenesp.org/modulez/Okeanos/okeanos-Brave_new_world.it	30.86K	modulez/Okeanos/okeanos-Brave_new_world.it
file music-module	mirrors/scenesp.org/modulez/Okeanos/Ridoka.it	406.72K	modulez/Okeanos/Ridoka.it
file music-module	mirrors/scenesp.org/modulez/Okeanos/Riviera_Coast.it	286.27K	modulez/Okeanos/Riviera_Coast.it
file music-module	mirrors/scenesp.org/modulez/Okeanos/Romance.it	29.81K	modulez/Okeanos/Romance.it
file music-module	mirrors/scenesp.org/modulez/Okeanos/Warrior hymn.it	174.57K	modulez/Okeanos/Warrior hymn.it
file music-module	mirrors/scenesp.org/modulez/obscene/bg-notomorrow(partysanremix).it	223.75K	modulez/obscene/bg-notomorrow(partysanremix).it
file music-module	mirrors/scenesp.org/modulez/obscene/bg-soft.it	223.14K	modulez/obscene/bg-soft.it
file music-module	mirrors/scenesp.org/modulez/pluks/farmyardmix.it	2.36M	modulez/pluks/farmyardmix.it
file archive	mirrors/scenesp.org/modulez/pluks/pk_amorargo.it.zip	1.90M	modulez/pluks/pk_amorargo.it.zip
file archive	mirrors/scenesp.org/modulez/pluks/pk_anda.it.zip	705.71K	modulez/pluks/pk_anda.it.zip
file archive	mirrors/scenesp.org/modulez/pluks/pk_bt.it.zip	528.33K	modulez/pluks/pk_bt.it.zip
file archive	mirrors/scenesp.org/modulez/pluks/pk_byb.it.zip	435.32K	modulez/pluks/pk_byb.it.zip
file archive	mirrors/scenesp.org/modulez/pluks/pk_empenyados.it.zip	1.39M	modulez/pluks/pk_empenyados.it.zip
file archive	mirrors/scenesp.org/modulez/pluks/pk_gloria.it.zip	363.33K	modulez/pluks/pk_gloria.it.zip
file archive	mirrors/scenesp.org/modulez/pluks/pk_gusy.it.zip	2.81M	modulez/pluks/pk_gusy.it.zip
file music-module	mirrors/scenesp.org/modulez/pluks/pk_lamancha.it	3.96M	modulez/pluks/pk_lamancha.it
file archive	mirrors/scenesp.org/modulez/pluks/pk_lluvia.it.zip	38.01K	modulez/pluks/pk_lluvia.it.zip
file archive	mirrors/scenesp.org/modulez/pluks/pk_pueze.it.zip	1.44M	modulez/pluks/pk_pueze.it.zip
file music-module	mirrors/scenesp.org/modulez/program_beat/NORMALON.IT	248.64K	modulez/program_beat/NORMALON.IT
file music-module	mirrors/scenesp.org/modulez/program_beat/PARTY.IT	834.86K	modulez/program_beat/PARTY.IT
file music-module	mirrors/scenesp.org/modulez/Rayko/1414.it	784.01K	modulez/Rayko/1414.it
file music-module	mirrors/scenesp.org/modulez/Rayko/Chip.it	29.51K	modulez/Rayko/Chip.it
file music-module	mirrors/scenesp.org/modulez/Rayko/Club.it	492.49K	modulez/Rayko/Club.it
file music-module	mirrors/scenesp.org/modulez/Rayko/Compo2.it	769.08K	modulez/Rayko/Compo2.it
file music-module	mirrors/scenesp.org/modulez/Rayko/Copada3.it	1.16M	modulez/Rayko/Copada3.it
file music-module	mirrors/scenesp.org/modulez/Rayko/Dance Posta.it	831.62K	modulez/Rayko/Dance Posta.it
file music-module	mirrors/scenesp.org/modulez/Rayko/Game.it	964.50K	modulez/Rayko/Game.it
file music-module	mirrors/scenesp.org/modulez/Rayko/GENDEMO.it	228.13K	modulez/Rayko/GENDEMO.it
file music-module	mirrors/scenesp.org/modulez/Rayko/Happy2.it	7.11M	modulez/Rayko/Happy2.it
file music-module	mirrors/scenesp.org/modulez/Rayko/Happy4.it	6.94M	modulez/Rayko/Happy4.it
file music-module	mirrors/scenesp.org/modulez/Rayko/Happy5.it	6.96M	modulez/Rayko/Happy5.it
file music-module	mirrors/scenesp.org/modulez/Rayko/Happy9.it	5.79M	modulez/Rayko/Happy9.it
file music-module	mirrors/scenesp.org/modulez/Rayko/happy.it	4.91M	modulez/Rayko/happy.it
file music-module	mirrors/scenesp.org/modulez/Rayko/Low2.it	948.62K	modulez/Rayko/Low2.it
file music-module	mirrors/scenesp.org/modulez/Rayko/Mammagamma1.it	0.97M	modulez/Rayko/Mammagamma1.it
file music-module	mirrors/scenesp.org/modulez/Rayko/Nose1.it	1.28M	modulez/Rayko/Nose1.it
file music-module	mirrors/scenesp.org/modulez/Rayko/Nose2.it	505.47K	modulez/Rayko/Nose2.it
file music-module	mirrors/scenesp.org/modulez/Rayko/Nose3.it	506.74K	modulez/Rayko/Nose3.it
file music-module	mirrors/scenesp.org/modulez/Rayko/Nose4.it	191.36K	modulez/Rayko/Nose4.it
file music-module	mirrors/scenesp.org/modulez/Rayko/Nose5.it	1.92M	modulez/Rayko/Nose5.it
file music-module	mirrors/scenesp.org/modulez/Rayko/Nose6.it	1.56M	modulez/Rayko/Nose6.it
file music-module	mirrors/scenesp.org/modulez/Rayko/Nose7.it	753.11K	modulez/Rayko/Nose7.it
file music-module	mirrors/scenesp.org/modulez/Rayko/Odyssey.it	580.43K	modulez/Rayko/Odyssey.it
file music-module	mirrors/scenesp.org/modulez/Rayko/Orchest2.it	402.44K	modulez/Rayko/Orchest2.it
file music-module	mirrors/scenesp.org/modulez/Rayko/Remix1.it	687.73K	modulez/Rayko/Remix1.it
file music-module	mirrors/scenesp.org/modulez/Rayko/ROTT_CHANT_.it	1.15M	modulez/Rayko/ROTT_CHANT_.it
file music-module	mirrors/scenesp.org/modulez/Rayko/TD.it	1.20M	modulez/Rayko/TD.it
file music-module	mirrors/scenesp.org/modulez/Rayko/TH.it	949.62K	modulez/Rayko/TH.it
file music-module	mirrors/scenesp.org/modulez/Rayko/TSD.it	306.79K	modulez/Rayko/TSD.it
file music-module	mirrors/scenesp.org/modulez/Rayko/TVOTC.it	97.76K	modulez/Rayko/TVOTC.it
file music-module	mirrors/scenesp.org/modulez/Rayko/Unknown.it	335.35K	modulez/Rayko/Unknown.it
file music-module	mirrors/scenesp.org/modulez/Rolemusic/123 otra vez.it	4.78K	modulez/Rolemusic/123 otra vez.it
file music-module	mirrors/scenesp.org/modulez/Rolemusic/303 & orchestra.it	501.99K	modulez/Rolemusic/303 & orchestra.it
file music-module	mirrors/scenesp.org/modulez/Rolemusic/alpha ii end theme.it	8.84K	modulez/Rolemusic/alpha ii end theme.it
file music-module	mirrors/scenesp.org/modulez/Rolemusic/computacion.it	7.72K	modulez/Rolemusic/computacion.it
file music-module	mirrors/scenesp.org/modulez/Rolemusic/Dsteele_comes_to_Andalusia.it	7.11K	modulez/Rolemusic/Dsteele_comes_to_Andalusia.it
file music-module	mirrors/scenesp.org/modulez/Rolemusic/el chip del racano.it	665B	modulez/Rolemusic/el chip del racano.it
file music-module	mirrors/scenesp.org/modulez/Rolemusic/el eco de la guitarra.it	1.40M	modulez/Rolemusic/el eco de la guitarra.it
file music-module	mirrors/scenesp.org/modulez/Rolemusic/happy.it	6.75K	modulez/Rolemusic/happy.it
file music-module	mirrors/scenesp.org/modulez/Rolemusic/i will have a c128 soon.it	17.16K	modulez/Rolemusic/i will have a c128 soon.it
file music-module	mirrors/scenesp.org/modulez/Rolemusic/la guitarra que reza.it	1.19M	modulez/Rolemusic/la guitarra que reza.it
file music-module	mirrors/scenesp.org/modulez/Rolemusic/Metrosexual.it	21.15K	modulez/Rolemusic/Metrosexual.it
file music-module	mirrors/scenesp.org/modulez/Rolemusic/n o    n a m e    s t a r.it	3.70M	modulez/Rolemusic/n o    n a m e    s t a r.it
file music-module	mirrors/scenesp.org/modulez/Rolemusic/R0LE_TNG.IT	301.14K	modulez/Rolemusic/R0LE_TNG.IT
file music-module	mirrors/scenesp.org/modulez/Rolemusic/Rolemusic-Habia_una_vez.it	11.50K	modulez/Rolemusic/Rolemusic-Habia_una_vez.it
file music-module	mirrors/scenesp.org/modulez/Rolemusic/Rolemusic-The sad tale of a canibal who was vegetarian.it	19.01K	modulez/Rolemusic/Rolemusic-The sad tale of a canibal who was vegetarian.it
file music-module	mirrors/scenesp.org/modulez/Rolemusic/r0le_Un_chiptune_para_sentirme_mejor.it	1.60M	modulez/Rolemusic/r0le_Un_chiptune_para_sentirme_mejor.it
file music-module	mirrors/scenesp.org/modulez/Rolemusic/tamborilero.it	16.18K	modulez/Rolemusic/tamborilero.it
file music-module	mirrors/scenesp.org/modulez/Rolemusic/tonkascircus.it	138.59K	modulez/Rolemusic/tonkascircus.it
file music-module	mirrors/scenesp.org/modulez/Rolemusic/un chip standard.it	14.80K	modulez/Rolemusic/un chip standard.it
file music-module	mirrors/scenesp.org/modulez/Rolemusic/wersten.it	5.57K	modulez/Rolemusic/wersten.it
file music-module	mirrors/scenesp.org/modulez/roshomusic/krema01.it	188.00K	modulez/roshomusic/krema01.it
file music-module	mirrors/scenesp.org/modulez/roshomusic/matthew.it	295.72K	modulez/roshomusic/matthew.it
file music-module	mirrors/scenesp.org/modulez/roshomusic/Nghw.it	82.70K	modulez/roshomusic/Nghw.it
file music-module	mirrors/scenesp.org/modulez/roshomusic/RedCore4.it	283.46K	modulez/roshomusic/RedCore4.it
file music-module	mirrors/scenesp.org/modulez/SaMPLeMaSTeR/Angel.it	572.56K	modulez/SaMPLeMaSTeR/Angel.it
file music-module	mirrors/scenesp.org/modulez/SaMPLeMaSTeR/BWC23_street.it	495.06K	modulez/SaMPLeMaSTeR/BWC23_street.it
file music-module	mirrors/scenesp.org/modulez/SaMPLeMaSTeR/BWC24_obscure.it	703.98K	modulez/SaMPLeMaSTeR/BWC24_obscure.it
file music-module	mirrors/scenesp.org/modulez/SaMPLeMaSTeR/BWC25_BW.it	426.07K	modulez/SaMPLeMaSTeR/BWC25_BW.it
file music-module	mirrors/scenesp.org/modulez/SaMPLeMaSTeR/BWC_22-LMT.it	769.37K	modulez/SaMPLeMaSTeR/BWC_22-LMT.it
file music-module	mirrors/scenesp.org/modulez/SaMPLeMaSTeR/Bwc_21_CEAF.it	511.31K	modulez/SaMPLeMaSTeR/Bwc_21_CEAF.it
file music-module	mirrors/scenesp.org/modulez/SaMPLeMaSTeR/bwc12_OH!.it	682.00K	modulez/SaMPLeMaSTeR/bwc12_OH!.it
file music-module	mirrors/scenesp.org/modulez/SaMPLeMaSTeR/bwc15_TFD.it	717.89K	modulez/SaMPLeMaSTeR/bwc15_TFD.it
file music-module	mirrors/scenesp.org/modulez/SaMPLeMaSTeR/bwc18_sm_ntlfa.it	523.64K	modulez/SaMPLeMaSTeR/bwc18_sm_ntlfa.it
file music-module	mirrors/scenesp.org/modulez/SaMPLeMaSTeR/bwc19_job.it	791.31K	modulez/SaMPLeMaSTeR/bwc19_job.it
file music-module	mirrors/scenesp.org/modulez/SaMPLeMaSTeR/Fired_bwc16.it	156.30K	modulez/SaMPLeMaSTeR/Fired_bwc16.it
file music-module	mirrors/scenesp.org/modulez/SaMPLeMaSTeR/MS_bwc20.it	522.64K	modulez/SaMPLeMaSTeR/MS_bwc20.it
file music-module	mirrors/scenesp.org/modulez/SaMPLeMaSTeR/memories.it	5.17M	modulez/SaMPLeMaSTeR/memories.it
file music-module	mirrors/scenesp.org/modulez/SaMPLeMaSTeR/SaMPLeMaSTeR-Sasha.it	4.71M	modulez/SaMPLeMaSTeR/SaMPLeMaSTeR-Sasha.it
file music-module	mirrors/scenesp.org/modulez/SaMPLeMaSTeR/SMce.it	1.12M	modulez/SaMPLeMaSTeR/SMce.it
file music-module	mirrors/scenesp.org/modulez/SaMPLeMaSTeR/samp-elwood-a_y_HQ.it	4.52M	modulez/SaMPLeMaSTeR/samp-elwood-a_y_HQ.it
file music-module	mirrors/scenesp.org/modulez/SaMPLeMaSTeR/whiteshapesmall.it	4.67M	modulez/SaMPLeMaSTeR/whiteshapesmall.it
file music-module	mirrors/scenesp.org/modulez/Shakeno/Dusk3_C.it	448.74K	modulez/Shakeno/Dusk3_C.it
file music-module	mirrors/scenesp.org/modulez/Shakeno/photon_rush_c.it	122.76K	modulez/Shakeno/photon_rush_c.it
file music-module	mirrors/scenesp.org/modulez/Shakeno/Toxic.it	369.46K	modulez/Shakeno/Toxic.it
file music-module	mirrors/scenesp.org/modulez/Shinobi/Bow&arrow.it	955.44K	modulez/Shinobi/Bow&arrow.it
file music-module	mirrors/scenesp.org/modulez/Shinobi/Cb.it	486.72K	modulez/Shinobi/Cb.it
file music-module	mirrors/scenesp.org/modulez/Shinobi/Cubic.it	2.08M	modulez/Shinobi/Cubic.it
file music-module	mirrors/scenesp.org/modulez/Shinobi/Cuspidor.it	5.97M	modulez/Shinobi/Cuspidor.it
file music-module	mirrors/scenesp.org/modulez/Shinobi/cl.it	35.68K	modulez/Shinobi/cl.it
file music-module	mirrors/scenesp.org/modulez/Shinobi/gr.it	120.76K	modulez/Shinobi/gr.it
file music-module	mirrors/scenesp.org/modulez/Shinobi/intentional operation.it	1.54M	modulez/Shinobi/intentional operation.it
file music-module	mirrors/scenesp.org/modulez/Shinobi/Left galaay.it	4.24M	modulez/Shinobi/Left galaay.it
file music-module	mirrors/scenesp.org/modulez/Shinobi/Lluviacover.it	20.53K	modulez/Shinobi/Lluviacover.it
file music-module	mirrors/scenesp.org/modulez/Shinobi/mp.it	46.69K	modulez/Shinobi/mp.it
file music-module	mirrors/scenesp.org/modulez/Shinobi/Room.it	4.69M	modulez/Shinobi/Room.it
file music-module	mirrors/scenesp.org/modulez/Shinobi/Successophobia.it	1.60M	modulez/Shinobi/Successophobia.it
file music-module	mirrors/scenesp.org/modulez/Skeleton/Underwater Trip.it	37.72K	modulez/Skeleton/Underwater Trip.it
file music-module	mirrors/scenesp.org/modulez/sbrander/Dark_Energy.it	1.17M	modulez/sbrander/Dark_Energy.it
file music-module	mirrors/scenesp.org/modulez/sergeeo/atzeneta.it	47.09K	modulez/sergeeo/atzeneta.it
file music-module	mirrors/scenesp.org/modulez/sergeeo/birrachip01.it	25.70K	modulez/sergeeo/birrachip01.it
file music-module	mirrors/scenesp.org/modulez/sergeeo/josss.it	36.88K	modulez/sergeeo/josss.it
file music-module	mirrors/scenesp.org/modulez/sergeeo/otsgsnz.it	538.19K	modulez/sergeeo/otsgsnz.it
file music-module	mirrors/scenesp.org/modulez/sergeeo/Ser_42_8bit.it	1.26M	modulez/sergeeo/Ser_42_8bit.it
file music-module	mirrors/scenesp.org/modulez/sergeeo/srg-agm.it	8.53K	modulez/sergeeo/srg-agm.it
file music-module	mirrors/scenesp.org/modulez/sergeeo/srg-polvo.it	30.47K	modulez/sergeeo/srg-polvo.it
file music-module	mirrors/scenesp.org/modulez/skeema/skeema-fearing_myself.it	23.13K	modulez/skeema/skeema-fearing_myself.it
file music-module	mirrors/scenesp.org/modulez/skeema/skeema-goblin_digging_team.it	18.26K	modulez/skeema/skeema-goblin_digging_team.it
file music-module	mirrors/scenesp.org/modulez/skeema/skeema-goblin_swine_rider.it	18.58K	modulez/skeema/skeema-goblin_swine_rider.it
file music-module	mirrors/scenesp.org/modulez/skeema/skeema-madman.it	18.67K	modulez/skeema/skeema-madman.it
file music-module	mirrors/scenesp.org/modulez/skeema/skeema-planet.it	8.29K	modulez/skeema/skeema-planet.it
file music-module	mirrors/scenesp.org/modulez/skeema/skeema-pukemon.it	4.00K	modulez/skeema/skeema-pukemon.it
file music-module	mirrors/scenesp.org/modulez/skeema/skeema-yolinjalla.it	63.58K	modulez/skeema/skeema-yolinjalla.it
file music-module	mirrors/scenesp.org/modulez/sole/Sole_jd.it	8.26K	modulez/sole/Sole_jd.it
file music-module	mirrors/scenesp.org/modulez/sole/sole - fast made 3.it	1.06M	modulez/sole/sole - fast made 3.it
file music-module	mirrors/scenesp.org/modulez/sole/sole - fast shit.it	313.15K	modulez/sole/sole - fast shit.it
file music-module	mirrors/scenesp.org/modulez/sole/sole - in my island.it	5.31K	modulez/sole/sole - in my island.it
file music-module	mirrors/scenesp.org/modulez/sole/sole - semos los vengatas.it	797.89K	modulez/sole/sole - semos los vengatas.it
file music-module	mirrors/scenesp.org/modulez/sole/sole - vlc091011.it	38.48K	modulez/sole/sole - vlc091011.it
file music-module	mirrors/scenesp.org/modulez/sole/sole-tt.it	0.98M	modulez/sole/sole-tt.it
file music-module	mirrors/scenesp.org/modulez/sole/sole-t_a.it	1.26M	modulez/sole/sole-t_a.it
file music-module	mirrors/scenesp.org/modulez/sole/sole_6do.it	2.58K	modulez/sole/sole_6do.it
file music-module	mirrors/scenesp.org/modulez/sole/sole_aidaa.it	414.43K	modulez/sole/sole_aidaa.it
file music-module	mirrors/scenesp.org/modulez/sorcerer/Cracktro_style.it	25.19K	modulez/sorcerer/Cracktro_style.it
file music-module	mirrors/scenesp.org/modulez/sorcerer/Happy_Tunes.it	40.00K	modulez/sorcerer/Happy_Tunes.it
file music-module	mirrors/scenesp.org/modulez/sorcerer/Polar_Africa.it	20.80K	modulez/sorcerer/Polar_Africa.it
file music-module	mirrors/scenesp.org/modulez/T-Dj/kajahtaa Slowmix.it	722.63K	modulez/T-Dj/kajahtaa Slowmix.it
file music-module	mirrors/scenesp.org/modulez/TwiTerror/Twi-8BitFantasy.it	86.40K	modulez/TwiTerror/Twi-8BitFantasy.it
file music-module	mirrors/scenesp.org/modulez/trace/17PKFYNA.IT	37.56K	modulez/trace/17PKFYNA.IT
file music-module	mirrors/scenesp.org/modulez/trace/19SE8WF.IT	77.78K	modulez/trace/19SE8WF.IT
file music-module	mirrors/scenesp.org/modulez/trace/22my_style_[rmx].it	1.03M	modulez/trace/22my_style_[rmx].it
file music-module	mirrors/scenesp.org/modulez/trace/24SIESTA.IT	910.81K	modulez/trace/24SIESTA.IT
file music-module	mirrors/scenesp.org/modulez/trace/29FM2.IT	441.08K	modulez/trace/29FM2.IT
file music-module	mirrors/scenesp.org/modulez/trace/30Rpt10.it	193.96K	modulez/trace/30Rpt10.it
file music-module	mirrors/scenesp.org/modulez/trace/T_HHCOR.IT	11.06K	modulez/trace/T_HHCOR.IT
file music-module	mirrors/scenesp.org/modulez/trace/T_MFEINA.IT	9.39K	modulez/trace/T_MFEINA.IT
file music-module	mirrors/scenesp.org/modulez/trace/tws_tolemac.it	578.28K	modulez/trace/tws_tolemac.it
file music-module	mirrors/scenesp.org/modulez/vibe/iie_lab.it	105.00K	modulez/vibe/iie_lab.it
file music-module	mirrors/scenesp.org/modulez/vibe/vibe-dtf.it	20.06K	modulez/vibe/vibe-dtf.it
file music-module	mirrors/scenesp.org/modulez/vibe/vibe-squirrendo.it	22.61K	modulez/vibe/vibe-squirrendo.it
file music-module	mirrors/scenesp.org/modulez/wizard/snr_wiz.it	686.81K	modulez/wizard/snr_wiz.it
file music-module	mirrors/scenesp.org/modulez/wizard/Wiz_ch8b.it	1.58M	modulez/wizard/Wiz_ch8b.it
file music-module	mirrors/scenesp.org/modulez/wizard/Wiz_chil.it	431.02K	modulez/wizard/Wiz_chil.it
file music-module	mirrors/scenesp.org/modulez/wizard/Wiz_ctu.it	0.99M	modulez/wizard/Wiz_ctu.it
file music-module	mirrors/scenesp.org/modulez/wizard/Wiz_giuk.it	415.46K	modulez/wizard/Wiz_giuk.it
file music-module	mirrors/scenesp.org/modulez/wizard/Wiz_lyg.it	307.56K	modulez/wizard/Wiz_lyg.it
file music-module	mirrors/scenesp.org/modulez/wizard/Wiz_pia2.it	153.86K	modulez/wizard/Wiz_pia2.it
file music-module	mirrors/scenesp.org/modulez/wizard/Wiz_stm.it	1.38M	modulez/wizard/Wiz_stm.it
file music-module	mirrors/scenesp.org/modulez/wizard/Wiz_wlpb.it	31.24K	modulez/wizard/Wiz_wlpb.it
file music-module	mirrors/scenesp.org/modulez/wizard/wiz_cont.it	574.36K	modulez/wizard/wiz_cont.it
file music-module	mirrors/scenesp.org/modulez/wizard/wiz_efunk.it	1.26M	modulez/wizard/wiz_efunk.it
file music-module	mirrors/scenesp.org/modulez/wizard/wiz_fmc.it	1.33M	modulez/wizard/wiz_fmc.it
file music-module	mirrors/scenesp.org/modulez/wizard/wiz_imp.it	913.51K	modulez/wizard/wiz_imp.it
file music-module	mirrors/scenesp.org/modulez/wizard/wiz_mol.it	705.24K	modulez/wizard/wiz_mol.it
file music-module	mirrors/scenesp.org/modulez/wizard/wiz_ywbm.it	1.36M	modulez/wizard/wiz_ywbm.it
file music-module	mirrors/scenesp.org/modulez/Xtense/baby_jack-tune5.it	14.22K	modulez/Xtense/baby_jack-tune5.it
file music-module	mirrors/scenesp.org/modulez/Xtense/maybe_well_shine.it	1.32M	modulez/Xtense/maybe_well_shine.it
file music-module	mirrors/scenesp.org/modulez/Xtense/polanie_chip.it	5.99K	modulez/Xtense/polanie_chip.it
file music-module	mirrors/scenesp.org/modulez/Xtense/the_feadanaigh.IT	432.34K	modulez/Xtense/the_feadanaigh.IT
file music-module	mirrors/scenesp.org/modulez/xa/xa-spambynight.it	6.91K	modulez/xa/xa-spambynight.it
file music-module	music/artists/beek/42-z.it	213.85K	beek/42-z.it
file music-module	music/artists/beek/5min.it	2.90K	beek/5min.it
file music-module	music/artists/beek/aff.it	199.45K	beek/aff.it
file music-module	music/artists/beek/allquiet.it	204.29K	beek/allquiet.it
file music-module	music/artists/beek/amarillo.it	197.12K	beek/amarillo.it
file music-module	music/artists/beek/arachnia.it	109.56K	beek/arachnia.it
file music-module	music/artists/beek/becoming.it	107.85K	beek/becoming.it
file music-module	music/artists/beek/bigbrass.it	201.14K	beek/bigbrass.it
file music-module	music/artists/beek/breaksum.it	233.05K	beek/breaksum.it
file music-module	music/artists/beek/castle.it	177.93K	beek/castle.it
file music-module	music/artists/beek/da.it	179.10K	beek/da.it
file music-module	music/artists/beek/danka.it	455.25K	beek/danka.it
file music-module	music/artists/beek/dbl.it	35.15K	beek/dbl.it
file music-module	music/artists/beek/deadman.it	18.43K	beek/deadman.it
file music-module	music/artists/beek/deadstlk.it	48.17K	beek/deadstlk.it
file music-module	music/artists/beek/deathbyw.it	196.01K	beek/deathbyw.it
file music-module	music/artists/beek/dvalley.it	51.77K	beek/dvalley.it
file music-module	music/artists/beek/everclea.it	249.82K	beek/everclea.it
file music-module	music/artists/beek/famous.it	51.81K	beek/famous.it
file music-module	music/artists/beek/fireflow.it	196.77K	beek/fireflow.it
file music-module	music/artists/beek/flybatfl.it	119.73K	beek/flybatfl.it
file music-module	music/artists/beek/freaky.it	194.41K	beek/freaky.it
file music-module	music/artists/beek/fromrags.it	34.97K	beek/fromrags.it
file music-module	music/artists/beek/greengla.it	132.08K	beek/greengla.it
file music-module	music/artists/beek/gyro.it	49.92K	beek/gyro.it
file music-module	music/artists/beek/hardgabb.it	54.84K	beek/hardgabb.it
file music-module	music/artists/beek/helo.it	141.52K	beek/helo.it
file music-module	music/artists/beek/hongeom.it	135.98K	beek/hongeom.it
file music-module	music/artists/beek/horatio.it	138.23K	beek/horatio.it
file music-module	music/artists/beek/ignacio.it	210.66K	beek/ignacio.it
file music-module	music/artists/beek/inhereye.it	59.09K	beek/inhereye.it
file music-module	music/artists/beek/javawith.it	45.96K	beek/javawith.it
file music-module	music/artists/beek/juniper.it	222.58K	beek/juniper.it
file music-module	music/artists/beek/koominth.it	5.43K	beek/koominth.it
file music-module	music/artists/beek/lazingth.it	136.24K	beek/lazingth.it
file music-module	music/artists/beek/lessgirl.it	149.16K	beek/lessgirl.it
file music-module	music/artists/beek/liqspace.it	82.75K	beek/liqspace.it
file music-module	music/artists/beek/madei.it	49.85K	beek/madei.it
file music-module	music/artists/beek/neonblun.it	24.55K	beek/neonblun.it
file music-module	music/artists/beek/nothigh.it	122.23K	beek/nothigh.it
file music-module	music/artists/beek/onewitht.it	93.19K	beek/onewitht.it
file music-module	music/artists/beek/ooze.it	86.99K	beek/ooze.it
file music-module	music/artists/beek/pinkbism.it	499.70K	beek/pinkbism.it
file music-module	music/artists/beek/pocabean.it	108.16K	beek/pocabean.it
file music-module	music/artists/beek/pookster.it	185.50K	beek/pookster.it
file music-module	music/artists/beek/quintess.it	237.03K	beek/quintess.it
file music-module	music/artists/beek/selfadhe.it	136.90K	beek/selfadhe.it
file music-module	music/artists/beek/sequin.it	60.70K	beek/sequin.it
file music-module	music/artists/beek/skajagvi.it	184.77K	beek/skajagvi.it
file music-module	music/artists/beek/spcmonk.it	96.39K	beek/spcmonk.it
file music-module	music/artists/beek/stoprain.it	99.91K	beek/stoprain.it
file music-module	music/artists/beek/strikean.it	25.53K	beek/strikean.it
file music-module	music/artists/beek/toburnal.it	53.50K	beek/toburnal.it
file music-module	music/artists/beek/trackbal.it	49.91K	beek/trackbal.it
file music-module	music/artists/beek/travolta.it	147.51K	beek/travolta.it
file music-module	music/artists/beek/tsg.it	182.31K	beek/tsg.it
file music-module	music/artists/beek/turnit.it	79.93K	beek/turnit.it
file music-module	music/artists/beek/underwat.it	146.69K	beek/underwat.it
file music-module	music/artists/beek/windwend.it	143.48K	beek/windwend.it
file music-module	music/artists/beek/x.it	279.14K	beek/x.it
file music-module	music/artists/beek/xenix.it	139.63K	beek/xenix.it
file music-module	music/artists/beek/youcanth.it	268.02K	beek/youcanth.it
file music-module	music/artists/beek/1999/bshift/australi.it	271.89K	beek/1999/bshift/australi.it
file music-module	music/artists/beek/1999/bshift/c64rem.it	258.64K	beek/1999/bshift/c64rem.it
file music-module	music/artists/beek/1999/bshift/gill.it	136.26K	beek/1999/bshift/gill.it
file music-module	music/artists/beek/1999/bshift/jasrem.it	285.82K	beek/1999/bshift/jasrem.it
file music-module	music/artists/beek/1999/bshift/pillow.it	141.32K	beek/1999/bshift/pillow.it
file music-module	music/artists/beek/1999/bshift/sdream.it	455.43K	beek/1999/bshift/sdream.it
file music-module	music/artists/beek/1999/bshift/snature.it	229.23K	beek/1999/bshift/snature.it
file music-module	music/artists/beek/1999/compo/30tohour/42-z.it	213.85K	beek/1999/compo/30tohour/42-z.it
file music-module	music/artists/beek/1999/compo/30tohour/5min.it	2.90K	beek/1999/compo/30tohour/5min.it
file music-module	music/artists/beek/1999/compo/30tohour/aff.it	199.45K	beek/1999/compo/30tohour/aff.it
file music-module	music/artists/beek/1999/compo/30tohour/allquiet.it	204.29K	beek/1999/compo/30tohour/allquiet.it
file music-module	music/artists/beek/1999/compo/30tohour/amarillo.it	197.12K	beek/1999/compo/30tohour/amarillo.it
file music-module	music/artists/beek/1999/compo/30tohour/arachnia.it	109.56K	beek/1999/compo/30tohour/arachnia.it
file music-module	music/artists/beek/1999/compo/30tohour/becoming.it	107.85K	beek/1999/compo/30tohour/becoming.it
file music-module	music/artists/beek/1999/compo/30tohour/bigbrass.it	201.14K	beek/1999/compo/30tohour/bigbrass.it
file music-module	music/artists/beek/1999/compo/30tohour/boxland.it	114.41K	beek/1999/compo/30tohour/boxland.it
file music-module	music/artists/beek/1999/compo/30tohour/breaksum.it	233.05K	beek/1999/compo/30tohour/breaksum.it
file music-module	music/artists/beek/1999/compo/30tohour/castle.it	177.93K	beek/1999/compo/30tohour/castle.it
file music-module	music/artists/beek/1999/compo/30tohour/chalkbri.it	90.65K	beek/1999/compo/30tohour/chalkbri.it
file music-module	music/artists/beek/1999/compo/30tohour/da.it	179.10K	beek/1999/compo/30tohour/da.it
file music-module	music/artists/beek/1999/compo/30tohour/danka.it	455.25K	beek/1999/compo/30tohour/danka.it
file music-module	music/artists/beek/1999/compo/30tohour/dbl.it	35.15K	beek/1999/compo/30tohour/dbl.it
file music-module	music/artists/beek/1999/compo/30tohour/deadman.it	18.43K	beek/1999/compo/30tohour/deadman.it
file music-module	music/artists/beek/1999/compo/30tohour/deadstlk.it	48.17K	beek/1999/compo/30tohour/deadstlk.it
file music-module	music/artists/beek/1999/compo/30tohour/deathbyw.it	196.01K	beek/1999/compo/30tohour/deathbyw.it
file music-module	music/artists/beek/1999/compo/30tohour/doxland.it	169.20K	beek/1999/compo/30tohour/doxland.it
file music-module	music/artists/beek/1999/compo/30tohour/dta.it	19.42K	beek/1999/compo/30tohour/dta.it
file music-module	music/artists/beek/1999/compo/30tohour/duxland.it	17.00K	beek/1999/compo/30tohour/duxland.it
file music-module	music/artists/beek/1999/compo/30tohour/dvalley.it	51.77K	beek/1999/compo/30tohour/dvalley.it
file music-module	music/artists/beek/1999/compo/30tohour/everclea.it	249.82K	beek/1999/compo/30tohour/everclea.it
file music-module	music/artists/beek/1999/compo/30tohour/famous.it	51.81K	beek/1999/compo/30tohour/famous.it
file music-module	music/artists/beek/1999/compo/30tohour/fireflow.it	196.77K	beek/1999/compo/30tohour/fireflow.it
file music-module	music/artists/beek/1999/compo/30tohour/flybatfl.it	119.73K	beek/1999/compo/30tohour/flybatfl.it
file music-module	music/artists/beek/1999/compo/30tohour/freaky.it	194.41K	beek/1999/compo/30tohour/freaky.it
file music-module	music/artists/beek/1999/compo/30tohour/fromrags.it	34.97K	beek/1999/compo/30tohour/fromrags.it
file music-module	music/artists/beek/1999/compo/30tohour/gixland.it	269.52K	beek/1999/compo/30tohour/gixland.it
file music-module	music/artists/beek/1999/compo/30tohour/greengla.it	132.08K	beek/1999/compo/30tohour/greengla.it
file music-module	music/artists/beek/1999/compo/30tohour/gyro.it	49.92K	beek/1999/compo/30tohour/gyro.it
file music-module	music/artists/beek/1999/compo/30tohour/hardgabb.it	54.84K	beek/1999/compo/30tohour/hardgabb.it
file music-module	music/artists/beek/1999/compo/30tohour/helo.it	141.52K	beek/1999/compo/30tohour/helo.it
file music-module	music/artists/beek/1999/compo/30tohour/herewego.it	169.79K	beek/1999/compo/30tohour/herewego.it
file music-module	music/artists/beek/1999/compo/30tohour/hongeom.it	135.98K	beek/1999/compo/30tohour/hongeom.it
file music-module	music/artists/beek/1999/compo/30tohour/horatio.it	138.23K	beek/1999/compo/30tohour/horatio.it
file music-module	music/artists/beek/1999/compo/30tohour/ignacio.it	210.66K	beek/1999/compo/30tohour/ignacio.it
file music-module	music/artists/beek/1999/compo/30tohour/inhereye.it	59.09K	beek/1999/compo/30tohour/inhereye.it
file music-module	music/artists/beek/1999/compo/30tohour/javawith.it	45.96K	beek/1999/compo/30tohour/javawith.it
file music-module	music/artists/beek/1999/compo/30tohour/juniper.it	222.58K	beek/1999/compo/30tohour/juniper.it
file music-module	music/artists/beek/1999/compo/30tohour/koominth.it	5.43K	beek/1999/compo/30tohour/koominth.it
file music-module	music/artists/beek/1999/compo/30tohour/lazingth.it	136.24K	beek/1999/compo/30tohour/lazingth.it
file music-module	music/artists/beek/1999/compo/30tohour/lessgirl.it	149.16K	beek/1999/compo/30tohour/lessgirl.it
file music-module	music/artists/beek/1999/compo/30tohour/liqspace.it	82.75K	beek/1999/compo/30tohour/liqspace.it
file music-module	music/artists/beek/1999/compo/30tohour/lixland.it	60.24K	beek/1999/compo/30tohour/lixland.it
file music-module	music/artists/beek/1999/compo/30tohour/lollipop.it	97.61K	beek/1999/compo/30tohour/lollipop.it
file music-module	music/artists/beek/1999/compo/30tohour/luxland.it	348.28K	beek/1999/compo/30tohour/luxland.it
file music-module	music/artists/beek/1999/compo/30tohour/madei.it	49.85K	beek/1999/compo/30tohour/madei.it
file music-module	music/artists/beek/1999/compo/30tohour/maxland.it	120.03K	beek/1999/compo/30tohour/maxland.it
file music-module	music/artists/beek/1999/compo/30tohour/neonblun.it	24.55K	beek/1999/compo/30tohour/neonblun.it
file music-module	music/artists/beek/1999/compo/30tohour/nothigh.it	122.23K	beek/1999/compo/30tohour/nothigh.it
file music-module	music/artists/beek/1999/compo/30tohour/oaktree.it	127.01K	beek/1999/compo/30tohour/oaktree.it
file music-module	music/artists/beek/1999/compo/30tohour/onewitht.it	93.27K	beek/1999/compo/30tohour/onewitht.it
file music-module	music/artists/beek/1999/compo/30tohour/ooze.it	86.99K	beek/1999/compo/30tohour/ooze.it
file music-module	music/artists/beek/1999/compo/30tohour/pinkbism.it	499.70K	beek/1999/compo/30tohour/pinkbism.it
file music-module	music/artists/beek/1999/compo/30tohour/pocabean.it	108.16K	beek/1999/compo/30tohour/pocabean.it
file music-module	music/artists/beek/1999/compo/30tohour/pookster.it	185.50K	beek/1999/compo/30tohour/pookster.it
file music-module	music/artists/beek/1999/compo/30tohour/poxland.it	105.06K	beek/1999/compo/30tohour/poxland.it
file music-module	music/artists/beek/1999/compo/30tohour/quintess.it	237.03K	beek/1999/compo/30tohour/quintess.it
file music-module	music/artists/beek/1999/compo/30tohour/ruxland.it	99.92K	beek/1999/compo/30tohour/ruxland.it
file music-module	music/artists/beek/1999/compo/30tohour/selfadhe.it	136.90K	beek/1999/compo/30tohour/selfadhe.it
file music-module	music/artists/beek/1999/compo/30tohour/sequin.it	60.70K	beek/1999/compo/30tohour/sequin.it
file music-module	music/artists/beek/1999/compo/30tohour/skajagvi.it	184.77K	beek/1999/compo/30tohour/skajagvi.it
file music-module	music/artists/beek/1999/compo/30tohour/spcmonk.it	96.39K	beek/1999/compo/30tohour/spcmonk.it
file music-module	music/artists/beek/1999/compo/30tohour/spineles.it	127.97K	beek/1999/compo/30tohour/spineles.it
file music-module	music/artists/beek/1999/compo/30tohour/stoprain.it	99.91K	beek/1999/compo/30tohour/stoprain.it
file music-module	music/artists/beek/1999/compo/30tohour/strikean.it	25.53K	beek/1999/compo/30tohour/strikean.it
file music-module	music/artists/beek/1999/compo/30tohour/texland.it	149.16K	beek/1999/compo/30tohour/texland.it
file music-module	music/artists/beek/1999/compo/30tohour/toburnal.it	53.50K	beek/1999/compo/30tohour/toburnal.it
file music-module	music/artists/beek/1999/compo/30tohour/toxland.it	143.28K	beek/1999/compo/30tohour/toxland.it
file music-module	music/artists/beek/1999/compo/30tohour/trackbal.it	49.91K	beek/1999/compo/30tohour/trackbal.it
file music-module	music/artists/beek/1999/compo/30tohour/travolta.it	147.51K	beek/1999/compo/30tohour/travolta.it
file music-module	music/artists/beek/1999/compo/30tohour/tsg.it	182.31K	beek/1999/compo/30tohour/tsg.it
file music-module	music/artists/beek/1999/compo/30tohour/turnit.it	79.93K	beek/1999/compo/30tohour/turnit.it
file music-module	music/artists/beek/1999/compo/30tohour/underwat.it	146.69K	beek/1999/compo/30tohour/underwat.it
file music-module	music/artists/beek/1999/compo/30tohour/vixland.it	160.55K	beek/1999/compo/30tohour/vixland.it
file music-module	music/artists/beek/1999/compo/30tohour/windwend.it	143.48K	beek/1999/compo/30tohour/windwend.it
file music-module	music/artists/beek/1999/compo/30tohour/x.it	279.14K	beek/1999/compo/30tohour/x.it
file music-module	music/artists/beek/1999/compo/30tohour/xenix.it	139.63K	beek/1999/compo/30tohour/xenix.it
file music-module	music/artists/beek/1999/compo/30tohour/xexland.it	175.74K	beek/1999/compo/30tohour/xexland.it
file music-module	music/artists/beek/1999/compo/30tohour/youcanth.it	268.02K	beek/1999/compo/30tohour/youcanth.it
file music-module	music/artists/beek/1999/compo/30tohour/zeonfree.it	192.22K	beek/1999/compo/30tohour/zeonfree.it
file music-module	music/artists/beek/1999/compo/cc/chintake.it	72.99K	beek/1999/compo/cc/chintake.it
file music-module	music/artists/beek/1999/compo/cc/denizen.it	167.20K	beek/1999/compo/cc/denizen.it
file music-module	music/artists/beek/1999/compo/cc/gcheeze.it	144.34K	beek/1999/compo/cc/gcheeze.it
file music-module	music/artists/beek/1999/compo/cc/g_ultra.it	236.46K	beek/1999/compo/cc/g_ultra.it
file music-module	music/artists/beek/1999/compo/cc/overdose.it	285.39K	beek/1999/compo/cc/overdose.it
file music-module	music/artists/beek/1999/compo/cc/rfeather.it	384.22K	beek/1999/compo/cc/rfeather.it
file music-module	music/artists/beek/1999/compo/cc/s0lc0nf.it	360.77K	beek/1999/compo/cc/s0lc0nf.it
file music-module	music/artists/beek/1999/compo/chip/beezowax.it	16.67K	beek/1999/compo/chip/beezowax.it
file music-module	music/artists/beek/1999/compo/chip/bk-jcrck.it	11.60K	beek/1999/compo/chip/bk-jcrck.it
file music-module	music/artists/beek/1999/compo/chip/citywide.it	35.78K	beek/1999/compo/chip/citywide.it
file music-module	music/artists/beek/1999/compo/chip/dream.it	27.98K	beek/1999/compo/chip/dream.it
file music-module	music/artists/beek/1999/compo/chip/emoticon.it	15.49K	beek/1999/compo/chip/emoticon.it
file music-module	music/artists/beek/1999/compo/chip/jumpbrea.it	59.64K	beek/1999/compo/chip/jumpbrea.it
file music-module	music/artists/beek/1999/compo/chip/stickp3.it	16.15K	beek/1999/compo/chip/stickp3.it
file music-module	music/artists/beek/1999/compo/demoprty/snortwhi.it	287.99K	beek/1999/compo/demoprty/snortwhi.it
file music-module	music/artists/beek/1999/compo/demoprty/stmb97.it	921.81K	beek/1999/compo/demoprty/stmb97.it
file music-module	music/artists/beek/1999/compo/demoprty/sumbrak.it	490.03K	beek/1999/compo/demoprty/sumbrak.it
file music-module	music/artists/beek/1999/compo/gc/dingo.it	212.04K	beek/1999/compo/gc/dingo.it
file music-module	music/artists/beek/1999/compo/gc/feminini.it	243.71K	beek/1999/compo/gc/feminini.it
file music-module	music/artists/beek/1999/compo/gc/growing.it	188.78K	beek/1999/compo/gc/growing.it
file music-module	music/artists/beek/1999/compo/gc/huhner.it	227.60K	beek/1999/compo/gc/huhner.it
file music-module	music/artists/beek/1999/compo/gc/savannah.it	239.65K	beek/1999/compo/gc/savannah.it
file music-module	music/artists/beek/1999/compo/gc/sexysate.it	245.38K	beek/1999/compo/gc/sexysate.it
file music-module	music/artists/beek/1999/compo/gc/therunne.it	202.45K	beek/1999/compo/gc/therunne.it
file music-module	music/artists/beek/1999/compo/gc/wesside.it	71.26K	beek/1999/compo/gc/wesside.it
file music-module	music/artists/beek/1999/compo/other/overflow.it	56.55K	beek/1999/compo/other/overflow.it
file music-module	music/artists/beek/1999/compo/other/substit.it	128.63K	beek/1999/compo/other/substit.it
file music-module	music/artists/beek/1999/compo/tt/mustard.it	90.68K	beek/1999/compo/tt/mustard.it
file music-module	music/artists/beek/1999/compo/tt/penguin.it	146.26K	beek/1999/compo/tt/penguin.it
file music-module	music/artists/beek/1999/compo/tt/tgirl.it	42.72K	beek/1999/compo/tt/tgirl.it
file music-module	music/artists/beek/1999/compo/tt/thii.it	79.13K	beek/1999/compo/tt/thii.it
file music-module	music/artists/beek/1999/compo/tt/tomfill.it	243.51K	beek/1999/compo/tt/tomfill.it
file music-module	music/artists/beek/1999/gg/mario2.it	398.80K	beek/1999/gg/mario2.it
file music-module	music/artists/beek/1999/gg/mario3cv.it	627.22K	beek/1999/gg/mario3cv.it
file music-module	music/artists/beek/1999/gg/nj2cover.it	423.68K	beek/1999/gg/nj2cover.it
file music-module	music/artists/beek/1999/grey/g_aqua.it	392.69K	beek/1999/grey/g_aqua.it
file music-module	music/artists/beek/1999/grey/g_bbremx.it	407.13K	beek/1999/grey/g_bbremx.it
file music-module	music/artists/beek/1999/leaves/chintake.it	74.60K	beek/1999/leaves/chintake.it
file music-module	music/artists/beek/1999/leaves/drifting.it	51.27K	beek/1999/leaves/drifting.it
file music-module	music/artists/beek/1999/leaves/steerage.it	21.01K	beek/1999/leaves/steerage.it
file	music/artists/beek/1999/mango/cache.iti	342B	beek/1999/mango/cache.iti
file	music/artists/beek/1999/mango/cache.its	868B	beek/1999/mango/cache.its
file music-module	music/artists/beek/1999/mango/ghost.it	472.85K	beek/1999/mango/ghost.it
file music-module	music/artists/beek/1999/mango/huhner.it	227.69K	beek/1999/mango/huhner.it
file music-module	music/artists/beek/1999/mango/junebug.it	485.44K	beek/1999/mango/junebug.it
file music-module	music/artists/beek/1999/mango/mario2.it	398.81K	beek/1999/mango/mario2.it
file music-module	music/artists/beek/1999/mango/tame.it	529.90K	beek/1999/mango/tame.it
file music-module	music/artists/beek/1999/mc/m5i-tame.it	852.01K	beek/1999/mc/m5i-tame.it
file music-module	music/artists/beek/1999/mc/m6v-lame.it	882.09K	beek/1999/mc/m6v-lame.it
file music-module	music/artists/beek/1999/misc/jetblack.it	390.29K	beek/1999/misc/jetblack.it
file	music/artists/beek/1999/p5/cache.its	484B	beek/1999/p5/cache.its
file music-module	music/artists/beek/1999/p5/mercdhi.it	784.49K	beek/1999/p5/mercdhi.it
file music-module	music/artists/beek/1999/p5/mercdlo.it	456.08K	beek/1999/p5/mercdlo.it
file music-module	music/artists/beek/1999/p5/soulinse.it	335.91K	beek/1999/p5/soulinse.it
file music-module	music/artists/beek/1999/shadow/1-1.it	422.32K	beek/1999/shadow/1-1.it
file music-module	music/artists/beek/1999/shadow/streamng.it	507.73K	beek/1999/shadow/streamng.it
file music-module	music/artists/beek/1999/unsorted/honintal.it	229.38K	beek/1999/unsorted/honintal.it
file music-module	music/artists/beek/1999/unsorted/uaxland.it	21.81K	beek/1999/unsorted/uaxland.it
file music-module	music/artists/beek/groovycompo/dingo.it	212.04K	beek/groovycompo/dingo.it
file music-module	music/artists/beek/groovycompo/feminini.it	243.71K	beek/groovycompo/feminini.it
file music-module	music/artists/beek/groovycompo/growing.it	188.78K	beek/groovycompo/growing.it
file music-module	music/artists/beek/groovycompo/huhner.it	227.60K	beek/groovycompo/huhner.it
file music-module	music/artists/beek/groovycompo/savannah.it	239.65K	beek/groovycompo/savannah.it
file music-module	music/artists/beek/groovycompo/sexysate.it	245.38K	beek/groovycompo/sexysate.it
file music-module	music/artists/beek/groovycompo/therunne.it	202.45K	beek/groovycompo/therunne.it
file music-module	music/artists/beek/groovycompo/wesside.it	71.26K	beek/groovycompo/wesside.it
file music-module	music/artists/beek/process5/soulinse.it	335.91K	beek/process5/soulinse.it
file music-module	music/artists/beek/thetrackering/mustard.it	90.68K	beek/thetrackering/mustard.it
file music-module	music/artists/beek/thetrackering/penguin.it	146.26K	beek/thetrackering/penguin.it
file music-module	music/artists/beek/thetrackering/tgirl.it	42.72K	beek/thetrackering/tgirl.it
file music-module	music/artists/beek/thetrackering/thii.it	79.13K	beek/thetrackering/thii.it
file music-module	music/artists/beek/thetrackering/tomfill.it	243.51K	beek/thetrackering/tomfill.it
file archive has-diz	music/artists/benjam/benjam_dogeaters.it.zip	344.26K	benjam/benjam_dogeaters.it.zip
file archive has-diz	music/artists/benjam/benjam_informators.it.zip	452.76K	benjam/benjam_informators.it.zip
file archive has-diz	music/artists/benjam/benjam_journeytoatlantis.it.zip	502.62K	benjam/benjam_journeytoatlantis.it.zip
file archive has-diz	music/artists/benjam/benjam_marakeshcompo.it.zip	745.65K	benjam/benjam_marakeshcompo.it.zip
file archive has-diz	music/artists/benjam/benjam_marioland.it.zip	26.15K	benjam/benjam_marioland.it.zip
file archive has-diz	music/artists/benjam/benjam_moon.it.zip	577.32K	benjam/benjam_moon.it.zip
file music-module	music/artists/distance/2007.itmodules/botb_0381_distance-12kb_01-vortexed_water.it	11.94K	distance/2007.itmodules/botb_0381_distance-12kb_01-vortexed_water.it
file music-module	music/artists/distance/2007.itmodules/botb_0539_distance-cntrptl.it	27.08K	distance/2007.itmodules/botb_0539_distance-cntrptl.it
file music-module	music/artists/distance/2007.itmodules/botb_0545_distance-pks.it	72.28K	distance/2007.itmodules/botb_0545_distance-pks.it
file music-module	music/artists/distance/2007.itmodules/botb_0552_distance-moro.it	49.81K	distance/2007.itmodules/botb_0552_distance-moro.it
file music-module	music/artists/distance/2007.itmodules/botb_0562_distance-deadtick.it	36.32K	distance/2007.itmodules/botb_0562_distance-deadtick.it
file music-module	music/artists/distance/2007.itmodules/botb_0588_distance-attentiondisorder.it	30.11K	distance/2007.itmodules/botb_0588_distance-attentiondisorder.it
file music-module	music/artists/ps/tinw/ps-gc46.it	255.91K	ps/tinw/ps-gc46.it
file music-module	music/artists/ps/tinw/ps-spack2.it	149.85K	ps/tinw/ps-spack2.it
file archive	music/artists/saga_musix/10000m_below_sea_level.it.zip	6.06M	saga_musix/10000m_below_sea_level.it.zip
file archive	music/artists/saga_musix/1990_called.it.zip	2.57M	saga_musix/1990_called.it.zip
file archive	music/artists/saga_musix/256_hz.it.zip	871.76K	saga_musix/256_hz.it.zip
file archive	music/artists/saga_musix/acidstorm.it.zip	406.68K	saga_musix/acidstorm.it.zip
file archive	music/artists/saga_musix/alone.it.zip	79.31K	saga_musix/alone.it.zip
file archive	music/artists/saga_musix/amegas_remix.it.zip	3.52M	saga_musix/amegas_remix.it.zip
file archive	music/artists/saga_musix/battle.it.zip	65.19K	saga_musix/battle.it.zip
file archive	music/artists/saga_musix/brass.it.zip	52.07K	saga_musix/brass.it.zip
file archive	music/artists/saga_musix/candy.it.zip	301.01K	saga_musix/candy.it.zip
file archive	music/artists/saga_musix/castle.it.zip	98.84K	saga_musix/castle.it.zip
file archive	music/artists/saga_musix/cave_of_time.it.zip	7.07M	saga_musix/cave_of_time.it.zip
file archive	music/artists/saga_musix/chordless.it.zip	1.71M	saga_musix/chordless.it.zip
file archive	music/artists/saga_musix/cloud_number_5.it.zip	680.43K	saga_musix/cloud_number_5.it.zip
file archive	music/artists/saga_musix/combo.it.zip	694.26K	saga_musix/combo.it.zip
file archive	music/artists/saga_musix/countdown.it.zip	311.83K	saga_musix/countdown.it.zip
file archive	music/artists/saga_musix/counting.it.zip	709.96K	saga_musix/counting.it.zip
file archive	music/artists/saga_musix/crazy_memories.it.zip	3.99M	saga_musix/crazy_memories.it.zip
file archive	music/artists/saga_musix/d2rap.it.zip	684.33K	saga_musix/d2rap.it.zip
file archive	music/artists/saga_musix/darkforest.it.zip	24.54K	saga_musix/darkforest.it.zip
file archive	music/artists/saga_musix/darkness.it.zip	1.12M	saga_musix/darkness.it.zip
file archive	music/artists/saga_musix/digitalloop.it.zip	1.68M	saga_musix/digitalloop.it.zip
file archive	music/artists/saga_musix/dorian.it.zip	0.97M	saga_musix/dorian.it.zip
file archive	music/artists/saga_musix/dreamsofthepast.it.zip	2.09M	saga_musix/dreamsofthepast.it.zip
file archive	music/artists/saga_musix/electric.it.zip	53.62K	saga_musix/electric.it.zip
file archive	music/artists/saga_musix/engage.it.zip	2.60M	saga_musix/engage.it.zip
file archive	music/artists/saga_musix/enigmatic_path.it.zip	1.42M	saga_musix/enigmatic_path.it.zip
file archive	music/artists/saga_musix/fun.it.zip	56.93K	saga_musix/fun.it.zip
file archive	music/artists/saga_musix/gotd.it.zip	569.35K	saga_musix/gotd.it.zip
file archive	music/artists/saga_musix/grey_matter.it.zip	342.71K	saga_musix/grey_matter.it.zip
file archive	music/artists/saga_musix/grinimal.it.zip	5.03M	saga_musix/grinimal.it.zip
file archive	music/artists/saga_musix/happy.it.zip	71.40K	saga_musix/happy.it.zip
file archive	music/artists/saga_musix/happytrance.it.zip	470.40K	saga_musix/happytrance.it.zip
file archive	music/artists/saga_musix/hardtech.it.zip	1.27M	saga_musix/hardtech.it.zip
file archive	music/artists/saga_musix/haunted.it.zip	26.88K	saga_musix/haunted.it.zip
file archive	music/artists/saga_musix/heaven.it.zip	696.79K	saga_musix/heaven.it.zip
file archive	music/artists/saga_musix/hoteltheme.it.zip	52.41K	saga_musix/hoteltheme.it.zip
file archive	music/artists/saga_musix/intro.it.zip	40.38K	saga_musix/intro.it.zip
file archive	music/artists/saga_musix/jinglebells.it.zip	514.51K	saga_musix/jinglebells.it.zip
file archive	music/artists/saga_musix/late-night_compo.it.zip	644.84K	saga_musix/late-night_compo.it.zip
file archive	music/artists/saga_musix/matrix.it.zip	2.98M	saga_musix/matrix.it.zip
file archive	music/artists/saga_musix/miamiice.it.zip	533.13K	saga_musix/miamiice.it.zip
file archive	music/artists/saga_musix/midnight.it.zip	157.88K	saga_musix/midnight.it.zip
file archive	music/artists/saga_musix/minimal.it.zip	1.05M	saga_musix/minimal.it.zip
file archive	music/artists/saga_musix/oldcastle.it.zip	40.16K	saga_musix/oldcastle.it.zip
file archive	music/artists/saga_musix/peace.it.zip	673.96K	saga_musix/peace.it.zip
file archive	music/artists/saga_musix/phase_one.it.zip	746.38K	saga_musix/phase_one.it.zip
file archive	music/artists/saga_musix/pianowaves.it.zip	20.72K	saga_musix/pianowaves.it.zip
file archive	music/artists/saga_musix/powerkick.it.zip	5.58M	saga_musix/powerkick.it.zip
file archive	music/artists/saga_musix/psyrain.it.zip	6.70M	saga_musix/psyrain.it.zip
file archive	music/artists/saga_musix/reel.it.zip	1.62M	saga_musix/reel.it.zip
file archive	music/artists/saga_musix/roaming_stranger.it.zip	6.31M	saga_musix/roaming_stranger.it.zip
file archive	music/artists/saga_musix/rush.it.zip	38.15K	saga_musix/rush.it.zip
file archive	music/artists/saga_musix/safari.it.zip	374.57K	saga_musix/safari.it.zip
file archive	music/artists/saga_musix/seaside.it.zip	684.53K	saga_musix/seaside.it.zip
file archive	music/artists/saga_musix/secret_wish.it.zip	389.92K	saga_musix/secret_wish.it.zip
file archive	music/artists/saga_musix/shaking_in_jerusalem.it.zip	6.80M	saga_musix/shaking_in_jerusalem.it.zip
file archive	music/artists/saga_musix/silentdreams.it.zip	2.22M	saga_musix/silentdreams.it.zip
file archive	music/artists/saga_musix/smapull.it.zip	1.23M	saga_musix/smapull.it.zip
file archive	music/artists/saga_musix/steelchambers2.it.zip	7.46M	saga_musix/steelchambers2.it.zip
file archive	music/artists/saga_musix/stepforward.it.zip	704.93K	saga_musix/stepforward.it.zip
file archive	music/artists/saga_musix/story_of_a_loving_sample_remix.it.zip	2.22M	saga_musix/story_of_a_loving_sample_remix.it.zip
file archive	music/artists/saga_musix/sunny_vale.it.zip	6.41M	saga_musix/sunny_vale.it.zip
file archive	music/artists/saga_musix/teafortwo.it.zip	67.65K	saga_musix/teafortwo.it.zip
file archive	music/artists/saga_musix/techstar.it.zip	1.76M	saga_musix/techstar.it.zip
file archive	music/artists/saga_musix/timelord.it.zip	4.34M	saga_musix/timelord.it.zip
file archive	music/artists/saga_musix/town.it.zip	42.21K	saga_musix/town.it.zip
file archive	music/artists/saga_musix/unbreakable.it.zip	188.38K	saga_musix/unbreakable.it.zip
file archive	music/artists/saga_musix/unlimited_happiness.it.zip	712.92K	saga_musix/unlimited_happiness.it.zip
file archive	music/artists/saga_musix/unreal.it.zip	2.17M	saga_musix/unreal.it.zip
file archive	music/artists/willbe/modules/singles/willbe(ft.navy)-cowboyzoftheuniverse.it.zip	1.03M	willbe/modules/singles/willbe(ft.navy)-cowboyzoftheuniverse.it.zip
file archive	music/artists/willbe/modules/singles/willbe(ft.navy)-leslicesdebabylone.it.zip	1.73M	willbe/modules/singles/willbe(ft.navy)-leslicesdebabylone.it.zip
file archive	music/artists/willbe/modules/singles/willbe(ft.navy)-shuttingdown.it.zip	865.36K	willbe/modules/singles/willbe(ft.navy)-shuttingdown.it.zip
file archive	music/artists/willbe/modules/singles/willbe(ft.navy)-soundbringer.it.zip	1.28M	willbe/modules/singles/willbe(ft.navy)-soundbringer.it.zip
file archive	music/artists/willbe/modules/singles/willbe-1800suicideremix.it.zip	1.63M	willbe/modules/singles/willbe-1800suicideremix.it.zip
file archive	music/artists/willbe/modules/singles/willbe-aeroplane.it.zip	11.83K	willbe/modules/singles/willbe-aeroplane.it.zip
file archive	music/artists/willbe/modules/singles/willbe-afaceinthecrowd.it.zip	285.91K	willbe/modules/singles/willbe-afaceinthecrowd.it.zip
file archive	music/artists/willbe/modules/singles/willbe-arfmafia.it.zip	1.39M	willbe/modules/singles/willbe-arfmafia.it.zip
file archive	music/artists/willbe/modules/singles/willbe-backontrack.it.zip	62.57K	willbe/modules/singles/willbe-backontrack.it.zip
file archive	music/artists/willbe/modules/singles/willbe-besideyourdoor.it.zip	489.58K	willbe/modules/singles/willbe-besideyourdoor.it.zip
file archive	music/artists/willbe/modules/singles/willbe-buzz.it.zip	832.08K	willbe/modules/singles/willbe-buzz.it.zip
file archive	music/artists/willbe/modules/singles/willbe-chipfortrip.it.zip	79.22K	willbe/modules/singles/willbe-chipfortrip.it.zip
file archive	music/artists/willbe/modules/singles/willbe-cometothedarktower.it.zip	275.90K	willbe/modules/singles/willbe-cometothedarktower.it.zip
file archive	music/artists/willbe/modules/singles/willbe-cosmicblues.it.zip	1.30M	willbe/modules/singles/willbe-cosmicblues.it.zip
file archive	music/artists/willbe/modules/singles/willbe-discovery.it.zip	514.20K	willbe/modules/singles/willbe-discovery.it.zip
file archive	music/artists/willbe/modules/singles/willbe-dive.it.zip	192.11K	willbe/modules/singles/willbe-dive.it.zip
file archive	music/artists/willbe/modules/singles/willbe-dothefunk.it.zip	18.08K	willbe/modules/singles/willbe-dothefunk.it.zip
file archive	music/artists/willbe/modules/singles/willbe-flashback.it.zip	255.79K	willbe/modules/singles/willbe-flashback.it.zip
file archive	music/artists/willbe/modules/singles/willbe-flavasource.it.zip	814.98K	willbe/modules/singles/willbe-flavasource.it.zip
file archive	music/artists/willbe/modules/singles/willbe-freaksonthisside.it.zip	2.44M	willbe/modules/singles/willbe-freaksonthisside.it.zip
file archive	music/artists/willbe/modules/singles/willbe-fromcoasttocoast.it.zip	229.16K	willbe/modules/singles/willbe-fromcoasttocoast.it.zip
file archive	music/artists/willbe/modules/singles/willbe-funkster.it.zip	83.08K	willbe/modules/singles/willbe-funkster.it.zip
file archive	music/artists/willbe/modules/singles/willbe-greenhillzone.it.zip	68.91K	willbe/modules/singles/willbe-greenhillzone.it.zip
file archive	music/artists/willbe/modules/singles/willbe-legrandblue.it.zip	94.71K	willbe/modules/singles/willbe-legrandblue.it.zip
file archive	music/artists/willbe/modules/singles/willbe-lostandsearching.it.zip	379.51K	willbe/modules/singles/willbe-lostandsearching.it.zip
file archive	music/artists/willbe/modules/singles/willbe-match.it.zip	385.81K	willbe/modules/singles/willbe-match.it.zip
file archive	music/artists/willbe/modules/singles/willbe-minichipfortrip.it.zip	21.78K	willbe/modules/singles/willbe-minichipfortrip.it.zip
file archive	music/artists/willbe/modules/singles/willbe-minidarktower.it.zip	65.86K	willbe/modules/singles/willbe-minidarktower.it.zip
file archive	music/artists/willbe/modules/singles/willbe-miniwashyourstyle.it.zip	43.56K	willbe/modules/singles/willbe-miniwashyourstyle.it.zip
file archive	music/artists/willbe/modules/singles/willbe-monsieurb.it.zip	488.22K	willbe/modules/singles/willbe-monsieurb.it.zip
file archive	music/artists/willbe/modules/singles/willbe-mrslatinadancing.it.zip	1.27M	willbe/modules/singles/willbe-mrslatinadancing.it.zip
file archive	music/artists/willbe/modules/singles/willbe-orientation.it.zip	312.77K	willbe/modules/singles/willbe-orientation.it.zip
file archive	music/artists/willbe/modules/singles/willbe-parisbynight.it.zip	10.58K	willbe/modules/singles/willbe-parisbynight.it.zip
file archive	music/artists/willbe/modules/singles/willbe-putyourhandstogether.it.zip	406.76K	willbe/modules/singles/willbe-putyourhandstogether.it.zip
file archive	music/artists/willbe/modules/singles/willbe-reviensshodan.it.zip	695.67K	willbe/modules/singles/willbe-reviensshodan.it.zip
file archive	music/artists/willbe/modules/singles/willbe-runningunderthemoon.it.zip	505.81K	willbe/modules/singles/willbe-runningunderthemoon.it.zip
file archive	music/artists/willbe/modules/singles/willbe-sacha.it.zip	3.80M	willbe/modules/singles/willbe-sacha.it.zip
file archive	music/artists/willbe/modules/singles/willbe-sparks.it.zip	406.95K	willbe/modules/singles/willbe-sparks.it.zip
file archive	music/artists/willbe/modules/singles/willbe-spotlight.it.zip	220.47K	willbe/modules/singles/willbe-spotlight.it.zip
file archive	music/artists/willbe/modules/singles/willbe-stellarromance.it.zip	3.94M	willbe/modules/singles/willbe-stellarromance.it.zip
file archive	music/artists/willbe/modules/singles/willbe-sweetohta.it.zip	1.41M	willbe/modules/singles/willbe-sweetohta.it.zip
file archive	music/artists/willbe/modules/singles/willbe-thehorrorshow.it.zip	20.85K	willbe/modules/singles/willbe-thehorrorshow.it.zip
file archive	music/artists/willbe/modules/singles/willbe-thenightrunner.it.zip	415.53K	willbe/modules/singles/willbe-thenightrunner.it.zip
file archive	music/artists/willbe/modules/singles/willbe-theonemanarmy.it.zip	567.57K	willbe/modules/singles/willbe-theonemanarmy.it.zip
file archive	music/artists/willbe/modules/singles/willbe-thevault.it.zip	129.06K	willbe/modules/singles/willbe-thevault.it.zip
file archive	music/artists/willbe/modules/singles/willbe-thisis.it.zip	1.00M	willbe/modules/singles/willbe-thisis.it.zip
file archive	music/artists/willbe/modules/singles/willbe-twodecades.it.zip	953.22K	willbe/modules/singles/willbe-twodecades.it.zip
file archive	music/artists/willbe/modules/singles/willbe-ufo.it.zip	7.01M	willbe/modules/singles/willbe-ufo.it.zip
file archive	music/artists/willbe/modules/singles/willbe-vibefreaks.it.zip	798.34K	willbe/modules/singles/willbe-vibefreaks.it.zip
file archive	music/artists/willbe/modules/singles/willbe-vintagevinylremix.it.zip	522.03K	willbe/modules/singles/willbe-vintagevinylremix.it.zip
file archive	music/artists/willbe/modules/singles/willbe-washyourstyle.it.zip	208.09K	willbe/modules/singles/willbe-washyourstyle.it.zip
file archive	music/artists/willbe/modules/singles/willbe-waterbirds.it.zip	511.27K	willbe/modules/singles/willbe-waterbirds.it.zip
file archive	music/artists/willbe/modules/singles/willbe-willattheclub.it.zip	177.19K	willbe/modules/singles/willbe-willattheclub.it.zip
file music-module	music/compos/boozedrome_vi/_7.itch-fanservice.mod	488.14K	boozedrome_vi/_7.itch-fanservice.mod
file music-module	music/compos/chill11/cts.it	108.56K	chill11/cts.it
file music-module	music/compos/chill11/ctsfixed.it	108.56K	chill11/ctsfixed.it
file music-module	music/compos/chill11/lime.it	93.50K	chill11/lime.it
file music-module	music/compos/chill11/vizion.it	105.46K	chill11/vizion.it
file music-module	music/compos/chill14/sanyo.it	14.89K	chill14/sanyo.it
file music-module	music/groups/analogue/members/parityerror/whynot.it	70.10K	analogue/members/parityerror/whynot.it
file music-module	music/groups/analogue/members/parityerror/wshofrdm.it	50.31K	analogue/members/parityerror/wshofrdm.it
file music-module	music/groups/camomille/nma001_kl_adtp.it	2.19M	camomille/nma001_kl_adtp.it
file music-module	music/groups/camomille/nma001_kl_yoyo.it	39.44K	camomille/nma001_kl_yoyo.it
file music-module	music/groups/camomille/nma001_knl_ra.it	20.71K	camomille/nma001_knl_ra.it
file music-module	music/groups/camomille/nma001_knl_rapo.it	11.84K	camomille/nma001_knl_rapo.it
file music-module	music/groups/cjt/chz-blcl.it	20.00K	cjt/chz-blcl.it
file music-module	music/groups/flange/2001/alexg-all_the_time_(resmapled_drums).it	523.86K	flange/2001/alexg-all_the_time_(resmapled_drums).it
file music-module	music/groups/flange/2001/irrational_jim-bitch_(cut_mix).it	444.76K	flange/2001/irrational_jim-bitch_(cut_mix).it
file music-module	music/groups/flange/2001/mrd-creepy_ickyness.it	4.54M	flange/2001/mrd-creepy_ickyness.it
file music-module	music/groups/flange/2001/sm-distance.it	1.68M	flange/2001/sm-distance.it
file music-module	music/groups/flange/2001/sm-musical_headache.it	1.06M	flange/2001/sm-musical_headache.it
file music-module	music/groups/flange/2003/sm-drift.it	764.11K	flange/2003/sm-drift.it
file music-module	music/groups/hellterror_records/test_track_by_unknown_people/0.it	427.01K	hellterror_records/test_track_by_unknown_people/0.it
file music-module	music/groups/hellterror_records/test_track_by_unknown_people/00.it	283.42K	hellterror_records/test_track_by_unknown_people/00.it
file music-module	music/groups/hellterror_records/test_track_by_unknown_people/000.it	152.68K	hellterror_records/test_track_by_unknown_people/000.it
file music-module	music/groups/hellterror_records/test_track_by_unknown_people/0180.it	87.70K	hellterror_records/test_track_by_unknown_people/0180.it
file music-module	music/groups/hellterror_records/test_track_by_unknown_people/01999.it	391.61K	hellterror_records/test_track_by_unknown_people/01999.it
file music-module	music/groups/hellterror_records/test_track_by_unknown_people/0hipter.it	555.10K	hellterror_records/test_track_by_unknown_people/0hipter.it
file music-module	music/groups/hellterror_records/test_track_by_unknown_people/0jeal.it	429.32K	hellterror_records/test_track_by_unknown_people/0jeal.it
file music-module	music/groups/hellterror_records/test_track_by_unknown_people/0new.it	209.82K	hellterror_records/test_track_by_unknown_people/0new.it
file music-module	music/groups/hellterror_records/test_track_by_unknown_people/0o.it	1.25M	hellterror_records/test_track_by_unknown_people/0o.it
file music-module	music/groups/hellterror_records/test_track_by_unknown_people/0oo.it	239.46K	hellterror_records/test_track_by_unknown_people/0oo.it
file music-module	music/groups/hellterror_records/test_track_by_unknown_people/0rel.it	349.94K	hellterror_records/test_track_by_unknown_people/0rel.it
file music-module	music/groups/hellterror_records/test_track_by_unknown_people/0rem.it	239.11K	hellterror_records/test_track_by_unknown_people/0rem.it
file music-module	music/groups/hellterror_records/test_track_by_unknown_people/5dzmix.it	433.40K	hellterror_records/test_track_by_unknown_people/5dzmix.it
file music-module	music/groups/hellterror_records/test_track_by_unknown_people/99a.it	309.65K	hellterror_records/test_track_by_unknown_people/99a.it
file music-module	music/groups/hellterror_records/test_track_by_unknown_people/_4.it	27.95K	hellterror_records/test_track_by_unknown_people/_4.it
file music-module	music/groups/hellterror_records/test_track_by_unknown_people/_8.it	399.86K	hellterror_records/test_track_by_unknown_people/_8.it
file music-module	music/groups/hellterror_records/test_track_by_unknown_people/_9.it	122.62K	hellterror_records/test_track_by_unknown_people/_9.it
file music-module	music/groups/hellterror_records/test_track_by_unknown_people/_99.it	577.46K	hellterror_records/test_track_by_unknown_people/_99.it
file music-module	music/groups/hellterror_records/test_track_by_unknown_people/_9a.it	118.19K	hellterror_records/test_track_by_unknown_people/_9a.it
file music-module	music/groups/hellterror_records/test_track_by_unknown_people/_9b.it	657.10K	hellterror_records/test_track_by_unknown_people/_9b.it
file music-module	music/groups/mephtik/mephtik,_remnants_of/arcubalis-con_fuego.it	1.92M	mephtik/mephtik,_remnants_of/arcubalis-con_fuego.it
file music-module	music/groups/mephtik/mephtik,_remnants_of/arcubalis-first.it	1.30M	mephtik/mephtik,_remnants_of/arcubalis-first.it
file music-module	music/groups/mephtik/mephtik,_remnants_of/arcubalis-foder_and_fighter.it	2.02M	mephtik/mephtik,_remnants_of/arcubalis-foder_and_fighter.it
file music-module	music/groups/mephtik/mephtik,_remnants_of/arcubalis-force.it	1.22M	mephtik/mephtik,_remnants_of/arcubalis-force.it
file music-module	music/groups/mephtik/mephtik,_remnants_of/arcubalis-frigid_pulse.it	4.74M	mephtik/mephtik,_remnants_of/arcubalis-frigid_pulse.it
file music-module	music/groups/mephtik/mephtik,_remnants_of/arcubalis-krab_king's_kingdom.it	1.39M	mephtik/mephtik,_remnants_of/arcubalis-krab_king's_kingdom.it
file music-module	music/groups/mephtik/mephtik,_remnants_of/arcubalis-liberation_army.it	533.17K	mephtik/mephtik,_remnants_of/arcubalis-liberation_army.it
file music-module	music/groups/mephtik/mephtik,_remnants_of/arcubalis-palace_upon_the_moon.it	1.08M	mephtik/mephtik,_remnants_of/arcubalis-palace_upon_the_moon.it
file music-module	music/groups/mephtik/mephtik,_remnants_of/arcubalis-peaceful_night_in_dwarf_town.it	2.23M	mephtik/mephtik,_remnants_of/arcubalis-peaceful_night_in_dwarf_town.it
file music-module	music/groups/mephtik/mephtik,_remnants_of/arcubalis-shadow_deep.it	2.63M	mephtik/mephtik,_remnants_of/arcubalis-shadow_deep.it
file music-module	music/groups/mephtik/mephtik_2/arcubalis-carbon_trail.it	909.67K	mephtik/mephtik_2/arcubalis-carbon_trail.it
file music-module	music/groups/mephtik/mephtik_2/arcubalis-final_farewell.it	1.06M	mephtik/mephtik_2/arcubalis-final_farewell.it
file music-module	music/groups/mephtik/mephtik_2/arcubalis-hybrid_jungle.it	1.41M	mephtik/mephtik_2/arcubalis-hybrid_jungle.it
file music-module	music/groups/mephtik/mephtik_2/arcubalis-murky_depth.it	2.85M	mephtik/mephtik_2/arcubalis-murky_depth.it
file music-module	music/groups/mephtik/mephtik_2/arcubalis-reactor.it	1.96M	mephtik/mephtik_2/arcubalis-reactor.it
file music-module	music/groups/mephtik/mephtik_2/arcubalis-snowman_ablaze.it	1.28M	mephtik/mephtik_2/arcubalis-snowman_ablaze.it
file music-module	music/groups/mephtik/mephtik_2/firefly-feeling_crying.it	187.51K	mephtik/mephtik_2/firefly-feeling_crying.it
file music-module	music/groups/mephtik/mephtik_2/firefly-raideird_milowdee.it	1.27M	mephtik/mephtik_2/firefly-raideird_milowdee.it
file music-module	music/groups/mephtik/mephtik_2/firestar-forever_light.it	4.64M	mephtik/mephtik_2/firestar-forever_light.it
file music-module	music/groups/mephtik/mephtik_2/halberd-waterdrops.it	669.32K	mephtik/mephtik_2/halberd-waterdrops.it
file music-module	music/groups/mephtik/mephtik_2/kaiser-crazy_dog.it	89.73K	mephtik/mephtik_2/kaiser-crazy_dog.it
file music-module	music/groups/mephtik/mephtik_2/kaiser-dog.it	26.85K	mephtik/mephtik_2/kaiser-dog.it
file music-module	music/groups/mephtik/mephtik_2/lasombra,_muikrad,_and_littleelk-silent_melody_of_the_wood.it	3.79M	mephtik/mephtik_2/lasombra,_muikrad,_and_littleelk-silent_melody_of_the_wood.it
file music-module	music/groups/mephtik/mephtik_2/lasombra-mood_atrophy.it	2.55M	mephtik/mephtik_2/lasombra-mood_atrophy.it
file music-module	music/groups/mephtik/mephtik_2/lasombra-scarlet_moon_empire.it	6.56M	mephtik/mephtik_2/lasombra-scarlet_moon_empire.it
file music-module	music/groups/mephtik/mephtik_2/muikrad_and_darkhalo-g.r.o.w.it	6.54M	mephtik/mephtik_2/muikrad_and_darkhalo-g.r.o.w.it
file music-module	music/groups/mephtik/mephtik_2/psysal-faxanadu_taco_salad_remix.it	241.24K	mephtik/mephtik_2/psysal-faxanadu_taco_salad_remix.it
file music-module	music/groups/mephtik/mephtik_2/psysal-ilovetfadebutmybabyjustlo.it	199.57K	mephtik/mephtik_2/psysal-ilovetfadebutmybabyjustlo.it
file music-module	music/groups/mephtik/mephtik_2/psysal_and_arcubalis-joined_at_the_library.it	1.21M	mephtik/mephtik_2/psysal_and_arcubalis-joined_at_the_library.it
file music-module	music/groups/mephtik/mephtik_2/psysal_and_kaiser-esp.alumina.it	0.96M	mephtik/mephtik_2/psysal_and_kaiser-esp.alumina.it
file music-module	music/groups/mephtik/mephtik_2/skyline-chrono_cross-skyline_remix.it	876.21K	mephtik/mephtik_2/skyline-chrono_cross-skyline_remix.it
file music-module	music/groups/mephtik/mephtik_2/skyline-corn_fields.it	82.10K	mephtik/mephtik_2/skyline-corn_fields.it
file music-module	music/groups/mephtik/mephtik_2/skyline-deep_ocean.it	77.74K	mephtik/mephtik_2/skyline-deep_ocean.it
file music-module	music/groups/mephtik/mephtik_2/skyline-emptyness_of_space.it	561.76K	mephtik/mephtik_2/skyline-emptyness_of_space.it
file music-module	music/groups/mephtik/mephtik_2/skyline-forest.it	259.02K	mephtik/mephtik_2/skyline-forest.it
file music-module	music/groups/mephtik/mephtik_2/skyline-gaia.it	142.30K	mephtik/mephtik_2/skyline-gaia.it
file music-module	music/groups/mephtik/mephtik_2/skyline-jared's_death_theme_(loop).it	160.06K	mephtik/mephtik_2/skyline-jared's_death_theme_(loop).it
file music-module	music/groups/mephtik/mephtik_2/skyline-orialcon.it	493.43K	mephtik/mephtik_2/skyline-orialcon.it
file music-module	music/groups/mephtik/mephtik_2/skyline-the_icy_village_of_garduk.it	2.18M	mephtik/mephtik_2/skyline-the_icy_village_of_garduk.it
file music-module	music/groups/mephtik/mephtik_2/skyline-voice_in_the_village.it	1.68M	mephtik/mephtik_2/skyline-voice_in_the_village.it
file music-module	music/groups/mephtik/mephtik_2/thetourist-stanley,_parts_i_and_ii.it	513.53K	mephtik/mephtik_2/thetourist-stanley,_parts_i_and_ii.it
file music-module	music/groups/mephtik/mephtik_2/sector/02.__sector_ii-ice_blue_moon_~_a_waterfall_at_night_(skyline).it	158.84K	mephtik/mephtik_2/sector/02.__sector_ii-ice_blue_moon_~_a_waterfall_at_night_(skyline).it
file music-module	music/groups/mephtik/mephtik_2/sector/03.__sector_iii-fall_of_the_cyberpapacy_~_theocracy_sector_(rs3_and_virt).it	2.15M	mephtik/mephtik_2/sector/03.__sector_iii-fall_of_the_cyberpapacy_~_theocracy_sector_(rs3_and_virt).it
file music-module	music/groups/mephtik/mephtik_2/sector/04.__sector_iv-closed_door,_.dnim_nepo_~_garden_of_eternal_thought_(lasombra).it	6.36M	mephtik/mephtik_2/sector/04.__sector_iv-closed_door,_.dnim_nepo_~_garden_of_eternal_thought_(lasombra).it
file music-module	music/groups/mephtik/mephtik_2/sector/05.__sector_v-sacred_ground_~_fields_of_war_(ryanfire).it	1.35M	mephtik/mephtik_2/sector/05.__sector_v-sacred_ground_~_fields_of_war_(ryanfire).it
file music-module	music/groups/mephtik/mephtik_2/sector/06.__sector_vi-beside_meis_grave_~_an_abandoned_park_(psysal).it	128.40K	mephtik/mephtik_2/sector/06.__sector_vi-beside_meis_grave_~_an_abandoned_park_(psysal).it
file music-module	music/groups/mephtik/mephtik_2/sector/07.__sector_vii-bitwise_~_a_metropolis_of_machinery_(alexg).it	768.00K	mephtik/mephtik_2/sector/07.__sector_vii-bitwise_~_a_metropolis_of_machinery_(alexg).it
file music-module	music/groups/mephtik/mephtik_2/sector/08.__sector_viii-maze_of_debris_~_a_sector_in_ruin_(arcubalis).it	2.04M	mephtik/mephtik_2/sector/08.__sector_viii-maze_of_debris_~_a_sector_in_ruin_(arcubalis).it
file music-module	music/groups/microbio/bio_01/08-bio_01lpv1.it	205.51K	microbio/bio_01/08-bio_01lpv1.it
file music-module	music/groups/microbio/bio_01/09-bio_01lpv1.it	73.20K	microbio/bio_01/09-bio_01lpv1.it
file music-module	music/groups/microbio/bio_01/10-bio_01lpv1.it	226.30K	microbio/bio_01/10-bio_01lpv1.it
file music-module	music/groups/obsidian/ascensn.it	638.59K	obsidian/ascensn.it
file music-module	music/groups/obsidian/d_martyr.it	1.02M	obsidian/d_martyr.it
file music-module	music/groups/obsidian/openroad.it	299.69K	obsidian/openroad.it
file music-module	music/groups/obsidian/striumph.it	2.91M	obsidian/striumph.it
file music-module	music/groups/scientific/old_releases/(scientific_002)_twister-the_empty_matrix.it	2.35M	scientific/old_releases/(scientific_002)_twister-the_empty_matrix.it
file music-module	music/groups/scientific/old_releases/(scientific_003)_night_watch-dreamers_disease.it	1.30M	scientific/old_releases/(scientific_003)_night_watch-dreamers_disease.it
file music-module	music/groups/scientific/old_releases/(scientific_003)_twister-sick.it	2.82M	scientific/old_releases/(scientific_003)_twister-sick.it
file music-stream	music/groups/soulseek_records/plugs/sual013a_halluciphile_-_retrospective_spectralucinari_minimixes/08_halluciphile_-_l5d0h...its_pointless_(exclamation).mp3	8.58M	soulseek_records/plugs/sual013a_halluciphile_-_retrospective_spectralucinari_minimixes/08_halluciphile_-_l5d0h...its_pointless_(exclamation).mp3
file music-module	music/groups/sound_alliance/1999/brn-bad!.it	4.05M	sound_alliance/1999/brn-bad!.it
file music-module	music/groups/sound_alliance/2002/tes-skea.it	1.73M	sound_alliance/2002/tes-skea.it
file music-module	music/groups/trip/i.zen___j__rg-power_of_celtic.it	4.13M	trip/i.zen___j__rg-power_of_celtic.it
file music-module	music/groups/trip/moondust-daydream_vibez__dx_remix_.it	632.29K	trip/moondust-daydream_vibez__dx_remix_.it
file music-module	parties/1996/summit96/mmul/i.zen_-daydream.it	632.29K	summit96/mmul/i.zen_-daydream.it
file music-module	parties/1998/remedy98/mmul/15-rm_dolce.it	479.64K	remedy98/mmul/15-rm_dolce.it
file music-module	parties/1999/ambience99/mmul/house/slc_wdrm.it	1.08M	ambience99/mmul/house/slc_wdrm.it
file music-module	parties/1999/ambience99/mmul/house/spc_blck.it	1.36M	ambience99/mmul/house/spc_blck.it
file music-module	parties/1999/ambience99/mmul/house/spc_morn.it	1.37M	ambience99/mmul/house/spc_morn.it
file music-module	parties/1999/takeover99/music/house/weedkill.it	522.47K	takeover99/music/house/weedkill.it
file music-module	parties/2001/birdie01/wild/ohman_2_by_sectoid.it	1.76M	birdie01/wild/ohman_2_by_sectoid.it
file music-module	parties/2003/icecube03/mp3/ilmarque_(surprise!_productions)_-_lanternfish.it	926.36K	icecube03/mp3/ilmarque_(surprise!_productions)_-_lanternfish.it
file music-stream	parties/2004/breakpoint04/mmul/benjam_themodeinside.it.ogg	2.26M	breakpoint04/mmul/benjam_themodeinside.it.ogg
file music-stream	parties/2004/breakpoint04/mmul/dhg_easy.it.ogg	3.50M	breakpoint04/mmul/dhg_easy.it.ogg
file music-stream	parties/2004/breakpoint04/mmul/fullmoon2.it.ogg	3.15M	breakpoint04/mmul/fullmoon2.it.ogg
file archive	parties/2005/bgparty05/mmul/r0lemusic-un_chiptune_para_sentirme_mejor.it.zip	1.13M	bgparty05/mmul/r0lemusic-un_chiptune_para_sentirme_mejor.it.zip
file archive	parties/2005/dreamhack05/mmul/tracked__klas_e._s_(tracked)_-_densitet.it.zip	27.21M	dreamhack05/mmul/tracked__klas_e._s_(tracked)_-_densitet.it.zip
file archive has-diz	parties/2005/euskal13/fast/music/srg-ii.it.zip	17.06K	euskal13/fast/music/srg-ii.it.zip
file music-module	parties/2005/simulaatio05/tinymusic/rorro.it	63.02K	simulaatio05/tinymusic/rorro.it
file archive has-diz	parties/2005/thegathering05/demo/dark.codex.crew-well.it's.crab.01.timemachine05.zip	7.95M	thegathering05/demo/dark.codex.crew-well.it's.crab.01.timemachine05.zip
file music-module	parties/2007/altparty07/obscuremusic/madtrance_by_petrified.it	627.08K	altparty07/obscuremusic/madtrance_by_petrified.it
file music-module	parties/2007/evoke07/tinymusic/kl_yoyo_partyver.it	39.44K	evoke07/tinymusic/kl_yoyo_partyver.it
file music-module	parties/2008/altparty08/1ch_tracker/first_canal_by_petrifiedaccession.it	38.05K	altparty08/1ch_tracker/first_canal_by_petrifiedaccession.it
file music-module	parties/2008/altparty08/1ch_tracker/one_track_mind_by_noboca.it	18.18K	altparty08/1ch_tracker/one_track_mind_by_noboca.it
file music-module	parties/2008/altparty08/1ch_tracker/proteusvituttaa_by_opqdonut.it	51.50K	altparty08/1ch_tracker/proteusvituttaa_by_opqdonut.it
file music-module	parties/2008/altparty08/1ch_tracker/tricks_of_the_warlocks_by_king_thrill__tekotuotanto.it	51.69K	altparty08/1ch_tracker/tricks_of_the_warlocks_by_king_thrill__tekotuotanto.it
file music-module	parties/2009/artway09/music/pms_are1.it	109.03K	artway09/music/pms_are1.it
file music-module	parties/2009/blockparty09/music/oldschool/downhole.it	117.19K	blockparty09/music/oldschool/downhole.it
file music-module	parties/2009/blockparty09/music/oldschool/thor-ainor.it	4.07M	blockparty09/music/oldschool/thor-ainor.it
file music-module	parties/2009/blockparty09/music/oldschool/virt_-_micro_media_broth.it	772.53K	blockparty09/music/oldschool/virt_-_micro_media_broth.it
file archive has-diz	parties/2009/buenzli09/mp3_ogg/nightmarenuance.-.its.the.music.zip	4.96M	buenzli09/mp3_ogg/nightmarenuance.-.its.the.music.zip
file music-module	parties/2010/assembly10/music/dont_let_em_by_beek.it	62.12K	assembly10/music/dont_let_em_by_beek.it
file archive has-diz	parties/2010/buenzli10/mmul/saga_musix_-_10000m_below_sea_level_compo_edit.it.zip	1.38M	buenzli10/mmul/saga_musix_-_10000m_below_sea_level_compo_edit.it.zip
file music-module	parties/2010/chaosconstructions10/oldschool_tiny_music/imp09.it	61.18K	chaosconstructions10/oldschool_tiny_music/imp09.it
file music-module	parties/2010/chaosconstructions10/oldschool_tiny_music/nao-kun_-_cc10.it	61.66K	chaosconstructions10/oldschool_tiny_music/nao-kun_-_cc10.it
file music-module	parties/2010/chaosconstructions10/oldschool_tiny_music/tickel.it	42.59K	chaosconstructions10/oldschool_tiny_music/tickel.it
file music-module	parties/2010/evoke10/tinymusic/jeenio-skidding.it	47.42K	evoke10/tinymusic/jeenio-skidding.it
file music-module	parties/2010/farmfest10/mmul/kettingzaag.it	254.01K	farmfest10/mmul/kettingzaag.it
file music-module	parties/2010/farmfest10/mmul/ne7-synthtune.it	17.06K	farmfest10/mmul/ne7-synthtune.it
file music-module	parties/2010/tum10/music_tracked/alpha_c_-_utopia_planitia_compo_version.it	1.35M	tum10/music_tracked/alpha_c_-_utopia_planitia_compo_version.it
file music-module	parties/2010/tum10/music_tracked/jco_-_i_want_to_bake_a_cake.it	1.35M	tum10/music_tracked/jco_-_i_want_to_bake_a_cake.it
file archive	parties/2010/tum10/music_tracked/saga_musix_vs._teasy_-_reptile_in_jamaica_final_version.it.zip	7.06M	tum10/music_tracked/saga_musix_vs._teasy_-_reptile_in_jamaica_final_version.it.zip
file music-module	parties/2010/tum10/music_tracked/spheres_tum.it	878.15K	tum10/music_tracked/spheres_tum.it
file music-module	parties/2011/altparty11/music_tracker/hauvakukka.it	15.83K	altparty11/music_tracker/hauvakukka.it
file music-module	parties/2011/chaosconstructions11/multichannel_traditional_music/cha009.it	2.50M	chaosconstructions11/multichannel_traditional_music/cha009.it
file music-module	parties/2011/chaosconstructions11/multichannel_traditional_music/ultrahardcore.it	428.34K	chaosconstructions11/multichannel_traditional_music/ultrahardcore.it
file music-module	parties/2011/chaosconstructions11/oldschool_tiny_music/08_im_engineer.it	48.77K	chaosconstructions11/oldschool_tiny_music/08_im_engineer.it
file music-module	parties/2011/chaosconstructions11/oldschool_tiny_music/09_worlds_fractalization.it	56.88K	chaosconstructions11/oldschool_tiny_music/09_worlds_fractalization.it
file music-module	parties/2011/chaosconstructions11/oldschool_tiny_music/para01.it	54.05K	chaosconstructions11/oldschool_tiny_music/para01.it
file music-module	parties/2011/chaosconstructions11/oldschool_tiny_music/w2gh.it	61.39K	chaosconstructions11/oldschool_tiny_music/w2gh.it
file music-module	parties/2011/revision11/music_tracked/alpha_c_-_bright_star.it	1.58M	revision11/music_tracked/alpha_c_-_bright_star.it
file music-module	parties/2011/revision11/music_tracked/bc-peace.it	879.68K	revision11/music_tracked/bc-peace.it
file music-module	parties/2011/revision11/music_tracked/kl_maj.it	1.56M	revision11/music_tracked/kl_maj.it
file music-module	parties/2011/tum11/music_tracked/06_waveform_duplex.it	90.12K	tum11/music_tracked/06_waveform_duplex.it
file music-module	parties/2011/tum11/music_tracked/alpha_c_-_hayabusa.it	1.39M	tum11/music_tracked/alpha_c_-_hayabusa.it
file music-module	parties/2011/tum11/music_tracked/bacter_nagz_netpoet_-_aha2b.it	837.57K	tum11/music_tracked/bacter_nagz_netpoet_-_aha2b.it
file music-module	parties/2011/tum11/music_tracked/shd-stay-neutral.it	1.04M	tum11/music_tracked/shd-stay-neutral.it
file music-module	parties/2012/sundown12/multichannel_tracked_music/ne7_-_rounds_for_my_bitmates.it	1.30M	sundown12/multichannel_tracked_music/ne7_-_rounds_for_my_bitmates.it
file music-module	parties/2012/tum12/music_tracked/bacter_-_leaning_back.it	0.98M	tum12/music_tracked/bacter_-_leaning_back.it
file music-module	parties/2012/tum12/music_tracked/sunspire_-_vivid.it	1.35M	tum12/music_tracked/sunspire_-_vivid.it
file music-module	parties/2013/chaosconstructions13/multichannel_traditional_music/darkman007_-_i_know.it	173.62K	chaosconstructions13/multichannel_traditional_music/darkman007_-_i_know.it
file music-module	parties/2013/chaosconstructions13/oldschool_tiny_music/darkman007_-_after_raining.it	63.02K	chaosconstructions13/oldschool_tiny_music/darkman007_-_after_raining.it
file music-module	parties/2013/chaosconstructions13/oldschool_tiny_music/darkman007_-_to_the_impossible.it	56.52K	chaosconstructions13/oldschool_tiny_music/darkman007_-_to_the_impossible.it
file music-module	parties/2013/chaosconstructions13/realtime_music/march.it	37.91K	chaosconstructions13/realtime_music/march.it
file music-module	parties/2013/chaosconstructions13/realtime_music/march2.it	29.66K	chaosconstructions13/realtime_music/march2.it
file music-module	parties/2013/demosplash13/freestyle_music/yliaktiivinen_mannekeswinkel.it	652.20K	demosplash13/freestyle_music/yliaktiivinen_mannekeswinkel.it
file music-module	parties/2013/endoftheworld13/music/it-alan_harmonia_by_spiikki.it	6.77K	endoftheworld13/music/it-alan_harmonia_by_spiikki.it
file music-module	parties/2013/evoke13/mmul_onesample/nebulah-chypical.it	15.73K	evoke13/mmul_onesample/nebulah-chypical.it
file music-module	parties/2013/payback13/tiny_music/penetrating_the_demiurge_by_j_kahvi_pwp.it	570.26K	payback13/tiny_music/penetrating_the_demiurge_by_j_kahvi_pwp.it
file music-module	parties/2013/revision13/tracked_music/bacter_-_mytemperagain.it	1.31M	revision13/tracked_music/bacter_-_mytemperagain.it
file music-module	parties/2013/revision13/tracked_music/beroinsidejourney.it	1.93M	revision13/tracked_music/beroinsidejourney.it
file music-module	parties/2013/revision13/tracked_music/mu6k-chipjet.it	30.55K	revision13/tracked_music/mu6k-chipjet.it
file music-module	parties/2013/sundown13/tracked_music/gm-drop.it	252.58K	sundown13/tracked_music/gm-drop.it
file music-module	parties/2013/tum13/tracked_music/asperathran.it	1.26M	tum13/tracked_music/asperathran.it
file music-module	parties/2013/tum13/tracked_music/bact-ssn.it	1.37M	tum13/tracked_music/bact-ssn.it
file music-module	parties/2013/tum13/tracked_music/franz_koopa-torres_de_cromo.it	1.28M	tum13/tracked_music/franz_koopa-torres_de_cromo.it
file music-module	parties/2013/tum13/tracked_music/maggiev5.it	313.60K	tum13/tracked_music/maggiev5.it
file music-module	parties/2014/chaosconstructions14/multichannel_traditional_music/darkman007_-_terra_fix_.it	415.03K	chaosconstructions14/multichannel_traditional_music/darkman007_-_terra_fix_.it
file music-module	parties/2014/chaosconstructions14/multichannel_traditional_music/kor-intd.it	1.09M	chaosconstructions14/multichannel_traditional_music/kor-intd.it
file music-module	parties/2014/deadline14/music_tracked/for_moqui.it	479.65K	deadline14/music_tracked/for_moqui.it
file music-module	parties/2014/endoftheworld14/music/tune2.it	12.15K	endoftheworld14/music/tune2.it
file music-module	parties/2014/evoke14/mmul_onesample/bero_atomicplayboyschranz.it	124.50K	evoke14/mmul_onesample/bero_atomicplayboyschranz.it
file music-module	parties/2014/nordlicht14/gravedigger/xtr1m-gr.it	1.45M	nordlicht14/gravedigger/xtr1m-gr.it
file music-module	parties/2014/nordlicht14/music_tracked/alpha_c_-_cloud_chamber.it	639.31K	nordlicht14/music_tracked/alpha_c_-_cloud_chamber.it
file music-module	parties/2014/nordlicht14/music_tracked/franz_koopa-buscando_bayas_magicas.it	277.27K	nordlicht14/music_tracked/franz_koopa-buscando_bayas_magicas.it
file music-module	parties/2014/revision14/music_tracked/gmm_galaxy.it	1.14M	revision14/music_tracked/gmm_galaxy.it
file music-module	parties/2014/revision14/music_tracked/vmmk_skip_to_be_square.it	1.87M	revision14/music_tracked/vmmk_skip_to_be_square.it
file music-module	parties/2014/sundown14/music_tracked/franz_koopa-lavilleduportspatial.it	1.81M	sundown14/music_tracked/franz_koopa-lavilleduportspatial.it
file music-module	parties/2015/chaosconstructions15/multichannel_traditional_music/lowcadet.it	884.61K	chaosconstructions15/multichannel_traditional_music/lowcadet.it
file archive	parties/2015/chimpbemblysummer15/tracked_music/neeker.it.zip	23.16K	chimpbemblysummer15/tracked_music/neeker.it.zip
file music-module	parties/2015/jml15v/gabber_music/mwnjmlh_mikan_faijan_lhc.it	231.59K	jml15v/gabber_music/mwnjmlh_mikan_faijan_lhc.it
file music-module	parties/2015/nordlicht15/gravedigger/acn-pree.it	874.34K	nordlicht15/gravedigger/acn-pree.it
file music-module	parties/2015/nordlicht15/music_tracked/gmm-version_909.it	398.10K	nordlicht15/music_tracked/gmm-version_909.it
file music-module	parties/2015/payback15/tracked_music/54secpop.it	134.04K	payback15/tracked_music/54secpop.it
file music-module	parties/2015/payback15/tracked_music/enchantm.it	134.18K	payback15/tracked_music/enchantm.it
file music-module	parties/2015/tokyodemofest15/music/franz_koopa-la_mission_deltaplane.it	1.90M	tokyodemofest15/music/franz_koopa-la_mission_deltaplane.it
file music-module	parties/2015/tokyodemofest15/music/franz_koopa-la_mission_deltaplane_16-bit_samples_version.it	3.01M	tokyodemofest15/music/franz_koopa-la_mission_deltaplane_16-bit_samples_version.it
file music-module	parties/2016/revision16/tracked_music/qharmony.it	0.98M	revision16/tracked_music/qharmony.it
file music-module	parties/2016/simulaatio16/tiny_music/xerxes_-_lullaby.it	85.34K	simulaatio16/tiny_music/xerxes_-_lullaby.it
file music-module	parties/2016/sundown16/music_tracked/uctumi-planetoid_essence.it	699.84K	sundown16/music_tracked/uctumi-planetoid_essence.it
file music-module	parties/2017/qbparty17/music/vn-inser.it	48.17K	qbparty17/music/vn-inser.it
file archive	parties/2017/uc8/music_shitmusic/saga_musix-music_a_remix_(_remix).it.zip	5.57M	uc8/music_shitmusic/saga_musix-music_a_remix_(_remix).it.zip
file music-module	parties/2018/assembly18/tracked_music/joonix_f_by_dusthillguy.it	912.66K	assembly18/tracked_music/joonix_f_by_dusthillguy.it
file music-module	parties/2018/assembly18/tracked_music/very_serious_problems__internet_has_problems__by_la_mettrie_tsoi.it	1.89M	assembly18/tracked_music/very_serious_problems__internet_has_problems__by_la_mettrie_tsoi.it
file music-module	parties/2018/jml18y/low_end_music/ub-tsfr-gan-by-m.o.t.-jumalauta.it	92.34K	jml18y/low_end_music/ub-tsfr-gan-by-m.o.t.-jumalauta.it
file music-module	parties/2019/assembly19/tracked_music/matka_osoiteavaruuteen.it	1.24M	assembly19/tracked_music/matka_osoiteavaruuteen.it
file music-module	parties/2019/chaosconstructions19/multichannel_traditional_music/falsegod.it	3.17M	chaosconstructions19/multichannel_traditional_music/falsegod.it
file music-module	parties/2019/flashback19/music_tracked/m-syntax-funk-fb.it	1.47M	flashback19/music_tracked/m-syntax-funk-fb.it
file music-module	parties/2019/jml19y/the_compo/oldsmb.it	108.50K	jml19y/the_compo/oldsmb.it
file music-module	parties/2019/outline19/newschool_music/bacter-vs-saga-musix---sunset-walk.it	4.82M	outline19/newschool_music/bacter-vs-saga-musix---sunset-walk.it
file music-module	parties/2019/syntax19/tracked_music/osc2.it	7.59K	syntax19/tracked_music/osc2.it
file music-module	parties/2019/syntax19/wild_demo/osc2.it	7.59K	syntax19/wild_demo/osc2.it
file archive	parties/2019/unc19/combined-tracked/bacter-vs-saga-musix---village-sidewalks.it.zip	1.32M	unc19/combined-tracked/bacter-vs-saga-musix---village-sidewalks.it.zip
file music-module	parties/2019/unc19/combined-tracked/jco-_-hypnos-fury.it	1.26M	unc19/combined-tracked/jco-_-hypnos-fury.it
file music-module	parties/2020/assembly20/music_tracked/nouse.it	1.37M	assembly20/music_tracked/nouse.it
file music-module	parties/2020/chaosconstructionswinter20/invitation_music/djames_-_not_so_rave.it	206.21K	chaosconstructionswinter20/invitation_music/djames_-_not_so_rave.it
file music-module	parties/2020/edison20/live-music-duel/live-music-duel-final/cranksy_cR-usoe.it	180.60K	edison20/live-music-duel/live-music-duel-final/cranksy_cR-usoe.it
file music-module	parties/2020/edison20/live-music-duel/live-music-duel-semifinal-2/cranksy_cR-beachrave.it	610.85K	edison20/live-music-duel/live-music-duel-semifinal-2/cranksy_cR-beachrave.it
file music-module	parties/2020/euskal20/music_multichannel/debi-26k_magic.it	25.08K	euskal20/music_multichannel/debi-26k_magic.it
file music-module	parties/2020/pancake_conference20/remixed_mod/crankcakes.it	243.83K	pancake_conference20/remixed_mod/crankcakes.it
file archive has-diz	parties/2020/revision20/tracked-music/saga_musix_-_epilogue.it.zip	1.91M	revision20/tracked-music/saga_musix_-_epilogue.it.zip
file music-module	parties/2020/rsync20/streaming_music/storm_on_a_spring_evening.it	2.41M	rsync20/streaming_music/storm_on_a_spring_evening.it
file music-module	parties/2021/jml21/tracker_national_anthem/yahamaa.it	1.79M	jml21/tracker_national_anthem/yahamaa.it
file music-module	parties/2021/outline21/music/starlight-surfin.it	890.00K	outline21/music/starlight-surfin.it
file music-module	parties/2021/syntax21/tracked_music/syntax9.it	911.09K	syntax21/tracked_music/syntax9.it
file music-module	parties/2022/deadline22/tracked_music/rainer_wurstwassergalaxy.it	929.56K	deadline22/tracked_music/rainer_wurstwassergalaxy.it
file music-module	parties/2022/edison22/tracked-music/moskowfu.it	62.50K	edison22/tracked-music/moskowfu.it
file music-module	parties/2022/evoke22/mmul/lman-evokeosaurus-rex.it	138.24K	evoke22/mmul/lman-evokeosaurus-rex.it
file music-module	parties/2022/jml22/tracker_music/hauskat-juhlat-by-m.o.t.-jml.it	2.14M	jml22/tracker_music/hauskat-juhlat-by-m.o.t.-jml.it
file music-module	parties/2022/nordlicht22/gravedigger/halcy_-_tuba.it	463.36K	nordlicht22/gravedigger/halcy_-_tuba.it
file music-module	parties/2022/nordlicht22/tracked_music/raccoon_violet_-_trashcore.it	836.57K	nordlicht22/tracked_music/raccoon_violet_-_trashcore.it
file music-module	parties/2022/syntax22/tracked_music/syntax22.it	912.07K	syntax22/tracked_music/syntax22.it
file music-module	parties/2022/zenta22/tracked-music/merry-crimes.it	906.46K	zenta22/tracked-music/merry-crimes.it
file music-module	parties/2023/assembly_summer23/tracked-music/night-shift_by_tayskersantti.it	904.37K	assembly_summer23/tracked-music/night-shift_by_tayskersantti.it
file archive	parties/2023/deadline23/tracked_music/bacter_jeenio_and_saga_musix_-_the_day_after.it.zip	8.07M	deadline23/tracked_music/bacter_jeenio_and_saga_musix_-_the_day_after.it.zip
file music-module	parties/2023/inercia23/music/guru1.0.it	179.94K	inercia23/music/guru1.0.it
file music-module	parties/2023/jmlfarjan23/music/mot-karibian_laineet.it	114.05K	jmlfarjan23/music/mot-karibian_laineet.it
file music-module	parties/2023/trsac23/oldschool-music/almost20.it	1.75M	trsac23/oldschool-music/almost20.it
file music-module	parties/2024/nordlicht24/tracked_music/baddays.it	748.01K	nordlicht24/tracked_music/baddays.it
file music-module	parties/2024/nordlicht24/tracked_music/thisonehasnothingtodowithcrimes.it	1.62M	nordlicht24/tracked_music/thisonehasnothingtodowithcrimes.it
file music-module	parties/2024/outline24/music/flash_by_flipp.it	1.98M	outline24/music/flash_by_flipp.it
file music-module	parties/2024/sessions24/music/sidstation-by-dilik.it	321.44K	sessions24/music/sidstation-by-dilik.it
file music-module	parties/2024/spiritzone24/music/filippp_mod1.it	4.21M	spiritzone24/music/filippp_mod1.it
file music-module	parties/2024/spiritzone24/music/mickaleus_-_gypsy_woman.it	82.84K	spiritzone24/music/mickaleus_-_gypsy_woman.it
file music-module	parties/2025/assembly_summer25/fast-music/2-channel-rush_by_raccoonviolet.it	299.50K	assembly_summer25/fast-music/2-channel-rush_by_raccoonviolet.it
file music-module	parties/2025/assembly_summer25/fast-music/gfjkgfjd_by_laamaa.it	481.30K	assembly_summer25/fast-music/gfjkgfjd_by_laamaa.it
file music-module	parties/2025/deadline25/tracked_music/stargate.it	1.04M	deadline25/tracked_music/stargate.it
file music-module	parties/2025/demosplash25/audio/mickaleus_-_gabbasplash_i.it	562.67K	demosplash25/audio/mickaleus_-_gabbasplash_i.it
file music-module	parties/2025/evoke25/mmul_jazz/danko_-_jazzkitten.it	4.99M	evoke25/mmul_jazz/danko_-_jazzkitten.it
file music-module	parties/2025/inercia25/music/bacter-uniqueness.it	1.23M	inercia25/music/bacter-uniqueness.it
file music-module	parties/2025/mountainbytes25/music/special-date-mb.it	1.03M	mountainbytes25/music/special-date-mb.it
file music-module	parties/2025/outline25/music/mickaleus-of-icup-tsa-ttc_-_beierse_muziek.it	5.97M	outline25/music/mickaleus-of-icup-tsa-ttc_-_beierse_muziek.it
file music-module	parties/2025/xenium25/msx_tracked/another_bj.it	1.98M	xenium25/msx_tracked/another_bj.it
file archive	parties/2026/roma.exe26/composita/02.notgoodquitebad.it.zip	487.63K	roma.exe26/composita/02.notgoodquitebad.it.zip
file archive	parties/2026/roma.exe26/composita/03.BossaRoma.it.zip	623.69K	roma.exe26/composita/03.BossaRoma.it.zip
