file music-module	demos/compos/pt_weekender_ix/music/atmos_break.mod	391.62K	pt_weekender_ix/music/atmos_break.mod
file music-module	demos/compos/pt_weekender_ix/music/benadryl_megadose.mod	457.71K	pt_weekender_ix/music/benadryl_megadose.mod
file music-module	demos/compos/pt_weekender_ix/music/bigup_anders_cormac.mod	1.15M	pt_weekender_ix/music/bigup_anders_cormac.mod
file music-module	demos/compos/pt_weekender_ix/music/cash_kru-ranks.mod	623.26K	pt_weekender_ix/music/cash_kru-ranks.mod
file music-module	demos/compos/pt_weekender_ix/music/crapcore.mod	319.89K	pt_weekender_ix/music/crapcore.mod
file music-module	demos/compos/pt_weekender_ix/music/feel_the_beat.mod	762.52K	pt_weekender_ix/music/feel_the_beat.mod
file music-module	demos/compos/pt_weekender_ix/music/frog_pond.mod	1.73M	pt_weekender_ix/music/frog_pond.mod
file music-module	demos/compos/pt_weekender_ix/music/galaxies.mod	499.99K	pt_weekender_ix/music/galaxies.mod
file music-module	demos/compos/pt_weekender_ix/music/getomzikalwsptw.mod	381.28K	pt_weekender_ix/music/getomzikalwsptw.mod
file music-module	demos/compos/pt_weekender_ix/music/ghaleon-discrmin8.mod	854.43K	pt_weekender_ix/music/ghaleon-discrmin8.mod
file music-module	demos/compos/pt_weekender_ix/music/gizeh_takeover.mod	689.62K	pt_weekender_ix/music/gizeh_takeover.mod
file music-module	demos/compos/pt_weekender_ix/music/paula_haunt-birdsong.mod	1.15M	pt_weekender_ix/music/paula_haunt-birdsong.mod
file music-module	demos/compos/pt_weekender_ix/music/ps2.mod	908.77K	pt_weekender_ix/music/ps2.mod
file music-module	demos/compos/pt_weekender_ix/music/rustoleum.mod	746.22K	pt_weekender_ix/music/rustoleum.mod
file music-module	demos/compos/pt_weekender_ix/music/silkscreen.mod	796.05K	pt_weekender_ix/music/silkscreen.mod
file music-module	demos/compos/pt_weekender_ix/music/teo_-_compresso.mod	418.55K	pt_weekender_ix/music/teo_-_compresso.mod
file music-module	demos/compos/pt_weekender_ix/music/_bring_light.mod	367.20K	pt_weekender_ix/music/_bring_light.mod
file music-module	demos/groups/trepaan/music/chop.mod	40.65K	trepaan/music/chop.mod
file music-module	mags/the_vague/the_vague_1/music_from_mag/01-metrosexual.mod	183.63K	the_vague_1/music_from_mag/01-metrosexual.mod
file music-module	mags/the_vague/the_vague_1/music_from_mag/02-crystalwater_reupload_good.mod	311.93K	the_vague_1/music_from_mag/02-crystalwater_reupload_good.mod
file music-module	mags/the_vague/the_vague_1/music_from_mag/03-experiment.mod	204.63K	the_vague_1/music_from_mag/03-experiment.mod
file music-module	mags/the_vague/the_vague_1/music_from_mag/04-pleasuremachine.mod	318.69K	the_vague_1/music_from_mag/04-pleasuremachine.mod
file music-module	mags/the_vague/the_vague_1/music_from_mag/05-spacetraveller.mod	265.96K	the_vague_1/music_from_mag/05-spacetraveller.mod
file music-module has-diz	mirrors/amigascne/Groups/Q/Quartex/Quartex-CrCenterCourtTennis.mod	14.29K	Groups/Q/Quartex/Quartex-CrCenterCourtTennis.mod
file music-module	mirrors/amigascne/Groups/T/The_Link/thelink.mod	86.19K	Groups/T/The_Link/thelink.mod
file music-module	mirrors/amigascne/Parties/Apocalypse2000/4chMusic/10/Romantiq.mod	298.84K	Parties/Apocalypse2000/4chMusic/10/Romantiq.mod
file music-module	mirrors/amigascne/Parties/Gathering1995/Music/mod.mod.64kintro	17.36K	Parties/Gathering1995/Music/mod.mod.64kintro
file music-module	mirrors/amigascne/Parties/Gathering1996/Music/ARCTIC.MOD	395.95K	Parties/Gathering1996/Music/ARCTIC.MOD
file music-module	mirrors/amigascne/Parties/Gathering1996/Music/BISCUIT.MOD	348.00K	Parties/Gathering1996/Music/BISCUIT.MOD
file music-module	mirrors/amigascne/Parties/Gathering1996/Music/RELOAD.MOD	433.89K	Parties/Gathering1996/Music/RELOAD.MOD
file music-module	mirrors/amigascne/Parties/Gathering1997/Mods/mw_comin.mod	0.97M	Parties/Gathering1997/Mods/mw_comin.mod
file music-module	mirrors/amigascne/Parties/IRIS-NY-Conference91/Music/mod.mod.Temps_Affaire	29.38K	Parties/IRIS-NY-Conference91/Music/mod.mod.Temps_Affaire
file music-module	mirrors/amigascne/Parties/LTP2000/4Channel/cgirl.mod	468.09K	Parties/LTP2000/4Channel/cgirl.mod
file music-module	mirrors/amigascne/Parties/LTP2000/4Channel/K7-GAME.MOD	108.66K	Parties/LTP2000/4Channel/K7-GAME.MOD
file music-module	mirrors/amigascne/Parties/LTP2000/ChipMusic/Moule.mod	10.00K	Parties/LTP2000/ChipMusic/Moule.mod
file music-module	mirrors/amigascne/Parties/mkS99/4chm/schluck.mod	97.65K	Parties/mkS99/4chm/schluck.mod
file music-module	mirrors/amigascne/Parties/Skenery_96/64k-Intros/CHIPNGAB.MOD	13.14K	Parties/Skenery_96/64k-Intros/CHIPNGAB.MOD
file music-module	mirrors/amigascne/Parties/SouthSealand-94/Music/RAINY_STREET.MOD	386.39K	Parties/SouthSealand-94/Music/RAINY_STREET.MOD
file music-module	mirrors/amigascne/Parties/Symposium97/Multi/ELISE_C2.MOD	80.12K	Parties/Symposium97/Multi/ELISE_C2.MOD
file music-module	mirrors/amigascne/Parties/The_Party1995/Multichannel/Sara.mod	482.09K	Parties/The_Party1995/Multichannel/Sara.mod
file music-module	mirrors/amigascne/Parties/The_Party1996/4-channel/11/PAINFUL.MOD	112.34K	Parties/The_Party1996/4-channel/11/PAINFUL.MOD
file music-module	mirrors/amigascne/Parties/The_Party1996/4-channel/2/OLDSKOOL.MOD	243.46K	Parties/The_Party1996/4-channel/2/OLDSKOOL.MOD
file music-module	mirrors/amigascne/Parties/The_Party1996/4-channel/20/KISSES.MOD	98.72K	Parties/The_Party1996/4-channel/20/KISSES.MOD
file music-module	mirrors/amigascne/Parties/The_Party1996/4-channel/27/ELECTRO.MOD	74.19K	Parties/The_Party1996/4-channel/27/ELECTRO.MOD
file music-module	mirrors/amigascne/Parties/The_Party1996/4-channel/40/PRX-PIFA.MOD	154.90K	Parties/The_Party1996/4-channel/40/PRX-PIFA.MOD
file music-module	mirrors/amigascne/Parties/The_Party1996/4-channel/44/SILENT.MOD	426.75K	Parties/The_Party1996/4-channel/44/SILENT.MOD
file music-module	mirrors/amigascne/Parties/The_Party1996/4-channel/47/SEKAH4Z.MOD	858.20K	Parties/The_Party1996/4-channel/47/SEKAH4Z.MOD
file music-module	mirrors/amigascne/Parties/The_Party1996/4-channel/50/REDSECTOR.MOD	209.39K	Parties/The_Party1996/4-channel/50/REDSECTOR.MOD
file music-module	mirrors/amigascne/Parties/The_Party1996/4-channel/51/SALCON.MOD	460.65K	Parties/The_Party1996/4-channel/51/SALCON.MOD
file music-module	mirrors/amigascne/Parties/The_Party1996/4-channel/55/FOR_YOU.MOD	661.23K	Parties/The_Party1996/4-channel/55/FOR_YOU.MOD
file music-module	mirrors/amigascne/Parties/The_Party1996/4-channel/56/IcePalace.mod	594.24K	Parties/The_Party1996/4-channel/56/IcePalace.mod
file music-module	mirrors/amigascne/Parties/The_Party1996/4-channel/60/POISONE2.MOD	727.91K	Parties/The_Party1996/4-channel/60/POISONE2.MOD
file music-module	mirrors/amigascne/Parties/The_Party1996/4-channel/66/BORN.MOD	386.19K	Parties/The_Party1996/4-channel/66/BORN.MOD
file music-module	mirrors/amigascne/Parties/The_Party1996/4-channel/67/ALCHEM2.MOD	635.12K	Parties/The_Party1996/4-channel/67/ALCHEM2.MOD
file music-module	mirrors/amigascne/Parties/The_Party1996/4-channel/68/CUTTHECR.MOD	428.47K	Parties/The_Party1996/4-channel/68/CUTTHECR.MOD
file music-module	mirrors/amigascne/Parties/The_Party1996/4-channel/69/PULSE.MOD	560.10K	Parties/The_Party1996/4-channel/69/PULSE.MOD
file music-module	mirrors/amigascne/Parties/The_Party1996/4-channel/7/WEARE.MOD	425.41K	Parties/The_Party1996/4-channel/7/WEARE.MOD
file music-module	mirrors/amigascne/Parties/The_Party1996/4-channel/71/HABIBE.MOD	81.19K	Parties/The_Party1996/4-channel/71/HABIBE.MOD
file music-module	mirrors/amigascne/Parties/The_Party1996/4-channel/72/SONFOSUM.MOD	303.04K	Parties/The_Party1996/4-channel/72/SONFOSUM.MOD
file music-module	mirrors/amigascne/Parties/The_Party1996/4-channel/74/DARIA.MOD	636.44K	Parties/The_Party1996/4-channel/74/DARIA.MOD
file music-module	mirrors/amigascne/Parties/The_Party1996/4-channel/76/keepon.mod	183.58K	Parties/The_Party1996/4-channel/76/keepon.mod
file music-module	mirrors/amigascne/Parties/The_Party1996/4-channel/77/wakeuppressy.mod	451.75K	Parties/The_Party1996/4-channel/77/wakeuppressy.mod
file music-module	mirrors/amigascne/Parties/The_Party1996/4-channel/79/K-JIMI!.MOD	476.56K	Parties/The_Party1996/4-channel/79/K-JIMI!.MOD
file music-module	mirrors/amigascne/Parties/The_Party1996/4-channel/8/TRANCEFO.MOD	416.24K	Parties/The_Party1996/4-channel/8/TRANCEFO.MOD
file music-module	mirrors/amigascne/Parties/The_Party1996/4-channel/83/DEMON.MOD	406.56K	Parties/The_Party1996/4-channel/83/DEMON.MOD
file music-module	mirrors/amigascne/Parties/The_Party1996/4-channel/87/RAVENONE.MOD	423.36K	Parties/The_Party1996/4-channel/87/RAVENONE.MOD
file music-module	mirrors/amigascne/Parties/The_Party1996/4-channel/90/APSIDOL.MOD	398.71K	Parties/The_Party1996/4-channel/90/APSIDOL.MOD
file music-module	mirrors/amigascne/Parties/The_Party1998/4Channel/disk292.mod	272.81K	Parties/The_Party1998/4Channel/disk292.mod
file music-module	mirrors/amigascne/Parties/The_Party1998/Multi/speedo9s.mod	765.25K	Parties/The_Party1998/Multi/speedo9s.mod
file music-module	mirrors/amigascne/Parties/Ukonx2000/music/Jay - dasgrimsogut.mod	65.36K	Parties/Ukonx2000/music/Jay - dasgrimsogut.mod
file music-module	mirrors/amigascne/Parties/Ukonx2000/music/OnVaALaUkonx.mod	0.98M	Parties/Ukonx2000/music/OnVaALaUkonx.mod
file music-module	mirrors/amigascne/Parties/Ukonx2000/music/Tawny_Join-The_Real.mod	355.77K	Parties/Ukonx2000/music/Tawny_Join-The_Real.mod
file music-module	mirrors/flerp/DEMO.'98/Remedy.'98/music/achalam.mod	192.66K	DEMO.'98/Remedy.'98/music/achalam.mod
file music-module	mirrors/flerp/DEMO.'98/Remedy.'98/music/backto70.mod	645.01K	DEMO.'98/Remedy.'98/music/backto70.mod
file music-module	mirrors/flerp/DEMO.'98/Remedy.'98/music/cycledoorrave.mod	537.09K	DEMO.'98/Remedy.'98/music/cycledoorrave.mod
file music-module	mirrors/flerp/DEMO.'98/Remedy.'98/music/fisherman.mod	218.45K	DEMO.'98/Remedy.'98/music/fisherman.mod
file music-module	mirrors/flerp/DEMO.'98/Remedy.'98/music/nostalgictho.mod	304.42K	DEMO.'98/Remedy.'98/music/nostalgictho.mod
file music-module	mirrors/flerp/DEMO.'98/Remedy.'98/music/photogenic.mod	304.50K	DEMO.'98/Remedy.'98/music/photogenic.mod
file music-module	mirrors/flerp/DEMO.'98/Remedy.'98/music/rakhyvel.mod	474.46K	DEMO.'98/Remedy.'98/music/rakhyvel.mod
file music-module	mirrors/flerp/DEMO.'98/Remedy.'98/music/rockit.mod	531.87K	DEMO.'98/Remedy.'98/music/rockit.mod
file music-module	mirrors/flerp/DEMO.'98/Remedy.'98/music/rodrigoshakesit.mod	515.90K	DEMO.'98/Remedy.'98/music/rodrigoshakesit.mod
file music-module	mirrors/flerp/DEMO.'98/Remedy.'98/music/scratchmyass.mod	569.85K	DEMO.'98/Remedy.'98/music/scratchmyass.mod
file music-module	mirrors/flerp/DEMO.'98/Remedy.'98/music/somethinggreen.mod	368.87K	DEMO.'98/Remedy.'98/music/somethinggreen.mod
file music-module	mirrors/flerp/DEMO.'98/Remedy.'98/music/trorintepatugg.mod	660.60K	DEMO.'98/Remedy.'98/music/trorintepatugg.mod
file music-module	mirrors/flerp/DEMO.'98/Remedy.'98/music/ttl-bald.mod	292.53K	DEMO.'98/Remedy.'98/music/ttl-bald.mod
file music-module	mirrors/flerp/DEMO.'98/Remedy.'98/music/za-bttc.mod	35.28K	DEMO.'98/Remedy.'98/music/za-bttc.mod
file music-module	mirrors/flerp/DEMO.'98/Remedy.'98/music/zkf-move.mod	173.99K	DEMO.'98/Remedy.'98/music/zkf-move.mod
file music-module	mirrors/flerp/DEMO.'99/Campus.'99/Beethoven/casty.mod	92.73K	DEMO.'99/Campus.'99/Beethoven/casty.mod
file music-module	mirrors/flerp/DEMO.'99/Mekka&Sym'99/4channel/schluck.mod	97.65K	DEMO.'99/Mekka&Sym'99/4channel/schluck.mod
file music-module	mirrors/flerp/incoming/kreativity/roboter.mod	567.04K	incoming/kreativity/roboter.mod
file music-module	mirrors/flerp/scene.amiga/Amiga.'98/Amiganica'98/4channel/1/depressd.mod	884.96K	scene.amiga/Amiga.'98/Amiganica'98/4channel/1/depressd.mod
file music-module	mirrors/flerp/scene.amiga/Amiga.'98/Amiganica'98/4channel/10/reflex.mod	260.44K	scene.amiga/Amiga.'98/Amiganica'98/4channel/10/reflex.mod
file music-module	mirrors/flerp/scene.amiga/Amiga.'98/Amiganica'98/4channel/2/lekvpala.mod	121.20K	scene.amiga/Amiga.'98/Amiganica'98/4channel/2/lekvpala.mod
file music-module	mirrors/flerp/scene.amiga/Amiga.'98/Amiganica'98/4channel/3/nierenst.mod	85.64K	scene.amiga/Amiga.'98/Amiganica'98/4channel/3/nierenst.mod
file music-module	mirrors/flerp/scene.amiga/Amiga.'98/Amiganica'98/4channel/4/explondo.mod	856.17K	scene.amiga/Amiga.'98/Amiganica'98/4channel/4/explondo.mod
file music-module	mirrors/flerp/scene.amiga/Amiga.'98/Amiganica'98/4channel/5/miertnem.mod	572.22K	scene.amiga/Amiga.'98/Amiganica'98/4channel/5/miertnem.mod
file music-module	mirrors/flerp/scene.amiga/Amiga.'98/Amiganica'98/4channel/6/gramopho.mod	699.90K	scene.amiga/Amiga.'98/Amiganica'98/4channel/6/gramopho.mod
file music-module	mirrors/flerp/scene.amiga/Amiga.'98/Amiganica'98/4channel/7/ontheroa.mod	217.39K	scene.amiga/Amiga.'98/Amiganica'98/4channel/7/ontheroa.mod
file music-module	mirrors/flerp/scene.amiga/Amiga.'98/Amiganica'98/4channel/8/condoll.mod	140.61K	scene.amiga/Amiga.'98/Amiganica'98/4channel/8/condoll.mod
file music-module	mirrors/flerp/scene.amiga/Amiga.'98/Amiganica'98/4channel/9/ketperc.mod	532.42K	scene.amiga/Amiga.'98/Amiganica'98/4channel/9/ketperc.mod
file music-module	mirrors/flerp/scene.amiga/Amiga.'98/Amiganica'98/Multichannel/teop/nierenst.mod	85.64K	scene.amiga/Amiga.'98/Amiganica'98/Multichannel/teop/nierenst.mod
file music-module	mirrors/flerp/scene.amiga/Amiga.'98/Fuck-Ya.'98/4channel/2/Underwater.mod	125.51K	scene.amiga/Amiga.'98/Fuck-Ya.'98/4channel/2/Underwater.mod
file music-module	mirrors/flerp/scene.amiga/Amiga.'98/Fuck-Ya.'98/4channel/3/Face.mod	522.21K	scene.amiga/Amiga.'98/Fuck-Ya.'98/4channel/3/Face.mod
file music-module	mirrors/ftp_klosz_art_pl/incoming/how to skin a cat.mod	146.15K	incoming/how to skin a cat.mod
file music-module	mirrors/ftp_klosz_art_pl/parties/poland/riverwash2018/tracked_msx/Dakti_IndianPot.mod	390.62K	parties/poland/riverwash2018/tracked_msx/Dakti_IndianPot.mod
file music-module	mirrors/ftp_klosz_art_pl/parties/poland/riverwash2018/tracked_msx/TrackedMSX-Dreamer_Joker-KAKAFON.mod	161.71K	parties/poland/riverwash2018/tracked_msx/TrackedMSX-Dreamer_Joker-KAKAFON.mod
file music-module	mirrors/ftp_klosz_art_pl/parties/poland/xenium2019/tracked_msx/ALPHA CENTAURI.MOD	107.43K	parties/poland/xenium2019/tracked_msx/ALPHA CENTAURI.MOD
file music-module	mirrors/ftp_klosz_art_pl/parties/world/abduction98/4ch/abnorm.mod	360.25K	parties/world/abduction98/4ch/abnorm.mod
file music-module	mirrors/ftp_klosz_art_pl/parties/world/abduction98/4ch/antielec.mod	253.34K	parties/world/abduction98/4ch/antielec.mod
file music-module	mirrors/ftp_klosz_art_pl/parties/world/abduction98/4ch/elektro.mod	334.54K	parties/world/abduction98/4ch/elektro.mod
file music-module	mirrors/ftp_klosz_art_pl/parties/world/abduction98/4ch/greenb.mod	223.73K	parties/world/abduction98/4ch/greenb.mod
file music-module	mirrors/ftp_klosz_art_pl/parties/world/abduction98/4ch/kissmy.mod	158.57K	parties/world/abduction98/4ch/kissmy.mod
file music-module	mirrors/ftp_klosz_art_pl/parties/world/abduction98/4ch/pokslove.mod	476.09K	parties/world/abduction98/4ch/pokslove.mod
file music-module	mirrors/ftp_klosz_art_pl/parties/world/abduction98/4ch/slice.mod	601.45K	parties/world/abduction98/4ch/slice.mod
file music-module	mirrors/ftp_klosz_art_pl/parties/world/abduction98/4ch/ureajact.mod	186.60K	parties/world/abduction98/4ch/ureajact.mod
file music-module	mirrors/ftp_klosz_art_pl/parties/world/abduction98/4ch/zandland.mod	224.53K	parties/world/abduction98/4ch/zandland.mod
file music-module	mirrors/ftp_klosz_art_pl/parties/world/abduction98/4ch/zpolka.mod	152.63K	parties/world/abduction98/4ch/zpolka.mod
file music-module	mirrors/ftp_klosz_art_pl/parties/world/remedy98/4channel/01-70.mod	645.01K	parties/world/remedy98/4channel/01-70.mod
file music-module	mirrors/ftp_klosz_art_pl/parties/world/remedy98/4channel/02-cool2.mod	660.60K	parties/world/remedy98/4channel/02-cool2.mod
file music-module	mirrors/ftp_klosz_art_pl/parties/world/remedy98/4channel/03-cycle.mod	537.09K	parties/world/remedy98/4channel/03-cycle.mod
file music-module	mirrors/ftp_klosz_art_pl/parties/world/remedy98/4channel/05-green.mod	368.87K	parties/world/remedy98/4channel/05-green.mod
file music-module	mirrors/ftp_klosz_art_pl/parties/world/remedy98/4channel/06-nosta.mod	304.42K	parties/world/remedy98/4channel/06-nosta.mod
file music-module	mirrors/ftp_klosz_art_pl/parties/world/remedy98/4channel/07-photo.mod	304.50K	parties/world/remedy98/4channel/07-photo.mod
file music-module	mirrors/ftp_klosz_art_pl/parties/world/remedy98/4channel/08-rakhy.mod	474.46K	parties/world/remedy98/4channel/08-rakhy.mod
file music-module	mirrors/ftp_klosz_art_pl/parties/world/remedy98/4channel/10-rodri.mod	515.90K	parties/world/remedy98/4channel/10-rodri.mod
file music-module	mirrors/ftp_klosz_art_pl/parties/world/remedy98/4channel/11-scrat.mod	569.85K	parties/world/remedy98/4channel/11-scrat.mod
file music-module	mirrors/ftp_klosz_art_pl/parties/world/remedy98/4channel/12-ttl-b.mod	292.53K	parties/world/remedy98/4channel/12-ttl-b.mod
file music-module	mirrors/ftp_klosz_art_pl/parties/world/remedy98/4channel/13-umek.mod	192.66K	parties/world/remedy98/4channel/13-umek.mod
file music-module	mirrors/ftp_klosz_art_pl/parties/world/remedy98/4channel/14-za-bt.mod	35.28K	parties/world/remedy98/4channel/14-za-bt.mod
file music-module	mirrors/ftp_klosz_art_pl/parties/world/remedy98/4channel/15-zkf-m.mod	173.99K	parties/world/remedy98/4channel/15-zkf-m.mod
file music-module	mirrors/ftp_klosz_art_pl/stuff/msx/bartman/7_BOOTLE.MOD	132.38K	stuff/msx/bartman/7_BOOTLE.MOD
file music-module	mirrors/ftp_klosz_art_pl/stuff/msx/bartman/ACARDF.MOD	201.35K	stuff/msx/bartman/ACARDF.MOD
file music-module	mirrors/ftp_klosz_art_pl/stuff/msx/bartman/BLOOD_P.MOD	25.58K	stuff/msx/bartman/BLOOD_P.MOD
file music-module	mirrors/ftp_klosz_art_pl/stuff/msx/bartman/BOB_THE_.MOD	61.24K	stuff/msx/bartman/BOB_THE_.MOD
file music-module	mirrors/ftp_klosz_art_pl/stuff/msx/bartman/CASC.MOD	229.19K	stuff/msx/bartman/CASC.MOD
file music-module	mirrors/ftp_klosz_art_pl/stuff/msx/bartman/CHESTNUT.MOD	98.52K	stuff/msx/bartman/CHESTNUT.MOD
file music-module	mirrors/ftp_klosz_art_pl/stuff/msx/bartman/CRANKSHA.MOD	72.69K	stuff/msx/bartman/CRANKSHA.MOD
file music-module	mirrors/ftp_klosz_art_pl/stuff/msx/bartman/DANCEWIT.MOD	85.52K	stuff/msx/bartman/DANCEWIT.MOD
file music-module	mirrors/ftp_klosz_art_pl/stuff/msx/bartman/EMC01.MOD	19.77K	stuff/msx/bartman/EMC01.MOD
file music-module	mirrors/ftp_klosz_art_pl/stuff/msx/bartman/EMC02.MOD	14.09K	stuff/msx/bartman/EMC02.MOD
file music-module	mirrors/ftp_klosz_art_pl/stuff/msx/bartman/EMC03.MOD	20.77K	stuff/msx/bartman/EMC03.MOD
file music-module	mirrors/ftp_klosz_art_pl/stuff/msx/bartman/EMC04.MOD	21.05K	stuff/msx/bartman/EMC04.MOD
file music-module	mirrors/ftp_klosz_art_pl/stuff/msx/bartman/EMC05.MOD	12.86K	stuff/msx/bartman/EMC05.MOD
file music-module	mirrors/ftp_klosz_art_pl/stuff/msx/bartman/EMC07.MOD	29.19K	stuff/msx/bartman/EMC07.MOD
file music-module	mirrors/ftp_klosz_art_pl/stuff/msx/bartman/EMC09.MOD	15.32K	stuff/msx/bartman/EMC09.MOD
file music-module	mirrors/ftp_klosz_art_pl/stuff/msx/bartman/EMC11.MOD	28.99K	stuff/msx/bartman/EMC11.MOD
file music-module	mirrors/ftp_klosz_art_pl/stuff/msx/bartman/EMC13.MOD	34.45K	stuff/msx/bartman/EMC13.MOD
file music-module	mirrors/ftp_klosz_art_pl/stuff/msx/bartman/EMC14.MOD	22.93K	stuff/msx/bartman/EMC14.MOD
file music-module	mirrors/ftp_klosz_art_pl/stuff/msx/bartman/EMC15.MOD	26.42K	stuff/msx/bartman/EMC15.MOD
file music-module	mirrors/ftp_klosz_art_pl/stuff/msx/bartman/EMC16.MOD	32.60K	stuff/msx/bartman/EMC16.MOD
file music-module	mirrors/ftp_klosz_art_pl/stuff/msx/bartman/EMC17.MOD	30.65K	stuff/msx/bartman/EMC17.MOD
file music-module	mirrors/ftp_klosz_art_pl/stuff/msx/bartman/EMC18.MOD	21.97K	stuff/msx/bartman/EMC18.MOD
file music-module	mirrors/ftp_klosz_art_pl/stuff/msx/bartman/EMC19.MOD	27.12K	stuff/msx/bartman/EMC19.MOD
file music-module	mirrors/ftp_klosz_art_pl/stuff/msx/bartman/EMC21.MOD	16.72K	stuff/msx/bartman/EMC21.MOD
file music-module	mirrors/ftp_klosz_art_pl/stuff/msx/bartman/EMC22.MOD	15.97K	stuff/msx/bartman/EMC22.MOD
file music-module	mirrors/ftp_klosz_art_pl/stuff/msx/bartman/EMC23.MOD	26.26K	stuff/msx/bartman/EMC23.MOD
file music-module	mirrors/ftp_klosz_art_pl/stuff/msx/bartman/EMC24.MOD	26.33K	stuff/msx/bartman/EMC24.MOD
file music-module	mirrors/ftp_klosz_art_pl/stuff/msx/bartman/GODS.MOD	186.10K	stuff/msx/bartman/GODS.MOD
file music-module	mirrors/ftp_klosz_art_pl/stuff/msx/bartman/HARD.MOD	108.04K	stuff/msx/bartman/HARD.MOD
file music-module	mirrors/ftp_klosz_art_pl/stuff/msx/bartman/HARDSELE.MOD	121.29K	stuff/msx/bartman/HARDSELE.MOD
file music-module	mirrors/ftp_klosz_art_pl/stuff/msx/bartman/HIGHWAYT.MOD	151.39K	stuff/msx/bartman/HIGHWAYT.MOD
file music-module	mirrors/ftp_klosz_art_pl/stuff/msx/bartman/HYPERCRI.MOD	113.09K	stuff/msx/bartman/HYPERCRI.MOD
file music-module	mirrors/ftp_klosz_art_pl/stuff/msx/bartman/LASERMAN.MOD	131.34K	stuff/msx/bartman/LASERMAN.MOD
file music-module	mirrors/ftp_klosz_art_pl/stuff/msx/bartman/LOVEDRUG.MOD	266.35K	stuff/msx/bartman/LOVEDRUG.MOD
file music-module	mirrors/ftp_klosz_art_pl/stuff/msx/bartman/LUCYTHEM.MOD	159.22K	stuff/msx/bartman/LUCYTHEM.MOD
file music-module	mirrors/ftp_klosz_art_pl/stuff/msx/bartman/MIND1.MOD	28.33K	stuff/msx/bartman/MIND1.MOD
file music-module	mirrors/ftp_klosz_art_pl/stuff/msx/bartman/MIND2.MOD	27.74K	stuff/msx/bartman/MIND2.MOD
file music-module	mirrors/ftp_klosz_art_pl/stuff/msx/bartman/PEOPLEWH.MOD	93.99K	stuff/msx/bartman/PEOPLEWH.MOD
file music-module	mirrors/ftp_klosz_art_pl/stuff/msx/bartman/PIERDOLE.MOD	8.24K	stuff/msx/bartman/PIERDOLE.MOD
file music-module	mirrors/ftp_klosz_art_pl/stuff/msx/bartman/QUEEN2.MOD	174.00K	stuff/msx/bartman/QUEEN2.MOD
file music-module	mirrors/ftp_klosz_art_pl/stuff/msx/bartman/RECYCLED.MOD	25.43K	stuff/msx/bartman/RECYCLED.MOD
file music-module	mirrors/ftp_klosz_art_pl/stuff/msx/bartman/RETURNO.MOD	191.78K	stuff/msx/bartman/RETURNO.MOD
file music-module	mirrors/ftp_klosz_art_pl/stuff/msx/bartman/SECOND.MOD	91.81K	stuff/msx/bartman/SECOND.MOD
file music-module	mirrors/ftp_klosz_art_pl/stuff/msx/bartman/SOULKERN.MOD	123.12K	stuff/msx/bartman/SOULKERN.MOD
file music-module	mirrors/ftp_klosz_art_pl/stuff/msx/bartman/SUNSHINE.MOD	68.36K	stuff/msx/bartman/SUNSHINE.MOD
file music-module	mirrors/ftp_klosz_art_pl/stuff/msx/bartman/TO_GET.MOD	295.01K	stuff/msx/bartman/TO_GET.MOD
file music-module	mirrors/ftp_klosz_art_pl/stuff/msx/bartman/TRUE2.MOD	251.92K	stuff/msx/bartman/TRUE2.MOD
file music-module	mirrors/ftp_klosz_art_pl/stuff/msx/bartman/UNIVERS.MOD	291.93K	stuff/msx/bartman/UNIVERS.MOD
file music-module	mirrors/ftp_klosz_art_pl/stuff/msx/bartman/UNIVERS2.MOD	151.00K	stuff/msx/bartman/UNIVERS2.MOD
file music-module	mirrors/ftp_klosz_art_pl/stuff/msx/bartman/VIRTUAL.MOD	126.80K	stuff/msx/bartman/VIRTUAL.MOD
file music-module	mirrors/ftp_klosz_art_pl/stuff/msx/diomatic/Hrc&rave.mod	346.00K	stuff/msx/diomatic/Hrc&rave.mod
file music-module	mirrors/ftp_klosz_art_pl/stuff/msx/diomatic/Purple.mod	17.43K	stuff/msx/diomatic/Purple.mod
file music-module	mirrors/ftp_klosz_art_pl/stuff/msx/diomatic/Robots.mod	226.54K	stuff/msx/diomatic/Robots.mod
file music-module	mirrors/ftp_klosz_art_pl/stuff/msx/diomatic/MOD/ANOTHER.MOD	121.15K	stuff/msx/diomatic/MOD/ANOTHER.MOD
file music-module	mirrors/ftp_klosz_art_pl/stuff/msx/diomatic/MOD/BABCI_RA.MOD	30.28K	stuff/msx/diomatic/MOD/BABCI_RA.MOD
file music-module	mirrors/ftp_klosz_art_pl/stuff/msx/diomatic/MOD/BIGMIX.MOD	189.81K	stuff/msx/diomatic/MOD/BIGMIX.MOD
file music-module	mirrors/ftp_klosz_art_pl/stuff/msx/diomatic/MOD/CHINA_F.MOD	127.50K	stuff/msx/diomatic/MOD/CHINA_F.MOD
file music-module	mirrors/ftp_klosz_art_pl/stuff/msx/diomatic/MOD/CHINA_P.MOD	100.44K	stuff/msx/diomatic/MOD/CHINA_P.MOD
file music-module	mirrors/ftp_klosz_art_pl/stuff/msx/diomatic/MOD/ELC_CITY.MOD	291.01K	stuff/msx/diomatic/MOD/ELC_CITY.MOD
file music-module	mirrors/ftp_klosz_art_pl/stuff/msx/diomatic/MOD/ELECTROS.MOD	54.27K	stuff/msx/diomatic/MOD/ELECTROS.MOD
file music-module	mirrors/ftp_klosz_art_pl/stuff/msx/diomatic/MOD/FANTASTI.MOD	25.31K	stuff/msx/diomatic/MOD/FANTASTI.MOD
file music-module	mirrors/ftp_klosz_art_pl/stuff/msx/diomatic/MOD/HIT_TO_P.MOD	30.72K	stuff/msx/diomatic/MOD/HIT_TO_P.MOD
file music-module	mirrors/ftp_klosz_art_pl/stuff/msx/diomatic/MOD/HRC&RAVE.MOD	346.00K	stuff/msx/diomatic/MOD/HRC&RAVE.MOD
file music-module	mirrors/ftp_klosz_art_pl/stuff/msx/diomatic/MOD/ITS_COMM.MOD	156.36K	stuff/msx/diomatic/MOD/ITS_COMM.MOD
file music-module	mirrors/ftp_klosz_art_pl/stuff/msx/diomatic/MOD/MIX1.MOD	97.57K	stuff/msx/diomatic/MOD/MIX1.MOD
file music-module	mirrors/ftp_klosz_art_pl/stuff/msx/diomatic/MOD/PO_DRUG.MOD	45.15K	stuff/msx/diomatic/MOD/PO_DRUG.MOD
file music-module	mirrors/ftp_klosz_art_pl/stuff/msx/diomatic/MOD/PURPLE.MOD	17.43K	stuff/msx/diomatic/MOD/PURPLE.MOD
file music-module	mirrors/ftp_klosz_art_pl/stuff/msx/diomatic/MOD/ROBOTS.MOD	226.54K	stuff/msx/diomatic/MOD/ROBOTS.MOD
file music-module	mirrors/ftp_klosz_art_pl/stuff/msx/diomatic/MOD/SLEEPING.MOD	56.86K	stuff/msx/diomatic/MOD/SLEEPING.MOD
file music-module	mirrors/ftp_klosz_art_pl/stuff/msx/diomatic/MOD/SLEEP_M.MOD	14.86K	stuff/msx/diomatic/MOD/SLEEP_M.MOD
file music-module	mirrors/ftp_klosz_art_pl/stuff/msx/diomatic/MOD/SOLTYS.MOD	168.82K	stuff/msx/diomatic/MOD/SOLTYS.MOD
file music-module	mirrors/ftp_klosz_art_pl/stuff/msx/diomatic/MOD/TECHNO_M.MOD	185.62K	stuff/msx/diomatic/MOD/TECHNO_M.MOD
file music-module	mirrors/ftp_klosz_art_pl/stuff/msx/diomatic/MOD/THINKING.MOD	13.22K	stuff/msx/diomatic/MOD/THINKING.MOD
file music-module	mirrors/ftp_klosz_art_pl/stuff/msx/heatbeat/11NOTES.MOD	126.75K	stuff/msx/heatbeat/11NOTES.MOD
file music-module	mirrors/ftp_klosz_art_pl/stuff/msx/jugi/aurora_orion.mod	139.73K	stuff/msx/jugi/aurora_orion.mod
file music-module	mirrors/ftp_klosz_art_pl/stuff/msx/jugi/blowaway.mod	284.36K	stuff/msx/jugi/blowaway.mod
file music-module	mirrors/ftp_klosz_art_pl/stuff/msx/jugi/dope_onward_ride_(demo_version).mod	1.01M	stuff/msx/jugi/dope_onward_ride_(demo_version).mod
file music-module	mirrors/ftp_klosz_art_pl/stuff/msx/jugi/nagual_dance.mod	193.22K	stuff/msx/jugi/nagual_dance.mod
file music-module	mirrors/ftp_klosz_art_pl/stuff/msx/jugi/real_motivation.mod	310.23K	stuff/msx/jugi/real_motivation.mod
file music-module	mirrors/ftp_klosz_art_pl/stuff/msx/jugi/silent_run.mod	137.10K	stuff/msx/jugi/silent_run.mod
file music-module	mirrors/ftp_klosz_art_pl/stuff/msx/jugi/tractacus_transicus.mod	440.77K	stuff/msx/jugi/tractacus_transicus.mod
file music-module	mirrors/ftp_klosz_art_pl/stuff/msx/jugi/tubular_vectors.mod	184.88K	stuff/msx/jugi/tubular_vectors.mod
file music-module	mirrors/ftp_klosz_art_pl/stuff/msx/jugi/tubular_vectors_(demo_version).mod	184.64K	stuff/msx/jugi/tubular_vectors_(demo_version).mod
file music-module	mirrors/ftp_klosz_art_pl/stuff/msx/jugi/twilight_warp.mod	53.13K	stuff/msx/jugi/twilight_warp.mod
file music-module	mirrors/ftp_klosz_art_pl/stuff/msx/jugi/universal_intensity.mod	231.12K	stuff/msx/jugi/universal_intensity.mod
file music-module	mirrors/ftp_klosz_art_pl/stuff/msx/jugi/valot.mod	62.66K	stuff/msx/jugi/valot.mod
file music-module	mirrors/ftp_klosz_art_pl/stuff/msx/mr_root/modules/5_ML_OF_POISON.MOD	186.46K	stuff/msx/mr_root/modules/5_ML_OF_POISON.MOD
file music-module	mirrors/ftp_klosz_art_pl/stuff/msx/mr_root/modules/AFTER2000.MOD	237.79K	stuff/msx/mr_root/modules/AFTER2000.MOD
file music-module	mirrors/ftp_klosz_art_pl/stuff/msx/mr_root/modules/AFTERLIFE.MOD	295.53K	stuff/msx/mr_root/modules/AFTERLIFE.MOD
file music-module	mirrors/ftp_klosz_art_pl/stuff/msx/mr_root/modules/AGAIN_LENNY.MOD	236.77K	stuff/msx/mr_root/modules/AGAIN_LENNY.MOD
file music-module	mirrors/ftp_klosz_art_pl/stuff/msx/mr_root/modules/ALIEN_INFLUENCES.MOD	193.06K	stuff/msx/mr_root/modules/ALIEN_INFLUENCES.MOD
file music-module	mirrors/ftp_klosz_art_pl/stuff/msx/mr_root/modules/ANDRZEJ_B.mod	523.07K	stuff/msx/mr_root/modules/ANDRZEJ_B.mod
file music-module	mirrors/ftp_klosz_art_pl/stuff/msx/mr_root/modules/BASE_TOTAL.mod	140.73K	stuff/msx/mr_root/modules/BASE_TOTAL.mod
file music-module	mirrors/ftp_klosz_art_pl/stuff/msx/mr_root/modules/BOOMER_KILL.mod	229.36K	stuff/msx/mr_root/modules/BOOMER_KILL.mod
file music-module	mirrors/ftp_klosz_art_pl/stuff/msx/mr_root/modules/BURN_UP.mod	247.58K	stuff/msx/mr_root/modules/BURN_UP.mod
file music-module	mirrors/ftp_klosz_art_pl/stuff/msx/mr_root/modules/CHANGING_POSITIONS.mod	155.76K	stuff/msx/mr_root/modules/CHANGING_POSITIONS.mod
file music-module	mirrors/ftp_klosz_art_pl/stuff/msx/mr_root/modules/DANCE_NOWI.mod	166.87K	stuff/msx/mr_root/modules/DANCE_NOWI.mod
file music-module	mirrors/ftp_klosz_art_pl/stuff/msx/mr_root/modules/DARK_CASTLE.MOD	136.52K	stuff/msx/mr_root/modules/DARK_CASTLE.MOD
file music-module	mirrors/ftp_klosz_art_pl/stuff/msx/mr_root/modules/DEEP_HOUSE.mod	284.64K	stuff/msx/mr_root/modules/DEEP_HOUSE.mod
file music-module	mirrors/ftp_klosz_art_pl/stuff/msx/mr_root/modules/DIEHARD.mod	199.23K	stuff/msx/mr_root/modules/DIEHARD.mod
file music-module	mirrors/ftp_klosz_art_pl/stuff/msx/mr_root/modules/DJAS_TAKE_CONTROLL.MOD	184.24K	stuff/msx/mr_root/modules/DJAS_TAKE_CONTROLL.MOD
file music-module	mirrors/ftp_klosz_art_pl/stuff/msx/mr_root/modules/DREAM_OF_TECHNATION.mod	247.60K	stuff/msx/mr_root/modules/DREAM_OF_TECHNATION.mod
file music-module	mirrors/ftp_klosz_art_pl/stuff/msx/mr_root/modules/d_a_b.mod	179.90K	stuff/msx/mr_root/modules/d_a_b.mod
file music-module	mirrors/ftp_klosz_art_pl/stuff/msx/mr_root/modules/ELEKTRYK_REMIX.mod	377.82K	stuff/msx/mr_root/modules/ELEKTRYK_REMIX.mod
file music-module	mirrors/ftp_klosz_art_pl/stuff/msx/mr_root/modules/E_SPACE_RUN_E.mod	242.96K	stuff/msx/mr_root/modules/E_SPACE_RUN_E.mod
file music-module	mirrors/ftp_klosz_art_pl/stuff/msx/mr_root/modules/E_X_P_L_O_D_E.mod	234.37K	stuff/msx/mr_root/modules/E_X_P_L_O_D_E.mod
file music-module	mirrors/ftp_klosz_art_pl/stuff/msx/mr_root/modules/FREEDOOM.mod	112.83K	stuff/msx/mr_root/modules/FREEDOOM.mod
file music-module	mirrors/ftp_klosz_art_pl/stuff/msx/mr_root/modules/FULL_ALERT.mod	80.36K	stuff/msx/mr_root/modules/FULL_ALERT.mod
file music-module	mirrors/ftp_klosz_art_pl/stuff/msx/mr_root/modules/FUNKY.mod	146.38K	stuff/msx/mr_root/modules/FUNKY.mod
file music-module	mirrors/ftp_klosz_art_pl/stuff/msx/mr_root/modules/GATEAWAY.mod	72.11K	stuff/msx/mr_root/modules/GATEAWAY.mod
file music-module	mirrors/ftp_klosz_art_pl/stuff/msx/mr_root/modules/GOLD_LABEL.mod	195.03K	stuff/msx/mr_root/modules/GOLD_LABEL.mod
file music-module	mirrors/ftp_klosz_art_pl/stuff/msx/mr_root/modules/HERE_WE_GOI.mod	91.83K	stuff/msx/mr_root/modules/HERE_WE_GOI.mod
file music-module	mirrors/ftp_klosz_art_pl/stuff/msx/mr_root/modules/HIT_MOTION.mod	165.14K	stuff/msx/mr_root/modules/HIT_MOTION.mod
file music-module	mirrors/ftp_klosz_art_pl/stuff/msx/mr_root/modules/IN_THE_RAIN.MOD	151.93K	stuff/msx/mr_root/modules/IN_THE_RAIN.MOD
file music-module	mirrors/ftp_klosz_art_pl/stuff/msx/mr_root/modules/ITALO_SUN.MOD	187.69K	stuff/msx/mr_root/modules/ITALO_SUN.MOD
file music-module	mirrors/ftp_klosz_art_pl/stuff/msx/mr_root/modules/JUST_SMILE.mod	216.65K	stuff/msx/mr_root/modules/JUST_SMILE.mod
file music-module	mirrors/ftp_klosz_art_pl/stuff/msx/mr_root/modules/KNIGHTAS_SYMPHONY.mod	141.00K	stuff/msx/mr_root/modules/KNIGHTAS_SYMPHONY.mod
file music-module	mirrors/ftp_klosz_art_pl/stuff/msx/mr_root/modules/MAGIC_WHISTLE.mod	130.94K	stuff/msx/mr_root/modules/MAGIC_WHISTLE.mod
file music-module	mirrors/ftp_klosz_art_pl/stuff/msx/mr_root/modules/MOD.RAVE_TOTAL.mod	117.48K	stuff/msx/mr_root/modules/MOD.RAVE_TOTAL.mod
file music-module	mirrors/ftp_klosz_art_pl/stuff/msx/mr_root/modules/MOON_CHILD.mod	205.92K	stuff/msx/mr_root/modules/MOON_CHILD.mod
file music-module	mirrors/ftp_klosz_art_pl/stuff/msx/mr_root/modules/PIAZA_DEALA_HOUSE.mod	301.26K	stuff/msx/mr_root/modules/PIAZA_DEALA_HOUSE.mod
file music-module	mirrors/ftp_klosz_art_pl/stuff/msx/mr_root/modules/PLASTIC_LAND.mod	216.76K	stuff/msx/mr_root/modules/PLASTIC_LAND.mod
file music-module	mirrors/ftp_klosz_art_pl/stuff/msx/mr_root/modules/RAVE_MADNESS.mod	176.18K	stuff/msx/mr_root/modules/RAVE_MADNESS.mod
file music-module	mirrors/ftp_klosz_art_pl/stuff/msx/mr_root/modules/SECRET_SERVICE.mod	452.00K	stuff/msx/mr_root/modules/SECRET_SERVICE.mod
file music-module	mirrors/ftp_klosz_art_pl/stuff/msx/mr_root/modules/TLUKI.mod	559.22K	stuff/msx/mr_root/modules/TLUKI.mod
file music-module	mirrors/ftp_klosz_art_pl/stuff/msx/mr_root/modules/TRANCE_TOTAL.mod	188.09K	stuff/msx/mr_root/modules/TRANCE_TOTAL.mod
file music-module	mirrors/ftp_klosz_art_pl/stuff/msx/mr_root/modules/VIRTUALISMO.mod	334.23K	stuff/msx/mr_root/modules/VIRTUALISMO.mod
file music-module	mirrors/ftp_klosz_art_pl/stuff/msx/mr_root/modules/VIRTUAL_CRISIS.mod	425.08K	stuff/msx/mr_root/modules/VIRTUAL_CRISIS.mod
file music-module	mirrors/ftp_klosz_art_pl/stuff/msx/mr_root/modules/YOHOYOHO.mod	207.54K	stuff/msx/mr_root/modules/YOHOYOHO.mod
file music-module	mirrors/ftp_klosz_art_pl/stuff/msx/mr_root/modules/ZAJEBISTEPARTY.mod	697.26K	stuff/msx/mr_root/modules/ZAJEBISTEPARTY.mod
file music-module	mirrors/ftp_klosz_art_pl/stuff/msx/scorpik/endoft.mod	183.39K	stuff/msx/scorpik/endoft.mod
file music-module	mirrors/ftp_klosz_art_pl/stuff/msx/scorpik/guru.mod	169.19K	stuff/msx/scorpik/guru.mod
file music-module	mirrors/ftp_klosz_art_pl/stuff/msx/scorpik/HURRICAN.MOD	390.63K	stuff/msx/scorpik/HURRICAN.MOD
file music-module	mirrors/ftp_klosz_art_pl/stuff/msx/scorpik/PROBA.MOD	293.94K	stuff/msx/scorpik/PROBA.MOD
file music-module	mirrors/ftp_klosz_art_pl/stuff/msx/spectra/orbit_lex nine.9.mod	870.94K	stuff/msx/spectra/orbit_lex nine.9.mod
file music-module	mirrors/ftp_klosz_art_pl/stuff/msx/stm/JINGEL.MOD	46.95K	stuff/msx/stm/JINGEL.MOD
file music-module	mirrors/ftp_klosz_art_pl/stuff/msx/stm/KREM.MOD	93.79K	stuff/msx/stm/KREM.MOD
file music-module	mirrors/ftp_klosz_art_pl/stuff/msx/stm/MARAS.MOD	175.94K	stuff/msx/stm/MARAS.MOD
file music-module	mirrors/ftp_klosz_art_pl/stuff/msx/stm/MARILYN.MOD	50.94K	stuff/msx/stm/MARILYN.MOD
file music-module	mirrors/ftp_klosz_art_pl/stuff/msx/stm/MONKEY-B.MOD	279.47K	stuff/msx/stm/MONKEY-B.MOD
file music-module	mirrors/ftp_klosz_art_pl/stuff/msx/stm/MOSKWA.MOD	70.70K	stuff/msx/stm/MOSKWA.MOD
file music-module	mirrors/ftp_klosz_art_pl/stuff/msx/various/dope_onward_ride_(demo_version).mod	1.01M	stuff/msx/various/dope_onward_ride_(demo_version).mod
file music-module	mirrors/ftp_klosz_art_pl/stuff/msx/various/Effusion.mod	198.02K	stuff/msx/various/Effusion.mod
file archive	mirrors/ftp_klosz_art_pl/stuff/msx/various/from grogon/angel`s light 1.mod.zip	47.85K	stuff/msx/various/from grogon/angel`s light 1.mod.zip
file archive	mirrors/ftp_klosz_art_pl/stuff/msx/various/from grogon/angel`s light 2.mod.zip	190.43K	stuff/msx/various/from grogon/angel`s light 2.mod.zip
file archive	mirrors/ftp_klosz_art_pl/stuff/msx/various/from grogon/awake.mod.zip	161.83K	stuff/msx/various/from grogon/awake.mod.zip
file archive	mirrors/ftp_klosz_art_pl/stuff/msx/various/from grogon/cosy nook.mod.zip	45.32K	stuff/msx/various/from grogon/cosy nook.mod.zip
file archive	mirrors/ftp_klosz_art_pl/stuff/msx/various/from grogon/dr multimedia - kahiriotarantulino.mod.dbm.avi.mpg.swf.wmv.mov.it.zip	460.35K	stuff/msx/various/from grogon/dr multimedia - kahiriotarantulino.mod.dbm.avi.mpg.swf.wmv.mov.it.zip
file archive	mirrors/ftp_klosz_art_pl/stuff/msx/various/from grogon/drgawy.mod.zip	13.50K	stuff/msx/various/from grogon/drgawy.mod.zip
file archive	mirrors/ftp_klosz_art_pl/stuff/msx/various/from grogon/eksperyment ropucha.mod.zip	217.45K	stuff/msx/various/from grogon/eksperyment ropucha.mod.zip
file archive	mirrors/ftp_klosz_art_pl/stuff/msx/various/from grogon/fishe`s funreal.mod.zip	118.51K	stuff/msx/various/from grogon/fishe`s funreal.mod.zip
file archive	mirrors/ftp_klosz_art_pl/stuff/msx/various/from grogon/flying out there.mod.zip	213.16K	stuff/msx/various/from grogon/flying out there.mod.zip
file archive	mirrors/ftp_klosz_art_pl/stuff/msx/various/from grogon/fog.mod.zip	116.42K	stuff/msx/various/from grogon/fog.mod.zip
file archive	mirrors/ftp_klosz_art_pl/stuff/msx/various/from grogon/growing crystals.mod.zip	191.29K	stuff/msx/various/from grogon/growing crystals.mod.zip
file archive	mirrors/ftp_klosz_art_pl/stuff/msx/various/from grogon/hie_sunt_leones.mod.zip	3.57K	stuff/msx/various/from grogon/hie_sunt_leones.mod.zip
file archive	mirrors/ftp_klosz_art_pl/stuff/msx/various/from grogon/intoxication.mod.zip	111.69K	stuff/msx/various/from grogon/intoxication.mod.zip
file archive	mirrors/ftp_klosz_art_pl/stuff/msx/various/from grogon/intricate ir.mod.zip	60.94K	stuff/msx/various/from grogon/intricate ir.mod.zip
file archive	mirrors/ftp_klosz_art_pl/stuff/msx/various/from grogon/junggler.mod.zip	335.98K	stuff/msx/various/from grogon/junggler.mod.zip
file archive	mirrors/ftp_klosz_art_pl/stuff/msx/various/from grogon/jungle_ride.mod.zip	15.30K	stuff/msx/various/from grogon/jungle_ride.mod.zip
file archive	mirrors/ftp_klosz_art_pl/stuff/msx/various/from grogon/jungle_ride_ii.mod.zip	16.82K	stuff/msx/various/from grogon/jungle_ride_ii.mod.zip
file archive	mirrors/ftp_klosz_art_pl/stuff/msx/various/from grogon/letter_to_heaven.mod.zip	466.76K	stuff/msx/various/from grogon/letter_to_heaven.mod.zip
file archive	mirrors/ftp_klosz_art_pl/stuff/msx/various/from grogon/live part of dying.mod.zip	177.62K	stuff/msx/various/from grogon/live part of dying.mod.zip
file archive	mirrors/ftp_klosz_art_pl/stuff/msx/various/from grogon/mayhem.mod.zip	468.44K	stuff/msx/various/from grogon/mayhem.mod.zip
file archive	mirrors/ftp_klosz_art_pl/stuff/msx/various/from grogon/mieszka_w_nim_eskimos.mod.zip	23.21K	stuff/msx/various/from grogon/mieszka_w_nim_eskimos.mod.zip
file archive	mirrors/ftp_klosz_art_pl/stuff/msx/various/from grogon/mole-hill.mod.zip	112.01K	stuff/msx/various/from grogon/mole-hill.mod.zip
file archive	mirrors/ftp_klosz_art_pl/stuff/msx/various/from grogon/moonlit jazz.mod.zip	67.96K	stuff/msx/various/from grogon/moonlit jazz.mod.zip
file archive	mirrors/ftp_klosz_art_pl/stuff/msx/various/from grogon/naomi.mod.zip	166.42K	stuff/msx/various/from grogon/naomi.mod.zip
file archive	mirrors/ftp_klosz_art_pl/stuff/msx/various/from grogon/nauka chodzenia.mod.zip	176.76K	stuff/msx/various/from grogon/nauka chodzenia.mod.zip
file archive	mirrors/ftp_klosz_art_pl/stuff/msx/various/from grogon/no thoroughfare.mod.zip	287.07K	stuff/msx/various/from grogon/no thoroughfare.mod.zip
file archive	mirrors/ftp_klosz_art_pl/stuff/msx/various/from grogon/noxious breed 2.mod.zip	113.44K	stuff/msx/various/from grogon/noxious breed 2.mod.zip
file archive	mirrors/ftp_klosz_art_pl/stuff/msx/various/from grogon/noxious breed.mod.zip	123.77K	stuff/msx/various/from grogon/noxious breed.mod.zip
file archive	mirrors/ftp_klosz_art_pl/stuff/msx/various/from grogon/our_m-disk_loader.mod.zip	12.35K	stuff/msx/various/from grogon/our_m-disk_loader.mod.zip
file archive	mirrors/ftp_klosz_art_pl/stuff/msx/various/from grogon/party question iv v11.mod.zip	418.38K	stuff/msx/various/from grogon/party question iv v11.mod.zip
file archive	mirrors/ftp_klosz_art_pl/stuff/msx/various/from grogon/river.mod.zip	70.45K	stuff/msx/various/from grogon/river.mod.zip
file archive	mirrors/ftp_klosz_art_pl/stuff/msx/various/from grogon/rubber shoes.mod.zip	61.70K	stuff/msx/various/from grogon/rubber shoes.mod.zip
file archive	mirrors/ftp_klosz_art_pl/stuff/msx/various/from grogon/sdv 1.mod.zip	2.94K	stuff/msx/various/from grogon/sdv 1.mod.zip
file archive	mirrors/ftp_klosz_art_pl/stuff/msx/various/from grogon/sdv 2.mod.zip	4.71K	stuff/msx/various/from grogon/sdv 2.mod.zip
file archive	mirrors/ftp_klosz_art_pl/stuff/msx/various/from grogon/sdv 3.mod.zip	18.18K	stuff/msx/various/from grogon/sdv 3.mod.zip
file archive	mirrors/ftp_klosz_art_pl/stuff/msx/various/from grogon/sdv 4.mod.zip	1.13K	stuff/msx/various/from grogon/sdv 4.mod.zip
file archive	mirrors/ftp_klosz_art_pl/stuff/msx/various/from grogon/sdv 5.mod.zip	20.52K	stuff/msx/various/from grogon/sdv 5.mod.zip
file archive	mirrors/ftp_klosz_art_pl/stuff/msx/various/from grogon/sdv 6.mod.zip	6.23K	stuff/msx/various/from grogon/sdv 6.mod.zip
file archive	mirrors/ftp_klosz_art_pl/stuff/msx/various/from grogon/sense.mod.zip	207.93K	stuff/msx/various/from grogon/sense.mod.zip
file archive	mirrors/ftp_klosz_art_pl/stuff/msx/various/from grogon/shy pickled cucumber.mod.zip	72.73K	stuff/msx/various/from grogon/shy pickled cucumber.mod.zip
file archive	mirrors/ftp_klosz_art_pl/stuff/msx/various/from grogon/slowly enlived.mod.zip	212.68K	stuff/msx/various/from grogon/slowly enlived.mod.zip
file archive	mirrors/ftp_klosz_art_pl/stuff/msx/various/from grogon/squirrel.mod.zip	97.34K	stuff/msx/various/from grogon/squirrel.mod.zip
file archive	mirrors/ftp_klosz_art_pl/stuff/msx/various/from grogon/stringer on dach.mod.zip	5.16K	stuff/msx/various/from grogon/stringer on dach.mod.zip
file archive	mirrors/ftp_klosz_art_pl/stuff/msx/various/from grogon/stubbornness.mod.zip	461.14K	stuff/msx/various/from grogon/stubbornness.mod.zip
file archive	mirrors/ftp_klosz_art_pl/stuff/msx/various/from grogon/tameless chipsong.mod.zip	4.51K	stuff/msx/various/from grogon/tameless chipsong.mod.zip
file archive	mirrors/ftp_klosz_art_pl/stuff/msx/various/from grogon/the very bad module.mod.zip	19.17K	stuff/msx/various/from grogon/the very bad module.mod.zip
file archive	mirrors/ftp_klosz_art_pl/stuff/msx/various/from grogon/thud-wave.mod.zip	94.34K	stuff/msx/various/from grogon/thud-wave.mod.zip
file archive	mirrors/ftp_klosz_art_pl/stuff/msx/various/from grogon/yearning.mod.zip	94.48K	stuff/msx/various/from grogon/yearning.mod.zip
file archive	mirrors/ftp_klosz_art_pl/stuff/msx/various/from grogon/zapierdolic jozkowi.mod.zip	11.57K	stuff/msx/various/from grogon/zapierdolic jozkowi.mod.zip
file music-module	mirrors/hornet/music/contests/mc_winners/v-estrng.mod	304.55K	music/contests/mc_winners/v-estrng.mod
file music-module	mirrors/hornet/music/contests/mc_winners/v-overld.mod	362.37K	music/contests/mc_winners/v-overld.mod
file music-module	mirrors/modsoulbrother/twilight/have-a-drink-and-die.mod	367.07K	twilight/have-a-drink-and-die.mod
file music-module	mirrors/modsoulbrother/twilight/xmas-spirits.mod	11.05K	twilight/xmas-spirits.mod
file music-module	mirrors/scenesp.org/compilations/modplanet/normal/bonuscd/artists/adrdesign/a rave thing.mod	225.53K	compilations/modplanet/normal/bonuscd/artists/adrdesign/a rave thing.mod
file music-module	mirrors/scenesp.org/compilations/modplanet/normal/bonuscd/artists/adrdesign/a trip abroad.mod	366.69K	compilations/modplanet/normal/bonuscd/artists/adrdesign/a trip abroad.mod
file music-module	mirrors/scenesp.org/compilations/modplanet/normal/bonuscd/artists/adrdesign/aerodinamisk neger!.mod	160.61K	compilations/modplanet/normal/bonuscd/artists/adrdesign/aerodinamisk neger!.mod
file music-module	mirrors/scenesp.org/compilations/modplanet/normal/bonuscd/artists/adrdesign/a_nice_track.mod	153.66K	compilations/modplanet/normal/bonuscd/artists/adrdesign/a_nice_track.mod
file music-module	mirrors/scenesp.org/compilations/modplanet/normal/bonuscd/artists/adrdesign/Breathe.mod	152.99K	compilations/modplanet/normal/bonuscd/artists/adrdesign/Breathe.mod
file music-module	mirrors/scenesp.org/compilations/modplanet/normal/bonuscd/artists/adrdesign/Dominator2.0.mod	367.49K	compilations/modplanet/normal/bonuscd/artists/adrdesign/Dominator2.0.mod
file music-module	mirrors/scenesp.org/compilations/modplanet/normal/bonuscd/artists/adrdesign/Drop The Bass ][.mod	316.09K	compilations/modplanet/normal/bonuscd/artists/adrdesign/Drop The Bass ][.mod
file music-module	mirrors/scenesp.org/compilations/modplanet/normal/bonuscd/artists/adrdesign/i love you.mod	389.18K	compilations/modplanet/normal/bonuscd/artists/adrdesign/i love you.mod
file music-module	mirrors/scenesp.org/compilations/modplanet/normal/bonuscd/artists/adrdesign/love is no surprise.mod	315.50K	compilations/modplanet/normal/bonuscd/artists/adrdesign/love is no surprise.mod
file music-module	mirrors/scenesp.org/compilations/modplanet/normal/bonuscd/artists/adrdesign/love you, mother.mod	288.51K	compilations/modplanet/normal/bonuscd/artists/adrdesign/love you, mother.mod
file music-module	mirrors/scenesp.org/compilations/modplanet/normal/bonuscd/artists/adrdesign/love_is_no_surprise.mod	340.91K	compilations/modplanet/normal/bonuscd/artists/adrdesign/love_is_no_surprise.mod
file music-module	mirrors/scenesp.org/compilations/modplanet/normal/bonuscd/artists/adrdesign/lo_eres_todo.mod	185.27K	compilations/modplanet/normal/bonuscd/artists/adrdesign/lo_eres_todo.mod
file music-module	mirrors/scenesp.org/compilations/modplanet/normal/bonuscd/artists/adrdesign/nescafe.mod	141.42K	compilations/modplanet/normal/bonuscd/artists/adrdesign/nescafe.mod
file music-module	mirrors/scenesp.org/compilations/modplanet/normal/bonuscd/artists/adrdesign/only people.mod	350.78K	compilations/modplanet/normal/bonuscd/artists/adrdesign/only people.mod
file music-module	mirrors/scenesp.org/compilations/modplanet/normal/bonuscd/artists/adrdesign/secret.mod	441.73K	compilations/modplanet/normal/bonuscd/artists/adrdesign/secret.mod
file music-module	mirrors/scenesp.org/compilations/modplanet/normal/bonuscd/artists/adrdesign/swans' loch iii.mod	319.36K	compilations/modplanet/normal/bonuscd/artists/adrdesign/swans' loch iii.mod
file music-module	mirrors/scenesp.org/compilations/modplanet/normal/bonuscd/artists/adrdesign/testlost.mod	182.40K	compilations/modplanet/normal/bonuscd/artists/adrdesign/testlost.mod
file music-module	mirrors/scenesp.org/compilations/modplanet/normal/bonuscd/artists/adrdesign/the april project.mod	267.23K	compilations/modplanet/normal/bonuscd/artists/adrdesign/the april project.mod
file music-module	mirrors/scenesp.org/compilations/modplanet/normal/bonuscd/artists/adrdesign/thundercats remix96.mod	210.11K	compilations/modplanet/normal/bonuscd/artists/adrdesign/thundercats remix96.mod
file music-module	mirrors/scenesp.org/compilations/modplanet/normal/bonuscd/artists/adrdesign/thundercats remix97.mod	349.33K	compilations/modplanet/normal/bonuscd/artists/adrdesign/thundercats remix97.mod
file music-module	mirrors/scenesp.org/compilations/modplanet/normal/bonuscd/artists/adrdesign/to the break off.mod	254.68K	compilations/modplanet/normal/bonuscd/artists/adrdesign/to the break off.mod
file music-module	mirrors/scenesp.org/compilations/modplanet/normal/bonuscd/artists/chip/CHIP-HEART_10k.mod	10.00K	compilations/modplanet/normal/bonuscd/artists/chip/CHIP-HEART_10k.mod
file music-module	mirrors/scenesp.org/compilations/modplanet/normal/bonuscd/artists/chip/GOLDENAGE.MOD	180.86K	compilations/modplanet/normal/bonuscd/artists/chip/GOLDENAGE.MOD
file music-module	mirrors/scenesp.org/compilations/modplanet/normal/bonuscd/artists/chip/Jungle Bells.mod	572.93K	compilations/modplanet/normal/bonuscd/artists/chip/Jungle Bells.mod
file music-module	mirrors/scenesp.org/compilations/modplanet/normal/bonuscd/artists/chip/SEQUENZE1_1.mod	292.35K	compilations/modplanet/normal/bonuscd/artists/chip/SEQUENZE1_1.mod
file music-module	mirrors/scenesp.org/compilations/modplanet/normal/bonuscd/artists/debi/Debi-Star sea.MOD	14.42K	compilations/modplanet/normal/bonuscd/artists/debi/Debi-Star sea.MOD
file music-module	mirrors/scenesp.org/compilations/modplanet/normal/bonuscd/artists/estrayk/2002.mod	72.09K	compilations/modplanet/normal/bonuscd/artists/estrayk/2002.mod
file music-module	mirrors/scenesp.org/compilations/modplanet/normal/bonuscd/artists/estrayk/frontpage.mod	387.09K	compilations/modplanet/normal/bonuscd/artists/estrayk/frontpage.mod
file music-module	mirrors/scenesp.org/compilations/modplanet/normal/bonuscd/artists/estrayk/hedgehog2.mod	594.12K	compilations/modplanet/normal/bonuscd/artists/estrayk/hedgehog2.mod
file music-module	mirrors/scenesp.org/compilations/modplanet/normal/bonuscd/artists/estrayk/jilted3.mod	734.43K	compilations/modplanet/normal/bonuscd/artists/estrayk/jilted3.mod
file music-module	mirrors/scenesp.org/compilations/modplanet/normal/bonuscd/artists/fireb0y/trancestroidal.mod	652.57K	compilations/modplanet/normal/bonuscd/artists/fireb0y/trancestroidal.mod
file music-module	mirrors/scenesp.org/compilations/modplanet/normal/bonuscd/artists/ham/Brain_Overdrive.mod	41.10K	compilations/modplanet/normal/bonuscd/artists/ham/Brain_Overdrive.mod
file music-module	mirrors/scenesp.org/compilations/modplanet/normal/bonuscd/artists/ham/ciberneocortex by software failure.mod	29.80K	compilations/modplanet/normal/bonuscd/artists/ham/ciberneocortex by software failure.mod
file music-module	mirrors/scenesp.org/compilations/modplanet/normal/bonuscd/artists/ham/codex permutatio by software failure.mod	38.39K	compilations/modplanet/normal/bonuscd/artists/ham/codex permutatio by software failure.mod
file music-module	mirrors/scenesp.org/compilations/modplanet/normal/bonuscd/artists/ham/mindflux by software failure.mod	50.90K	compilations/modplanet/normal/bonuscd/artists/ham/mindflux by software failure.mod
file music-module	mirrors/scenesp.org/compilations/modplanet/normal/bonuscd/artists/herotyc/HR-OAIR!.MOD	476.79K	compilations/modplanet/normal/bonuscd/artists/herotyc/HR-OAIR!.MOD
file music-module	mirrors/scenesp.org/compilations/modplanet/normal/bonuscd/artists/herotyc/HR-PUSS!.MOD	328.57K	compilations/modplanet/normal/bonuscd/artists/herotyc/HR-PUSS!.MOD
file music-module	mirrors/scenesp.org/compilations/modplanet/normal/bonuscd/artists/josss/flc_schip.mod	31.71K	compilations/modplanet/normal/bonuscd/artists/josss/flc_schip.mod
file music-module	mirrors/scenesp.org/compilations/modplanet/normal/bonuscd/artists/josss/JOS-FLSH.MOD	50.37K	compilations/modplanet/normal/bonuscd/artists/josss/JOS-FLSH.MOD
file music-module	mirrors/scenesp.org/compilations/modplanet/normal/bonuscd/artists/josss/JOS-KEYB.MOD	115.94K	compilations/modplanet/normal/bonuscd/artists/josss/JOS-KEYB.MOD
file music-module	mirrors/scenesp.org/compilations/modplanet/normal/bonuscd/artists/josss/Jos-Brkb.mod	31.45K	compilations/modplanet/normal/bonuscd/artists/josss/Jos-Brkb.mod
file music-module	mirrors/scenesp.org/compilations/modplanet/normal/bonuscd/artists/josss/Jos-blus.mod	758.08K	compilations/modplanet/normal/bonuscd/artists/josss/Jos-blus.mod
file music-module	mirrors/scenesp.org/compilations/modplanet/normal/bonuscd/artists/josss/Jos-Heat.MOD	256.97K	compilations/modplanet/normal/bonuscd/artists/josss/Jos-Heat.MOD
file music-module	mirrors/scenesp.org/compilations/modplanet/normal/bonuscd/artists/josss/Jos-Lusi.mod	208.37K	compilations/modplanet/normal/bonuscd/artists/josss/Jos-Lusi.mod
file music-module	mirrors/scenesp.org/compilations/modplanet/normal/bonuscd/artists/josss/Jos-leth.mod	219.87K	compilations/modplanet/normal/bonuscd/artists/josss/Jos-leth.mod
file music-module	mirrors/scenesp.org/compilations/modplanet/normal/bonuscd/artists/josss/Jos-xtra.mod	24.65K	compilations/modplanet/normal/bonuscd/artists/josss/Jos-xtra.mod
file music-module	mirrors/scenesp.org/compilations/modplanet/normal/bonuscd/artists/necrox/ncx_chip.mod	60.50K	compilations/modplanet/normal/bonuscd/artists/necrox/ncx_chip.mod
file music-module	mirrors/scenesp.org/compilations/modplanet/normal/bonuscd/artists/nork/BlackTribe-Mix.mod	275.17K	compilations/modplanet/normal/bonuscd/artists/nork/BlackTribe-Mix.mod
file music-module	mirrors/scenesp.org/compilations/modplanet/normal/bonuscd/artists/nork/insane.mod	534.61K	compilations/modplanet/normal/bonuscd/artists/nork/insane.mod
file music-module	mirrors/scenesp.org/compilations/modplanet/normal/bonuscd/artists/nork/No!NormalWaves.mod	441.38K	compilations/modplanet/normal/bonuscd/artists/nork/No!NormalWaves.mod
file music-module	mirrors/scenesp.org/compilations/modplanet/normal/bonuscd/artists/nork/nk - do you like picos bread.mod	136.24K	compilations/modplanet/normal/bonuscd/artists/nork/nk - do you like picos bread.mod
file music-module	mirrors/scenesp.org/compilations/modplanet/normal/bonuscd/artists/nork/nk&hi-tati.mod	25.82K	compilations/modplanet/normal/bonuscd/artists/nork/nk&hi-tati.mod
file music-module	mirrors/scenesp.org/compilations/modplanet/normal/bonuscd/artists/nork/OneIsEnough.mod	2.10K	compilations/modplanet/normal/bonuscd/artists/nork/OneIsEnough.mod
file music-module	mirrors/scenesp.org/compilations/modplanet/normal/bonuscd/artists/nork/Trashcan4.mod	61.36K	compilations/modplanet/normal/bonuscd/artists/nork/Trashcan4.mod
file music-module	mirrors/scenesp.org/compilations/modplanet/normal/bonuscd/artists/nork/WhereIsTheSillas.mod	25.35K	compilations/modplanet/normal/bonuscd/artists/nork/WhereIsTheSillas.mod
file music-module	mirrors/scenesp.org/compilations/modplanet/normal/bonuscd/artists/rolemusic/R0LE_MER.MOD	106.16K	compilations/modplanet/normal/bonuscd/artists/rolemusic/R0LE_MER.MOD
file music-module	mirrors/scenesp.org/compilations/modplanet/normal/bonuscd/artists/rolemusic/R0LE_RUM.MOD	105.16K	compilations/modplanet/normal/bonuscd/artists/rolemusic/R0LE_RUM.MOD
file music-module	mirrors/scenesp.org/compilations/modplanet/normal/bonuscd/artists/wavemaker/0%25chocolate.mod	29.95K	compilations/modplanet/normal/bonuscd/artists/wavemaker/0%25chocolate.mod
file music-module	mirrors/scenesp.org/compilations/modplanet/normal/bonuscd/artists/wavemaker/above and beyond.mod	140.94K	compilations/modplanet/normal/bonuscd/artists/wavemaker/above and beyond.mod
file music-module	mirrors/scenesp.org/compilations/modplanet/normal/bonuscd/artists/wavemaker/don'tholdyourbreath.mod	154.37K	compilations/modplanet/normal/bonuscd/artists/wavemaker/don'tholdyourbreath.mod
file music-module	mirrors/scenesp.org/compilations/modplanet/normal/bonuscd/artists/wavemaker/trackin'noise2.mod	83.36K	compilations/modplanet/normal/bonuscd/artists/wavemaker/trackin'noise2.mod
file music-module	mirrors/scenesp.org/compilations/modplanet/normal/bonuscd/artists/wizard/WIZ_DJG.MOD	323.14K	compilations/modplanet/normal/bonuscd/artists/wizard/WIZ_DJG.MOD
file music-module	mirrors/scenesp.org/compilations/modplanet/normal/bonuscd/artists/wizard/WIZ_GND.MOD	273.47K	compilations/modplanet/normal/bonuscd/artists/wizard/WIZ_GND.MOD
file music-module	mirrors/scenesp.org/compilations/modplanet/normal/bonuscd/artists/wizard/wiz_humm.mod	330.88K	compilations/modplanet/normal/bonuscd/artists/wizard/wiz_humm.mod
file music-module	mirrors/scenesp.org/compilations/modplanet/normal/bonuscd/artists/wizard/superfighter theme/SFBULLET.MOD	29.62K	compilations/modplanet/normal/bonuscd/artists/wizard/superfighter theme/SFBULLET.MOD
file music-module	mirrors/scenesp.org/compilations/modplanet/normal/bonuscd/artists/wizard/superfighter theme/SFFRANK.MOD	47.08K	compilations/modplanet/normal/bonuscd/artists/wizard/superfighter theme/SFFRANK.MOD
file music-module	mirrors/scenesp.org/compilations/modplanet/normal/bonuscd/artists/wizard/superfighter theme/SFGMOV.MOD	59.66K	compilations/modplanet/normal/bonuscd/artists/wizard/superfighter theme/SFGMOV.MOD
file music-module	mirrors/scenesp.org/compilations/modplanet/normal/bonuscd/artists/wizard/superfighter theme/SFHIDDEN.MOD	229.75K	compilations/modplanet/normal/bonuscd/artists/wizard/superfighter theme/SFHIDDEN.MOD
file music-module	mirrors/scenesp.org/compilations/modplanet/normal/bonuscd/artists/wizard/superfighter theme/SFJAAN.MOD	44.78K	compilations/modplanet/normal/bonuscd/artists/wizard/superfighter theme/SFJAAN.MOD
file music-module	mirrors/scenesp.org/compilations/modplanet/normal/bonuscd/artists/wizard/superfighter theme/SFJOKER.MOD	41.26K	compilations/modplanet/normal/bonuscd/artists/wizard/superfighter theme/SFJOKER.MOD
file music-module	mirrors/scenesp.org/compilations/modplanet/normal/bonuscd/artists/wizard/superfighter theme/SFKTAICH.MOD	112.09K	compilations/modplanet/normal/bonuscd/artists/wizard/superfighter theme/SFKTAICH.MOD
file music-module	mirrors/scenesp.org/compilations/modplanet/normal/bonuscd/artists/wizard/superfighter theme/SFLAAN.MOD	72.25K	compilations/modplanet/normal/bonuscd/artists/wizard/superfighter theme/SFLAAN.MOD
file music-module	mirrors/scenesp.org/compilations/modplanet/normal/bonuscd/artists/wizard/superfighter theme/SFMAIN.MOD	73.59K	compilations/modplanet/normal/bonuscd/artists/wizard/superfighter theme/SFMAIN.MOD
file music-module	mirrors/scenesp.org/compilations/modplanet/normal/bonuscd/artists/wizard/superfighter theme/SFONIMAL.MOD	52.56K	compilations/modplanet/normal/bonuscd/artists/wizard/superfighter theme/SFONIMAL.MOD
file music-module	mirrors/scenesp.org/compilations/modplanet/normal/bonuscd/artists/wizard/superfighter theme/SFPHOHU.MOD	114.93K	compilations/modplanet/normal/bonuscd/artists/wizard/superfighter theme/SFPHOHU.MOD
file music-module	mirrors/scenesp.org/compilations/modplanet/normal/bonuscd/artists/wizard/superfighter theme/SFSAROR.MOD	75.24K	compilations/modplanet/normal/bonuscd/artists/wizard/superfighter theme/SFSAROR.MOD
file music-module	mirrors/scenesp.org/compilations/modplanet/normal/bonuscd/artists/wizard/superfighter theme/SFSELECT.MOD	41.08K	compilations/modplanet/normal/bonuscd/artists/wizard/superfighter theme/SFSELECT.MOD
file music-module	mirrors/scenesp.org/compilations/modplanet/normal/bonuscd/artists/wizard/superfighter theme/SFWIDOW.MOD	116.16K	compilations/modplanet/normal/bonuscd/artists/wizard/superfighter theme/SFWIDOW.MOD
file music-module	mirrors/scenesp.org/compilations/modplanet/normal/bonuscd/artists/wizard/superfighter theme/Sfindjoe.mod	144.04K	compilations/modplanet/normal/bonuscd/artists/wizard/superfighter theme/Sfindjoe.mod
file music-module	mirrors/scenesp.org/compilations/modplanet/normal/bonuscd/artists/wizard/superfighter theme/Sfstory.mod	272.90K	compilations/modplanet/normal/bonuscd/artists/wizard/superfighter theme/Sfstory.mod
file music-module	mirrors/scenesp.org/compilations/modplanet/normal/bonuscd/artists/wizard/superfighter theme/sfpia.mod	191.17K	compilations/modplanet/normal/bonuscd/artists/wizard/superfighter theme/sfpia.mod
file music-module	mirrors/scenesp.org/compilations/modplanet/normal/bonuscd/artists/wizard/superfighter theme/sfwna.mod	218.65K	compilations/modplanet/normal/bonuscd/artists/wizard/superfighter theme/sfwna.mod
file music-module	mirrors/scenesp.org/compilations/modplanet/normal/bonuscd/artists/wonder/Nork, Naif & Wonder - Tati kieht'a ya ia.mod	25.82K	compilations/modplanet/normal/bonuscd/artists/wonder/Nork, Naif & Wonder - Tati kieht'a ya ia.mod
file music-module	mirrors/scenesp.org/compilations/modplanet/normal/bonuscd/artists/wonder/Wonder - Ajotronic.mod	236.66K	compilations/modplanet/normal/bonuscd/artists/wonder/Wonder - Ajotronic.mod
file music-module	mirrors/scenesp.org/compilations/modplanet/normal/bonuscd/artists/wonder/Wonder - Alrapusha.mod	339.34K	compilations/modplanet/normal/bonuscd/artists/wonder/Wonder - Alrapusha.mod
file music-module	mirrors/scenesp.org/compilations/modplanet/normal/bonuscd/artists/wonder/Wonder - Johnny boy is alive!.mod	430.10K	compilations/modplanet/normal/bonuscd/artists/wonder/Wonder - Johnny boy is alive!.mod
file music-module	mirrors/scenesp.org/compilations/modplanet/normal/bonuscd/artists/wonder/Wonder - Livin' on strike one.mod	314.69K	compilations/modplanet/normal/bonuscd/artists/wonder/Wonder - Livin' on strike one.mod
file music-module	mirrors/scenesp.org/compilations/modplanet/normal/bonuscd/artists/xkywalker/bustrip.mod	340.80K	compilations/modplanet/normal/bonuscd/artists/xkywalker/bustrip.mod
file music-module	mirrors/scenesp.org/compilations/modplanet/normal/bonuscd/demodulate/amiga intros/brain overdrive by software failure.mod	41.10K	compilations/modplanet/normal/bonuscd/demodulate/amiga intros/brain overdrive by software failure.mod
file music-module	mirrors/scenesp.org/compilations/modplanet/normal/bonuscd/demodulate/amiga intros/ciberneocortex by software failure.mod	29.80K	compilations/modplanet/normal/bonuscd/demodulate/amiga intros/ciberneocortex by software failure.mod
file music-module	mirrors/scenesp.org/compilations/modplanet/normal/bonuscd/demodulate/amiga intros/codex permutatio by software failure.mod	38.39K	compilations/modplanet/normal/bonuscd/demodulate/amiga intros/codex permutatio by software failure.mod
file music-module	mirrors/scenesp.org/compilations/modplanet/normal/bonuscd/demodulate/amiga intros/mindflux by software failure.mod	50.90K	compilations/modplanet/normal/bonuscd/demodulate/amiga intros/mindflux by software failure.mod
file music-module	mirrors/scenesp.org/compilations/modplanet/normal/bonuscd/demodulate/pc demos/supasonic by tlotb.mod	734.43K	compilations/modplanet/normal/bonuscd/demodulate/pc demos/supasonic by tlotb.mod
file music-module	mirrors/scenesp.org/compilations/modplanet/normal/bonuscd/demodulate/pc intros/ghoulstyle by tlotb.mod	28.60K	compilations/modplanet/normal/bonuscd/demodulate/pc intros/ghoulstyle by tlotb.mod
file music-module	mirrors/scenesp.org/compilations/modplanet/normal/bonuscd/pcmania and future music/J1713VX.MOD	315.44K	compilations/modplanet/normal/bonuscd/pcmania and future music/J1713VX.MOD
file music-module	mirrors/scenesp.org/compilations/modplanet/normal/bonuscd/pcmania and future music/dados/PARA2DEM.MOD	179.39K	compilations/modplanet/normal/bonuscd/pcmania and future music/dados/PARA2DEM.MOD
file music-module	mirrors/scenesp.org/compilations/modplanet/normal/cd1/amiga artists/adeta/ANOTHER TIME.mod	160.11K	compilations/modplanet/normal/cd1/amiga artists/adeta/ANOTHER TIME.mod
file music-module	mirrors/scenesp.org/compilations/modplanet/normal/cd1/amiga artists/adeta/BSET YOUR TECHNO!.mod	85.01K	compilations/modplanet/normal/cd1/amiga artists/adeta/BSET YOUR TECHNO!.mod
file music-module	mirrors/scenesp.org/compilations/modplanet/normal/cd1/amiga artists/adeta/CHANCES.mod	101.96K	compilations/modplanet/normal/cd1/amiga artists/adeta/CHANCES.mod
file music-module	mirrors/scenesp.org/compilations/modplanet/normal/cd1/amiga artists/adeta/FANTASY OF AFRICA.mod	183.59K	compilations/modplanet/normal/cd1/amiga artists/adeta/FANTASY OF AFRICA.mod
file music-module	mirrors/scenesp.org/compilations/modplanet/normal/cd1/amiga artists/adeta/fanzine1-intro.mod	96.85K	compilations/modplanet/normal/cd1/amiga artists/adeta/fanzine1-intro.mod
file music-module	mirrors/scenesp.org/compilations/modplanet/normal/cd1/amiga artists/adeta/NIGHT IN TOKIO.mod	109.62K	compilations/modplanet/normal/cd1/amiga artists/adeta/NIGHT IN TOKIO.mod
file music-module	mirrors/scenesp.org/compilations/modplanet/normal/cd1/amiga artists/adeta/SOMEWHERE IN TIME.mod	135.85K	compilations/modplanet/normal/cd1/amiga artists/adeta/SOMEWHERE IN TIME.mod
file music-module	mirrors/scenesp.org/compilations/modplanet/normal/cd1/amiga artists/adeta/THAT BLUE GIRL 2.mod	137.47K	compilations/modplanet/normal/cd1/amiga artists/adeta/THAT BLUE GIRL 2.mod
file music-module	mirrors/scenesp.org/compilations/modplanet/normal/cd1/amiga artists/adeta/WATER LAND.mod	195.29K	compilations/modplanet/normal/cd1/amiga artists/adeta/WATER LAND.mod
file music-module	mirrors/scenesp.org/compilations/modplanet/normal/cd1/amiga artists/adrdesign/DROP THE BASS.mod	204.59K	compilations/modplanet/normal/cd1/amiga artists/adrdesign/DROP THE BASS.mod
file music-module	mirrors/scenesp.org/compilations/modplanet/normal/cd1/amiga artists/adrdesign/HQ_Project.mod	269.20K	compilations/modplanet/normal/cd1/amiga artists/adrdesign/HQ_Project.mod
file music-module	mirrors/scenesp.org/compilations/modplanet/normal/cd1/amiga artists/adrdesign/Imposible_Mission.mod	211.16K	compilations/modplanet/normal/cd1/amiga artists/adrdesign/Imposible_Mission.mod
file music-module	mirrors/scenesp.org/compilations/modplanet/normal/cd1/amiga artists/adrdesign/LOVE YOU, MOTHER.mod	288.32K	compilations/modplanet/normal/cd1/amiga artists/adrdesign/LOVE YOU, MOTHER.mod
file music-module	mirrors/scenesp.org/compilations/modplanet/normal/cd1/amiga artists/alberto tapias/AFFINITY.mod	307.29K	compilations/modplanet/normal/cd1/amiga artists/alberto tapias/AFFINITY.mod
file music-module	mirrors/scenesp.org/compilations/modplanet/normal/cd1/amiga artists/alberto tapias/FRIENDS.mod	291.55K	compilations/modplanet/normal/cd1/amiga artists/alberto tapias/FRIENDS.mod
file music-module	mirrors/scenesp.org/compilations/modplanet/normal/cd1/amiga artists/alberto tapias/oktarena.mod	379.84K	compilations/modplanet/normal/cd1/amiga artists/alberto tapias/oktarena.mod
file music-module	mirrors/scenesp.org/compilations/modplanet/normal/cd1/amiga artists/alberto tapias/Riding on Sand.mod	141.55K	compilations/modplanet/normal/cd1/amiga artists/alberto tapias/Riding on Sand.mod
file music-module	mirrors/scenesp.org/compilations/modplanet/normal/cd1/amiga artists/angel/acid-.mod	63.19K	compilations/modplanet/normal/cd1/amiga artists/angel/acid-.mod
file music-module	mirrors/scenesp.org/compilations/modplanet/normal/cd1/amiga artists/angel/dance.mod	127.74K	compilations/modplanet/normal/cd1/amiga artists/angel/dance.mod
file music-module	mirrors/scenesp.org/compilations/modplanet/normal/cd1/amiga artists/angel/duerm.mod	55.40K	compilations/modplanet/normal/cd1/amiga artists/angel/duerm.mod
file music-module	mirrors/scenesp.org/compilations/modplanet/normal/cd1/amiga artists/angel/enfad.mod	50.11K	compilations/modplanet/normal/cd1/amiga artists/angel/enfad.mod
file music-module	mirrors/scenesp.org/compilations/modplanet/normal/cd1/amiga artists/angel/extax.mod	66.70K	compilations/modplanet/normal/cd1/amiga artists/angel/extax.mod
file music-module	mirrors/scenesp.org/compilations/modplanet/normal/cd1/amiga artists/angel/fppro.mod	58.04K	compilations/modplanet/normal/cd1/amiga artists/angel/fppro.mod
file music-module	mirrors/scenesp.org/compilations/modplanet/normal/cd1/amiga artists/angel/lokur.mod	75.96K	compilations/modplanet/normal/cd1/amiga artists/angel/lokur.mod
file music-module	mirrors/scenesp.org/compilations/modplanet/normal/cd1/amiga artists/angel/masca.mod	54.32K	compilations/modplanet/normal/cd1/amiga artists/angel/masca.mod
file music-module	mirrors/scenesp.org/compilations/modplanet/normal/cd1/amiga artists/angel/oscur.mod	39.89K	compilations/modplanet/normal/cd1/amiga artists/angel/oscur.mod
file music-module	mirrors/scenesp.org/compilations/modplanet/normal/cd1/amiga artists/angel/skyn.mod	113.11K	compilations/modplanet/normal/cd1/amiga artists/angel/skyn.mod
file music-module	mirrors/scenesp.org/compilations/modplanet/normal/cd1/amiga artists/blue/6 YEARS IS FOREVER.mod	162.68K	compilations/modplanet/normal/cd1/amiga artists/blue/6 YEARS IS FOREVER.mod
file music-module	mirrors/scenesp.org/compilations/modplanet/normal/cd1/amiga artists/blue/9 KILOBYTES BLUES.mod	9.44K	compilations/modplanet/normal/cd1/amiga artists/blue/9 KILOBYTES BLUES.mod
file music-module	mirrors/scenesp.org/compilations/modplanet/normal/cd1/amiga artists/blue/9marz.mod	64.40K	compilations/modplanet/normal/cd1/amiga artists/blue/9marz.mod
file music-module	mirrors/scenesp.org/compilations/modplanet/normal/cd1/amiga artists/blue/ALL I DO IS THINK.mod	39.51K	compilations/modplanet/normal/cd1/amiga artists/blue/ALL I DO IS THINK.mod
file music-module	mirrors/scenesp.org/compilations/modplanet/normal/cd1/amiga artists/blue/ALOHA-ME.mod	95.20K	compilations/modplanet/normal/cd1/amiga artists/blue/ALOHA-ME.mod
file music-module	mirrors/scenesp.org/compilations/modplanet/normal/cd1/amiga artists/blue/AMBITION.mod	8.04K	compilations/modplanet/normal/cd1/amiga artists/blue/AMBITION.mod
file music-module	mirrors/scenesp.org/compilations/modplanet/normal/cd1/amiga artists/blue/acoustic memories.mod	41.36K	compilations/modplanet/normal/cd1/amiga artists/blue/acoustic memories.mod
file music-module	mirrors/scenesp.org/compilations/modplanet/normal/cd1/amiga artists/blue/after the win.mod	120.72K	compilations/modplanet/normal/cd1/amiga artists/blue/after the win.mod
file music-module	mirrors/scenesp.org/compilations/modplanet/normal/cd1/amiga artists/blue/again.mod	72.56K	compilations/modplanet/normal/cd1/amiga artists/blue/again.mod
file music-module	mirrors/scenesp.org/compilations/modplanet/normal/cd1/amiga artists/blue/all odds against me.mod	13.29K	compilations/modplanet/normal/cd1/amiga artists/blue/all odds against me.mod
file music-module	mirrors/scenesp.org/compilations/modplanet/normal/cd1/amiga artists/blue/artificial feelings.mod	97.29K	compilations/modplanet/normal/cd1/amiga artists/blue/artificial feelings.mod
file music-module	mirrors/scenesp.org/compilations/modplanet/normal/cd1/amiga artists/blue/at the euskal ii!!!.mod	10.12K	compilations/modplanet/normal/cd1/amiga artists/blue/at the euskal ii!!!.mod
file music-module	mirrors/scenesp.org/compilations/modplanet/normal/cd1/amiga artists/blue/CIUDADONO CHIPRIOTA.mod	16.96K	compilations/modplanet/normal/cd1/amiga artists/blue/CIUDADONO CHIPRIOTA.mod
file music-module	mirrors/scenesp.org/compilations/modplanet/normal/cd1/amiga artists/blue/chipfladura chipera.mod	4.08K	compilations/modplanet/normal/cd1/amiga artists/blue/chipfladura chipera.mod
file music-module	mirrors/scenesp.org/compilations/modplanet/normal/cd1/amiga artists/blue/conlo.mod	54.75K	compilations/modplanet/normal/cd1/amiga artists/blue/conlo.mod
file music-module	mirrors/scenesp.org/compilations/modplanet/normal/cd1/amiga artists/blue/DEJATE LLEVAR.mod	36.14K	compilations/modplanet/normal/cd1/amiga artists/blue/DEJATE LLEVAR.mod
file music-module	mirrors/scenesp.org/compilations/modplanet/normal/cd1/amiga artists/blue/despues de todo.mod	18.07K	compilations/modplanet/normal/cd1/amiga artists/blue/despues de todo.mod
file music-module	mirrors/scenesp.org/compilations/modplanet/normal/cd1/amiga artists/blue/detra.mod	113.47K	compilations/modplanet/normal/cd1/amiga artists/blue/detra.mod
file music-module	mirrors/scenesp.org/compilations/modplanet/normal/cd1/amiga artists/blue/didn't mean arabia!.mod	20.13K	compilations/modplanet/normal/cd1/amiga artists/blue/didn't mean arabia!.mod
file music-module	mirrors/scenesp.org/compilations/modplanet/normal/cd1/amiga artists/blue/dont fear da future.mod	111.29K	compilations/modplanet/normal/cd1/amiga artists/blue/dont fear da future.mod
file music-module	mirrors/scenesp.org/compilations/modplanet/normal/cd1/amiga artists/blue/ESCALONES-V.mod	70.60K	compilations/modplanet/normal/cd1/amiga artists/blue/ESCALONES-V.mod
file music-module	mirrors/scenesp.org/compilations/modplanet/normal/cd1/amiga artists/blue/ESTOS ULTIMOS MESES.mod	260.13K	compilations/modplanet/normal/cd1/amiga artists/blue/ESTOS ULTIMOS MESES.mod
file music-module	mirrors/scenesp.org/compilations/modplanet/normal/cd1/amiga artists/blue/el escondite d.john.mod	141.73K	compilations/modplanet/normal/cd1/amiga artists/blue/el escondite d.john.mod
file music-module	mirrors/scenesp.org/compilations/modplanet/normal/cd1/amiga artists/blue/el ultimo entreno.mod	130.03K	compilations/modplanet/normal/cd1/amiga artists/blue/el ultimo entreno.mod
file music-module	mirrors/scenesp.org/compilations/modplanet/normal/cd1/amiga artists/blue/falli.mod	155.77K	compilations/modplanet/normal/cd1/amiga artists/blue/falli.mod
file music-module	mirrors/scenesp.org/compilations/modplanet/normal/cd1/amiga artists/blue/INNER MOVEMENTS.mod	109.88K	compilations/modplanet/normal/cd1/amiga artists/blue/INNER MOVEMENTS.mod
file music-module	mirrors/scenesp.org/compilations/modplanet/normal/cd1/amiga artists/blue/inten.mod	71.97K	compilations/modplanet/normal/cd1/amiga artists/blue/inten.mod
file music-module	mirrors/scenesp.org/compilations/modplanet/normal/cd1/amiga artists/blue/island of my mind.mod	116.71K	compilations/modplanet/normal/cd1/amiga artists/blue/island of my mind.mod
file music-module	mirrors/scenesp.org/compilations/modplanet/normal/cd1/amiga artists/blue/JUST ONE MORE CHIP.mod	15.10K	compilations/modplanet/normal/cd1/amiga artists/blue/JUST ONE MORE CHIP.mod
file music-module	mirrors/scenesp.org/compilations/modplanet/normal/cd1/amiga artists/blue/japan.mod	76.45K	compilations/modplanet/normal/cd1/amiga artists/blue/japan.mod
file music-module	mirrors/scenesp.org/compilations/modplanet/normal/cd1/amiga artists/blue/just a warmin' up!.mod	53.68K	compilations/modplanet/normal/cd1/amiga artists/blue/just a warmin' up!.mod
file music-module	mirrors/scenesp.org/compilations/modplanet/normal/cd1/amiga artists/blue/KABR0NAZ0.mod	301.86K	compilations/modplanet/normal/cd1/amiga artists/blue/KABR0NAZ0.mod
file music-module	mirrors/scenesp.org/compilations/modplanet/normal/cd1/amiga artists/blue/LIFE IS A MELODY.mod	288.54K	compilations/modplanet/normal/cd1/amiga artists/blue/LIFE IS A MELODY.mod
file music-module	mirrors/scenesp.org/compilations/modplanet/normal/cd1/amiga artists/blue/la carrera.mod	237.71K	compilations/modplanet/normal/cd1/amiga artists/blue/la carrera.mod
file music-module	mirrors/scenesp.org/compilations/modplanet/normal/cd1/amiga artists/blue/llueve.mod	244.33K	compilations/modplanet/normal/cd1/amiga artists/blue/llueve.mod
file music-module	mirrors/scenesp.org/compilations/modplanet/normal/cd1/amiga artists/blue/longest distance.mod	187.18K	compilations/modplanet/normal/cd1/amiga artists/blue/longest distance.mod
file music-module	mirrors/scenesp.org/compilations/modplanet/normal/cd1/amiga artists/blue/MAGIC BLUES ROCK.mod	181.91K	compilations/modplanet/normal/cd1/amiga artists/blue/MAGIC BLUES ROCK.mod
file music-module	mirrors/scenesp.org/compilations/modplanet/normal/cd1/amiga artists/blue/MALOS RECUERDOS.mod	178.26K	compilations/modplanet/normal/cd1/amiga artists/blue/MALOS RECUERDOS.mod
file music-module	mirrors/scenesp.org/compilations/modplanet/normal/cd1/amiga artists/blue/MIXED EMOTIONS.mod	25.55K	compilations/modplanet/normal/cd1/amiga artists/blue/MIXED EMOTIONS.mod
file music-module	mirrors/scenesp.org/compilations/modplanet/normal/cd1/amiga artists/blue/mad cows dichip.mod	19.13K	compilations/modplanet/normal/cd1/amiga artists/blue/mad cows dichip.mod
file music-module	mirrors/scenesp.org/compilations/modplanet/normal/cd1/amiga artists/blue/malos.mod	87.00K	compilations/modplanet/normal/cd1/amiga artists/blue/malos.mod
file music-module	mirrors/scenesp.org/compilations/modplanet/normal/cd1/amiga artists/blue/mama tengo syndrome.mod	68.42K	compilations/modplanet/normal/cd1/amiga artists/blue/mama tengo syndrome.mod
file music-module	mirrors/scenesp.org/compilations/modplanet/normal/cd1/amiga artists/blue/menos que un amigo.mod	50.99K	compilations/modplanet/normal/cd1/amiga artists/blue/menos que un amigo.mod
file music-module	mirrors/scenesp.org/compilations/modplanet/normal/cd1/amiga artists/blue/metal.mod	59.85K	compilations/modplanet/normal/cd1/amiga artists/blue/metal.mod
file music-module	mirrors/scenesp.org/compilations/modplanet/normal/cd1/amiga artists/blue/NO CHRISTMAS FOR ME.mod	241.41K	compilations/modplanet/normal/cd1/amiga artists/blue/NO CHRISTMAS FOR ME.mod
file music-module	mirrors/scenesp.org/compilations/modplanet/normal/cd1/amiga artists/blue/NOWHERE AND FAST.mod	137.11K	compilations/modplanet/normal/cd1/amiga artists/blue/NOWHERE AND FAST.mod
file music-module	mirrors/scenesp.org/compilations/modplanet/normal/cd1/amiga artists/blue/OLOR A MAR.mod	65.79K	compilations/modplanet/normal/cd1/amiga artists/blue/OLOR A MAR.mod
file music-module	mirrors/scenesp.org/compilations/modplanet/normal/cd1/amiga artists/blue/ohwhe.mod	64.33K	compilations/modplanet/normal/cd1/amiga artists/blue/ohwhe.mod
file music-module	mirrors/scenesp.org/compilations/modplanet/normal/cd1/amiga artists/blue/PON UN PIANO EN TU VIDA.mod	26.34K	compilations/modplanet/normal/cd1/amiga artists/blue/PON UN PIANO EN TU VIDA.mod
file music-module	mirrors/scenesp.org/compilations/modplanet/normal/cd1/amiga artists/blue/porla.mod	35.46K	compilations/modplanet/normal/cd1/amiga artists/blue/porla.mod
file music-module	mirrors/scenesp.org/compilations/modplanet/normal/cd1/amiga artists/blue/RAVE-EMULATOR-RMX.mod	168.19K	compilations/modplanet/normal/cd1/amiga artists/blue/RAVE-EMULATOR-RMX.mod
file music-module	mirrors/scenesp.org/compilations/modplanet/normal/cd1/amiga artists/blue/RECUERDOS.mod	117.56K	compilations/modplanet/normal/cd1/amiga artists/blue/RECUERDOS.mod
file music-module	mirrors/scenesp.org/compilations/modplanet/normal/cd1/amiga artists/blue/rockd.mod	137.25K	compilations/modplanet/normal/cd1/amiga artists/blue/rockd.mod
file music-module	mirrors/scenesp.org/compilations/modplanet/normal/cd1/amiga artists/blue/SLOW MOTION DREAMS.mod	134.53K	compilations/modplanet/normal/cd1/amiga artists/blue/SLOW MOTION DREAMS.mod
file music-module	mirrors/scenesp.org/compilations/modplanet/normal/cd1/amiga artists/blue/SOMEDAY - THE CHIP.mod	20.09K	compilations/modplanet/normal/cd1/amiga artists/blue/SOMEDAY - THE CHIP.mod
file music-module	mirrors/scenesp.org/compilations/modplanet/normal/cd1/amiga artists/blue/SOMEDAY SOMEWAY.mod	227.02K	compilations/modplanet/normal/cd1/amiga artists/blue/SOMEDAY SOMEWAY.mod
file music-module	mirrors/scenesp.org/compilations/modplanet/normal/cd1/amiga artists/blue/SOMETIMES I FEEL 3D.mod	108.61K	compilations/modplanet/normal/cd1/amiga artists/blue/SOMETIMES I FEEL 3D.mod
file music-module	mirrors/scenesp.org/compilations/modplanet/normal/cd1/amiga artists/blue/SONG 4 A TIRED MAN.mod	74.61K	compilations/modplanet/normal/cd1/amiga artists/blue/SONG 4 A TIRED MAN.mod
file music-module	mirrors/scenesp.org/compilations/modplanet/normal/cd1/amiga artists/blue/STORMYCHIP.mod	8.23K	compilations/modplanet/normal/cd1/amiga artists/blue/STORMYCHIP.mod
file music-module	mirrors/scenesp.org/compilations/modplanet/normal/cd1/amiga artists/blue/shame.mod	110.09K	compilations/modplanet/normal/cd1/amiga artists/blue/shame.mod
file music-module	mirrors/scenesp.org/compilations/modplanet/normal/cd1/amiga artists/blue/sixte.mod	109.51K	compilations/modplanet/normal/cd1/amiga artists/blue/sixte.mod
file music-module	mirrors/scenesp.org/compilations/modplanet/normal/cd1/amiga artists/blue/song%23.mod	55.02K	compilations/modplanet/normal/cd1/amiga artists/blue/song%23.mod
file music-module	mirrors/scenesp.org/compilations/modplanet/normal/cd1/amiga artists/blue/song-.mod	35.83K	compilations/modplanet/normal/cd1/amiga artists/blue/song-.mod
file music-module	mirrors/scenesp.org/compilations/modplanet/normal/cd1/amiga artists/blue/sound.mod	48.46K	compilations/modplanet/normal/cd1/amiga artists/blue/sound.mod
file music-module	mirrors/scenesp.org/compilations/modplanet/normal/cd1/amiga artists/blue/stran.mod	72.33K	compilations/modplanet/normal/cd1/amiga artists/blue/stran.mod
file music-module	mirrors/scenesp.org/compilations/modplanet/normal/cd1/amiga artists/blue/TECHNO-BREAKDOWN.mod	92.95K	compilations/modplanet/normal/cd1/amiga artists/blue/TECHNO-BREAKDOWN.mod
file music-module	mirrors/scenesp.org/compilations/modplanet/normal/cd1/amiga artists/blue/THE LOST CHRISTMAS.mod	240.28K	compilations/modplanet/normal/cd1/amiga artists/blue/THE LOST CHRISTMAS.mod
file music-module	mirrors/scenesp.org/compilations/modplanet/normal/cd1/amiga artists/blue/THE THAW.mod	127.94K	compilations/modplanet/normal/cd1/amiga artists/blue/THE THAW.mod
file music-module	mirrors/scenesp.org/compilations/modplanet/normal/cd1/amiga artists/blue/TORPEZA SIN PRECEDENTES.mod	10.06K	compilations/modplanet/normal/cd1/amiga artists/blue/TORPEZA SIN PRECEDENTES.mod
file music-module	mirrors/scenesp.org/compilations/modplanet/normal/cd1/amiga artists/blue/TOTAL EMPTINESS-EUK4.mod	158.98K	compilations/modplanet/normal/cd1/amiga artists/blue/TOTAL EMPTINESS-EUK4.mod
file music-module	mirrors/scenesp.org/compilations/modplanet/normal/cd1/amiga artists/blue/TOTAL EMPTINESS.mod	202.44K	compilations/modplanet/normal/cd1/amiga artists/blue/TOTAL EMPTINESS.mod
file music-module	mirrors/scenesp.org/compilations/modplanet/normal/cd1/amiga artists/blue/thebi.mod	233.51K	compilations/modplanet/normal/cd1/amiga artists/blue/thebi.mod
file music-module	mirrors/scenesp.org/compilations/modplanet/normal/cd1/amiga artists/blue/VALS DEL GILIPOLLAS.mod	8.86K	compilations/modplanet/normal/cd1/amiga artists/blue/VALS DEL GILIPOLLAS.mod
file music-module	mirrors/scenesp.org/compilations/modplanet/normal/cd1/amiga artists/blue/VOLVERE.mod	11.67K	compilations/modplanet/normal/cd1/amiga artists/blue/VOLVERE.mod
file music-module	mirrors/scenesp.org/compilations/modplanet/normal/cd1/amiga artists/blue/VOTE BLUE-S!.mod	111.17K	compilations/modplanet/normal/cd1/amiga artists/blue/VOTE BLUE-S!.mod
file music-module	mirrors/scenesp.org/compilations/modplanet/normal/cd1/amiga artists/blue/vibra.mod	70.69K	compilations/modplanet/normal/cd1/amiga artists/blue/vibra.mod
file music-module	mirrors/scenesp.org/compilations/modplanet/normal/cd1/amiga artists/blue/WALKING ON ICE.mod	121.73K	compilations/modplanet/normal/cd1/amiga artists/blue/WALKING ON ICE.mod
file music-module	mirrors/scenesp.org/compilations/modplanet/normal/cd1/amiga artists/blue/WHEN I WANT A XMAS.mod	35.11K	compilations/modplanet/normal/cd1/amiga artists/blue/WHEN I WANT A XMAS.mod
file music-module	mirrors/scenesp.org/compilations/modplanet/normal/cd1/amiga artists/byterevenge/BLACK.mod	32.64K	compilations/modplanet/normal/cd1/amiga artists/byterevenge/BLACK.mod
file music-module	mirrors/scenesp.org/compilations/modplanet/normal/cd1/amiga artists/byterevenge/BYTE_.mod	28.48K	compilations/modplanet/normal/cd1/amiga artists/byterevenge/BYTE_.mod
file music-module	mirrors/scenesp.org/compilations/modplanet/normal/cd1/amiga artists/byterevenge/KOMBI.mod	140.22K	compilations/modplanet/normal/cd1/amiga artists/byterevenge/KOMBI.mod
file music-module	mirrors/scenesp.org/compilations/modplanet/normal/cd1/amiga artists/byterevenge/ON_TH.mod	69.42K	compilations/modplanet/normal/cd1/amiga artists/byterevenge/ON_TH.mod
file music-module	mirrors/scenesp.org/compilations/modplanet/normal/cd1/amiga artists/byterevenge/SON_T.mod	95.89K	compilations/modplanet/normal/cd1/amiga artists/byterevenge/SON_T.mod
file music-module	mirrors/scenesp.org/compilations/modplanet/normal/cd1/amiga artists/byterevenge/SPEED.mod	184.30K	compilations/modplanet/normal/cd1/amiga artists/byterevenge/SPEED.mod
file music-module	mirrors/scenesp.org/compilations/modplanet/normal/cd1/amiga artists/byterevenge/TEKNO.mod	26.77K	compilations/modplanet/normal/cd1/amiga artists/byterevenge/TEKNO.mod
file music-module	mirrors/scenesp.org/compilations/modplanet/normal/cd1/amiga artists/byterevenge/TRASH.mod	10.26K	compilations/modplanet/normal/cd1/amiga artists/byterevenge/TRASH.mod
file music-module	mirrors/scenesp.org/compilations/modplanet/normal/cd1/amiga artists/byterevenge/WALKE.mod	76.03K	compilations/modplanet/normal/cd1/amiga artists/byterevenge/WALKE.mod
file music-module	mirrors/scenesp.org/compilations/modplanet/normal/cd1/amiga artists/byterevenge/WICKE.mod	39.27K	compilations/modplanet/normal/cd1/amiga artists/byterevenge/WICKE.mod
file music-module	mirrors/scenesp.org/compilations/modplanet/normal/cd1/amiga artists/caco & vic/Marcha-piwi.mod	18.18K	compilations/modplanet/normal/cd1/amiga artists/caco & vic/Marcha-piwi.mod
file music-module	mirrors/scenesp.org/compilations/modplanet/normal/cd1/amiga artists/caco & vic/Moro_Mix.mod	94.42K	compilations/modplanet/normal/cd1/amiga artists/caco & vic/Moro_Mix.mod
file music-module	mirrors/scenesp.org/compilations/modplanet/normal/cd1/amiga artists/caco & vic/NoAlarma.mod	84.93K	compilations/modplanet/normal/cd1/amiga artists/caco & vic/NoAlarma.mod
file music-module	mirrors/scenesp.org/compilations/modplanet/normal/cd1/amiga artists/caco & vic/PARDILLO.mod	155.36K	compilations/modplanet/normal/cd1/amiga artists/caco & vic/PARDILLO.mod
file music-module	mirrors/scenesp.org/compilations/modplanet/normal/cd1/amiga artists/caco & vic/Ragarena.reremix.mod	97.37K	compilations/modplanet/normal/cd1/amiga artists/caco & vic/Ragarena.reremix.mod
file music-module	mirrors/scenesp.org/compilations/modplanet/normal/cd1/amiga artists/caco & vic/Vivaldi.mod	44.66K	compilations/modplanet/normal/cd1/amiga artists/caco & vic/Vivaldi.mod
file music-module	mirrors/scenesp.org/compilations/modplanet/normal/cd1/amiga artists/cain/11.mod	138.64K	compilations/modplanet/normal/cd1/amiga artists/cain/11.mod
file music-module	mirrors/scenesp.org/compilations/modplanet/normal/cd1/amiga artists/cain/A BEAT PLEASE.mod	316.81K	compilations/modplanet/normal/cd1/amiga artists/cain/A BEAT PLEASE.mod
file music-module	mirrors/scenesp.org/compilations/modplanet/normal/cd1/amiga artists/cain/ALONE AT NIGHT.mod	121.82K	compilations/modplanet/normal/cd1/amiga artists/cain/ALONE AT NIGHT.mod
file music-module	mirrors/scenesp.org/compilations/modplanet/normal/cd1/amiga artists/cain/AMPLITUDE.mod	146.39K	compilations/modplanet/normal/cd1/amiga artists/cain/AMPLITUDE.mod
file music-module	mirrors/scenesp.org/compilations/modplanet/normal/cd1/amiga artists/cain/balada2.mod	111.29K	compilations/modplanet/normal/cd1/amiga artists/cain/balada2.mod
file music-module	mirrors/scenesp.org/compilations/modplanet/normal/cd1/amiga artists/cain/ELECTROCUTION.mod	365.75K	compilations/modplanet/normal/cd1/amiga artists/cain/ELECTROCUTION.mod
file music-module	mirrors/scenesp.org/compilations/modplanet/normal/cd1/amiga artists/cain/FANZINE RULES 2.mod	225.97K	compilations/modplanet/normal/cd1/amiga artists/cain/FANZINE RULES 2.mod
file music-module	mirrors/scenesp.org/compilations/modplanet/normal/cd1/amiga artists/cain/HORIZONS.mod	303.94K	compilations/modplanet/normal/cd1/amiga artists/cain/HORIZONS.mod
file music-module	mirrors/scenesp.org/compilations/modplanet/normal/cd1/amiga artists/cain/MORE BEER!.mod	280.11K	compilations/modplanet/normal/cd1/amiga artists/cain/MORE BEER!.mod
file music-module	mirrors/scenesp.org/compilations/modplanet/normal/cd1/amiga artists/cain/MY CONGA.mod	724.14K	compilations/modplanet/normal/cd1/amiga artists/cain/MY CONGA.mod
file music-module	mirrors/scenesp.org/compilations/modplanet/normal/cd1/amiga artists/cain/NOIR.mod	255.51K	compilations/modplanet/normal/cd1/amiga artists/cain/NOIR.mod
file music-module	mirrors/scenesp.org/compilations/modplanet/normal/cd1/amiga artists/cain/POSESSION.mod	565.97K	compilations/modplanet/normal/cd1/amiga artists/cain/POSESSION.mod
file music-module	mirrors/scenesp.org/compilations/modplanet/normal/cd1/amiga artists/cain/SEASINE.mod	297.86K	compilations/modplanet/normal/cd1/amiga artists/cain/SEASINE.mod
file music-module	mirrors/scenesp.org/compilations/modplanet/normal/cd1/amiga artists/cain/T2SP.mod	90.33K	compilations/modplanet/normal/cd1/amiga artists/cain/T2SP.mod
file music-module	mirrors/scenesp.org/compilations/modplanet/normal/cd1/amiga artists/chili/ALLTH.mod	47.60K	compilations/modplanet/normal/cd1/amiga artists/chili/ALLTH.mod
file music-module	mirrors/scenesp.org/compilations/modplanet/normal/cd1/amiga artists/chili/AMIGA.mod	26.72K	compilations/modplanet/normal/cd1/amiga artists/chili/AMIGA.mod
file music-module	mirrors/scenesp.org/compilations/modplanet/normal/cd1/amiga artists/chili/AYCHI.mod	123.56K	compilations/modplanet/normal/cd1/amiga artists/chili/AYCHI.mod
file music-module	mirrors/scenesp.org/compilations/modplanet/normal/cd1/amiga artists/chili/CUTRE.mod	5.63K	compilations/modplanet/normal/cd1/amiga artists/chili/CUTRE.mod
file music-module	mirrors/scenesp.org/compilations/modplanet/normal/cd1/amiga artists/chili/ESTOM.mod	89.01K	compilations/modplanet/normal/cd1/amiga artists/chili/ESTOM.mod
file music-module	mirrors/scenesp.org/compilations/modplanet/normal/cd1/amiga artists/chili/HITHI.mod	43.46K	compilations/modplanet/normal/cd1/amiga artists/chili/HITHI.mod
file music-module	mirrors/scenesp.org/compilations/modplanet/normal/cd1/amiga artists/chili/INTRO.mod	66.85K	compilations/modplanet/normal/cd1/amiga artists/chili/INTRO.mod
file music-module	mirrors/scenesp.org/compilations/modplanet/normal/cd1/amiga artists/chili/JUSTM.mod	26.86K	compilations/modplanet/normal/cd1/amiga artists/chili/JUSTM.mod
file music-module	mirrors/scenesp.org/compilations/modplanet/normal/cd1/amiga artists/chili/ONPRO.mod	93.65K	compilations/modplanet/normal/cd1/amiga artists/chili/ONPRO.mod
file music-module	mirrors/scenesp.org/compilations/modplanet/normal/cd1/amiga artists/chili/PASMO.mod	83.79K	compilations/modplanet/normal/cd1/amiga artists/chili/PASMO.mod
file music-module	mirrors/scenesp.org/compilations/modplanet/normal/cd1/amiga artists/chili/REGGA.mod	30.88K	compilations/modplanet/normal/cd1/amiga artists/chili/REGGA.mod
file music-module	mirrors/scenesp.org/compilations/modplanet/normal/cd1/amiga artists/chili/SHORT.mod	96.15K	compilations/modplanet/normal/cd1/amiga artists/chili/SHORT.mod
file music-module	mirrors/scenesp.org/compilations/modplanet/normal/cd1/amiga artists/chili/SYNTH.mod	13.71K	compilations/modplanet/normal/cd1/amiga artists/chili/SYNTH.mod
file music-module	mirrors/scenesp.org/compilations/modplanet/normal/cd1/amiga artists/chili/TECHN.mod	35.81K	compilations/modplanet/normal/cd1/amiga artists/chili/TECHN.mod
file music-module	mirrors/scenesp.org/compilations/modplanet/normal/cd1/amiga artists/chili/THINK.mod	53.20K	compilations/modplanet/normal/cd1/amiga artists/chili/THINK.mod
file music-module	mirrors/scenesp.org/compilations/modplanet/normal/cd1/amiga artists/chili/TUARE.mod	45.32K	compilations/modplanet/normal/cd1/amiga artists/chili/TUARE.mod
file music-module	mirrors/scenesp.org/compilations/modplanet/normal/cd1/amiga artists/chili/WALKE.mod	60.48K	compilations/modplanet/normal/cd1/amiga artists/chili/WALKE.mod
file music-module	mirrors/scenesp.org/compilations/modplanet/normal/cd1/amiga artists/chip/CHIPHRT.MOD	13.41K	compilations/modplanet/normal/cd1/amiga artists/chip/CHIPHRT.MOD
file music-module	mirrors/scenesp.org/compilations/modplanet/normal/cd1/amiga artists/chip/EUSKAL.MOD	11.12K	compilations/modplanet/normal/cd1/amiga artists/chip/EUSKAL.MOD
file music-module	mirrors/scenesp.org/compilations/modplanet/normal/cd1/amiga artists/chip/fantastico.mod	126.30K	compilations/modplanet/normal/cd1/amiga artists/chip/fantastico.mod
file music-module	mirrors/scenesp.org/compilations/modplanet/normal/cd1/amiga artists/chip/hellin.mod	535.16K	compilations/modplanet/normal/cd1/amiga artists/chip/hellin.mod
file music-module	mirrors/scenesp.org/compilations/modplanet/normal/cd1/amiga artists/chip/ONEMOMEN.MOD	161.23K	compilations/modplanet/normal/cd1/amiga artists/chip/ONEMOMEN.MOD
file music-module	mirrors/scenesp.org/compilations/modplanet/normal/cd1/amiga artists/chip/robot_distortions.mod	305.10K	compilations/modplanet/normal/cd1/amiga artists/chip/robot_distortions.mod
file music-module	mirrors/scenesp.org/compilations/modplanet/normal/cd1/amiga artists/chip/TCHIP2.MOD	17.35K	compilations/modplanet/normal/cd1/amiga artists/chip/TCHIP2.MOD
file music-module	mirrors/scenesp.org/compilations/modplanet/normal/cd1/amiga artists/chip/TCHIP3.MOD	17.90K	compilations/modplanet/normal/cd1/amiga artists/chip/TCHIP3.MOD
file music-module	mirrors/scenesp.org/compilations/modplanet/normal/cd1/amiga artists/chip/Tchip.mod	5.57K	compilations/modplanet/normal/cd1/amiga artists/chip/Tchip.mod
file music-module	mirrors/scenesp.org/compilations/modplanet/normal/cd1/amiga artists/chip/THETHING.MOD	61.92K	compilations/modplanet/normal/cd1/amiga artists/chip/THETHING.MOD
file music-module	mirrors/scenesp.org/compilations/modplanet/normal/cd1/amiga artists/chip/TURBULENCE.mod	215.42K	compilations/modplanet/normal/cd1/amiga artists/chip/TURBULENCE.mod
file music-module	mirrors/scenesp.org/compilations/modplanet/normal/cd1/amiga artists/choche/alone.mod	25.87K	compilations/modplanet/normal/cd1/amiga artists/choche/alone.mod
file music-module	mirrors/scenesp.org/compilations/modplanet/normal/cd1/amiga artists/choche/arabi.mod	27.32K	compilations/modplanet/normal/cd1/amiga artists/choche/arabi.mod
file music-module	mirrors/scenesp.org/compilations/modplanet/normal/cd1/amiga artists/choche/awind.mod	110.92K	compilations/modplanet/normal/cd1/amiga artists/choche/awind.mod
file music-module	mirrors/scenesp.org/compilations/modplanet/normal/cd1/amiga artists/choche/beatt.mod	51.78K	compilations/modplanet/normal/cd1/amiga artists/choche/beatt.mod
file music-module	mirrors/scenesp.org/compilations/modplanet/normal/cd1/amiga artists/choche/befor.mod	66.07K	compilations/modplanet/normal/cd1/amiga artists/choche/befor.mod
file music-module	mirrors/scenesp.org/compilations/modplanet/normal/cd1/amiga artists/choche/behin.mod	118.79K	compilations/modplanet/normal/cd1/amiga artists/choche/behin.mod
file music-module	mirrors/scenesp.org/compilations/modplanet/normal/cd1/amiga artists/choche/berli.mod	33.95K	compilations/modplanet/normal/cd1/amiga artists/choche/berli.mod
file music-module	mirrors/scenesp.org/compilations/modplanet/normal/cd1/amiga artists/choche/bis.mod	26.98K	compilations/modplanet/normal/cd1/amiga artists/choche/bis.mod
file music-module	mirrors/scenesp.org/compilations/modplanet/normal/cd1/amiga artists/choche/blaky.mod	42.04K	compilations/modplanet/normal/cd1/amiga artists/choche/blaky.mod
file music-module	mirrors/scenesp.org/compilations/modplanet/normal/cd1/amiga artists/choche/butno.mod	28.46K	compilations/modplanet/normal/cd1/amiga artists/choche/butno.mod
file music-module	mirrors/scenesp.org/compilations/modplanet/normal/cd1/amiga artists/choche/cambi.mod	78.70K	compilations/modplanet/normal/cd1/amiga artists/choche/cambi.mod
file music-module	mirrors/scenesp.org/compilations/modplanet/normal/cd1/amiga artists/choche/chipi.mod	100.84K	compilations/modplanet/normal/cd1/amiga artists/choche/chipi.mod
file music-module	mirrors/scenesp.org/compilations/modplanet/normal/cd1/amiga artists/choche/colag.mod	21.10K	compilations/modplanet/normal/cd1/amiga artists/choche/colag.mod
file music-module	mirrors/scenesp.org/compilations/modplanet/normal/cd1/amiga artists/choche/corea.mod	75.93K	compilations/modplanet/normal/cd1/amiga artists/choche/corea.mod
file music-module	mirrors/scenesp.org/compilations/modplanet/normal/cd1/amiga artists/choche/cured.mod	81.01K	compilations/modplanet/normal/cd1/amiga artists/choche/cured.mod
file music-module	mirrors/scenesp.org/compilations/modplanet/normal/cd1/amiga artists/choche/d90al.mod	24.90K	compilations/modplanet/normal/cd1/amiga artists/choche/d90al.mod
file music-module	mirrors/scenesp.org/compilations/modplanet/normal/cd1/amiga artists/choche/dardo.mod	30.74K	compilations/modplanet/normal/cd1/amiga artists/choche/dardo.mod
file music-module	mirrors/scenesp.org/compilations/modplanet/normal/cd1/amiga artists/choche/darkt.mod	49.64K	compilations/modplanet/normal/cd1/amiga artists/choche/darkt.mod
file music-module	mirrors/scenesp.org/compilations/modplanet/normal/cd1/amiga artists/choche/day'n.mod	52.67K	compilations/modplanet/normal/cd1/amiga artists/choche/day'n.mod
file music-module	mirrors/scenesp.org/compilations/modplanet/normal/cd1/amiga artists/choche/decis.mod	10.43K	compilations/modplanet/normal/cd1/amiga artists/choche/decis.mod
file music-module	mirrors/scenesp.org/compilations/modplanet/normal/cd1/amiga artists/choche/defen.mod	14.47K	compilations/modplanet/normal/cd1/amiga artists/choche/defen.mod
file music-module	mirrors/scenesp.org/compilations/modplanet/normal/cd1/amiga artists/choche/dem03.mod	49.00K	compilations/modplanet/normal/cd1/amiga artists/choche/dem03.mod
file music-module	mirrors/scenesp.org/compilations/modplanet/normal/cd1/amiga artists/choche/demo.mod	65.74K	compilations/modplanet/normal/cd1/amiga artists/choche/demo.mod
file music-module	mirrors/scenesp.org/compilations/modplanet/normal/cd1/amiga artists/choche/depre.mod	24.47K	compilations/modplanet/normal/cd1/amiga artists/choche/depre.mod
file music-module	mirrors/scenesp.org/compilations/modplanet/normal/cd1/amiga artists/choche/desil.mod	43.58K	compilations/modplanet/normal/cd1/amiga artists/choche/desil.mod
file music-module	mirrors/scenesp.org/compilations/modplanet/normal/cd1/amiga artists/choche/devor.mod	30.93K	compilations/modplanet/normal/cd1/amiga artists/choche/devor.mod
file music-module	mirrors/scenesp.org/compilations/modplanet/normal/cd1/amiga artists/choche/doit(.mod	24.01K	compilations/modplanet/normal/cd1/amiga artists/choche/doit(.mod
file music-module	mirrors/scenesp.org/compilations/modplanet/normal/cd1/amiga artists/choche/e-cdm.mod	69.79K	compilations/modplanet/normal/cd1/amiga artists/choche/e-cdm.mod
file music-module	mirrors/scenesp.org/compilations/modplanet/normal/cd1/amiga artists/choche/e089.mod	35.34K	compilations/modplanet/normal/cd1/amiga artists/choche/e089.mod
file music-module	mirrors/scenesp.org/compilations/modplanet/normal/cd1/amiga artists/choche/elec.mod	36.44K	compilations/modplanet/normal/cd1/amiga artists/choche/elec.mod
file music-module	mirrors/scenesp.org/compilations/modplanet/normal/cd1/amiga artists/choche/enjoy.mod	131.69K	compilations/modplanet/normal/cd1/amiga artists/choche/enjoy.mod
file music-module	mirrors/scenesp.org/compilations/modplanet/normal/cd1/amiga artists/choche/equin.mod	58.56K	compilations/modplanet/normal/cd1/amiga artists/choche/equin.mod
file music-module	mirrors/scenesp.org/compilations/modplanet/normal/cd1/amiga artists/choche/eros.mod	29.35K	compilations/modplanet/normal/cd1/amiga artists/choche/eros.mod
file music-module	mirrors/scenesp.org/compilations/modplanet/normal/cd1/amiga artists/choche/every.mod	65.32K	compilations/modplanet/normal/cd1/amiga artists/choche/every.mod
file music-module	mirrors/scenesp.org/compilations/modplanet/normal/cd1/amiga artists/choche/exper.mod	38.10K	compilations/modplanet/normal/cd1/amiga artists/choche/exper.mod
file music-module	mirrors/scenesp.org/compilations/modplanet/normal/cd1/amiga artists/choche/falla.mod	64.15K	compilations/modplanet/normal/cd1/amiga artists/choche/falla.mod
file music-module	mirrors/scenesp.org/compilations/modplanet/normal/cd1/amiga artists/choche/flavo.mod	27.07K	compilations/modplanet/normal/cd1/amiga artists/choche/flavo.mod
file music-module	mirrors/scenesp.org/compilations/modplanet/normal/cd1/amiga artists/choche/fools.mod	47.24K	compilations/modplanet/normal/cd1/amiga artists/choche/fools.mod
file music-module	mirrors/scenesp.org/compilations/modplanet/normal/cd1/amiga artists/choche/forev.mod	34.10K	compilations/modplanet/normal/cd1/amiga artists/choche/forev.mod
file music-module	mirrors/scenesp.org/compilations/modplanet/normal/cd1/amiga artists/choche/front.mod	43.50K	compilations/modplanet/normal/cd1/amiga artists/choche/front.mod
file music-module	mirrors/scenesp.org/compilations/modplanet/normal/cd1/amiga artists/choche/fstre.mod	113.85K	compilations/modplanet/normal/cd1/amiga artists/choche/fstre.mod
file music-module	mirrors/scenesp.org/compilations/modplanet/normal/cd1/amiga artists/choche/genes.mod	27.45K	compilations/modplanet/normal/cd1/amiga artists/choche/genes.mod
file music-module	mirrors/scenesp.org/compilations/modplanet/normal/cd1/amiga artists/choche/greys.mod	50.88K	compilations/modplanet/normal/cd1/amiga artists/choche/greys.mod
file music-module	mirrors/scenesp.org/compilations/modplanet/normal/cd1/amiga artists/choche/gtbr8.mod	46.00K	compilations/modplanet/normal/cd1/amiga artists/choche/gtbr8.mod
file music-module	mirrors/scenesp.org/compilations/modplanet/normal/cd1/amiga artists/choche/head.mod	56.80K	compilations/modplanet/normal/cd1/amiga artists/choche/head.mod
file music-module	mirrors/scenesp.org/compilations/modplanet/normal/cd1/amiga artists/choche/heavy.mod	41.09K	compilations/modplanet/normal/cd1/amiga artists/choche/heavy.mod
file music-module	mirrors/scenesp.org/compilations/modplanet/normal/cd1/amiga artists/choche/human.mod	39.23K	compilations/modplanet/normal/cd1/amiga artists/choche/human.mod
file music-module	mirrors/scenesp.org/compilations/modplanet/normal/cd1/amiga artists/choche/i'mla.mod	29.71K	compilations/modplanet/normal/cd1/amiga artists/choche/i'mla.mod
file music-module	mirrors/scenesp.org/compilations/modplanet/normal/cd1/amiga artists/choche/i-mus.mod	51.06K	compilations/modplanet/normal/cd1/amiga artists/choche/i-mus.mod
file music-module	mirrors/scenesp.org/compilations/modplanet/normal/cd1/amiga artists/choche/ilove.mod	29.16K	compilations/modplanet/normal/cd1/amiga artists/choche/ilove.mod
file music-module	mirrors/scenesp.org/compilations/modplanet/normal/cd1/amiga artists/choche/ingra.mod	24.72K	compilations/modplanet/normal/cd1/amiga artists/choche/ingra.mod
file music-module	mirrors/scenesp.org/compilations/modplanet/normal/cd1/amiga artists/choche/irak.mod	17.35K	compilations/modplanet/normal/cd1/amiga artists/choche/irak.mod
file music-module	mirrors/scenesp.org/compilations/modplanet/normal/cd1/amiga artists/choche/isabe.mod	12.93K	compilations/modplanet/normal/cd1/amiga artists/choche/isabe.mod
file music-module	mirrors/scenesp.org/compilations/modplanet/normal/cd1/amiga artists/choche/isayo.mod	66.07K	compilations/modplanet/normal/cd1/amiga artists/choche/isayo.mod
file music-module	mirrors/scenesp.org/compilations/modplanet/normal/cd1/amiga artists/choche/it'sc.mod	82.63K	compilations/modplanet/normal/cd1/amiga artists/choche/it'sc.mod
file music-module	mirrors/scenesp.org/compilations/modplanet/normal/cd1/amiga artists/choche/jacki.mod	57.55K	compilations/modplanet/normal/cd1/amiga artists/choche/jacki.mod
file music-module	mirrors/scenesp.org/compilations/modplanet/normal/cd1/amiga artists/choche/jcged.mod	39.40K	compilations/modplanet/normal/cd1/amiga artists/choche/jcged.mod
file music-module	mirrors/scenesp.org/compilations/modplanet/normal/cd1/amiga artists/choche/jesus.mod	34.04K	compilations/modplanet/normal/cd1/amiga artists/choche/jesus.mod
file music-module	mirrors/scenesp.org/compilations/modplanet/normal/cd1/amiga artists/choche/jimy'.mod	38.87K	compilations/modplanet/normal/cd1/amiga artists/choche/jimy'.mod
file music-module	mirrors/scenesp.org/compilations/modplanet/normal/cd1/amiga artists/choche/juras.mod	44.67K	compilations/modplanet/normal/cd1/amiga artists/choche/juras.mod
file music-module	mirrors/scenesp.org/compilations/modplanet/normal/cd1/amiga artists/choche/kekie.mod	41.06K	compilations/modplanet/normal/cd1/amiga artists/choche/kekie.mod
file music-module	mirrors/scenesp.org/compilations/modplanet/normal/cd1/amiga artists/choche/ketep.mod	30.94K	compilations/modplanet/normal/cd1/amiga artists/choche/ketep.mod
file music-module	mirrors/scenesp.org/compilations/modplanet/normal/cd1/amiga artists/choche/kraft.mod	31.62K	compilations/modplanet/normal/cd1/amiga artists/choche/kraft.mod
file music-module	mirrors/scenesp.org/compilations/modplanet/normal/cd1/amiga artists/choche/lines.mod	41.97K	compilations/modplanet/normal/cd1/amiga artists/choche/lines.mod
file music-module	mirrors/scenesp.org/compilations/modplanet/normal/cd1/amiga artists/choche/losec.mod	31.63K	compilations/modplanet/normal/cd1/amiga artists/choche/losec.mod
file music-module	mirrors/scenesp.org/compilations/modplanet/normal/cd1/amiga artists/choche/lowlo.mod	67.45K	compilations/modplanet/normal/cd1/amiga artists/choche/lowlo.mod
file music-module	mirrors/scenesp.org/compilations/modplanet/normal/cd1/amiga artists/choche/maste.mod	82.29K	compilations/modplanet/normal/cd1/amiga artists/choche/maste.mod
file music-module	mirrors/scenesp.org/compilations/modplanet/normal/cd1/amiga artists/choche/mecha.mod	48.83K	compilations/modplanet/normal/cd1/amiga artists/choche/mecha.mod
file music-module	mirrors/scenesp.org/compilations/modplanet/normal/cd1/amiga artists/choche/metal.mod	33.48K	compilations/modplanet/normal/cd1/amiga artists/choche/metal.mod
file music-module	mirrors/scenesp.org/compilations/modplanet/normal/cd1/amiga artists/choche/mfull.mod	45.52K	compilations/modplanet/normal/cd1/amiga artists/choche/mfull.mod
file music-module	mirrors/scenesp.org/compilations/modplanet/normal/cd1/amiga artists/choche/mirro.mod	60.67K	compilations/modplanet/normal/cd1/amiga artists/choche/mirro.mod
file music-module	mirrors/scenesp.org/compilations/modplanet/normal/cd1/amiga artists/choche/myown.mod	27.97K	compilations/modplanet/normal/cd1/amiga artists/choche/myown.mod
file music-module	mirrors/scenesp.org/compilations/modplanet/normal/cd1/amiga artists/choche/mypt2.mod	35.72K	compilations/modplanet/normal/cd1/amiga artists/choche/mypt2.mod
file music-module	mirrors/scenesp.org/compilations/modplanet/normal/cd1/amiga artists/choche/mypt3.mod	35.72K	compilations/modplanet/normal/cd1/amiga artists/choche/mypt3.mod
file music-module	mirrors/scenesp.org/compilations/modplanet/normal/cd1/amiga artists/choche/next2.mod	29.34K	compilations/modplanet/normal/cd1/amiga artists/choche/next2.mod
file music-module	mirrors/scenesp.org/compilations/modplanet/normal/cd1/amiga artists/choche/night.mod	33.17K	compilations/modplanet/normal/cd1/amiga artists/choche/night.mod
file music-module	mirrors/scenesp.org/compilations/modplanet/normal/cd1/amiga artists/choche/nnocu.mod	15.61K	compilations/modplanet/normal/cd1/amiga artists/choche/nnocu.mod
file music-module	mirrors/scenesp.org/compilations/modplanet/normal/cd1/amiga artists/choche/no-t.mod	23.79K	compilations/modplanet/normal/cd1/amiga artists/choche/no-t.mod
file music-module	mirrors/scenesp.org/compilations/modplanet/normal/cd1/amiga artists/choche/nofut.mod	24.07K	compilations/modplanet/normal/cd1/amiga artists/choche/nofut.mod
file music-module	mirrors/scenesp.org/compilations/modplanet/normal/cd1/amiga artists/choche/nonst.mod	25.63K	compilations/modplanet/normal/cd1/amiga artists/choche/nonst.mod
file music-module	mirrors/scenesp.org/compilations/modplanet/normal/cd1/amiga artists/choche/nothi.mod	80.56K	compilations/modplanet/normal/cd1/amiga artists/choche/nothi.mod
file music-module	mirrors/scenesp.org/compilations/modplanet/normal/cd1/amiga artists/choche/o-dio.mod	28.82K	compilations/modplanet/normal/cd1/amiga artists/choche/o-dio.mod
file music-module	mirrors/scenesp.org/compilations/modplanet/normal/cd1/amiga artists/choche/ofen-.mod	53.13K	compilations/modplanet/normal/cd1/amiga artists/choche/ofen-.mod
file music-module	mirrors/scenesp.org/compilations/modplanet/normal/cd1/amiga artists/choche/oio.mod	21.85K	compilations/modplanet/normal/cd1/amiga artists/choche/oio.mod
file music-module	mirrors/scenesp.org/compilations/modplanet/normal/cd1/amiga artists/choche/oneca.mod	39.25K	compilations/modplanet/normal/cd1/amiga artists/choche/oneca.mod
file music-module	mirrors/scenesp.org/compilations/modplanet/normal/cd1/amiga artists/choche/opini.mod	16.25K	compilations/modplanet/normal/cd1/amiga artists/choche/opini.mod
file music-module	mirrors/scenesp.org/compilations/modplanet/normal/cd1/amiga artists/choche/orien.mod	32.80K	compilations/modplanet/normal/cd1/amiga artists/choche/orien.mod
file music-module	mirrors/scenesp.org/compilations/modplanet/normal/cd1/amiga artists/choche/ot2.mod	76.76K	compilations/modplanet/normal/cd1/amiga artists/choche/ot2.mod
file music-module	mirrors/scenesp.org/compilations/modplanet/normal/cd1/amiga artists/choche/ot3.mod	28.04K	compilations/modplanet/normal/cd1/amiga artists/choche/ot3.mod
file music-module	mirrors/scenesp.org/compilations/modplanet/normal/cd1/amiga artists/choche/other.mod	53.95K	compilations/modplanet/normal/cd1/amiga artists/choche/other.mod
file music-module	mirrors/scenesp.org/compilations/modplanet/normal/cd1/amiga artists/choche/pain.mod	46.73K	compilations/modplanet/normal/cd1/amiga artists/choche/pain.mod
file music-module	mirrors/scenesp.org/compilations/modplanet/normal/cd1/amiga artists/choche/paran.mod	27.90K	compilations/modplanet/normal/cd1/amiga artists/choche/paran.mod
file music-module	mirrors/scenesp.org/compilations/modplanet/normal/cd1/amiga artists/choche/pess.mod	30.63K	compilations/modplanet/normal/cd1/amiga artists/choche/pess.mod
file music-module	mirrors/scenesp.org/compilations/modplanet/normal/cd1/amiga artists/choche/photo.mod	58.64K	compilations/modplanet/normal/cd1/amiga artists/choche/photo.mod
file music-module	mirrors/scenesp.org/compilations/modplanet/normal/cd1/amiga artists/choche/ponin.mod	26.39K	compilations/modplanet/normal/cd1/amiga artists/choche/ponin.mod
file music-module	mirrors/scenesp.org/compilations/modplanet/normal/cd1/amiga artists/choche/promi.mod	31.82K	compilations/modplanet/normal/cd1/amiga artists/choche/promi.mod
file music-module	mirrors/scenesp.org/compilations/modplanet/normal/cd1/amiga artists/choche/prope.mod	21.79K	compilations/modplanet/normal/cd1/amiga artists/choche/prope.mod
file music-module	mirrors/scenesp.org/compilations/modplanet/normal/cd1/amiga artists/choche/ranci.mod	36.07K	compilations/modplanet/normal/cd1/amiga artists/choche/ranci.mod
file music-module	mirrors/scenesp.org/compilations/modplanet/normal/cd1/amiga artists/choche/rec-m.mod	35.72K	compilations/modplanet/normal/cd1/amiga artists/choche/rec-m.mod
file music-module	mirrors/scenesp.org/compilations/modplanet/normal/cd1/amiga artists/choche/rew.mod	17.31K	compilations/modplanet/normal/cd1/amiga artists/choche/rew.mod
file music-module	mirrors/scenesp.org/compilations/modplanet/normal/cd1/amiga artists/choche/roman.mod	75.14K	compilations/modplanet/normal/cd1/amiga artists/choche/roman.mod
file music-module	mirrors/scenesp.org/compilations/modplanet/normal/cd1/amiga artists/choche/sc.mod	69.59K	compilations/modplanet/normal/cd1/amiga artists/choche/sc.mod
file music-module	mirrors/scenesp.org/compilations/modplanet/normal/cd1/amiga artists/choche/sleep.mod	22.32K	compilations/modplanet/normal/cd1/amiga artists/choche/sleep.mod
file music-module	mirrors/scenesp.org/compilations/modplanet/normal/cd1/amiga artists/choche/somed.mod	24.06K	compilations/modplanet/normal/cd1/amiga artists/choche/somed.mod
file music-module	mirrors/scenesp.org/compilations/modplanet/normal/cd1/amiga artists/choche/song.mod	35.86K	compilations/modplanet/normal/cd1/amiga artists/choche/song.mod
file music-module	mirrors/scenesp.org/compilations/modplanet/normal/cd1/amiga artists/choche/sss%23.mod	34.01K	compilations/modplanet/normal/cd1/amiga artists/choche/sss%23.mod
file music-module	mirrors/scenesp.org/compilations/modplanet/normal/cd1/amiga artists/choche/stran.mod	71.96K	compilations/modplanet/normal/cd1/amiga artists/choche/stran.mod
file music-module	mirrors/scenesp.org/compilations/modplanet/normal/cd1/amiga artists/choche/taint.mod	41.06K	compilations/modplanet/normal/cd1/amiga artists/choche/taint.mod
file music-module	mirrors/scenesp.org/compilations/modplanet/normal/cd1/amiga artists/choche/tales.mod	34.49K	compilations/modplanet/normal/cd1/amiga artists/choche/tales.mod
file music-module	mirrors/scenesp.org/compilations/modplanet/normal/cd1/amiga artists/choche/tcy.mod	106.60K	compilations/modplanet/normal/cd1/amiga artists/choche/tcy.mod
file music-module	mirrors/scenesp.org/compilations/modplanet/normal/cd1/amiga artists/choche/tecte.mod	25.01K	compilations/modplanet/normal/cd1/amiga artists/choche/tecte.mod
file music-module	mirrors/scenesp.org/compilations/modplanet/normal/cd1/amiga artists/choche/tenye.mod	44.17K	compilations/modplanet/normal/cd1/amiga artists/choche/tenye.mod
file music-module	mirrors/scenesp.org/compilations/modplanet/normal/cd1/amiga artists/choche/testo.mod	74.93K	compilations/modplanet/normal/cd1/amiga artists/choche/testo.mod
file music-module	mirrors/scenesp.org/compilations/modplanet/normal/cd1/amiga artists/choche/tgy.mod	59.97K	compilations/modplanet/normal/cd1/amiga artists/choche/tgy.mod
file music-module	mirrors/scenesp.org/compilations/modplanet/normal/cd1/amiga artists/choche/thewa.mod	62.77K	compilations/modplanet/normal/cd1/amiga artists/choche/thewa.mod
file music-module	mirrors/scenesp.org/compilations/modplanet/normal/cd1/amiga artists/choche/toy%23.mod	24.98K	compilations/modplanet/normal/cd1/amiga artists/choche/toy%23.mod
file music-module	mirrors/scenesp.org/compilations/modplanet/normal/cd1/amiga artists/choche/treas.mod	35.78K	compilations/modplanet/normal/cd1/amiga artists/choche/treas.mod
file music-module	mirrors/scenesp.org/compilations/modplanet/normal/cd1/amiga artists/choche/turnm.mod	29.27K	compilations/modplanet/normal/cd1/amiga artists/choche/turnm.mod
file music-module	mirrors/scenesp.org/compilations/modplanet/normal/cd1/amiga artists/choche/u-kno.mod	27.00K	compilations/modplanet/normal/cd1/amiga artists/choche/u-kno.mod
file music-module	mirrors/scenesp.org/compilations/modplanet/normal/cd1/amiga artists/choche/upsta.mod	114.39K	compilations/modplanet/normal/cd1/amiga artists/choche/upsta.mod
file music-module	mirrors/scenesp.org/compilations/modplanet/normal/cd1/amiga artists/choche/voz_.mod	40.15K	compilations/modplanet/normal/cd1/amiga artists/choche/voz_.mod
file music-module	mirrors/scenesp.org/compilations/modplanet/normal/cd1/amiga artists/choche/wedne.mod	31.56K	compilations/modplanet/normal/cd1/amiga artists/choche/wedne.mod
file music-module	mirrors/scenesp.org/compilations/modplanet/normal/cd1/amiga artists/choche/zero.mod	41.11K	compilations/modplanet/normal/cd1/amiga artists/choche/zero.mod
file music-module	mirrors/scenesp.org/compilations/modplanet/normal/cd1/amiga artists/coyote/B2 SOUNDTRACK.mod	105.39K	compilations/modplanet/normal/cd1/amiga artists/coyote/B2 SOUNDTRACK.mod
file music-module	mirrors/scenesp.org/compilations/modplanet/normal/cd1/amiga artists/coyote/obsession.mod	25.05K	compilations/modplanet/normal/cd1/amiga artists/coyote/obsession.mod
file music-module	mirrors/scenesp.org/compilations/modplanet/normal/cd1/amiga artists/creator/ACTIC DANCE.mod	154.77K	compilations/modplanet/normal/cd1/amiga artists/creator/ACTIC DANCE.mod
file music-module	mirrors/scenesp.org/compilations/modplanet/normal/cd1/amiga artists/creator/ALIYAKU.mod	75.51K	compilations/modplanet/normal/cd1/amiga artists/creator/ALIYAKU.mod
file music-module	mirrors/scenesp.org/compilations/modplanet/normal/cd1/amiga artists/creator/CATAPUNCHINCHIN2.mod	112.44K	compilations/modplanet/normal/cd1/amiga artists/creator/CATAPUNCHINCHIN2.mod
file music-module	mirrors/scenesp.org/compilations/modplanet/normal/cd1/amiga artists/creator/EQUINOX.mod	5.29K	compilations/modplanet/normal/cd1/amiga artists/creator/EQUINOX.mod
file music-module	mirrors/scenesp.org/compilations/modplanet/normal/cd1/amiga artists/creator/EXOLON.mod	9.89K	compilations/modplanet/normal/cd1/amiga artists/creator/EXOLON.mod
file music-module	mirrors/scenesp.org/compilations/modplanet/normal/cd1/amiga artists/creator/FLOATING IN FROTH.mod	147.22K	compilations/modplanet/normal/cd1/amiga artists/creator/FLOATING IN FROTH.mod
file music-module	mirrors/scenesp.org/compilations/modplanet/normal/cd1/amiga artists/creator/HEARTLAND.mod	11.92K	compilations/modplanet/normal/cd1/amiga artists/creator/HEARTLAND.mod
file music-module	mirrors/scenesp.org/compilations/modplanet/normal/cd1/amiga artists/creator/SOFTMELODY.mod	178.09K	compilations/modplanet/normal/cd1/amiga artists/creator/SOFTMELODY.mod
file music-module	mirrors/scenesp.org/compilations/modplanet/normal/cd1/amiga artists/creator/Wet and wild.mod	184.92K	compilations/modplanet/normal/cd1/amiga artists/creator/Wet and wild.mod
file music-module	mirrors/scenesp.org/compilations/modplanet/normal/cd1/amiga artists/critical science/Critical Science-Avenger Flight II.mod	253.07K	compilations/modplanet/normal/cd1/amiga artists/critical science/Critical Science-Avenger Flight II.mod
file music-module	mirrors/scenesp.org/compilations/modplanet/normal/cd1/amiga artists/critical science/Critical Science-Dark Night.mod	180.11K	compilations/modplanet/normal/cd1/amiga artists/critical science/Critical Science-Dark Night.mod
file music-module	mirrors/scenesp.org/compilations/modplanet/normal/cd1/amiga artists/critical science/Critical Science-Future Hopes.mod	241.92K	compilations/modplanet/normal/cd1/amiga artists/critical science/Critical Science-Future Hopes.mod
file music-module	mirrors/scenesp.org/compilations/modplanet/normal/cd1/amiga artists/critical science/Critical Science-Game Support.mod	25.66K	compilations/modplanet/normal/cd1/amiga artists/critical science/Critical Science-Game Support.mod
file music-module	mirrors/scenesp.org/compilations/modplanet/normal/cd1/amiga artists/critical science/Critical Science-Just Techno Mind.mod	279.67K	compilations/modplanet/normal/cd1/amiga artists/critical science/Critical Science-Just Techno Mind.mod
file music-module	mirrors/scenesp.org/compilations/modplanet/normal/cd1/amiga artists/critical science/Critical Science-Lead Soldiers.mod	168.36K	compilations/modplanet/normal/cd1/amiga artists/critical science/Critical Science-Lead Soldiers.mod
file music-module	mirrors/scenesp.org/compilations/modplanet/normal/cd1/amiga artists/critical science/Critical Science-Life Is A Dare.mod	78.81K	compilations/modplanet/normal/cd1/amiga artists/critical science/Critical Science-Life Is A Dare.mod
file music-module	mirrors/scenesp.org/compilations/modplanet/normal/cd1/amiga artists/critical science/Critical Science-New Sensations.mod	180.93K	compilations/modplanet/normal/cd1/amiga artists/critical science/Critical Science-New Sensations.mod
file music-module	mirrors/scenesp.org/compilations/modplanet/normal/cd1/amiga artists/critical science/Critical Science-Physic Noise II.mod	206.15K	compilations/modplanet/normal/cd1/amiga artists/critical science/Critical Science-Physic Noise II.mod
file music-module	mirrors/scenesp.org/compilations/modplanet/normal/cd1/amiga artists/critical science/Critical Science-Polar Dreams.mod	354.20K	compilations/modplanet/normal/cd1/amiga artists/critical science/Critical Science-Polar Dreams.mod
file music-module	mirrors/scenesp.org/compilations/modplanet/normal/cd1/amiga artists/critical science/Critical Science-Sacred Sanctuary.mod	303.55K	compilations/modplanet/normal/cd1/amiga artists/critical science/Critical Science-Sacred Sanctuary.mod
file music-module	mirrors/scenesp.org/compilations/modplanet/normal/cd1/amiga artists/critical science/Critical Science-Scaly Clasyc.mod	130.16K	compilations/modplanet/normal/cd1/amiga artists/critical science/Critical Science-Scaly Clasyc.mod
file music-module	mirrors/scenesp.org/compilations/modplanet/normal/cd1/amiga artists/critical science/Critical Science-Sound Conquest.mod.mod	124.95K	compilations/modplanet/normal/cd1/amiga artists/critical science/Critical Science-Sound Conquest.mod.mod
file music-module	mirrors/scenesp.org/compilations/modplanet/normal/cd1/amiga artists/critical science/Critical Science-Space Donuts.mod	121.98K	compilations/modplanet/normal/cd1/amiga artists/critical science/Critical Science-Space Donuts.mod
file music-module	mirrors/scenesp.org/compilations/modplanet/normal/cd1/amiga artists/critical science/Critical Science-Supreme Temptation.mod	135.72K	compilations/modplanet/normal/cd1/amiga artists/critical science/Critical Science-Supreme Temptation.mod
file music-module	mirrors/scenesp.org/compilations/modplanet/normal/cd1/amiga artists/critical science/Critical Science-Tears of air.mod	102.50K	compilations/modplanet/normal/cd1/amiga artists/critical science/Critical Science-Tears of air.mod
file music-module	mirrors/scenesp.org/compilations/modplanet/normal/cd1/amiga artists/critical science/Critical Science-Tech Design.mod.mod	267.34K	compilations/modplanet/normal/cd1/amiga artists/critical science/Critical Science-Tech Design.mod.mod
file music-module	mirrors/scenesp.org/compilations/modplanet/normal/cd1/amiga artists/critical science/Critical Science-Tendencies Part I.mod	231.12K	compilations/modplanet/normal/cd1/amiga artists/critical science/Critical Science-Tendencies Part I.mod
file music-module	mirrors/scenesp.org/compilations/modplanet/normal/cd1/amiga artists/critical science/Critical Science-Tendencies Part II.mod	292.03K	compilations/modplanet/normal/cd1/amiga artists/critical science/Critical Science-Tendencies Part II.mod
file music-module	mirrors/scenesp.org/compilations/modplanet/normal/cd1/amiga artists/critical science/Critical Science-The Answer Back.mod	120.30K	compilations/modplanet/normal/cd1/amiga artists/critical science/Critical Science-The Answer Back.mod
file music-module	mirrors/scenesp.org/compilations/modplanet/normal/cd1/amiga artists/critical science/Critical_Science-Frozen_Pack_03.mod	51.73K	compilations/modplanet/normal/cd1/amiga artists/critical science/Critical_Science-Frozen_Pack_03.mod
file music-module	mirrors/scenesp.org/compilations/modplanet/normal/cd1/amiga artists/critical science/Showtime 11 Theme.mod	238.42K	compilations/modplanet/normal/cd1/amiga artists/critical science/Showtime 11 Theme.mod
file music-module	mirrors/scenesp.org/compilations/modplanet/normal/cd1/amiga artists/cueder/A CHERRY CHIP.mod	218.01K	compilations/modplanet/normal/cd1/amiga artists/cueder/A CHERRY CHIP.mod
file music-module	mirrors/scenesp.org/compilations/modplanet/normal/cd1/amiga artists/cueder/A WORLD OF DREAMS 5.mod	431.44K	compilations/modplanet/normal/cd1/amiga artists/cueder/A WORLD OF DREAMS 5.mod
file music-module	mirrors/scenesp.org/compilations/modplanet/normal/cd1/amiga artists/cueder/A-M-O-K.mod	245.42K	compilations/modplanet/normal/cd1/amiga artists/cueder/A-M-O-K.mod
file music-module	mirrors/scenesp.org/compilations/modplanet/normal/cd1/amiga artists/cueder/AUTUMN DREAMS.mod	126.32K	compilations/modplanet/normal/cd1/amiga artists/cueder/AUTUMN DREAMS.mod
file music-module	mirrors/scenesp.org/compilations/modplanet/normal/cd1/amiga artists/cueder/C&N-TRAS.MOD	298.95K	compilations/modplanet/normal/cd1/amiga artists/cueder/C&N-TRAS.MOD
file music-module	mirrors/scenesp.org/compilations/modplanet/normal/cd1/amiga artists/cueder/CAPSULE TUNE.mod	16.53K	compilations/modplanet/normal/cd1/amiga artists/cueder/CAPSULE TUNE.mod
file music-module	mirrors/scenesp.org/compilations/modplanet/normal/cd1/amiga artists/cueder/CHIP NATION MAD.mod	13.80K	compilations/modplanet/normal/cd1/amiga artists/cueder/CHIP NATION MAD.mod
file music-module	mirrors/scenesp.org/compilations/modplanet/normal/cd1/amiga artists/cueder/COLISEUM.mod	321.81K	compilations/modplanet/normal/cd1/amiga artists/cueder/COLISEUM.mod
file music-module	mirrors/scenesp.org/compilations/modplanet/normal/cd1/amiga artists/cueder/COSMOPOLITAN WORLD.mod	6.26K	compilations/modplanet/normal/cd1/amiga artists/cueder/COSMOPOLITAN WORLD.mod
file music-module	mirrors/scenesp.org/compilations/modplanet/normal/cd1/amiga artists/cueder/DARKSIDE OF ME.mod	318.29K	compilations/modplanet/normal/cd1/amiga artists/cueder/DARKSIDE OF ME.mod
file music-module	mirrors/scenesp.org/compilations/modplanet/normal/cd1/amiga artists/cueder/DAYLIGHT.mod	137.92K	compilations/modplanet/normal/cd1/amiga artists/cueder/DAYLIGHT.mod
file music-module	mirrors/scenesp.org/compilations/modplanet/normal/cd1/amiga artists/cueder/DREAMLAND.mod	591.02K	compilations/modplanet/normal/cd1/amiga artists/cueder/DREAMLAND.mod
file music-module	mirrors/scenesp.org/compilations/modplanet/normal/cd1/amiga artists/cueder/Dream'n'Bass.mod	744.70K	compilations/modplanet/normal/cd1/amiga artists/cueder/Dream'n'Bass.mod
file music-module	mirrors/scenesp.org/compilations/modplanet/normal/cd1/amiga artists/cueder/EXPERIMENTAL.mod	204.53K	compilations/modplanet/normal/cd1/amiga artists/cueder/EXPERIMENTAL.mod
file music-module	mirrors/scenesp.org/compilations/modplanet/normal/cd1/amiga artists/cueder/FIRST & LAST.mod	12.31K	compilations/modplanet/normal/cd1/amiga artists/cueder/FIRST & LAST.mod
file music-module	mirrors/scenesp.org/compilations/modplanet/normal/cd1/amiga artists/cueder/FREEDOM FOR AFRIKA.mod	157.28K	compilations/modplanet/normal/cd1/amiga artists/cueder/FREEDOM FOR AFRIKA.mod
file music-module	mirrors/scenesp.org/compilations/modplanet/normal/cd1/amiga artists/cueder/GIVE ME THE BOX.mod	776.11K	compilations/modplanet/normal/cd1/amiga artists/cueder/GIVE ME THE BOX.mod
file music-module	mirrors/scenesp.org/compilations/modplanet/normal/cd1/amiga artists/cueder/IN MY BRAIN.mod	27.22K	compilations/modplanet/normal/cd1/amiga artists/cueder/IN MY BRAIN.mod
file music-module	mirrors/scenesp.org/compilations/modplanet/normal/cd1/amiga artists/cueder/Judas priest.mod	151.70K	compilations/modplanet/normal/cd1/amiga artists/cueder/Judas priest.mod
file music-module	mirrors/scenesp.org/compilations/modplanet/normal/cd1/amiga artists/cueder/KRONENBOURG.mod	162.66K	compilations/modplanet/normal/cd1/amiga artists/cueder/KRONENBOURG.mod
file music-module	mirrors/scenesp.org/compilations/modplanet/normal/cd1/amiga artists/cueder/LA RULETA MAJICA.mod	15.17K	compilations/modplanet/normal/cd1/amiga artists/cueder/LA RULETA MAJICA.mod
file music-module	mirrors/scenesp.org/compilations/modplanet/normal/cd1/amiga artists/cueder/LINE OF TERROR.mod	90.11K	compilations/modplanet/normal/cd1/amiga artists/cueder/LINE OF TERROR.mod
file music-module	mirrors/scenesp.org/compilations/modplanet/normal/cd1/amiga artists/cueder/LOAD THE CHIP.mod	8.25K	compilations/modplanet/normal/cd1/amiga artists/cueder/LOAD THE CHIP.mod
file music-module	mirrors/scenesp.org/compilations/modplanet/normal/cd1/amiga artists/cueder/MEANWHILE.mod	9.34K	compilations/modplanet/normal/cd1/amiga artists/cueder/MEANWHILE.mod
file music-module	mirrors/scenesp.org/compilations/modplanet/normal/cd1/amiga artists/cueder/MI PIANO.mod	37.00K	compilations/modplanet/normal/cd1/amiga artists/cueder/MI PIANO.mod
file music-module	mirrors/scenesp.org/compilations/modplanet/normal/cd1/amiga artists/cueder/MIKKROTECKK V1 CHIP.mod	44.76K	compilations/modplanet/normal/cd1/amiga artists/cueder/MIKKROTECKK V1 CHIP.mod
file music-module	mirrors/scenesp.org/compilations/modplanet/normal/cd1/amiga artists/cueder/NEUROTIC DANCE.mod	118.44K	compilations/modplanet/normal/cd1/amiga artists/cueder/NEUROTIC DANCE.mod
file music-module	mirrors/scenesp.org/compilations/modplanet/normal/cd1/amiga artists/cueder/NK-THE_P.MOD	827.95K	compilations/modplanet/normal/cd1/amiga artists/cueder/NK-THE_P.MOD
file music-module	mirrors/scenesp.org/compilations/modplanet/normal/cd1/amiga artists/cueder/ONYX.mod	1.03M	compilations/modplanet/normal/cd1/amiga artists/cueder/ONYX.mod
file music-module	mirrors/scenesp.org/compilations/modplanet/normal/cd1/amiga artists/cueder/OVER THE RAINBOW.mod	450.31K	compilations/modplanet/normal/cd1/amiga artists/cueder/OVER THE RAINBOW.mod
file music-module	mirrors/scenesp.org/compilations/modplanet/normal/cd1/amiga artists/cueder/OZONE TUNE 2.mod	11.42K	compilations/modplanet/normal/cd1/amiga artists/cueder/OZONE TUNE 2.mod
file music-module	mirrors/scenesp.org/compilations/modplanet/normal/cd1/amiga artists/cueder/POISON.mod	837.04K	compilations/modplanet/normal/cd1/amiga artists/cueder/POISON.mod
file music-module	mirrors/scenesp.org/compilations/modplanet/normal/cd1/amiga artists/cueder/POLYCHROME.mod	32.28K	compilations/modplanet/normal/cd1/amiga artists/cueder/POLYCHROME.mod
file music-module	mirrors/scenesp.org/compilations/modplanet/normal/cd1/amiga artists/cueder/PROXIMITY.mod	274.23K	compilations/modplanet/normal/cd1/amiga artists/cueder/PROXIMITY.mod
file music-module	mirrors/scenesp.org/compilations/modplanet/normal/cd1/amiga artists/cueder/Proklive Theme.mod	29.49K	compilations/modplanet/normal/cd1/amiga artists/cueder/Proklive Theme.mod
file music-module	mirrors/scenesp.org/compilations/modplanet/normal/cd1/amiga artists/cueder/PURPLE_D.MOD	592.29K	compilations/modplanet/normal/cd1/amiga artists/cueder/PURPLE_D.MOD
file music-module	mirrors/scenesp.org/compilations/modplanet/normal/cd1/amiga artists/cueder/RADICAL BABY.mod	10.32K	compilations/modplanet/normal/cd1/amiga artists/cueder/RADICAL BABY.mod
file music-module	mirrors/scenesp.org/compilations/modplanet/normal/cd1/amiga artists/cueder/SHOWTIME^8.mod	278.80K	compilations/modplanet/normal/cd1/amiga artists/cueder/SHOWTIME^8.mod
file music-module	mirrors/scenesp.org/compilations/modplanet/normal/cd1/amiga artists/cueder/SPLENDOUR.mod	132.51K	compilations/modplanet/normal/cd1/amiga artists/cueder/SPLENDOUR.mod
file music-module	mirrors/scenesp.org/compilations/modplanet/normal/cd1/amiga artists/cueder/Spybreak!.mod	0.99M	compilations/modplanet/normal/cd1/amiga artists/cueder/Spybreak!.mod
file music-module	mirrors/scenesp.org/compilations/modplanet/normal/cd1/amiga artists/cueder/STOP THE VIOLENCE.mod	21.58K	compilations/modplanet/normal/cd1/amiga artists/cueder/STOP THE VIOLENCE.mod
file music-module	mirrors/scenesp.org/compilations/modplanet/normal/cd1/amiga artists/cueder/SURVIVAL.mod	109.30K	compilations/modplanet/normal/cd1/amiga artists/cueder/SURVIVAL.mod
file music-module	mirrors/scenesp.org/compilations/modplanet/normal/cd1/amiga artists/cueder/SYNTHETIC SOUND.mod	33.18K	compilations/modplanet/normal/cd1/amiga artists/cueder/SYNTHETIC SOUND.mod
file music-module	mirrors/scenesp.org/compilations/modplanet/normal/cd1/amiga artists/cueder/smokebom.mod	879.22K	compilations/modplanet/normal/cd1/amiga artists/cueder/smokebom.mod
file music-module	mirrors/scenesp.org/compilations/modplanet/normal/cd1/amiga artists/cueder/TECHNICAL KEYBOARD.mod	288.93K	compilations/modplanet/normal/cd1/amiga artists/cueder/TECHNICAL KEYBOARD.mod
file music-module	mirrors/scenesp.org/compilations/modplanet/normal/cd1/amiga artists/cueder/THE IMPULSE.mod	104.62K	compilations/modplanet/normal/cd1/amiga artists/cueder/THE IMPULSE.mod
file music-module	mirrors/scenesp.org/compilations/modplanet/normal/cd1/amiga artists/cueder/THE ORIENTAL LAMP.mod	240.91K	compilations/modplanet/normal/cd1/amiga artists/cueder/THE ORIENTAL LAMP.mod
file music-module	mirrors/scenesp.org/compilations/modplanet/normal/cd1/amiga artists/cueder/thelighter.mod	0.99M	compilations/modplanet/normal/cd1/amiga artists/cueder/thelighter.mod
file music-module	mirrors/scenesp.org/compilations/modplanet/normal/cd1/amiga artists/cueder/UFO THEME.mod	605.46K	compilations/modplanet/normal/cd1/amiga artists/cueder/UFO THEME.mod
file music-module	mirrors/scenesp.org/compilations/modplanet/normal/cd1/amiga artists/d0lby-thorin/ANABOLICAL_AMOEBA.MOD	9.98K	compilations/modplanet/normal/cd1/amiga artists/d0lby-thorin/ANABOLICAL_AMOEBA.MOD
file music-module	mirrors/scenesp.org/compilations/modplanet/normal/cd1/amiga artists/d0lby-thorin/DOLBY.MOD	9.09K	compilations/modplanet/normal/cd1/amiga artists/d0lby-thorin/DOLBY.MOD
file music-module	mirrors/scenesp.org/compilations/modplanet/normal/cd1/amiga artists/d0lby-thorin/EXPMNT.MOD	74.51K	compilations/modplanet/normal/cd1/amiga artists/d0lby-thorin/EXPMNT.MOD
file music-module	mirrors/scenesp.org/compilations/modplanet/normal/cd1/amiga artists/d0lby-thorin/FALLEN_ANGEL_BIS.MOD	46.32K	compilations/modplanet/normal/cd1/amiga artists/d0lby-thorin/FALLEN_ANGEL_BIS.MOD
file music-module	mirrors/scenesp.org/compilations/modplanet/normal/cd1/amiga artists/d0lby-thorin/FANZINE_VI_MENU.MOD	46.02K	compilations/modplanet/normal/cd1/amiga artists/d0lby-thorin/FANZINE_VI_MENU.MOD
file music-module	mirrors/scenesp.org/compilations/modplanet/normal/cd1/amiga artists/d0lby-thorin/fastbass.mod	137.20K	compilations/modplanet/normal/cd1/amiga artists/d0lby-thorin/fastbass.mod
file music-module	mirrors/scenesp.org/compilations/modplanet/normal/cd1/amiga artists/d0lby-thorin/GLADFLAM.MOD	136.21K	compilations/modplanet/normal/cd1/amiga artists/d0lby-thorin/GLADFLAM.MOD
file music-module	mirrors/scenesp.org/compilations/modplanet/normal/cd1/amiga artists/d0lby-thorin/Hipnoxis.mod	31.25K	compilations/modplanet/normal/cd1/amiga artists/d0lby-thorin/Hipnoxis.mod
file music-module	mirrors/scenesp.org/compilations/modplanet/normal/cd1/amiga artists/d0lby-thorin/HYPNOTIC.MOD	21.56K	compilations/modplanet/normal/cd1/amiga artists/d0lby-thorin/HYPNOTIC.MOD
file music-module	mirrors/scenesp.org/compilations/modplanet/normal/cd1/amiga artists/d0lby-thorin/INT16.MOD	24.78K	compilations/modplanet/normal/cd1/amiga artists/d0lby-thorin/INT16.MOD
file music-module	mirrors/scenesp.org/compilations/modplanet/normal/cd1/amiga artists/d0lby-thorin/LAST_CHANCE.MOD	100.59K	compilations/modplanet/normal/cd1/amiga artists/d0lby-thorin/LAST_CHANCE.MOD
file music-module	mirrors/scenesp.org/compilations/modplanet/normal/cd1/amiga artists/d0lby-thorin/LOGIC.mod	169.68K	compilations/modplanet/normal/cd1/amiga artists/d0lby-thorin/LOGIC.mod
file music-module	mirrors/scenesp.org/compilations/modplanet/normal/cd1/amiga artists/d0lby-thorin/LOGICAL_DREAMS.MOD	171.56K	compilations/modplanet/normal/cd1/amiga artists/d0lby-thorin/LOGICAL_DREAMS.MOD
file music-module	mirrors/scenesp.org/compilations/modplanet/normal/cd1/amiga artists/d0lby-thorin/LOGIC_DOORS.MOD	26.17K	compilations/modplanet/normal/cd1/amiga artists/d0lby-thorin/LOGIC_DOORS.MOD
file music-module	mirrors/scenesp.org/compilations/modplanet/normal/cd1/amiga artists/d0lby-thorin/MASKINA_CHIP.MOD	12.19K	compilations/modplanet/normal/cd1/amiga artists/d0lby-thorin/MASKINA_CHIP.MOD
file music-module	mirrors/scenesp.org/compilations/modplanet/normal/cd1/amiga artists/d0lby-thorin/MEGATRI1.MOD	62.32K	compilations/modplanet/normal/cd1/amiga artists/d0lby-thorin/MEGATRI1.MOD
file music-module	mirrors/scenesp.org/compilations/modplanet/normal/cd1/amiga artists/d0lby-thorin/MEGATRI2.MOD	65.84K	compilations/modplanet/normal/cd1/amiga artists/d0lby-thorin/MEGATRI2.MOD
file music-module	mirrors/scenesp.org/compilations/modplanet/normal/cd1/amiga artists/d0lby-thorin/MILITAR.MOD	16.59K	compilations/modplanet/normal/cd1/amiga artists/d0lby-thorin/MILITAR.MOD
file music-module	mirrors/scenesp.org/compilations/modplanet/normal/cd1/amiga artists/d0lby-thorin/NATURAL_NOISE.MOD	253.23K	compilations/modplanet/normal/cd1/amiga artists/d0lby-thorin/NATURAL_NOISE.MOD
file music-module	mirrors/scenesp.org/compilations/modplanet/normal/cd1/amiga artists/d0lby-thorin/NINTEND2.MOD	40.02K	compilations/modplanet/normal/cd1/amiga artists/d0lby-thorin/NINTEND2.MOD
file music-module	mirrors/scenesp.org/compilations/modplanet/normal/cd1/amiga artists/d0lby-thorin/NINTENDOMANIA1.MOD	35.23K	compilations/modplanet/normal/cd1/amiga artists/d0lby-thorin/NINTENDOMANIA1.MOD
file music-module	mirrors/scenesp.org/compilations/modplanet/normal/cd1/amiga artists/d0lby-thorin/NOSTALGIA.MOD	19.87K	compilations/modplanet/normal/cd1/amiga artists/d0lby-thorin/NOSTALGIA.MOD
file music-module	mirrors/scenesp.org/compilations/modplanet/normal/cd1/amiga artists/d0lby-thorin/NO_NAME-NO_PAIN.MOD	387.52K	compilations/modplanet/normal/cd1/amiga artists/d0lby-thorin/NO_NAME-NO_PAIN.MOD
file music-module	mirrors/scenesp.org/compilations/modplanet/normal/cd1/amiga artists/d0lby-thorin/Nostalgia_1.mod	16.19K	compilations/modplanet/normal/cd1/amiga artists/d0lby-thorin/Nostalgia_1.mod
file music-module	mirrors/scenesp.org/compilations/modplanet/normal/cd1/amiga artists/d0lby-thorin/PHUN2.MOD	45.46K	compilations/modplanet/normal/cd1/amiga artists/d0lby-thorin/PHUN2.MOD
file music-module	mirrors/scenesp.org/compilations/modplanet/normal/cd1/amiga artists/d0lby-thorin/PHUNERARIA.MOD	37.08K	compilations/modplanet/normal/cd1/amiga artists/d0lby-thorin/PHUNERARIA.MOD
file music-module	mirrors/scenesp.org/compilations/modplanet/normal/cd1/amiga artists/d0lby-thorin/Phuneraria_iii.mod	14.08K	compilations/modplanet/normal/cd1/amiga artists/d0lby-thorin/Phuneraria_iii.mod
file music-module	mirrors/scenesp.org/compilations/modplanet/normal/cd1/amiga artists/d0lby-thorin/Prueba.mod	35.08K	compilations/modplanet/normal/cd1/amiga artists/d0lby-thorin/Prueba.mod
file music-module	mirrors/scenesp.org/compilations/modplanet/normal/cd1/amiga artists/d0lby-thorin/REPROBATION.MOD	103.71K	compilations/modplanet/normal/cd1/amiga artists/d0lby-thorin/REPROBATION.MOD
file music-module	mirrors/scenesp.org/compilations/modplanet/normal/cd1/amiga artists/d0lby-thorin/SPARKLES.MOD	6.38K	compilations/modplanet/normal/cd1/amiga artists/d0lby-thorin/SPARKLES.MOD
file music-module	mirrors/scenesp.org/compilations/modplanet/normal/cd1/amiga artists/d0lby-thorin/TRANSLUCENT_SPHERE.MOD	23.17K	compilations/modplanet/normal/cd1/amiga artists/d0lby-thorin/TRANSLUCENT_SPHERE.MOD
file music-module	mirrors/scenesp.org/compilations/modplanet/normal/cd1/amiga artists/d0lby-thorin/UNDER_PRESSURE.MOD	194.75K	compilations/modplanet/normal/cd1/amiga artists/d0lby-thorin/UNDER_PRESSURE.MOD
file music-module	mirrors/scenesp.org/compilations/modplanet/normal/cd1/amiga artists/d0lby-thorin/WINGS_OF_FREEDOM.MOD	228.33K	compilations/modplanet/normal/cd1/amiga artists/d0lby-thorin/WINGS_OF_FREEDOM.MOD
file music-module	mirrors/scenesp.org/compilations/modplanet/normal/cd1/amiga artists/david/David 1.mod	283.20K	compilations/modplanet/normal/cd1/amiga artists/david/David 1.mod
file music-module	mirrors/scenesp.org/compilations/modplanet/normal/cd1/amiga artists/david/Eres tonto he!.mod	299.31K	compilations/modplanet/normal/cd1/amiga artists/david/Eres tonto he!.mod
file music-module	mirrors/scenesp.org/compilations/modplanet/normal/cd1/amiga artists/david/MARTINI THEME.mod	104.43K	compilations/modplanet/normal/cd1/amiga artists/david/MARTINI THEME.mod
file music-module	mirrors/scenesp.org/compilations/modplanet/normal/cd1/amiga artists/dimension azul/1.mod	42.92K	compilations/modplanet/normal/cd1/amiga artists/dimension azul/1.mod
file music-module	mirrors/scenesp.org/compilations/modplanet/normal/cd1/amiga artists/dimension azul/10.mod	97.08K	compilations/modplanet/normal/cd1/amiga artists/dimension azul/10.mod
file music-module	mirrors/scenesp.org/compilations/modplanet/normal/cd1/amiga artists/dimension azul/11.mod	82.80K	compilations/modplanet/normal/cd1/amiga artists/dimension azul/11.mod
file music-module	mirrors/scenesp.org/compilations/modplanet/normal/cd1/amiga artists/dimension azul/2.mod	64.78K	compilations/modplanet/normal/cd1/amiga artists/dimension azul/2.mod
file music-module	mirrors/scenesp.org/compilations/modplanet/normal/cd1/amiga artists/dimension azul/3.mod	74.87K	compilations/modplanet/normal/cd1/amiga artists/dimension azul/3.mod
file music-module	mirrors/scenesp.org/compilations/modplanet/normal/cd1/amiga artists/dimension azul/4.mod	49.31K	compilations/modplanet/normal/cd1/amiga artists/dimension azul/4.mod
file music-module	mirrors/scenesp.org/compilations/modplanet/normal/cd1/amiga artists/dimension azul/5.mod	60.98K	compilations/modplanet/normal/cd1/amiga artists/dimension azul/5.mod
file music-module	mirrors/scenesp.org/compilations/modplanet/normal/cd1/amiga artists/dimension azul/6.mod	55.53K	compilations/modplanet/normal/cd1/amiga artists/dimension azul/6.mod
file music-module	mirrors/scenesp.org/compilations/modplanet/normal/cd1/amiga artists/dimension azul/7.mod	74.01K	compilations/modplanet/normal/cd1/amiga artists/dimension azul/7.mod
file music-module	mirrors/scenesp.org/compilations/modplanet/normal/cd1/amiga artists/dimension azul/8.mod	63.69K	compilations/modplanet/normal/cd1/amiga artists/dimension azul/8.mod
file music-module	mirrors/scenesp.org/compilations/modplanet/normal/cd1/amiga artists/dimension azul/9.mod	42.77K	compilations/modplanet/normal/cd1/amiga artists/dimension azul/9.mod
file music-module	mirrors/scenesp.org/compilations/modplanet/normal/cd1/amiga artists/dj m/CHIQUITOmix.mod	360.43K	compilations/modplanet/normal/cd1/amiga artists/dj m/CHIQUITOmix.mod
file music-module	mirrors/scenesp.org/compilations/modplanet/normal/cd1/amiga artists/dj m/Ese fistro de piano.mod	50.01K	compilations/modplanet/normal/cd1/amiga artists/dj m/Ese fistro de piano.mod
file music-module	mirrors/scenesp.org/compilations/modplanet/normal/cd1/amiga artists/dj m/Hardcore.mod	123.65K	compilations/modplanet/normal/cd1/amiga artists/dj m/Hardcore.mod
file music-module	mirrors/scenesp.org/compilations/modplanet/normal/cd1/amiga artists/dj m/La creacion de dj.m.mod	236.76K	compilations/modplanet/normal/cd1/amiga artists/dj m/La creacion de dj.m.mod
file music-module	mirrors/scenesp.org/compilations/modplanet/normal/cd1/amiga artists/dj m/La ultima tentacion.mod	221.00K	compilations/modplanet/normal/cd1/amiga artists/dj m/La ultima tentacion.mod
file music-module	mirrors/scenesp.org/compilations/modplanet/normal/cd1/amiga artists/dj m/SuperDios1.mod	160.71K	compilations/modplanet/normal/cd1/amiga artists/dj m/SuperDios1.mod
file music-module	mirrors/scenesp.org/compilations/modplanet/normal/cd1/amiga artists/dj uno/ACTION's_BATMAN.MOD	263.40K	compilations/modplanet/normal/cd1/amiga artists/dj uno/ACTION's_BATMAN.MOD
file music-module	mirrors/scenesp.org/compilations/modplanet/normal/cd1/amiga artists/dj uno/BATMAN_RETURNS.mod	323.80K	compilations/modplanet/normal/cd1/amiga artists/dj uno/BATMAN_RETURNS.mod
file music-module	mirrors/scenesp.org/compilations/modplanet/normal/cd1/amiga artists/dj uno/BEGINNING NIGHT.mod	39.37K	compilations/modplanet/normal/cd1/amiga artists/dj uno/BEGINNING NIGHT.mod
file music-module	mirrors/scenesp.org/compilations/modplanet/normal/cd1/amiga artists/dj uno/CALL OF GOTHAM.mod	207.16K	compilations/modplanet/normal/cd1/amiga artists/dj uno/CALL OF GOTHAM.mod
file music-module	mirrors/scenesp.org/compilations/modplanet/normal/cd1/amiga artists/dj uno/CANNON FODDER.mod	234.31K	compilations/modplanet/normal/cd1/amiga artists/dj uno/CANNON FODDER.mod
file music-module	mirrors/scenesp.org/compilations/modplanet/normal/cd1/amiga artists/dj uno/Distortions.mod	14.28K	compilations/modplanet/normal/cd1/amiga artists/dj uno/Distortions.mod
file music-module	mirrors/scenesp.org/compilations/modplanet/normal/cd1/amiga artists/dj uno/EXPO principio.mod	163.69K	compilations/modplanet/normal/cd1/amiga artists/dj uno/EXPO principio.mod
file music-module	mirrors/scenesp.org/compilations/modplanet/normal/cd1/amiga artists/dj uno/FREEZED FANTASIES.mod	131.54K	compilations/modplanet/normal/cd1/amiga artists/dj uno/FREEZED FANTASIES.mod
file music-module	mirrors/scenesp.org/compilations/modplanet/normal/cd1/amiga artists/dj uno/GIRLS REMIX.mod	519.77K	compilations/modplanet/normal/cd1/amiga artists/dj uno/GIRLS REMIX.mod
file music-module	mirrors/scenesp.org/compilations/modplanet/normal/cd1/amiga artists/dj uno/JUSTTRO.mod	39.06K	compilations/modplanet/normal/cd1/amiga artists/dj uno/JUSTTRO.mod
file music-module	mirrors/scenesp.org/compilations/modplanet/normal/cd1/amiga artists/dj uno/KILLING JOKE.mod	180.50K	compilations/modplanet/normal/cd1/amiga artists/dj uno/KILLING JOKE.mod
file music-module	mirrors/scenesp.org/compilations/modplanet/normal/cd1/amiga artists/dj uno/MODULO.mod	85.79K	compilations/modplanet/normal/cd1/amiga artists/dj uno/MODULO.mod
file music-module	mirrors/scenesp.org/compilations/modplanet/normal/cd1/amiga artists/dj uno/MUSIC3.mod	75.93K	compilations/modplanet/normal/cd1/amiga artists/dj uno/MUSIC3.mod
file music-module	mirrors/scenesp.org/compilations/modplanet/normal/cd1/amiga artists/dj uno/MUSINTRO.mod	48.02K	compilations/modplanet/normal/cd1/amiga artists/dj uno/MUSINTRO.mod
file music-module	mirrors/scenesp.org/compilations/modplanet/normal/cd1/amiga artists/dj uno/NOOOOOORK2.mod	64.23K	compilations/modplanet/normal/cd1/amiga artists/dj uno/NOOOOOORK2.mod
file music-module	mirrors/scenesp.org/compilations/modplanet/normal/cd1/amiga artists/dj uno/PIO-PIO.mod	240.40K	compilations/modplanet/normal/cd1/amiga artists/dj uno/PIO-PIO.mod
file music-module	mirrors/scenesp.org/compilations/modplanet/normal/cd1/amiga artists/dj uno/PRESENTAMOS.mod	93.93K	compilations/modplanet/normal/cd1/amiga artists/dj uno/PRESENTAMOS.mod
file music-module	mirrors/scenesp.org/compilations/modplanet/normal/cd1/amiga artists/dj uno/PUSH THE FEELING ON.mod	415.16K	compilations/modplanet/normal/cd1/amiga artists/dj uno/PUSH THE FEELING ON.mod
file music-module	mirrors/scenesp.org/compilations/modplanet/normal/cd1/amiga artists/dj uno/RULEZ.mod	264.86K	compilations/modplanet/normal/cd1/amiga artists/dj uno/RULEZ.mod
file music-module	mirrors/scenesp.org/compilations/modplanet/normal/cd1/amiga artists/dj uno/SILENT SHADOW.mod	28.15K	compilations/modplanet/normal/cd1/amiga artists/dj uno/SILENT SHADOW.mod
file music-module	mirrors/scenesp.org/compilations/modplanet/normal/cd1/amiga artists/dj uno/SLEEPLESS NIGHTS.mod	141.45K	compilations/modplanet/normal/cd1/amiga artists/dj uno/SLEEPLESS NIGHTS.mod
file music-module	mirrors/scenesp.org/compilations/modplanet/normal/cd1/amiga artists/dj uno/SPECTRA.mod	119.52K	compilations/modplanet/normal/cd1/amiga artists/dj uno/SPECTRA.mod
file music-module	mirrors/scenesp.org/compilations/modplanet/normal/cd1/amiga artists/dj uno/VENGA_MIX.mod	353.45K	compilations/modplanet/normal/cd1/amiga artists/dj uno/VENGA_MIX.mod
file music-module	mirrors/scenesp.org/compilations/modplanet/normal/cd1/amiga artists/dj uno/WEATHER EXPERIENCE.mod	277.48K	compilations/modplanet/normal/cd1/amiga artists/dj uno/WEATHER EXPERIENCE.mod
file music-module	mirrors/scenesp.org/compilations/modplanet/normal/cd1/amiga artists/dr maniac/PSICkhoDhelia!.mod	122.80K	compilations/modplanet/normal/cd1/amiga artists/dr maniac/PSICkhoDhelia!.mod
file music-module	mirrors/scenesp.org/compilations/modplanet/normal/cd1/amiga artists/dr maniac/PSICkhoDhelia2!.mod	172.09K	compilations/modplanet/normal/cd1/amiga artists/dr maniac/PSICkhoDhelia2!.mod
file music-module	mirrors/scenesp.org/compilations/modplanet/normal/cd1/amiga artists/dr maniac/The first line....mod	220.74K	compilations/modplanet/normal/cd1/amiga artists/dr maniac/The first line....mod
file music-module	mirrors/scenesp.org/compilations/modplanet/normal/cd1/amiga artists/estrayk/2 UNLIMITED.mod	179.32K	compilations/modplanet/normal/cd1/amiga artists/estrayk/2 UNLIMITED.mod
file music-module	mirrors/scenesp.org/compilations/modplanet/normal/cd1/amiga artists/estrayk/A NEW KING IS BORN.mod	206.01K	compilations/modplanet/normal/cd1/amiga artists/estrayk/A NEW KING IS BORN.mod
file music-module	mirrors/scenesp.org/compilations/modplanet/normal/cd1/amiga artists/estrayk/A TOUCH OF HOPE.mod	266.31K	compilations/modplanet/normal/cd1/amiga artists/estrayk/A TOUCH OF HOPE.mod
file music-module	mirrors/scenesp.org/compilations/modplanet/normal/cd1/amiga artists/estrayk/ABNORMAL STATES.mod	27.95K	compilations/modplanet/normal/cd1/amiga artists/estrayk/ABNORMAL STATES.mod
file music-module	mirrors/scenesp.org/compilations/modplanet/normal/cd1/amiga artists/estrayk/ACT OF SIN INTRO.mod	129.86K	compilations/modplanet/normal/cd1/amiga artists/estrayk/ACT OF SIN INTRO.mod
file music-module	mirrors/scenesp.org/compilations/modplanet/normal/cd1/amiga artists/estrayk/Advanced.mod	60.46K	compilations/modplanet/normal/cd1/amiga artists/estrayk/Advanced.mod
file music-module	mirrors/scenesp.org/compilations/modplanet/normal/cd1/amiga artists/estrayk/Afl remix.mod	97.54K	compilations/modplanet/normal/cd1/amiga artists/estrayk/Afl remix.mod
file music-module	mirrors/scenesp.org/compilations/modplanet/normal/cd1/amiga artists/estrayk/AGUA.mod	68.82K	compilations/modplanet/normal/cd1/amiga artists/estrayk/AGUA.mod
file music-module	mirrors/scenesp.org/compilations/modplanet/normal/cd1/amiga artists/estrayk/ALPHAVILLE.mod	16.08K	compilations/modplanet/normal/cd1/amiga artists/estrayk/ALPHAVILLE.mod
file music-module	mirrors/scenesp.org/compilations/modplanet/normal/cd1/amiga artists/estrayk/ARENA_AL.MOD	379.84K	compilations/modplanet/normal/cd1/amiga artists/estrayk/ARENA_AL.MOD
file music-module	mirrors/scenesp.org/compilations/modplanet/normal/cd1/amiga artists/estrayk/AT LAST! V2.mod	16.65K	compilations/modplanet/normal/cd1/amiga artists/estrayk/AT LAST! V2.mod
file music-module	mirrors/scenesp.org/compilations/modplanet/normal/cd1/amiga artists/estrayk/ATTEMPT TO BREAK.mod	551.25K	compilations/modplanet/normal/cd1/amiga artists/estrayk/ATTEMPT TO BREAK.mod
file music-module	mirrors/scenesp.org/compilations/modplanet/normal/cd1/amiga artists/estrayk/apydia1.mod	39.97K	compilations/modplanet/normal/cd1/amiga artists/estrayk/apydia1.mod
file music-module	mirrors/scenesp.org/compilations/modplanet/normal/cd1/amiga artists/estrayk/avh1.mod	237.12K	compilations/modplanet/normal/cd1/amiga artists/estrayk/avh1.mod
file music-module	mirrors/scenesp.org/compilations/modplanet/normal/cd1/amiga artists/estrayk/Bbs dentro2.mod	171.35K	compilations/modplanet/normal/cd1/amiga artists/estrayk/Bbs dentro2.mod
file music-module	mirrors/scenesp.org/compilations/modplanet/normal/cd1/amiga artists/estrayk/BIRTHDAY INTRO THEME.mod	51.77K	compilations/modplanet/normal/cd1/amiga artists/estrayk/BIRTHDAY INTRO THEME.mod
file music-module	mirrors/scenesp.org/compilations/modplanet/normal/cd1/amiga artists/estrayk/BRAINSTORM 2.mod	84.29K	compilations/modplanet/normal/cd1/amiga artists/estrayk/BRAINSTORM 2.mod
file music-module	mirrors/scenesp.org/compilations/modplanet/normal/cd1/amiga artists/estrayk/BUBBLE DROP NET.mod	23.79K	compilations/modplanet/normal/cd1/amiga artists/estrayk/BUBBLE DROP NET.mod
file music-module	mirrors/scenesp.org/compilations/modplanet/normal/cd1/amiga artists/estrayk/bad22.mod	35.95K	compilations/modplanet/normal/cd1/amiga artists/estrayk/bad22.mod
file music-module	mirrors/scenesp.org/compilations/modplanet/normal/cd1/amiga artists/estrayk/beat_to_the_pulp.mod	63.72K	compilations/modplanet/normal/cd1/amiga artists/estrayk/beat_to_the_pulp.mod
file music-module	mirrors/scenesp.org/compilations/modplanet/normal/cd1/amiga artists/estrayk/br3ak3r.mod	47.83K	compilations/modplanet/normal/cd1/amiga artists/estrayk/br3ak3r.mod
file music-module	mirrors/scenesp.org/compilations/modplanet/normal/cd1/amiga artists/estrayk/CAPELLA.mod	689.24K	compilations/modplanet/normal/cd1/amiga artists/estrayk/CAPELLA.mod
file music-module	mirrors/scenesp.org/compilations/modplanet/normal/cd1/amiga artists/estrayk/CHINA TOWN.mod	3.20K	compilations/modplanet/normal/cd1/amiga artists/estrayk/CHINA TOWN.mod
file music-module	mirrors/scenesp.org/compilations/modplanet/normal/cd1/amiga artists/estrayk/Chocolate.mod	207.46K	compilations/modplanet/normal/cd1/amiga artists/estrayk/Chocolate.mod
file music-module	mirrors/scenesp.org/compilations/modplanet/normal/cd1/amiga artists/estrayk/CLASSIC JBL 2.mod	178.39K	compilations/modplanet/normal/cd1/amiga artists/estrayk/CLASSIC JBL 2.mod
file music-module	mirrors/scenesp.org/compilations/modplanet/normal/cd1/amiga artists/estrayk/CLASSIC.mod	49.22K	compilations/modplanet/normal/cd1/amiga artists/estrayk/CLASSIC.mod
file music-module	mirrors/scenesp.org/compilations/modplanet/normal/cd1/amiga artists/estrayk/COMPETITION IS NONE.mod	176.17K	compilations/modplanet/normal/cd1/amiga artists/estrayk/COMPETITION IS NONE.mod
file music-module	mirrors/scenesp.org/compilations/modplanet/normal/cd1/amiga artists/estrayk/CONDEMMING.mod	24.82K	compilations/modplanet/normal/cd1/amiga artists/estrayk/CONDEMMING.mod
file music-module	mirrors/scenesp.org/compilations/modplanet/normal/cd1/amiga artists/estrayk/COOL NIGHTMARE.mod	142.73K	compilations/modplanet/normal/cd1/amiga artists/estrayk/COOL NIGHTMARE.mod
file music-module	mirrors/scenesp.org/compilations/modplanet/normal/cd1/amiga artists/estrayk/Coop master.mod	499.44K	compilations/modplanet/normal/cd1/amiga artists/estrayk/Coop master.mod
file music-module	mirrors/scenesp.org/compilations/modplanet/normal/cd1/amiga artists/estrayk/CURSUM PERFICIO.mod	196.15K	compilations/modplanet/normal/cd1/amiga artists/estrayk/CURSUM PERFICIO.mod
file music-module	mirrors/scenesp.org/compilations/modplanet/normal/cd1/amiga artists/estrayk/caused_by_defect.mod	467.50K	compilations/modplanet/normal/cd1/amiga artists/estrayk/caused_by_defect.mod
file music-module	mirrors/scenesp.org/compilations/modplanet/normal/cd1/amiga artists/estrayk/DANGER INSIDE.mod	439.29K	compilations/modplanet/normal/cd1/amiga artists/estrayk/DANGER INSIDE.mod
file music-module	mirrors/scenesp.org/compilations/modplanet/normal/cd1/amiga artists/estrayk/DARK SEWER II.mod	8.52K	compilations/modplanet/normal/cd1/amiga artists/estrayk/DARK SEWER II.mod
file music-module	mirrors/scenesp.org/compilations/modplanet/normal/cd1/amiga artists/estrayk/DARK SEWER.mod	16.78K	compilations/modplanet/normal/cd1/amiga artists/estrayk/DARK SEWER.mod
file music-module	mirrors/scenesp.org/compilations/modplanet/normal/cd1/amiga artists/estrayk/DARK_GRAPHICS.mod	521.00K	compilations/modplanet/normal/cd1/amiga artists/estrayk/DARK_GRAPHICS.mod
file music-module	mirrors/scenesp.org/compilations/modplanet/normal/cd1/amiga artists/estrayk/DEATH FLOSH.mod	58.87K	compilations/modplanet/normal/cd1/amiga artists/estrayk/DEATH FLOSH.mod
file music-module	mirrors/scenesp.org/compilations/modplanet/normal/cd1/amiga artists/estrayk/DEEP SPACES.mod	669.05K	compilations/modplanet/normal/cd1/amiga artists/estrayk/DEEP SPACES.mod
file music-module	mirrors/scenesp.org/compilations/modplanet/normal/cd1/amiga artists/estrayk/DEFERM NASTY TWIN.mod	152.28K	compilations/modplanet/normal/cd1/amiga artists/estrayk/DEFERM NASTY TWIN.mod
file music-module	mirrors/scenesp.org/compilations/modplanet/normal/cd1/amiga artists/estrayk/DEFOR.mod	37.64K	compilations/modplanet/normal/cd1/amiga artists/estrayk/DEFOR.mod
file music-module	mirrors/scenesp.org/compilations/modplanet/normal/cd1/amiga artists/estrayk/DIGITAL4.mod	145.82K	compilations/modplanet/normal/cd1/amiga artists/estrayk/DIGITAL4.mod
file music-module	mirrors/scenesp.org/compilations/modplanet/normal/cd1/amiga artists/estrayk/DISCO DANCE 4.mod	156.12K	compilations/modplanet/normal/cd1/amiga artists/estrayk/DISCO DANCE 4.mod
file music-module	mirrors/scenesp.org/compilations/modplanet/normal/cd1/amiga artists/estrayk/Distrito10.mod	283.00K	compilations/modplanet/normal/cd1/amiga artists/estrayk/Distrito10.mod
file music-module	mirrors/scenesp.org/compilations/modplanet/normal/cd1/amiga artists/estrayk/DMA3 DEMO.mod	113.70K	compilations/modplanet/normal/cd1/amiga artists/estrayk/DMA3 DEMO.mod
file music-module	mirrors/scenesp.org/compilations/modplanet/normal/cd1/amiga artists/estrayk/DRACULA'S CASTLE.mod	59.23K	compilations/modplanet/normal/cd1/amiga artists/estrayk/DRACULA'S CASTLE.mod
file music-module	mirrors/scenesp.org/compilations/modplanet/normal/cd1/amiga artists/estrayk/DRUM O MATIC.mod	132.79K	compilations/modplanet/normal/cd1/amiga artists/estrayk/DRUM O MATIC.mod
file music-module	mirrors/scenesp.org/compilations/modplanet/normal/cd1/amiga artists/estrayk/Dyter07.mod	94.39K	compilations/modplanet/normal/cd1/amiga artists/estrayk/Dyter07.mod
file music-module	mirrors/scenesp.org/compilations/modplanet/normal/cd1/amiga artists/estrayk/d.o.c. 1.remix.mod	42.42K	compilations/modplanet/normal/cd1/amiga artists/estrayk/d.o.c. 1.remix.mod
file music-module	mirrors/scenesp.org/compilations/modplanet/normal/cd1/amiga artists/estrayk/dcb3.mod	28.60K	compilations/modplanet/normal/cd1/amiga artists/estrayk/dcb3.mod
file music-module	mirrors/scenesp.org/compilations/modplanet/normal/cd1/amiga artists/estrayk/deadline.mod	515.05K	compilations/modplanet/normal/cd1/amiga artists/estrayk/deadline.mod
file music-module	mirrors/scenesp.org/compilations/modplanet/normal/cd1/amiga artists/estrayk/drop.mod	89.50K	compilations/modplanet/normal/cd1/amiga artists/estrayk/drop.mod
file music-module	mirrors/scenesp.org/compilations/modplanet/normal/cd1/amiga artists/estrayk/EACH TIME.mod	192.15K	compilations/modplanet/normal/cd1/amiga artists/estrayk/EACH TIME.mod
file music-module	mirrors/scenesp.org/compilations/modplanet/normal/cd1/amiga artists/estrayk/EFFECTS.mod	139.80K	compilations/modplanet/normal/cd1/amiga artists/estrayk/EFFECTS.mod
file music-module	mirrors/scenesp.org/compilations/modplanet/normal/cd1/amiga artists/estrayk/END-SCROLL.mod	150.30K	compilations/modplanet/normal/cd1/amiga artists/estrayk/END-SCROLL.mod
file music-module	mirrors/scenesp.org/compilations/modplanet/normal/cd1/amiga artists/estrayk/ESTRA.mod	139.35K	compilations/modplanet/normal/cd1/amiga artists/estrayk/ESTRA.mod
file music-module	mirrors/scenesp.org/compilations/modplanet/normal/cd1/amiga artists/estrayk/ESTRAYK IS BACK!!.mod	152.39K	compilations/modplanet/normal/cd1/amiga artists/estrayk/ESTRAYK IS BACK!!.mod
file music-module	mirrors/scenesp.org/compilations/modplanet/normal/cd1/amiga artists/estrayk/ESTRAYK'S REVENGE 2.mod	140.60K	compilations/modplanet/normal/cd1/amiga artists/estrayk/ESTRAYK'S REVENGE 2.mod
file music-module	mirrors/scenesp.org/compilations/modplanet/normal/cd1/amiga artists/estrayk/Estrayk'remix.mod	567.70K	compilations/modplanet/normal/cd1/amiga artists/estrayk/Estrayk'remix.mod
file music-module	mirrors/scenesp.org/compilations/modplanet/normal/cd1/amiga artists/estrayk/Estrayk.mod	159.55K	compilations/modplanet/normal/cd1/amiga artists/estrayk/Estrayk.mod
file music-module	mirrors/scenesp.org/compilations/modplanet/normal/cd1/amiga artists/estrayk/EUFONIQ_.MOD	612.07K	compilations/modplanet/normal/cd1/amiga artists/estrayk/EUFONIQ_.MOD
file music-module	mirrors/scenesp.org/compilations/modplanet/normal/cd1/amiga artists/estrayk/EUPHONIK.mod	326.30K	compilations/modplanet/normal/cd1/amiga artists/estrayk/EUPHONIK.mod
file music-module	mirrors/scenesp.org/compilations/modplanet/normal/cd1/amiga artists/estrayk/EUPHONIK4.mod	335.30K	compilations/modplanet/normal/cd1/amiga artists/estrayk/EUPHONIK4.mod
file music-module	mirrors/scenesp.org/compilations/modplanet/normal/cd1/amiga artists/estrayk/EUPHONIQ.mod	620.29K	compilations/modplanet/normal/cd1/amiga artists/estrayk/EUPHONIQ.mod
file music-module	mirrors/scenesp.org/compilations/modplanet/normal/cd1/amiga artists/estrayk/EUPHONIX.mod	410.17K	compilations/modplanet/normal/cd1/amiga artists/estrayk/EUPHONIX.mod
file music-module	mirrors/scenesp.org/compilations/modplanet/normal/cd1/amiga artists/estrayk/EUSKAL III.mod	100.80K	compilations/modplanet/normal/cd1/amiga artists/estrayk/EUSKAL III.mod
file music-module	mirrors/scenesp.org/compilations/modplanet/normal/cd1/amiga artists/estrayk/EXOTIC LAND.mod	572.92K	compilations/modplanet/normal/cd1/amiga artists/estrayk/EXOTIC LAND.mod
file music-module	mirrors/scenesp.org/compilations/modplanet/normal/cd1/amiga artists/estrayk/escape for assault.mod	510.08K	compilations/modplanet/normal/cd1/amiga artists/estrayk/escape for assault.mod
file music-module	mirrors/scenesp.org/compilations/modplanet/normal/cd1/amiga artists/estrayk/estrayk-arcane.mod	49.38K	compilations/modplanet/normal/cd1/amiga artists/estrayk/estrayk-arcane.mod
file music-module	mirrors/scenesp.org/compilations/modplanet/normal/cd1/amiga artists/estrayk/estrayk-commando.mod	32.08K	compilations/modplanet/normal/cd1/amiga artists/estrayk/estrayk-commando.mod
file music-module	mirrors/scenesp.org/compilations/modplanet/normal/cd1/amiga artists/estrayk/estrayk-defjam.mod	36.63K	compilations/modplanet/normal/cd1/amiga artists/estrayk/estrayk-defjam.mod
file music-module	mirrors/scenesp.org/compilations/modplanet/normal/cd1/amiga artists/estrayk/estrayk-fast-iv.mod	333.91K	compilations/modplanet/normal/cd1/amiga artists/estrayk/estrayk-fast-iv.mod
file music-module	mirrors/scenesp.org/compilations/modplanet/normal/cd1/amiga artists/estrayk/estrayk-fuzzball.mod	87.79K	compilations/modplanet/normal/cd1/amiga artists/estrayk/estrayk-fuzzball.mod
file music-module	mirrors/scenesp.org/compilations/modplanet/normal/cd1/amiga artists/estrayk/estrayk-horizon.mod	64.72K	compilations/modplanet/normal/cd1/amiga artists/estrayk/estrayk-horizon.mod
file music-module	mirrors/scenesp.org/compilations/modplanet/normal/cd1/amiga artists/estrayk/estrayk-hybris-ingame.mod	44.18K	compilations/modplanet/normal/cd1/amiga artists/estrayk/estrayk-hybris-ingame.mod
file music-module	mirrors/scenesp.org/compilations/modplanet/normal/cd1/amiga artists/estrayk/estrayk-jesper_k.mod	109.48K	compilations/modplanet/normal/cd1/amiga artists/estrayk/estrayk-jesper_k.mod
file music-module	mirrors/scenesp.org/compilations/modplanet/normal/cd1/amiga artists/estrayk/estrayk-monty.mod	63.53K	compilations/modplanet/normal/cd1/amiga artists/estrayk/estrayk-monty.mod
file music-module	mirrors/scenesp.org/compilations/modplanet/normal/cd1/amiga artists/estrayk/estrayk-paranoimia.mod	77.93K	compilations/modplanet/normal/cd1/amiga artists/estrayk/estrayk-paranoimia.mod
file music-module	mirrors/scenesp.org/compilations/modplanet/normal/cd1/amiga artists/estrayk/estrayk-scoopex.mod	33.38K	compilations/modplanet/normal/cd1/amiga artists/estrayk/estrayk-scoopex.mod
file music-module	mirrors/scenesp.org/compilations/modplanet/normal/cd1/amiga artists/estrayk/estrayk-static.mod	39.79K	compilations/modplanet/normal/cd1/amiga artists/estrayk/estrayk-static.mod
file music-module	mirrors/scenesp.org/compilations/modplanet/normal/cd1/amiga artists/estrayk/estrayk-thunder.mod	58.65K	compilations/modplanet/normal/cd1/amiga artists/estrayk/estrayk-thunder.mod
file music-module	mirrors/scenesp.org/compilations/modplanet/normal/cd1/amiga artists/estrayk/euskal8.mod	509.88K	compilations/modplanet/normal/cd1/amiga artists/estrayk/euskal8.mod
file music-module	mirrors/scenesp.org/compilations/modplanet/normal/cd1/amiga artists/estrayk/FAKED DESTRUCTION.mod	302.36K	compilations/modplanet/normal/cd1/amiga artists/estrayk/FAKED DESTRUCTION.mod
file music-module	mirrors/scenesp.org/compilations/modplanet/normal/cd1/amiga artists/estrayk/FIFTH DIMENSION 2.mod	153.34K	compilations/modplanet/normal/cd1/amiga artists/estrayk/FIFTH DIMENSION 2.mod
file music-module	mirrors/scenesp.org/compilations/modplanet/normal/cd1/amiga artists/estrayk/FINAL WORLD V1.mod	49.02K	compilations/modplanet/normal/cd1/amiga artists/estrayk/FINAL WORLD V1.mod
file music-module	mirrors/scenesp.org/compilations/modplanet/normal/cd1/amiga artists/estrayk/FIRST TIME.mod	41.00K	compilations/modplanet/normal/cd1/amiga artists/estrayk/FIRST TIME.mod
file music-module	mirrors/scenesp.org/compilations/modplanet/normal/cd1/amiga artists/estrayk/FOR REMEMBER.mod	13.70K	compilations/modplanet/normal/cd1/amiga artists/estrayk/FOR REMEMBER.mod
file music-module	mirrors/scenesp.org/compilations/modplanet/normal/cd1/amiga artists/estrayk/FOREST OF SILENCE.mod	289.38K	compilations/modplanet/normal/cd1/amiga artists/estrayk/FOREST OF SILENCE.mod
file music-module	mirrors/scenesp.org/compilations/modplanet/normal/cd1/amiga artists/estrayk/FREE PASS.mod	101.75K	compilations/modplanet/normal/cd1/amiga artists/estrayk/FREE PASS.mod
file music-module	mirrors/scenesp.org/compilations/modplanet/normal/cd1/amiga artists/estrayk/FRONT PAGE.mod	371.48K	compilations/modplanet/normal/cd1/amiga artists/estrayk/FRONT PAGE.mod
file music-module	mirrors/scenesp.org/compilations/modplanet/normal/cd1/amiga artists/estrayk/FUTURE SHOCK.mod	117.62K	compilations/modplanet/normal/cd1/amiga artists/estrayk/FUTURE SHOCK.mod
file music-module	mirrors/scenesp.org/compilations/modplanet/normal/cd1/amiga artists/estrayk/fanzine11.MOD	117.31K	compilations/modplanet/normal/cd1/amiga artists/estrayk/fanzine11.MOD
file music-module	mirrors/scenesp.org/compilations/modplanet/normal/cd1/amiga artists/estrayk/fastbass.mod	137.20K	compilations/modplanet/normal/cd1/amiga artists/estrayk/fastbass.mod
file music-module	mirrors/scenesp.org/compilations/modplanet/normal/cd1/amiga artists/estrayk/fluke31.mod	692.67K	compilations/modplanet/normal/cd1/amiga artists/estrayk/fluke31.mod
file music-module	mirrors/scenesp.org/compilations/modplanet/normal/cd1/amiga artists/estrayk/friede.mod	244.60K	compilations/modplanet/normal/cd1/amiga artists/estrayk/friede.mod
file music-module	mirrors/scenesp.org/compilations/modplanet/normal/cd1/amiga artists/estrayk/GAME INTRO.mod	174.34K	compilations/modplanet/normal/cd1/amiga artists/estrayk/GAME INTRO.mod
file music-module	mirrors/scenesp.org/compilations/modplanet/normal/cd1/amiga artists/estrayk/GAULOISES.mod	24.41K	compilations/modplanet/normal/cd1/amiga artists/estrayk/GAULOISES.mod
file music-module	mirrors/scenesp.org/compilations/modplanet/normal/cd1/amiga artists/estrayk/GIANNA_SISTERS.mod	67.42K	compilations/modplanet/normal/cd1/amiga artists/estrayk/GIANNA_SISTERS.mod
file music-module	mirrors/scenesp.org/compilations/modplanet/normal/cd1/amiga artists/estrayk/GO ON DUDE 2.mod	24.68K	compilations/modplanet/normal/cd1/amiga artists/estrayk/GO ON DUDE 2.mod
file music-module	mirrors/scenesp.org/compilations/modplanet/normal/cd1/amiga artists/estrayk/GO ON DUDE.mod	26.19K	compilations/modplanet/normal/cd1/amiga artists/estrayk/GO ON DUDE.mod
file music-module	mirrors/scenesp.org/compilations/modplanet/normal/cd1/amiga artists/estrayk/GOT'S_I3.MOD	278.75K	compilations/modplanet/normal/cd1/amiga artists/estrayk/GOT'S_I3.MOD
file music-module	mirrors/scenesp.org/compilations/modplanet/normal/cd1/amiga artists/estrayk/Got's in da time.mod	473.53K	compilations/modplanet/normal/cd1/amiga artists/estrayk/Got's in da time.mod
file music-module	mirrors/scenesp.org/compilations/modplanet/normal/cd1/amiga artists/estrayk/girl.mod	58.62K	compilations/modplanet/normal/cd1/amiga artists/estrayk/girl.mod
file music-module	mirrors/scenesp.org/compilations/modplanet/normal/cd1/amiga artists/estrayk/grijalbo.mod	408.42K	compilations/modplanet/normal/cd1/amiga artists/estrayk/grijalbo.mod
file music-module	mirrors/scenesp.org/compilations/modplanet/normal/cd1/amiga artists/estrayk/HARD.mod	138.79K	compilations/modplanet/normal/cd1/amiga artists/estrayk/HARD.mod
file music-module	mirrors/scenesp.org/compilations/modplanet/normal/cd1/amiga artists/estrayk/HEAR IS U ONLY GOD.mod	259.01K	compilations/modplanet/normal/cd1/amiga artists/estrayk/HEAR IS U ONLY GOD.mod
file music-module	mirrors/scenesp.org/compilations/modplanet/normal/cd1/amiga artists/estrayk/HEAVEN.mod	97.50K	compilations/modplanet/normal/cd1/amiga artists/estrayk/HEAVEN.mod
file music-module	mirrors/scenesp.org/compilations/modplanet/normal/cd1/amiga artists/estrayk/HEDGEHOG.mod	557.64K	compilations/modplanet/normal/cd1/amiga artists/estrayk/HEDGEHOG.mod
file music-module	mirrors/scenesp.org/compilations/modplanet/normal/cd1/amiga artists/estrayk/HER 2.mod	58.92K	compilations/modplanet/normal/cd1/amiga artists/estrayk/HER 2.mod
file music-module	mirrors/scenesp.org/compilations/modplanet/normal/cd1/amiga artists/estrayk/Her4.mod	57.04K	compilations/modplanet/normal/cd1/amiga artists/estrayk/Her4.mod
file music-module	mirrors/scenesp.org/compilations/modplanet/normal/cd1/amiga artists/estrayk/HIVE OF GUITARS.mod	210.56K	compilations/modplanet/normal/cd1/amiga artists/estrayk/HIVE OF GUITARS.mod
file music-module	mirrors/scenesp.org/compilations/modplanet/normal/cd1/amiga artists/estrayk/HOUSE OF PAIN.mod	480.75K	compilations/modplanet/normal/cd1/amiga artists/estrayk/HOUSE OF PAIN.mod
file music-module	mirrors/scenesp.org/compilations/modplanet/normal/cd1/amiga artists/estrayk/HYBRIS REMIX.mod	27.05K	compilations/modplanet/normal/cd1/amiga artists/estrayk/HYBRIS REMIX.mod
file music-module	mirrors/scenesp.org/compilations/modplanet/normal/cd1/amiga artists/estrayk/hear2.mod	129.22K	compilations/modplanet/normal/cd1/amiga artists/estrayk/hear2.mod
file music-module	mirrors/scenesp.org/compilations/modplanet/normal/cd1/amiga artists/estrayk/her1.mod	51.77K	compilations/modplanet/normal/cd1/amiga artists/estrayk/her1.mod
file music-module	mirrors/scenesp.org/compilations/modplanet/normal/cd1/amiga artists/estrayk/her10.mod	92.11K	compilations/modplanet/normal/cd1/amiga artists/estrayk/her10.mod
file music-module	mirrors/scenesp.org/compilations/modplanet/normal/cd1/amiga artists/estrayk/her3.mod	59.69K	compilations/modplanet/normal/cd1/amiga artists/estrayk/her3.mod
file music-module	mirrors/scenesp.org/compilations/modplanet/normal/cd1/amiga artists/estrayk/her5.mod	45.63K	compilations/modplanet/normal/cd1/amiga artists/estrayk/her5.mod
file music-module	mirrors/scenesp.org/compilations/modplanet/normal/cd1/amiga artists/estrayk/her6.mod	54.04K	compilations/modplanet/normal/cd1/amiga artists/estrayk/her6.mod
file music-module	mirrors/scenesp.org/compilations/modplanet/normal/cd1/amiga artists/estrayk/her7.mod	88.83K	compilations/modplanet/normal/cd1/amiga artists/estrayk/her7.mod
file music-module	mirrors/scenesp.org/compilations/modplanet/normal/cd1/amiga artists/estrayk/her8.mod	54.87K	compilations/modplanet/normal/cd1/amiga artists/estrayk/her8.mod
file music-module	mirrors/scenesp.org/compilations/modplanet/normal/cd1/amiga artists/estrayk/her9.mod	57.26K	compilations/modplanet/normal/cd1/amiga artists/estrayk/her9.mod
file music-module	mirrors/scenesp.org/compilations/modplanet/normal/cd1/amiga artists/estrayk/hi-score.mod	14.53K	compilations/modplanet/normal/cd1/amiga artists/estrayk/hi-score.mod
file music-module	mirrors/scenesp.org/compilations/modplanet/normal/cd1/amiga artists/estrayk/humanlives.mod	434.30K	compilations/modplanet/normal/cd1/amiga artists/estrayk/humanlives.mod
file music-module	mirrors/scenesp.org/compilations/modplanet/normal/cd1/amiga artists/estrayk/I DON'T MIND.mod	17.11K	compilations/modplanet/normal/cd1/amiga artists/estrayk/I DON'T MIND.mod
file music-module	mirrors/scenesp.org/compilations/modplanet/normal/cd1/amiga artists/estrayk/IMNASTIC.mod	424.30K	compilations/modplanet/normal/cd1/amiga artists/estrayk/IMNASTIC.mod
file music-module	mirrors/scenesp.org/compilations/modplanet/normal/cd1/amiga artists/estrayk/IN GAME 1.mod	47.87K	compilations/modplanet/normal/cd1/amiga artists/estrayk/IN GAME 1.mod
file music-module	mirrors/scenesp.org/compilations/modplanet/normal/cd1/amiga artists/estrayk/IN GAME FINAL.mod	51.29K	compilations/modplanet/normal/cd1/amiga artists/estrayk/IN GAME FINAL.mod
file music-module	mirrors/scenesp.org/compilations/modplanet/normal/cd1/amiga artists/estrayk/IN GAME OVER.mod	92.62K	compilations/modplanet/normal/cd1/amiga artists/estrayk/IN GAME OVER.mod
file music-module	mirrors/scenesp.org/compilations/modplanet/normal/cd1/amiga artists/estrayk/INFINITE BOBS.mod	88.45K	compilations/modplanet/normal/cd1/amiga artists/estrayk/INFINITE BOBS.mod
file music-module	mirrors/scenesp.org/compilations/modplanet/normal/cd1/amiga artists/estrayk/INNER PLANET 2.mod	116.22K	compilations/modplanet/normal/cd1/amiga artists/estrayk/INNER PLANET 2.mod
file music-module	mirrors/scenesp.org/compilations/modplanet/normal/cd1/amiga artists/estrayk/INNER PLANET 4.mod	116.53K	compilations/modplanet/normal/cd1/amiga artists/estrayk/INNER PLANET 4.mod
file music-module	mirrors/scenesp.org/compilations/modplanet/normal/cd1/amiga artists/estrayk/INNER PLANET III.mod	159.91K	compilations/modplanet/normal/cd1/amiga artists/estrayk/INNER PLANET III.mod
file music-module	mirrors/scenesp.org/compilations/modplanet/normal/cd1/amiga artists/estrayk/INNER PLANET.mod	117.17K	compilations/modplanet/normal/cd1/amiga artists/estrayk/INNER PLANET.mod
file music-module	mirrors/scenesp.org/compilations/modplanet/normal/cd1/amiga artists/estrayk/INNER_PL.MOD	117.17K	compilations/modplanet/normal/cd1/amiga artists/estrayk/INNER_PL.MOD
file music-module	mirrors/scenesp.org/compilations/modplanet/normal/cd1/amiga artists/estrayk/INTEL OUTSIDE.mod	342.22K	compilations/modplanet/normal/cd1/amiga artists/estrayk/INTEL OUTSIDE.mod
file music-module	mirrors/scenesp.org/compilations/modplanet/normal/cd1/amiga artists/estrayk/INTEL OUTSIDE2.mod	412.79K	compilations/modplanet/normal/cd1/amiga artists/estrayk/INTEL OUTSIDE2.mod
file music-module	mirrors/scenesp.org/compilations/modplanet/normal/cd1/amiga artists/estrayk/I_DON'T2.MOD	16.05K	compilations/modplanet/normal/cd1/amiga artists/estrayk/I_DON'T2.MOD
file music-module	mirrors/scenesp.org/compilations/modplanet/normal/cd1/amiga artists/estrayk/inner planet iv.mod	116.46K	compilations/modplanet/normal/cd1/amiga artists/estrayk/inner planet iv.mod
file music-module	mirrors/scenesp.org/compilations/modplanet/normal/cd1/amiga artists/estrayk/interface.mod	52.96K	compilations/modplanet/normal/cd1/amiga artists/estrayk/interface.mod
file music-module	mirrors/scenesp.org/compilations/modplanet/normal/cd1/amiga artists/estrayk/JOSHUA.mod	26.97K	compilations/modplanet/normal/cd1/amiga artists/estrayk/JOSHUA.mod
file music-module	mirrors/scenesp.org/compilations/modplanet/normal/cd1/amiga artists/estrayk/JUMP.mod	126.41K	compilations/modplanet/normal/cd1/amiga artists/estrayk/JUMP.mod
file music-module	mirrors/scenesp.org/compilations/modplanet/normal/cd1/amiga artists/estrayk/jambala.mod	295.70K	compilations/modplanet/normal/cd1/amiga artists/estrayk/jambala.mod
file music-module	mirrors/scenesp.org/compilations/modplanet/normal/cd1/amiga artists/estrayk/jilted.mod	602.04K	compilations/modplanet/normal/cd1/amiga artists/estrayk/jilted.mod
file music-module	mirrors/scenesp.org/compilations/modplanet/normal/cd1/amiga artists/estrayk/jilted2.mod	335.27K	compilations/modplanet/normal/cd1/amiga artists/estrayk/jilted2.mod
file music-module	mirrors/scenesp.org/compilations/modplanet/normal/cd1/amiga artists/estrayk/KONAMI MSX.mod	14.91K	compilations/modplanet/normal/cd1/amiga artists/estrayk/KONAMI MSX.mod
file music-module	mirrors/scenesp.org/compilations/modplanet/normal/cd1/amiga artists/estrayk/KONSWORTH.mod	76.89K	compilations/modplanet/normal/cd1/amiga artists/estrayk/KONSWORTH.mod
file music-module	mirrors/scenesp.org/compilations/modplanet/normal/cd1/amiga artists/estrayk/KYARTSE.mod	18.09K	compilations/modplanet/normal/cd1/amiga artists/estrayk/KYARTSE.mod
file music-module	mirrors/scenesp.org/compilations/modplanet/normal/cd1/amiga artists/estrayk/LET'S BEAT LOUDER.mod	122.80K	compilations/modplanet/normal/cd1/amiga artists/estrayk/LET'S BEAT LOUDER.mod
file music-module	mirrors/scenesp.org/compilations/modplanet/normal/cd1/amiga artists/estrayk/LET'S BEAT LOUDER2.mod	143.46K	compilations/modplanet/normal/cd1/amiga artists/estrayk/LET'S BEAT LOUDER2.mod
file music-module	mirrors/scenesp.org/compilations/modplanet/normal/cd1/amiga artists/estrayk/LIGHTS OF ENERGY.mod	189.83K	compilations/modplanet/normal/cd1/amiga artists/estrayk/LIGHTS OF ENERGY.mod
file music-module	mirrors/scenesp.org/compilations/modplanet/normal/cd1/amiga artists/estrayk/LIKE JARRE.mod	560.31K	compilations/modplanet/normal/cd1/amiga artists/estrayk/LIKE JARRE.mod
file music-module	mirrors/scenesp.org/compilations/modplanet/normal/cd1/amiga artists/estrayk/LIKE THIS.mod	152.77K	compilations/modplanet/normal/cd1/amiga artists/estrayk/LIKE THIS.mod
file music-module	mirrors/scenesp.org/compilations/modplanet/normal/cd1/amiga artists/estrayk/LONGEST REARMING.mod	269.73K	compilations/modplanet/normal/cd1/amiga artists/estrayk/LONGEST REARMING.mod
file music-module	mirrors/scenesp.org/compilations/modplanet/normal/cd1/amiga artists/estrayk/LONGEST_.MOD	270.73K	compilations/modplanet/normal/cd1/amiga artists/estrayk/LONGEST_.MOD
file music-module	mirrors/scenesp.org/compilations/modplanet/normal/cd1/amiga artists/estrayk/landing zone.mod	43.53K	compilations/modplanet/normal/cd1/amiga artists/estrayk/landing zone.mod
file music-module	mirrors/scenesp.org/compilations/modplanet/normal/cd1/amiga artists/estrayk/lands2.mod	10.64K	compilations/modplanet/normal/cd1/amiga artists/estrayk/lands2.mod
file music-module	mirrors/scenesp.org/compilations/modplanet/normal/cd1/amiga artists/estrayk/MAKETA1..mod	371.44K	compilations/modplanet/normal/cd1/amiga artists/estrayk/MAKETA1..mod
file music-module	mirrors/scenesp.org/compilations/modplanet/normal/cd1/amiga artists/estrayk/MASTER CHIP.mod	16.33K	compilations/modplanet/normal/cd1/amiga artists/estrayk/MASTER CHIP.mod
file music-module	mirrors/scenesp.org/compilations/modplanet/normal/cd1/amiga artists/estrayk/MELANNIE.mod	137.73K	compilations/modplanet/normal/cd1/amiga artists/estrayk/MELANNIE.mod
file music-module	mirrors/scenesp.org/compilations/modplanet/normal/cd1/amiga artists/estrayk/METHOD.mod	9.75K	compilations/modplanet/normal/cd1/amiga artists/estrayk/METHOD.mod
file music-module	mirrors/scenesp.org/compilations/modplanet/normal/cd1/amiga artists/estrayk/MF.mod	138.32K	compilations/modplanet/normal/cd1/amiga artists/estrayk/MF.mod
file music-module	mirrors/scenesp.org/compilations/modplanet/normal/cd1/amiga artists/estrayk/MON.mod	3.50K	compilations/modplanet/normal/cd1/amiga artists/estrayk/MON.mod
file music-module	mirrors/scenesp.org/compilations/modplanet/normal/cd1/amiga artists/estrayk/MOONWATCHER.mod	781.23K	compilations/modplanet/normal/cd1/amiga artists/estrayk/MOONWATCHER.mod
file music-module	mirrors/scenesp.org/compilations/modplanet/normal/cd1/amiga artists/estrayk/MUSIC FOR NOTHING.mod	20.01K	compilations/modplanet/normal/cd1/amiga artists/estrayk/MUSIC FOR NOTHING.mod
file music-module	mirrors/scenesp.org/compilations/modplanet/normal/cd1/amiga artists/estrayk/NATION STATION.mod	368.90K	compilations/modplanet/normal/cd1/amiga artists/estrayk/NATION STATION.mod
file music-module	mirrors/scenesp.org/compilations/modplanet/normal/cd1/amiga artists/estrayk/NEW STYLE.mod	184.49K	compilations/modplanet/normal/cd1/amiga artists/estrayk/NEW STYLE.mod
file music-module	mirrors/scenesp.org/compilations/modplanet/normal/cd1/amiga artists/estrayk/NEW.mod	87.36K	compilations/modplanet/normal/cd1/amiga artists/estrayk/NEW.mod
file music-module	mirrors/scenesp.org/compilations/modplanet/normal/cd1/amiga artists/estrayk/Nk-Trashcan+ 4.mod	61.36K	compilations/modplanet/normal/cd1/amiga artists/estrayk/Nk-Trashcan+ 4.mod
file music-module	mirrors/scenesp.org/compilations/modplanet/normal/cd1/amiga artists/estrayk/NO MERCY.mod	16.62K	compilations/modplanet/normal/cd1/amiga artists/estrayk/NO MERCY.mod
file music-module	mirrors/scenesp.org/compilations/modplanet/normal/cd1/amiga artists/estrayk/NOTION DISASTER.mod	610.80K	compilations/modplanet/normal/cd1/amiga artists/estrayk/NOTION DISASTER.mod
file music-module	mirrors/scenesp.org/compilations/modplanet/normal/cd1/amiga artists/estrayk/Not real presence 2.mod	241.96K	compilations/modplanet/normal/cd1/amiga artists/estrayk/Not real presence 2.mod
file music-module	mirrors/scenesp.org/compilations/modplanet/normal/cd1/amiga artists/estrayk/nao.mod	37.66K	compilations/modplanet/normal/cd1/amiga artists/estrayk/nao.mod
file music-module	mirrors/scenesp.org/compilations/modplanet/normal/cd1/amiga artists/estrayk/OMEGA 2.mod	45.82K	compilations/modplanet/normal/cd1/amiga artists/estrayk/OMEGA 2.mod
file music-module	mirrors/scenesp.org/compilations/modplanet/normal/cd1/amiga artists/estrayk/ORBITAL.mod	525.33K	compilations/modplanet/normal/cd1/amiga artists/estrayk/ORBITAL.mod
file music-module	mirrors/scenesp.org/compilations/modplanet/normal/cd1/amiga artists/estrayk/OUTLIVE BLODNESS.mod	458.18K	compilations/modplanet/normal/cd1/amiga artists/estrayk/OUTLIVE BLODNESS.mod
file music-module	mirrors/scenesp.org/compilations/modplanet/normal/cd1/amiga artists/estrayk/OUTSTANDING.mod	133.07K	compilations/modplanet/normal/cd1/amiga artists/estrayk/OUTSTANDING.mod
file music-module	mirrors/scenesp.org/compilations/modplanet/normal/cd1/amiga artists/estrayk/Outsfby.mod	165.67K	compilations/modplanet/normal/cd1/amiga artists/estrayk/Outsfby.mod
file music-module	mirrors/scenesp.org/compilations/modplanet/normal/cd1/amiga artists/estrayk/OWN STYLE.mod	125.95K	compilations/modplanet/normal/cd1/amiga artists/estrayk/OWN STYLE.mod
file music-module	mirrors/scenesp.org/compilations/modplanet/normal/cd1/amiga artists/estrayk/one more time.mod	424.45K	compilations/modplanet/normal/cd1/amiga artists/estrayk/one more time.mod
file music-module	mirrors/scenesp.org/compilations/modplanet/normal/cd1/amiga artists/estrayk/optimal experience.mod	380.31K	compilations/modplanet/normal/cd1/amiga artists/estrayk/optimal experience.mod
file music-module	mirrors/scenesp.org/compilations/modplanet/normal/cd1/amiga artists/estrayk/PARTY MENU.mod	13.20K	compilations/modplanet/normal/cd1/amiga artists/estrayk/PARTY MENU.mod
file music-module	mirrors/scenesp.org/compilations/modplanet/normal/cd1/amiga artists/estrayk/PARTY TIME 2.mod	142.89K	compilations/modplanet/normal/cd1/amiga artists/estrayk/PARTY TIME 2.mod
file music-module	mirrors/scenesp.org/compilations/modplanet/normal/cd1/amiga artists/estrayk/Pc vs amiga.mod	380.77K	compilations/modplanet/normal/cd1/amiga artists/estrayk/Pc vs amiga.mod
file music-module	mirrors/scenesp.org/compilations/modplanet/normal/cd1/amiga artists/estrayk/PERPEX.mod	309.80K	compilations/modplanet/normal/cd1/amiga artists/estrayk/PERPEX.mod
file music-module	mirrors/scenesp.org/compilations/modplanet/normal/cd1/amiga artists/estrayk/PHASED CHORDS2.mod	419.33K	compilations/modplanet/normal/cd1/amiga artists/estrayk/PHASED CHORDS2.mod
file music-module	mirrors/scenesp.org/compilations/modplanet/normal/cd1/amiga artists/estrayk/PHASED CHORDS9.mod	618.31K	compilations/modplanet/normal/cd1/amiga artists/estrayk/PHASED CHORDS9.mod
file music-module	mirrors/scenesp.org/compilations/modplanet/normal/cd1/amiga artists/estrayk/PHASED_C.MOD	680.89K	compilations/modplanet/normal/cd1/amiga artists/estrayk/PHASED_C.MOD
file music-module	mirrors/scenesp.org/compilations/modplanet/normal/cd1/amiga artists/estrayk/PHER JAW.mod	210.87K	compilations/modplanet/normal/cd1/amiga artists/estrayk/PHER JAW.mod
file music-module	mirrors/scenesp.org/compilations/modplanet/normal/cd1/amiga artists/estrayk/PIANO SESSION PART 2.mod	185.46K	compilations/modplanet/normal/cd1/amiga artists/estrayk/PIANO SESSION PART 2.mod
file music-module	mirrors/scenesp.org/compilations/modplanet/normal/cd1/amiga artists/estrayk/PLASTIC PANDROPS.mod	162.77K	compilations/modplanet/normal/cd1/amiga artists/estrayk/PLASTIC PANDROPS.mod
file music-module	mirrors/scenesp.org/compilations/modplanet/normal/cd1/amiga artists/estrayk/POPCORN MIX.mod	244.55K	compilations/modplanet/normal/cd1/amiga artists/estrayk/POPCORN MIX.mod
file music-module	mirrors/scenesp.org/compilations/modplanet/normal/cd1/amiga artists/estrayk/PRESENTATION TERMO.mod	50.75K	compilations/modplanet/normal/cd1/amiga artists/estrayk/PRESENTATION TERMO.mod
file music-module	mirrors/scenesp.org/compilations/modplanet/normal/cd1/amiga artists/estrayk/phased chords94.mod	627.31K	compilations/modplanet/normal/cd1/amiga artists/estrayk/phased chords94.mod
file music-module	mirrors/scenesp.org/compilations/modplanet/normal/cd1/amiga artists/estrayk/psychedelic_reel.mod	617.99K	compilations/modplanet/normal/cd1/amiga artists/estrayk/psychedelic_reel.mod
file music-module	mirrors/scenesp.org/compilations/modplanet/normal/cd1/amiga artists/estrayk/R U REALLY SURE.mod	166.25K	compilations/modplanet/normal/cd1/amiga artists/estrayk/R U REALLY SURE.mod
file music-module	mirrors/scenesp.org/compilations/modplanet/normal/cd1/amiga artists/estrayk/RECORD MAXIMUS.mod	256.47K	compilations/modplanet/normal/cd1/amiga artists/estrayk/RECORD MAXIMUS.mod
file music-module	mirrors/scenesp.org/compilations/modplanet/normal/cd1/amiga artists/estrayk/REPLESARIA.mod	175.53K	compilations/modplanet/normal/cd1/amiga artists/estrayk/REPLESARIA.mod
file music-module	mirrors/scenesp.org/compilations/modplanet/normal/cd1/amiga artists/estrayk/ROTTERDAM 93.mod	176.31K	compilations/modplanet/normal/cd1/amiga artists/estrayk/ROTTERDAM 93.mod
file music-module	mirrors/scenesp.org/compilations/modplanet/normal/cd1/amiga artists/estrayk/Roboticool tune.mod	199.49K	compilations/modplanet/normal/cd1/amiga artists/estrayk/Roboticool tune.mod
file music-module	mirrors/scenesp.org/compilations/modplanet/normal/cd1/amiga artists/estrayk/SHORT TEST.mod	2.29K	compilations/modplanet/normal/cd1/amiga artists/estrayk/SHORT TEST.mod
file music-module	mirrors/scenesp.org/compilations/modplanet/normal/cd1/amiga artists/estrayk/Short's in da time.mod	410.41K	compilations/modplanet/normal/cd1/amiga artists/estrayk/Short's in da time.mod
file music-module	mirrors/scenesp.org/compilations/modplanet/normal/cd1/amiga artists/estrayk/SIMPLE IMPETU.mod	4.38K	compilations/modplanet/normal/cd1/amiga artists/estrayk/SIMPLE IMPETU.mod
file music-module	mirrors/scenesp.org/compilations/modplanet/normal/cd1/amiga artists/estrayk/SKEET METAMORPHISM.mod	382.81K	compilations/modplanet/normal/cd1/amiga artists/estrayk/SKEET METAMORPHISM.mod
file music-module	mirrors/scenesp.org/compilations/modplanet/normal/cd1/amiga artists/estrayk/SKILLION.mod	148.54K	compilations/modplanet/normal/cd1/amiga artists/estrayk/SKILLION.mod
file music-module	mirrors/scenesp.org/compilations/modplanet/normal/cd1/amiga artists/estrayk/SPACE-SONG v1.2.mod	155.50K	compilations/modplanet/normal/cd1/amiga artists/estrayk/SPACE-SONG v1.2.mod
file music-module	mirrors/scenesp.org/compilations/modplanet/normal/cd1/amiga artists/estrayk/SPEEDPACK.mod	9.67K	compilations/modplanet/normal/cd1/amiga artists/estrayk/SPEEDPACK.mod
file music-module	mirrors/scenesp.org/compilations/modplanet/normal/cd1/amiga artists/estrayk/SPEEDPACK34.mod	9.62K	compilations/modplanet/normal/cd1/amiga artists/estrayk/SPEEDPACK34.mod
file music-module	mirrors/scenesp.org/compilations/modplanet/normal/cd1/amiga artists/estrayk/STELLAR FACTORY.mod	59.46K	compilations/modplanet/normal/cd1/amiga artists/estrayk/STELLAR FACTORY.mod
file music-module	mirrors/scenesp.org/compilations/modplanet/normal/cd1/amiga artists/estrayk/SWITPIANO.mod	26.24K	compilations/modplanet/normal/cd1/amiga artists/estrayk/SWITPIANO.mod
file music-module	mirrors/scenesp.org/compilations/modplanet/normal/cd1/amiga artists/estrayk/SYMPH O NEE.mod	17.16K	compilations/modplanet/normal/cd1/amiga artists/estrayk/SYMPH O NEE.mod
file music-module	mirrors/scenesp.org/compilations/modplanet/normal/cd1/amiga artists/estrayk/saboteur2.mod	41.89K	compilations/modplanet/normal/cd1/amiga artists/estrayk/saboteur2.mod
file music-module	mirrors/scenesp.org/compilations/modplanet/normal/cd1/amiga artists/estrayk/short99-22.mod	46.99K	compilations/modplanet/normal/cd1/amiga artists/estrayk/short99-22.mod
file music-module	mirrors/scenesp.org/compilations/modplanet/normal/cd1/amiga artists/estrayk/skin up pin up.mod	846.23K	compilations/modplanet/normal/cd1/amiga artists/estrayk/skin up pin up.mod
file music-module	mirrors/scenesp.org/compilations/modplanet/normal/cd1/amiga artists/estrayk/slayer.mod	7.27K	compilations/modplanet/normal/cd1/amiga artists/estrayk/slayer.mod
file music-module	mirrors/scenesp.org/compilations/modplanet/normal/cd1/amiga artists/estrayk/spijkerhoek.mod	61.48K	compilations/modplanet/normal/cd1/amiga artists/estrayk/spijkerhoek.mod
file music-module	mirrors/scenesp.org/compilations/modplanet/normal/cd1/amiga artists/estrayk/TECHNO MAKRO.mod	193.20K	compilations/modplanet/normal/cd1/amiga artists/estrayk/TECHNO MAKRO.mod
file music-module	mirrors/scenesp.org/compilations/modplanet/normal/cd1/amiga artists/estrayk/TERMINAL ZERO.mod	138.23K	compilations/modplanet/normal/cd1/amiga artists/estrayk/TERMINAL ZERO.mod
file music-module	mirrors/scenesp.org/compilations/modplanet/normal/cd1/amiga artists/estrayk/TERMOGRAPH END.mod	117.28K	compilations/modplanet/normal/cd1/amiga artists/estrayk/TERMOGRAPH END.mod
file music-module	mirrors/scenesp.org/compilations/modplanet/normal/cd1/amiga artists/estrayk/THE BACK IS NONE.mod	167.87K	compilations/modplanet/normal/cd1/amiga artists/estrayk/THE BACK IS NONE.mod
file music-module	mirrors/scenesp.org/compilations/modplanet/normal/cd1/amiga artists/estrayk/THE SECOND END.mod	132.74K	compilations/modplanet/normal/cd1/amiga artists/estrayk/THE SECOND END.mod
file music-module	mirrors/scenesp.org/compilations/modplanet/normal/cd1/amiga artists/estrayk/THERE AREN'T EXIT.mod	15.87K	compilations/modplanet/normal/cd1/amiga artists/estrayk/THERE AREN'T EXIT.mod
file music-module	mirrors/scenesp.org/compilations/modplanet/normal/cd1/amiga artists/estrayk/THE_L.mod	55.58K	compilations/modplanet/normal/cd1/amiga artists/estrayk/THE_L.mod
file music-module	mirrors/scenesp.org/compilations/modplanet/normal/cd1/amiga artists/estrayk/TONE LOC.mod	226.16K	compilations/modplanet/normal/cd1/amiga artists/estrayk/TONE LOC.mod
file music-module	mirrors/scenesp.org/compilations/modplanet/normal/cd1/amiga artists/estrayk/TRANSVERSAL HARMONY.mod	171.86K	compilations/modplanet/normal/cd1/amiga artists/estrayk/TRANSVERSAL HARMONY.mod
file music-module	mirrors/scenesp.org/compilations/modplanet/normal/cd1/amiga artists/estrayk/TWO YEARS AGO.mod	272.47K	compilations/modplanet/normal/cd1/amiga artists/estrayk/TWO YEARS AGO.mod
file music-module	mirrors/scenesp.org/compilations/modplanet/normal/cd1/amiga artists/estrayk/trainer1.mod	29.61K	compilations/modplanet/normal/cd1/amiga artists/estrayk/trainer1.mod
file music-module	mirrors/scenesp.org/compilations/modplanet/normal/cd1/amiga artists/estrayk/trainer4.mod	26.51K	compilations/modplanet/normal/cd1/amiga artists/estrayk/trainer4.mod
file music-module	mirrors/scenesp.org/compilations/modplanet/normal/cd1/amiga artists/estrayk/trainer5.mod	11.82K	compilations/modplanet/normal/cd1/amiga artists/estrayk/trainer5.mod
file music-module	mirrors/scenesp.org/compilations/modplanet/normal/cd1/amiga artists/estrayk/UNKNOWN FACES.mod	412.44K	compilations/modplanet/normal/cd1/amiga artists/estrayk/UNKNOWN FACES.mod
file music-module	mirrors/scenesp.org/compilations/modplanet/normal/cd1/amiga artists/estrayk/Unreal.mod	41.85K	compilations/modplanet/normal/cd1/amiga artists/estrayk/Unreal.mod
file music-module	mirrors/scenesp.org/compilations/modplanet/normal/cd1/amiga artists/estrayk/UTIL DISK 1.mod	14.30K	compilations/modplanet/normal/cd1/amiga artists/estrayk/UTIL DISK 1.mod
file music-module	mirrors/scenesp.org/compilations/modplanet/normal/cd1/amiga artists/estrayk/VIRTUAL GRAVITY.mod	201.55K	compilations/modplanet/normal/cd1/amiga artists/estrayk/VIRTUAL GRAVITY.mod
file music-module	mirrors/scenesp.org/compilations/modplanet/normal/cd1/amiga artists/estrayk/WANT TO GET HURT.mod	250.85K	compilations/modplanet/normal/cd1/amiga artists/estrayk/WANT TO GET HURT.mod
file music-module	mirrors/scenesp.org/compilations/modplanet/normal/cd1/amiga artists/estrayk/WARRIORS ON THE TOP.mod	643.57K	compilations/modplanet/normal/cd1/amiga artists/estrayk/WARRIORS ON THE TOP.mod
file music-module	mirrors/scenesp.org/compilations/modplanet/normal/cd1/amiga artists/estrayk/Was is Worth it_PO.mod	583.23K	compilations/modplanet/normal/cd1/amiga artists/estrayk/Was is Worth it_PO.mod
file music-module	mirrors/scenesp.org/compilations/modplanet/normal/cd1/amiga artists/estrayk/WET_LANDS.mod	601.34K	compilations/modplanet/normal/cd1/amiga artists/estrayk/WET_LANDS.mod
file music-module	mirrors/scenesp.org/compilations/modplanet/normal/cd1/amiga artists/estrayk/WHITE SHADES.mod	75.23K	compilations/modplanet/normal/cd1/amiga artists/estrayk/WHITE SHADES.mod
file music-module	mirrors/scenesp.org/compilations/modplanet/normal/cd1/amiga artists/estrayk/WHY SUFFER FOR ME 3.mod	102.52K	compilations/modplanet/normal/cd1/amiga artists/estrayk/WHY SUFFER FOR ME 3.mod
file music-module	mirrors/scenesp.org/compilations/modplanet/normal/cd1/amiga artists/estrayk/What-is.._ - fast.mod	315.98K	compilations/modplanet/normal/cd1/amiga artists/estrayk/What-is.._ - fast.mod
file music-module	mirrors/scenesp.org/compilations/modplanet/normal/cd1/amiga artists/estrayk/Who's the best2_.mod	192.21K	compilations/modplanet/normal/cd1/amiga artists/estrayk/Who's the best2_.mod
file music-module	mirrors/scenesp.org/compilations/modplanet/normal/cd1/amiga artists/estrayk/WINDS.mod	107.40K	compilations/modplanet/normal/cd1/amiga artists/estrayk/WINDS.mod
file music-module	mirrors/scenesp.org/compilations/modplanet/normal/cd1/amiga artists/estrayk/X1.mod	362.91K	compilations/modplanet/normal/cd1/amiga artists/estrayk/X1.mod
file music-module	mirrors/scenesp.org/compilations/modplanet/normal/cd1/amiga artists/estrayk/X2.mod	579.35K	compilations/modplanet/normal/cd1/amiga artists/estrayk/X2.mod
file music-module	mirrors/scenesp.org/compilations/modplanet/normal/cd1/amiga artists/estrayk/xmas.mod	57.12K	compilations/modplanet/normal/cd1/amiga artists/estrayk/xmas.mod
file music-module	mirrors/scenesp.org/compilations/modplanet/normal/cd1/amiga artists/estrayk/xmaschip.mod	8.13K	compilations/modplanet/normal/cd1/amiga artists/estrayk/xmaschip.mod
file music-module	mirrors/scenesp.org/compilations/modplanet/normal/cd1/amiga artists/estrayk/Zero ph.mod	164.46K	compilations/modplanet/normal/cd1/amiga artists/estrayk/Zero ph.mod
file music-module	mirrors/scenesp.org/compilations/modplanet/normal/cd1/amiga artists/estrayk/ZOOM STUDIO 1201.mod	721.05K	compilations/modplanet/normal/cd1/amiga artists/estrayk/ZOOM STUDIO 1201.mod
file music-module	mirrors/scenesp.org/compilations/modplanet/normal/cd1/amiga artists/evelred/A PAUSE IN THE RAIN.mod	37.95K	compilations/modplanet/normal/cd1/amiga artists/evelred/A PAUSE IN THE RAIN.mod
file music-module	mirrors/scenesp.org/compilations/modplanet/normal/cd1/amiga artists/evelred/AFFRO TEMPLE.mod	317.85K	compilations/modplanet/normal/cd1/amiga artists/evelred/AFFRO TEMPLE.mod
file music-module	mirrors/scenesp.org/compilations/modplanet/normal/cd1/amiga artists/evelred/AFRICA.mod	539.78K	compilations/modplanet/normal/cd1/amiga artists/evelred/AFRICA.mod
file music-module	mirrors/scenesp.org/compilations/modplanet/normal/cd1/amiga artists/evelred/AFRO_TEM.MOD	378.17K	compilations/modplanet/normal/cd1/amiga artists/evelred/AFRO_TEM.MOD
file music-module	mirrors/scenesp.org/compilations/modplanet/normal/cd1/amiga artists/evelred/ARTIFICIAL FIELD.mod	19.18K	compilations/modplanet/normal/cd1/amiga artists/evelred/ARTIFICIAL FIELD.mod
file music-module	mirrors/scenesp.org/compilations/modplanet/normal/cd1/amiga artists/evelred/ASSAULT.mod	475.10K	compilations/modplanet/normal/cd1/amiga artists/evelred/ASSAULT.mod
file music-module	mirrors/scenesp.org/compilations/modplanet/normal/cd1/amiga artists/evelred/A_LITTLE.MOD	156.13K	compilations/modplanet/normal/cd1/amiga artists/evelred/A_LITTLE.MOD
file music-module	mirrors/scenesp.org/compilations/modplanet/normal/cd1/amiga artists/evelred/BREAKER.mod	47.83K	compilations/modplanet/normal/cd1/amiga artists/evelred/BREAKER.mod
file music-module	mirrors/scenesp.org/compilations/modplanet/normal/cd1/amiga artists/evelred/BREAKFAST.mod	186.21K	compilations/modplanet/normal/cd1/amiga artists/evelred/BREAKFAST.mod
file music-module	mirrors/scenesp.org/compilations/modplanet/normal/cd1/amiga artists/evelred/CIRCLE OF NOISE.mod	24.05K	compilations/modplanet/normal/cd1/amiga artists/evelred/CIRCLE OF NOISE.mod
file music-module	mirrors/scenesp.org/compilations/modplanet/normal/cd1/amiga artists/evelred/CLOUD OF MADNESS.mod	334.31K	compilations/modplanet/normal/cd1/amiga artists/evelred/CLOUD OF MADNESS.mod
file music-module	mirrors/scenesp.org/compilations/modplanet/normal/cd1/amiga artists/evelred/COOP MASTER.mod	499.44K	compilations/modplanet/normal/cd1/amiga artists/evelred/COOP MASTER.mod
file music-module	mirrors/scenesp.org/compilations/modplanet/normal/cd1/amiga artists/evelred/CRUSHING DAY 2.mod	82.25K	compilations/modplanet/normal/cd1/amiga artists/evelred/CRUSHING DAY 2.mod
file music-module	mirrors/scenesp.org/compilations/modplanet/normal/cd1/amiga artists/evelred/DARK 1.mod	35.40K	compilations/modplanet/normal/cd1/amiga artists/evelred/DARK 1.mod
file music-module	mirrors/scenesp.org/compilations/modplanet/normal/cd1/amiga artists/evelred/DARK SPELL.mod	21.13K	compilations/modplanet/normal/cd1/amiga artists/evelred/DARK SPELL.mod
file music-module	mirrors/scenesp.org/compilations/modplanet/normal/cd1/amiga artists/evelred/DARK_SPE.MOD	21.16K	compilations/modplanet/normal/cd1/amiga artists/evelred/DARK_SPE.MOD
file music-module	mirrors/scenesp.org/compilations/modplanet/normal/cd1/amiga artists/evelred/Darkblast.mod	132.67K	compilations/modplanet/normal/cd1/amiga artists/evelred/Darkblast.mod
file music-module	mirrors/scenesp.org/compilations/modplanet/normal/cd1/amiga artists/evelred/DISASTER.MOD	37.15K	compilations/modplanet/normal/cd1/amiga artists/evelred/DISASTER.MOD
file music-module	mirrors/scenesp.org/compilations/modplanet/normal/cd1/amiga artists/evelred/dementia.mod	170.11K	compilations/modplanet/normal/cd1/amiga artists/evelred/dementia.mod
file music-module	mirrors/scenesp.org/compilations/modplanet/normal/cd1/amiga artists/evelred/EARTH & WIND.mod	250.28K	compilations/modplanet/normal/cd1/amiga artists/evelred/EARTH & WIND.mod
file music-module	mirrors/scenesp.org/compilations/modplanet/normal/cd1/amiga artists/evelred/ESCAPE FOR ASSAULT!.mod	519.20K	compilations/modplanet/normal/cd1/amiga artists/evelred/ESCAPE FOR ASSAULT!.mod
file music-module	mirrors/scenesp.org/compilations/modplanet/normal/cd1/amiga artists/evelred/ESSENCE.MOD	497.85K	compilations/modplanet/normal/cd1/amiga artists/evelred/ESSENCE.MOD
file music-module	mirrors/scenesp.org/compilations/modplanet/normal/cd1/amiga artists/evelred/escape for assault.mod	510.08K	compilations/modplanet/normal/cd1/amiga artists/evelred/escape for assault.mod
file music-module	mirrors/scenesp.org/compilations/modplanet/normal/cd1/amiga artists/evelred/FAST 94.mod	180.79K	compilations/modplanet/normal/cd1/amiga artists/evelred/FAST 94.mod
file music-module	mirrors/scenesp.org/compilations/modplanet/normal/cd1/amiga artists/evelred/FAST97.mod	79.55K	compilations/modplanet/normal/cd1/amiga artists/evelred/FAST97.mod
file music-module	mirrors/scenesp.org/compilations/modplanet/normal/cd1/amiga artists/evelred/FASTCOMPO95.mod	24.09K	compilations/modplanet/normal/cd1/amiga artists/evelred/FASTCOMPO95.mod
file music-module	mirrors/scenesp.org/compilations/modplanet/normal/cd1/amiga artists/evelred/HEAR IS U ONLY GOD.mod	259.01K	compilations/modplanet/normal/cd1/amiga artists/evelred/HEAR IS U ONLY GOD.mod
file music-module	mirrors/scenesp.org/compilations/modplanet/normal/cd1/amiga artists/evelred/HEIRS OF EARTH.mod	174.80K	compilations/modplanet/normal/cd1/amiga artists/evelred/HEIRS OF EARTH.mod
file music-module	mirrors/scenesp.org/compilations/modplanet/normal/cd1/amiga artists/evelred/HIVE OF GUITARS.mod	210.56K	compilations/modplanet/normal/cd1/amiga artists/evelred/HIVE OF GUITARS.mod
file music-module	mirrors/scenesp.org/compilations/modplanet/normal/cd1/amiga artists/evelred/hedgehog.mod	509.88K	compilations/modplanet/normal/cd1/amiga artists/evelred/hedgehog.mod
file music-module	mirrors/scenesp.org/compilations/modplanet/normal/cd1/amiga artists/evelred/IN THE OTHER FACE.mod	233.46K	compilations/modplanet/normal/cd1/amiga artists/evelred/IN THE OTHER FACE.mod
file music-module	mirrors/scenesp.org/compilations/modplanet/normal/cd1/amiga artists/evelred/INDUSTRIAL.mod	2.12K	compilations/modplanet/normal/cd1/amiga artists/evelred/INDUSTRIAL.mod
file music-module	mirrors/scenesp.org/compilations/modplanet/normal/cd1/amiga artists/evelred/INVITATION.mod	438.41K	compilations/modplanet/normal/cd1/amiga artists/evelred/INVITATION.mod
file music-module	mirrors/scenesp.org/compilations/modplanet/normal/cd1/amiga artists/evelred/LANDING ZONE THEME.mod	43.53K	compilations/modplanet/normal/cd1/amiga artists/evelred/LANDING ZONE THEME.mod
file music-module	mirrors/scenesp.org/compilations/modplanet/normal/cd1/amiga artists/evelred/LANDS 2.mod	10.64K	compilations/modplanet/normal/cd1/amiga artists/evelred/LANDS 2.mod
file music-module	mirrors/scenesp.org/compilations/modplanet/normal/cd1/amiga artists/evelred/LANDS OF FLIER.mod	109.84K	compilations/modplanet/normal/cd1/amiga artists/evelred/LANDS OF FLIER.mod
file music-module	mirrors/scenesp.org/compilations/modplanet/normal/cd1/amiga artists/evelred/LANDSCAPES.mod	5.10K	compilations/modplanet/normal/cd1/amiga artists/evelred/LANDSCAPES.mod
file music-module	mirrors/scenesp.org/compilations/modplanet/normal/cd1/amiga artists/evelred/LOAD%231.MOD	42.71K	compilations/modplanet/normal/cd1/amiga artists/evelred/LOAD%231.MOD
file music-module	mirrors/scenesp.org/compilations/modplanet/normal/cd1/amiga artists/evelred/MIDNIGHT RUN.mod	188.88K	compilations/modplanet/normal/cd1/amiga artists/evelred/MIDNIGHT RUN.mod
file music-module	mirrors/scenesp.org/compilations/modplanet/normal/cd1/amiga artists/evelred/NOTION DISASTER.mod	610.80K	compilations/modplanet/normal/cd1/amiga artists/evelred/NOTION DISASTER.mod
file music-module	mirrors/scenesp.org/compilations/modplanet/normal/cd1/amiga artists/evelred/OBERTURE1.mod	120.61K	compilations/modplanet/normal/cd1/amiga artists/evelred/OBERTURE1.mod
file music-module	mirrors/scenesp.org/compilations/modplanet/normal/cd1/amiga artists/evelred/OLD TIMES REC.mod	192.29K	compilations/modplanet/normal/cd1/amiga artists/evelred/OLD TIMES REC.mod
file music-module	mirrors/scenesp.org/compilations/modplanet/normal/cd1/amiga artists/evelred/OLD TIMES.mod	207.48K	compilations/modplanet/normal/cd1/amiga artists/evelred/OLD TIMES.mod
file music-module	mirrors/scenesp.org/compilations/modplanet/normal/cd1/amiga artists/evelred/PHASED CHORDS2.mod	419.33K	compilations/modplanet/normal/cd1/amiga artists/evelred/PHASED CHORDS2.mod
file music-module	mirrors/scenesp.org/compilations/modplanet/normal/cd1/amiga artists/evelred/PHASED CHORDS9.mod	618.31K	compilations/modplanet/normal/cd1/amiga artists/evelred/PHASED CHORDS9.mod
file music-module	mirrors/scenesp.org/compilations/modplanet/normal/cd1/amiga artists/evelred/PHASED_C.MOD	680.89K	compilations/modplanet/normal/cd1/amiga artists/evelred/PHASED_C.MOD
file music-module	mirrors/scenesp.org/compilations/modplanet/normal/cd1/amiga artists/evelred/phased chords94.mod	627.31K	compilations/modplanet/normal/cd1/amiga artists/evelred/phased chords94.mod
file music-module	mirrors/scenesp.org/compilations/modplanet/normal/cd1/amiga artists/evelred/RESONANCE 1 V2.mod	63.27K	compilations/modplanet/normal/cd1/amiga artists/evelred/RESONANCE 1 V2.mod
file music-module	mirrors/scenesp.org/compilations/modplanet/normal/cd1/amiga artists/evelred/REVENGE.mod	128.52K	compilations/modplanet/normal/cd1/amiga artists/evelred/REVENGE.mod
file music-module	mirrors/scenesp.org/compilations/modplanet/normal/cd1/amiga artists/evelred/SEED OF SEQUENCES.mod	478.11K	compilations/modplanet/normal/cd1/amiga artists/evelred/SEED OF SEQUENCES.mod
file music-module	mirrors/scenesp.org/compilations/modplanet/normal/cd1/amiga artists/evelred/SEQUENCE IN UR MIND.mod	379.79K	compilations/modplanet/normal/cd1/amiga artists/evelred/SEQUENCE IN UR MIND.mod
file music-module	mirrors/scenesp.org/compilations/modplanet/normal/cd1/amiga artists/evelred/SHORT MUZAC 1.mod	10.04K	compilations/modplanet/normal/cd1/amiga artists/evelred/SHORT MUZAC 1.mod
file music-module	mirrors/scenesp.org/compilations/modplanet/normal/cd1/amiga artists/evelred/SHORT99-22.mod	46.99K	compilations/modplanet/normal/cd1/amiga artists/evelred/SHORT99-22.mod
file music-module	mirrors/scenesp.org/compilations/modplanet/normal/cd1/amiga artists/evelred/SLEEPER.mod	2.12K	compilations/modplanet/normal/cd1/amiga artists/evelred/SLEEPER.mod
file music-module	mirrors/scenesp.org/compilations/modplanet/normal/cd1/amiga artists/evelred/SOMETHING GOOD.mod	218.36K	compilations/modplanet/normal/cd1/amiga artists/evelred/SOMETHING GOOD.mod
file music-module	mirrors/scenesp.org/compilations/modplanet/normal/cd1/amiga artists/evelred/SONG.MOD	297.41K	compilations/modplanet/normal/cd1/amiga artists/evelred/SONG.MOD
file music-module	mirrors/scenesp.org/compilations/modplanet/normal/cd1/amiga artists/evelred/STELLAR FACTORY.mod	59.46K	compilations/modplanet/normal/cd1/amiga artists/evelred/STELLAR FACTORY.mod
file music-module	mirrors/scenesp.org/compilations/modplanet/normal/cd1/amiga artists/evelred/skin up pin up.mod	846.23K	compilations/modplanet/normal/cd1/amiga artists/evelred/skin up pin up.mod
file music-module	mirrors/scenesp.org/compilations/modplanet/normal/cd1/amiga artists/evelred/THE LEGEND SPREADS.mod	809.01K	compilations/modplanet/normal/cd1/amiga artists/evelred/THE LEGEND SPREADS.mod
file music-module	mirrors/scenesp.org/compilations/modplanet/normal/cd1/amiga artists/evelred/TWO WORLDS.mod	383.42K	compilations/modplanet/normal/cd1/amiga artists/evelred/TWO WORLDS.mod
file music-module	mirrors/scenesp.org/compilations/modplanet/normal/cd1/amiga artists/evelred/VIRTUAL GRAVITY.mod	201.55K	compilations/modplanet/normal/cd1/amiga artists/evelred/VIRTUAL GRAVITY.mod
file music-module	mirrors/scenesp.org/compilations/modplanet/normal/cd1/amiga artists/evelred/VS NOISE INTRO 1.mod	28.28K	compilations/modplanet/normal/cd1/amiga artists/evelred/VS NOISE INTRO 1.mod
file music-module	mirrors/scenesp.org/compilations/modplanet/normal/cd1/amiga artists/evelred/Was is Worth it_PO.mod	583.23K	compilations/modplanet/normal/cd1/amiga artists/evelred/Was is Worth it_PO.mod
file music-module	mirrors/scenesp.org/compilations/modplanet/normal/cd1/amiga artists/evelred/WILD AGAIN.mod	200.26K	compilations/modplanet/normal/cd1/amiga artists/evelred/WILD AGAIN.mod
file music-module	mirrors/scenesp.org/compilations/modplanet/normal/cd1/amiga artists/evelred/zardiskmenu.mod	45.22K	compilations/modplanet/normal/cd1/amiga artists/evelred/zardiskmenu.mod
file music-module	mirrors/scenesp.org/compilations/modplanet/normal/cd1/amiga artists/falan/ALONE WITHOUT YOU.mod	314.49K	compilations/modplanet/normal/cd1/amiga artists/falan/ALONE WITHOUT YOU.mod
file music-module	mirrors/scenesp.org/compilations/modplanet/normal/cd1/amiga artists/falan/AMBIENT.mod	149.70K	compilations/modplanet/normal/cd1/amiga artists/falan/AMBIENT.mod
file music-module	mirrors/scenesp.org/compilations/modplanet/normal/cd1/amiga artists/falan/BALADA ACUSTICA.mod	226.41K	compilations/modplanet/normal/cd1/amiga artists/falan/BALADA ACUSTICA.mod
file music-module	mirrors/scenesp.org/compilations/modplanet/normal/cd1/amiga artists/falan/BALADA.mod	368.74K	compilations/modplanet/normal/cd1/amiga artists/falan/BALADA.mod
file music-module	mirrors/scenesp.org/compilations/modplanet/normal/cd1/amiga artists/falan/BROKEN HEART 4 LOVE.mod	361.21K	compilations/modplanet/normal/cd1/amiga artists/falan/BROKEN HEART 4 LOVE.mod
file music-module	mirrors/scenesp.org/compilations/modplanet/normal/cd1/amiga artists/falan/CAFE NO JAZZ CLUB.mod	189.71K	compilations/modplanet/normal/cd1/amiga artists/falan/CAFE NO JAZZ CLUB.mod
file music-module	mirrors/scenesp.org/compilations/modplanet/normal/cd1/amiga artists/falan/FREE DAY.mod	402.09K	compilations/modplanet/normal/cd1/amiga artists/falan/FREE DAY.mod
file music-module	mirrors/scenesp.org/compilations/modplanet/normal/cd1/amiga artists/falan/FUSSION.mod	446.23K	compilations/modplanet/normal/cd1/amiga artists/falan/FUSSION.mod
file music-module	mirrors/scenesp.org/compilations/modplanet/normal/cd1/amiga artists/falan/GUITARRA ELECTRICA.mod	342.61K	compilations/modplanet/normal/cd1/amiga artists/falan/GUITARRA ELECTRICA.mod
file music-module	mirrors/scenesp.org/compilations/modplanet/normal/cd1/amiga artists/falan/I NEED YOU, BABY.mod	238.62K	compilations/modplanet/normal/cd1/amiga artists/falan/I NEED YOU, BABY.mod
file music-module	mirrors/scenesp.org/compilations/modplanet/normal/cd1/amiga artists/falan/INTRO.mod	51.00K	compilations/modplanet/normal/cd1/amiga artists/falan/INTRO.mod
file music-module	mirrors/scenesp.org/compilations/modplanet/normal/cd1/amiga artists/falan/JAMES BROWN.mod	113.52K	compilations/modplanet/normal/cd1/amiga artists/falan/JAMES BROWN.mod
file music-module	mirrors/scenesp.org/compilations/modplanet/normal/cd1/amiga artists/falan/MAYO.mod	254.40K	compilations/modplanet/normal/cd1/amiga artists/falan/MAYO.mod
file music-module	mirrors/scenesp.org/compilations/modplanet/normal/cd1/amiga artists/falan/MIXMAN.mod	425.05K	compilations/modplanet/normal/cd1/amiga artists/falan/MIXMAN.mod
file music-module	mirrors/scenesp.org/compilations/modplanet/normal/cd1/amiga artists/falan/MOISES STORY.mod	338.38K	compilations/modplanet/normal/cd1/amiga artists/falan/MOISES STORY.mod
file music-module	mirrors/scenesp.org/compilations/modplanet/normal/cd1/amiga artists/falan/MYAMIGA.MOD	304.77K	compilations/modplanet/normal/cd1/amiga artists/falan/MYAMIGA.MOD
file music-module	mirrors/scenesp.org/compilations/modplanet/normal/cd1/amiga artists/falan/OBK.mod	105.63K	compilations/modplanet/normal/cd1/amiga artists/falan/OBK.mod
file music-module	mirrors/scenesp.org/compilations/modplanet/normal/cd1/amiga artists/falan/SAMBITA CHEVERE!.mod	249.12K	compilations/modplanet/normal/cd1/amiga artists/falan/SAMBITA CHEVERE!.mod
file music-module	mirrors/scenesp.org/compilations/modplanet/normal/cd1/amiga artists/falan/SUPERTRANCE.mod	311.63K	compilations/modplanet/normal/cd1/amiga artists/falan/SUPERTRANCE.mod
file music-module	mirrors/scenesp.org/compilations/modplanet/normal/cd1/amiga artists/falan/TEXAS BALAD1.mod	245.49K	compilations/modplanet/normal/cd1/amiga artists/falan/TEXAS BALAD1.mod
file music-module	mirrors/scenesp.org/compilations/modplanet/normal/cd1/amiga artists/falan/TRANCE3.mod	409.97K	compilations/modplanet/normal/cd1/amiga artists/falan/TRANCE3.mod
file music-module	mirrors/scenesp.org/compilations/modplanet/normal/cd1/amiga artists/falan/WHEN DREAMS COME TRUE.mod	572.27K	compilations/modplanet/normal/cd1/amiga artists/falan/WHEN DREAMS COME TRUE.mod
file music-module	mirrors/scenesp.org/compilations/modplanet/normal/cd1/amiga artists/fermix/ALGO PARA RECORDAR.mod	258.26K	compilations/modplanet/normal/cd1/amiga artists/fermix/ALGO PARA RECORDAR.mod
file music-module	mirrors/scenesp.org/compilations/modplanet/normal/cd1/amiga artists/fermix/ALONE.mod	260.05K	compilations/modplanet/normal/cd1/amiga artists/fermix/ALONE.mod
file music-module	mirrors/scenesp.org/compilations/modplanet/normal/cd1/amiga artists/fermix/Amapola.mod	112.81K	compilations/modplanet/normal/cd1/amiga artists/fermix/Amapola.mod
file music-module	mirrors/scenesp.org/compilations/modplanet/normal/cd1/amiga artists/fermix/ANA.mod	50.14K	compilations/modplanet/normal/cd1/amiga artists/fermix/ANA.mod
file music-module	mirrors/scenesp.org/compilations/modplanet/normal/cd1/amiga artists/fermix/ANIOS ATRAS.mod	302.00K	compilations/modplanet/normal/cd1/amiga artists/fermix/ANIOS ATRAS.mod
file music-module	mirrors/scenesp.org/compilations/modplanet/normal/cd1/amiga artists/fermix/A_NICE_DAY.mod	191.50K	compilations/modplanet/normal/cd1/amiga artists/fermix/A_NICE_DAY.mod
file music-module	mirrors/scenesp.org/compilations/modplanet/normal/cd1/amiga artists/fermix/all_styles.mod	433.00K	compilations/modplanet/normal/cd1/amiga artists/fermix/all_styles.mod
file music-module	mirrors/scenesp.org/compilations/modplanet/normal/cd1/amiga artists/fermix/a_solas_conmigo.mod	481.46K	compilations/modplanet/normal/cd1/amiga artists/fermix/a_solas_conmigo.mod
file music-module	mirrors/scenesp.org/compilations/modplanet/normal/cd1/amiga artists/fermix/BACK TO ORIGIN.mod	279.77K	compilations/modplanet/normal/cd1/amiga artists/fermix/BACK TO ORIGIN.mod
file music-module	mirrors/scenesp.org/compilations/modplanet/normal/cd1/amiga artists/fermix/BUSCANDO LA ILUSION.mod	472.88K	compilations/modplanet/normal/cd1/amiga artists/fermix/BUSCANDO LA ILUSION.mod
file music-module	mirrors/scenesp.org/compilations/modplanet/normal/cd1/amiga artists/fermix/CABREADO!!.mod	113.82K	compilations/modplanet/normal/cd1/amiga artists/fermix/CABREADO!!.mod
file music-module	mirrors/scenesp.org/compilations/modplanet/normal/cd1/amiga artists/fermix/CAMINANDO.mod	51.74K	compilations/modplanet/normal/cd1/amiga artists/fermix/CAMINANDO.mod
file music-module	mirrors/scenesp.org/compilations/modplanet/normal/cd1/amiga artists/fermix/COLD-STATION.mod	12.53K	compilations/modplanet/normal/cd1/amiga artists/fermix/COLD-STATION.mod
file music-module	mirrors/scenesp.org/compilations/modplanet/normal/cd1/amiga artists/fermix/coperacion.mod	109.80K	compilations/modplanet/normal/cd1/amiga artists/fermix/coperacion.mod
file music-module	mirrors/scenesp.org/compilations/modplanet/normal/cd1/amiga artists/fermix/dear_spectrum.mod	36.54K	compilations/modplanet/normal/cd1/amiga artists/fermix/dear_spectrum.mod
file music-module	mirrors/scenesp.org/compilations/modplanet/normal/cd1/amiga artists/fermix/distrito10.mod	283.00K	compilations/modplanet/normal/cd1/amiga artists/fermix/distrito10.mod
file music-module	mirrors/scenesp.org/compilations/modplanet/normal/cd1/amiga artists/fermix/Electric-dreams.mod	64.40K	compilations/modplanet/normal/cd1/amiga artists/fermix/Electric-dreams.mod
file music-module	mirrors/scenesp.org/compilations/modplanet/normal/cd1/amiga artists/fermix/EMPTY.mod	110.52K	compilations/modplanet/normal/cd1/amiga artists/fermix/EMPTY.mod
file music-module	mirrors/scenesp.org/compilations/modplanet/normal/cd1/amiga artists/fermix/entrampate.mod	158.69K	compilations/modplanet/normal/cd1/amiga artists/fermix/entrampate.mod
file music-module	mirrors/scenesp.org/compilations/modplanet/normal/cd1/amiga artists/fermix/FANZINE VI.mod	58.59K	compilations/modplanet/normal/cd1/amiga artists/fermix/FANZINE VI.mod
file music-module	mirrors/scenesp.org/compilations/modplanet/normal/cd1/amiga artists/fermix/Fanzine%2313Intro.mod	72.13K	compilations/modplanet/normal/cd1/amiga artists/fermix/Fanzine%2313Intro.mod
file music-module	mirrors/scenesp.org/compilations/modplanet/normal/cd1/amiga artists/fermix/FLASHDANCE-THEME.mod	11.40K	compilations/modplanet/normal/cd1/amiga artists/fermix/FLASHDANCE-THEME.mod
file music-module	mirrors/scenesp.org/compilations/modplanet/normal/cd1/amiga artists/fermix/FOLLANDO_EN_JULIO.mod	52.79K	compilations/modplanet/normal/cd1/amiga artists/fermix/FOLLANDO_EN_JULIO.mod
file music-module	mirrors/scenesp.org/compilations/modplanet/normal/cd1/amiga artists/fermix/FOUR DAYS FOR ME.mod	153.40K	compilations/modplanet/normal/cd1/amiga artists/fermix/FOUR DAYS FOR ME.mod
file music-module	mirrors/scenesp.org/compilations/modplanet/normal/cd1/amiga artists/fermix/FURBO.mod	140.27K	compilations/modplanet/normal/cd1/amiga artists/fermix/FURBO.mod
file music-module	mirrors/scenesp.org/compilations/modplanet/normal/cd1/amiga artists/fermix/GENESIS INTROTAP.mod	144.07K	compilations/modplanet/normal/cd1/amiga artists/fermix/GENESIS INTROTAP.mod
file music-module	mirrors/scenesp.org/compilations/modplanet/normal/cd1/amiga artists/fermix/GENESIS.mod	136.31K	compilations/modplanet/normal/cd1/amiga artists/fermix/GENESIS.mod
file music-module	mirrors/scenesp.org/compilations/modplanet/normal/cd1/amiga artists/fermix/Get-ready.mod	97.35K	compilations/modplanet/normal/cd1/amiga artists/fermix/Get-ready.mod
file music-module	mirrors/scenesp.org/compilations/modplanet/normal/cd1/amiga artists/fermix/IGUAL QUE TU.mod	73.13K	compilations/modplanet/normal/cd1/amiga artists/fermix/IGUAL QUE TU.mod
file music-module	mirrors/scenesp.org/compilations/modplanet/normal/cd1/amiga artists/fermix/INTEN.mod	141.45K	compilations/modplanet/normal/cd1/amiga artists/fermix/INTEN.mod
file music-module	mirrors/scenesp.org/compilations/modplanet/normal/cd1/amiga artists/fermix/INTRO ODRUSBA.mod	57.22K	compilations/modplanet/normal/cd1/amiga artists/fermix/INTRO ODRUSBA.mod
file music-module	mirrors/scenesp.org/compilations/modplanet/normal/cd1/amiga artists/fermix/LA INOCENCIA.mod	143.31K	compilations/modplanet/normal/cd1/amiga artists/fermix/LA INOCENCIA.mod
file music-module	mirrors/scenesp.org/compilations/modplanet/normal/cd1/amiga artists/fermix/LA OLLA VOLADORA.mod	365.41K	compilations/modplanet/normal/cd1/amiga artists/fermix/LA OLLA VOLADORA.mod
file music-module	mirrors/scenesp.org/compilations/modplanet/normal/cd1/amiga artists/fermix/LA-MO.mod	117.44K	compilations/modplanet/normal/cd1/amiga artists/fermix/LA-MO.mod
file music-module	mirrors/scenesp.org/compilations/modplanet/normal/cd1/amiga artists/fermix/LAS-2-AMIGAS.mod	92.19K	compilations/modplanet/normal/cd1/amiga artists/fermix/LAS-2-AMIGAS.mod
file music-module	mirrors/scenesp.org/compilations/modplanet/normal/cd1/amiga artists/fermix/LA_CA.mod	112.35K	compilations/modplanet/normal/cd1/amiga artists/fermix/LA_CA.mod
file music-module	mirrors/scenesp.org/compilations/modplanet/normal/cd1/amiga artists/fermix/LA_DESPEDIDA.mod	128.06K	compilations/modplanet/normal/cd1/amiga artists/fermix/LA_DESPEDIDA.mod
file music-module	mirrors/scenesp.org/compilations/modplanet/normal/cd1/amiga artists/fermix/LOST-THINGS.mod	165.40K	compilations/modplanet/normal/cd1/amiga artists/fermix/LOST-THINGS.mod
file music-module	mirrors/scenesp.org/compilations/modplanet/normal/cd1/amiga artists/fermix/LOST_THINGS2.mod	136.10K	compilations/modplanet/normal/cd1/amiga artists/fermix/LOST_THINGS2.mod
file music-module	mirrors/scenesp.org/compilations/modplanet/normal/cd1/amiga artists/fermix/LOST_THINGS3.mod	106.09K	compilations/modplanet/normal/cd1/amiga artists/fermix/LOST_THINGS3.mod
file music-module	mirrors/scenesp.org/compilations/modplanet/normal/cd1/amiga artists/fermix/Lv_Price.mod	330.38K	compilations/modplanet/normal/cd1/amiga artists/fermix/Lv_Price.mod
file music-module	mirrors/scenesp.org/compilations/modplanet/normal/cd1/amiga artists/fermix/la_decision.mod	237.50K	compilations/modplanet/normal/cd1/amiga artists/fermix/la_decision.mod
file music-module	mirrors/scenesp.org/compilations/modplanet/normal/cd1/amiga artists/fermix/la_inocencia.mod	74.01K	compilations/modplanet/normal/cd1/amiga artists/fermix/la_inocencia.mod
file music-module	mirrors/scenesp.org/compilations/modplanet/normal/cd1/amiga artists/fermix/M&M.MOD	58.61K	compilations/modplanet/normal/cd1/amiga artists/fermix/M&M.MOD
file music-module	mirrors/scenesp.org/compilations/modplanet/normal/cd1/amiga artists/fermix/MADRUGADA.mod	97.06K	compilations/modplanet/normal/cd1/amiga artists/fermix/MADRUGADA.mod
file music-module	mirrors/scenesp.org/compilations/modplanet/normal/cd1/amiga artists/fermix/MAKINEO-PART1.mod	224.77K	compilations/modplanet/normal/cd1/amiga artists/fermix/MAKINEO-PART1.mod
file music-module	mirrors/scenesp.org/compilations/modplanet/normal/cd1/amiga artists/fermix/MAKINEO-PART2.mod	320.29K	compilations/modplanet/normal/cd1/amiga artists/fermix/MAKINEO-PART2.mod
file music-module	mirrors/scenesp.org/compilations/modplanet/normal/cd1/amiga artists/fermix/Madness took me.mod	139.78K	compilations/modplanet/normal/cd1/amiga artists/fermix/Madness took me.mod
file music-module	mirrors/scenesp.org/compilations/modplanet/normal/cd1/amiga artists/fermix/MORE_INTENSE.mod	103.32K	compilations/modplanet/normal/cd1/amiga artists/fermix/MORE_INTENSE.mod
file music-module	mirrors/scenesp.org/compilations/modplanet/normal/cd1/amiga artists/fermix/MUSIC IN MY FINGERS.mod	124.43K	compilations/modplanet/normal/cd1/amiga artists/fermix/MUSIC IN MY FINGERS.mod
file music-module	mirrors/scenesp.org/compilations/modplanet/normal/cd1/amiga artists/fermix/mirando_hacia_atras.mod	13.62K	compilations/modplanet/normal/cd1/amiga artists/fermix/mirando_hacia_atras.mod
file music-module	mirrors/scenesp.org/compilations/modplanet/normal/cd1/amiga artists/fermix/Newsong.mod	149.62K	compilations/modplanet/normal/cd1/amiga artists/fermix/Newsong.mod
file music-module	mirrors/scenesp.org/compilations/modplanet/normal/cd1/amiga artists/fermix/ole_song!.mod	9.92K	compilations/modplanet/normal/cd1/amiga artists/fermix/ole_song!.mod
file music-module	mirrors/scenesp.org/compilations/modplanet/normal/cd1/amiga artists/fermix/POCORN-MIX.mod	106.43K	compilations/modplanet/normal/cd1/amiga artists/fermix/POCORN-MIX.mod
file music-module	mirrors/scenesp.org/compilations/modplanet/normal/cd1/amiga artists/fermix/POSADAS-3.mod	15.09K	compilations/modplanet/normal/cd1/amiga artists/fermix/POSADAS-3.mod
file music-module	mirrors/scenesp.org/compilations/modplanet/normal/cd1/amiga artists/fermix/partyiii++.mod	104.36K	compilations/modplanet/normal/cd1/amiga artists/fermix/partyiii++.mod
file music-module	mirrors/scenesp.org/compilations/modplanet/normal/cd1/amiga artists/fermix/partyiii+.mod	121.61K	compilations/modplanet/normal/cd1/amiga artists/fermix/partyiii+.mod
file music-module	mirrors/scenesp.org/compilations/modplanet/normal/cd1/amiga artists/fermix/pensando_en_ti.mod	786.40K	compilations/modplanet/normal/cd1/amiga artists/fermix/pensando_en_ti.mod
file music-module	mirrors/scenesp.org/compilations/modplanet/normal/cd1/amiga artists/fermix/RAINING SUNDAY.mod	173.42K	compilations/modplanet/normal/cd1/amiga artists/fermix/RAINING SUNDAY.mod
file music-module	mirrors/scenesp.org/compilations/modplanet/normal/cd1/amiga artists/fermix/Remix.mod	201.77K	compilations/modplanet/normal/cd1/amiga artists/fermix/Remix.mod
file music-module	mirrors/scenesp.org/compilations/modplanet/normal/cd1/amiga artists/fermix/ROCK&CHIP.mod	8.32K	compilations/modplanet/normal/cd1/amiga artists/fermix/ROCK&CHIP.mod
file music-module	mirrors/scenesp.org/compilations/modplanet/normal/cd1/amiga artists/fermix/SENTIMIENTOS.mod	384.15K	compilations/modplanet/normal/cd1/amiga artists/fermix/SENTIMIENTOS.mod
file music-module	mirrors/scenesp.org/compilations/modplanet/normal/cd1/amiga artists/fermix/SIN CONTROL.mod	86.28K	compilations/modplanet/normal/cd1/amiga artists/fermix/SIN CONTROL.mod
file music-module	mirrors/scenesp.org/compilations/modplanet/normal/cd1/amiga artists/fermix/SINTE.mod	172.67K	compilations/modplanet/normal/cd1/amiga artists/fermix/SINTE.mod
file music-module	mirrors/scenesp.org/compilations/modplanet/normal/cd1/amiga artists/fermix/Smoke-in-the-disco.mod	104.60K	compilations/modplanet/normal/cd1/amiga artists/fermix/Smoke-in-the-disco.mod
file music-module	mirrors/scenesp.org/compilations/modplanet/normal/cd1/amiga artists/fermix/SON.MOD	36.63K	compilations/modplanet/normal/cd1/amiga artists/fermix/SON.MOD
file music-module	mirrors/scenesp.org/compilations/modplanet/normal/cd1/amiga artists/fermix/SPECCY.mod	46.65K	compilations/modplanet/normal/cd1/amiga artists/fermix/SPECCY.mod
file music-module	mirrors/scenesp.org/compilations/modplanet/normal/cd1/amiga artists/fermix/sintetic_touch.mod	178.86K	compilations/modplanet/normal/cd1/amiga artists/fermix/sintetic_touch.mod
file music-module	mirrors/scenesp.org/compilations/modplanet/normal/cd1/amiga artists/fermix/summer-dream.mod	300.18K	compilations/modplanet/normal/cd1/amiga artists/fermix/summer-dream.mod
file music-module	mirrors/scenesp.org/compilations/modplanet/normal/cd1/amiga artists/fermix/TECHN.mod	92.95K	compilations/modplanet/normal/cd1/amiga artists/fermix/TECHN.mod
file music-module	mirrors/scenesp.org/compilations/modplanet/normal/cd1/amiga artists/fermix/THE SKY IS CRYING.mod	380.06K	compilations/modplanet/normal/cd1/amiga artists/fermix/THE SKY IS CRYING.mod
file music-module	mirrors/scenesp.org/compilations/modplanet/normal/cd1/amiga artists/fermix/TODO_.mod	88.03K	compilations/modplanet/normal/cd1/amiga artists/fermix/TODO_.mod
file music-module	mirrors/scenesp.org/compilations/modplanet/normal/cd1/amiga artists/fermix/TUBUL.mod	264.71K	compilations/modplanet/normal/cd1/amiga artists/fermix/TUBUL.mod
file music-module	mirrors/scenesp.org/compilations/modplanet/normal/cd1/amiga artists/fermix/tecno-makina.mod	244.53K	compilations/modplanet/normal/cd1/amiga artists/fermix/tecno-makina.mod
file music-module	mirrors/scenesp.org/compilations/modplanet/normal/cd1/amiga artists/fermix/UN DIA MAS 2.mod	48.84K	compilations/modplanet/normal/cd1/amiga artists/fermix/UN DIA MAS 2.mod
file music-module	mirrors/scenesp.org/compilations/modplanet/normal/cd1/amiga artists/fermix/UN-.MOD	59.32K	compilations/modplanet/normal/cd1/amiga artists/fermix/UN-.MOD
file music-module	mirrors/scenesp.org/compilations/modplanet/normal/cd1/amiga artists/fermix/VICTIMA OF TEKNO.mod	129.69K	compilations/modplanet/normal/cd1/amiga artists/fermix/VICTIMA OF TEKNO.mod
file music-module	mirrors/scenesp.org/compilations/modplanet/normal/cd1/amiga artists/fermix/VICTIMA.mod	119.78K	compilations/modplanet/normal/cd1/amiga artists/fermix/VICTIMA.mod
file music-module	mirrors/scenesp.org/compilations/modplanet/normal/cd1/amiga artists/fireboy/7UP BY FIREBOY.mod	179.54K	compilations/modplanet/normal/cd1/amiga artists/fireboy/7UP BY FIREBOY.mod
file music-module	mirrors/scenesp.org/compilations/modplanet/normal/cd1/amiga artists/fireboy/A NIGHTMARE.mod	425.34K	compilations/modplanet/normal/cd1/amiga artists/fireboy/A NIGHTMARE.mod
file music-module	mirrors/scenesp.org/compilations/modplanet/normal/cd1/amiga artists/fireboy/AS I LOVE.mod	183.40K	compilations/modplanet/normal/cd1/amiga artists/fireboy/AS I LOVE.mod
file music-module	mirrors/scenesp.org/compilations/modplanet/normal/cd1/amiga artists/fireboy/BALIZA1.mod	331.59K	compilations/modplanet/normal/cd1/amiga artists/fireboy/BALIZA1.mod
file music-module	mirrors/scenesp.org/compilations/modplanet/normal/cd1/amiga artists/fireboy/BORN TO SUFFER.mod	428.45K	compilations/modplanet/normal/cd1/amiga artists/fireboy/BORN TO SUFFER.mod
file music-module	mirrors/scenesp.org/compilations/modplanet/normal/cd1/amiga artists/fireboy/BROKEN CALL 2.mod	420.12K	compilations/modplanet/normal/cd1/amiga artists/fireboy/BROKEN CALL 2.mod
file music-module	mirrors/scenesp.org/compilations/modplanet/normal/cd1/amiga artists/fireboy/BROKEN CALL 4 LOVE.mod	316.91K	compilations/modplanet/normal/cd1/amiga artists/fireboy/BROKEN CALL 4 LOVE.mod
file music-module	mirrors/scenesp.org/compilations/modplanet/normal/cd1/amiga artists/fireboy/BROKEN CALL PARTY.mod	289.92K	compilations/modplanet/normal/cd1/amiga artists/fireboy/BROKEN CALL PARTY.mod
file music-module	mirrors/scenesp.org/compilations/modplanet/normal/cd1/amiga artists/fireboy/C'EST LA VIE.mod	137.76K	compilations/modplanet/normal/cd1/amiga artists/fireboy/C'EST LA VIE.mod
file music-module	mirrors/scenesp.org/compilations/modplanet/normal/cd1/amiga artists/fireboy/CANYA 93 VJCGF.mod	118.63K	compilations/modplanet/normal/cd1/amiga artists/fireboy/CANYA 93 VJCGF.mod
file music-module	mirrors/scenesp.org/compilations/modplanet/normal/cd1/amiga artists/fireboy/CGF INSTR THORIN.mod	67.20K	compilations/modplanet/normal/cd1/amiga artists/fireboy/CGF INSTR THORIN.mod
file music-module	mirrors/scenesp.org/compilations/modplanet/normal/cd1/amiga artists/fireboy/CHIKICHIKA.mod	141.04K	compilations/modplanet/normal/cd1/amiga artists/fireboy/CHIKICHIKA.mod
file music-module	mirrors/scenesp.org/compilations/modplanet/normal/cd1/amiga artists/fireboy/CHINA SHOWERS.mod	340.16K	compilations/modplanet/normal/cd1/amiga artists/fireboy/CHINA SHOWERS.mod
file music-module	mirrors/scenesp.org/compilations/modplanet/normal/cd1/amiga artists/fireboy/CHIP TONE.mod	55.10K	compilations/modplanet/normal/cd1/amiga artists/fireboy/CHIP TONE.mod
file music-module	mirrors/scenesp.org/compilations/modplanet/normal/cd1/amiga artists/fireboy/CHIPTUNE.mod	12.40K	compilations/modplanet/normal/cd1/amiga artists/fireboy/CHIPTUNE.mod
file music-module	mirrors/scenesp.org/compilations/modplanet/normal/cd1/amiga artists/fireboy/DA WAAARR!!!.mod	437.87K	compilations/modplanet/normal/cd1/amiga artists/fireboy/DA WAAARR!!!.mod
file music-module	mirrors/scenesp.org/compilations/modplanet/normal/cd1/amiga artists/fireboy/DEFORMED SKY.mod	37.64K	compilations/modplanet/normal/cd1/amiga artists/fireboy/DEFORMED SKY.mod
file music-module	mirrors/scenesp.org/compilations/modplanet/normal/cd1/amiga artists/fireboy/DOES NOT OVERFBY.mod	401.74K	compilations/modplanet/normal/cd1/amiga artists/fireboy/DOES NOT OVERFBY.mod
file music-module	mirrors/scenesp.org/compilations/modplanet/normal/cd1/amiga artists/fireboy/DRAGON SLAYER.mod	273.59K	compilations/modplanet/normal/cd1/amiga artists/fireboy/DRAGON SLAYER.mod
file music-module	mirrors/scenesp.org/compilations/modplanet/normal/cd1/amiga artists/fireboy/DRIVE.mod	61.59K	compilations/modplanet/normal/cd1/amiga artists/fireboy/DRIVE.mod
file music-module	mirrors/scenesp.org/compilations/modplanet/normal/cd1/amiga artists/fireboy/ENERGY TRANSVISION.mod	281.30K	compilations/modplanet/normal/cd1/amiga artists/fireboy/ENERGY TRANSVISION.mod
file music-module	mirrors/scenesp.org/compilations/modplanet/normal/cd1/amiga artists/fireboy/ETHERNAL SYMPHONY.mod	325.00K	compilations/modplanet/normal/cd1/amiga artists/fireboy/ETHERNAL SYMPHONY.mod
file music-module	mirrors/scenesp.org/compilations/modplanet/normal/cd1/amiga artists/fireboy/FACE IN THE PROBLEM.mod	478.29K	compilations/modplanet/normal/cd1/amiga artists/fireboy/FACE IN THE PROBLEM.mod
file music-module	mirrors/scenesp.org/compilations/modplanet/normal/cd1/amiga artists/fireboy/FANTASTIC SOUND.mod	282.92K	compilations/modplanet/normal/cd1/amiga artists/fireboy/FANTASTIC SOUND.mod
file music-module	mirrors/scenesp.org/compilations/modplanet/normal/cd1/amiga artists/fireboy/FANZINTRO.mod	90.69K	compilations/modplanet/normal/cd1/amiga artists/fireboy/FANZINTRO.mod
file music-module	mirrors/scenesp.org/compilations/modplanet/normal/cd1/amiga artists/fireboy/FBY CRACKTRO.mod	6.27K	compilations/modplanet/normal/cd1/amiga artists/fireboy/FBY CRACKTRO.mod
file music-module	mirrors/scenesp.org/compilations/modplanet/normal/cd1/amiga artists/fireboy/FBY STRIKES AGAIN.mod	252.66K	compilations/modplanet/normal/cd1/amiga artists/fireboy/FBY STRIKES AGAIN.mod
file music-module	mirrors/scenesp.org/compilations/modplanet/normal/cd1/amiga artists/fireboy/FIRE & ACID HOUSE.mod	72.00K	compilations/modplanet/normal/cd1/amiga artists/fireboy/FIRE & ACID HOUSE.mod
file music-module	mirrors/scenesp.org/compilations/modplanet/normal/cd1/amiga artists/fireboy/FIREBIRDRESOLUTION.mod	536.74K	compilations/modplanet/normal/cd1/amiga artists/fireboy/FIREBIRDRESOLUTION.mod
file music-module	mirrors/scenesp.org/compilations/modplanet/normal/cd1/amiga artists/fireboy/FIRST CHORD MUSX.mod	140.24K	compilations/modplanet/normal/cd1/amiga artists/fireboy/FIRST CHORD MUSX.mod
file music-module	mirrors/scenesp.org/compilations/modplanet/normal/cd1/amiga artists/fireboy/FOR THE DEMO.mod	34.68K	compilations/modplanet/normal/cd1/amiga artists/fireboy/FOR THE DEMO.mod
file music-module	mirrors/scenesp.org/compilations/modplanet/normal/cd1/amiga artists/fireboy/FRAY XAK EPILOGUE.mod	192.59K	compilations/modplanet/normal/cd1/amiga artists/fireboy/FRAY XAK EPILOGUE.mod
file music-module	mirrors/scenesp.org/compilations/modplanet/normal/cd1/amiga artists/fireboy/FUNZINE.mod	95.85K	compilations/modplanet/normal/cd1/amiga artists/fireboy/FUNZINE.mod
file music-module	mirrors/scenesp.org/compilations/modplanet/normal/cd1/amiga artists/fireboy/GRADIUS III.mod	39.57K	compilations/modplanet/normal/cd1/amiga artists/fireboy/GRADIUS III.mod
file music-module	mirrors/scenesp.org/compilations/modplanet/normal/cd1/amiga artists/fireboy/HARDCORE TECHNO.mod	338.18K	compilations/modplanet/normal/cd1/amiga artists/fireboy/HARDCORE TECHNO.mod
file music-module	mirrors/scenesp.org/compilations/modplanet/normal/cd1/amiga artists/fireboy/HOPES WITHOUT END.mod	350.02K	compilations/modplanet/normal/cd1/amiga artists/fireboy/HOPES WITHOUT END.mod
file music-module	mirrors/scenesp.org/compilations/modplanet/normal/cd1/amiga artists/fireboy/HUMPAMIX.mod	306.92K	compilations/modplanet/normal/cd1/amiga artists/fireboy/HUMPAMIX.mod
file music-module	mirrors/scenesp.org/compilations/modplanet/normal/cd1/amiga artists/fireboy/hypocresia.mod	536.64K	compilations/modplanet/normal/cd1/amiga artists/fireboy/hypocresia.mod
file music-module	mirrors/scenesp.org/compilations/modplanet/normal/cd1/amiga artists/fireboy/I kan't m0r@!.mod	389.02K	compilations/modplanet/normal/cd1/amiga artists/fireboy/I kan't m0r@!.mod
file music-module	mirrors/scenesp.org/compilations/modplanet/normal/cd1/amiga artists/fireboy/I k^n't m0r@!!.mod	346.44K	compilations/modplanet/normal/cd1/amiga artists/fireboy/I k^n't m0r@!!.mod
file music-module	mirrors/scenesp.org/compilations/modplanet/normal/cd1/amiga artists/fireboy/INTRO CYBERSHOT.mod	125.24K	compilations/modplanet/normal/cd1/amiga artists/fireboy/INTRO CYBERSHOT.mod
file music-module	mirrors/scenesp.org/compilations/modplanet/normal/cd1/amiga artists/fireboy/INTROCYBER.mod	178.35K	compilations/modplanet/normal/cd1/amiga artists/fireboy/INTROCYBER.mod
file music-module	mirrors/scenesp.org/compilations/modplanet/normal/cd1/amiga artists/fireboy/ITSME.mod	62.95K	compilations/modplanet/normal/cd1/amiga artists/fireboy/ITSME.mod
file music-module	mirrors/scenesp.org/compilations/modplanet/normal/cd1/amiga artists/fireboy/KONAMI REMIX.mod	225.07K	compilations/modplanet/normal/cd1/amiga artists/fireboy/KONAMI REMIX.mod
file music-module	mirrors/scenesp.org/compilations/modplanet/normal/cd1/amiga artists/fireboy/konami-msx.mod	14.91K	compilations/modplanet/normal/cd1/amiga artists/fireboy/konami-msx.mod
file music-module	mirrors/scenesp.org/compilations/modplanet/normal/cd1/amiga artists/fireboy/LET THE BASS BE.mod	293.98K	compilations/modplanet/normal/cd1/amiga artists/fireboy/LET THE BASS BE.mod
file music-module	mirrors/scenesp.org/compilations/modplanet/normal/cd1/amiga artists/fireboy/LET THE BASS FBY.mod	270.74K	compilations/modplanet/normal/cd1/amiga artists/fireboy/LET THE BASS FBY.mod
file music-module	mirrors/scenesp.org/compilations/modplanet/normal/cd1/amiga artists/fireboy/MAKIN.mod	63.27K	compilations/modplanet/normal/cd1/amiga artists/fireboy/MAKIN.mod
file music-module	mirrors/scenesp.org/compilations/modplanet/normal/cd1/amiga artists/fireboy/MASKINA VALENZIANA.mod	64.38K	compilations/modplanet/normal/cd1/amiga artists/fireboy/MASKINA VALENZIANA.mod
file music-module	mirrors/scenesp.org/compilations/modplanet/normal/cd1/amiga artists/fireboy/Mental-phase-on.mod	385.30K	compilations/modplanet/normal/cd1/amiga artists/fireboy/Mental-phase-on.mod
file music-module	mirrors/scenesp.org/compilations/modplanet/normal/cd1/amiga artists/fireboy/MILLIONS OF BUGS THEME.mod	704.49K	compilations/modplanet/normal/cd1/amiga artists/fireboy/MILLIONS OF BUGS THEME.mod
file music-module	mirrors/scenesp.org/compilations/modplanet/normal/cd1/amiga artists/fireboy/NEW DINA FIREBOY.mod	113.73K	compilations/modplanet/normal/cd1/amiga artists/fireboy/NEW DINA FIREBOY.mod
file music-module	mirrors/scenesp.org/compilations/modplanet/normal/cd1/amiga artists/fireboy/NEW FBY.mod	103.02K	compilations/modplanet/normal/cd1/amiga artists/fireboy/NEW FBY.mod
file music-module	mirrors/scenesp.org/compilations/modplanet/normal/cd1/amiga artists/fireboy/NEXT SENSATIONS.mod	206.59K	compilations/modplanet/normal/cd1/amiga artists/fireboy/NEXT SENSATIONS.mod
file music-module	mirrors/scenesp.org/compilations/modplanet/normal/cd1/amiga artists/fireboy/NIGHT CYBORGS.mod	488.91K	compilations/modplanet/normal/cd1/amiga artists/fireboy/NIGHT CYBORGS.mod
file music-module	mirrors/scenesp.org/compilations/modplanet/normal/cd1/amiga artists/fireboy/NIPPONGOD.mod	377.68K	compilations/modplanet/normal/cd1/amiga artists/fireboy/NIPPONGOD.mod
file music-module	mirrors/scenesp.org/compilations/modplanet/normal/cd1/amiga artists/fireboy/NIT DE LLAMPECS.mod	97.65K	compilations/modplanet/normal/cd1/amiga artists/fireboy/NIT DE LLAMPECS.mod
file music-module	mirrors/scenesp.org/compilations/modplanet/normal/cd1/amiga artists/fireboy/NO INSPIRATION.mod	497.02K	compilations/modplanet/normal/cd1/amiga artists/fireboy/NO INSPIRATION.mod
file music-module	mirrors/scenesp.org/compilations/modplanet/normal/cd1/amiga artists/fireboy/OENIKAM YBF.mod	157.10K	compilations/modplanet/normal/cd1/amiga artists/fireboy/OENIKAM YBF.mod
file music-module	mirrors/scenesp.org/compilations/modplanet/normal/cd1/amiga artists/fireboy/ONE LEVEL.mod	78.87K	compilations/modplanet/normal/cd1/amiga artists/fireboy/ONE LEVEL.mod
file music-module	mirrors/scenesp.org/compilations/modplanet/normal/cd1/amiga artists/fireboy/ORGAS.mod	89.38K	compilations/modplanet/normal/cd1/amiga artists/fireboy/ORGAS.mod
file music-module	mirrors/scenesp.org/compilations/modplanet/normal/cd1/amiga artists/fireboy/PEACE.mod	180.24K	compilations/modplanet/normal/cd1/amiga artists/fireboy/PEACE.mod
file music-module	mirrors/scenesp.org/compilations/modplanet/normal/cd1/amiga artists/fireboy/PERISMPLS.mod	103.26K	compilations/modplanet/normal/cd1/amiga artists/fireboy/PERISMPLS.mod
file music-module	mirrors/scenesp.org/compilations/modplanet/normal/cd1/amiga artists/fireboy/PHANTASM SOLDIER.mod	197.69K	compilations/modplanet/normal/cd1/amiga artists/fireboy/PHANTASM SOLDIER.mod
file music-module	mirrors/scenesp.org/compilations/modplanet/normal/cd1/amiga artists/fireboy/PRESENTACION.mod	53.61K	compilations/modplanet/normal/cd1/amiga artists/fireboy/PRESENTACION.mod
file music-module	mirrors/scenesp.org/compilations/modplanet/normal/cd1/amiga artists/fireboy/PUMPUM TAG.mod	201.72K	compilations/modplanet/normal/cd1/amiga artists/fireboy/PUMPUM TAG.mod
file music-module	mirrors/scenesp.org/compilations/modplanet/normal/cd1/amiga artists/fireboy/QUITE SHOR!!.mod	2.09K	compilations/modplanet/normal/cd1/amiga artists/fireboy/QUITE SHOR!!.mod
file music-module	mirrors/scenesp.org/compilations/modplanet/normal/cd1/amiga artists/fireboy/QUITE SHORT.mod	16.97K	compilations/modplanet/normal/cd1/amiga artists/fireboy/QUITE SHORT.mod
file music-module	mirrors/scenesp.org/compilations/modplanet/normal/cd1/amiga artists/fireboy/QUITE SHORT2!.mod	13.10K	compilations/modplanet/normal/cd1/amiga artists/fireboy/QUITE SHORT2!.mod
file music-module	mirrors/scenesp.org/compilations/modplanet/normal/cd1/amiga artists/fireboy/QUITE.mod	13.10K	compilations/modplanet/normal/cd1/amiga artists/fireboy/QUITE.mod
file music-module	mirrors/scenesp.org/compilations/modplanet/normal/cd1/amiga artists/fireboy/RADIOACTIVIDAD FIRE.mod	264.12K	compilations/modplanet/normal/cd1/amiga artists/fireboy/RADIOACTIVIDAD FIRE.mod
file music-module	mirrors/scenesp.org/compilations/modplanet/normal/cd1/amiga artists/fireboy/RAVESHORT.mod	64.04K	compilations/modplanet/normal/cd1/amiga artists/fireboy/RAVESHORT.mod
file music-module	mirrors/scenesp.org/compilations/modplanet/normal/cd1/amiga artists/fireboy/ROMANTIC ONES FBY.mod	86.22K	compilations/modplanet/normal/cd1/amiga artists/fireboy/ROMANTIC ONES FBY.mod
file music-module	mirrors/scenesp.org/compilations/modplanet/normal/cd1/amiga artists/fireboy/ROMANTIC VJCGF.mod	104.53K	compilations/modplanet/normal/cd1/amiga artists/fireboy/ROMANTIC VJCGF.mod
file music-module	mirrors/scenesp.org/compilations/modplanet/normal/cd1/amiga artists/fireboy/ROTTERDAM FBY.mod	202.51K	compilations/modplanet/normal/cd1/amiga artists/fireboy/ROTTERDAM FBY.mod
file music-module	mirrors/scenesp.org/compilations/modplanet/normal/cd1/amiga artists/fireboy/SADNESS.mod	500.80K	compilations/modplanet/normal/cd1/amiga artists/fireboy/SADNESS.mod
file music-module	mirrors/scenesp.org/compilations/modplanet/normal/cd1/amiga artists/fireboy/SHORT INSTR.mod	62.49K	compilations/modplanet/normal/cd1/amiga artists/fireboy/SHORT INSTR.mod
file music-module	mirrors/scenesp.org/compilations/modplanet/normal/cd1/amiga artists/fireboy/SPANISH FBY DUCKING.mod	160.31K	compilations/modplanet/normal/cd1/amiga artists/fireboy/SPANISH FBY DUCKING.mod
file music-module	mirrors/scenesp.org/compilations/modplanet/normal/cd1/amiga artists/fireboy/short-it.mod	22.53K	compilations/modplanet/normal/cd1/amiga artists/fireboy/short-it.mod
file music-module	mirrors/scenesp.org/compilations/modplanet/normal/cd1/amiga artists/fireboy/survivor.mod	386.41K	compilations/modplanet/normal/cd1/amiga artists/fireboy/survivor.mod
file music-module	mirrors/scenesp.org/compilations/modplanet/normal/cd1/amiga artists/fireboy/TECHN.mod	70.35K	compilations/modplanet/normal/cd1/amiga artists/fireboy/TECHN.mod
file music-module	mirrors/scenesp.org/compilations/modplanet/normal/cd1/amiga artists/fireboy/TECHNO CORRUPTION.mod	298.08K	compilations/modplanet/normal/cd1/amiga artists/fireboy/TECHNO CORRUPTION.mod
file music-module	mirrors/scenesp.org/compilations/modplanet/normal/cd1/amiga artists/fireboy/TECHNO IS NOT DEAD.mod	194.23K	compilations/modplanet/normal/cd1/amiga artists/fireboy/TECHNO IS NOT DEAD.mod
file music-module	mirrors/scenesp.org/compilations/modplanet/normal/cd1/amiga artists/fireboy/TECHNO.mod	24.02K	compilations/modplanet/normal/cd1/amiga artists/fireboy/TECHNO.mod
file music-module	mirrors/scenesp.org/compilations/modplanet/normal/cd1/amiga artists/fireboy/TECHNO2.mod	16.99K	compilations/modplanet/normal/cd1/amiga artists/fireboy/TECHNO2.mod
file music-module	mirrors/scenesp.org/compilations/modplanet/normal/cd1/amiga artists/fireboy/THE BASTARD OF FBY.mod	76.41K	compilations/modplanet/normal/cd1/amiga artists/fireboy/THE BASTARD OF FBY.mod
file music-module	mirrors/scenesp.org/compilations/modplanet/normal/cd1/amiga artists/fireboy/THE BATIDORA REMIX.mod	89.27K	compilations/modplanet/normal/cd1/amiga artists/fireboy/THE BATIDORA REMIX.mod
file music-module	mirrors/scenesp.org/compilations/modplanet/normal/cd1/amiga artists/fireboy/THE ETHERNAL NEW.mod	241.04K	compilations/modplanet/normal/cd1/amiga artists/fireboy/THE ETHERNAL NEW.mod
file music-module	mirrors/scenesp.org/compilations/modplanet/normal/cd1/amiga artists/fireboy/THE FUTURE.mod	251.56K	compilations/modplanet/normal/cd1/amiga artists/fireboy/THE FUTURE.mod
file music-module	mirrors/scenesp.org/compilations/modplanet/normal/cd1/amiga artists/fireboy/THE GREAT TECHNO.mod	211.59K	compilations/modplanet/normal/cd1/amiga artists/fireboy/THE GREAT TECHNO.mod
file music-module	mirrors/scenesp.org/compilations/modplanet/normal/cd1/amiga artists/fireboy/THE LASTEST TECH.mod	297.23K	compilations/modplanet/normal/cd1/amiga artists/fireboy/THE LASTEST TECH.mod
file music-module	mirrors/scenesp.org/compilations/modplanet/normal/cd1/amiga artists/fireboy/THE LOST ROSE.mod	296.55K	compilations/modplanet/normal/cd1/amiga artists/fireboy/THE LOST ROSE.mod
file music-module	mirrors/scenesp.org/compilations/modplanet/normal/cd1/amiga artists/fireboy/THE NEXT YEAH.mod	276.62K	compilations/modplanet/normal/cd1/amiga artists/fireboy/THE NEXT YEAH.mod
file music-module	mirrors/scenesp.org/compilations/modplanet/normal/cd1/amiga artists/fireboy/THE PAPABRAVOLIMA.mod	341.13K	compilations/modplanet/normal/cd1/amiga artists/fireboy/THE PAPABRAVOLIMA.mod
file music-module	mirrors/scenesp.org/compilations/modplanet/normal/cd1/amiga artists/fireboy/THE PROGRESS.mod	116.51K	compilations/modplanet/normal/cd1/amiga artists/fireboy/THE PROGRESS.mod
file music-module	mirrors/scenesp.org/compilations/modplanet/normal/cd1/amiga artists/fireboy/THE SPACE REMIX.mod	131.29K	compilations/modplanet/normal/cd1/amiga artists/fireboy/THE SPACE REMIX.mod
file music-module	mirrors/scenesp.org/compilations/modplanet/normal/cd1/amiga artists/fireboy/THE STYLE FBY.mod	73.75K	compilations/modplanet/normal/cd1/amiga artists/fireboy/THE STYLE FBY.mod
file music-module	mirrors/scenesp.org/compilations/modplanet/normal/cd1/amiga artists/fireboy/THINKING ALONE.mod	111.21K	compilations/modplanet/normal/cd1/amiga artists/fireboy/THINKING ALONE.mod
file music-module	mirrors/scenesp.org/compilations/modplanet/normal/cd1/amiga artists/fireboy/TURRIFBY.mod	388.28K	compilations/modplanet/normal/cd1/amiga artists/fireboy/TURRIFBY.mod
file music-module	mirrors/scenesp.org/compilations/modplanet/normal/cd1/amiga artists/fireboy/TURRINSTR.mod	43.48K	compilations/modplanet/normal/cd1/amiga artists/fireboy/TURRINSTR.mod
file music-module	mirrors/scenesp.org/compilations/modplanet/normal/cd1/amiga artists/fireboy/YEAH 2-3.mod	372.29K	compilations/modplanet/normal/cd1/amiga artists/fireboy/YEAH 2-3.mod
file music-module	mirrors/scenesp.org/compilations/modplanet/normal/cd1/amiga artists/flovious/2 DIAS EN MANGALAN.mod	77.02K	compilations/modplanet/normal/cd1/amiga artists/flovious/2 DIAS EN MANGALAN.mod
file music-module	mirrors/scenesp.org/compilations/modplanet/normal/cd1/amiga artists/flovious/BIOSFERA.mod	167.81K	compilations/modplanet/normal/cd1/amiga artists/flovious/BIOSFERA.mod
file music-module	mirrors/scenesp.org/compilations/modplanet/normal/cd1/amiga artists/flovious/CIA AT THE LIMIT.mod	211.90K	compilations/modplanet/normal/cd1/amiga artists/flovious/CIA AT THE LIMIT.mod
file music-module	mirrors/scenesp.org/compilations/modplanet/normal/cd1/amiga artists/flovious/COMING CHAOS.mod	114.27K	compilations/modplanet/normal/cd1/amiga artists/flovious/COMING CHAOS.mod
file music-module	mirrors/scenesp.org/compilations/modplanet/normal/cd1/amiga artists/flovious/DIGITAL STORM R.mod	128.15K	compilations/modplanet/normal/cd1/amiga artists/flovious/DIGITAL STORM R.mod
file music-module	mirrors/scenesp.org/compilations/modplanet/normal/cd1/amiga artists/flovious/DIGITAL TIME.mod	162.27K	compilations/modplanet/normal/cd1/amiga artists/flovious/DIGITAL TIME.mod
file music-module	mirrors/scenesp.org/compilations/modplanet/normal/cd1/amiga artists/flovious/DREAMS IN MANGA.mod	131.38K	compilations/modplanet/normal/cd1/amiga artists/flovious/DREAMS IN MANGA.mod
file music-module	mirrors/scenesp.org/compilations/modplanet/normal/cd1/amiga artists/flovious/ETERNAL LOVE.mod	72.98K	compilations/modplanet/normal/cd1/amiga artists/flovious/ETERNAL LOVE.mod
file music-module	mirrors/scenesp.org/compilations/modplanet/normal/cd1/amiga artists/flovious/FASTER TIME V3.mod	15.01K	compilations/modplanet/normal/cd1/amiga artists/flovious/FASTER TIME V3.mod
file music-module	mirrors/scenesp.org/compilations/modplanet/normal/cd1/amiga artists/flovious/FSA.mod	182.19K	compilations/modplanet/normal/cd1/amiga artists/flovious/FSA.mod
file music-module	mirrors/scenesp.org/compilations/modplanet/normal/cd1/amiga artists/flovious/INCANDESCENCIA.mod	116.28K	compilations/modplanet/normal/cd1/amiga artists/flovious/INCANDESCENCIA.mod
file music-module	mirrors/scenesp.org/compilations/modplanet/normal/cd1/amiga artists/flovious/INFOLOGIA.mod	229.47K	compilations/modplanet/normal/cd1/amiga artists/flovious/INFOLOGIA.mod
file music-module	mirrors/scenesp.org/compilations/modplanet/normal/cd1/amiga artists/flovious/INTRO DF6 REDUCIDA.mod	97.75K	compilations/modplanet/normal/cd1/amiga artists/flovious/INTRO DF6 REDUCIDA.mod
file music-module	mirrors/scenesp.org/compilations/modplanet/normal/cd1/amiga artists/flovious/LOOKING FOR SPACE 4.mod	116.94K	compilations/modplanet/normal/cd1/amiga artists/flovious/LOOKING FOR SPACE 4.mod
file music-module	mirrors/scenesp.org/compilations/modplanet/normal/cd1/amiga artists/flovious/MANGA FANTASIES.mod	77.25K	compilations/modplanet/normal/cd1/amiga artists/flovious/MANGA FANTASIES.mod
file music-module	mirrors/scenesp.org/compilations/modplanet/normal/cd1/amiga artists/flovious/MORE DARKNESS.mod	315.86K	compilations/modplanet/normal/cd1/amiga artists/flovious/MORE DARKNESS.mod
file music-module	mirrors/scenesp.org/compilations/modplanet/normal/cd1/amiga artists/flovious/NEUROLOGIC SYSTEM.mod	126.57K	compilations/modplanet/normal/cd1/amiga artists/flovious/NEUROLOGIC SYSTEM.mod
file music-module	mirrors/scenesp.org/compilations/modplanet/normal/cd1/amiga artists/flovious/OTHER LIVES ENDS.mod	360.98K	compilations/modplanet/normal/cd1/amiga artists/flovious/OTHER LIVES ENDS.mod
file music-module	mirrors/scenesp.org/compilations/modplanet/normal/cd1/amiga artists/flovious/OUT OF LIMITS.mod	114.37K	compilations/modplanet/normal/cd1/amiga artists/flovious/OUT OF LIMITS.mod
file music-module	mirrors/scenesp.org/compilations/modplanet/normal/cd1/amiga artists/flovious/OUT OF MEMORY.mod	72.64K	compilations/modplanet/normal/cd1/amiga artists/flovious/OUT OF MEMORY.mod
file music-module	mirrors/scenesp.org/compilations/modplanet/normal/cd1/amiga artists/flovious/RAVEOLY.mod	51.35K	compilations/modplanet/normal/cd1/amiga artists/flovious/RAVEOLY.mod
file music-module	mirrors/scenesp.org/compilations/modplanet/normal/cd1/amiga artists/flovious/RETURN TO BIOSFERA.mod	272.39K	compilations/modplanet/normal/cd1/amiga artists/flovious/RETURN TO BIOSFERA.mod
file music-module	mirrors/scenesp.org/compilations/modplanet/normal/cd1/amiga artists/flovious/SCARED.mod	138.15K	compilations/modplanet/normal/cd1/amiga artists/flovious/SCARED.mod
file music-module	mirrors/scenesp.org/compilations/modplanet/normal/cd1/amiga artists/flovious/SOME DREAMS.mod	97.66K	compilations/modplanet/normal/cd1/amiga artists/flovious/SOME DREAMS.mod
file music-module	mirrors/scenesp.org/compilations/modplanet/normal/cd1/amiga artists/flovious/TEKNO POLUTION.mod	18.46K	compilations/modplanet/normal/cd1/amiga artists/flovious/TEKNO POLUTION.mod
file music-module	mirrors/scenesp.org/compilations/modplanet/normal/cd1/amiga artists/flovious/THE NEW MACHINE.mod	153.06K	compilations/modplanet/normal/cd1/amiga artists/flovious/THE NEW MACHINE.mod
file music-module	mirrors/scenesp.org/compilations/modplanet/normal/cd1/amiga artists/flovious/UNTIL THE LAST BYTE.mod	194.28K	compilations/modplanet/normal/cd1/amiga artists/flovious/UNTIL THE LAST BYTE.mod
file music-module	mirrors/scenesp.org/compilations/modplanet/normal/cd1/amiga artists/frank einstein/Aelita4.mod	26.69K	compilations/modplanet/normal/cd1/amiga artists/frank einstein/Aelita4.mod
file music-module	mirrors/scenesp.org/compilations/modplanet/normal/cd1/amiga artists/frank einstein/Morcillo(intro).mod	52.93K	compilations/modplanet/normal/cd1/amiga artists/frank einstein/Morcillo(intro).mod
file music-module	mirrors/scenesp.org/compilations/modplanet/normal/cd1/amiga artists/frank einstein/Nadalsong.mod	38.74K	compilations/modplanet/normal/cd1/amiga artists/frank einstein/Nadalsong.mod
file music-module	mirrors/scenesp.org/compilations/modplanet/normal/cd1/amiga artists/frank einstein/Parte4.mod	9.48K	compilations/modplanet/normal/cd1/amiga artists/frank einstein/Parte4.mod
file music-module	mirrors/scenesp.org/compilations/modplanet/normal/cd1/amiga artists/frank einstein/Solo en la playa125.mod	79.48K	compilations/modplanet/normal/cd1/amiga artists/frank einstein/Solo en la playa125.mod
file music-module	mirrors/scenesp.org/compilations/modplanet/normal/cd1/amiga artists/fredius darde/CoMeMe_La_PeRoLa.mod	419.39K	compilations/modplanet/normal/cd1/amiga artists/fredius darde/CoMeMe_La_PeRoLa.mod
file music-module	mirrors/scenesp.org/compilations/modplanet/normal/cd1/amiga artists/fredius darde/Mana_of_fat_gods.mod	306.45K	compilations/modplanet/normal/cd1/amiga artists/fredius darde/Mana_of_fat_gods.mod
file music-module	mirrors/scenesp.org/compilations/modplanet/normal/cd1/amiga artists/goreboy/ARABIANDREAMS.mod	8.21K	compilations/modplanet/normal/cd1/amiga artists/goreboy/ARABIANDREAMS.mod
file music-module	mirrors/scenesp.org/compilations/modplanet/normal/cd1/amiga artists/goreboy/ARENNAUP.mod	93.34K	compilations/modplanet/normal/cd1/amiga artists/goreboy/ARENNAUP.mod
file music-module	mirrors/scenesp.org/compilations/modplanet/normal/cd1/amiga artists/goreboy/CALLINGINFERNOPLUS.mod	34.99K	compilations/modplanet/normal/cd1/amiga artists/goreboy/CALLINGINFERNOPLUS.mod
file music-module	mirrors/scenesp.org/compilations/modplanet/normal/cd1/amiga artists/goreboy/CH1P.mod	8.54K	compilations/modplanet/normal/cd1/amiga artists/goreboy/CH1P.mod
file music-module	mirrors/scenesp.org/compilations/modplanet/normal/cd1/amiga artists/goreboy/CH2P.mod	11.25K	compilations/modplanet/normal/cd1/amiga artists/goreboy/CH2P.mod
file music-module	mirrors/scenesp.org/compilations/modplanet/normal/cd1/amiga artists/goreboy/CH3P.mod	13.11K	compilations/modplanet/normal/cd1/amiga artists/goreboy/CH3P.mod
file music-module	mirrors/scenesp.org/compilations/modplanet/normal/cd1/amiga artists/goreboy/CH4P.mod	27.79K	compilations/modplanet/normal/cd1/amiga artists/goreboy/CH4P.mod
file music-module	mirrors/scenesp.org/compilations/modplanet/normal/cd1/amiga artists/goreboy/CH5P II.mod	40.42K	compilations/modplanet/normal/cd1/amiga artists/goreboy/CH5P II.mod
file music-module	mirrors/scenesp.org/compilations/modplanet/normal/cd1/amiga artists/goreboy/CH5P.mod	15.38K	compilations/modplanet/normal/cd1/amiga artists/goreboy/CH5P.mod
file music-module	mirrors/scenesp.org/compilations/modplanet/normal/cd1/amiga artists/goreboy/DARK_NIGHT.mod	104.15K	compilations/modplanet/normal/cd1/amiga artists/goreboy/DARK_NIGHT.mod
file music-module	mirrors/scenesp.org/compilations/modplanet/normal/cd1/amiga artists/goreboy/DATE MUCHO POL CULO.mod	3.98K	compilations/modplanet/normal/cd1/amiga artists/goreboy/DATE MUCHO POL CULO.mod
file music-module	mirrors/scenesp.org/compilations/modplanet/normal/cd1/amiga artists/goreboy/DEMO UP.mod	253.33K	compilations/modplanet/normal/cd1/amiga artists/goreboy/DEMO UP.mod
file music-module	mirrors/scenesp.org/compilations/modplanet/normal/cd1/amiga artists/goreboy/DEMO1324.mod	169.68K	compilations/modplanet/normal/cd1/amiga artists/goreboy/DEMO1324.mod
file music-module	mirrors/scenesp.org/compilations/modplanet/normal/cd1/amiga artists/goreboy/DEMOIII.mod	131.93K	compilations/modplanet/normal/cd1/amiga artists/goreboy/DEMOIII.mod
file music-module	mirrors/scenesp.org/compilations/modplanet/normal/cd1/amiga artists/goreboy/DEMOX.mod	295.61K	compilations/modplanet/normal/cd1/amiga artists/goreboy/DEMOX.mod
file music-module	mirrors/scenesp.org/compilations/modplanet/normal/cd1/amiga artists/goreboy/DEMOX1.mod	253.69K	compilations/modplanet/normal/cd1/amiga artists/goreboy/DEMOX1.mod
file music-module	mirrors/scenesp.org/compilations/modplanet/normal/cd1/amiga artists/goreboy/DEMOXXA3W4-UP.mod	234.08K	compilations/modplanet/normal/cd1/amiga artists/goreboy/DEMOXXA3W4-UP.mod
file music-module	mirrors/scenesp.org/compilations/modplanet/normal/cd1/amiga artists/goreboy/DEMOXXA3W4.mod	234.08K	compilations/modplanet/normal/cd1/amiga artists/goreboy/DEMOXXA3W4.mod
file music-module	mirrors/scenesp.org/compilations/modplanet/normal/cd1/amiga artists/goreboy/DOMINION.mod	51.00K	compilations/modplanet/normal/cd1/amiga artists/goreboy/DOMINION.mod
file music-module	mirrors/scenesp.org/compilations/modplanet/normal/cd1/amiga artists/goreboy/ECONOMIA.mod	121.80K	compilations/modplanet/normal/cd1/amiga artists/goreboy/ECONOMIA.mod
file music-module	mirrors/scenesp.org/compilations/modplanet/normal/cd1/amiga artists/goreboy/FAN FATAL.mod	145.06K	compilations/modplanet/normal/cd1/amiga artists/goreboy/FAN FATAL.mod
file music-module	mirrors/scenesp.org/compilations/modplanet/normal/cd1/amiga artists/goreboy/FLY IN YOUR EYE.mod	278.46K	compilations/modplanet/normal/cd1/amiga artists/goreboy/FLY IN YOUR EYE.mod
file music-module	mirrors/scenesp.org/compilations/modplanet/normal/cd1/amiga artists/goreboy/FRANCO_RULES.mod	14.69K	compilations/modplanet/normal/cd1/amiga artists/goreboy/FRANCO_RULES.mod
file music-module	mirrors/scenesp.org/compilations/modplanet/normal/cd1/amiga artists/goreboy/GALAGAMUSIC.mod	77.60K	compilations/modplanet/normal/cd1/amiga artists/goreboy/GALAGAMUSIC.mod
file music-module	mirrors/scenesp.org/compilations/modplanet/normal/cd1/amiga artists/goreboy/GAME MUSIC UP.mod	40.41K	compilations/modplanet/normal/cd1/amiga artists/goreboy/GAME MUSIC UP.mod
file music-module	mirrors/scenesp.org/compilations/modplanet/normal/cd1/amiga artists/goreboy/GORE JZ.mod	137.66K	compilations/modplanet/normal/cd1/amiga artists/goreboy/GORE JZ.mod
file music-module	mirrors/scenesp.org/compilations/modplanet/normal/cd1/amiga artists/goreboy/GOREBOY THEME 2.mod	511.78K	compilations/modplanet/normal/cd1/amiga artists/goreboy/GOREBOY THEME 2.mod
file music-module	mirrors/scenesp.org/compilations/modplanet/normal/cd1/amiga artists/goreboy/GOREBOY THEME.mod	515.87K	compilations/modplanet/normal/cd1/amiga artists/goreboy/GOREBOY THEME.mod
file music-module	mirrors/scenesp.org/compilations/modplanet/normal/cd1/amiga artists/goreboy/GOREBOY02.mod	159.49K	compilations/modplanet/normal/cd1/amiga artists/goreboy/GOREBOY02.mod
file music-module	mirrors/scenesp.org/compilations/modplanet/normal/cd1/amiga artists/goreboy/GOREBOY05 DEMO.mod	183.96K	compilations/modplanet/normal/cd1/amiga artists/goreboy/GOREBOY05 DEMO.mod
file music-module	mirrors/scenesp.org/compilations/modplanet/normal/cd1/amiga artists/goreboy/GOREBOY05 V2.mod	111.54K	compilations/modplanet/normal/cd1/amiga artists/goreboy/GOREBOY05 V2.mod
file music-module	mirrors/scenesp.org/compilations/modplanet/normal/cd1/amiga artists/goreboy/GOREBOY06.mod	47.94K	compilations/modplanet/normal/cd1/amiga artists/goreboy/GOREBOY06.mod
file music-module	mirrors/scenesp.org/compilations/modplanet/normal/cd1/amiga artists/goreboy/GOREBOY08 UP.mod	226.81K	compilations/modplanet/normal/cd1/amiga artists/goreboy/GOREBOY08 UP.mod
file music-module	mirrors/scenesp.org/compilations/modplanet/normal/cd1/amiga artists/goreboy/GOREBOY13.mod	12.51K	compilations/modplanet/normal/cd1/amiga artists/goreboy/GOREBOY13.mod
file music-module	mirrors/scenesp.org/compilations/modplanet/normal/cd1/amiga artists/goreboy/GURU 3.mod	173.73K	compilations/modplanet/normal/cd1/amiga artists/goreboy/GURU 3.mod
file music-module	mirrors/scenesp.org/compilations/modplanet/normal/cd1/amiga artists/goreboy/GURU MEDITATION.mod	109.71K	compilations/modplanet/normal/cd1/amiga artists/goreboy/GURU MEDITATION.mod
file music-module	mirrors/scenesp.org/compilations/modplanet/normal/cd1/amiga artists/goreboy/H-TECH2.mod	344.36K	compilations/modplanet/normal/cd1/amiga artists/goreboy/H-TECH2.mod
file music-module	mirrors/scenesp.org/compilations/modplanet/normal/cd1/amiga artists/goreboy/HELLBLAZER.mod	95.54K	compilations/modplanet/normal/cd1/amiga artists/goreboy/HELLBLAZER.mod
file music-module	mirrors/scenesp.org/compilations/modplanet/normal/cd1/amiga artists/goreboy/HIGH TECHNOLOGY III.mod	273.42K	compilations/modplanet/normal/cd1/amiga artists/goreboy/HIGH TECHNOLOGY III.mod
file music-module	mirrors/scenesp.org/compilations/modplanet/normal/cd1/amiga artists/goreboy/HOT.mod	40.87K	compilations/modplanet/normal/cd1/amiga artists/goreboy/HOT.mod
file music-module	mirrors/scenesp.org/compilations/modplanet/normal/cd1/amiga artists/goreboy/INNERGATE.mod	328.71K	compilations/modplanet/normal/cd1/amiga artists/goreboy/INNERGATE.mod
file music-module	mirrors/scenesp.org/compilations/modplanet/normal/cd1/amiga artists/goreboy/K-E.mod	376.48K	compilations/modplanet/normal/cd1/amiga artists/goreboy/K-E.mod
file music-module	mirrors/scenesp.org/compilations/modplanet/normal/cd1/amiga artists/goreboy/KOMMERZIAL.mod	239.70K	compilations/modplanet/normal/cd1/amiga artists/goreboy/KOMMERZIAL.mod
file music-module	mirrors/scenesp.org/compilations/modplanet/normal/cd1/amiga artists/goreboy/LOSTPLACES.mod	281.95K	compilations/modplanet/normal/cd1/amiga artists/goreboy/LOSTPLACES.mod
file music-module	mirrors/scenesp.org/compilations/modplanet/normal/cd1/amiga artists/goreboy/MAGIC MIXUP.mod	251.66K	compilations/modplanet/normal/cd1/amiga artists/goreboy/MAGIC MIXUP.mod
file music-module	mirrors/scenesp.org/compilations/modplanet/normal/cd1/amiga artists/goreboy/MAGICMIX-2.mod	289.42K	compilations/modplanet/normal/cd1/amiga artists/goreboy/MAGICMIX-2.mod
file music-module	mirrors/scenesp.org/compilations/modplanet/normal/cd1/amiga artists/goreboy/Matea.mod	29.28K	compilations/modplanet/normal/cd1/amiga artists/goreboy/Matea.mod
file music-module	mirrors/scenesp.org/compilations/modplanet/normal/cd1/amiga artists/goreboy/MIERDAAA.mod	349.49K	compilations/modplanet/normal/cd1/amiga artists/goreboy/MIERDAAA.mod
file music-module	mirrors/scenesp.org/compilations/modplanet/normal/cd1/amiga artists/goreboy/MUDSRIVERS.mod	135.71K	compilations/modplanet/normal/cd1/amiga artists/goreboy/MUDSRIVERS.mod
file music-module	mirrors/scenesp.org/compilations/modplanet/normal/cd1/amiga artists/goreboy/NAVIDAD.mod	6.75K	compilations/modplanet/normal/cd1/amiga artists/goreboy/NAVIDAD.mod
file music-module	mirrors/scenesp.org/compilations/modplanet/normal/cd1/amiga artists/goreboy/NECROMAIN.mod	48.32K	compilations/modplanet/normal/cd1/amiga artists/goreboy/NECROMAIN.mod
file music-module	mirrors/scenesp.org/compilations/modplanet/normal/cd1/amiga artists/goreboy/NOTIME.mod	220.96K	compilations/modplanet/normal/cd1/amiga artists/goreboy/NOTIME.mod
file music-module	mirrors/scenesp.org/compilations/modplanet/normal/cd1/amiga artists/goreboy/NPI.mod	125.99K	compilations/modplanet/normal/cd1/amiga artists/goreboy/NPI.mod
file music-module	mirrors/scenesp.org/compilations/modplanet/normal/cd1/amiga artists/goreboy/OLDFRIENDS.mod	86.15K	compilations/modplanet/normal/cd1/amiga artists/goreboy/OLDFRIENDS.mod
file music-module	mirrors/scenesp.org/compilations/modplanet/normal/cd1/amiga artists/goreboy/PELENNOR FIGHT.mod	361.82K	compilations/modplanet/normal/cd1/amiga artists/goreboy/PELENNOR FIGHT.mod
file music-module	mirrors/scenesp.org/compilations/modplanet/normal/cd1/amiga artists/goreboy/QUEST.mod	308.36K	compilations/modplanet/normal/cd1/amiga artists/goreboy/QUEST.mod
file music-module	mirrors/scenesp.org/compilations/modplanet/normal/cd1/amiga artists/goreboy/RAINBOWMAIN.mod	42.97K	compilations/modplanet/normal/cd1/amiga artists/goreboy/RAINBOWMAIN.mod
file music-module	mirrors/scenesp.org/compilations/modplanet/normal/cd1/amiga artists/goreboy/RESET YOUR 1200 UP.mod	352.14K	compilations/modplanet/normal/cd1/amiga artists/goreboy/RESET YOUR 1200 UP.mod
file music-module	mirrors/scenesp.org/compilations/modplanet/normal/cd1/amiga artists/goreboy/SENTIMUERTOS.mod	393.05K	compilations/modplanet/normal/cd1/amiga artists/goreboy/SENTIMUERTOS.mod
file music-module	mirrors/scenesp.org/compilations/modplanet/normal/cd1/amiga artists/goreboy/SFL.mod	48.67K	compilations/modplanet/normal/cd1/amiga artists/goreboy/SFL.mod
file music-module	mirrors/scenesp.org/compilations/modplanet/normal/cd1/amiga artists/goreboy/SHORT.mod	321.93K	compilations/modplanet/normal/cd1/amiga artists/goreboy/SHORT.mod
file music-module	mirrors/scenesp.org/compilations/modplanet/normal/cd1/amiga artists/goreboy/SHOT'EM_UP.mod	224.84K	compilations/modplanet/normal/cd1/amiga artists/goreboy/SHOT'EM_UP.mod
file music-module	mirrors/scenesp.org/compilations/modplanet/normal/cd1/amiga artists/goreboy/SILK COMPUTER 2.mod	20.88K	compilations/modplanet/normal/cd1/amiga artists/goreboy/SILK COMPUTER 2.mod
file music-module	mirrors/scenesp.org/compilations/modplanet/normal/cd1/amiga artists/goreboy/SILK COMPUTER 3.mod	29.30K	compilations/modplanet/normal/cd1/amiga artists/goreboy/SILK COMPUTER 3.mod
file music-module	mirrors/scenesp.org/compilations/modplanet/normal/cd1/amiga artists/goreboy/SILK COMPUTER 4.mod	11.52K	compilations/modplanet/normal/cd1/amiga artists/goreboy/SILK COMPUTER 4.mod
file music-module	mirrors/scenesp.org/compilations/modplanet/normal/cd1/amiga artists/goreboy/SILK COMPUTER 5.mod	32.26K	compilations/modplanet/normal/cd1/amiga artists/goreboy/SILK COMPUTER 5.mod
file music-module	mirrors/scenesp.org/compilations/modplanet/normal/cd1/amiga artists/goreboy/SILK COMPUTER 6.mod	18.32K	compilations/modplanet/normal/cd1/amiga artists/goreboy/SILK COMPUTER 6.mod
file music-module	mirrors/scenesp.org/compilations/modplanet/normal/cd1/amiga artists/goreboy/SILK COMPUTER 7.mod	20.91K	compilations/modplanet/normal/cd1/amiga artists/goreboy/SILK COMPUTER 7.mod
file music-module	mirrors/scenesp.org/compilations/modplanet/normal/cd1/amiga artists/goreboy/SILK COMPUTER XTRA.mod	36.59K	compilations/modplanet/normal/cd1/amiga artists/goreboy/SILK COMPUTER XTRA.mod
file music-module	mirrors/scenesp.org/compilations/modplanet/normal/cd1/amiga artists/goreboy/SILK COMPUTER.mod	10.29K	compilations/modplanet/normal/cd1/amiga artists/goreboy/SILK COMPUTER.mod
file music-module	mirrors/scenesp.org/compilations/modplanet/normal/cd1/amiga artists/goreboy/SILK.mod	20.36K	compilations/modplanet/normal/cd1/amiga artists/goreboy/SILK.mod
file music-module	mirrors/scenesp.org/compilations/modplanet/normal/cd1/amiga artists/goreboy/SKYLIGHT.mod	54.66K	compilations/modplanet/normal/cd1/amiga artists/goreboy/SKYLIGHT.mod
file music-module	mirrors/scenesp.org/compilations/modplanet/normal/cd1/amiga artists/goreboy/SOFTER.mod	89.20K	compilations/modplanet/normal/cd1/amiga artists/goreboy/SOFTER.mod
file music-module	mirrors/scenesp.org/compilations/modplanet/normal/cd1/amiga artists/goreboy/SUPERGAME MUSIC.mod	43.05K	compilations/modplanet/normal/cd1/amiga artists/goreboy/SUPERGAME MUSIC.mod
file music-module	mirrors/scenesp.org/compilations/modplanet/normal/cd1/amiga artists/goreboy/TIEMPO DE REYES.mod	198.76K	compilations/modplanet/normal/cd1/amiga artists/goreboy/TIEMPO DE REYES.mod
file music-module	mirrors/scenesp.org/compilations/modplanet/normal/cd1/amiga artists/goreboy/TRANCE.mod	346.55K	compilations/modplanet/normal/cd1/amiga artists/goreboy/TRANCE.mod
file music-module	mirrors/scenesp.org/compilations/modplanet/normal/cd1/amiga artists/goreboy/UNBRAIN.mod	707.97K	compilations/modplanet/normal/cd1/amiga artists/goreboy/UNBRAIN.mod
file music-module	mirrors/scenesp.org/compilations/modplanet/normal/cd1/amiga artists/goreboy/WAR LANDS UP.mod	208.35K	compilations/modplanet/normal/cd1/amiga artists/goreboy/WAR LANDS UP.mod
file music-module	mirrors/scenesp.org/compilations/modplanet/normal/cd1/amiga artists/goreboy/WIPEOUT.mod	320.74K	compilations/modplanet/normal/cd1/amiga artists/goreboy/WIPEOUT.mod
file music-module	mirrors/scenesp.org/compilations/modplanet/normal/cd1/amiga artists/grim reaper/fastcompo.mod	10.09K	compilations/modplanet/normal/cd1/amiga artists/grim reaper/fastcompo.mod
file music-module	mirrors/scenesp.org/compilations/modplanet/normal/cd1/amiga artists/grim reaper/pacific cruise 2.mod	123.80K	compilations/modplanet/normal/cd1/amiga artists/grim reaper/pacific cruise 2.mod
file music-module	mirrors/scenesp.org/compilations/modplanet/normal/cd1/amiga artists/grim reaper/simple guitars.mod	46.49K	compilations/modplanet/normal/cd1/amiga artists/grim reaper/simple guitars.mod
file music-module	mirrors/scenesp.org/compilations/modplanet/normal/cd1/amiga artists/grim reaper/space voyage.mod	259.68K	compilations/modplanet/normal/cd1/amiga artists/grim reaper/space voyage.mod
file music-module	mirrors/scenesp.org/compilations/modplanet/normal/cd1/amiga artists/ham/extremo.mod	182.01K	compilations/modplanet/normal/cd1/amiga artists/ham/extremo.mod
file music-module	mirrors/scenesp.org/compilations/modplanet/normal/cd1/amiga artists/ham/HAM-SUBSTYLE.MOD	284.72K	compilations/modplanet/normal/cd1/amiga artists/ham/HAM-SUBSTYLE.MOD
file music-module	mirrors/scenesp.org/compilations/modplanet/normal/cd1/amiga artists/ham/INEEDANE.MOD	14.47K	compilations/modplanet/normal/cd1/amiga artists/ham/INEEDANE.MOD
file music-module	mirrors/scenesp.org/compilations/modplanet/normal/cd1/amiga artists/ham/mecanica.mod	22.34K	compilations/modplanet/normal/cd1/amiga artists/ham/mecanica.mod
file music-module	mirrors/scenesp.org/compilations/modplanet/normal/cd1/amiga artists/ham/NEUROBLA.MOD	53.60K	compilations/modplanet/normal/cd1/amiga artists/ham/NEUROBLA.MOD
file music-module	mirrors/scenesp.org/compilations/modplanet/normal/cd1/amiga artists/ham/SPCMUNKS.MOD	11.28K	compilations/modplanet/normal/cd1/amiga artists/ham/SPCMUNKS.MOD
file music-module	mirrors/scenesp.org/compilations/modplanet/normal/cd1/amiga artists/ham/simetria.mod	8.00K	compilations/modplanet/normal/cd1/amiga artists/ham/simetria.mod
file music-module	mirrors/scenesp.org/compilations/modplanet/normal/cd1/amiga artists/ham/TCHNOPLS.MOD	47.14K	compilations/modplanet/normal/cd1/amiga artists/ham/TCHNOPLS.MOD
file music-module	mirrors/scenesp.org/compilations/modplanet/normal/cd1/amiga artists/ham/Transfuz.mod	30.37K	compilations/modplanet/normal/cd1/amiga artists/ham/Transfuz.mod
file music-module	mirrors/scenesp.org/compilations/modplanet/normal/cd1/amiga artists/ham/VSFINGER.MOD	212.18K	compilations/modplanet/normal/cd1/amiga artists/ham/VSFINGER.MOD
file music-module	mirrors/scenesp.org/compilations/modplanet/normal/cd1/amiga artists/hook/Intro Fanzine 8.mod	12.51K	compilations/modplanet/normal/cd1/amiga artists/hook/Intro Fanzine 8.mod
file music-module	mirrors/scenesp.org/compilations/modplanet/normal/cd1/amiga artists/hook/in dulce jubilo.mod	176.96K	compilations/modplanet/normal/cd1/amiga artists/hook/in dulce jubilo.mod
file music-module	mirrors/scenesp.org/compilations/modplanet/normal/cd1/amiga artists/hook/Krackors.mod	8.42K	compilations/modplanet/normal/cd1/amiga artists/hook/Krackors.mod
file music-module	mirrors/scenesp.org/compilations/modplanet/normal/cd1/amiga artists/hook/paranoya.mod	72.26K	compilations/modplanet/normal/cd1/amiga artists/hook/paranoya.mod
file music-module	mirrors/scenesp.org/compilations/modplanet/normal/cd1/amiga artists/hook/the legend.mod	47.03K	compilations/modplanet/normal/cd1/amiga artists/hook/the legend.mod
file music-module	mirrors/scenesp.org/compilations/modplanet/normal/cd1/amiga artists/jaco/ANARKA.MOD	389.17K	compilations/modplanet/normal/cd1/amiga artists/jaco/ANARKA.MOD
file music-module	mirrors/scenesp.org/compilations/modplanet/normal/cd1/amiga artists/jaco/CAL.MOD	255.44K	compilations/modplanet/normal/cd1/amiga artists/jaco/CAL.MOD
file music-module	mirrors/scenesp.org/compilations/modplanet/normal/cd1/amiga artists/jaco/CALIP.mod	345.83K	compilations/modplanet/normal/cd1/amiga artists/jaco/CALIP.mod
file music-module	mirrors/scenesp.org/compilations/modplanet/normal/cd1/amiga artists/jaco/CONTR.mod	255.43K	compilations/modplanet/normal/cd1/amiga artists/jaco/CONTR.mod
file music-module	mirrors/scenesp.org/compilations/modplanet/normal/cd1/amiga artists/jaco/DES.MOD	213.65K	compilations/modplanet/normal/cd1/amiga artists/jaco/DES.MOD
file music-module	mirrors/scenesp.org/compilations/modplanet/normal/cd1/amiga artists/jaco/DOMIN.mod	306.84K	compilations/modplanet/normal/cd1/amiga artists/jaco/DOMIN.mod
file music-module	mirrors/scenesp.org/compilations/modplanet/normal/cd1/amiga artists/jaco/EMOTI.mod	298.19K	compilations/modplanet/normal/cd1/amiga artists/jaco/EMOTI.mod
file music-module	mirrors/scenesp.org/compilations/modplanet/normal/cd1/amiga artists/jaco/FOO.MOD	138.79K	compilations/modplanet/normal/cd1/amiga artists/jaco/FOO.MOD
file music-module	mirrors/scenesp.org/compilations/modplanet/normal/cd1/amiga artists/jaco/FOUR.mod	332.48K	compilations/modplanet/normal/cd1/amiga artists/jaco/FOUR.mod
file music-module	mirrors/scenesp.org/compilations/modplanet/normal/cd1/amiga artists/jaco/INTRO.mod	12.82K	compilations/modplanet/normal/cd1/amiga artists/jaco/INTRO.mod
file music-module	mirrors/scenesp.org/compilations/modplanet/normal/cd1/amiga artists/jaco/JAMS.mod	138.35K	compilations/modplanet/normal/cd1/amiga artists/jaco/JAMS.mod
file music-module	mirrors/scenesp.org/compilations/modplanet/normal/cd1/amiga artists/jaco/LAST_MINUTE.mod	31.44K	compilations/modplanet/normal/cd1/amiga artists/jaco/LAST_MINUTE.mod
file music-module	mirrors/scenesp.org/compilations/modplanet/normal/cd1/amiga artists/jaco/MAGNE.mod	278.40K	compilations/modplanet/normal/cd1/amiga artists/jaco/MAGNE.mod
file music-module	mirrors/scenesp.org/compilations/modplanet/normal/cd1/amiga artists/jaco/mod o med.mod	594.90K	compilations/modplanet/normal/cd1/amiga artists/jaco/mod o med.mod
file music-module	mirrors/scenesp.org/compilations/modplanet/normal/cd1/amiga artists/jaco/NIC.MOD	479.71K	compilations/modplanet/normal/cd1/amiga artists/jaco/NIC.MOD
file music-module	mirrors/scenesp.org/compilations/modplanet/normal/cd1/amiga artists/jaco/NOBRA.mod	367.98K	compilations/modplanet/normal/cd1/amiga artists/jaco/NOBRA.mod
file music-module	mirrors/scenesp.org/compilations/modplanet/normal/cd1/amiga artists/jaco/ONSES.mod	457.04K	compilations/modplanet/normal/cd1/amiga artists/jaco/ONSES.mod
file music-module	mirrors/scenesp.org/compilations/modplanet/normal/cd1/amiga artists/jaco/PARAN.mod	150.54K	compilations/modplanet/normal/cd1/amiga artists/jaco/PARAN.mod
file music-module	mirrors/scenesp.org/compilations/modplanet/normal/cd1/amiga artists/jaco/paprika.mod	602.71K	compilations/modplanet/normal/cd1/amiga artists/jaco/paprika.mod
file music-module	mirrors/scenesp.org/compilations/modplanet/normal/cd1/amiga artists/jaco/THE.MOD	152.65K	compilations/modplanet/normal/cd1/amiga artists/jaco/THE.MOD
file music-module	mirrors/scenesp.org/compilations/modplanet/normal/cd1/amiga artists/jaco/THE_R.mod	261.75K	compilations/modplanet/normal/cd1/amiga artists/jaco/THE_R.mod
file music-module	mirrors/scenesp.org/compilations/modplanet/normal/cd1/amiga artists/jaco/WOR.MOD	150.12K	compilations/modplanet/normal/cd1/amiga artists/jaco/WOR.MOD
file music-module	mirrors/scenesp.org/compilations/modplanet/normal/cd1/amiga artists/jaco/ZODIA.mod	189.77K	compilations/modplanet/normal/cd1/amiga artists/jaco/ZODIA.mod
file music-module	mirrors/scenesp.org/compilations/modplanet/normal/cd1/amiga artists/jpm/A FUNNY MOMENT.mod	132.67K	compilations/modplanet/normal/cd1/amiga artists/jpm/A FUNNY MOMENT.mod
file music-module	mirrors/scenesp.org/compilations/modplanet/normal/cd1/amiga artists/jpm/A WORLD OF DREAMS 2.mod	219.33K	compilations/modplanet/normal/cd1/amiga artists/jpm/A WORLD OF DREAMS 2.mod
file music-module	mirrors/scenesp.org/compilations/modplanet/normal/cd1/amiga artists/jpm/A WORLD OF DREAMS 3.mod	361.65K	compilations/modplanet/normal/cd1/amiga artists/jpm/A WORLD OF DREAMS 3.mod
file music-module	mirrors/scenesp.org/compilations/modplanet/normal/cd1/amiga artists/jpm/A WORLD OF DREAMS 4.mod	156.71K	compilations/modplanet/normal/cd1/amiga artists/jpm/A WORLD OF DREAMS 4.mod
file music-module	mirrors/scenesp.org/compilations/modplanet/normal/cd1/amiga artists/jpm/A WORLD OF DREAMS 6.mod	294.45K	compilations/modplanet/normal/cd1/amiga artists/jpm/A WORLD OF DREAMS 6.mod
file music-module	mirrors/scenesp.org/compilations/modplanet/normal/cd1/amiga artists/jpm/A WORLD OF DREAMS 7.mod	183.36K	compilations/modplanet/normal/cd1/amiga artists/jpm/A WORLD OF DREAMS 7.mod
file music-module	mirrors/scenesp.org/compilations/modplanet/normal/cd1/amiga artists/jpm/A WORLD OF DREAMS 8.mod	144.37K	compilations/modplanet/normal/cd1/amiga artists/jpm/A WORLD OF DREAMS 8.mod
file music-module	mirrors/scenesp.org/compilations/modplanet/normal/cd1/amiga artists/jpm/ALTERED.mod	214.83K	compilations/modplanet/normal/cd1/amiga artists/jpm/ALTERED.mod
file music-module	mirrors/scenesp.org/compilations/modplanet/normal/cd1/amiga artists/jpm/ATMOSPHERE ZERO.mod	401.31K	compilations/modplanet/normal/cd1/amiga artists/jpm/ATMOSPHERE ZERO.mod
file music-module	mirrors/scenesp.org/compilations/modplanet/normal/cd1/amiga artists/jpm/AYER.mod	73.86K	compilations/modplanet/normal/cd1/amiga artists/jpm/AYER.mod
file music-module	mirrors/scenesp.org/compilations/modplanet/normal/cd1/amiga artists/jpm/CHIP CHIP CHIP.mod	76.03K	compilations/modplanet/normal/cd1/amiga artists/jpm/CHIP CHIP CHIP.mod
file music-module	mirrors/scenesp.org/compilations/modplanet/normal/cd1/amiga artists/jpm/CLOSE BOOK.mod	85.26K	compilations/modplanet/normal/cd1/amiga artists/jpm/CLOSE BOOK.mod
file music-module	mirrors/scenesp.org/compilations/modplanet/normal/cd1/amiga artists/jpm/CONSTELLATIONS.mod	147.73K	compilations/modplanet/normal/cd1/amiga artists/jpm/CONSTELLATIONS.mod
file music-module	mirrors/scenesp.org/compilations/modplanet/normal/cd1/amiga artists/jpm/CONTINENTES.mod	206.23K	compilations/modplanet/normal/cd1/amiga artists/jpm/CONTINENTES.mod
file music-module	mirrors/scenesp.org/compilations/modplanet/normal/cd1/amiga artists/jpm/CRYING IN FRONT OF.mod	170.52K	compilations/modplanet/normal/cd1/amiga artists/jpm/CRYING IN FRONT OF.mod
file music-module	mirrors/scenesp.org/compilations/modplanet/normal/cd1/amiga artists/jpm/CYLINDRIC ORBIT.mod	169.55K	compilations/modplanet/normal/cd1/amiga artists/jpm/CYLINDRIC ORBIT.mod
file music-module	mirrors/scenesp.org/compilations/modplanet/normal/cd1/amiga artists/jpm/DARKNESS FOREST.mod	348.94K	compilations/modplanet/normal/cd1/amiga artists/jpm/DARKNESS FOREST.mod
file music-module	mirrors/scenesp.org/compilations/modplanet/normal/cd1/amiga artists/jpm/EIGHT LOVELY DAYS.mod	210.66K	compilations/modplanet/normal/cd1/amiga artists/jpm/EIGHT LOVELY DAYS.mod
file music-module	mirrors/scenesp.org/compilations/modplanet/normal/cd1/amiga artists/jpm/EL CRISTIANO.mod	266.06K	compilations/modplanet/normal/cd1/amiga artists/jpm/EL CRISTIANO.mod
file music-module	mirrors/scenesp.org/compilations/modplanet/normal/cd1/amiga artists/jpm/ELECTRANARKOSIS.mod	124.94K	compilations/modplanet/normal/cd1/amiga artists/jpm/ELECTRANARKOSIS.mod
file music-module	mirrors/scenesp.org/compilations/modplanet/normal/cd1/amiga artists/jpm/ELECTRIC ROBOT.mod	216.13K	compilations/modplanet/normal/cd1/amiga artists/jpm/ELECTRIC ROBOT.mod
file music-module	mirrors/scenesp.org/compilations/modplanet/normal/cd1/amiga artists/jpm/FEEL IT.mod	227.63K	compilations/modplanet/normal/cd1/amiga artists/jpm/FEEL IT.mod
file music-module	mirrors/scenesp.org/compilations/modplanet/normal/cd1/amiga artists/jpm/FEEL THE DEAD LOVE.mod	289.60K	compilations/modplanet/normal/cd1/amiga artists/jpm/FEEL THE DEAD LOVE.mod
file music-module	mirrors/scenesp.org/compilations/modplanet/normal/cd1/amiga artists/jpm/FUTURE PLANET.mod	115.35K	compilations/modplanet/normal/cd1/amiga artists/jpm/FUTURE PLANET.mod
file music-module	mirrors/scenesp.org/compilations/modplanet/normal/cd1/amiga artists/jpm/FUTURE WORLD.mod	115.35K	compilations/modplanet/normal/cd1/amiga artists/jpm/FUTURE WORLD.mod
file music-module	mirrors/scenesp.org/compilations/modplanet/normal/cd1/amiga artists/jpm/GO TO CELEBRATION.mod	207.45K	compilations/modplanet/normal/cd1/amiga artists/jpm/GO TO CELEBRATION.mod
file music-module	mirrors/scenesp.org/compilations/modplanet/normal/cd1/amiga artists/jpm/GO TO WAR.mod	159.36K	compilations/modplanet/normal/cd1/amiga artists/jpm/GO TO WAR.mod
file music-module	mirrors/scenesp.org/compilations/modplanet/normal/cd1/amiga artists/jpm/GREAT SECRETS.mod	315.91K	compilations/modplanet/normal/cd1/amiga artists/jpm/GREAT SECRETS.mod
file music-module	mirrors/scenesp.org/compilations/modplanet/normal/cd1/amiga artists/jpm/GROWING MOON.mod	382.88K	compilations/modplanet/normal/cd1/amiga artists/jpm/GROWING MOON.mod
file music-module	mirrors/scenesp.org/compilations/modplanet/normal/cd1/amiga artists/jpm/HITLER R30.mod	265.05K	compilations/modplanet/normal/cd1/amiga artists/jpm/HITLER R30.mod
file music-module	mirrors/scenesp.org/compilations/modplanet/normal/cd1/amiga artists/jpm/HOMICIDIO COLECTIVO.mod	234.61K	compilations/modplanet/normal/cd1/amiga artists/jpm/HOMICIDIO COLECTIVO.mod
file music-module	mirrors/scenesp.org/compilations/modplanet/normal/cd1/amiga artists/jpm/HYDROGEN CARBON.mod	152.13K	compilations/modplanet/normal/cd1/amiga artists/jpm/HYDROGEN CARBON.mod
file music-module	mirrors/scenesp.org/compilations/modplanet/normal/cd1/amiga artists/jpm/IN A LOVER NIGHT.mod	120.52K	compilations/modplanet/normal/cd1/amiga artists/jpm/IN A LOVER NIGHT.mod
file music-module	mirrors/scenesp.org/compilations/modplanet/normal/cd1/amiga artists/jpm/INSANEQUALIZER.mod	163.81K	compilations/modplanet/normal/cd1/amiga artists/jpm/INSANEQUALIZER.mod
file music-module	mirrors/scenesp.org/compilations/modplanet/normal/cd1/amiga artists/jpm/IONOSPHERE.mod	218.72K	compilations/modplanet/normal/cd1/amiga artists/jpm/IONOSPHERE.mod
file music-module	mirrors/scenesp.org/compilations/modplanet/normal/cd1/amiga artists/jpm/ISOLATED.mod	364.76K	compilations/modplanet/normal/cd1/amiga artists/jpm/ISOLATED.mod
file music-module	mirrors/scenesp.org/compilations/modplanet/normal/cd1/amiga artists/jpm/JET STREAM.mod	295.11K	compilations/modplanet/normal/cd1/amiga artists/jpm/JET STREAM.mod
file music-module	mirrors/scenesp.org/compilations/modplanet/normal/cd1/amiga artists/jpm/LITTLE PIGEON.mod	246.72K	compilations/modplanet/normal/cd1/amiga artists/jpm/LITTLE PIGEON.mod
file music-module	mirrors/scenesp.org/compilations/modplanet/normal/cd1/amiga artists/jpm/LOOKING FOR A.mod	89.01K	compilations/modplanet/normal/cd1/amiga artists/jpm/LOOKING FOR A.mod
file music-module	mirrors/scenesp.org/compilations/modplanet/normal/cd1/amiga artists/jpm/MECANIC ROBOT.mod	185.21K	compilations/modplanet/normal/cd1/amiga artists/jpm/MECANIC ROBOT.mod
file music-module	mirrors/scenesp.org/compilations/modplanet/normal/cd1/amiga artists/jpm/MERRY GILMASH.mod	376.68K	compilations/modplanet/normal/cd1/amiga artists/jpm/MERRY GILMASH.mod
file music-module	mirrors/scenesp.org/compilations/modplanet/normal/cd1/amiga artists/jpm/METEOSAT.mod	276.94K	compilations/modplanet/normal/cd1/amiga artists/jpm/METEOSAT.mod
file music-module	mirrors/scenesp.org/compilations/modplanet/normal/cd1/amiga artists/jpm/MIRACLE.mod	210.61K	compilations/modplanet/normal/cd1/amiga artists/jpm/MIRACLE.mod
file music-module	mirrors/scenesp.org/compilations/modplanet/normal/cd1/amiga artists/jpm/MODCONTI.mod	205.23K	compilations/modplanet/normal/cd1/amiga artists/jpm/MODCONTI.mod
file music-module	mirrors/scenesp.org/compilations/modplanet/normal/cd1/amiga artists/jpm/MONKEYROBOTS.mod	45.87K	compilations/modplanet/normal/cd1/amiga artists/jpm/MONKEYROBOTS.mod
file music-module	mirrors/scenesp.org/compilations/modplanet/normal/cd1/amiga artists/jpm/MUNDIAL WAR.mod	176.14K	compilations/modplanet/normal/cd1/amiga artists/jpm/MUNDIAL WAR.mod
file music-module	mirrors/scenesp.org/compilations/modplanet/normal/cd1/amiga artists/jpm/MY BIG DREAM.mod	214.02K	compilations/modplanet/normal/cd1/amiga artists/jpm/MY BIG DREAM.mod
file music-module	mirrors/scenesp.org/compilations/modplanet/normal/cd1/amiga artists/jpm/MY FIRST KISS.mod	255.68K	compilations/modplanet/normal/cd1/amiga artists/jpm/MY FIRST KISS.mod
file music-module	mirrors/scenesp.org/compilations/modplanet/normal/cd1/amiga artists/jpm/MY GREAT FRIENDS.mod	199.47K	compilations/modplanet/normal/cd1/amiga artists/jpm/MY GREAT FRIENDS.mod
file music-module	mirrors/scenesp.org/compilations/modplanet/normal/cd1/amiga artists/jpm/NO QUIERO DEJARLO.mod	341.03K	compilations/modplanet/normal/cd1/amiga artists/jpm/NO QUIERO DEJARLO.mod
file music-module	mirrors/scenesp.org/compilations/modplanet/normal/cd1/amiga artists/jpm/NO ROBOTS.mod	302.52K	compilations/modplanet/normal/cd1/amiga artists/jpm/NO ROBOTS.mod
file music-module	mirrors/scenesp.org/compilations/modplanet/normal/cd1/amiga artists/jpm/NOCHE DE BODAS.mod	267.48K	compilations/modplanet/normal/cd1/amiga artists/jpm/NOCHE DE BODAS.mod
file music-module	mirrors/scenesp.org/compilations/modplanet/normal/cd1/amiga artists/jpm/NOCTURNAL INFLUENCE.mod	425.11K	compilations/modplanet/normal/cd1/amiga artists/jpm/NOCTURNAL INFLUENCE.mod
file music-module	mirrors/scenesp.org/compilations/modplanet/normal/cd1/amiga artists/jpm/NUCLEAR BOMB.mod	190.24K	compilations/modplanet/normal/cd1/amiga artists/jpm/NUCLEAR BOMB.mod
file music-module	mirrors/scenesp.org/compilations/modplanet/normal/cd1/amiga artists/jpm/OK MR.mod	152.83K	compilations/modplanet/normal/cd1/amiga artists/jpm/OK MR.mod
file music-module	mirrors/scenesp.org/compilations/modplanet/normal/cd1/amiga artists/jpm/OPEN BOOK.mod	118.24K	compilations/modplanet/normal/cd1/amiga artists/jpm/OPEN BOOK.mod
file music-module	mirrors/scenesp.org/compilations/modplanet/normal/cd1/amiga artists/jpm/OZONE.mod	305.62K	compilations/modplanet/normal/cd1/amiga artists/jpm/OZONE.mod
file music-module	mirrors/scenesp.org/compilations/modplanet/normal/cd1/amiga artists/jpm/onceupontime.mod	247.56K	compilations/modplanet/normal/cd1/amiga artists/jpm/onceupontime.mod
file music-module	mirrors/scenesp.org/compilations/modplanet/normal/cd1/amiga artists/jpm/PARTY ROBOTS 3.mod	191.66K	compilations/modplanet/normal/cd1/amiga artists/jpm/PARTY ROBOTS 3.mod
file music-module	mirrors/scenesp.org/compilations/modplanet/normal/cd1/amiga artists/jpm/PEASANT HEARTS.mod	212.78K	compilations/modplanet/normal/cd1/amiga artists/jpm/PEASANT HEARTS.mod
file music-module	mirrors/scenesp.org/compilations/modplanet/normal/cd1/amiga artists/jpm/PIRAMIDAL.mod	142.39K	compilations/modplanet/normal/cd1/amiga artists/jpm/PIRAMIDAL.mod
file music-module	mirrors/scenesp.org/compilations/modplanet/normal/cd1/amiga artists/jpm/PSICOLOGIC TRANCE.mod	166.21K	compilations/modplanet/normal/cd1/amiga artists/jpm/PSICOLOGIC TRANCE.mod
file music-module	mirrors/scenesp.org/compilations/modplanet/normal/cd1/amiga artists/jpm/Psweet.mod	134.78K	compilations/modplanet/normal/cd1/amiga artists/jpm/Psweet.mod
file music-module	mirrors/scenesp.org/compilations/modplanet/normal/cd1/amiga artists/jpm/RAM SET II.mod	272.86K	compilations/modplanet/normal/cd1/amiga artists/jpm/RAM SET II.mod
file music-module	mirrors/scenesp.org/compilations/modplanet/normal/cd1/amiga artists/jpm/RITMO FRENETICO.mod	156.46K	compilations/modplanet/normal/cd1/amiga artists/jpm/RITMO FRENETICO.mod
file music-module	mirrors/scenesp.org/compilations/modplanet/normal/cd1/amiga artists/jpm/ROBOTIKA DIMENSION.mod	231.93K	compilations/modplanet/normal/cd1/amiga artists/jpm/ROBOTIKA DIMENSION.mod
file music-module	mirrors/scenesp.org/compilations/modplanet/normal/cd1/amiga artists/jpm/ROBOTIKA.mod	263.49K	compilations/modplanet/normal/cd1/amiga artists/jpm/ROBOTIKA.mod
file music-module	mirrors/scenesp.org/compilations/modplanet/normal/cd1/amiga artists/jpm/SCAPE OF KEFREN.mod	350.25K	compilations/modplanet/normal/cd1/amiga artists/jpm/SCAPE OF KEFREN.mod
file music-module	mirrors/scenesp.org/compilations/modplanet/normal/cd1/amiga artists/jpm/SEQUENCE MODULATE.mod	259.17K	compilations/modplanet/normal/cd1/amiga artists/jpm/SEQUENCE MODULATE.mod
file music-module	mirrors/scenesp.org/compilations/modplanet/normal/cd1/amiga artists/jpm/SIN COSAS QUE DECIR.mod	184.30K	compilations/modplanet/normal/cd1/amiga artists/jpm/SIN COSAS QUE DECIR.mod
file music-module	mirrors/scenesp.org/compilations/modplanet/normal/cd1/amiga artists/jpm/SKIZO ROBOTS.mod	340.13K	compilations/modplanet/normal/cd1/amiga artists/jpm/SKIZO ROBOTS.mod
file music-module	mirrors/scenesp.org/compilations/modplanet/normal/cd1/amiga artists/jpm/SPEED TERRITORY.mod	287.04K	compilations/modplanet/normal/cd1/amiga artists/jpm/SPEED TERRITORY.mod
file music-module	mirrors/scenesp.org/compilations/modplanet/normal/cd1/amiga artists/jpm/STRATOSPHERE.mod	76.72K	compilations/modplanet/normal/cd1/amiga artists/jpm/STRATOSPHERE.mod
file music-module	mirrors/scenesp.org/compilations/modplanet/normal/cd1/amiga artists/jpm/SWEET PARADISE.mod	134.82K	compilations/modplanet/normal/cd1/amiga artists/jpm/SWEET PARADISE.mod
file music-module	mirrors/scenesp.org/compilations/modplanet/normal/cd1/amiga artists/jpm/TECNOLOGIC MAN.mod	125.23K	compilations/modplanet/normal/cd1/amiga artists/jpm/TECNOLOGIC MAN.mod
file music-module	mirrors/scenesp.org/compilations/modplanet/normal/cd1/amiga artists/jpm/TECNOLOGIC REPRISE.mod	245.88K	compilations/modplanet/normal/cd1/amiga artists/jpm/TECNOLOGIC REPRISE.mod
file music-module	mirrors/scenesp.org/compilations/modplanet/normal/cd1/amiga artists/jpm/TECNOROBOTIKA.mod	201.21K	compilations/modplanet/normal/cd1/amiga artists/jpm/TECNOROBOTIKA.mod
file music-module	mirrors/scenesp.org/compilations/modplanet/normal/cd1/amiga artists/jpm/THE FLY OF THE MIDN.mod	350.54K	compilations/modplanet/normal/cd1/amiga artists/jpm/THE FLY OF THE MIDN.mod
file music-module	mirrors/scenesp.org/compilations/modplanet/normal/cd1/amiga artists/jpm/THE FRIEND THAT DESERT.mod	158.40K	compilations/modplanet/normal/cd1/amiga artists/jpm/THE FRIEND THAT DESERT.mod
file music-module	mirrors/scenesp.org/compilations/modplanet/normal/cd1/amiga artists/jpm/THE FUTURE.mod	171.45K	compilations/modplanet/normal/cd1/amiga artists/jpm/THE FUTURE.mod
file music-module	mirrors/scenesp.org/compilations/modplanet/normal/cd1/amiga artists/jpm/THE OSIRIS SPIRIT 2.mod	198.63K	compilations/modplanet/normal/cd1/amiga artists/jpm/THE OSIRIS SPIRIT 2.mod
file music-module	mirrors/scenesp.org/compilations/modplanet/normal/cd1/amiga artists/jpm/THE OSIRIS SPIRIT.mod	112.43K	compilations/modplanet/normal/cd1/amiga artists/jpm/THE OSIRIS SPIRIT.mod
file music-module	mirrors/scenesp.org/compilations/modplanet/normal/cd1/amiga artists/jpm/THE SECT.mod	230.89K	compilations/modplanet/normal/cd1/amiga artists/jpm/THE SECT.mod
file music-module	mirrors/scenesp.org/compilations/modplanet/normal/cd1/amiga artists/jpm/THE VERVEIN.mod	157.14K	compilations/modplanet/normal/cd1/amiga artists/jpm/THE VERVEIN.mod
file music-module	mirrors/scenesp.org/compilations/modplanet/normal/cd1/amiga artists/jpm/THINKING ABOUT YOU.mod	182.88K	compilations/modplanet/normal/cd1/amiga artists/jpm/THINKING ABOUT YOU.mod
file music-module	mirrors/scenesp.org/compilations/modplanet/normal/cd1/amiga artists/jpm/THREEFORMSTOLOVE.mod	236.32K	compilations/modplanet/normal/cd1/amiga artists/jpm/THREEFORMSTOLOVE.mod
file music-module	mirrors/scenesp.org/compilations/modplanet/normal/cd1/amiga artists/jpm/The chant of the.mod	380.91K	compilations/modplanet/normal/cd1/amiga artists/jpm/The chant of the.mod
file music-module	mirrors/scenesp.org/compilations/modplanet/normal/cd1/amiga artists/jpm/TOQUE DE QUEDA.mod	161.39K	compilations/modplanet/normal/cd1/amiga artists/jpm/TOQUE DE QUEDA.mod
file music-module	mirrors/scenesp.org/compilations/modplanet/normal/cd1/amiga artists/jpm/TREASURE INKA.mod	148.80K	compilations/modplanet/normal/cd1/amiga artists/jpm/TREASURE INKA.mod
file music-module	mirrors/scenesp.org/compilations/modplanet/normal/cd1/amiga artists/jpm/UN MUNDO NUEVO.mod	216.64K	compilations/modplanet/normal/cd1/amiga artists/jpm/UN MUNDO NUEVO.mod
file music-module	mirrors/scenesp.org/compilations/modplanet/normal/cd1/amiga artists/jpm/VAMOS A LA PILTRA.mod	156.24K	compilations/modplanet/normal/cd1/amiga artists/jpm/VAMOS A LA PILTRA.mod
file music-module	mirrors/scenesp.org/compilations/modplanet/normal/cd1/amiga artists/jpm/VIRUS AKORRALADO.mod	329.94K	compilations/modplanet/normal/cd1/amiga artists/jpm/VIRUS AKORRALADO.mod
file music-module	mirrors/scenesp.org/compilations/modplanet/normal/cd1/amiga artists/jpm/VISUAL PATTERNS.mod	348.98K	compilations/modplanet/normal/cd1/amiga artists/jpm/VISUAL PATTERNS.mod
file music-module	mirrors/scenesp.org/compilations/modplanet/normal/cd1/amiga artists/jpm/WHEN CRY MOON.mod	395.96K	compilations/modplanet/normal/cd1/amiga artists/jpm/WHEN CRY MOON.mod
file music-module	mirrors/scenesp.org/compilations/modplanet/normal/cd1/amiga artists/jpm/ZIG ZAG.mod	260.20K	compilations/modplanet/normal/cd1/amiga artists/jpm/ZIG ZAG.mod
file music-module	mirrors/scenesp.org/compilations/modplanet/normal/cd1/amiga artists/kbit/COMPU.mod	82.11K	compilations/modplanet/normal/cd1/amiga artists/kbit/COMPU.mod
file music-module	mirrors/scenesp.org/compilations/modplanet/normal/cd1/amiga artists/kbit/chipoide.mod	29.42K	compilations/modplanet/normal/cd1/amiga artists/kbit/chipoide.mod
file music-module	mirrors/scenesp.org/compilations/modplanet/normal/cd1/amiga artists/kbit/fatal_function.mod	77.15K	compilations/modplanet/normal/cd1/amiga artists/kbit/fatal_function.mod
file music-module	mirrors/scenesp.org/compilations/modplanet/normal/cd1/amiga artists/kbit/first wave.mod	66.33K	compilations/modplanet/normal/cd1/amiga artists/kbit/first wave.mod
file music-module	mirrors/scenesp.org/compilations/modplanet/normal/cd1/amiga artists/kbit/HARDCORE INSIDE.mod	365.08K	compilations/modplanet/normal/cd1/amiga artists/kbit/HARDCORE INSIDE.mod
file music-module	mirrors/scenesp.org/compilations/modplanet/normal/cd1/amiga artists/kbit/MI_LA.mod	96.21K	compilations/modplanet/normal/cd1/amiga artists/kbit/MI_LA.mod
file music-module	mirrors/scenesp.org/compilations/modplanet/normal/cd1/amiga artists/kbit/posadas_2.mod	12.09K	compilations/modplanet/normal/cd1/amiga artists/kbit/posadas_2.mod
file music-module	mirrors/scenesp.org/compilations/modplanet/normal/cd1/amiga artists/kbit/TENGO.mod	112.66K	compilations/modplanet/normal/cd1/amiga artists/kbit/TENGO.mod
file music-module	mirrors/scenesp.org/compilations/modplanet/normal/cd1/amiga artists/mam/Mam - Euk2 invt.mod	16.29K	compilations/modplanet/normal/cd1/amiga artists/mam/Mam - Euk2 invt.mod
file music-module	mirrors/scenesp.org/compilations/modplanet/normal/cd1/amiga artists/mam/Mam - Mon's swaptro.mod	9.26K	compilations/modplanet/normal/cd1/amiga artists/mam/Mam - Mon's swaptro.mod
file music-module	mirrors/scenesp.org/compilations/modplanet/normal/cd1/amiga artists/mam/nOW knOW hOW.MOD	263.58K	compilations/modplanet/normal/cd1/amiga artists/mam/nOW knOW hOW.MOD
file music-module	mirrors/scenesp.org/compilations/modplanet/normal/cd1/amiga artists/mcgyver/AGUA.mod	131.33K	compilations/modplanet/normal/cd1/amiga artists/mcgyver/AGUA.mod
file music-module	mirrors/scenesp.org/compilations/modplanet/normal/cd1/amiga artists/mcgyver/CHIP3.mod	21.97K	compilations/modplanet/normal/cd1/amiga artists/mcgyver/CHIP3.mod
file music-module	mirrors/scenesp.org/compilations/modplanet/normal/cd1/amiga artists/mcgyver/CORTINA.mod	6.43K	compilations/modplanet/normal/cd1/amiga artists/mcgyver/CORTINA.mod
file music-module	mirrors/scenesp.org/compilations/modplanet/normal/cd1/amiga artists/mcgyver/hita.mod	331.79K	compilations/modplanet/normal/cd1/amiga artists/mcgyver/hita.mod
file music-module	mirrors/scenesp.org/compilations/modplanet/normal/cd1/amiga artists/mcgyver/SUNDAY.mod	18.79K	compilations/modplanet/normal/cd1/amiga artists/mcgyver/SUNDAY.mod
file music-module	mirrors/scenesp.org/compilations/modplanet/normal/cd1/amiga artists/nino/Contacto musical v1.2.mod	153.81K	compilations/modplanet/normal/cd1/amiga artists/nino/Contacto musical v1.2.mod
file music-module	mirrors/scenesp.org/compilations/modplanet/normal/cd1/amiga artists/nino/Contacto musical.mod	307.29K	compilations/modplanet/normal/cd1/amiga artists/nino/Contacto musical.mod
file music-module	mirrors/scenesp.org/compilations/modplanet/normal/cd1/amiga artists/nino/El Eterno Retorno.mod	140.60K	compilations/modplanet/normal/cd1/amiga artists/nino/El Eterno Retorno.mod
file music-module	mirrors/scenesp.org/compilations/modplanet/normal/cd1/amiga artists/nino/Leyenda.mod	77.00K	compilations/modplanet/normal/cd1/amiga artists/nino/Leyenda.mod
file music-module	mirrors/scenesp.org/compilations/modplanet/normal/cd1/amiga artists/nino/Marcha.mod	178.36K	compilations/modplanet/normal/cd1/amiga artists/nino/Marcha.mod
file music-module	mirrors/scenesp.org/compilations/modplanet/normal/cd1/amiga artists/nino/TRASH3FINAL.mod	136.86K	compilations/modplanet/normal/cd1/amiga artists/nino/TRASH3FINAL.mod
file music-module	mirrors/scenesp.org/compilations/modplanet/normal/cd1/amiga artists/nino/WATERFALL MUSIC.mod	203.33K	compilations/modplanet/normal/cd1/amiga artists/nino/WATERFALL MUSIC.mod
file music-module	mirrors/scenesp.org/compilations/modplanet/normal/cd1/amiga artists/nino/WATERFALL SONG.mod	146.13K	compilations/modplanet/normal/cd1/amiga artists/nino/WATERFALL SONG.mod
file music-module	mirrors/scenesp.org/compilations/modplanet/normal/cd1/amiga artists/nino/WATERFALL.mod	182.10K	compilations/modplanet/normal/cd1/amiga artists/nino/WATERFALL.mod
file music-module	mirrors/scenesp.org/compilations/modplanet/normal/cd1/amiga artists/nork/2001.mod	814.32K	compilations/modplanet/normal/cd1/amiga artists/nork/2001.mod
file music-module	mirrors/scenesp.org/compilations/modplanet/normal/cd1/amiga artists/nork/A EARTH SONG PREV.mod	190.65K	compilations/modplanet/normal/cd1/amiga artists/nork/A EARTH SONG PREV.mod
file music-module	mirrors/scenesp.org/compilations/modplanet/normal/cd1/amiga artists/nork/A NEW JOB.mod	220.15K	compilations/modplanet/normal/cd1/amiga artists/nork/A NEW JOB.mod
file music-module	mirrors/scenesp.org/compilations/modplanet/normal/cd1/amiga artists/nork/ASK ME.mod	60.18K	compilations/modplanet/normal/cd1/amiga artists/nork/ASK ME.mod
file music-module	mirrors/scenesp.org/compilations/modplanet/normal/cd1/amiga artists/nork/Awareness.mod	8.23K	compilations/modplanet/normal/cd1/amiga artists/nork/Awareness.mod
file music-module	mirrors/scenesp.org/compilations/modplanet/normal/cd1/amiga artists/nork/Back2DaMoon.mod	60.17K	compilations/modplanet/normal/cd1/amiga artists/nork/Back2DaMoon.mod
file music-module	mirrors/scenesp.org/compilations/modplanet/normal/cd1/amiga artists/nork/BEACAND.mod	216.08K	compilations/modplanet/normal/cd1/amiga artists/nork/BEACAND.mod
file music-module	mirrors/scenesp.org/compilations/modplanet/normal/cd1/amiga artists/nork/BIGLIGHT.mod	16.50K	compilations/modplanet/normal/cd1/amiga artists/nork/BIGLIGHT.mod
file music-module	mirrors/scenesp.org/compilations/modplanet/normal/cd1/amiga artists/nork/BLACKTRIBE.mod	276.17K	compilations/modplanet/normal/cd1/amiga artists/nork/BLACKTRIBE.mod
file music-module	mirrors/scenesp.org/compilations/modplanet/normal/cd1/amiga artists/nork/BLOW UP.mod	15.96K	compilations/modplanet/normal/cd1/amiga artists/nork/BLOW UP.mod
file music-module	mirrors/scenesp.org/compilations/modplanet/normal/cd1/amiga artists/nork/BLUEPLANET.mod	45.11K	compilations/modplanet/normal/cd1/amiga artists/nork/BLUEPLANET.mod
file music-module	mirrors/scenesp.org/compilations/modplanet/normal/cd1/amiga artists/nork/BLUEPLANET100%25.mod	46.19K	compilations/modplanet/normal/cd1/amiga artists/nork/BLUEPLANET100%25.mod
file music-module	mirrors/scenesp.org/compilations/modplanet/normal/cd1/amiga artists/nork/BUY A GIRL.mod	10.84K	compilations/modplanet/normal/cd1/amiga artists/nork/BUY A GIRL.mod
file music-module	mirrors/scenesp.org/compilations/modplanet/normal/cd1/amiga artists/nork/C&N-TRAS.MOD	298.95K	compilations/modplanet/normal/cd1/amiga artists/nork/C&N-TRAS.MOD
file music-module	mirrors/scenesp.org/compilations/modplanet/normal/cd1/amiga artists/nork/CHIPO-1.mod	10.01K	compilations/modplanet/normal/cd1/amiga artists/nork/CHIPO-1.mod
file music-module	mirrors/scenesp.org/compilations/modplanet/normal/cd1/amiga artists/nork/CHIPO-2.mod	11.09K	compilations/modplanet/normal/cd1/amiga artists/nork/CHIPO-2.mod
file music-module	mirrors/scenesp.org/compilations/modplanet/normal/cd1/amiga artists/nork/CHIPO-3.mod	12.48K	compilations/modplanet/normal/cd1/amiga artists/nork/CHIPO-3.mod
file music-module	mirrors/scenesp.org/compilations/modplanet/normal/cd1/amiga artists/nork/CHIPO-4.mod	11.46K	compilations/modplanet/normal/cd1/amiga artists/nork/CHIPO-4.mod
file music-module	mirrors/scenesp.org/compilations/modplanet/normal/cd1/amiga artists/nork/CHIPO-5.mod	21.34K	compilations/modplanet/normal/cd1/amiga artists/nork/CHIPO-5.mod
file music-module	mirrors/scenesp.org/compilations/modplanet/normal/cd1/amiga artists/nork/CHIPO-6.mod	9.42K	compilations/modplanet/normal/cd1/amiga artists/nork/CHIPO-6.mod
file music-module	mirrors/scenesp.org/compilations/modplanet/normal/cd1/amiga artists/nork/ChronicSituation.mod	191.49K	compilations/modplanet/normal/cd1/amiga artists/nork/ChronicSituation.mod
file music-module	mirrors/scenesp.org/compilations/modplanet/normal/cd1/amiga artists/nork/CLASSICS!.mod	8.16K	compilations/modplanet/normal/cd1/amiga artists/nork/CLASSICS!.mod
file music-module	mirrors/scenesp.org/compilations/modplanet/normal/cd1/amiga artists/nork/COLORS IN SPAIN.mod	249.73K	compilations/modplanet/normal/cd1/amiga artists/nork/COLORS IN SPAIN.mod
file music-module	mirrors/scenesp.org/compilations/modplanet/normal/cd1/amiga artists/nork/COOLDREAMS.mod	294.56K	compilations/modplanet/normal/cd1/amiga artists/nork/COOLDREAMS.mod
file music-module	mirrors/scenesp.org/compilations/modplanet/normal/cd1/amiga artists/nork/Contradiction.mod	811.34K	compilations/modplanet/normal/cd1/amiga artists/nork/Contradiction.mod
file music-module	mirrors/scenesp.org/compilations/modplanet/normal/cd1/amiga artists/nork/CRAZY VOYAGE.mod	13.00K	compilations/modplanet/normal/cd1/amiga artists/nork/CRAZY VOYAGE.mod
file music-module	mirrors/scenesp.org/compilations/modplanet/normal/cd1/amiga artists/nork/CRO-MY FRIEND.mod	150.52K	compilations/modplanet/normal/cd1/amiga artists/nork/CRO-MY FRIEND.mod
file music-module	mirrors/scenesp.org/compilations/modplanet/normal/cd1/amiga artists/nork/CRO-MY FRIEND2.mod	128.35K	compilations/modplanet/normal/cd1/amiga artists/nork/CRO-MY FRIEND2.mod
file music-module	mirrors/scenesp.org/compilations/modplanet/normal/cd1/amiga artists/nork/DARKHOUSE.mod	153.62K	compilations/modplanet/normal/cd1/amiga artists/nork/DARKHOUSE.mod
file music-module	mirrors/scenesp.org/compilations/modplanet/normal/cd1/amiga artists/nork/Don'tBeStupid.mod	606.52K	compilations/modplanet/normal/cd1/amiga artists/nork/Don'tBeStupid.mod
file music-module	mirrors/scenesp.org/compilations/modplanet/normal/cd1/amiga artists/nork/Dream'n'Bass.mod	744.70K	compilations/modplanet/normal/cd1/amiga artists/nork/Dream'n'Bass.mod
file music-module	mirrors/scenesp.org/compilations/modplanet/normal/cd1/amiga artists/nork/EUSKAL FAST-NORK.mod	33.44K	compilations/modplanet/normal/cd1/amiga artists/nork/EUSKAL FAST-NORK.mod
file music-module	mirrors/scenesp.org/compilations/modplanet/normal/cd1/amiga artists/nork/FAKEBOYFRIEND.mod	98.17K	compilations/modplanet/normal/cd1/amiga artists/nork/FAKEBOYFRIEND.mod
file music-module	mirrors/scenesp.org/compilations/modplanet/normal/cd1/amiga artists/nork/FANTASY.mod	97.97K	compilations/modplanet/normal/cd1/amiga artists/nork/FANTASY.mod
file music-module	mirrors/scenesp.org/compilations/modplanet/normal/cd1/amiga artists/nork/FEEL MY MUSIC.mod	6.80K	compilations/modplanet/normal/cd1/amiga artists/nork/FEEL MY MUSIC.mod
file music-module	mirrors/scenesp.org/compilations/modplanet/normal/cd1/amiga artists/nork/GALACTIC LOVE.mod	113.94K	compilations/modplanet/normal/cd1/amiga artists/nork/GALACTIC LOVE.mod
file music-module	mirrors/scenesp.org/compilations/modplanet/normal/cd1/amiga artists/nork/GETANEWLIFE.mod	505.88K	compilations/modplanet/normal/cd1/amiga artists/nork/GETANEWLIFE.mod
file music-module	mirrors/scenesp.org/compilations/modplanet/normal/cd1/amiga artists/nork/HAPPY WIND.mod	11.84K	compilations/modplanet/normal/cd1/amiga artists/nork/HAPPY WIND.mod
file music-module	mirrors/scenesp.org/compilations/modplanet/normal/cd1/amiga artists/nork/HARDCHIPCORE.mod	17.55K	compilations/modplanet/normal/cd1/amiga artists/nork/HARDCHIPCORE.mod
file music-module	mirrors/scenesp.org/compilations/modplanet/normal/cd1/amiga artists/nork/HELLSONG.mod	8.38K	compilations/modplanet/normal/cd1/amiga artists/nork/HELLSONG.mod
file music-module	mirrors/scenesp.org/compilations/modplanet/normal/cd1/amiga artists/nork/HI!MR.mod	76.35K	compilations/modplanet/normal/cd1/amiga artists/nork/HI!MR.mod
file music-module	mirrors/scenesp.org/compilations/modplanet/normal/cd1/amiga artists/nork/HIDDEN-TUNEL.mod	90.81K	compilations/modplanet/normal/cd1/amiga artists/nork/HIDDEN-TUNEL.mod
file music-module	mirrors/scenesp.org/compilations/modplanet/normal/cd1/amiga artists/nork/HIDDENGIRL.mod	63.84K	compilations/modplanet/normal/cd1/amiga artists/nork/HIDDENGIRL.mod
file music-module	mirrors/scenesp.org/compilations/modplanet/normal/cd1/amiga artists/nork/HighIndustry.mod	68.48K	compilations/modplanet/normal/cd1/amiga artists/nork/HighIndustry.mod
file music-module	mirrors/scenesp.org/compilations/modplanet/normal/cd1/amiga artists/nork/HOTNUMBERS!.mod	11.28K	compilations/modplanet/normal/cd1/amiga artists/nork/HOTNUMBERS!.mod
file music-module	mirrors/scenesp.org/compilations/modplanet/normal/cd1/amiga artists/nork/HolaQueHay.mod	16.54K	compilations/modplanet/normal/cd1/amiga artists/nork/HolaQueHay.mod
file music-module	mirrors/scenesp.org/compilations/modplanet/normal/cd1/amiga artists/nork/INDIFERENCE.mod	16.82K	compilations/modplanet/normal/cd1/amiga artists/nork/INDIFERENCE.mod
file music-module	mirrors/scenesp.org/compilations/modplanet/normal/cd1/amiga artists/nork/IRCCOMPO!.mod	87.68K	compilations/modplanet/normal/cd1/amiga artists/nork/IRCCOMPO!.mod
file music-module	mirrors/scenesp.org/compilations/modplanet/normal/cd1/amiga artists/nork/IT'SFRIENDCHIP.mod	23.70K	compilations/modplanet/normal/cd1/amiga artists/nork/IT'SFRIENDCHIP.mod
file music-module	mirrors/scenesp.org/compilations/modplanet/normal/cd1/amiga artists/nork/JUST4FRIENDS.mod	350.95K	compilations/modplanet/normal/cd1/amiga artists/nork/JUST4FRIENDS.mod
file music-module	mirrors/scenesp.org/compilations/modplanet/normal/cd1/amiga artists/nork/LITTLELOUT.mod	426.03K	compilations/modplanet/normal/cd1/amiga artists/nork/LITTLELOUT.mod
file music-module	mirrors/scenesp.org/compilations/modplanet/normal/cd1/amiga artists/nork/LivingInMadrid.mod	352.72K	compilations/modplanet/normal/cd1/amiga artists/nork/LivingInMadrid.mod
file music-module	mirrors/scenesp.org/compilations/modplanet/normal/cd1/amiga artists/nork/LivingInRemix.mod	350.72K	compilations/modplanet/normal/cd1/amiga artists/nork/LivingInRemix.mod
file music-module	mirrors/scenesp.org/compilations/modplanet/normal/cd1/amiga artists/nork/MASSIVE.mod	221.92K	compilations/modplanet/normal/cd1/amiga artists/nork/MASSIVE.mod
file music-module	mirrors/scenesp.org/compilations/modplanet/normal/cd1/amiga artists/nork/MOREMONEYPLEZ.mod	18.52K	compilations/modplanet/normal/cd1/amiga artists/nork/MOREMONEYPLEZ.mod
file music-module	mirrors/scenesp.org/compilations/modplanet/normal/cd1/amiga artists/nork/MORETHANADREAM.mod	16.98K	compilations/modplanet/normal/cd1/amiga artists/nork/MORETHANADREAM.mod
file music-module	mirrors/scenesp.org/compilations/modplanet/normal/cd1/amiga artists/nork/Moonly.mod	64.43K	compilations/modplanet/normal/cd1/amiga artists/nork/Moonly.mod
file music-module	mirrors/scenesp.org/compilations/modplanet/normal/cd1/amiga artists/nork/NAUTILUS.mod	60.52K	compilations/modplanet/normal/cd1/amiga artists/nork/NAUTILUS.mod
file music-module	mirrors/scenesp.org/compilations/modplanet/normal/cd1/amiga artists/nork/NK-CHIPS.MOD	11.49K	compilations/modplanet/normal/cd1/amiga artists/nork/NK-CHIPS.MOD
file music-module	mirrors/scenesp.org/compilations/modplanet/normal/cd1/amiga artists/nork/NK-LITTL.MOD	553.08K	compilations/modplanet/normal/cd1/amiga artists/nork/NK-LITTL.MOD
file music-module	mirrors/scenesp.org/compilations/modplanet/normal/cd1/amiga artists/nork/NK-PRETT.MOD	19.46K	compilations/modplanet/normal/cd1/amiga artists/nork/NK-PRETT.MOD
file music-module	mirrors/scenesp.org/compilations/modplanet/normal/cd1/amiga artists/nork/NK-THE_P.MOD	827.95K	compilations/modplanet/normal/cd1/amiga artists/nork/NK-THE_P.MOD
file music-module	mirrors/scenesp.org/compilations/modplanet/normal/cd1/amiga artists/nork/Nk-2ndContradiction.mod	797.87K	compilations/modplanet/normal/cd1/amiga artists/nork/Nk-2ndContradiction.mod
file music-module	mirrors/scenesp.org/compilations/modplanet/normal/cd1/amiga artists/nork/Nk-PowerCuts.mod	418.44K	compilations/modplanet/normal/cd1/amiga artists/nork/Nk-PowerCuts.mod
file music-module	mirrors/scenesp.org/compilations/modplanet/normal/cd1/amiga artists/nork/Nk-ReadyToFlow.mod	173.35K	compilations/modplanet/normal/cd1/amiga artists/nork/Nk-ReadyToFlow.mod
file music-module	mirrors/scenesp.org/compilations/modplanet/normal/cd1/amiga artists/nork/Nk-TerrorInDaChannels.mod	227.10K	compilations/modplanet/normal/cd1/amiga artists/nork/Nk-TerrorInDaChannels.mod
file music-module	mirrors/scenesp.org/compilations/modplanet/normal/cd1/amiga artists/nork/NO MORE LIES.mod	217.41K	compilations/modplanet/normal/cd1/amiga artists/nork/NO MORE LIES.mod
file music-module	mirrors/scenesp.org/compilations/modplanet/normal/cd1/amiga artists/nork/NORMAL EMOTIONS.mod	241.82K	compilations/modplanet/normal/cd1/amiga artists/nork/NORMAL EMOTIONS.mod
file music-module	mirrors/scenesp.org/compilations/modplanet/normal/cd1/amiga artists/nork/NoComplex.mod	30.69K	compilations/modplanet/normal/cd1/amiga artists/nork/NoComplex.mod
file music-module	mirrors/scenesp.org/compilations/modplanet/normal/cd1/amiga artists/nork/NURSES & COMPANIES.mod	159.22K	compilations/modplanet/normal/cd1/amiga artists/nork/NURSES & COMPANIES.mod
file music-module	mirrors/scenesp.org/compilations/modplanet/normal/cd1/amiga artists/nork/nk-Unstoppable Psykosis.mod	302.98K	compilations/modplanet/normal/cd1/amiga artists/nork/nk-Unstoppable Psykosis.mod
file music-module	mirrors/scenesp.org/compilations/modplanet/normal/cd1/amiga artists/nork/PHUTURE PARTY.mod	360.15K	compilations/modplanet/normal/cd1/amiga artists/nork/PHUTURE PARTY.mod
file music-module	mirrors/scenesp.org/compilations/modplanet/normal/cd1/amiga artists/nork/PIANODAY.mod	5.94K	compilations/modplanet/normal/cd1/amiga artists/nork/PIANODAY.mod
file music-module	mirrors/scenesp.org/compilations/modplanet/normal/cd1/amiga artists/nork/PIKABOOOO!.mod	48.66K	compilations/modplanet/normal/cd1/amiga artists/nork/PIKABOOOO!.mod
file music-module	mirrors/scenesp.org/compilations/modplanet/normal/cd1/amiga artists/nork/PillZone.mod	258.36K	compilations/modplanet/normal/cd1/amiga artists/nork/PillZone.mod
file music-module	mirrors/scenesp.org/compilations/modplanet/normal/cd1/amiga artists/nork/PSYCHOCHIP.mod	5.12K	compilations/modplanet/normal/cd1/amiga artists/nork/PSYCHOCHIP.mod
file music-module	mirrors/scenesp.org/compilations/modplanet/normal/cd1/amiga artists/nork/PSYQUE.mod	7.44K	compilations/modplanet/normal/cd1/amiga artists/nork/PSYQUE.mod
file music-module	mirrors/scenesp.org/compilations/modplanet/normal/cd1/amiga artists/nork/RapidReload.mod	274.52K	compilations/modplanet/normal/cd1/amiga artists/nork/RapidReload.mod
file music-module	mirrors/scenesp.org/compilations/modplanet/normal/cd1/amiga artists/nork/REFERENCE.mod	40.68K	compilations/modplanet/normal/cd1/amiga artists/nork/REFERENCE.mod
file music-module	mirrors/scenesp.org/compilations/modplanet/normal/cd1/amiga artists/nork/RYHTMICALMIND.mod	41.19K	compilations/modplanet/normal/cd1/amiga artists/nork/RYHTMICALMIND.mod
file music-module	mirrors/scenesp.org/compilations/modplanet/normal/cd1/amiga artists/nork/SAVAGEJUNGLE.mod	7.95K	compilations/modplanet/normal/cd1/amiga artists/nork/SAVAGEJUNGLE.mod
file music-module	mirrors/scenesp.org/compilations/modplanet/normal/cd1/amiga artists/nork/SAVETHEFUNKY.mod	384.66K	compilations/modplanet/normal/cd1/amiga artists/nork/SAVETHEFUNKY.mod
file music-module	mirrors/scenesp.org/compilations/modplanet/normal/cd1/amiga artists/nork/SHOWTHEME.mod	195.12K	compilations/modplanet/normal/cd1/amiga artists/nork/SHOWTHEME.mod
file music-module	mirrors/scenesp.org/compilations/modplanet/normal/cd1/amiga artists/nork/SLOW.mod	114.54K	compilations/modplanet/normal/cd1/amiga artists/nork/SLOW.mod
file music-module	mirrors/scenesp.org/compilations/modplanet/normal/cd1/amiga artists/nork/SOLUTIONS!!!.mod	53.57K	compilations/modplanet/normal/cd1/amiga artists/nork/SOLUTIONS!!!.mod
file music-module	mirrors/scenesp.org/compilations/modplanet/normal/cd1/amiga artists/nork/SORRY ZORRA!.mod	16.22K	compilations/modplanet/normal/cd1/amiga artists/nork/SORRY ZORRA!.mod
file music-module	mirrors/scenesp.org/compilations/modplanet/normal/cd1/amiga artists/nork/SOUND WORLD.mod	78.21K	compilations/modplanet/normal/cd1/amiga artists/nork/SOUND WORLD.mod
file music-module	mirrors/scenesp.org/compilations/modplanet/normal/cd1/amiga artists/nork/SPANIARD FEELING.mod	186.49K	compilations/modplanet/normal/cd1/amiga artists/nork/SPANIARD FEELING.mod
file music-module	mirrors/scenesp.org/compilations/modplanet/normal/cd1/amiga artists/nork/SPIRITUAL CITY.mod	539.35K	compilations/modplanet/normal/cd1/amiga artists/nork/SPIRITUAL CITY.mod
file music-module	mirrors/scenesp.org/compilations/modplanet/normal/cd1/amiga artists/nork/STEROIDS.mod	488.57K	compilations/modplanet/normal/cd1/amiga artists/nork/STEROIDS.mod
file music-module	mirrors/scenesp.org/compilations/modplanet/normal/cd1/amiga artists/nork/Starting2Bounce.mod	412.12K	compilations/modplanet/normal/cd1/amiga artists/nork/Starting2Bounce.mod
file music-module	mirrors/scenesp.org/compilations/modplanet/normal/cd1/amiga artists/nork/Stragersmain.mod	462.62K	compilations/modplanet/normal/cd1/amiga artists/nork/Stragersmain.mod
file music-module	mirrors/scenesp.org/compilations/modplanet/normal/cd1/amiga artists/nork/SUGARMELODY.mod	10.32K	compilations/modplanet/normal/cd1/amiga artists/nork/SUGARMELODY.mod
file music-module	mirrors/scenesp.org/compilations/modplanet/normal/cd1/amiga artists/nork/SUMMERSTORM.mod	197.77K	compilations/modplanet/normal/cd1/amiga artists/nork/SUMMERSTORM.mod
file music-module	mirrors/scenesp.org/compilations/modplanet/normal/cd1/amiga artists/nork/SWEETDAWN.mod	12.22K	compilations/modplanet/normal/cd1/amiga artists/nork/SWEETDAWN.mod
file music-module	mirrors/scenesp.org/compilations/modplanet/normal/cd1/amiga artists/nork/SYNTHESIS FINAL.mod	31.00K	compilations/modplanet/normal/cd1/amiga artists/nork/SYNTHESIS FINAL.mod
file music-module	mirrors/scenesp.org/compilations/modplanet/normal/cd1/amiga artists/nork/THE PURPLE DEATH PR.mod	592.29K	compilations/modplanet/normal/cd1/amiga artists/nork/THE PURPLE DEATH PR.mod
file music-module	mirrors/scenesp.org/compilations/modplanet/normal/cd1/amiga artists/nork/TOTAL LIFE.mod	217.08K	compilations/modplanet/normal/cd1/amiga artists/nork/TOTAL LIFE.mod
file music-module	mirrors/scenesp.org/compilations/modplanet/normal/cd1/amiga artists/nork/TRASHCAN+ 4,XPK.mod	61.36K	compilations/modplanet/normal/cd1/amiga artists/nork/TRASHCAN+ 4,XPK.mod
file music-module	mirrors/scenesp.org/compilations/modplanet/normal/cd1/amiga artists/nork/TRIMUX-SLIDE.mod	71.93K	compilations/modplanet/normal/cd1/amiga artists/nork/TRIMUX-SLIDE.mod
file music-module	mirrors/scenesp.org/compilations/modplanet/normal/cd1/amiga artists/nork/What's Liberty.mod	8.44K	compilations/modplanet/normal/cd1/amiga artists/nork/What's Liberty.mod
file music-module	mirrors/scenesp.org/compilations/modplanet/normal/cd1/amiga artists/nork/YAMPAZAMPA.mod	13.18K	compilations/modplanet/normal/cd1/amiga artists/nork/YAMPAZAMPA.mod
file music-module	mirrors/scenesp.org/compilations/modplanet/normal/cd1/amiga artists/nork/ZAROK.mod	22.78K	compilations/modplanet/normal/cd1/amiga artists/nork/ZAROK.mod
file music-module	mirrors/scenesp.org/compilations/modplanet/normal/cd1/amiga artists/nuku nuku/A BIT OF ANIME.mod	210.88K	compilations/modplanet/normal/cd1/amiga artists/nuku nuku/A BIT OF ANIME.mod
file music-module	mirrors/scenesp.org/compilations/modplanet/normal/cd1/amiga artists/nuku nuku/a_world_of_dreams_3.mod	276.91K	compilations/modplanet/normal/cd1/amiga artists/nuku nuku/a_world_of_dreams_3.mod
file music-module	mirrors/scenesp.org/compilations/modplanet/normal/cd1/amiga artists/nuku nuku/ESTAP.mod	359.41K	compilations/modplanet/normal/cd1/amiga artists/nuku nuku/ESTAP.mod
file music-module	mirrors/scenesp.org/compilations/modplanet/normal/cd1/amiga artists/nuku nuku/face frio.mod	288.56K	compilations/modplanet/normal/cd1/amiga artists/nuku nuku/face frio.mod
file music-module	mirrors/scenesp.org/compilations/modplanet/normal/cd1/amiga artists/nuku nuku/nauseabundo.mod	10.09K	compilations/modplanet/normal/cd1/amiga artists/nuku nuku/nauseabundo.mod
file music-module	mirrors/scenesp.org/compilations/modplanet/normal/cd1/amiga artists/phornee/BONIT.mod	52.56K	compilations/modplanet/normal/cd1/amiga artists/phornee/BONIT.mod
file music-module	mirrors/scenesp.org/compilations/modplanet/normal/cd1/amiga artists/phornee/CHOUN.mod	72.42K	compilations/modplanet/normal/cd1/amiga artists/phornee/CHOUN.mod
file music-module	mirrors/scenesp.org/compilations/modplanet/normal/cd1/amiga artists/phornee/DEATH.mod	52.05K	compilations/modplanet/normal/cd1/amiga artists/phornee/DEATH.mod
file music-module	mirrors/scenesp.org/compilations/modplanet/normal/cd1/amiga artists/phornee/DEMO.mod	52.71K	compilations/modplanet/normal/cd1/amiga artists/phornee/DEMO.mod
file music-module	mirrors/scenesp.org/compilations/modplanet/normal/cd1/amiga artists/phornee/EL_OC.mod	206.74K	compilations/modplanet/normal/cd1/amiga artists/phornee/EL_OC.mod
file music-module	mirrors/scenesp.org/compilations/modplanet/normal/cd1/amiga artists/phornee/ETHNI.mod	79.28K	compilations/modplanet/normal/cd1/amiga artists/phornee/ETHNI.mod
file music-module	mirrors/scenesp.org/compilations/modplanet/normal/cd1/amiga artists/phornee/el ocaso.mod	220.14K	compilations/modplanet/normal/cd1/amiga artists/phornee/el ocaso.mod
file music-module	mirrors/scenesp.org/compilations/modplanet/normal/cd1/amiga artists/phornee/THE_F.mod	178.91K	compilations/modplanet/normal/cd1/amiga artists/phornee/THE_F.mod
file music-module	mirrors/scenesp.org/compilations/modplanet/normal/cd1/amiga artists/phornee/WILLI.mod	47.79K	compilations/modplanet/normal/cd1/amiga artists/phornee/WILLI.mod
file music-module	mirrors/scenesp.org/compilations/modplanet/normal/cd1/amiga artists/psycotron/mama_yu_queroumpc.mod	415.36K	compilations/modplanet/normal/cd1/amiga artists/psycotron/mama_yu_queroumpc.mod
file music-module	mirrors/scenesp.org/compilations/modplanet/normal/cd1/amiga artists/psycotron/new time.mod	135.49K	compilations/modplanet/normal/cd1/amiga artists/psycotron/new time.mod
file music-module	mirrors/scenesp.org/compilations/modplanet/normal/cd1/amiga artists/psycotron/oskuro despertar.mod	286.21K	compilations/modplanet/normal/cd1/amiga artists/psycotron/oskuro despertar.mod
file music-module	mirrors/scenesp.org/compilations/modplanet/normal/cd1/amiga artists/puck/ALIIEN INVASION.mod	200.78K	compilations/modplanet/normal/cd1/amiga artists/puck/ALIIEN INVASION.mod
file music-module	mirrors/scenesp.org/compilations/modplanet/normal/cd1/amiga artists/puck/ALIIEN INVASION2.mod	187.78K	compilations/modplanet/normal/cd1/amiga artists/puck/ALIIEN INVASION2.mod
file music-module	mirrors/scenesp.org/compilations/modplanet/normal/cd1/amiga artists/puck/CHITAE.mod	181.61K	compilations/modplanet/normal/cd1/amiga artists/puck/CHITAE.mod
file music-module	mirrors/scenesp.org/compilations/modplanet/normal/cd1/amiga artists/puck/DELIVERY.mod	292.92K	compilations/modplanet/normal/cd1/amiga artists/puck/DELIVERY.mod
file music-module	mirrors/scenesp.org/compilations/modplanet/normal/cd1/amiga artists/puck/DREAMS POWER.mod	283.97K	compilations/modplanet/normal/cd1/amiga artists/puck/DREAMS POWER.mod
file music-module	mirrors/scenesp.org/compilations/modplanet/normal/cd1/amiga artists/puck/ELECTRIC WAWE.mod	193.36K	compilations/modplanet/normal/cd1/amiga artists/puck/ELECTRIC WAWE.mod
file music-module	mirrors/scenesp.org/compilations/modplanet/normal/cd1/amiga artists/puck/JAPAN.mod	147.95K	compilations/modplanet/normal/cd1/amiga artists/puck/JAPAN.mod
file music-module	mirrors/scenesp.org/compilations/modplanet/normal/cd1/amiga artists/puck/LAST SHOT.mod	104.10K	compilations/modplanet/normal/cd1/amiga artists/puck/LAST SHOT.mod
file music-module	mirrors/scenesp.org/compilations/modplanet/normal/cd1/amiga artists/puck/MADOKA AYUKAWA.mod	115.86K	compilations/modplanet/normal/cd1/amiga artists/puck/MADOKA AYUKAWA.mod
file music-module	mirrors/scenesp.org/compilations/modplanet/normal/cd1/amiga artists/puck/MADOKA_AYUKAWA.mod	106.87K	compilations/modplanet/normal/cd1/amiga artists/puck/MADOKA_AYUKAWA.mod
file music-module	mirrors/scenesp.org/compilations/modplanet/normal/cd1/amiga artists/puck/MIDNIGHT LOVE.mod	18.20K	compilations/modplanet/normal/cd1/amiga artists/puck/MIDNIGHT LOVE.mod
file music-module	mirrors/scenesp.org/compilations/modplanet/normal/cd1/amiga artists/puck/NICKY MEMORIES.mod	169.50K	compilations/modplanet/normal/cd1/amiga artists/puck/NICKY MEMORIES.mod
file music-module	mirrors/scenesp.org/compilations/modplanet/normal/cd1/amiga artists/puck/PARAPACK.mod	243.37K	compilations/modplanet/normal/cd1/amiga artists/puck/PARAPACK.mod
file music-module	mirrors/scenesp.org/compilations/modplanet/normal/cd1/amiga artists/puck/PERFECTHAMOS.mod	303.84K	compilations/modplanet/normal/cd1/amiga artists/puck/PERFECTHAMOS.mod
file music-module	mirrors/scenesp.org/compilations/modplanet/normal/cd1/amiga artists/puck/ROCKY.mod	336.25K	compilations/modplanet/normal/cd1/amiga artists/puck/ROCKY.mod
file music-module	mirrors/scenesp.org/compilations/modplanet/normal/cd1/amiga artists/puck/SILK DREAMS.mod	168.67K	compilations/modplanet/normal/cd1/amiga artists/puck/SILK DREAMS.mod
file music-module	mirrors/scenesp.org/compilations/modplanet/normal/cd1/amiga artists/puck/THE SPIRIT OF LAND.mod	114.43K	compilations/modplanet/normal/cd1/amiga artists/puck/THE SPIRIT OF LAND.mod
file music-module	mirrors/scenesp.org/compilations/modplanet/normal/cd1/amiga artists/puck/TRANCE-TOTAL.mod	50.01K	compilations/modplanet/normal/cd1/amiga artists/puck/TRANCE-TOTAL.mod
file music-module	mirrors/scenesp.org/compilations/modplanet/normal/cd1/amiga artists/ragnarok/ENGENDRO.mod	14.09K	compilations/modplanet/normal/cd1/amiga artists/ragnarok/ENGENDRO.mod
file music-module	mirrors/scenesp.org/compilations/modplanet/normal/cd1/amiga artists/ragnarok/GONNA FIND HER.mod	269.36K	compilations/modplanet/normal/cd1/amiga artists/ragnarok/GONNA FIND HER.mod
file music-module	mirrors/scenesp.org/compilations/modplanet/normal/cd1/amiga artists/rush/AEGYPTUS.mod	12.86K	compilations/modplanet/normal/cd1/amiga artists/rush/AEGYPTUS.mod
file music-module	mirrors/scenesp.org/compilations/modplanet/normal/cd1/amiga artists/rush/ARKANOID II.mod	22.54K	compilations/modplanet/normal/cd1/amiga artists/rush/ARKANOID II.mod
file music-module	mirrors/scenesp.org/compilations/modplanet/normal/cd1/amiga artists/rush/BERNARD-HILL SHOW.mod	50.45K	compilations/modplanet/normal/cd1/amiga artists/rush/BERNARD-HILL SHOW.mod
file music-module	mirrors/scenesp.org/compilations/modplanet/normal/cd1/amiga artists/rush/CHERRY COKE RULES.mod	79.67K	compilations/modplanet/normal/cd1/amiga artists/rush/CHERRY COKE RULES.mod
file music-module	mirrors/scenesp.org/compilations/modplanet/normal/cd1/amiga artists/rush/CHINESE-CHIP.mod	3.19K	compilations/modplanet/normal/cd1/amiga artists/rush/CHINESE-CHIP.mod
file music-module	mirrors/scenesp.org/compilations/modplanet/normal/cd1/amiga artists/rush/DOMINION TANK POLICE.mod	63.62K	compilations/modplanet/normal/cd1/amiga artists/rush/DOMINION TANK POLICE.mod
file music-module	mirrors/scenesp.org/compilations/modplanet/normal/cd1/amiga artists/rush/ECHO.mod	97.74K	compilations/modplanet/normal/cd1/amiga artists/rush/ECHO.mod
file music-module	mirrors/scenesp.org/compilations/modplanet/normal/cd1/amiga artists/rush/ENDTUNE.mod	60.86K	compilations/modplanet/normal/cd1/amiga artists/rush/ENDTUNE.mod
file music-module	mirrors/scenesp.org/compilations/modplanet/normal/cd1/amiga artists/rush/FRIGHTNIGHT.mod	255.84K	compilations/modplanet/normal/cd1/amiga artists/rush/FRIGHTNIGHT.mod
file music-module	mirrors/scenesp.org/compilations/modplanet/normal/cd1/amiga artists/rush/GAMIA 1.mod	188.32K	compilations/modplanet/normal/cd1/amiga artists/rush/GAMIA 1.mod
file music-module	mirrors/scenesp.org/compilations/modplanet/normal/cd1/amiga artists/rush/GAMIA II.mod	49.53K	compilations/modplanet/normal/cd1/amiga artists/rush/GAMIA II.mod
file music-module	mirrors/scenesp.org/compilations/modplanet/normal/cd1/amiga artists/rush/LIGHTNESS.mod	17.33K	compilations/modplanet/normal/cd1/amiga artists/rush/LIGHTNESS.mod
file music-module	mirrors/scenesp.org/compilations/modplanet/normal/cd1/amiga artists/rush/LITTLE SONG.mod	84.44K	compilations/modplanet/normal/cd1/amiga artists/rush/LITTLE SONG.mod
file music-module	mirrors/scenesp.org/compilations/modplanet/normal/cd1/amiga artists/rush/LLOICES O'LORILEY.mod	9.41K	compilations/modplanet/normal/cd1/amiga artists/rush/LLOICES O'LORILEY.mod
file music-module	mirrors/scenesp.org/compilations/modplanet/normal/cd1/amiga artists/rush/LOONEY-TUNES.mod	35.36K	compilations/modplanet/normal/cd1/amiga artists/rush/LOONEY-TUNES.mod
file music-module	mirrors/scenesp.org/compilations/modplanet/normal/cd1/amiga artists/rush/NOISE.mod	9.64K	compilations/modplanet/normal/cd1/amiga artists/rush/NOISE.mod
file music-module	mirrors/scenesp.org/compilations/modplanet/normal/cd1/amiga artists/rush/ORIENTAL.mod	9.04K	compilations/modplanet/normal/cd1/amiga artists/rush/ORIENTAL.mod
file music-module	mirrors/scenesp.org/compilations/modplanet/normal/cd1/amiga artists/rush/PARTY.mod	18.85K	compilations/modplanet/normal/cd1/amiga artists/rush/PARTY.mod
file music-module	mirrors/scenesp.org/compilations/modplanet/normal/cd1/amiga artists/rush/POLAND RULEZ.mod	232.67K	compilations/modplanet/normal/cd1/amiga artists/rush/POLAND RULEZ.mod
file music-module	mirrors/scenesp.org/compilations/modplanet/normal/cd1/amiga artists/rush/REACH TECH II.mod	108.59K	compilations/modplanet/normal/cd1/amiga artists/rush/REACH TECH II.mod
file music-module	mirrors/scenesp.org/compilations/modplanet/normal/cd1/amiga artists/rush/RECHAUFFER.mod	68.36K	compilations/modplanet/normal/cd1/amiga artists/rush/RECHAUFFER.mod
file music-module	mirrors/scenesp.org/compilations/modplanet/normal/cd1/amiga artists/rush/RENEGADE.mod	5.38K	compilations/modplanet/normal/cd1/amiga artists/rush/RENEGADE.mod
file music-module	mirrors/scenesp.org/compilations/modplanet/normal/cd1/amiga artists/rush/RITHM.mod	129.52K	compilations/modplanet/normal/cd1/amiga artists/rush/RITHM.mod
file music-module	mirrors/scenesp.org/compilations/modplanet/normal/cd1/amiga artists/rush/ROTATE PICTURE.mod	191.00K	compilations/modplanet/normal/cd1/amiga artists/rush/ROTATE PICTURE.mod
file music-module	mirrors/scenesp.org/compilations/modplanet/normal/cd1/amiga artists/rush/SPICA.mod	45.78K	compilations/modplanet/normal/cd1/amiga artists/rush/SPICA.mod
file music-module	mirrors/scenesp.org/compilations/modplanet/normal/cd1/amiga artists/rush/TALES OF SHERWOOD.mod	13.13K	compilations/modplanet/normal/cd1/amiga artists/rush/TALES OF SHERWOOD.mod
file music-module	mirrors/scenesp.org/compilations/modplanet/normal/cd1/amiga artists/rush/TIC-TAC.mod	68.94K	compilations/modplanet/normal/cd1/amiga artists/rush/TIC-TAC.mod
file music-module	mirrors/scenesp.org/compilations/modplanet/normal/cd1/amiga artists/rush/TRASHCAN2-INTRO.mod	12.74K	compilations/modplanet/normal/cd1/amiga artists/rush/TRASHCAN2-INTRO.mod
file music-module	mirrors/scenesp.org/compilations/modplanet/normal/cd1/amiga artists/rush/UNIVERSE.mod	103.76K	compilations/modplanet/normal/cd1/amiga artists/rush/UNIVERSE.mod
file music-module	mirrors/scenesp.org/compilations/modplanet/normal/cd1/amiga artists/rush/VIOME.mod	41.43K	compilations/modplanet/normal/cd1/amiga artists/rush/VIOME.mod
file music-module	mirrors/scenesp.org/compilations/modplanet/normal/cd1/amiga artists/rush/VISUAL.mod	14.66K	compilations/modplanet/normal/cd1/amiga artists/rush/VISUAL.mod
file music-module	mirrors/scenesp.org/compilations/modplanet/normal/cd1/amiga artists/rush/XMAS.mod	30.80K	compilations/modplanet/normal/cd1/amiga artists/rush/XMAS.mod
file music-module	mirrors/scenesp.org/compilations/modplanet/normal/cd1/amiga artists/rush/ZENKAI POWER REMIX.mod	551.55K	compilations/modplanet/normal/cd1/amiga artists/rush/ZENKAI POWER REMIX.mod
file music-module	mirrors/scenesp.org/compilations/modplanet/normal/cd1/amiga artists/santo/A BASS IN THE MOON.mod	63.92K	compilations/modplanet/normal/cd1/amiga artists/santo/A BASS IN THE MOON.mod
file music-module	mirrors/scenesp.org/compilations/modplanet/normal/cd1/amiga artists/santo/ABREVIO.mod	38.58K	compilations/modplanet/normal/cd1/amiga artists/santo/ABREVIO.mod
file music-module	mirrors/scenesp.org/compilations/modplanet/normal/cd1/amiga artists/santo/ACE OF THE SKY.mod	106.83K	compilations/modplanet/normal/cd1/amiga artists/santo/ACE OF THE SKY.mod
file music-module	mirrors/scenesp.org/compilations/modplanet/normal/cd1/amiga artists/santo/AMIGA RULES.mod	282.25K	compilations/modplanet/normal/cd1/amiga artists/santo/AMIGA RULES.mod
file music-module	mirrors/scenesp.org/compilations/modplanet/normal/cd1/amiga artists/santo/BASSLOW.mod	116.53K	compilations/modplanet/normal/cd1/amiga artists/santo/BASSLOW.mod
file music-module	mirrors/scenesp.org/compilations/modplanet/normal/cd1/amiga artists/santo/CATAPLASMA.mod	21.16K	compilations/modplanet/normal/cd1/amiga artists/santo/CATAPLASMA.mod
file music-module	mirrors/scenesp.org/compilations/modplanet/normal/cd1/amiga artists/santo/CATRACK.mod	27.10K	compilations/modplanet/normal/cd1/amiga artists/santo/CATRACK.mod
file music-module	mirrors/scenesp.org/compilations/modplanet/normal/cd1/amiga artists/santo/Cadawi.mod	326.06K	compilations/modplanet/normal/cd1/amiga artists/santo/Cadawi.mod
file music-module	mirrors/scenesp.org/compilations/modplanet/normal/cd1/amiga artists/santo/CHIPNOSIS.mod	14.40K	compilations/modplanet/normal/cd1/amiga artists/santo/CHIPNOSIS.mod
file music-module	mirrors/scenesp.org/compilations/modplanet/normal/cd1/amiga artists/santo/DESTROYER LOVE 2.mod	274.78K	compilations/modplanet/normal/cd1/amiga artists/santo/DESTROYER LOVE 2.mod
file music-module	mirrors/scenesp.org/compilations/modplanet/normal/cd1/amiga artists/santo/DISTORSION.mod	144.69K	compilations/modplanet/normal/cd1/amiga artists/santo/DISTORSION.mod
file music-module	mirrors/scenesp.org/compilations/modplanet/normal/cd1/amiga artists/santo/EVILSOUL.mod	252.83K	compilations/modplanet/normal/cd1/amiga artists/santo/EVILSOUL.mod
file music-module	mirrors/scenesp.org/compilations/modplanet/normal/cd1/amiga artists/santo/FISTR.mod	326.83K	compilations/modplanet/normal/cd1/amiga artists/santo/FISTR.mod
file music-module	mirrors/scenesp.org/compilations/modplanet/normal/cd1/amiga artists/santo/HOUSTONREMIX.mod	373.50K	compilations/modplanet/normal/cd1/amiga artists/santo/HOUSTONREMIX.mod
file music-module	mirrors/scenesp.org/compilations/modplanet/normal/cd1/amiga artists/santo/INEEDYOULOVE.mod	308.58K	compilations/modplanet/normal/cd1/amiga artists/santo/INEEDYOULOVE.mod
file music-module	mirrors/scenesp.org/compilations/modplanet/normal/cd1/amiga artists/santo/LIGHTING.mod	4.24K	compilations/modplanet/normal/cd1/amiga artists/santo/LIGHTING.mod
file music-module	mirrors/scenesp.org/compilations/modplanet/normal/cd1/amiga artists/santo/MUSTANG.mod	58.78K	compilations/modplanet/normal/cd1/amiga artists/santo/MUSTANG.mod
file music-module	mirrors/scenesp.org/compilations/modplanet/normal/cd1/amiga artists/santo/OZONE.mod	62.92K	compilations/modplanet/normal/cd1/amiga artists/santo/OZONE.mod
file music-module	mirrors/scenesp.org/compilations/modplanet/normal/cd1/amiga artists/santo/OZONETRAX.mod	127.92K	compilations/modplanet/normal/cd1/amiga artists/santo/OZONETRAX.mod
file music-module	mirrors/scenesp.org/compilations/modplanet/normal/cd1/amiga artists/santo/PC CACA.mod	153.15K	compilations/modplanet/normal/cd1/amiga artists/santo/PC CACA.mod
file music-module	mirrors/scenesp.org/compilations/modplanet/normal/cd1/amiga artists/santo/PRETINAMA.mod	284.36K	compilations/modplanet/normal/cd1/amiga artists/santo/PRETINAMA.mod
file music-module	mirrors/scenesp.org/compilations/modplanet/normal/cd1/amiga artists/santo/RAKATA.mod	117.24K	compilations/modplanet/normal/cd1/amiga artists/santo/RAKATA.mod
file music-module	mirrors/scenesp.org/compilations/modplanet/normal/cd1/amiga artists/santo/SALADIN.mod	198.68K	compilations/modplanet/normal/cd1/amiga artists/santo/SALADIN.mod
file music-module	mirrors/scenesp.org/compilations/modplanet/normal/cd1/amiga artists/santo/SMASHHH.mod	27.10K	compilations/modplanet/normal/cd1/amiga artists/santo/SMASHHH.mod
file music-module	mirrors/scenesp.org/compilations/modplanet/normal/cd1/amiga artists/santo/WHITENIGHT.mod	272.49K	compilations/modplanet/normal/cd1/amiga artists/santo/WHITENIGHT.mod
file music-module	mirrors/scenesp.org/compilations/modplanet/normal/cd1/amiga artists/sapphire/A_LITTLE_PIANO_MELODY.MOD	38.18K	compilations/modplanet/normal/cd1/amiga artists/sapphire/A_LITTLE_PIANO_MELODY.MOD
file music-module	mirrors/scenesp.org/compilations/modplanet/normal/cd1/amiga artists/sapphire/POWERBOLT.MOD	22.45K	compilations/modplanet/normal/cd1/amiga artists/sapphire/POWERBOLT.MOD
file music-module	mirrors/scenesp.org/compilations/modplanet/normal/cd1/amiga artists/sapphire/xilophomania.mod	17.05K	compilations/modplanet/normal/cd1/amiga artists/sapphire/xilophomania.mod
file music-module	mirrors/scenesp.org/compilations/modplanet/normal/cd1/amiga artists/shuby/MODULO EXPO FINAL.mod	61.86K	compilations/modplanet/normal/cd1/amiga artists/shuby/MODULO EXPO FINAL.mod
file music-module	mirrors/scenesp.org/compilations/modplanet/normal/cd1/amiga artists/shuby/VOYAGER.mod	185.12K	compilations/modplanet/normal/cd1/amiga artists/shuby/VOYAGER.mod
file music-module	mirrors/scenesp.org/compilations/modplanet/normal/cd1/amiga artists/silize/DARK INVESTMENT.mod	74.68K	compilations/modplanet/normal/cd1/amiga artists/silize/DARK INVESTMENT.mod
file music-module	mirrors/scenesp.org/compilations/modplanet/normal/cd1/amiga artists/silize/KONGFUXION.mod	136.96K	compilations/modplanet/normal/cd1/amiga artists/silize/KONGFUXION.mod
file music-module	mirrors/scenesp.org/compilations/modplanet/normal/cd1/amiga artists/soth/COCO.mod	30.47K	compilations/modplanet/normal/cd1/amiga artists/soth/COCO.mod
file music-module	mirrors/scenesp.org/compilations/modplanet/normal/cd1/amiga artists/soth/FANZINE1-INTRO.mod	96.85K	compilations/modplanet/normal/cd1/amiga artists/soth/FANZINE1-INTRO.mod
file music-module	mirrors/scenesp.org/compilations/modplanet/normal/cd1/amiga artists/starcky/Melody cardiaxx.mod	131.83K	compilations/modplanet/normal/cd1/amiga artists/starcky/Melody cardiaxx.mod
file music-module	mirrors/scenesp.org/compilations/modplanet/normal/cd1/amiga artists/starcky/Shadow warriors.mod	192.75K	compilations/modplanet/normal/cd1/amiga artists/starcky/Shadow warriors.mod
file music-module	mirrors/scenesp.org/compilations/modplanet/normal/cd1/amiga artists/syndrome/-CHIPPIE.mod	27.88K	compilations/modplanet/normal/cd1/amiga artists/syndrome/-CHIPPIE.mod
file music-module	mirrors/scenesp.org/compilations/modplanet/normal/cd1/amiga artists/syndrome/064-posa.mod	34.62K	compilations/modplanet/normal/cd1/amiga artists/syndrome/064-posa.mod
file music-module	mirrors/scenesp.org/compilations/modplanet/normal/cd1/amiga artists/syndrome/066-FANT.mod	133.79K	compilations/modplanet/normal/cd1/amiga artists/syndrome/066-FANT.mod
file music-module	mirrors/scenesp.org/compilations/modplanet/normal/cd1/amiga artists/syndrome/067-NATA.mod	160.61K	compilations/modplanet/normal/cd1/amiga artists/syndrome/067-NATA.mod
file music-module	mirrors/scenesp.org/compilations/modplanet/normal/cd1/amiga artists/syndrome/068-GONS.MOD	257.60K	compilations/modplanet/normal/cd1/amiga artists/syndrome/068-GONS.MOD
file music-module	mirrors/scenesp.org/compilations/modplanet/normal/cd1/amiga artists/syndrome/070-CERE.MOD	222.95K	compilations/modplanet/normal/cd1/amiga artists/syndrome/070-CERE.MOD
file music-module	mirrors/scenesp.org/compilations/modplanet/normal/cd1/amiga artists/syndrome/071-YELL.MOD	290.71K	compilations/modplanet/normal/cd1/amiga artists/syndrome/071-YELL.MOD
file music-module	mirrors/scenesp.org/compilations/modplanet/normal/cd1/amiga artists/syndrome/Akedom.mod	29.80K	compilations/modplanet/normal/cd1/amiga artists/syndrome/Akedom.mod
file music-module	mirrors/scenesp.org/compilations/modplanet/normal/cd1/amiga artists/syndrome/Aonia remix.mod	141.68K	compilations/modplanet/normal/cd1/amiga artists/syndrome/Aonia remix.mod
file music-module	mirrors/scenesp.org/compilations/modplanet/normal/cd1/amiga artists/syndrome/Aonia.mod	140.68K	compilations/modplanet/normal/cd1/amiga artists/syndrome/Aonia.mod
file music-module	mirrors/scenesp.org/compilations/modplanet/normal/cd1/amiga artists/syndrome/ATODO.mod	112.28K	compilations/modplanet/normal/cd1/amiga artists/syndrome/ATODO.mod
file music-module	mirrors/scenesp.org/compilations/modplanet/normal/cd1/amiga artists/syndrome/BANAN.mod	240.49K	compilations/modplanet/normal/cd1/amiga artists/syndrome/BANAN.mod
file music-module	mirrors/scenesp.org/compilations/modplanet/normal/cd1/amiga artists/syndrome/BENNY.mod	174.98K	compilations/modplanet/normal/cd1/amiga artists/syndrome/BENNY.mod
file music-module	mirrors/scenesp.org/compilations/modplanet/normal/cd1/amiga artists/syndrome/BUENA.mod	200.36K	compilations/modplanet/normal/cd1/amiga artists/syndrome/BUENA.mod
file music-module	mirrors/scenesp.org/compilations/modplanet/normal/cd1/amiga artists/syndrome/BURBU.mod	21.73K	compilations/modplanet/normal/cd1/amiga artists/syndrome/BURBU.mod
file music-module	mirrors/scenesp.org/compilations/modplanet/normal/cd1/amiga artists/syndrome/DELIR.mod	135.31K	compilations/modplanet/normal/cd1/amiga artists/syndrome/DELIR.mod
file music-module	mirrors/scenesp.org/compilations/modplanet/normal/cd1/amiga artists/syndrome/DondeVas.mod	84.00K	compilations/modplanet/normal/cd1/amiga artists/syndrome/DondeVas.mod
file music-module	mirrors/scenesp.org/compilations/modplanet/normal/cd1/amiga artists/syndrome/DULCE.mod	295.20K	compilations/modplanet/normal/cd1/amiga artists/syndrome/DULCE.mod
file music-module	mirrors/scenesp.org/compilations/modplanet/normal/cd1/amiga artists/syndrome/EL GRILLO.mod	420.73K	compilations/modplanet/normal/cd1/amiga artists/syndrome/EL GRILLO.mod
file music-module	mirrors/scenesp.org/compilations/modplanet/normal/cd1/amiga artists/syndrome/ESTADOCR.mod	224.22K	compilations/modplanet/normal/cd1/amiga artists/syndrome/ESTADOCR.mod
file music-module	mirrors/scenesp.org/compilations/modplanet/normal/cd1/amiga artists/syndrome/GOB.mod	82.20K	compilations/modplanet/normal/cd1/amiga artists/syndrome/GOB.mod
file music-module	mirrors/scenesp.org/compilations/modplanet/normal/cd1/amiga artists/syndrome/I.L.K.94.mod	126.42K	compilations/modplanet/normal/cd1/amiga artists/syndrome/I.L.K.94.mod
file music-module	mirrors/scenesp.org/compilations/modplanet/normal/cd1/amiga artists/syndrome/ILK.mod	100.66K	compilations/modplanet/normal/cd1/amiga artists/syndrome/ILK.mod
file music-module	mirrors/scenesp.org/compilations/modplanet/normal/cd1/amiga artists/syndrome/INK.mod	142.23K	compilations/modplanet/normal/cd1/amiga artists/syndrome/INK.mod
file music-module	mirrors/scenesp.org/compilations/modplanet/normal/cd1/amiga artists/syndrome/INSEC.mod	65.93K	compilations/modplanet/normal/cd1/amiga artists/syndrome/INSEC.mod
file music-module	mirrors/scenesp.org/compilations/modplanet/normal/cd1/amiga artists/syndrome/IT IS TRANCE.mod	294.28K	compilations/modplanet/normal/cd1/amiga artists/syndrome/IT IS TRANCE.mod
file music-module	mirrors/scenesp.org/compilations/modplanet/normal/cd1/amiga artists/syndrome/LIVINGIN.mod	235.40K	compilations/modplanet/normal/cd1/amiga artists/syndrome/LIVINGIN.mod
file music-module	mirrors/scenesp.org/compilations/modplanet/normal/cd1/amiga artists/syndrome/Lineal-instrumental.mod	58.99K	compilations/modplanet/normal/cd1/amiga artists/syndrome/Lineal-instrumental.mod
file music-module	mirrors/scenesp.org/compilations/modplanet/normal/cd1/amiga artists/syndrome/LMM94.mod	37.92K	compilations/modplanet/normal/cd1/amiga artists/syndrome/LMM94.mod
file music-module	mirrors/scenesp.org/compilations/modplanet/normal/cd1/amiga artists/syndrome/Movimientos.mod	155.65K	compilations/modplanet/normal/cd1/amiga artists/syndrome/Movimientos.mod
file music-module	mirrors/scenesp.org/compilations/modplanet/normal/cd1/amiga artists/syndrome/MUEVE.mod	152.36K	compilations/modplanet/normal/cd1/amiga artists/syndrome/MUEVE.mod
file music-module	mirrors/scenesp.org/compilations/modplanet/normal/cd1/amiga artists/syndrome/MUEVETE3M-VERSION.mod	126.08K	compilations/modplanet/normal/cd1/amiga artists/syndrome/MUEVETE3M-VERSION.mod
file music-module	mirrors/scenesp.org/compilations/modplanet/normal/cd1/amiga artists/syndrome/NoLimit.mod	110.12K	compilations/modplanet/normal/cd1/amiga artists/syndrome/NoLimit.mod
file music-module	mirrors/scenesp.org/compilations/modplanet/normal/cd1/amiga artists/syndrome/NoSePara.mod	81.54K	compilations/modplanet/normal/cd1/amiga artists/syndrome/NoSePara.mod
file music-module	mirrors/scenesp.org/compilations/modplanet/normal/cd1/amiga artists/syndrome/Noxtrack.mod	117.10K	compilations/modplanet/normal/cd1/amiga artists/syndrome/Noxtrack.mod
file music-module	mirrors/scenesp.org/compilations/modplanet/normal/cd1/amiga artists/syndrome/Obsesion instr.mod	61.06K	compilations/modplanet/normal/cd1/amiga artists/syndrome/Obsesion instr.mod
file music-module	mirrors/scenesp.org/compilations/modplanet/normal/cd1/amiga artists/syndrome/Obsesion.mod	164.97K	compilations/modplanet/normal/cd1/amiga artists/syndrome/Obsesion.mod
file music-module	mirrors/scenesp.org/compilations/modplanet/normal/cd1/amiga artists/syndrome/Orgasmico.mod	161.58K	compilations/modplanet/normal/cd1/amiga artists/syndrome/Orgasmico.mod
file music-module	mirrors/scenesp.org/compilations/modplanet/normal/cd1/amiga artists/syndrome/PANIC.mod	66.66K	compilations/modplanet/normal/cd1/amiga artists/syndrome/PANIC.mod
file music-module	mirrors/scenesp.org/compilations/modplanet/normal/cd1/amiga artists/syndrome/PENSA.mod	128.21K	compilations/modplanet/normal/cd1/amiga artists/syndrome/PENSA.mod
file music-module	mirrors/scenesp.org/compilations/modplanet/normal/cd1/amiga artists/syndrome/PisandoPista.mod	90.88K	compilations/modplanet/normal/cd1/amiga artists/syndrome/PisandoPista.mod
file music-module	mirrors/scenesp.org/compilations/modplanet/normal/cd1/amiga artists/syndrome/POSADAS-FASTCOMPO.mod	19.09K	compilations/modplanet/normal/cd1/amiga artists/syndrome/POSADAS-FASTCOMPO.mod
file music-module	mirrors/scenesp.org/compilations/modplanet/normal/cd1/amiga artists/syndrome/POSADASF.MOD	17.09K	compilations/modplanet/normal/cd1/amiga artists/syndrome/POSADASF.MOD
file music-module	mirrors/scenesp.org/compilations/modplanet/normal/cd1/amiga artists/syndrome/Poing.mod	121.79K	compilations/modplanet/normal/cd1/amiga artists/syndrome/Poing.mod
file music-module	mirrors/scenesp.org/compilations/modplanet/normal/cd1/amiga artists/syndrome/PRESS.mod	187.76K	compilations/modplanet/normal/cd1/amiga artists/syndrome/PRESS.mod
file music-module	mirrors/scenesp.org/compilations/modplanet/normal/cd1/amiga artists/syndrome/Provocaciones.mod	239.38K	compilations/modplanet/normal/cd1/amiga artists/syndrome/Provocaciones.mod
file music-module	mirrors/scenesp.org/compilations/modplanet/normal/cd1/amiga artists/syndrome/Rapido.mod	258.38K	compilations/modplanet/normal/cd1/amiga artists/syndrome/Rapido.mod
file music-module	mirrors/scenesp.org/compilations/modplanet/normal/cd1/amiga artists/syndrome/RelaxRain.mod	61.79K	compilations/modplanet/normal/cd1/amiga artists/syndrome/RelaxRain.mod
file music-module	mirrors/scenesp.org/compilations/modplanet/normal/cd1/amiga artists/syndrome/RICKY.mod	142.44K	compilations/modplanet/normal/cd1/amiga artists/syndrome/RICKY.mod
file music-module	mirrors/scenesp.org/compilations/modplanet/normal/cd1/amiga artists/syndrome/ROTTERDAM JSE REMIX.mod	135.04K	compilations/modplanet/normal/cd1/amiga artists/syndrome/ROTTERDAM JSE REMIX.mod
file music-module	mirrors/scenesp.org/compilations/modplanet/normal/cd1/amiga artists/syndrome/SALAMANCA SKA.mod	139.99K	compilations/modplanet/normal/cd1/amiga artists/syndrome/SALAMANCA SKA.mod
file music-module	mirrors/scenesp.org/compilations/modplanet/normal/cd1/amiga artists/syndrome/Sadomaso.mod	88.82K	compilations/modplanet/normal/cd1/amiga artists/syndrome/Sadomaso.mod
file music-module	mirrors/scenesp.org/compilations/modplanet/normal/cd1/amiga artists/syndrome/SKORP.mod	118.88K	compilations/modplanet/normal/cd1/amiga artists/syndrome/SKORP.mod
file music-module	mirrors/scenesp.org/compilations/modplanet/normal/cd1/amiga artists/syndrome/Skerwoxyers.mod	177.95K	compilations/modplanet/normal/cd1/amiga artists/syndrome/Skerwoxyers.mod
file music-module	mirrors/scenesp.org/compilations/modplanet/normal/cd1/amiga artists/syndrome/SonidoAgresivo.mod	67.05K	compilations/modplanet/normal/cd1/amiga artists/syndrome/SonidoAgresivo.mod
file music-module	mirrors/scenesp.org/compilations/modplanet/normal/cd1/amiga artists/syndrome/SPIRI.mod	63.25K	compilations/modplanet/normal/cd1/amiga artists/syndrome/SPIRI.mod
file music-module	mirrors/scenesp.org/compilations/modplanet/normal/cd1/amiga artists/syndrome/SxAmbiental.mod	169.27K	compilations/modplanet/normal/cd1/amiga artists/syndrome/SxAmbiental.mod
file music-module	mirrors/scenesp.org/compilations/modplanet/normal/cd1/amiga artists/syndrome/THEEN.mod	20.98K	compilations/modplanet/normal/cd1/amiga artists/syndrome/THEEN.mod
file music-module	mirrors/scenesp.org/compilations/modplanet/normal/cd1/amiga artists/syndrome/THEME.mod	66.55K	compilations/modplanet/normal/cd1/amiga artists/syndrome/THEME.mod
file music-module	mirrors/scenesp.org/compilations/modplanet/normal/cd1/amiga artists/syndrome/TheRealMegamix.mod	342.75K	compilations/modplanet/normal/cd1/amiga artists/syndrome/TheRealMegamix.mod
file music-module	mirrors/scenesp.org/compilations/modplanet/normal/cd1/amiga artists/syndrome/TOMA.mod	136.02K	compilations/modplanet/normal/cd1/amiga artists/syndrome/TOMA.mod
file music-module	mirrors/scenesp.org/compilations/modplanet/normal/cd1/amiga artists/syndrome/TRIDE.mod	89.31K	compilations/modplanet/normal/cd1/amiga artists/syndrome/TRIDE.mod
file music-module	mirrors/scenesp.org/compilations/modplanet/normal/cd1/amiga artists/syndrome/VAMOS.mod	131.64K	compilations/modplanet/normal/cd1/amiga artists/syndrome/VAMOS.mod
file music-module	mirrors/scenesp.org/compilations/modplanet/normal/cd1/amiga artists/syndrome/VIENN.mod	176.33K	compilations/modplanet/normal/cd1/amiga artists/syndrome/VIENN.mod
file music-module	mirrors/scenesp.org/compilations/modplanet/normal/cd1/amiga artists/syndrome/Viework.mod	49.29K	compilations/modplanet/normal/cd1/amiga artists/syndrome/Viework.mod
file music-module	mirrors/scenesp.org/compilations/modplanet/normal/cd1/amiga artists/syndrome/XBOY.mod	52.97K	compilations/modplanet/normal/cd1/amiga artists/syndrome/XBOY.mod
file music-module	mirrors/scenesp.org/compilations/modplanet/normal/cd1/amiga artists/syndrome/Yoke.mod	101.36K	compilations/modplanet/normal/cd1/amiga artists/syndrome/Yoke.mod
file music-module	mirrors/scenesp.org/compilations/modplanet/normal/cd1/amiga artists/syndrome/Zerka.mod	47.11K	compilations/modplanet/normal/cd1/amiga artists/syndrome/Zerka.mod
file music-module	mirrors/scenesp.org/compilations/modplanet/normal/cd1/amiga artists/takoni/F2.mod	243.29K	compilations/modplanet/normal/cd1/amiga artists/takoni/F2.mod
file music-module	mirrors/scenesp.org/compilations/modplanet/normal/cd1/amiga artists/takoni/F3.mod	315.52K	compilations/modplanet/normal/cd1/amiga artists/takoni/F3.mod
file music-module	mirrors/scenesp.org/compilations/modplanet/normal/cd1/amiga artists/takoni/NESTO.mod	252.38K	compilations/modplanet/normal/cd1/amiga artists/takoni/NESTO.mod
file music-module	mirrors/scenesp.org/compilations/modplanet/normal/cd1/amiga artists/takoni/TAKON.mod	108.05K	compilations/modplanet/normal/cd1/amiga artists/takoni/TAKON.mod
file music-module	mirrors/scenesp.org/compilations/modplanet/normal/cd1/amiga artists/the fly/Clio.mod	72.00K	compilations/modplanet/normal/cd1/amiga artists/the fly/Clio.mod
file music-module	mirrors/scenesp.org/compilations/modplanet/normal/cd1/amiga artists/the fly/Conspiracy.mod	159.04K	compilations/modplanet/normal/cd1/amiga artists/the fly/Conspiracy.mod
file music-module	mirrors/scenesp.org/compilations/modplanet/normal/cd1/amiga artists/the fly/Fender .mod	179.01K	compilations/modplanet/normal/cd1/amiga artists/the fly/Fender .mod
file music-module	mirrors/scenesp.org/compilations/modplanet/normal/cd1/amiga artists/the fly/Natasha.mod	215.50K	compilations/modplanet/normal/cd1/amiga artists/the fly/Natasha.mod
file music-module	mirrors/scenesp.org/compilations/modplanet/normal/cd1/amiga artists/the fly/Supreme.mod	157.04K	compilations/modplanet/normal/cd1/amiga artists/the fly/Supreme.mod
file music-module	mirrors/scenesp.org/compilations/modplanet/normal/cd1/amiga artists/toni stuvo aki/CHIPKUTRE.mod	13.56K	compilations/modplanet/normal/cd1/amiga artists/toni stuvo aki/CHIPKUTRE.mod
file music-module	mirrors/scenesp.org/compilations/modplanet/normal/cd1/amiga artists/toni stuvo aki/CHIPKUTRE_II.mod	9.42K	compilations/modplanet/normal/cd1/amiga artists/toni stuvo aki/CHIPKUTRE_II.mod
file music-module	mirrors/scenesp.org/compilations/modplanet/normal/cd1/amiga artists/toni stuvo aki/DHZUN THEME.mod	569.68K	compilations/modplanet/normal/cd1/amiga artists/toni stuvo aki/DHZUN THEME.mod
file music-module	mirrors/scenesp.org/compilations/modplanet/normal/cd1/amiga artists/toni stuvo aki/DZEIH INHA ATDZA.mod	183.75K	compilations/modplanet/normal/cd1/amiga artists/toni stuvo aki/DZEIH INHA ATDZA.mod
file music-module	mirrors/scenesp.org/compilations/modplanet/normal/cd1/amiga artists/toni stuvo aki/EL_SECRETO.mod	6.15K	compilations/modplanet/normal/cd1/amiga artists/toni stuvo aki/EL_SECRETO.mod
file music-module	mirrors/scenesp.org/compilations/modplanet/normal/cd1/amiga artists/toni stuvo aki/ER_POYO_JEBI.mod	155.53K	compilations/modplanet/normal/cd1/amiga artists/toni stuvo aki/ER_POYO_JEBI.mod
file music-module	mirrors/scenesp.org/compilations/modplanet/normal/cd1/amiga artists/toni stuvo aki/FREDIUSPARTY.mod	196.39K	compilations/modplanet/normal/cd1/amiga artists/toni stuvo aki/FREDIUSPARTY.mod
file music-module	mirrors/scenesp.org/compilations/modplanet/normal/cd1/amiga artists/toni stuvo aki/INTRO_DOCS31 THM1.mod	71.15K	compilations/modplanet/normal/cd1/amiga artists/toni stuvo aki/INTRO_DOCS31 THM1.mod
file music-module	mirrors/scenesp.org/compilations/modplanet/normal/cd1/amiga artists/toni stuvo aki/INTRO_DOCS31 THM2.mod	5.12K	compilations/modplanet/normal/cd1/amiga artists/toni stuvo aki/INTRO_DOCS31 THM2.mod
file music-module	mirrors/scenesp.org/compilations/modplanet/normal/cd1/amiga artists/toni stuvo aki/KAHBOOREEOSTOY.mod	252.83K	compilations/modplanet/normal/cd1/amiga artists/toni stuvo aki/KAHBOOREEOSTOY.mod
file music-module	mirrors/scenesp.org/compilations/modplanet/normal/cd1/amiga artists/toni stuvo aki/KEKUTRESALCHICHERO.mod	96.36K	compilations/modplanet/normal/cd1/amiga artists/toni stuvo aki/KEKUTRESALCHICHERO.mod
file music-module	mirrors/scenesp.org/compilations/modplanet/normal/cd1/amiga artists/toni stuvo aki/PALXELE.mod	96.27K	compilations/modplanet/normal/cd1/amiga artists/toni stuvo aki/PALXELE.mod
file music-module	mirrors/scenesp.org/compilations/modplanet/normal/cd1/amiga artists/toni stuvo aki/PALXELE_ASTRAL.mod	481.02K	compilations/modplanet/normal/cd1/amiga artists/toni stuvo aki/PALXELE_ASTRAL.mod
file music-module	mirrors/scenesp.org/compilations/modplanet/normal/cd1/amiga artists/toni stuvo aki/POSADAS-4.mod	20.09K	compilations/modplanet/normal/cd1/amiga artists/toni stuvo aki/POSADAS-4.mod
file music-module	mirrors/scenesp.org/compilations/modplanet/normal/cd1/amiga artists/toni stuvo aki/SOLEDAD_INFINITA.mod	230.95K	compilations/modplanet/normal/cd1/amiga artists/toni stuvo aki/SOLEDAD_INFINITA.mod
file music-module	mirrors/scenesp.org/compilations/modplanet/normal/cd1/amiga artists/toni stuvo aki/THE_UNMINDED.mod	205.52K	compilations/modplanet/normal/cd1/amiga artists/toni stuvo aki/THE_UNMINDED.mod
file music-module	mirrors/scenesp.org/compilations/modplanet/normal/cd1/amiga artists/toni stuvo aki/VIEJOS_TIEMPOS.mod	21.34K	compilations/modplanet/normal/cd1/amiga artists/toni stuvo aki/VIEJOS_TIEMPOS.mod
file music-module	mirrors/scenesp.org/compilations/modplanet/normal/cd1/amiga artists/tsa/mod.mod	137.66K	compilations/modplanet/normal/cd1/amiga artists/tsa/mod.mod
file music-module	mirrors/scenesp.org/compilations/modplanet/normal/cd1/amiga artists/tsa/posadas-4.mod	20.09K	compilations/modplanet/normal/cd1/amiga artists/tsa/posadas-4.mod
file music-module	mirrors/scenesp.org/compilations/modplanet/normal/cd1/amiga artists/unico/alahla.mod	128.54K	compilations/modplanet/normal/cd1/amiga artists/unico/alahla.mod
file music-module	mirrors/scenesp.org/compilations/modplanet/normal/cd1/amiga artists/unico/bobby beat.mod	61.10K	compilations/modplanet/normal/cd1/amiga artists/unico/bobby beat.mod
file music-module	mirrors/scenesp.org/compilations/modplanet/normal/cd1/amiga artists/unico/CAUSE.MOD	151.68K	compilations/modplanet/normal/cd1/amiga artists/unico/CAUSE.MOD
file music-module	mirrors/scenesp.org/compilations/modplanet/normal/cd1/amiga artists/unico/dark-light.mod	118.88K	compilations/modplanet/normal/cd1/amiga artists/unico/dark-light.mod
file music-module	mirrors/scenesp.org/compilations/modplanet/normal/cd1/amiga artists/unico/F.I.M. Theme.mod	234.48K	compilations/modplanet/normal/cd1/amiga artists/unico/F.I.M. Theme.mod
file music-module	mirrors/scenesp.org/compilations/modplanet/normal/cd1/amiga artists/unico/filling.mod	153.14K	compilations/modplanet/normal/cd1/amiga artists/unico/filling.mod
file music-module	mirrors/scenesp.org/compilations/modplanet/normal/cd1/amiga artists/unico/hard-work.mod	75.52K	compilations/modplanet/normal/cd1/amiga artists/unico/hard-work.mod
file music-module	mirrors/scenesp.org/compilations/modplanet/normal/cd1/amiga artists/unico/hiphoptune.mod	335.96K	compilations/modplanet/normal/cd1/amiga artists/unico/hiphoptune.mod
file music-module	mirrors/scenesp.org/compilations/modplanet/normal/cd1/amiga artists/unico/MADEINJAPAN.mod	170.06K	compilations/modplanet/normal/cd1/amiga artists/unico/MADEINJAPAN.mod
file music-module	mirrors/scenesp.org/compilations/modplanet/normal/cd1/amiga artists/unico/roboticool.mod	210.91K	compilations/modplanet/normal/cd1/amiga artists/unico/roboticool.mod
file music-module	mirrors/scenesp.org/compilations/modplanet/normal/cd1/amiga artists/unico/The_Dark_III.mod	233.77K	compilations/modplanet/normal/cd1/amiga artists/unico/The_Dark_III.mod
file music-module	mirrors/scenesp.org/compilations/modplanet/normal/cd1/amiga artists/unico/the-dark-ii.mod	234.34K	compilations/modplanet/normal/cd1/amiga artists/unico/the-dark-ii.mod
file music-module	mirrors/scenesp.org/compilations/modplanet/normal/cd1/amiga artists/unico/the-dark.mod	163.95K	compilations/modplanet/normal/cd1/amiga artists/unico/the-dark.mod
file music-module	mirrors/scenesp.org/compilations/modplanet/normal/cd1/amiga artists/unico/Wbrainbk.mod	238.48K	compilations/modplanet/normal/cd1/amiga artists/unico/Wbrainbk.mod
file music-module	mirrors/scenesp.org/compilations/modplanet/normal/cd1/amiga artists/unico/you'vgottit.mod	131.64K	compilations/modplanet/normal/cd1/amiga artists/unico/you'vgottit.mod
file music-module	mirrors/scenesp.org/compilations/modplanet/normal/cd1/amiga artists/various/2-modcyb.mod	205.16K	compilations/modplanet/normal/cd1/amiga artists/various/2-modcyb.mod
file music-module	mirrors/scenesp.org/compilations/modplanet/normal/cd1/amiga artists/various/Agatyoubiseeytheeight2.mod	165.14K	compilations/modplanet/normal/cd1/amiga artists/various/Agatyoubiseeytheeight2.mod
file music-module	mirrors/scenesp.org/compilations/modplanet/normal/cd1/amiga artists/various/ANAST.mod	131.54K	compilations/modplanet/normal/cd1/amiga artists/various/ANAST.mod
file music-module	mirrors/scenesp.org/compilations/modplanet/normal/cd1/amiga artists/various/BALADA AL ANOCHECER.mod	351.10K	compilations/modplanet/normal/cd1/amiga artists/various/BALADA AL ANOCHECER.mod
file music-module	mirrors/scenesp.org/compilations/modplanet/normal/cd1/amiga artists/various/BonesPack%2322.mod	51.88K	compilations/modplanet/normal/cd1/amiga artists/various/BonesPack%2322.mod
file music-module	mirrors/scenesp.org/compilations/modplanet/normal/cd1/amiga artists/various/Cabeza_de_chorlito.mod	12.34K	compilations/modplanet/normal/cd1/amiga artists/various/Cabeza_de_chorlito.mod
file music-module	mirrors/scenesp.org/compilations/modplanet/normal/cd1/amiga artists/various/DAYS OF ILUSION.mod	187.69K	compilations/modplanet/normal/cd1/amiga artists/various/DAYS OF ILUSION.mod
file music-module	mirrors/scenesp.org/compilations/modplanet/normal/cd1/amiga artists/various/Death_devotion.mod	165.80K	compilations/modplanet/normal/cd1/amiga artists/various/Death_devotion.mod
file music-module	mirrors/scenesp.org/compilations/modplanet/normal/cd1/amiga artists/various/Deep_sea_love.mod	285.10K	compilations/modplanet/normal/cd1/amiga artists/various/Deep_sea_love.mod
file music-module	mirrors/scenesp.org/compilations/modplanet/normal/cd1/amiga artists/various/Destroyer love 2..mod	274.78K	compilations/modplanet/normal/cd1/amiga artists/various/Destroyer love 2..mod
file music-module	mirrors/scenesp.org/compilations/modplanet/normal/cd1/amiga artists/various/DISCO-DOMINION.mod	143.10K	compilations/modplanet/normal/cd1/amiga artists/various/DISCO-DOMINION.mod
file music-module	mirrors/scenesp.org/compilations/modplanet/normal/cd1/amiga artists/various/DREAM AFTER NIGHTMARE.mod	285.42K	compilations/modplanet/normal/cd1/amiga artists/various/DREAM AFTER NIGHTMARE.mod
file music-module	mirrors/scenesp.org/compilations/modplanet/normal/cd1/amiga artists/various/EL2.mod	153.87K	compilations/modplanet/normal/cd1/amiga artists/various/EL2.mod
file music-module	mirrors/scenesp.org/compilations/modplanet/normal/cd1/amiga artists/various/ELAZULYANOSELLEVA.mod	206.79K	compilations/modplanet/normal/cd1/amiga artists/various/ELAZULYANOSELLEVA.mod
file music-module	mirrors/scenesp.org/compilations/modplanet/normal/cd1/amiga artists/various/FANZINE IV.mod	100.52K	compilations/modplanet/normal/cd1/amiga artists/various/FANZINE IV.mod
file music-module	mirrors/scenesp.org/compilations/modplanet/normal/cd1/amiga artists/various/ILL.MOD	65.58K	compilations/modplanet/normal/cd1/amiga artists/various/ILL.MOD
file music-module	mirrors/scenesp.org/compilations/modplanet/normal/cd1/amiga artists/various/Metalics.mod	65.44K	compilations/modplanet/normal/cd1/amiga artists/various/Metalics.mod
file music-module	mirrors/scenesp.org/compilations/modplanet/normal/cd1/amiga artists/various/MODAPEST.mod	566.28K	compilations/modplanet/normal/cd1/amiga artists/various/MODAPEST.mod
file music-module	mirrors/scenesp.org/compilations/modplanet/normal/cd1/amiga artists/various/MODMUERT.mod	445.32K	compilations/modplanet/normal/cd1/amiga artists/various/MODMUERT.mod
file music-module	mirrors/scenesp.org/compilations/modplanet/normal/cd1/amiga artists/various/MODTHE_L.mod	55.58K	compilations/modplanet/normal/cd1/amiga artists/various/MODTHE_L.mod
file music-module	mirrors/scenesp.org/compilations/modplanet/normal/cd1/amiga artists/various/MORNI.mod	292.97K	compilations/modplanet/normal/cd1/amiga artists/various/MORNI.mod
file music-module	mirrors/scenesp.org/compilations/modplanet/normal/cd1/amiga artists/various/marina-marina.mod	69.11K	compilations/modplanet/normal/cd1/amiga artists/various/marina-marina.mod
file music-module	mirrors/scenesp.org/compilations/modplanet/normal/cd1/amiga artists/various/model.mod	259.86K	compilations/modplanet/normal/cd1/amiga artists/various/model.mod
file music-module	mirrors/scenesp.org/compilations/modplanet/normal/cd1/amiga artists/various/PITOS.mod	6.16K	compilations/modplanet/normal/cd1/amiga artists/various/PITOS.mod
file music-module	mirrors/scenesp.org/compilations/modplanet/normal/cd1/amiga artists/various/Soundgarden.mod	83.34K	compilations/modplanet/normal/cd1/amiga artists/various/Soundgarden.mod
file music-module	mirrors/scenesp.org/compilations/modplanet/normal/cd1/amiga artists/various/SPACE SHAFER.mod	214.10K	compilations/modplanet/normal/cd1/amiga artists/various/SPACE SHAFER.mod
file music-module	mirrors/scenesp.org/compilations/modplanet/normal/cd1/amiga artists/various/semana santa.mod	130.52K	compilations/modplanet/normal/cd1/amiga artists/various/semana santa.mod
file music-module	mirrors/scenesp.org/compilations/modplanet/normal/cd1/amiga artists/various/TAKONI DESTROY.mod	388.85K	compilations/modplanet/normal/cd1/amiga artists/various/TAKONI DESTROY.mod
file music-module	mirrors/scenesp.org/compilations/modplanet/normal/cd1/amiga artists/various/TJ-MIX.mod	208.24K	compilations/modplanet/normal/cd1/amiga artists/various/TJ-MIX.mod
file music-module	mirrors/scenesp.org/compilations/modplanet/normal/cd1/amiga artists/various/twin star.mod	262.21K	compilations/modplanet/normal/cd1/amiga artists/various/twin star.mod
file music-module	mirrors/scenesp.org/compilations/modplanet/normal/cd1/amiga artists/various/WAKE UP LIFE.mod	121.56K	compilations/modplanet/normal/cd1/amiga artists/various/WAKE UP LIFE.mod
file music-module	mirrors/scenesp.org/compilations/modplanet/normal/cd1/amiga artists/various/WRONG ROAD.mod	114.14K	compilations/modplanet/normal/cd1/amiga artists/various/WRONG ROAD.mod
file music-module	mirrors/scenesp.org/compilations/modplanet/normal/cd1/amiga artists/wavemaker/ANALOGICAL TRANCE.mod	265.63K	compilations/modplanet/normal/cd1/amiga artists/wavemaker/ANALOGICAL TRANCE.mod
file music-module	mirrors/scenesp.org/compilations/modplanet/normal/cd1/amiga artists/wavemaker/above_and_beyond.mod	161.51K	compilations/modplanet/normal/cd1/amiga artists/wavemaker/above_and_beyond.mod
file music-module	mirrors/scenesp.org/compilations/modplanet/normal/cd1/amiga artists/wavemaker/BAD FEELINGS.mod	169.77K	compilations/modplanet/normal/cd1/amiga artists/wavemaker/BAD FEELINGS.mod
file music-module	mirrors/scenesp.org/compilations/modplanet/normal/cd1/amiga artists/wavemaker/BLITZED.MOD	13.85K	compilations/modplanet/normal/cd1/amiga artists/wavemaker/BLITZED.MOD
file music-module	mirrors/scenesp.org/compilations/modplanet/normal/cd1/amiga artists/wavemaker/BY.MOD	123.24K	compilations/modplanet/normal/cd1/amiga artists/wavemaker/BY.MOD
file music-module	mirrors/scenesp.org/compilations/modplanet/normal/cd1/amiga artists/wavemaker/backstabber.mod	183.90K	compilations/modplanet/normal/cd1/amiga artists/wavemaker/backstabber.mod
file music-module	mirrors/scenesp.org/compilations/modplanet/normal/cd1/amiga artists/wavemaker/DAB.mod	22.03K	compilations/modplanet/normal/cd1/amiga artists/wavemaker/DAB.mod
file music-module	mirrors/scenesp.org/compilations/modplanet/normal/cd1/amiga artists/wavemaker/DWARF'S INN.mod	55.95K	compilations/modplanet/normal/cd1/amiga artists/wavemaker/DWARF'S INN.mod
file music-module	mirrors/scenesp.org/compilations/modplanet/normal/cd1/amiga artists/wavemaker/dragnet_remix.mod	96.14K	compilations/modplanet/normal/cd1/amiga artists/wavemaker/dragnet_remix.mod
file music-module	mirrors/scenesp.org/compilations/modplanet/normal/cd1/amiga artists/wavemaker/FACTORIA.mod	287.62K	compilations/modplanet/normal/cd1/amiga artists/wavemaker/FACTORIA.mod
file music-module	mirrors/scenesp.org/compilations/modplanet/normal/cd1/amiga artists/wavemaker/FESTAS_DE_CARRAL.mod	3.97K	compilations/modplanet/normal/cd1/amiga artists/wavemaker/FESTAS_DE_CARRAL.mod
file music-module	mirrors/scenesp.org/compilations/modplanet/normal/cd1/amiga artists/wavemaker/FILOMATIC.mod	194.83K	compilations/modplanet/normal/cd1/amiga artists/wavemaker/FILOMATIC.mod
file music-module	mirrors/scenesp.org/compilations/modplanet/normal/cd1/amiga artists/wavemaker/finals~1.mod	158.94K	compilations/modplanet/normal/cd1/amiga artists/wavemaker/finals~1.mod
file music-module	mirrors/scenesp.org/compilations/modplanet/normal/cd1/amiga artists/wavemaker/freeflight.mod	91.47K	compilations/modplanet/normal/cd1/amiga artists/wavemaker/freeflight.mod
file music-module	mirrors/scenesp.org/compilations/modplanet/normal/cd1/amiga artists/wavemaker/GUMMIBEARS.mod	202.63K	compilations/modplanet/normal/cd1/amiga artists/wavemaker/GUMMIBEARS.mod
file music-module	mirrors/scenesp.org/compilations/modplanet/normal/cd1/amiga artists/wavemaker/HEROIN ADDICT.mod	190.38K	compilations/modplanet/normal/cd1/amiga artists/wavemaker/HEROIN ADDICT.mod
file music-module	mirrors/scenesp.org/compilations/modplanet/normal/cd1/amiga artists/wavemaker/KILLDAVIRUZ.mod	428.57K	compilations/modplanet/normal/cd1/amiga artists/wavemaker/KILLDAVIRUZ.mod
file music-module	mirrors/scenesp.org/compilations/modplanet/normal/cd1/amiga artists/wavemaker/koopid.mod	11.27K	compilations/modplanet/normal/cd1/amiga artists/wavemaker/koopid.mod
file music-module	mirrors/scenesp.org/compilations/modplanet/normal/cd1/amiga artists/wavemaker/koopid2.mod	19.30K	compilations/modplanet/normal/cd1/amiga artists/wavemaker/koopid2.mod
file music-module	mirrors/scenesp.org/compilations/modplanet/normal/cd1/amiga artists/wavemaker/LEMON JELLY.mod	131.02K	compilations/modplanet/normal/cd1/amiga artists/wavemaker/LEMON JELLY.mod
file music-module	mirrors/scenesp.org/compilations/modplanet/normal/cd1/amiga artists/wavemaker/LEPSIA.MOD	246.49K	compilations/modplanet/normal/cd1/amiga artists/wavemaker/LEPSIA.MOD
file music-module	mirrors/scenesp.org/compilations/modplanet/normal/cd1/amiga artists/wavemaker/MAXIMOCONTROL.mod	264.51K	compilations/modplanet/normal/cd1/amiga artists/wavemaker/MAXIMOCONTROL.mod
file music-module	mirrors/scenesp.org/compilations/modplanet/normal/cd1/amiga artists/wavemaker/MICROPHB.MOD	11.32K	compilations/modplanet/normal/cd1/amiga artists/wavemaker/MICROPHB.MOD
file music-module	mirrors/scenesp.org/compilations/modplanet/normal/cd1/amiga artists/wavemaker/MOD.MOD	222.19K	compilations/modplanet/normal/cd1/amiga artists/wavemaker/MOD.MOD
file music-module	mirrors/scenesp.org/compilations/modplanet/normal/cd1/amiga artists/wavemaker/MOD2.MOD	16.54K	compilations/modplanet/normal/cd1/amiga artists/wavemaker/MOD2.MOD
file music-module	mirrors/scenesp.org/compilations/modplanet/normal/cd1/amiga artists/wavemaker/NO_CARRIER.mod	95.28K	compilations/modplanet/normal/cd1/amiga artists/wavemaker/NO_CARRIER.mod
file music-module	mirrors/scenesp.org/compilations/modplanet/normal/cd1/amiga artists/wavemaker/PEACE OF MIND.mod	405.59K	compilations/modplanet/normal/cd1/amiga artists/wavemaker/PEACE OF MIND.mod
file music-module	mirrors/scenesp.org/compilations/modplanet/normal/cd1/amiga artists/wavemaker/PETROL STATION.mod	51.56K	compilations/modplanet/normal/cd1/amiga artists/wavemaker/PETROL STATION.mod
file music-module	mirrors/scenesp.org/compilations/modplanet/normal/cd1/amiga artists/wavemaker/PRISONERS OF FATE.mod	90.31K	compilations/modplanet/normal/cd1/amiga artists/wavemaker/PRISONERS OF FATE.mod
file music-module	mirrors/scenesp.org/compilations/modplanet/normal/cd1/amiga artists/wavemaker/QUIERO SOBAR.mod	166.87K	compilations/modplanet/normal/cd1/amiga artists/wavemaker/QUIERO SOBAR.mod
file music-module	mirrors/scenesp.org/compilations/modplanet/normal/cd1/amiga artists/wavemaker/RAW_SWEEPER.mod	207.05K	compilations/modplanet/normal/cd1/amiga artists/wavemaker/RAW_SWEEPER.mod
file music-module	mirrors/scenesp.org/compilations/modplanet/normal/cd1/amiga artists/wavemaker/RAZORB.MOD	63.25K	compilations/modplanet/normal/cd1/amiga artists/wavemaker/RAZORB.MOD
file music-module	mirrors/scenesp.org/compilations/modplanet/normal/cd1/amiga artists/wavemaker/RAZORBLADE.mod	61.25K	compilations/modplanet/normal/cd1/amiga artists/wavemaker/RAZORBLADE.mod
file music-module	mirrors/scenesp.org/compilations/modplanet/normal/cd1/amiga artists/wavemaker/SHOOTMUP.mod	144.07K	compilations/modplanet/normal/cd1/amiga artists/wavemaker/SHOOTMUP.mod
file music-module	mirrors/scenesp.org/compilations/modplanet/normal/cd1/amiga artists/wavemaker/SILICON MAGIC.mod	268.73K	compilations/modplanet/normal/cd1/amiga artists/wavemaker/SILICON MAGIC.mod
file music-module	mirrors/scenesp.org/compilations/modplanet/normal/cd1/amiga artists/wavemaker/SMREFRES.MOD	25.12K	compilations/modplanet/normal/cd1/amiga artists/wavemaker/SMREFRES.MOD
file music-module	mirrors/scenesp.org/compilations/modplanet/normal/cd1/amiga artists/wavemaker/the_void.mod	79.53K	compilations/modplanet/normal/cd1/amiga artists/wavemaker/the_void.mod
file music-module	mirrors/scenesp.org/compilations/modplanet/normal/cd1/amiga artists/wavemaker/trackin'noise3.mod	78.88K	compilations/modplanet/normal/cd1/amiga artists/wavemaker/trackin'noise3.mod
file music-module	mirrors/scenesp.org/compilations/modplanet/normal/cd1/amiga artists/wavemaker/Wavemaker - Diamond.mod	3.21K	compilations/modplanet/normal/cd1/amiga artists/wavemaker/Wavemaker - Diamond.mod
file music-module	mirrors/scenesp.org/compilations/modplanet/normal/cd1/amiga artists/wavemaker/X65765.MOD	176.52K	compilations/modplanet/normal/cd1/amiga artists/wavemaker/X65765.MOD
file music-module	mirrors/scenesp.org/compilations/modplanet/normal/cd1/amiga artists/wavemaker/YEA.MOD	31.36K	compilations/modplanet/normal/cd1/amiga artists/wavemaker/YEA.MOD
file music-module	mirrors/scenesp.org/compilations/modplanet/normal/cd1/amiga artists/wavemaker/YOUR CHAKRA.mod	114.63K	compilations/modplanet/normal/cd1/amiga artists/wavemaker/YOUR CHAKRA.mod
file music-module	mirrors/scenesp.org/compilations/modplanet/normal/cd1/pc artists A-M/acidbeat/AB_FTR.MOD	14.12K	compilations/modplanet/normal/cd1/pc artists A-M/acidbeat/AB_FTR.MOD
file music-module	mirrors/scenesp.org/compilations/modplanet/normal/cd1/pc artists A-M/data/ROMANTIC.MOD	48.68K	compilations/modplanet/normal/cd1/pc artists A-M/data/ROMANTIC.MOD
file music-module	mirrors/scenesp.org/compilations/modplanet/normal/cd1/pc artists A-M/data/radikal.mod	767.12K	compilations/modplanet/normal/cd1/pc artists A-M/data/radikal.mod
file music-module	mirrors/scenesp.org/compilations/modplanet/normal/cd1/pc artists A-M/data/TEARS4JU.MOD	115.33K	compilations/modplanet/normal/cd1/pc artists A-M/data/TEARS4JU.MOD
file music-module	mirrors/scenesp.org/compilations/modplanet/normal/cd1/pc artists A-M/dem/3.MOD	325.20K	compilations/modplanet/normal/cd1/pc artists A-M/dem/3.MOD
file music-module	mirrors/scenesp.org/compilations/modplanet/normal/cd1/pc artists A-M/dem/BACKHOME.MOD	395.25K	compilations/modplanet/normal/cd1/pc artists A-M/dem/BACKHOME.MOD
file music-module	mirrors/scenesp.org/compilations/modplanet/normal/cd1/pc artists A-M/dem/DEATH.MOD	184.47K	compilations/modplanet/normal/cd1/pc artists A-M/dem/DEATH.MOD
file music-module	mirrors/scenesp.org/compilations/modplanet/normal/cd1/pc artists A-M/dem/INSANITY.MOD	137.74K	compilations/modplanet/normal/cd1/pc artists A-M/dem/INSANITY.MOD
file music-module	mirrors/scenesp.org/compilations/modplanet/normal/cd1/pc artists A-M/fx/FXCAMPUS.MOD	12.12K	compilations/modplanet/normal/cd1/pc artists A-M/fx/FXCAMPUS.MOD
file music-module	mirrors/scenesp.org/compilations/modplanet/normal/cd1/pc artists A-M/herotyc/HR-ISLE!.MOD	61.61K	compilations/modplanet/normal/cd1/pc artists A-M/herotyc/HR-ISLE!.MOD
file music-module	mirrors/scenesp.org/compilations/modplanet/normal/cd1/pc artists A-M/hyunkel/intro.mod	44.73K	compilations/modplanet/normal/cd1/pc artists A-M/hyunkel/intro.mod
file music-module	mirrors/scenesp.org/compilations/modplanet/normal/cd1/pc artists A-M/jcl/jcl_fvyg.mod	136.80K	compilations/modplanet/normal/cd1/pc artists A-M/jcl/jcl_fvyg.mod
file music-module	mirrors/scenesp.org/compilations/modplanet/normal/cd1/pc artists A-M/jcl/jcl_sonc.mod	183.68K	compilations/modplanet/normal/cd1/pc artists A-M/jcl/jcl_sonc.mod
file music-module	mirrors/scenesp.org/compilations/modplanet/normal/cd1/pc artists A-M/jcl/MUSIC002.MOD	138.94K	compilations/modplanet/normal/cd1/pc artists A-M/jcl/MUSIC002.MOD
file music-module	mirrors/scenesp.org/compilations/modplanet/normal/cd1/pc artists A-M/jcl/MUSIC003.MOD	110.72K	compilations/modplanet/normal/cd1/pc artists A-M/jcl/MUSIC003.MOD
file music-module	mirrors/scenesp.org/compilations/modplanet/normal/cd1/pc artists A-M/joice/EUSKAL.MOD	22.17K	compilations/modplanet/normal/cd1/pc artists A-M/joice/EUSKAL.MOD
file music-module	mirrors/scenesp.org/compilations/modplanet/normal/cd1/pc artists A-M/josele/crashing.mod	289.57K	compilations/modplanet/normal/cd1/pc artists A-M/josele/crashing.mod
file music-module	mirrors/scenesp.org/compilations/modplanet/normal/cd1/pc artists A-M/josele/intro.mod	145.03K	compilations/modplanet/normal/cd1/pc artists A-M/josele/intro.mod
file music-module	mirrors/scenesp.org/compilations/modplanet/normal/cd1/pc artists A-M/josss/chips/JOS-CHIP.MOD	14.80K	compilations/modplanet/normal/cd1/pc artists A-M/josss/chips/JOS-CHIP.MOD
file music-module	mirrors/scenesp.org/compilations/modplanet/normal/cd1/pc artists A-M/josss/chips/JOS-NETS.MOD	20.42K	compilations/modplanet/normal/cd1/pc artists A-M/josss/chips/JOS-NETS.MOD
file music-module	mirrors/scenesp.org/compilations/modplanet/normal/cd1/pc artists A-M/josss/chips/Jos-cyb_Beginning Series 3.mod	16.13K	compilations/modplanet/normal/cd1/pc artists A-M/josss/chips/Jos-cyb_Beginning Series 3.mod
file music-module	mirrors/scenesp.org/compilations/modplanet/normal/cd1/pc artists A-M/josss/chips/Jos-gold_Beginning Series 12.mod	45.11K	compilations/modplanet/normal/cd1/pc artists A-M/josss/chips/Jos-gold_Beginning Series 12.mod
file music-module	mirrors/scenesp.org/compilations/modplanet/normal/cd1/pc artists A-M/josss/mods/JOS-ARIE.MOD	227.29K	compilations/modplanet/normal/cd1/pc artists A-M/josss/mods/JOS-ARIE.MOD
file music-module	mirrors/scenesp.org/compilations/modplanet/normal/cd1/pc artists A-M/josss/mods/JOS-ARND.MOD	35.87K	compilations/modplanet/normal/cd1/pc artists A-M/josss/mods/JOS-ARND.MOD
file music-module	mirrors/scenesp.org/compilations/modplanet/normal/cd1/pc artists A-M/josss/mods/JOS-AZTK.MOD	184.31K	compilations/modplanet/normal/cd1/pc artists A-M/josss/mods/JOS-AZTK.MOD
file music-module	mirrors/scenesp.org/compilations/modplanet/normal/cd1/pc artists A-M/josss/mods/JOS-CLBR.MOD	110.84K	compilations/modplanet/normal/cd1/pc artists A-M/josss/mods/JOS-CLBR.MOD
file music-module	mirrors/scenesp.org/compilations/modplanet/normal/cd1/pc artists A-M/josss/mods/JOS-ETRN.MOD	444.92K	compilations/modplanet/normal/cd1/pc artists A-M/josss/mods/JOS-ETRN.MOD
file music-module	mirrors/scenesp.org/compilations/modplanet/normal/cd1/pc artists A-M/josss/mods/JOS-FLSH.MOD	50.37K	compilations/modplanet/normal/cd1/pc artists A-M/josss/mods/JOS-FLSH.MOD
file music-module	mirrors/scenesp.org/compilations/modplanet/normal/cd1/pc artists A-M/josss/mods/JOS-GALI.MOD	57.48K	compilations/modplanet/normal/cd1/pc artists A-M/josss/mods/JOS-GALI.MOD
file music-module	mirrors/scenesp.org/compilations/modplanet/normal/cd1/pc artists A-M/josss/mods/JOS-HARD.MOD	304.48K	compilations/modplanet/normal/cd1/pc artists A-M/josss/mods/JOS-HARD.MOD
file music-module	mirrors/scenesp.org/compilations/modplanet/normal/cd1/pc artists A-M/josss/mods/JOS-HMRH.MOD	58.35K	compilations/modplanet/normal/cd1/pc artists A-M/josss/mods/JOS-HMRH.MOD
file music-module	mirrors/scenesp.org/compilations/modplanet/normal/cd1/pc artists A-M/josss/mods/JOS-HPPY.MOD	73.47K	compilations/modplanet/normal/cd1/pc artists A-M/josss/mods/JOS-HPPY.MOD
file music-module	mirrors/scenesp.org/compilations/modplanet/normal/cd1/pc artists A-M/josss/mods/JOS-IGNT.MOD	133.07K	compilations/modplanet/normal/cd1/pc artists A-M/josss/mods/JOS-IGNT.MOD
file music-module	mirrors/scenesp.org/compilations/modplanet/normal/cd1/pc artists A-M/josss/mods/JOS-INTR.MOD	160.43K	compilations/modplanet/normal/cd1/pc artists A-M/josss/mods/JOS-INTR.MOD
file music-module	mirrors/scenesp.org/compilations/modplanet/normal/cd1/pc artists A-M/josss/mods/JOS-JAZZ.MOD	209.43K	compilations/modplanet/normal/cd1/pc artists A-M/josss/mods/JOS-JAZZ.MOD
file music-module	mirrors/scenesp.org/compilations/modplanet/normal/cd1/pc artists A-M/josss/mods/JOS-KEYB.MOD	115.94K	compilations/modplanet/normal/cd1/pc artists A-M/josss/mods/JOS-KEYB.MOD
file music-module	mirrors/scenesp.org/compilations/modplanet/normal/cd1/pc artists A-M/josss/mods/JOS-LIVE.MOD	224.73K	compilations/modplanet/normal/cd1/pc artists A-M/josss/mods/JOS-LIVE.MOD
file music-module	mirrors/scenesp.org/compilations/modplanet/normal/cd1/pc artists A-M/josss/mods/JOS-MSSP.MOD	134.64K	compilations/modplanet/normal/cd1/pc artists A-M/josss/mods/JOS-MSSP.MOD
file music-module	mirrors/scenesp.org/compilations/modplanet/normal/cd1/pc artists A-M/josss/mods/JOS-NSTR.MOD	139.17K	compilations/modplanet/normal/cd1/pc artists A-M/josss/mods/JOS-NSTR.MOD
file music-module	mirrors/scenesp.org/compilations/modplanet/normal/cd1/pc artists A-M/josss/mods/JOS-PEEP.MOD	49.61K	compilations/modplanet/normal/cd1/pc artists A-M/josss/mods/JOS-PEEP.MOD
file music-module	mirrors/scenesp.org/compilations/modplanet/normal/cd1/pc artists A-M/josss/mods/JOS-PIAN.MOD	240.20K	compilations/modplanet/normal/cd1/pc artists A-M/josss/mods/JOS-PIAN.MOD
file music-module	mirrors/scenesp.org/compilations/modplanet/normal/cd1/pc artists A-M/josss/mods/JOS-PRDS.MOD	110.84K	compilations/modplanet/normal/cd1/pc artists A-M/josss/mods/JOS-PRDS.MOD
file music-module	mirrors/scenesp.org/compilations/modplanet/normal/cd1/pc artists A-M/josss/mods/JOS-RSTC.MOD	266.95K	compilations/modplanet/normal/cd1/pc artists A-M/josss/mods/JOS-RSTC.MOD
file music-module	mirrors/scenesp.org/compilations/modplanet/normal/cd1/pc artists A-M/josss/mods/JOS-SENA.MOD	258.01K	compilations/modplanet/normal/cd1/pc artists A-M/josss/mods/JOS-SENA.MOD
file music-module	mirrors/scenesp.org/compilations/modplanet/normal/cd1/pc artists A-M/josss/mods/JOS-SHDW.MOD	91.47K	compilations/modplanet/normal/cd1/pc artists A-M/josss/mods/JOS-SHDW.MOD
file music-module	mirrors/scenesp.org/compilations/modplanet/normal/cd1/pc artists A-M/josss/mods/JOS-SYNC.MOD	213.03K	compilations/modplanet/normal/cd1/pc artists A-M/josss/mods/JOS-SYNC.MOD
file music-module	mirrors/scenesp.org/compilations/modplanet/normal/cd1/pc artists A-M/josss/mods/JOS-TKNO.MOD	277.41K	compilations/modplanet/normal/cd1/pc artists A-M/josss/mods/JOS-TKNO.MOD
file music-module	mirrors/scenesp.org/compilations/modplanet/normal/cd1/pc artists A-M/josss/mods/JOS-VYGR.MOD	174.20K	compilations/modplanet/normal/cd1/pc artists A-M/josss/mods/JOS-VYGR.MOD
file music-module	mirrors/scenesp.org/compilations/modplanet/normal/cd1/pc artists A-M/josss/mods/Jos-leth.mod	219.87K	compilations/modplanet/normal/cd1/pc artists A-M/josss/mods/Jos-leth.mod
file music-module	mirrors/scenesp.org/compilations/modplanet/normal/cd1/pc artists A-M/josss/mods/Jos-spdp.mod	285.92K	compilations/modplanet/normal/cd1/pc artists A-M/josss/mods/Jos-spdp.mod
file music-module	mirrors/scenesp.org/compilations/modplanet/normal/cd1/pc artists A-M/josss/the beginning series/Jos-arki_Beginning Series 5.mod	114.50K	compilations/modplanet/normal/cd1/pc artists A-M/josss/the beginning series/Jos-arki_Beginning Series 5.mod
file music-module	mirrors/scenesp.org/compilations/modplanet/normal/cd1/pc artists A-M/josss/the beginning series/Jos-cyb_Beginning Series 3.mod	16.13K	compilations/modplanet/normal/cd1/pc artists A-M/josss/the beginning series/Jos-cyb_Beginning Series 3.mod
file music-module	mirrors/scenesp.org/compilations/modplanet/normal/cd1/pc artists A-M/josss/the beginning series/Jos-gold_Beginning Series 12.mod	45.11K	compilations/modplanet/normal/cd1/pc artists A-M/josss/the beginning series/Jos-gold_Beginning Series 12.mod
file music-module	mirrors/scenesp.org/compilations/modplanet/normal/cd1/pc artists A-M/josss/the beginning series/Jos-gusb_Beginning Series 10.mod	319.99K	compilations/modplanet/normal/cd1/pc artists A-M/josss/the beginning series/Jos-gusb_Beginning Series 10.mod
file music-module	mirrors/scenesp.org/compilations/modplanet/normal/cd1/pc artists A-M/josss/the beginning series/Jos-rlax_Beginning Series 6.mod	326.29K	compilations/modplanet/normal/cd1/pc artists A-M/josss/the beginning series/Jos-rlax_Beginning Series 6.mod
file music-module	mirrors/scenesp.org/compilations/modplanet/normal/cd1/pc artists A-M/josss/the beginning series/Jos-rstc_Beginning Series 14.mod	266.95K	compilations/modplanet/normal/cd1/pc artists A-M/josss/the beginning series/Jos-rstc_Beginning Series 14.mod
file music-module	mirrors/scenesp.org/compilations/modplanet/normal/cd1/pc artists A-M/josss/the beginning series/Jos-smpl_Beginning Series 15.mod	175.27K	compilations/modplanet/normal/cd1/pc artists A-M/josss/the beginning series/Jos-smpl_Beginning Series 15.mod
file music-module	mirrors/scenesp.org/compilations/modplanet/normal/cd1/pc artists A-M/josss/the beginning series/Jos-span_Beginning Series 2.mod	270.80K	compilations/modplanet/normal/cd1/pc artists A-M/josss/the beginning series/Jos-span_Beginning Series 2.mod
file music-module	mirrors/scenesp.org/compilations/modplanet/normal/cd1/pc artists A-M/josss/the beginning series/Jos-spcl_Beginning Series 1.mod	106.37K	compilations/modplanet/normal/cd1/pc artists A-M/josss/the beginning series/Jos-spcl_Beginning Series 1.mod
file music-module	mirrors/scenesp.org/compilations/modplanet/normal/cd1/pc artists A-M/josss/the beginning series/Jos-stck_Beginning Series 11.mod	80.75K	compilations/modplanet/normal/cd1/pc artists A-M/josss/the beginning series/Jos-stck_Beginning Series 11.mod
file music-module	mirrors/scenesp.org/compilations/modplanet/normal/cd1/pc artists A-M/josss/the beginning series/Jos-swt1_Beginning Series 9.mod	191.28K	compilations/modplanet/normal/cd1/pc artists A-M/josss/the beginning series/Jos-swt1_Beginning Series 9.mod
file music-module	mirrors/scenesp.org/compilations/modplanet/normal/cd1/pc artists A-M/josss/the beginning series/Jos-swt2_Beginning Series 13.mod	218.84K	compilations/modplanet/normal/cd1/pc artists A-M/josss/the beginning series/Jos-swt2_Beginning Series 13.mod
file music-module	mirrors/scenesp.org/compilations/modplanet/normal/cd1/pc artists A-M/josss/the beginning series/Jos-vrtg_Beginning Series 4.mod	193.92K	compilations/modplanet/normal/cd1/pc artists A-M/josss/the beginning series/Jos-vrtg_Beginning Series 4.mod
file music-module	mirrors/scenesp.org/compilations/modplanet/normal/cd1/pc artists A-M/marathon-man/moderato.mod	36.03K	compilations/modplanet/normal/cd1/pc artists A-M/marathon-man/moderato.mod
file music-module	mirrors/scenesp.org/compilations/modplanet/normal/cd2/demodulate/amiga demos/advenimiento 1 by goblins.mod	64.43K	compilations/modplanet/normal/cd2/demodulate/amiga demos/advenimiento 1 by goblins.mod
file music-module	mirrors/scenesp.org/compilations/modplanet/normal/cd2/demodulate/amiga demos/advenimiento 2 by goblins.mod	274.52K	compilations/modplanet/normal/cd2/demodulate/amiga demos/advenimiento 2 by goblins.mod
file music-module	mirrors/scenesp.org/compilations/modplanet/normal/cd2/demodulate/amiga demos/advenimiento 3 by goblins.mod	113.94K	compilations/modplanet/normal/cd2/demodulate/amiga demos/advenimiento 3 by goblins.mod
file music-module	mirrors/scenesp.org/compilations/modplanet/normal/cd2/demodulate/amiga demos/assault demo by capsule.mod	317.85K	compilations/modplanet/normal/cd2/demodulate/amiga demos/assault demo by capsule.mod
file music-module	mirrors/scenesp.org/compilations/modplanet/normal/cd2/demodulate/amiga demos/back2living 1 by necropolis.mod	253.33K	compilations/modplanet/normal/cd2/demodulate/amiga demos/back2living 1 by necropolis.mod
file music-module	mirrors/scenesp.org/compilations/modplanet/normal/cd2/demodulate/amiga demos/back2living 2 by necropolis.mod	183.96K	compilations/modplanet/normal/cd2/demodulate/amiga demos/back2living 2 by necropolis.mod
file music-module	mirrors/scenesp.org/compilations/modplanet/normal/cd2/demodulate/amiga demos/batman returns 1 by batman group.mod	263.40K	compilations/modplanet/normal/cd2/demodulate/amiga demos/batman returns 1 by batman group.mod
file music-module	mirrors/scenesp.org/compilations/modplanet/normal/cd2/demodulate/amiga demos/batman returns 2 by batman group.mod	39.37K	compilations/modplanet/normal/cd2/demodulate/amiga demos/batman returns 2 by batman group.mod
file music-module	mirrors/scenesp.org/compilations/modplanet/normal/cd2/demodulate/amiga demos/batman returns 3 by batman group.mod	207.16K	compilations/modplanet/normal/cd2/demodulate/amiga demos/batman returns 3 by batman group.mod
file music-module	mirrors/scenesp.org/compilations/modplanet/normal/cd2/demodulate/amiga demos/bbsintro summer94 by darkage.mod	171.35K	compilations/modplanet/normal/cd2/demodulate/amiga demos/bbsintro summer94 by darkage.mod
file music-module	mirrors/scenesp.org/compilations/modplanet/normal/cd2/demodulate/amiga demos/defy 5 by cydonia.mod	150.52K	compilations/modplanet/normal/cd2/demodulate/amiga demos/defy 5 by cydonia.mod
file music-module	mirrors/scenesp.org/compilations/modplanet/normal/cd2/demodulate/amiga demos/defy 6 by cydonia.mod	128.35K	compilations/modplanet/normal/cd2/demodulate/amiga demos/defy 6 by cydonia.mod
file music-module	mirrors/scenesp.org/compilations/modplanet/normal/cd2/demodulate/amiga demos/dhzun by llfb.mod	569.68K	compilations/modplanet/normal/cd2/demodulate/amiga demos/dhzun by llfb.mod
file music-module	mirrors/scenesp.org/compilations/modplanet/normal/cd2/demodulate/amiga demos/digital fanzine%234 intro.mod	162.27K	compilations/modplanet/normal/cd2/demodulate/amiga demos/digital fanzine%234 intro.mod
file music-module	mirrors/scenesp.org/compilations/modplanet/normal/cd2/demodulate/amiga demos/docs%2331 intro 1 by llfb.mod	71.15K	compilations/modplanet/normal/cd2/demodulate/amiga demos/docs%2331 intro 1 by llfb.mod
file music-module	mirrors/scenesp.org/compilations/modplanet/normal/cd2/demodulate/amiga demos/docs%2331 intro 2 by llfb.mod	5.12K	compilations/modplanet/normal/cd2/demodulate/amiga demos/docs%2331 intro 2 by llfb.mod
file music-module	mirrors/scenesp.org/compilations/modplanet/normal/cd2/demodulate/amiga demos/dracula bbs by darkness.mod	102.52K	compilations/modplanet/normal/cd2/demodulate/amiga demos/dracula bbs by darkness.mod
file music-module	mirrors/scenesp.org/compilations/modplanet/normal/cd2/demodulate/amiga demos/el ocaso del payaso by goblins.mod	206.74K	compilations/modplanet/normal/cd2/demodulate/amiga demos/el ocaso del payaso by goblins.mod
file music-module	mirrors/scenesp.org/compilations/modplanet/normal/cd2/demodulate/amiga demos/euskal 2 slide by llfb.mod	127.94K	compilations/modplanet/normal/cd2/demodulate/amiga demos/euskal 2 slide by llfb.mod
file music-module	mirrors/scenesp.org/compilations/modplanet/normal/cd2/demodulate/amiga demos/euskal 3 video report.mod	207.48K	compilations/modplanet/normal/cd2/demodulate/amiga demos/euskal 3 video report.mod
file music-module	mirrors/scenesp.org/compilations/modplanet/normal/cd2/demodulate/amiga demos/f.i.m. by darkness.mod	234.48K	compilations/modplanet/normal/cd2/demodulate/amiga demos/f.i.m. by darkness.mod
file music-module	mirrors/scenesp.org/compilations/modplanet/normal/cd2/demodulate/amiga demos/face frio by future brain.mod	288.56K	compilations/modplanet/normal/cd2/demodulate/amiga demos/face frio by future brain.mod
file music-module	mirrors/scenesp.org/compilations/modplanet/normal/cd2/demodulate/amiga demos/fanzine%2311 intro by parabellum.mod	90.69K	compilations/modplanet/normal/cd2/demodulate/amiga demos/fanzine%2311 intro by parabellum.mod
file music-module	mirrors/scenesp.org/compilations/modplanet/normal/cd2/demodulate/amiga demos/fanzine%2313 intro by llfb.mod	73.13K	compilations/modplanet/normal/cd2/demodulate/amiga demos/fanzine%2313 intro by llfb.mod
file music-module	mirrors/scenesp.org/compilations/modplanet/normal/cd2/demodulate/amiga demos/fanzine%233 intro by necropolis.mod	75.51K	compilations/modplanet/normal/cd2/demodulate/amiga demos/fanzine%233 intro by necropolis.mod
file music-module	mirrors/scenesp.org/compilations/modplanet/normal/cd2/demodulate/amiga demos/fanzine%234 intro by darkness.mod	113.70K	compilations/modplanet/normal/cd2/demodulate/amiga demos/fanzine%234 intro by darkness.mod
file music-module	mirrors/scenesp.org/compilations/modplanet/normal/cd2/demodulate/amiga demos/fanzine%235 intro by llfb.mod	121.56K	compilations/modplanet/normal/cd2/demodulate/amiga demos/fanzine%235 intro by llfb.mod
file music-module	mirrors/scenesp.org/compilations/modplanet/normal/cd2/demodulate/amiga demos/fanzine%236 intro by llfb.mod	58.59K	compilations/modplanet/normal/cd2/demodulate/amiga demos/fanzine%236 intro by llfb.mod
file music-module	mirrors/scenesp.org/compilations/modplanet/normal/cd2/demodulate/amiga demos/fanzine%237 intro by artifizial.mod	225.97K	compilations/modplanet/normal/cd2/demodulate/amiga demos/fanzine%237 intro by artifizial.mod
file music-module	mirrors/scenesp.org/compilations/modplanet/normal/cd2/demodulate/amiga demos/fanzine%239 intro by metro.mod	12.51K	compilations/modplanet/normal/cd2/demodulate/amiga demos/fanzine%239 intro by metro.mod
file music-module	mirrors/scenesp.org/compilations/modplanet/normal/cd2/demodulate/amiga demos/fredius party 94 invtro.mod	196.39K	compilations/modplanet/normal/cd2/demodulate/amiga demos/fredius party 94 invtro.mod
file music-module	mirrors/scenesp.org/compilations/modplanet/normal/cd2/demodulate/amiga demos/genesis by llfb.mod	144.07K	compilations/modplanet/normal/cd2/demodulate/amiga demos/genesis by llfb.mod
file music-module	mirrors/scenesp.org/compilations/modplanet/normal/cd2/demodulate/amiga demos/innergate 1 by necropolis.mod	565.97K	compilations/modplanet/normal/cd2/demodulate/amiga demos/innergate 1 by necropolis.mod
file music-module	mirrors/scenesp.org/compilations/modplanet/normal/cd2/demodulate/amiga demos/innergate 2 by necropolis.mod	328.71K	compilations/modplanet/normal/cd2/demodulate/amiga demos/innergate 2 by necropolis.mod
file music-module	mirrors/scenesp.org/compilations/modplanet/normal/cd2/demodulate/amiga demos/introxele by odrusba.mod	50.14K	compilations/modplanet/normal/cd2/demodulate/amiga demos/introxele by odrusba.mod
file music-module	mirrors/scenesp.org/compilations/modplanet/normal/cd2/demodulate/amiga demos/killing joe by batman group.mod	180.50K	compilations/modplanet/normal/cd2/demodulate/amiga demos/killing joe by batman group.mod
file music-module	mirrors/scenesp.org/compilations/modplanet/normal/cd2/demodulate/amiga demos/landing zone bbs by capsule.mod	43.53K	compilations/modplanet/normal/cd2/demodulate/amiga demos/landing zone bbs by capsule.mod
file music-module	mirrors/scenesp.org/compilations/modplanet/normal/cd2/demodulate/amiga demos/millions bugs by dreams day.mod	704.49K	compilations/modplanet/normal/cd2/demodulate/amiga demos/millions bugs by dreams day.mod
file music-module	mirrors/scenesp.org/compilations/modplanet/normal/cd2/demodulate/amiga demos/neo by darkage.mod	811.34K	compilations/modplanet/normal/cd2/demodulate/amiga demos/neo by darkage.mod
file music-module	mirrors/scenesp.org/compilations/modplanet/normal/cd2/demodulate/amiga demos/neo2 by darkage.mod	797.87K	compilations/modplanet/normal/cd2/demodulate/amiga demos/neo2 by darkage.mod
file music-module	mirrors/scenesp.org/compilations/modplanet/normal/cd2/demodulate/amiga demos/no more lies 1 by network.mod	162.68K	compilations/modplanet/normal/cd2/demodulate/amiga demos/no more lies 1 by network.mod
file music-module	mirrors/scenesp.org/compilations/modplanet/normal/cd2/demodulate/amiga demos/no more lies 2 by network.mod	217.41K	compilations/modplanet/normal/cd2/demodulate/amiga demos/no more lies 2 by network.mod
file music-module	mirrors/scenesp.org/compilations/modplanet/normal/cd2/demodulate/amiga demos/now know how by amiga circle.mod	263.58K	compilations/modplanet/normal/cd2/demodulate/amiga demos/now know how by amiga circle.mod
file music-module	mirrors/scenesp.org/compilations/modplanet/normal/cd2/demodulate/amiga demos/pandemonioum by software failure.mod	220.96K	compilations/modplanet/normal/cd2/demodulate/amiga demos/pandemonioum by software failure.mod
file music-module	mirrors/scenesp.org/compilations/modplanet/normal/cd2/demodulate/amiga demos/phase one 1 by capsule.mod	519.20K	compilations/modplanet/normal/cd2/demodulate/amiga demos/phase one 1 by capsule.mod
file music-module	mirrors/scenesp.org/compilations/modplanet/normal/cd2/demodulate/amiga demos/phase one 2 by capsule.mod	525.33K	compilations/modplanet/normal/cd2/demodulate/amiga demos/phase one 2 by capsule.mod
file music-module	mirrors/scenesp.org/compilations/modplanet/normal/cd2/demodulate/amiga demos/phase one 3 by capsule.mod	583.23K	compilations/modplanet/normal/cd2/demodulate/amiga demos/phase one 3 by capsule.mod
file music-module	mirrors/scenesp.org/compilations/modplanet/normal/cd2/demodulate/amiga demos/planet intro by darkage.mod	68.48K	compilations/modplanet/normal/cd2/demodulate/amiga demos/planet intro by darkage.mod
file music-module	mirrors/scenesp.org/compilations/modplanet/normal/cd2/demodulate/amiga demos/scared by ozone.mod	138.15K	compilations/modplanet/normal/cd2/demodulate/amiga demos/scared by ozone.mod
file music-module	mirrors/scenesp.org/compilations/modplanet/normal/cd2/demodulate/amiga demos/seenpoint7 by scoopex.mod	276.17K	compilations/modplanet/normal/cd2/demodulate/amiga demos/seenpoint7 by scoopex.mod
file music-module	mirrors/scenesp.org/compilations/modplanet/normal/cd2/demodulate/amiga demos/seven days by darkness.mod	138.23K	compilations/modplanet/normal/cd2/demodulate/amiga demos/seven days by darkness.mod
file music-module	mirrors/scenesp.org/compilations/modplanet/normal/cd2/demodulate/amiga demos/short by capsule.mod	321.93K	compilations/modplanet/normal/cd2/demodulate/amiga demos/short by capsule.mod
file music-module	mirrors/scenesp.org/compilations/modplanet/normal/cd2/demodulate/amiga demos/showtime%2311 intro by darkage.mod	238.42K	compilations/modplanet/normal/cd2/demodulate/amiga demos/showtime%2311 intro by darkage.mod
file music-module	mirrors/scenesp.org/compilations/modplanet/normal/cd2/demodulate/amiga demos/showtime%235 intro by darkage.mod	45.11K	compilations/modplanet/normal/cd2/demodulate/amiga demos/showtime%235 intro by darkage.mod
file music-module	mirrors/scenesp.org/compilations/modplanet/normal/cd2/demodulate/amiga demos/showtime%238 intro by ozone.mod	278.80K	compilations/modplanet/normal/cd2/demodulate/amiga demos/showtime%238 intro by ozone.mod
file music-module	mirrors/scenesp.org/compilations/modplanet/normal/cd2/demodulate/amiga demos/showtime%239 gallery.mod	258.36K	compilations/modplanet/normal/cd2/demodulate/amiga demos/showtime%239 gallery.mod
file music-module	mirrors/scenesp.org/compilations/modplanet/normal/cd2/demodulate/amiga demos/smoke bomb by ozone.mod	879.22K	compilations/modplanet/normal/cd2/demodulate/amiga demos/smoke bomb by ozone.mod
file music-module	mirrors/scenesp.org/compilations/modplanet/normal/cd2/demodulate/amiga demos/spanish archer intro by darkness.mod	155.50K	compilations/modplanet/normal/cd2/demodulate/amiga demos/spanish archer intro by darkness.mod
file music-module	mirrors/scenesp.org/compilations/modplanet/normal/cd2/demodulate/amiga demos/synthesis by network.mod	418.44K	compilations/modplanet/normal/cd2/demodulate/amiga demos/synthesis by network.mod
file music-module	mirrors/scenesp.org/compilations/modplanet/normal/cd2/demodulate/amiga demos/the last inline by capsule.mod	846.23K	compilations/modplanet/normal/cd2/demodulate/amiga demos/the last inline by capsule.mod
file music-module	mirrors/scenesp.org/compilations/modplanet/normal/cd2/demodulate/amiga demos/u ain't first by metro.mod	46.65K	compilations/modplanet/normal/cd2/demodulate/amiga demos/u ain't first by metro.mod
file music-module	mirrors/scenesp.org/compilations/modplanet/normal/cd2/demodulate/amiga demos/ufo by ozone.mod	605.46K	compilations/modplanet/normal/cd2/demodulate/amiga demos/ufo by ozone.mod
file music-module	mirrors/scenesp.org/compilations/modplanet/normal/cd2/demodulate/amiga demos/under the hammer by zaborra.mod	335.30K	compilations/modplanet/normal/cd2/demodulate/amiga demos/under the hammer by zaborra.mod
file music-module	mirrors/scenesp.org/compilations/modplanet/normal/cd2/demodulate/amiga demos/unlimited lands by nah kolor.mod	617.99K	compilations/modplanet/normal/cd2/demodulate/amiga demos/unlimited lands by nah kolor.mod
file music-module	mirrors/scenesp.org/compilations/modplanet/normal/cd2/demodulate/amiga demos/wind birthro by tnc.mod	11.84K	compilations/modplanet/normal/cd2/demodulate/amiga demos/wind birthro by tnc.mod
file music-module	mirrors/scenesp.org/compilations/modplanet/normal/cd2/demodulate/amiga demos/yo ke sse! slide by digimed.mod	97.06K	compilations/modplanet/normal/cd2/demodulate/amiga demos/yo ke sse! slide by digimed.mod
file music-module	mirrors/scenesp.org/compilations/modplanet/normal/cd2/demodulate/amiga diskmags/amiga dreams%238.mod	201.55K	compilations/modplanet/normal/cd2/demodulate/amiga diskmags/amiga dreams%238.mod
file music-module	mirrors/scenesp.org/compilations/modplanet/normal/cd2/demodulate/amiga diskmags/devils inside%238 by llfb.mod	23.79K	compilations/modplanet/normal/cd2/demodulate/amiga diskmags/devils inside%238 by llfb.mod
file music-module	mirrors/scenesp.org/compilations/modplanet/normal/cd2/demodulate/amiga diskmags/dig fanzine%235 by future brain.mod	77.25K	compilations/modplanet/normal/cd2/demodulate/amiga diskmags/dig fanzine%235 by future brain.mod
file music-module	mirrors/scenesp.org/compilations/modplanet/normal/cd2/demodulate/amiga diskmags/docs%2324 by llfb.mod	26.19K	compilations/modplanet/normal/cd2/demodulate/amiga diskmags/docs%2324 by llfb.mod
file music-module	mirrors/scenesp.org/compilations/modplanet/normal/cd2/demodulate/amiga diskmags/docs%2326 by llfb.mod	108.61K	compilations/modplanet/normal/cd2/demodulate/amiga diskmags/docs%2326 by llfb.mod
file music-module	mirrors/scenesp.org/compilations/modplanet/normal/cd2/demodulate/amiga diskmags/docs%2327 by llfb.mod	126.32K	compilations/modplanet/normal/cd2/demodulate/amiga diskmags/docs%2327 by llfb.mod
file music-module	mirrors/scenesp.org/compilations/modplanet/normal/cd2/demodulate/amiga diskmags/docs%2328 by llfb.mod	134.82K	compilations/modplanet/normal/cd2/demodulate/amiga diskmags/docs%2328 by llfb.mod
file music-module	mirrors/scenesp.org/compilations/modplanet/normal/cd2/demodulate/amiga diskmags/docs%2330 by llfb.mod	210.88K	compilations/modplanet/normal/cd2/demodulate/amiga diskmags/docs%2330 by llfb.mod
file music-module	mirrors/scenesp.org/compilations/modplanet/normal/cd2/demodulate/amiga diskmags/docs%2331 1 by llfb.mod	318.29K	compilations/modplanet/normal/cd2/demodulate/amiga diskmags/docs%2331 1 by llfb.mod
file music-module	mirrors/scenesp.org/compilations/modplanet/normal/cd2/demodulate/amiga diskmags/docs%2331 2 by llfb.mod	183.75K	compilations/modplanet/normal/cd2/demodulate/amiga diskmags/docs%2331 2 by llfb.mod
file music-module	mirrors/scenesp.org/compilations/modplanet/normal/cd2/demodulate/amiga diskmags/fanzine%231.mod	37.08K	compilations/modplanet/normal/cd2/demodulate/amiga diskmags/fanzine%231.mod
file music-module	mirrors/scenesp.org/compilations/modplanet/normal/cd2/demodulate/amiga diskmags/fanzine%2310.mod	120.61K	compilations/modplanet/normal/cd2/demodulate/amiga diskmags/fanzine%2310.mod
file music-module	mirrors/scenesp.org/compilations/modplanet/normal/cd2/demodulate/amiga diskmags/fanzine%2311.mod	117.31K	compilations/modplanet/normal/cd2/demodulate/amiga diskmags/fanzine%2311.mod
file music-module	mirrors/scenesp.org/compilations/modplanet/normal/cd2/demodulate/amiga diskmags/fanzine%2312.mod	117.62K	compilations/modplanet/normal/cd2/demodulate/amiga diskmags/fanzine%2312.mod
file music-module	mirrors/scenesp.org/compilations/modplanet/normal/cd2/demodulate/amiga diskmags/fanzine%2313.mod	11.52K	compilations/modplanet/normal/cd2/demodulate/amiga diskmags/fanzine%2313.mod
file music-module	mirrors/scenesp.org/compilations/modplanet/normal/cd2/demodulate/amiga diskmags/fanzine%232.mod	68.82K	compilations/modplanet/normal/cd2/demodulate/amiga diskmags/fanzine%232.mod
file music-module	mirrors/scenesp.org/compilations/modplanet/normal/cd2/demodulate/amiga diskmags/fanzine%233.mod	101.96K	compilations/modplanet/normal/cd2/demodulate/amiga diskmags/fanzine%233.mod
file music-module	mirrors/scenesp.org/compilations/modplanet/normal/cd2/demodulate/amiga diskmags/fanzine%234.mod	145.82K	compilations/modplanet/normal/cd2/demodulate/amiga diskmags/fanzine%234.mod
file music-module	mirrors/scenesp.org/compilations/modplanet/normal/cd2/demodulate/amiga diskmags/fanzine%235.mod	116.22K	compilations/modplanet/normal/cd2/demodulate/amiga diskmags/fanzine%235.mod
file music-module	mirrors/scenesp.org/compilations/modplanet/normal/cd2/demodulate/amiga diskmags/fanzine%236.mod	46.02K	compilations/modplanet/normal/cd2/demodulate/amiga diskmags/fanzine%236.mod
file music-module	mirrors/scenesp.org/compilations/modplanet/normal/cd2/demodulate/amiga diskmags/fanzine%237.mod	106.09K	compilations/modplanet/normal/cd2/demodulate/amiga diskmags/fanzine%237.mod
file music-module	mirrors/scenesp.org/compilations/modplanet/normal/cd2/demodulate/amiga diskmags/fanzine%238.mod	117.17K	compilations/modplanet/normal/cd2/demodulate/amiga diskmags/fanzine%238.mod
file music-module	mirrors/scenesp.org/compilations/modplanet/normal/cd2/demodulate/amiga diskmags/fanzine%239.mod	104.15K	compilations/modplanet/normal/cd2/demodulate/amiga diskmags/fanzine%239.mod
file music-module	mirrors/scenesp.org/compilations/modplanet/normal/cd2/demodulate/amiga diskmags/fanzine.mod	191.50K	compilations/modplanet/normal/cd2/demodulate/amiga diskmags/fanzine.mod
file music-module	mirrors/scenesp.org/compilations/modplanet/normal/cd2/demodulate/amiga diskmags/trashcan%230.mod	128.06K	compilations/modplanet/normal/cd2/demodulate/amiga diskmags/trashcan%230.mod
file music-module	mirrors/scenesp.org/compilations/modplanet/normal/cd2/demodulate/amiga diskmags/trashcan%231.mod	123.80K	compilations/modplanet/normal/cd2/demodulate/amiga diskmags/trashcan%231.mod
file music-module	mirrors/scenesp.org/compilations/modplanet/normal/cd2/demodulate/amiga diskmags/trashcan%232.mod	109.84K	compilations/modplanet/normal/cd2/demodulate/amiga diskmags/trashcan%232.mod
file music-module	mirrors/scenesp.org/compilations/modplanet/normal/cd2/demodulate/amiga diskmags/trashcan%233 english.mod	195.12K	compilations/modplanet/normal/cd2/demodulate/amiga diskmags/trashcan%233 english.mod
file music-module	mirrors/scenesp.org/compilations/modplanet/normal/cd2/demodulate/amiga diskmags/trashcan%233.mod	116.46K	compilations/modplanet/normal/cd2/demodulate/amiga diskmags/trashcan%233.mod
file music-module	mirrors/scenesp.org/compilations/modplanet/normal/cd2/demodulate/amiga diskmags/trashcan%234.mod	132.67K	compilations/modplanet/normal/cd2/demodulate/amiga diskmags/trashcan%234.mod
file music-module	mirrors/scenesp.org/compilations/modplanet/normal/cd2/demodulate/amiga intros/anorexia by network.mod	24.15K	compilations/modplanet/normal/cd2/demodulate/amiga intros/anorexia by network.mod
file music-module	mirrors/scenesp.org/compilations/modplanet/normal/cd2/demodulate/amiga intros/birthday intro by capsule.mod	52.77K	compilations/modplanet/normal/cd2/demodulate/amiga intros/birthday intro by capsule.mod
file music-module	mirrors/scenesp.org/compilations/modplanet/normal/cd2/demodulate/amiga intros/career by capsule.mod	22.13K	compilations/modplanet/normal/cd2/demodulate/amiga intros/career by capsule.mod
file music-module	mirrors/scenesp.org/compilations/modplanet/normal/cd2/demodulate/amiga intros/changing by capsule.mod	58.92K	compilations/modplanet/normal/cd2/demodulate/amiga intros/changing by capsule.mod
file music-module	mirrors/scenesp.org/compilations/modplanet/normal/cd2/demodulate/amiga intros/crack your brain by darkness.mod	36.23K	compilations/modplanet/normal/cd2/demodulate/amiga intros/crack your brain by darkness.mod
file music-module	mirrors/scenesp.org/compilations/modplanet/normal/cd2/demodulate/amiga intros/crazy days by necropolis.mod	28.79K	compilations/modplanet/normal/cd2/demodulate/amiga intros/crazy days by necropolis.mod
file music-module	mirrors/scenesp.org/compilations/modplanet/normal/cd2/demodulate/amiga intros/dangerous by amiga circle.mod	9.26K	compilations/modplanet/normal/cd2/demodulate/amiga intros/dangerous by amiga circle.mod
file music-module	mirrors/scenesp.org/compilations/modplanet/normal/cd2/demodulate/amiga intros/distorsions by batman group and tnc.mod	14.28K	compilations/modplanet/normal/cd2/demodulate/amiga intros/distorsions by batman group and tnc.mod
file music-module	mirrors/scenesp.org/compilations/modplanet/normal/cd2/demodulate/amiga intros/dog by darkness.mod	14.20K	compilations/modplanet/normal/cd2/demodulate/amiga intros/dog by darkness.mod
file music-module	mirrors/scenesp.org/compilations/modplanet/normal/cd2/demodulate/amiga intros/euskal2 invtro by amiga circle.mod	15.29K	compilations/modplanet/normal/cd2/demodulate/amiga intros/euskal2 invtro by amiga circle.mod
file music-module	mirrors/scenesp.org/compilations/modplanet/normal/cd2/demodulate/amiga intros/euskal8 cracktro by network.mod	10.23K	compilations/modplanet/normal/cd2/demodulate/amiga intros/euskal8 cracktro by network.mod
file music-module	mirrors/scenesp.org/compilations/modplanet/normal/cd2/demodulate/amiga intros/fetish by ozone.mod	60.30K	compilations/modplanet/normal/cd2/demodulate/amiga intros/fetish by ozone.mod
file music-module	mirrors/scenesp.org/compilations/modplanet/normal/cd2/demodulate/amiga intros/finstro by necropolis.mod	14.11K	compilations/modplanet/normal/cd2/demodulate/amiga intros/finstro by necropolis.mod
file music-module	mirrors/scenesp.org/compilations/modplanet/normal/cd2/demodulate/amiga intros/hipnosis by dreams day.mod	28.60K	compilations/modplanet/normal/cd2/demodulate/amiga intros/hipnosis by dreams day.mod
file music-module	mirrors/scenesp.org/compilations/modplanet/normal/cd2/demodulate/amiga intros/hipnosis by nexus team.mod	28.60K	compilations/modplanet/normal/cd2/demodulate/amiga intros/hipnosis by nexus team.mod
file music-module	mirrors/scenesp.org/compilations/modplanet/normal/cd2/demodulate/amiga intros/in progress by darkness.mod	59.46K	compilations/modplanet/normal/cd2/demodulate/amiga intros/in progress by darkness.mod
file music-module	mirrors/scenesp.org/compilations/modplanet/normal/cd2/demodulate/amiga intros/matea by necropolis.mod	29.30K	compilations/modplanet/normal/cd2/demodulate/amiga intros/matea by necropolis.mod
file music-module	mirrors/scenesp.org/compilations/modplanet/normal/cd2/demodulate/amiga intros/mecanica by software failure.mod	23.34K	compilations/modplanet/normal/cd2/demodulate/amiga intros/mecanica by software failure.mod
file music-module	mirrors/scenesp.org/compilations/modplanet/normal/cd2/demodulate/amiga intros/money by amiga circle.mod	19.52K	compilations/modplanet/normal/cd2/demodulate/amiga intros/money by amiga circle.mod
file music-module	mirrors/scenesp.org/compilations/modplanet/normal/cd2/demodulate/amiga intros/neuroblasto by software failure.mod	53.60K	compilations/modplanet/normal/cd2/demodulate/amiga intros/neuroblasto by software failure.mod
file music-module	mirrors/scenesp.org/compilations/modplanet/normal/cd2/demodulate/amiga intros/proklive by ozone and network.mod	29.49K	compilations/modplanet/normal/cd2/demodulate/amiga intros/proklive by ozone and network.mod
file music-module	mirrors/scenesp.org/compilations/modplanet/normal/cd2/demodulate/amiga intros/shinjuku by darkage.mod	37.21K	compilations/modplanet/normal/cd2/demodulate/amiga intros/shinjuku by darkage.mod
file music-module	mirrors/scenesp.org/compilations/modplanet/normal/cd2/demodulate/amiga intros/skylight by necropolis.mod	54.66K	compilations/modplanet/normal/cd2/demodulate/amiga intros/skylight by necropolis.mod
file music-module	mirrors/scenesp.org/compilations/modplanet/normal/cd2/demodulate/amiga intros/the race game by darkness.mod	23.17K	compilations/modplanet/normal/cd2/demodulate/amiga intros/the race game by darkness.mod
file music-module	mirrors/scenesp.org/compilations/modplanet/normal/cd2/demodulate/amiga intros/trashcan%233 intro.mod	62.36K	compilations/modplanet/normal/cd2/demodulate/amiga intros/trashcan%233 intro.mod
file music-module	mirrors/scenesp.org/compilations/modplanet/normal/cd2/demodulate/amiga intros/trashcan%234 intro.mod	46.99K	compilations/modplanet/normal/cd2/demodulate/amiga intros/trashcan%234 intro.mod
file music-module	mirrors/scenesp.org/compilations/modplanet/normal/cd2/demodulate/amiga intros/trinitrotolueno by software failure.mod	15.47K	compilations/modplanet/normal/cd2/demodulate/amiga intros/trinitrotolueno by software failure.mod
file music-module	mirrors/scenesp.org/compilations/modplanet/normal/cd2/demodulate/amiga intros/trsi intro by darkness.mod	19.87K	compilations/modplanet/normal/cd2/demodulate/amiga intros/trsi intro by darkness.mod
file music-module	mirrors/scenesp.org/compilations/modplanet/normal/cd2/demodulate/pc demos/anubis by the banner.mod	594.37K	compilations/modplanet/normal/cd2/demodulate/pc demos/anubis by the banner.mod
file music-module	mirrors/scenesp.org/compilations/modplanet/normal/cd2/demodulate/pc demos/apocalypse by tlotb.mod	466.35K	compilations/modplanet/normal/cd2/demodulate/pc demos/apocalypse by tlotb.mod
file music-module	mirrors/scenesp.org/compilations/modplanet/normal/cd2/demodulate/pc demos/arroutada 5 invtro by dosis.mod	63.25K	compilations/modplanet/normal/cd2/demodulate/pc demos/arroutada 5 invtro by dosis.mod
file music-module	mirrors/scenesp.org/compilations/modplanet/normal/cd2/demodulate/pc demos/blizzard by the banner.mod	370.14K	compilations/modplanet/normal/cd2/demodulate/pc demos/blizzard by the banner.mod
file music-module	mirrors/scenesp.org/compilations/modplanet/normal/cd2/demodulate/pc demos/epi2 1 by dosis.mod	123.24K	compilations/modplanet/normal/cd2/demodulate/pc demos/epi2 1 by dosis.mod
file music-module	mirrors/scenesp.org/compilations/modplanet/normal/cd2/demodulate/pc demos/epi2 2 by dosis.mod	222.19K	compilations/modplanet/normal/cd2/demodulate/pc demos/epi2 2 by dosis.mod
file music-module	mirrors/scenesp.org/compilations/modplanet/normal/cd2/demodulate/pc demos/epi2 3 by dosis.mod	246.49K	compilations/modplanet/normal/cd2/demodulate/pc demos/epi2 3 by dosis.mod
file music-module	mirrors/scenesp.org/compilations/modplanet/normal/cd2/demodulate/pc demos/euskal party 3 invtro by iguana.mod	100.80K	compilations/modplanet/normal/cd2/demodulate/pc demos/euskal party 3 invtro by iguana.mod
file music-module	mirrors/scenesp.org/compilations/modplanet/normal/cd2/demodulate/pc demos/euskal party 5 report by tlotb.mod	297.41K	compilations/modplanet/normal/cd2/demodulate/pc demos/euskal party 5 report by tlotb.mod
file music-module	mirrors/scenesp.org/compilations/modplanet/normal/cd2/demodulate/pc demos/fachasparty report by elite.mod	168.38K	compilations/modplanet/normal/cd2/demodulate/pc demos/fachasparty report by elite.mod
file music-module	mirrors/scenesp.org/compilations/modplanet/normal/cd2/demodulate/pc demos/fallas95 by tlotb.mod	106.95K	compilations/modplanet/normal/cd2/demodulate/pc demos/fallas95 by tlotb.mod
file music-module	mirrors/scenesp.org/compilations/modplanet/normal/cd2/demodulate/pc demos/fallas99 invtro by tlotb.mod	83.86K	compilations/modplanet/normal/cd2/demodulate/pc demos/fallas99 invtro by tlotb.mod
file music-module	mirrors/scenesp.org/compilations/modplanet/normal/cd2/demodulate/pc demos/flash! 2 by unknown.mod	138.94K	compilations/modplanet/normal/cd2/demodulate/pc demos/flash! 2 by unknown.mod
file music-module	mirrors/scenesp.org/compilations/modplanet/normal/cd2/demodulate/pc demos/flash! 3 by unknown.mod	110.72K	compilations/modplanet/normal/cd2/demodulate/pc demos/flash! 3 by unknown.mod
file music-module	mirrors/scenesp.org/compilations/modplanet/normal/cd2/demodulate/pc demos/heartquake 1 by iguana.mod	118.45K	compilations/modplanet/normal/cd2/demodulate/pc demos/heartquake 1 by iguana.mod
file music-module	mirrors/scenesp.org/compilations/modplanet/normal/cd2/demodulate/pc demos/heartquake 2 by iguana.mod	300.97K	compilations/modplanet/normal/cd2/demodulate/pc demos/heartquake 2 by iguana.mod
file music-module	mirrors/scenesp.org/compilations/modplanet/normal/cd2/demodulate/pc demos/heartquake 3 by iguana.mod	362.67K	compilations/modplanet/normal/cd2/demodulate/pc demos/heartquake 3 by iguana.mod
file music-module	mirrors/scenesp.org/compilations/modplanet/normal/cd2/demodulate/pc demos/improvice by tlotb.mod	478.11K	compilations/modplanet/normal/cd2/demodulate/pc demos/improvice by tlotb.mod
file music-module	mirrors/scenesp.org/compilations/modplanet/normal/cd2/demodulate/pc demos/life at arroutada 9 by nomore.mod	179.39K	compilations/modplanet/normal/cd2/demodulate/pc demos/life at arroutada 9 by nomore.mod
file music-module	mirrors/scenesp.org/compilations/modplanet/normal/cd2/demodulate/pc demos/live at arroutada9 by nomore.mod	179.39K	compilations/modplanet/normal/cd2/demodulate/pc demos/live at arroutada9 by nomore.mod
file music-module	mirrors/scenesp.org/compilations/modplanet/normal/cd2/demodulate/pc demos/my palos juice by viruta team.mod	688.89K	compilations/modplanet/normal/cd2/demodulate/pc demos/my palos juice by viruta team.mod
file music-module	mirrors/scenesp.org/compilations/modplanet/normal/cd2/demodulate/pc demos/puajjj 2 by ispania.mod	174.80K	compilations/modplanet/normal/cd2/demodulate/pc demos/puajjj 2 by ispania.mod
file music-module	mirrors/scenesp.org/compilations/modplanet/normal/cd2/demodulate/pc demos/puajjj 3 by ispania.mod	145.03K	compilations/modplanet/normal/cd2/demodulate/pc demos/puajjj 3 by ispania.mod
file music-module	mirrors/scenesp.org/compilations/modplanet/normal/cd2/demodulate/pc demos/puajjj 4 by ispania.mod	289.57K	compilations/modplanet/normal/cd2/demodulate/pc demos/puajjj 4 by ispania.mod
file music-module	mirrors/scenesp.org/compilations/modplanet/normal/cd2/demodulate/pc demos/puajjj 5 by ispania.mod	146.76K	compilations/modplanet/normal/cd2/demodulate/pc demos/puajjj 5 by ispania.mod
file music-module	mirrors/scenesp.org/compilations/modplanet/normal/cd2/demodulate/pc demos/simple 1 by spanish lords.mod	221.21K	compilations/modplanet/normal/cd2/demodulate/pc demos/simple 1 by spanish lords.mod
file music-module	mirrors/scenesp.org/compilations/modplanet/normal/cd2/demodulate/pc demos/simple 2 by spanish lords.mod	234.24K	compilations/modplanet/normal/cd2/demodulate/pc demos/simple 2 by spanish lords.mod
file music-module	mirrors/scenesp.org/compilations/modplanet/normal/cd2/demodulate/pc demos/simple 3 by spanish lords.mod	233.61K	compilations/modplanet/normal/cd2/demodulate/pc demos/simple 3 by spanish lords.mod
file music-module	mirrors/scenesp.org/compilations/modplanet/normal/cd2/demodulate/pc demos/simple 4 by spanish lords.mod	206.65K	compilations/modplanet/normal/cd2/demodulate/pc demos/simple 4 by spanish lords.mod
file music-module	mirrors/scenesp.org/compilations/modplanet/normal/cd2/demodulate/pc demos/sirio by the banner.mod	724.22K	compilations/modplanet/normal/cd2/demodulate/pc demos/sirio by the banner.mod
file music-module	mirrors/scenesp.org/compilations/modplanet/normal/cd2/demodulate/pc demos/sublime by cimedia.mod	546.79K	compilations/modplanet/normal/cd2/demodulate/pc demos/sublime by cimedia.mod
file music-module	mirrors/scenesp.org/compilations/modplanet/normal/cd2/demodulate/pc demos/tope kie 3 by elite.mod	24.97K	compilations/modplanet/normal/cd2/demodulate/pc demos/tope kie 3 by elite.mod
file music-module	mirrors/scenesp.org/compilations/modplanet/normal/cd2/demodulate/pc demos/tope kie by elite.mod	169.01K	compilations/modplanet/normal/cd2/demodulate/pc demos/tope kie by elite.mod
file music-module	mirrors/scenesp.org/compilations/modplanet/normal/cd2/demodulate/pc diskmags/ceibe%231 1 by centosis.mod	91.47K	compilations/modplanet/normal/cd2/demodulate/pc diskmags/ceibe%231 1 by centosis.mod
file music-module	mirrors/scenesp.org/compilations/modplanet/normal/cd2/demodulate/pc diskmags/imphobia%2311.mod	188.88K	compilations/modplanet/normal/cd2/demodulate/pc diskmags/imphobia%2311.mod
file music-module	mirrors/scenesp.org/compilations/modplanet/normal/cd2/demodulate/pc diskmags/pain1001.mod	289.38K	compilations/modplanet/normal/cd2/demodulate/pc diskmags/pain1001.mod
file music-module	mirrors/scenesp.org/compilations/modplanet/normal/cd2/demodulate/pc intros/abduction by tlotb.mod	37.15K	compilations/modplanet/normal/cd2/demodulate/pc intros/abduction by tlotb.mod
file music-module	mirrors/scenesp.org/compilations/modplanet/normal/cd2/demodulate/pc intros/chaemeleon by c.team.mod	45.74K	compilations/modplanet/normal/cd2/demodulate/pc intros/chaemeleon by c.team.mod
file music-module	mirrors/scenesp.org/compilations/modplanet/normal/cd2/demodulate/pc intros/durantro by iguana and chanka.mod	4.31K	compilations/modplanet/normal/cd2/demodulate/pc intros/durantro by iguana and chanka.mod
file music-module	mirrors/scenesp.org/compilations/modplanet/normal/cd2/demodulate/pc intros/euskal wars by elerium core.mod	43.92K	compilations/modplanet/normal/cd2/demodulate/pc intros/euskal wars by elerium core.mod
file music-module	mirrors/scenesp.org/compilations/modplanet/normal/cd2/demodulate/pc intros/follow me by 2 many ppl.mod	30.69K	compilations/modplanet/normal/cd2/demodulate/pc intros/follow me by 2 many ppl.mod
file music-module	mirrors/scenesp.org/compilations/modplanet/normal/cd2/demodulate/pc intros/hysteria by tlotb.mod	37.32K	compilations/modplanet/normal/cd2/demodulate/pc intros/hysteria by tlotb.mod
file music-module	mirrors/scenesp.org/compilations/modplanet/normal/cd2/demodulate/pc intros/mind blur by elerium core.mod	47.19K	compilations/modplanet/normal/cd2/demodulate/pc intros/mind blur by elerium core.mod
file music-module	mirrors/scenesp.org/compilations/modplanet/normal/cd2/demodulate/pc intros/moderator by mcd.mod	42.03K	compilations/modplanet/normal/cd2/demodulate/pc intros/moderator by mcd.mod
file music-module	mirrors/scenesp.org/compilations/modplanet/normal/cd2/demodulate/pc intros/nofrost by tlotb.mod	21.62K	compilations/modplanet/normal/cd2/demodulate/pc intros/nofrost by tlotb.mod
file music-module	mirrors/scenesp.org/compilations/modplanet/normal/cd2/demodulate/pc intros/pc by hansa.mod	23.17K	compilations/modplanet/normal/cd2/demodulate/pc intros/pc by hansa.mod
file music-module	mirrors/scenesp.org/compilations/modplanet/normal/cd2/demodulate/pc intros/poison by tlotb.mod	46.46K	compilations/modplanet/normal/cd2/demodulate/pc intros/poison by tlotb.mod
file music-module	mirrors/scenesp.org/compilations/modplanet/normal/cd2/demodulate/pc intros/psychotherapy by tlotb.mod	19.17K	compilations/modplanet/normal/cd2/demodulate/pc intros/psychotherapy by tlotb.mod
file music-module	mirrors/scenesp.org/compilations/modplanet/normal/cd2/demodulate/pc intros/romantic by miracle.mod	48.68K	compilations/modplanet/normal/cd2/demodulate/pc intros/romantic by miracle.mod
file music-module	mirrors/scenesp.org/compilations/modplanet/normal/cd2/demodulate/pc intros/sensations by sos.mod	48.30K	compilations/modplanet/normal/cd2/demodulate/pc intros/sensations by sos.mod
file music-module	mirrors/scenesp.org/compilations/modplanet/normal/cd2/demodulate/pc intros/try it by tlotb.mod	39.56K	compilations/modplanet/normal/cd2/demodulate/pc intros/try it by tlotb.mod
file music-module	mirrors/scenesp.org/compilations/modplanet/normal/cd2/demodulate/pc intros/utopic by savage.mod	31.96K	compilations/modplanet/normal/cd2/demodulate/pc intros/utopic by savage.mod
file music-module	mirrors/scenesp.org/compilations/modplanet/normal/cd2/demodulate/pc intros/wintermute by gore design.mod	34.14K	compilations/modplanet/normal/cd2/demodulate/pc intros/wintermute by gore design.mod
file music-module	mirrors/scenesp.org/compilations/modplanet/normal/cd2/demodulate/pc intros/zapping by senco.mod	20.23K	compilations/modplanet/normal/cd2/demodulate/pc intros/zapping by senco.mod
file music-module	mirrors/scenesp.org/compilations/modplanet/normal/cd2/misc/chipcorner/classics.mod	8.16K	compilations/modplanet/normal/cd2/misc/chipcorner/classics.mod
file music-module	mirrors/scenesp.org/compilations/modplanet/normal/cd2/misc/chipcorner/commando.mod	32.08K	compilations/modplanet/normal/cd2/misc/chipcorner/commando.mod
file music-module	mirrors/scenesp.org/compilations/modplanet/normal/cd2/misc/chipcorner/death_flosh.mod	58.87K	compilations/modplanet/normal/cd2/misc/chipcorner/death_flosh.mod
file music-module	mirrors/scenesp.org/compilations/modplanet/normal/cd2/misc/chipcorner/defjam.mod	36.63K	compilations/modplanet/normal/cd2/misc/chipcorner/defjam.mod
file music-module	mirrors/scenesp.org/compilations/modplanet/normal/cd2/misc/chipcorner/euskal_fast-nork.mod	33.44K	compilations/modplanet/normal/cd2/misc/chipcorner/euskal_fast-nork.mod
file music-module	mirrors/scenesp.org/compilations/modplanet/normal/cd2/misc/chipcorner/feel_my_music.mod	6.80K	compilations/modplanet/normal/cd2/misc/chipcorner/feel_my_music.mod
file music-module	mirrors/scenesp.org/compilations/modplanet/normal/cd2/misc/chipcorner/hiddengirl.mod	63.84K	compilations/modplanet/normal/cd2/misc/chipcorner/hiddengirl.mod
file music-module	mirrors/scenesp.org/compilations/modplanet/normal/cd2/misc/chipcorner/highindustry.mod	68.48K	compilations/modplanet/normal/cd2/misc/chipcorner/highindustry.mod
file music-module	mirrors/scenesp.org/compilations/modplanet/normal/cd2/misc/chipcorner/hi_mr_hidden.mod	76.35K	compilations/modplanet/normal/cd2/misc/chipcorner/hi_mr_hidden.mod
file music-module	mirrors/scenesp.org/compilations/modplanet/normal/cd2/misc/chipcorner/holaquehay.mod	16.54K	compilations/modplanet/normal/cd2/misc/chipcorner/holaquehay.mod
file music-module	mirrors/scenesp.org/compilations/modplanet/normal/cd2/misc/chipcorner/hotnumbers.mod	11.28K	compilations/modplanet/normal/cd2/misc/chipcorner/hotnumbers.mod
file music-module	mirrors/scenesp.org/compilations/modplanet/normal/cd2/misc/chipcorner/indiference.mod	16.82K	compilations/modplanet/normal/cd2/misc/chipcorner/indiference.mod
file music-module	mirrors/scenesp.org/compilations/modplanet/normal/cd2/misc/chipcorner/irccompo.mod	87.68K	compilations/modplanet/normal/cd2/misc/chipcorner/irccompo.mod
file music-module	mirrors/scenesp.org/compilations/modplanet/normal/cd2/misc/chipcorner/itsfriendchip.mod	23.70K	compilations/modplanet/normal/cd2/misc/chipcorner/itsfriendchip.mod
file music-module	mirrors/scenesp.org/compilations/modplanet/normal/cd2/misc/chipcorner/moonly.mod	64.43K	compilations/modplanet/normal/cd2/misc/chipcorner/moonly.mod
file music-module	mirrors/scenesp.org/compilations/modplanet/normal/cd2/misc/chipcorner/nautilus.mod	60.52K	compilations/modplanet/normal/cd2/misc/chipcorner/nautilus.mod
file music-module	mirrors/scenesp.org/compilations/modplanet/normal/cd2/misc/chipcorner/pikaboooo.mod	48.66K	compilations/modplanet/normal/cd2/misc/chipcorner/pikaboooo.mod
file music-module	mirrors/scenesp.org/compilations/modplanet/normal/cd2/misc/chipcorner/reference.mod	40.68K	compilations/modplanet/normal/cd2/misc/chipcorner/reference.mod
file music-module	mirrors/scenesp.org/compilations/modplanet/normal/cd2/misc/chipcorner/ryhtmicalmind.mod	41.19K	compilations/modplanet/normal/cd2/misc/chipcorner/ryhtmicalmind.mod
file music-module	mirrors/scenesp.org/compilations/modplanet/normal/cd2/misc/chipcorner/SML_CUBE.MOD	42.16K	compilations/modplanet/normal/cd2/misc/chipcorner/SML_CUBE.MOD
file music-module	mirrors/scenesp.org/compilations/modplanet/normal/cd2/misc/chipcorner/sorry_zorra.mod	16.22K	compilations/modplanet/normal/cd2/misc/chipcorner/sorry_zorra.mod
file music-module	mirrors/scenesp.org/compilations/modplanet/normal/cd2/misc/chipcorner/still1isenough.mod	30.95K	compilations/modplanet/normal/cd2/misc/chipcorner/still1isenough.mod
file music-module	mirrors/scenesp.org/compilations/modplanet/normal/cd2/music disks/pc/fuzzion - ofFlimitS v1.1 linux/audio/anorexia.mod	24.15K	compilations/modplanet/normal/cd2/music disks/pc/fuzzion - ofFlimitS v1.1 linux/audio/anorexia.mod
file music-module	mirrors/scenesp.org/compilations/modplanet/normal/cd2/music disks/pc/fuzzion - ofFlimitS v1.1 linux/audio/birthday.mod	52.77K	compilations/modplanet/normal/cd2/music disks/pc/fuzzion - ofFlimitS v1.1 linux/audio/birthday.mod
file music-module	mirrors/scenesp.org/compilations/modplanet/normal/cd2/music disks/pc/fuzzion - ofFlimitS v1.1 linux/audio/career.mod	22.13K	compilations/modplanet/normal/cd2/music disks/pc/fuzzion - ofFlimitS v1.1 linux/audio/career.mod
file music-module	mirrors/scenesp.org/compilations/modplanet/normal/cd2/music disks/pc/fuzzion - ofFlimitS v1.1 linux/audio/ch3p.mod	14.11K	compilations/modplanet/normal/cd2/music disks/pc/fuzzion - ofFlimitS v1.1 linux/audio/ch3p.mod
file music-module	mirrors/scenesp.org/compilations/modplanet/normal/cd2/music disks/pc/fuzzion - ofFlimitS v1.1 linux/audio/ch4p.mod	28.79K	compilations/modplanet/normal/cd2/music disks/pc/fuzzion - ofFlimitS v1.1 linux/audio/ch4p.mod
file music-module	mirrors/scenesp.org/compilations/modplanet/normal/cd2/music disks/pc/fuzzion - ofFlimitS v1.1 linux/audio/disaster.mod	37.15K	compilations/modplanet/normal/cd2/music disks/pc/fuzzion - ofFlimitS v1.1 linux/audio/disaster.mod
file music-module	mirrors/scenesp.org/compilations/modplanet/normal/cd2/music disks/pc/fuzzion - ofFlimitS v1.1 linux/audio/djuno-chip.mod	15.28K	compilations/modplanet/normal/cd2/music disks/pc/fuzzion - ofFlimitS v1.1 linux/audio/djuno-chip.mod
file music-module	mirrors/scenesp.org/compilations/modplanet/normal/cd2/music disks/pc/fuzzion - ofFlimitS v1.1 linux/audio/dog.mod	14.20K	compilations/modplanet/normal/cd2/music disks/pc/fuzzion - ofFlimitS v1.1 linux/audio/dog.mod
file music-module	mirrors/scenesp.org/compilations/modplanet/normal/cd2/music disks/pc/fuzzion - ofFlimitS v1.1 linux/audio/euk2invt.mod	15.29K	compilations/modplanet/normal/cd2/music disks/pc/fuzzion - ofFlimitS v1.1 linux/audio/euk2invt.mod
file music-module	mirrors/scenesp.org/compilations/modplanet/normal/cd2/music disks/pc/fuzzion - ofFlimitS v1.1 linux/audio/fetish.mod	60.30K	compilations/modplanet/normal/cd2/music disks/pc/fuzzion - ofFlimitS v1.1 linux/audio/fetish.mod
file music-module	mirrors/scenesp.org/compilations/modplanet/normal/cd2/music disks/pc/fuzzion - ofFlimitS v1.1 linux/audio/followme.mod	30.69K	compilations/modplanet/normal/cd2/music disks/pc/fuzzion - ofFlimitS v1.1 linux/audio/followme.mod
file music-module	mirrors/scenesp.org/compilations/modplanet/normal/cd2/music disks/pc/fuzzion - ofFlimitS v1.1 linux/audio/her2.mod	58.92K	compilations/modplanet/normal/cd2/music disks/pc/fuzzion - ofFlimitS v1.1 linux/audio/her2.mod
file music-module	mirrors/scenesp.org/compilations/modplanet/normal/cd2/music disks/pc/fuzzion - ofFlimitS v1.1 linux/audio/hipnosis.mod	28.60K	compilations/modplanet/normal/cd2/music disks/pc/fuzzion - ofFlimitS v1.1 linux/audio/hipnosis.mod
file music-module	mirrors/scenesp.org/compilations/modplanet/normal/cd2/music disks/pc/fuzzion - ofFlimitS v1.1 linux/audio/hysteria.mod	37.32K	compilations/modplanet/normal/cd2/music disks/pc/fuzzion - ofFlimitS v1.1 linux/audio/hysteria.mod
file music-module	mirrors/scenesp.org/compilations/modplanet/normal/cd2/music disks/pc/fuzzion - ofFlimitS v1.1 linux/audio/ineed.mod	15.47K	compilations/modplanet/normal/cd2/music disks/pc/fuzzion - ofFlimitS v1.1 linux/audio/ineed.mod
file music-module	mirrors/scenesp.org/compilations/modplanet/normal/cd2/music disks/pc/fuzzion - ofFlimitS v1.1 linux/audio/inprgrss.mod	59.46K	compilations/modplanet/normal/cd2/music disks/pc/fuzzion - ofFlimitS v1.1 linux/audio/inprgrss.mod
file music-module	mirrors/scenesp.org/compilations/modplanet/normal/cd2/music disks/pc/fuzzion - ofFlimitS v1.1 linux/audio/intro.mod	44.73K	compilations/modplanet/normal/cd2/music disks/pc/fuzzion - ofFlimitS v1.1 linux/audio/intro.mod
file music-module	mirrors/scenesp.org/compilations/modplanet/normal/cd2/music disks/pc/fuzzion - ofFlimitS v1.1 linux/audio/matkamies.mod	10.23K	compilations/modplanet/normal/cd2/music disks/pc/fuzzion - ofFlimitS v1.1 linux/audio/matkamies.mod
file music-module	mirrors/scenesp.org/compilations/modplanet/normal/cd2/music disks/pc/fuzzion - ofFlimitS v1.1 linux/audio/mecanica.mod	23.34K	compilations/modplanet/normal/cd2/music disks/pc/fuzzion - ofFlimitS v1.1 linux/audio/mecanica.mod
file music-module	mirrors/scenesp.org/compilations/modplanet/normal/cd2/music disks/pc/fuzzion - ofFlimitS v1.1 linux/audio/moderato.mod	42.03K	compilations/modplanet/normal/cd2/music disks/pc/fuzzion - ofFlimitS v1.1 linux/audio/moderato.mod
file music-module	mirrors/scenesp.org/compilations/modplanet/normal/cd2/music disks/pc/fuzzion - ofFlimitS v1.1 linux/audio/moremoney.mod	19.52K	compilations/modplanet/normal/cd2/music disks/pc/fuzzion - ofFlimitS v1.1 linux/audio/moremoney.mod
file music-module	mirrors/scenesp.org/compilations/modplanet/normal/cd2/music disks/pc/fuzzion - ofFlimitS v1.1 linux/audio/neurobla.mod	53.60K	compilations/modplanet/normal/cd2/music disks/pc/fuzzion - ofFlimitS v1.1 linux/audio/neurobla.mod
file music-module	mirrors/scenesp.org/compilations/modplanet/normal/cd2/music disks/pc/fuzzion - ofFlimitS v1.1 linux/audio/nf-chaem.mod	45.74K	compilations/modplanet/normal/cd2/music disks/pc/fuzzion - ofFlimitS v1.1 linux/audio/nf-chaem.mod
file music-module	mirrors/scenesp.org/compilations/modplanet/normal/cd2/music disks/pc/fuzzion - ofFlimitS v1.1 linux/audio/nintendomania.mod	36.23K	compilations/modplanet/normal/cd2/music disks/pc/fuzzion - ofFlimitS v1.1 linux/audio/nintendomania.mod
file music-module	mirrors/scenesp.org/compilations/modplanet/normal/cd2/music disks/pc/fuzzion - ofFlimitS v1.1 linux/audio/nk_zap.mod	20.23K	compilations/modplanet/normal/cd2/music disks/pc/fuzzion - ofFlimitS v1.1 linux/audio/nk_zap.mod
file music-module	mirrors/scenesp.org/compilations/modplanet/normal/cd2/music disks/pc/fuzzion - ofFlimitS v1.1 linux/audio/nofrost.mod	21.62K	compilations/modplanet/normal/cd2/music disks/pc/fuzzion - ofFlimitS v1.1 linux/audio/nofrost.mod
file music-module	mirrors/scenesp.org/compilations/modplanet/normal/cd2/music disks/pc/fuzzion - ofFlimitS v1.1 linux/audio/pc.mod	23.17K	compilations/modplanet/normal/cd2/music disks/pc/fuzzion - ofFlimitS v1.1 linux/audio/pc.mod
file music-module	mirrors/scenesp.org/compilations/modplanet/normal/cd2/music disks/pc/fuzzion - ofFlimitS v1.1 linux/audio/poison.mod	46.46K	compilations/modplanet/normal/cd2/music disks/pc/fuzzion - ofFlimitS v1.1 linux/audio/poison.mod
file music-module	mirrors/scenesp.org/compilations/modplanet/normal/cd2/music disks/pc/fuzzion - ofFlimitS v1.1 linux/audio/psychoth.mod	19.17K	compilations/modplanet/normal/cd2/music disks/pc/fuzzion - ofFlimitS v1.1 linux/audio/psychoth.mod
file music-module	mirrors/scenesp.org/compilations/modplanet/normal/cd2/music disks/pc/fuzzion - ofFlimitS v1.1 linux/audio/reallycool.mod	20.94K	compilations/modplanet/normal/cd2/music disks/pc/fuzzion - ofFlimitS v1.1 linux/audio/reallycool.mod
file music-module	mirrors/scenesp.org/compilations/modplanet/normal/cd2/music disks/pc/fuzzion - ofFlimitS v1.1 linux/audio/romantic.mod	48.68K	compilations/modplanet/normal/cd2/music disks/pc/fuzzion - ofFlimitS v1.1 linux/audio/romantic.mod
file music-module	mirrors/scenesp.org/compilations/modplanet/normal/cd2/music disks/pc/fuzzion - ofFlimitS v1.1 linux/audio/short99-22.mod	46.99K	compilations/modplanet/normal/cd2/music disks/pc/fuzzion - ofFlimitS v1.1 linux/audio/short99-22.mod
file music-module	mirrors/scenesp.org/compilations/modplanet/normal/cd2/music disks/pc/fuzzion - ofFlimitS v1.1 linux/audio/silkcmp3.mod	29.30K	compilations/modplanet/normal/cd2/music disks/pc/fuzzion - ofFlimitS v1.1 linux/audio/silkcmp3.mod
file music-module	mirrors/scenesp.org/compilations/modplanet/normal/cd2/music disks/pc/fuzzion - ofFlimitS v1.1 linux/audio/skylight.mod	55.66K	compilations/modplanet/normal/cd2/music disks/pc/fuzzion - ofFlimitS v1.1 linux/audio/skylight.mod
file music-module	mirrors/scenesp.org/compilations/modplanet/normal/cd2/music disks/pc/fuzzion - ofFlimitS v1.1 linux/audio/sml_cube.mod	42.16K	compilations/modplanet/normal/cd2/music disks/pc/fuzzion - ofFlimitS v1.1 linux/audio/sml_cube.mod
file music-module	mirrors/scenesp.org/compilations/modplanet/normal/cd2/music disks/pc/fuzzion - ofFlimitS v1.1 linux/audio/trashcan4.mod	62.36K	compilations/modplanet/normal/cd2/music disks/pc/fuzzion - ofFlimitS v1.1 linux/audio/trashcan4.mod
file music-module	mirrors/scenesp.org/compilations/modplanet/normal/cd2/music disks/pc/fuzzion - ofFlimitS v1.1 linux/audio/tryit.mod	39.56K	compilations/modplanet/normal/cd2/music disks/pc/fuzzion - ofFlimitS v1.1 linux/audio/tryit.mod
file music-module	mirrors/scenesp.org/compilations/modplanet/normal/cd2/music disks/pc/fuzzion - ofFlimitS v1.1 linux/audio/utopic.mod	31.96K	compilations/modplanet/normal/cd2/music disks/pc/fuzzion - ofFlimitS v1.1 linux/audio/utopic.mod
file music-module	mirrors/scenesp.org/compilations/modplanet/normal/cd2/music disks/pc/fuzzion - ofFlimitS v1.1 linux/audio/wm.mod	34.14K	compilations/modplanet/normal/cd2/music disks/pc/fuzzion - ofFlimitS v1.1 linux/audio/wm.mod
file music-module	mirrors/scenesp.org/compilations/modplanet/normal/cd2/music disks/pc/fuzzion - ofFlimitS v1.1 linux/audio/wnd_ewrs.mod	43.92K	compilations/modplanet/normal/cd2/music disks/pc/fuzzion - ofFlimitS v1.1 linux/audio/wnd_ewrs.mod
file music-module	mirrors/scenesp.org/compilations/modplanet/normal/cd2/music disks/pc/fuzzion - ofFlimitS v1.1 linux/audio/wnd_mblr.mod	47.19K	compilations/modplanet/normal/cd2/music disks/pc/fuzzion - ofFlimitS v1.1 linux/audio/wnd_mblr.mod
file music-module	mirrors/scenesp.org/compilations/modplanet/normal/cd2/music disks/pc/fuzzion - ofFlimitS v1.1 linux/audio/yostem.mod	37.21K	compilations/modplanet/normal/cd2/music disks/pc/fuzzion - ofFlimitS v1.1 linux/audio/yostem.mod
file music-module	mirrors/scenesp.org/compilations/modplanet/normal/cd2/music disks/pc/fuzzion - ofFlimitS v1.1 linux/audio/v1.2/LIL.MOD	4.31K	compilations/modplanet/normal/cd2/music disks/pc/fuzzion - ofFlimitS v1.1 linux/audio/v1.2/LIL.MOD
file music-module	mirrors/scenesp.org/compilations/modplanet/normal/cd2/music disks/pc/fuzzion - ofFlimitS v1.1 linux/audio/v1.2/sensations by jober.mod	48.30K	compilations/modplanet/normal/cd2/music disks/pc/fuzzion - ofFlimitS v1.1 linux/audio/v1.2/sensations by jober.mod
file music-module	mirrors/scenesp.org/compilations/modplanet/normal/cd2/music disks/pc/fuzzion - ofFlimitS v1.1 win/audio/anorexia.mod	24.15K	compilations/modplanet/normal/cd2/music disks/pc/fuzzion - ofFlimitS v1.1 win/audio/anorexia.mod
file music-module	mirrors/scenesp.org/compilations/modplanet/normal/cd2/music disks/pc/fuzzion - ofFlimitS v1.1 win/audio/birthday.mod	52.77K	compilations/modplanet/normal/cd2/music disks/pc/fuzzion - ofFlimitS v1.1 win/audio/birthday.mod
file music-module	mirrors/scenesp.org/compilations/modplanet/normal/cd2/music disks/pc/fuzzion - ofFlimitS v1.1 win/audio/career.mod	22.13K	compilations/modplanet/normal/cd2/music disks/pc/fuzzion - ofFlimitS v1.1 win/audio/career.mod
file music-module	mirrors/scenesp.org/compilations/modplanet/normal/cd2/music disks/pc/fuzzion - ofFlimitS v1.1 win/audio/ch3p.mod	14.11K	compilations/modplanet/normal/cd2/music disks/pc/fuzzion - ofFlimitS v1.1 win/audio/ch3p.mod
file music-module	mirrors/scenesp.org/compilations/modplanet/normal/cd2/music disks/pc/fuzzion - ofFlimitS v1.1 win/audio/ch4p.mod	28.79K	compilations/modplanet/normal/cd2/music disks/pc/fuzzion - ofFlimitS v1.1 win/audio/ch4p.mod
file music-module	mirrors/scenesp.org/compilations/modplanet/normal/cd2/music disks/pc/fuzzion - ofFlimitS v1.1 win/audio/disaster.mod	37.15K	compilations/modplanet/normal/cd2/music disks/pc/fuzzion - ofFlimitS v1.1 win/audio/disaster.mod
file music-module	mirrors/scenesp.org/compilations/modplanet/normal/cd2/music disks/pc/fuzzion - ofFlimitS v1.1 win/audio/djuno-chip.mod	15.28K	compilations/modplanet/normal/cd2/music disks/pc/fuzzion - ofFlimitS v1.1 win/audio/djuno-chip.mod
file music-module	mirrors/scenesp.org/compilations/modplanet/normal/cd2/music disks/pc/fuzzion - ofFlimitS v1.1 win/audio/dog.mod	14.20K	compilations/modplanet/normal/cd2/music disks/pc/fuzzion - ofFlimitS v1.1 win/audio/dog.mod
file music-module	mirrors/scenesp.org/compilations/modplanet/normal/cd2/music disks/pc/fuzzion - ofFlimitS v1.1 win/audio/euk2invt.mod	15.29K	compilations/modplanet/normal/cd2/music disks/pc/fuzzion - ofFlimitS v1.1 win/audio/euk2invt.mod
file music-module	mirrors/scenesp.org/compilations/modplanet/normal/cd2/music disks/pc/fuzzion - ofFlimitS v1.1 win/audio/fetish.mod	60.30K	compilations/modplanet/normal/cd2/music disks/pc/fuzzion - ofFlimitS v1.1 win/audio/fetish.mod
file music-module	mirrors/scenesp.org/compilations/modplanet/normal/cd2/music disks/pc/fuzzion - ofFlimitS v1.1 win/audio/followme.mod	30.69K	compilations/modplanet/normal/cd2/music disks/pc/fuzzion - ofFlimitS v1.1 win/audio/followme.mod
file music-module	mirrors/scenesp.org/compilations/modplanet/normal/cd2/music disks/pc/fuzzion - ofFlimitS v1.1 win/audio/her2.mod	58.92K	compilations/modplanet/normal/cd2/music disks/pc/fuzzion - ofFlimitS v1.1 win/audio/her2.mod
file music-module	mirrors/scenesp.org/compilations/modplanet/normal/cd2/music disks/pc/fuzzion - ofFlimitS v1.1 win/audio/hipnosis.mod	28.60K	compilations/modplanet/normal/cd2/music disks/pc/fuzzion - ofFlimitS v1.1 win/audio/hipnosis.mod
file music-module	mirrors/scenesp.org/compilations/modplanet/normal/cd2/music disks/pc/fuzzion - ofFlimitS v1.1 win/audio/hysteria.mod	37.32K	compilations/modplanet/normal/cd2/music disks/pc/fuzzion - ofFlimitS v1.1 win/audio/hysteria.mod
file music-module	mirrors/scenesp.org/compilations/modplanet/normal/cd2/music disks/pc/fuzzion - ofFlimitS v1.1 win/audio/ineed.mod	15.47K	compilations/modplanet/normal/cd2/music disks/pc/fuzzion - ofFlimitS v1.1 win/audio/ineed.mod
file music-module	mirrors/scenesp.org/compilations/modplanet/normal/cd2/music disks/pc/fuzzion - ofFlimitS v1.1 win/audio/inprgrss.mod	59.46K	compilations/modplanet/normal/cd2/music disks/pc/fuzzion - ofFlimitS v1.1 win/audio/inprgrss.mod
file music-module	mirrors/scenesp.org/compilations/modplanet/normal/cd2/music disks/pc/fuzzion - ofFlimitS v1.1 win/audio/intro.mod	44.73K	compilations/modplanet/normal/cd2/music disks/pc/fuzzion - ofFlimitS v1.1 win/audio/intro.mod
file music-module	mirrors/scenesp.org/compilations/modplanet/normal/cd2/music disks/pc/fuzzion - ofFlimitS v1.1 win/audio/matkamies.mod	10.23K	compilations/modplanet/normal/cd2/music disks/pc/fuzzion - ofFlimitS v1.1 win/audio/matkamies.mod
file music-module	mirrors/scenesp.org/compilations/modplanet/normal/cd2/music disks/pc/fuzzion - ofFlimitS v1.1 win/audio/mecanica.mod	23.34K	compilations/modplanet/normal/cd2/music disks/pc/fuzzion - ofFlimitS v1.1 win/audio/mecanica.mod
file music-module	mirrors/scenesp.org/compilations/modplanet/normal/cd2/music disks/pc/fuzzion - ofFlimitS v1.1 win/audio/moderato.mod	42.03K	compilations/modplanet/normal/cd2/music disks/pc/fuzzion - ofFlimitS v1.1 win/audio/moderato.mod
file music-module	mirrors/scenesp.org/compilations/modplanet/normal/cd2/music disks/pc/fuzzion - ofFlimitS v1.1 win/audio/moremoney.mod	19.52K	compilations/modplanet/normal/cd2/music disks/pc/fuzzion - ofFlimitS v1.1 win/audio/moremoney.mod
file music-module	mirrors/scenesp.org/compilations/modplanet/normal/cd2/music disks/pc/fuzzion - ofFlimitS v1.1 win/audio/neurobla.mod	53.60K	compilations/modplanet/normal/cd2/music disks/pc/fuzzion - ofFlimitS v1.1 win/audio/neurobla.mod
file music-module	mirrors/scenesp.org/compilations/modplanet/normal/cd2/music disks/pc/fuzzion - ofFlimitS v1.1 win/audio/nf-chaem.mod	45.74K	compilations/modplanet/normal/cd2/music disks/pc/fuzzion - ofFlimitS v1.1 win/audio/nf-chaem.mod
file music-module	mirrors/scenesp.org/compilations/modplanet/normal/cd2/music disks/pc/fuzzion - ofFlimitS v1.1 win/audio/nintendomania.mod	36.23K	compilations/modplanet/normal/cd2/music disks/pc/fuzzion - ofFlimitS v1.1 win/audio/nintendomania.mod
file music-module	mirrors/scenesp.org/compilations/modplanet/normal/cd2/music disks/pc/fuzzion - ofFlimitS v1.1 win/audio/nk_zap.mod	20.23K	compilations/modplanet/normal/cd2/music disks/pc/fuzzion - ofFlimitS v1.1 win/audio/nk_zap.mod
file music-module	mirrors/scenesp.org/compilations/modplanet/normal/cd2/music disks/pc/fuzzion - ofFlimitS v1.1 win/audio/nofrost.mod	21.62K	compilations/modplanet/normal/cd2/music disks/pc/fuzzion - ofFlimitS v1.1 win/audio/nofrost.mod
file music-module	mirrors/scenesp.org/compilations/modplanet/normal/cd2/music disks/pc/fuzzion - ofFlimitS v1.1 win/audio/pc.mod	23.17K	compilations/modplanet/normal/cd2/music disks/pc/fuzzion - ofFlimitS v1.1 win/audio/pc.mod
file music-module	mirrors/scenesp.org/compilations/modplanet/normal/cd2/music disks/pc/fuzzion - ofFlimitS v1.1 win/audio/poison.mod	46.46K	compilations/modplanet/normal/cd2/music disks/pc/fuzzion - ofFlimitS v1.1 win/audio/poison.mod
file music-module	mirrors/scenesp.org/compilations/modplanet/normal/cd2/music disks/pc/fuzzion - ofFlimitS v1.1 win/audio/psychoth.mod	19.17K	compilations/modplanet/normal/cd2/music disks/pc/fuzzion - ofFlimitS v1.1 win/audio/psychoth.mod
file music-module	mirrors/scenesp.org/compilations/modplanet/normal/cd2/music disks/pc/fuzzion - ofFlimitS v1.1 win/audio/reallycool.mod	20.94K	compilations/modplanet/normal/cd2/music disks/pc/fuzzion - ofFlimitS v1.1 win/audio/reallycool.mod
file music-module	mirrors/scenesp.org/compilations/modplanet/normal/cd2/music disks/pc/fuzzion - ofFlimitS v1.1 win/audio/romantic.mod	48.68K	compilations/modplanet/normal/cd2/music disks/pc/fuzzion - ofFlimitS v1.1 win/audio/romantic.mod
file music-module	mirrors/scenesp.org/compilations/modplanet/normal/cd2/music disks/pc/fuzzion - ofFlimitS v1.1 win/audio/short99-22.mod	46.99K	compilations/modplanet/normal/cd2/music disks/pc/fuzzion - ofFlimitS v1.1 win/audio/short99-22.mod
file music-module	mirrors/scenesp.org/compilations/modplanet/normal/cd2/music disks/pc/fuzzion - ofFlimitS v1.1 win/audio/silkcmp3.mod	29.30K	compilations/modplanet/normal/cd2/music disks/pc/fuzzion - ofFlimitS v1.1 win/audio/silkcmp3.mod
file music-module	mirrors/scenesp.org/compilations/modplanet/normal/cd2/music disks/pc/fuzzion - ofFlimitS v1.1 win/audio/skylight.mod	55.66K	compilations/modplanet/normal/cd2/music disks/pc/fuzzion - ofFlimitS v1.1 win/audio/skylight.mod
file music-module	mirrors/scenesp.org/compilations/modplanet/normal/cd2/music disks/pc/fuzzion - ofFlimitS v1.1 win/audio/sml_cube.mod	42.16K	compilations/modplanet/normal/cd2/music disks/pc/fuzzion - ofFlimitS v1.1 win/audio/sml_cube.mod
file music-module	mirrors/scenesp.org/compilations/modplanet/normal/cd2/music disks/pc/fuzzion - ofFlimitS v1.1 win/audio/trashcan4.mod	62.36K	compilations/modplanet/normal/cd2/music disks/pc/fuzzion - ofFlimitS v1.1 win/audio/trashcan4.mod
file music-module	mirrors/scenesp.org/compilations/modplanet/normal/cd2/music disks/pc/fuzzion - ofFlimitS v1.1 win/audio/tryit.mod	39.56K	compilations/modplanet/normal/cd2/music disks/pc/fuzzion - ofFlimitS v1.1 win/audio/tryit.mod
file music-module	mirrors/scenesp.org/compilations/modplanet/normal/cd2/music disks/pc/fuzzion - ofFlimitS v1.1 win/audio/utopic.mod	31.96K	compilations/modplanet/normal/cd2/music disks/pc/fuzzion - ofFlimitS v1.1 win/audio/utopic.mod
file music-module	mirrors/scenesp.org/compilations/modplanet/normal/cd2/music disks/pc/fuzzion - ofFlimitS v1.1 win/audio/wm.mod	34.14K	compilations/modplanet/normal/cd2/music disks/pc/fuzzion - ofFlimitS v1.1 win/audio/wm.mod
file music-module	mirrors/scenesp.org/compilations/modplanet/normal/cd2/music disks/pc/fuzzion - ofFlimitS v1.1 win/audio/wnd_ewrs.mod	43.92K	compilations/modplanet/normal/cd2/music disks/pc/fuzzion - ofFlimitS v1.1 win/audio/wnd_ewrs.mod
file music-module	mirrors/scenesp.org/compilations/modplanet/normal/cd2/music disks/pc/fuzzion - ofFlimitS v1.1 win/audio/wnd_mblr.mod	47.19K	compilations/modplanet/normal/cd2/music disks/pc/fuzzion - ofFlimitS v1.1 win/audio/wnd_mblr.mod
file music-module	mirrors/scenesp.org/compilations/modplanet/normal/cd2/music disks/pc/fuzzion - ofFlimitS v1.1 win/audio/yostem.mod	37.21K	compilations/modplanet/normal/cd2/music disks/pc/fuzzion - ofFlimitS v1.1 win/audio/yostem.mod
file music-module	mirrors/scenesp.org/compilations/modplanet/normal/cd2/music disks/pc/fuzzion - ofFlimitS v1.1 win/audio/v1.2/LIL.MOD	4.31K	compilations/modplanet/normal/cd2/music disks/pc/fuzzion - ofFlimitS v1.1 win/audio/v1.2/LIL.MOD
file music-module	mirrors/scenesp.org/compilations/modplanet/normal/cd2/music disks/pc/fuzzion - ofFlimitS v1.1 win/audio/v1.2/sensations.mod	48.30K	compilations/modplanet/normal/cd2/music disks/pc/fuzzion - ofFlimitS v1.1 win/audio/v1.2/sensations.mod
file music-module	mirrors/scenesp.org/compilations/modplanet/normal/cd2/music disks/pc/paradox - her collection/modules/Her4.mod	57.04K	compilations/modplanet/normal/cd2/music disks/pc/paradox - her collection/modules/Her4.mod
file music-module	mirrors/scenesp.org/compilations/modplanet/normal/cd2/music disks/pc/paradox - her collection/modules/her1.mod	51.77K	compilations/modplanet/normal/cd2/music disks/pc/paradox - her collection/modules/her1.mod
file music-module	mirrors/scenesp.org/compilations/modplanet/normal/cd2/music disks/pc/paradox - her collection/modules/her10.mod	92.11K	compilations/modplanet/normal/cd2/music disks/pc/paradox - her collection/modules/her10.mod
file music-module	mirrors/scenesp.org/compilations/modplanet/normal/cd2/music disks/pc/paradox - her collection/modules/her2.mod	58.92K	compilations/modplanet/normal/cd2/music disks/pc/paradox - her collection/modules/her2.mod
file music-module	mirrors/scenesp.org/compilations/modplanet/normal/cd2/music disks/pc/paradox - her collection/modules/her3.mod	59.69K	compilations/modplanet/normal/cd2/music disks/pc/paradox - her collection/modules/her3.mod
file music-module	mirrors/scenesp.org/compilations/modplanet/normal/cd2/music disks/pc/paradox - her collection/modules/her5.mod	45.63K	compilations/modplanet/normal/cd2/music disks/pc/paradox - her collection/modules/her5.mod
file music-module	mirrors/scenesp.org/compilations/modplanet/normal/cd2/music disks/pc/paradox - her collection/modules/her6.mod	54.04K	compilations/modplanet/normal/cd2/music disks/pc/paradox - her collection/modules/her6.mod
file music-module	mirrors/scenesp.org/compilations/modplanet/normal/cd2/music disks/pc/paradox - her collection/modules/her7.mod	88.83K	compilations/modplanet/normal/cd2/music disks/pc/paradox - her collection/modules/her7.mod
file music-module	mirrors/scenesp.org/compilations/modplanet/normal/cd2/music disks/pc/paradox - her collection/modules/her8.mod	54.87K	compilations/modplanet/normal/cd2/music disks/pc/paradox - her collection/modules/her8.mod
file music-module	mirrors/scenesp.org/compilations/modplanet/normal/cd2/music disks/pc/paradox - her collection/modules/her9.mod	57.26K	compilations/modplanet/normal/cd2/music disks/pc/paradox - her collection/modules/her9.mod
file music-module	mirrors/scenesp.org/compilations/modplanet/normal/cd2/music disks/pc/Wally Musicdisk %231/ELVIS.MOD	65.71K	compilations/modplanet/normal/cd2/music disks/pc/Wally Musicdisk %231/ELVIS.MOD
file music-module	mirrors/scenesp.org/compilations/modplanet/normal/cd2/music disks/pc/Wally Musicdisk %231/INTERF.MOD	76.29K	compilations/modplanet/normal/cd2/music disks/pc/Wally Musicdisk %231/INTERF.MOD
file music-module	mirrors/scenesp.org/compilations/modplanet/normal/cd2/music disks/pc/Wally Musicdisk %231/LAMENTS.MOD	70.14K	compilations/modplanet/normal/cd2/music disks/pc/Wally Musicdisk %231/LAMENTS.MOD
file music-module	mirrors/scenesp.org/compilations/modplanet/normal/cd2/music disks/pc/Wally Musicdisk %231/MEBEAT.MOD	92.63K	compilations/modplanet/normal/cd2/music disks/pc/Wally Musicdisk %231/MEBEAT.MOD
file music-module	mirrors/scenesp.org/compilations/modplanet/normal/cd2/music disks/pc/Wally Musicdisk %231/NGHTFALL.MOD	107.16K	compilations/modplanet/normal/cd2/music disks/pc/Wally Musicdisk %231/NGHTFALL.MOD
file music-module	mirrors/scenesp.org/compilations/modplanet/normal/cd2/music disks/pc/Wally Musicdisk %231/POEMWW.MOD	102.45K	compilations/modplanet/normal/cd2/music disks/pc/Wally Musicdisk %231/POEMWW.MOD
file music-module	mirrors/scenesp.org/compilations/modplanet/normal/cd2/music disks/pc/Wally Musicdisk %231/QUESTFTR.MOD	143.74K	compilations/modplanet/normal/cd2/music disks/pc/Wally Musicdisk %231/QUESTFTR.MOD
file music-module	mirrors/scenesp.org/compilations/modplanet/normal/cd2/music disks/pc/Wally Musicdisk %231/TATHARIM.MOD	128.34K	compilations/modplanet/normal/cd2/music disks/pc/Wally Musicdisk %231/TATHARIM.MOD
file music-module	mirrors/scenesp.org/compilations/modplanet/normal/cd2/pc artists N-Z/naif/COITUSI.MOD	42.84K	compilations/modplanet/normal/cd2/pc artists N-Z/naif/COITUSI.MOD
file music-module	mirrors/scenesp.org/compilations/modplanet/normal/cd2/pc artists N-Z/naif/ESTOROX.MOD	488.26K	compilations/modplanet/normal/cd2/pc artists N-Z/naif/ESTOROX.MOD
file music-module	mirrors/scenesp.org/compilations/modplanet/normal/cd2/pc artists N-Z/naif/NF-CHAEM.MOD	45.74K	compilations/modplanet/normal/cd2/pc artists N-Z/naif/NF-CHAEM.MOD
file music-module	mirrors/scenesp.org/compilations/modplanet/normal/cd2/pc artists N-Z/naif/NF-GRAD8.MOD	450.16K	compilations/modplanet/normal/cd2/pc artists N-Z/naif/NF-GRAD8.MOD
file music-module	mirrors/scenesp.org/compilations/modplanet/normal/cd2/pc artists N-Z/naif/nwklopr2.mod	14.12K	compilations/modplanet/normal/cd2/pc artists N-Z/naif/nwklopr2.mod
file music-module	mirrors/scenesp.org/compilations/modplanet/normal/cd2/pc artists N-Z/naif/Strike01.mod	426.48K	compilations/modplanet/normal/cd2/pc artists N-Z/naif/Strike01.mod
file music-module	mirrors/scenesp.org/compilations/modplanet/normal/cd2/pc artists N-Z/neno/NENOFAST.MOD	30.12K	compilations/modplanet/normal/cd2/pc artists N-Z/neno/NENOFAST.MOD
file music-module	mirrors/scenesp.org/compilations/modplanet/normal/cd2/pc artists N-Z/noisyman/HYPNOSST.MOD	400.69K	compilations/modplanet/normal/cd2/pc artists N-Z/noisyman/HYPNOSST.MOD
file music-module	mirrors/scenesp.org/compilations/modplanet/normal/cd2/pc artists N-Z/noisyman/NTOLVIDO.MOD	756.83K	compilations/modplanet/normal/cd2/pc artists N-Z/noisyman/NTOLVIDO.MOD
file music-module	mirrors/scenesp.org/compilations/modplanet/normal/cd2/pc artists N-Z/noisyman/TCHWRLD.MOD	300.97K	compilations/modplanet/normal/cd2/pc artists N-Z/noisyman/TCHWRLD.MOD
file music-module	mirrors/scenesp.org/compilations/modplanet/normal/cd2/pc artists N-Z/overflow/OVF_BACK.MOD	24.94K	compilations/modplanet/normal/cd2/pc artists N-Z/overflow/OVF_BACK.MOD
file music-module	mirrors/scenesp.org/compilations/modplanet/normal/cd2/pc artists N-Z/overflow/ovf_ultr.mod	14.12K	compilations/modplanet/normal/cd2/pc artists N-Z/overflow/ovf_ultr.mod
file music-module	mirrors/scenesp.org/compilations/modplanet/normal/cd2/pc artists N-Z/sace2/MEGATEC.MOD	398.30K	compilations/modplanet/normal/cd2/pc artists N-Z/sace2/MEGATEC.MOD
file music-module	mirrors/scenesp.org/compilations/modplanet/normal/cd2/pc artists N-Z/sace2/SACE2 - BEATDIS - 1989.MOD	435.77K	compilations/modplanet/normal/cd2/pc artists N-Z/sace2/SACE2 - BEATDIS - 1989.MOD
file music-module	mirrors/scenesp.org/compilations/modplanet/normal/cd2/pc artists N-Z/sace2/SACE2 - MALCON MACLAREN BUFFALO GALS - 1989.MOD	203.74K	compilations/modplanet/normal/cd2/pc artists N-Z/sace2/SACE2 - MALCON MACLAREN BUFFALO GALS - 1989.MOD
file music-module	mirrors/scenesp.org/compilations/modplanet/normal/cd2/pc artists N-Z/sace2/SACE2 - Michael Jackson BAD mix - 1992.MOD	395.71K	compilations/modplanet/normal/cd2/pc artists N-Z/sace2/SACE2 - Michael Jackson BAD mix - 1992.MOD
file music-module	mirrors/scenesp.org/compilations/modplanet/normal/cd2/pc artists N-Z/sace2/SACE2 - PARDAZO - 1991.MOD	297.03K	compilations/modplanet/normal/cd2/pc artists N-Z/sace2/SACE2 - PARDAZO - 1991.MOD
file music-module	mirrors/scenesp.org/compilations/modplanet/normal/cd2/pc artists N-Z/sace2/SACE2 - PENEMY 1993.MOD	130.09K	compilations/modplanet/normal/cd2/pc artists N-Z/sace2/SACE2 - PENEMY 1993.MOD
file music-module	mirrors/scenesp.org/compilations/modplanet/normal/cd2/pc artists N-Z/samplemind/AFRIKA2.MOD	313.37K	compilations/modplanet/normal/cd2/pc artists N-Z/samplemind/AFRIKA2.MOD
file music-module	mirrors/scenesp.org/compilations/modplanet/normal/cd2/pc artists N-Z/samplemind/martini.mod	104.43K	compilations/modplanet/normal/cd2/pc artists N-Z/samplemind/martini.mod
file music-module	mirrors/scenesp.org/compilations/modplanet/normal/cd2/pc artists N-Z/samplemind/XMAS.MOD	49.72K	compilations/modplanet/normal/cd2/pc artists N-Z/samplemind/XMAS.MOD
file music-module	mirrors/scenesp.org/compilations/modplanet/normal/cd2/pc artists N-Z/smash/BLOODY.MOD	97.93K	compilations/modplanet/normal/cd2/pc artists N-Z/smash/BLOODY.MOD
file music-module	mirrors/scenesp.org/compilations/modplanet/normal/cd2/pc artists N-Z/smash/B_WAR.MOD	207.06K	compilations/modplanet/normal/cd2/pc artists N-Z/smash/B_WAR.MOD
file music-module	mirrors/scenesp.org/compilations/modplanet/normal/cd2/pc artists N-Z/smash/COOL_DEC.MOD	202.62K	compilations/modplanet/normal/cd2/pc artists N-Z/smash/COOL_DEC.MOD
file music-module	mirrors/scenesp.org/compilations/modplanet/normal/cd2/pc artists N-Z/smash/DAFUCK.MOD	308.91K	compilations/modplanet/normal/cd2/pc artists N-Z/smash/DAFUCK.MOD
file music-module	mirrors/scenesp.org/compilations/modplanet/normal/cd2/pc artists N-Z/smash/ESTOROX.MOD	488.26K	compilations/modplanet/normal/cd2/pc artists N-Z/smash/ESTOROX.MOD
file music-module	mirrors/scenesp.org/compilations/modplanet/normal/cd2/pc artists N-Z/smash/FALSEVIS.MOD	534.09K	compilations/modplanet/normal/cd2/pc artists N-Z/smash/FALSEVIS.MOD
file music-module	mirrors/scenesp.org/compilations/modplanet/normal/cd2/pc artists N-Z/smash/INTRO2.MOD	106.12K	compilations/modplanet/normal/cd2/pc artists N-Z/smash/INTRO2.MOD
file music-module	mirrors/scenesp.org/compilations/modplanet/normal/cd2/pc artists N-Z/smash/I_CAN.MOD	706.72K	compilations/modplanet/normal/cd2/pc artists N-Z/smash/I_CAN.MOD
file music-module	mirrors/scenesp.org/compilations/modplanet/normal/cd2/pc artists N-Z/smash/LIL.MOD	4.31K	compilations/modplanet/normal/cd2/pc artists N-Z/smash/LIL.MOD
file music-module	mirrors/scenesp.org/compilations/modplanet/normal/cd2/pc artists N-Z/smash/RESIST.MOD	31.96K	compilations/modplanet/normal/cd2/pc artists N-Z/smash/RESIST.MOD
file music-module	mirrors/scenesp.org/compilations/modplanet/normal/cd2/pc artists N-Z/smash/S&W_ROCK.MOD	87.55K	compilations/modplanet/normal/cd2/pc artists N-Z/smash/S&W_ROCK.MOD
file music-module	mirrors/scenesp.org/compilations/modplanet/normal/cd2/pc artists N-Z/smash/S&W_SYMP.MOD	27.12K	compilations/modplanet/normal/cd2/pc artists N-Z/smash/S&W_SYMP.MOD
file music-module	mirrors/scenesp.org/compilations/modplanet/normal/cd2/pc artists N-Z/smash/SONG1.MOD	95.61K	compilations/modplanet/normal/cd2/pc artists N-Z/smash/SONG1.MOD
file music-module	mirrors/scenesp.org/compilations/modplanet/normal/cd2/pc artists N-Z/smash/SONG2.MOD	102.68K	compilations/modplanet/normal/cd2/pc artists N-Z/smash/SONG2.MOD
file music-module	mirrors/scenesp.org/compilations/modplanet/normal/cd2/pc artists N-Z/smash/SURVIVOR.MOD	593.30K	compilations/modplanet/normal/cd2/pc artists N-Z/smash/SURVIVOR.MOD
file music-module	mirrors/scenesp.org/compilations/modplanet/normal/cd2/pc artists N-Z/smash/WORM'S_R.MOD	10.64K	compilations/modplanet/normal/cd2/pc artists N-Z/smash/WORM'S_R.MOD
file music-module	mirrors/scenesp.org/compilations/modplanet/normal/cd2/pc artists N-Z/sml/1999/sml_fast.mod	23.12K	compilations/modplanet/normal/cd2/pc artists N-Z/sml/1999/sml_fast.mod
file music-module	mirrors/scenesp.org/compilations/modplanet/normal/cd2/pc artists N-Z/sml/intros 64k/SML_CUBE.MOD	42.16K	compilations/modplanet/normal/cd2/pc artists N-Z/sml/intros 64k/SML_CUBE.MOD
file music-module	mirrors/scenesp.org/compilations/modplanet/normal/cd2/pc artists N-Z/various/SIRIO.MOD	724.22K	compilations/modplanet/normal/cd2/pc artists N-Z/various/SIRIO.MOD
file music-module	mirrors/scenesp.org/compilations/modplanet/normal/cd2/pc artists N-Z/wally/40K2.MOD	26.04K	compilations/modplanet/normal/cd2/pc artists N-Z/wally/40K2.MOD
file music-module	mirrors/scenesp.org/compilations/modplanet/normal/cd2/pc artists N-Z/wally/5.MOD	281.57K	compilations/modplanet/normal/cd2/pc artists N-Z/wally/5.MOD
file music-module	mirrors/scenesp.org/compilations/modplanet/normal/cd2/pc artists N-Z/wally/APOCALYP.MOD	466.35K	compilations/modplanet/normal/cd2/pc artists N-Z/wally/APOCALYP.MOD
file music-module	mirrors/scenesp.org/compilations/modplanet/normal/cd2/pc artists N-Z/wally/APPROACH.MOD	359.41K	compilations/modplanet/normal/cd2/pc artists N-Z/wally/APPROACH.MOD
file music-module	mirrors/scenesp.org/compilations/modplanet/normal/cd2/pc artists N-Z/wally/A_HANDFU.MOD	162.22K	compilations/modplanet/normal/cd2/pc artists N-Z/wally/A_HANDFU.MOD
file music-module	mirrors/scenesp.org/compilations/modplanet/normal/cd2/pc artists N-Z/wally/A_MINUTE.MOD	111.85K	compilations/modplanet/normal/cd2/pc artists N-Z/wally/A_MINUTE.MOD
file music-module	mirrors/scenesp.org/compilations/modplanet/normal/cd2/pc artists N-Z/wally/A_WORLD_.MOD	23.88K	compilations/modplanet/normal/cd2/pc artists N-Z/wally/A_WORLD_.MOD
file music-module	mirrors/scenesp.org/compilations/modplanet/normal/cd2/pc artists N-Z/wally/BLOCK_RO.MOD	640.26K	compilations/modplanet/normal/cd2/pc artists N-Z/wally/BLOCK_RO.MOD
file music-module	mirrors/scenesp.org/compilations/modplanet/normal/cd2/pc artists N-Z/wally/CAUTION!.MOD	826.41K	compilations/modplanet/normal/cd2/pc artists N-Z/wally/CAUTION!.MOD
file music-module	mirrors/scenesp.org/compilations/modplanet/normal/cd2/pc artists N-Z/wally/CENTER_M.MOD	288.29K	compilations/modplanet/normal/cd2/pc artists N-Z/wally/CENTER_M.MOD
file music-module	mirrors/scenesp.org/compilations/modplanet/normal/cd2/pc artists N-Z/wally/CHIP-LAN.MOD	22.57K	compilations/modplanet/normal/cd2/pc artists N-Z/wally/CHIP-LAN.MOD
file music-module	mirrors/scenesp.org/compilations/modplanet/normal/cd2/pc artists N-Z/wally/DUSTFACTORY.mod	787.28K	compilations/modplanet/normal/cd2/pc artists N-Z/wally/DUSTFACTORY.mod
file music-module	mirrors/scenesp.org/compilations/modplanet/normal/cd2/pc artists N-Z/wally/EVERYTHI.MOD	76.94K	compilations/modplanet/normal/cd2/pc artists N-Z/wally/EVERYTHI.MOD
file music-module	mirrors/scenesp.org/compilations/modplanet/normal/cd2/pc artists N-Z/wally/FORGOTTE.MOD	384.73K	compilations/modplanet/normal/cd2/pc artists N-Z/wally/FORGOTTE.MOD
file music-module	mirrors/scenesp.org/compilations/modplanet/normal/cd2/pc artists N-Z/wally/ISN'T_WO.MOD	40.32K	compilations/modplanet/normal/cd2/pc artists N-Z/wally/ISN'T_WO.MOD
file music-module	mirrors/scenesp.org/compilations/modplanet/normal/cd2/pc artists N-Z/wally/JUST_DOS.MOD	366.04K	compilations/modplanet/normal/cd2/pc artists N-Z/wally/JUST_DOS.MOD
file music-module	mirrors/scenesp.org/compilations/modplanet/normal/cd2/pc artists N-Z/wally/LISTEN_H.MOD	348.97K	compilations/modplanet/normal/cd2/pc artists N-Z/wally/LISTEN_H.MOD
file music-module	mirrors/scenesp.org/compilations/modplanet/normal/cd2/pc artists N-Z/wally/LO_MAS_C.MOD	14.82K	compilations/modplanet/normal/cd2/pc artists N-Z/wally/LO_MAS_C.MOD
file music-module	mirrors/scenesp.org/compilations/modplanet/normal/cd2/pc artists N-Z/wally/MAGIC_IS.MOD	425.89K	compilations/modplanet/normal/cd2/pc artists N-Z/wally/MAGIC_IS.MOD
file music-module	mirrors/scenesp.org/compilations/modplanet/normal/cd2/pc artists N-Z/wally/NETWORK_.MOD	56.97K	compilations/modplanet/normal/cd2/pc artists N-Z/wally/NETWORK_.MOD
file music-module	mirrors/scenesp.org/compilations/modplanet/normal/cd2/pc artists N-Z/wally/NOFROST.MOD	20.62K	compilations/modplanet/normal/cd2/pc artists N-Z/wally/NOFROST.MOD
file music-module	mirrors/scenesp.org/compilations/modplanet/normal/cd2/pc artists N-Z/wally/OUR_RETU.MOD	626.83K	compilations/modplanet/normal/cd2/pc artists N-Z/wally/OUR_RETU.MOD
file music-module	mirrors/scenesp.org/compilations/modplanet/normal/cd2/pc artists N-Z/wally/PEDROTE.MOD	321.67K	compilations/modplanet/normal/cd2/pc artists N-Z/wally/PEDROTE.MOD
file music-module	mirrors/scenesp.org/compilations/modplanet/normal/cd2/pc artists N-Z/wally/POSADAS-.MOD	6.09K	compilations/modplanet/normal/cd2/pc artists N-Z/wally/POSADAS-.MOD
file music-module	mirrors/scenesp.org/compilations/modplanet/normal/cd2/pc artists N-Z/wally/PSYCHOTH.MOD	19.17K	compilations/modplanet/normal/cd2/pc artists N-Z/wally/PSYCHOTH.MOD
file music-module	mirrors/scenesp.org/compilations/modplanet/normal/cd2/pc artists N-Z/wally/SPACE_GA.MOD	264.32K	compilations/modplanet/normal/cd2/pc artists N-Z/wally/SPACE_GA.MOD
file music-module	mirrors/scenesp.org/compilations/modplanet/normal/cd2/pc artists N-Z/wally/TRIKANOI.MOD	18.37K	compilations/modplanet/normal/cd2/pc artists N-Z/wally/TRIKANOI.MOD
file music-module	mirrors/scenesp.org/compilations/modplanet/normal/cd2/pc artists N-Z/wally/TROPICAL SKA.mod	108.69K	compilations/modplanet/normal/cd2/pc artists N-Z/wally/TROPICAL SKA.mod
file music-module	mirrors/scenesp.org/compilations/modplanet/normal/cd2/pc artists N-Z/wally/UNGRATEF.MOD	336.92K	compilations/modplanet/normal/cd2/pc artists N-Z/wally/UNGRATEF.MOD
file music-module	mirrors/scenesp.org/compilations/modplanet/normal/cd2/pc artists N-Z/wally/UNSTABLE.MOD	500.45K	compilations/modplanet/normal/cd2/pc artists N-Z/wally/UNSTABLE.MOD
file music-module	mirrors/scenesp.org/compilations/modplanet/normal/cd2/pc artists N-Z/wally/WE_ARE_T.MOD	8.91K	compilations/modplanet/normal/cd2/pc artists N-Z/wally/WE_ARE_T.MOD
file music-module	mirrors/scenesp.org/compilations/modplanet/normal/cd2/pc artists N-Z/wizard/2001/PANG01.MOD	189.40K	compilations/modplanet/normal/cd2/pc artists N-Z/wizard/2001/PANG01.MOD
file music-module	mirrors/scenesp.org/compilations/modplanet/normal/cd2/pc artists N-Z/wizard/2001/PNGCRED.MOD	33.88K	compilations/modplanet/normal/cd2/pc artists N-Z/wizard/2001/PNGCRED.MOD
file music-module	mirrors/scenesp.org/compilations/modplanet/normal/cd2/pc artists N-Z/wizard/2002/Wiz_Arcm.mod	189.40K	compilations/modplanet/normal/cd2/pc artists N-Z/wizard/2002/Wiz_Arcm.mod
file music-module	mirrors/scenesp.org/compilations/modplanet/normal/cd2/pc artists N-Z/wonder/DARK_TRI.MOD	238.69K	compilations/modplanet/normal/cd2/pc artists N-Z/wonder/DARK_TRI.MOD
file music-module	mirrors/scenesp.org/compilations/modplanet/normal/cd2/pc artists N-Z/wonder/JUICE.MOD	311.17K	compilations/modplanet/normal/cd2/pc artists N-Z/wonder/JUICE.MOD
file music-module	mirrors/scenesp.org/compilations/modplanet/normal/cd2/pc artists N-Z/wonder/MBLUR.MOD	47.19K	compilations/modplanet/normal/cd2/pc artists N-Z/wonder/MBLUR.MOD
file music-module	mirrors/scenesp.org/compilations/modplanet/normal/cd2/pc artists N-Z/wonder/NSW_ESTO.MOD	488.26K	compilations/modplanet/normal/cd2/pc artists N-Z/wonder/NSW_ESTO.MOD
file music-module	mirrors/scenesp.org/compilations/modplanet/normal/cd2/pc artists N-Z/wonder/S&W_ROCK.MOD	87.55K	compilations/modplanet/normal/cd2/pc artists N-Z/wonder/S&W_ROCK.MOD
file music-module	mirrors/scenesp.org/compilations/modplanet/normal/cd2/pc artists N-Z/wonder/S&W_SYMP.MOD	27.12K	compilations/modplanet/normal/cd2/pc artists N-Z/wonder/S&W_SYMP.MOD
file music-module	mirrors/scenesp.org/compilations/modplanet/normal/cd2/pc artists N-Z/wonder/Strike01.mod	426.48K	compilations/modplanet/normal/cd2/pc artists N-Z/wonder/Strike01.mod
file music-module	mirrors/scenesp.org/compilations/modplanet/normal/cd2/pc artists N-Z/wonder/TEVICOME.MOD	504.54K	compilations/modplanet/normal/cd2/pc artists N-Z/wonder/TEVICOME.MOD
file music-module	mirrors/scenesp.org/compilations/modplanet/normal/cd2/pc artists N-Z/wonder/WALLS_OF.MOD	238.43K	compilations/modplanet/normal/cd2/pc artists N-Z/wonder/WALLS_OF.MOD
file music-module	mirrors/scenesp.org/compilations/modplanet/normal/cd2/pc artists N-Z/wonder/WND_EWAR.MOD	43.80K	compilations/modplanet/normal/cd2/pc artists N-Z/wonder/WND_EWAR.MOD
file music-module	mirrors/scenesp.org/compilations/modplanet/normal/cd2/pc artists N-Z/wonder/WND_JARL.MOD	274.01K	compilations/modplanet/normal/cd2/pc artists N-Z/wonder/WND_JARL.MOD
file music-module	mirrors/scenesp.org/compilations/modplanet/normal/cd2/pc artists N-Z/wonder/WND_R&L.MOD	456.04K	compilations/modplanet/normal/cd2/pc artists N-Z/wonder/WND_R&L.MOD
file music-module	mirrors/scenesp.org/compilations/modplanet/normal/cd2/pc artists N-Z/zombie/15SECOND.MOD	8.60K	compilations/modplanet/normal/cd2/pc artists N-Z/zombie/15SECOND.MOD
file music-module	mirrors/scenesp.org/compilations/modplanet/normal/cd2/pc artists N-Z/zombie/3CHLIMIT.MOD	24.97K	compilations/modplanet/normal/cd2/pc artists N-Z/zombie/3CHLIMIT.MOD
file music-module	mirrors/scenesp.org/compilations/modplanet/normal/cd2/pc artists N-Z/zombie/FANATIC.MOD	260.98K	compilations/modplanet/normal/cd2/pc artists N-Z/zombie/FANATIC.MOD
file music-module	mirrors/scenesp.org/compilations/modplanet/normal/cd2/pc artists N-Z/zombie/FANATIC2.MOD	207.06K	compilations/modplanet/normal/cd2/pc artists N-Z/zombie/FANATIC2.MOD
file music-module	mirrors/scenesp.org/compilations/modplanet/normal/cd2/pc artists N-Z/zombie/FPREPORT.MOD	168.38K	compilations/modplanet/normal/cd2/pc artists N-Z/zombie/FPREPORT.MOD
file music-module	mirrors/scenesp.org/compilations/modplanet/normal/cd2/pc artists N-Z/zombie/INVTRO.MOD	16.75K	compilations/modplanet/normal/cd2/pc artists N-Z/zombie/INVTRO.MOD
file music-module	mirrors/scenesp.org/compilations/modplanet/normal/cd2/pc artists N-Z/zombie/lamosca.mod	192.25K	compilations/modplanet/normal/cd2/pc artists N-Z/zombie/lamosca.mod
file music-module	mirrors/scenesp.org/compilations/modplanet/normal/cd2/pc artists N-Z/zombie/MAX.MOD	17.57K	compilations/modplanet/normal/cd2/pc artists N-Z/zombie/MAX.MOD
file music-module	mirrors/scenesp.org/compilations/modplanet/normal/cd2/pc artists N-Z/zombie/OLDTALES.MOD	385.25K	compilations/modplanet/normal/cd2/pc artists N-Z/zombie/OLDTALES.MOD
file music-module	mirrors/scenesp.org/compilations/modplanet/normal/cd2/pc artists N-Z/zup/chip.mod	394.08K	compilations/modplanet/normal/cd2/pc artists N-Z/zup/chip.mod
file	mirrors/scenesp.org/compilations/modplanet/normal/cd2/utils/others/amiga/ExoticRipper/DOC/ExoticRipper.ModList.info	473B	compilations/modplanet/normal/cd2/utils/others/amiga/ExoticRipper/DOC/ExoticRipper.ModList.info
file	mirrors/scenesp.org/compilations/modplanet/normal/cd2/utils/others/amiga/ExoticRipper/DOC/exoticripper.modlist	1.49K	compilations/modplanet/normal/cd2/utils/others/amiga/ExoticRipper/DOC/exoticripper.modlist
file archive	mirrors/scenesp.org/modulez/ambar/003.mod.zip	29.92K	modulez/ambar/003.mod.zip
file archive	mirrors/scenesp.org/modulez/ambar/035.mod.zip	22.03K	modulez/ambar/035.mod.zip
file archive	mirrors/scenesp.org/modulez/ambar/o.mod.zip	44.31K	modulez/ambar/o.mod.zip
file archive	mirrors/scenesp.org/modulez/ambar/o5p4.mod.zip	12.50K	modulez/ambar/o5p4.mod.zip
file archive	mirrors/scenesp.org/modulez/ambar/oedipe.mod.zip	258.29K	modulez/ambar/oedipe.mod.zip
file music-module	mirrors/scenesp.org/modulez/cyborgjeff/Idontbel.mod	242.79K	modulez/cyborgjeff/Idontbel.mod
file music-module	mirrors/scenesp.org/modulez/cyborgjeff/Itaki001.mod	7.63K	modulez/cyborgjeff/Itaki001.mod
file music-module	mirrors/scenesp.org/modulez/daveyflopit/DF-HEXAI.MOD	39.81K	modulez/daveyflopit/DF-HEXAI.MOD
file music-module	mirrors/scenesp.org/modulez/daveyflopit/DF-HEXAP.MOD	39.81K	modulez/daveyflopit/DF-HEXAP.MOD
file music-module	mirrors/scenesp.org/modulez/daveyflopit/DF-INVOL.MOD	27.36K	modulez/daveyflopit/DF-INVOL.MOD
file music-module	mirrors/scenesp.org/modulez/daveyflopit/DF-PHOBO.MOD	19.18K	modulez/daveyflopit/DF-PHOBO.MOD
file music-module	mirrors/scenesp.org/modulez/daveyflopit/DF-TP.MOD	34.29K	modulez/daveyflopit/DF-TP.MOD
file music-module	mirrors/scenesp.org/modulez/daveyflopit/words.mod	70.47K	modulez/daveyflopit/words.mod
file archive	mirrors/scenesp.org/modulez/drjacko/Lobo- Agu.-.Mod Hell Plug.rar	3.05M	modulez/drjacko/Lobo- Agu.-.Mod Hell Plug.rar
file music-module	mirrors/scenesp.org/modulez/Fermix/ALGO PARA RECORDAR.mod	258.26K	modulez/Fermix/ALGO PARA RECORDAR.mod
file music-module	mirrors/scenesp.org/modulez/Fermix/ALONE.mod	260.05K	modulez/Fermix/ALONE.mod
file music-module	mirrors/scenesp.org/modulez/Fermix/A_NICE_DAY.mod	191.50K	modulez/Fermix/A_NICE_DAY.mod
file music-module	mirrors/scenesp.org/modulez/Fermix/all_styles.mod	433.00K	modulez/Fermix/all_styles.mod
file music-module	mirrors/scenesp.org/modulez/Fermix/a_solas_conmigo.mod	481.46K	modulez/Fermix/a_solas_conmigo.mod
file music-module	mirrors/scenesp.org/modulez/Fermix/BACK2ORIGINS.MOD	279.77K	modulez/Fermix/BACK2ORIGINS.MOD
file music-module	mirrors/scenesp.org/modulez/Fermix/BUSCANDO LA ILUSION.mod	472.88K	modulez/Fermix/BUSCANDO LA ILUSION.mod
file music-module	mirrors/scenesp.org/modulez/Fermix/FANZINE VI.mod	58.59K	modulez/Fermix/FANZINE VI.mod
file music-module	mirrors/scenesp.org/modulez/Fermix/Fanzine%2313Intro.mod	72.13K	modulez/Fermix/Fanzine%2313Intro.mod
file music-module	mirrors/scenesp.org/modulez/Fermix/GENESIS INTROTAP.mod	144.07K	modulez/Fermix/GENESIS INTROTAP.mod
file music-module	mirrors/scenesp.org/modulez/Fermix/GENESIS.mod	136.31K	modulez/Fermix/GENESIS.mod
file music-module	mirrors/scenesp.org/modulez/Fermix/ILUSION.MOD	472.88K	modulez/Fermix/ILUSION.MOD
file music-module	mirrors/scenesp.org/modulez/Fermix/LA OLLA VOLADORA.mod	365.41K	modulez/Fermix/LA OLLA VOLADORA.mod
file music-module	mirrors/scenesp.org/modulez/fireb0y/brokencall.mod	289.92K	modulez/fireb0y/brokencall.mod
file music-module	mirrors/scenesp.org/modulez/fireb0y/INSPIRA T.MOD	497.02K	modulez/fireb0y/INSPIRA T.MOD
file music-module	mirrors/scenesp.org/modulez/fireb0y/SURVIVO R.MOD	386.41K	modulez/fireb0y/SURVIVO R.MOD
file music-module	mirrors/scenesp.org/modulez/fireb0y/trancestroidal.mod	652.57K	modulez/fireb0y/trancestroidal.mod
file music-module	mirrors/scenesp.org/modulez/Jakim/night_ballade.mod	55.71K	modulez/Jakim/night_ballade.mod
file music-module	mirrors/scenesp.org/modulez/Jakim/pluck.mod	296.28K	modulez/Jakim/pluck.mod
file music-module	mirrors/scenesp.org/modulez/Jerry/abs-ult(r)a-sonic.mod	28.84K	modulez/Jerry/abs-ult(r)a-sonic.mod
file music-module	mirrors/scenesp.org/modulez/Jerry/back 4 good!.ed2.mod	326.08K	modulez/Jerry/back 4 good!.ed2.mod
file music-module	mirrors/scenesp.org/modulez/Jerry/become the other.mod	175.18K	modulez/Jerry/become the other.mod
file music-module	mirrors/scenesp.org/modulez/Jerry/feed-it-back!.mod	50.76K	modulez/Jerry/feed-it-back!.mod
file music-module	mirrors/scenesp.org/modulez/Jerry/finding myself.v2.mod	162.50K	modulez/Jerry/finding myself.v2.mod
file music-module	mirrors/scenesp.org/modulez/Jerry/groovie_jokes.mod	69.18K	modulez/Jerry/groovie_jokes.mod
file music-module	mirrors/scenesp.org/modulez/Jerry/kalde_pils_v2.mod	39.16K	modulez/Jerry/kalde_pils_v2.mod
file music-module	mirrors/scenesp.org/modulez/Jerry/laban-o-rama.ed.mod	16.45K	modulez/Jerry/laban-o-rama.ed.mod
file music-module	mirrors/scenesp.org/modulez/Jerry/lsd-goamaniti-part1.mod	259.73K	modulez/Jerry/lsd-goamaniti-part1.mod
file music-module	mirrors/scenesp.org/modulez/Jerry/lsd-goamaniti-part2.mod	228.94K	modulez/Jerry/lsd-goamaniti-part2.mod
file music-module	mirrors/scenesp.org/modulez/Jerry/marlboro-devil.mod	18.54K	modulez/Jerry/marlboro-devil.mod
file music-module	mirrors/scenesp.org/modulez/Jerry/marlboro-mamooth.mod	13.54K	modulez/Jerry/marlboro-mamooth.mod
file music-module	mirrors/scenesp.org/modulez/Jerry/material man.mod	175.10K	modulez/Jerry/material man.mod
file music-module	mirrors/scenesp.org/modulez/Jerry/mb-countown.mod	50.32K	modulez/Jerry/mb-countown.mod
file music-module	mirrors/scenesp.org/modulez/Jerry/mb-funk-mb's!.mod	15.57K	modulez/Jerry/mb-funk-mb's!.mod
file music-module	mirrors/scenesp.org/modulez/Jerry/mb-healthy-mb's.mod	72.79K	modulez/Jerry/mb-healthy-mb's.mod
file music-module	mirrors/scenesp.org/modulez/Jerry/mb-nicotine-man.mod	16.82K	modulez/Jerry/mb-nicotine-man.mod
file music-module	mirrors/scenesp.org/modulez/Jerry/mb-no light.mod	29.00K	modulez/Jerry/mb-no light.mod
file music-module	mirrors/scenesp.org/modulez/Jerry/mb-no-marlboros.mod	22.25K	modulez/Jerry/mb-no-marlboros.mod
file music-module	mirrors/scenesp.org/modulez/Jerry/mb-puffin'away.mod	35.75K	modulez/Jerry/mb-puffin'away.mod
file music-module	mirrors/scenesp.org/modulez/Jerry/pan-a-sonic!.mod	172.91K	modulez/Jerry/pan-a-sonic!.mod
file music-module	mirrors/scenesp.org/modulez/Jerry/sirkustheme.mod	46.03K	modulez/Jerry/sirkustheme.mod
file music-module	mirrors/scenesp.org/modulez/jvk/jvk_elevator.mod	41.51K	modulez/jvk/jvk_elevator.mod
file music-module	mirrors/scenesp.org/modulez/jvk/jvk_hunted.mod	110.94K	modulez/jvk/jvk_hunted.mod
file music-module	mirrors/scenesp.org/modulez/Manwe/Manwe - From long distance.mod	411.31K	modulez/Manwe/Manwe - From long distance.mod
file music-module	mirrors/scenesp.org/modulez/Manwe/Manwe - Okay, let's track it.mod	639.35K	modulez/Manwe/Manwe - Okay, let's track it.mod
file music-module	mirrors/scenesp.org/modulez/Manwe/Manwe - Piggie walking to the shop.mod	875.00K	modulez/Manwe/Manwe - Piggie walking to the shop.mod
file music-module	mirrors/scenesp.org/modulez/Manwe/Manwe - Sad child song.mod	664.18K	modulez/Manwe/Manwe - Sad child song.mod
file music-module	mirrors/scenesp.org/modulez/Manwe/Manwe - Sinsonido bass etude.mod	433.65K	modulez/Manwe/Manwe - Sinsonido bass etude.mod
file music-module	mirrors/scenesp.org/modulez/Manwe/Manwe - Song of peace.mod	0.98M	modulez/Manwe/Manwe - Song of peace.mod
file music-module	mirrors/scenesp.org/modulez/Manwe/Manwe - This bamboo is longer.mod	952.10K	modulez/Manwe/Manwe - This bamboo is longer.mod
file music-module	mirrors/scenesp.org/modulez/Manwe/Manwe - To a far away friend.mod	811.05K	modulez/Manwe/Manwe - To a far away friend.mod
file archive	mirrors/scenesp.org/modulez/meanall/chio-chip_1.mod.zip	7.61K	modulez/meanall/chio-chip_1.mod.zip
file archive	mirrors/scenesp.org/modulez/meanall/chio-chip_2.mod.zip	2.43K	modulez/meanall/chio-chip_2.mod.zip
file archive	mirrors/scenesp.org/modulez/meanall/good_thinks.mod.zip	4.47K	modulez/meanall/good_thinks.mod.zip
file archive	mirrors/scenesp.org/modulez/meanall/summer_dream.mod.zip	13.33K	modulez/meanall/summer_dream.mod.zip
file archive	mirrors/scenesp.org/modulez/meanall/vicious_vision.mod.zip	55.73K	modulez/meanall/vicious_vision.mod.zip
file archive	mirrors/scenesp.org/modulez/meanall/void_of_vitality.mod.zip	17.02K	modulez/meanall/void_of_vitality.mod.zip
file music-module	mirrors/scenesp.org/modulez/michu/gem.mod	21.73K	modulez/michu/gem.mod
file music-module	mirrors/scenesp.org/modulez/michu/loop.mod	28.33K	modulez/michu/loop.mod
file music-module	mirrors/scenesp.org/modulez/michu/MichU - Aeroplane.mod	24.29K	modulez/michu/MichU - Aeroplane.mod
file music-module	mirrors/scenesp.org/modulez/michu/MichU - Diszkoteka.mod	133.82K	modulez/michu/MichU - Diszkoteka.mod
file music-module	mirrors/scenesp.org/modulez/michu/Moogie'96.mod	149.64K	modulez/michu/Moogie'96.mod
file music-module	mirrors/scenesp.org/modulez/michu/shortchip1.mod	9.29K	modulez/michu/shortchip1.mod
file music-module	mirrors/scenesp.org/modulez/michu/twelve.mod	24.95K	modulez/michu/twelve.mod
file music-module	mirrors/scenesp.org/modulez/mrgamer/MRGAMER.MOD	250.32K	modulez/mrgamer/MRGAMER.MOD
file music-module	mirrors/scenesp.org/modulez/mrgamer/MRGCHEX5.MOD	19.69K	modulez/mrgamer/MRGCHEX5.MOD
file music-module	mirrors/scenesp.org/modulez/mrgamer/MRGOXZ.MOD	278.29K	modulez/mrgamer/MRGOXZ.MOD
file music-module	mirrors/scenesp.org/modulez/mrgamer/MRGTET.MOD	15.57K	modulez/mrgamer/MRGTET.MOD
file music-module	mirrors/scenesp.org/modulez/nula/BRAIN.MOD	64.00K	modulez/nula/BRAIN.MOD
file music-module	mirrors/scenesp.org/modulez/nula/LCM.MOD	5.39K	modulez/nula/LCM.MOD
file music-module	mirrors/scenesp.org/modulez/Okeanos/Blue Lagoon (long).mod	168.21K	modulez/Okeanos/Blue Lagoon (long).mod
file music-module	mirrors/scenesp.org/modulez/Okeanos/Broken_automatisms.mod	287.27K	modulez/Okeanos/Broken_automatisms.mod
file music-module	mirrors/scenesp.org/modulez/Okeanos/bidulo_machulo.mod	24.51K	modulez/Okeanos/bidulo_machulo.mod
file music-module	mirrors/scenesp.org/modulez/Okeanos/bones & skulls.mod	164.07K	modulez/Okeanos/bones & skulls.mod
file music-module	mirrors/scenesp.org/modulez/Okeanos/Casual_Gr00ve.mod	268.51K	modulez/Okeanos/Casual_Gr00ve.mod
file music-module	mirrors/scenesp.org/modulez/Okeanos/Code_Breaking.mod	247.36K	modulez/Okeanos/Code_Breaking.mod
file music-module	mirrors/scenesp.org/modulez/Okeanos/Crab_Arena.mod	104.63K	modulez/Okeanos/Crab_Arena.mod
file music-module	mirrors/scenesp.org/modulez/Okeanos/curry experiment.mod	76.80K	modulez/Okeanos/curry experiment.mod
file music-module	mirrors/scenesp.org/modulez/Okeanos/da_old_school.mod	24.04K	modulez/Okeanos/da_old_school.mod
file music-module	mirrors/scenesp.org/modulez/Okeanos/deadlock.mod	25.74K	modulez/Okeanos/deadlock.mod
file music-module	mirrors/scenesp.org/modulez/Okeanos/dreamdland.mod	18.73K	modulez/Okeanos/dreamdland.mod
file music-module	mirrors/scenesp.org/modulez/Okeanos/ElectroBit.mod	93.11K	modulez/Okeanos/ElectroBit.mod
file music-module	mirrors/scenesp.org/modulez/Okeanos/eveil_des_sens.mod	122.23K	modulez/Okeanos/eveil_des_sens.mod
file music-module	mirrors/scenesp.org/modulez/Okeanos/faces_of_the_moon.mod	189.38K	modulez/Okeanos/faces_of_the_moon.mod
file music-module	mirrors/scenesp.org/modulez/Okeanos/fish land.mod	27.96K	modulez/Okeanos/fish land.mod
file music-module	mirrors/scenesp.org/modulez/Okeanos/fujiyama_2045.mod	177.96K	modulez/Okeanos/fujiyama_2045.mod
file music-module	mirrors/scenesp.org/modulez/Okeanos/hyperreality.mod	27.59K	modulez/Okeanos/hyperreality.mod
file music-module	mirrors/scenesp.org/modulez/Okeanos/insomnia.mod	199.87K	modulez/Okeanos/insomnia.mod
file music-module	mirrors/scenesp.org/modulez/Okeanos/Metamorphose.mod	294.37K	modulez/Okeanos/Metamorphose.mod
file music-module	mirrors/scenesp.org/modulez/Okeanos/MineralMiner.mod	125.83K	modulez/Okeanos/MineralMiner.mod
file music-module	mirrors/scenesp.org/modulez/Okeanos/Mystic_Places.mod	125.26K	modulez/Okeanos/Mystic_Places.mod
file music-module	mirrors/scenesp.org/modulez/Okeanos/malayalam-night.mod	216.57K	modulez/Okeanos/malayalam-night.mod
file music-module	mirrors/scenesp.org/modulez/Okeanos/megalithic_altiore.mod	203.65K	modulez/Okeanos/megalithic_altiore.mod
file music-module	mirrors/scenesp.org/modulez/Okeanos/middle_age_saloon.mod	21.57K	modulez/Okeanos/middle_age_saloon.mod
file music-module	mirrors/scenesp.org/modulez/Okeanos/moontrip.mod	20.94K	modulez/Okeanos/moontrip.mod
file music-module	mirrors/scenesp.org/modulez/Okeanos/Old_skool_flavour.mod	31.33K	modulez/Okeanos/Old_skool_flavour.mod
file music-module	mirrors/scenesp.org/modulez/Okeanos/oriental groove.mod	209.43K	modulez/Okeanos/oriental groove.mod
file music-module	mirrors/scenesp.org/modulez/Okeanos/Shipwrecked.mod	395.26K	modulez/Okeanos/Shipwrecked.mod
file music-module	mirrors/scenesp.org/modulez/Okeanos/sex symbol!.mod	28.12K	modulez/Okeanos/sex symbol!.mod
file music-module	mirrors/scenesp.org/modulez/Okeanos/soft_and_cute.mod	184.57K	modulez/Okeanos/soft_and_cute.mod
file music-module	mirrors/scenesp.org/modulez/Okeanos/sudoku_padawan.mod	155.39K	modulez/Okeanos/sudoku_padawan.mod
file music-module	mirrors/scenesp.org/modulez/Okeanos/syndrome junction.mod	198.76K	modulez/Okeanos/syndrome junction.mod
file music-module	mirrors/scenesp.org/modulez/Okeanos/The_maze.mod	144.22K	modulez/Okeanos/The_maze.mod
file music-module	mirrors/scenesp.org/modulez/Okeanos/The_Town_of_Yedo.mod	198.57K	modulez/Okeanos/The_Town_of_Yedo.mod
file music-module	mirrors/scenesp.org/modulez/Okeanos/the dead star.mod	186.38K	modulez/Okeanos/the dead star.mod
file music-module	mirrors/scenesp.org/modulez/Okeanos/the_life_inside.mod	390.88K	modulez/Okeanos/the_life_inside.mod
file music-module	mirrors/scenesp.org/modulez/Okeanos/thou_shall_fight.mod	157.67K	modulez/Okeanos/thou_shall_fight.mod
file music-module	mirrors/scenesp.org/modulez/Okeanos/treasure hunt.mod	240.62K	modulez/Okeanos/treasure hunt.mod
file music-module	mirrors/scenesp.org/modulez/Okeanos/utopia.mod	212.40K	modulez/Okeanos/utopia.mod
file music-module	mirrors/scenesp.org/modulez/Okeanos/World_of_riots.mod	231.37K	modulez/Okeanos/World_of_riots.mod
file music-module	mirrors/scenesp.org/modulez/Okeanos/y's melody.mod	19.31K	modulez/Okeanos/y's melody.mod
file music-module	mirrors/scenesp.org/modulez/Shinobi/13th dimension.mod	192.63K	modulez/Shinobi/13th dimension.mod
file music-module	mirrors/scenesp.org/modulez/Shinobi/Aegwynn.mod	14.47K	modulez/Shinobi/Aegwynn.mod
file music-module	mirrors/scenesp.org/modulez/Shinobi/autumn in the city.mod	25.51K	modulez/Shinobi/autumn in the city.mod
file music-module	mirrors/scenesp.org/modulez/Shinobi/belly.mod	180.93K	modulez/Shinobi/belly.mod
file music-module	mirrors/scenesp.org/modulez/Shinobi/mission.mod	170.15K	modulez/Shinobi/mission.mod
file music-module	mirrors/scenesp.org/modulez/Shinobi/mod.antarctica.mod	197.15K	modulez/Shinobi/mod.antarctica.mod
file music-module	mirrors/scenesp.org/modulez/Shinobi/mod.braincell.mod	94.68K	modulez/Shinobi/mod.braincell.mod
file music-module	mirrors/scenesp.org/modulez/Shinobi/mod.take me 2 ur leader.mod	353.66K	modulez/Shinobi/mod.take me 2 ur leader.mod
file music-module	mirrors/scenesp.org/modulez/Shinobi/octane.mod	141.71K	modulez/Shinobi/octane.mod
file music-module	mirrors/scenesp.org/modulez/Shinobi/pleasant dreams.mod	296.92K	modulez/Shinobi/pleasant dreams.mod
file music-module	mirrors/scenesp.org/modulez/Shinobi/supervised admiration.mod	441.96K	modulez/Shinobi/supervised admiration.mod
file music-module	mirrors/scenesp.org/modulez/Shinobi/varpunen.mod	354.67K	modulez/Shinobi/varpunen.mod
file music-module	mirrors/scenesp.org/modulez/Shinobi/venezia 1963.mod	74.11K	modulez/Shinobi/venezia 1963.mod
file music-module	mirrors/scenesp.org/modulez/Skeleton/Skip Your Void.mod	340.28K	modulez/Skeleton/Skip Your Void.mod
file music-module	mirrors/scenesp.org/modulez/sanxion7_/SPK2oo6_BotenAnna.mod	81.71K	modulez/sanxion7_/SPK2oo6_BotenAnna.mod
file music-module	mirrors/scenesp.org/modulez/sexton/EG-1995-Digital_screams.mod	84.58K	modulez/sexton/EG-1995-Digital_screams.mod
file music-module	mirrors/scenesp.org/modulez/sexton/EG-1995-Sony_bobo.mod	265.41K	modulez/sexton/EG-1995-Sony_bobo.mod
file music-module	mirrors/scenesp.org/modulez/sexton/EG-1996-Midnights_Freaks.mod	30.40K	modulez/sexton/EG-1996-Midnights_Freaks.mod
file music-module	mirrors/scenesp.org/modulez/sexton/EG-1997-Puzzle.mod	88.79K	modulez/sexton/EG-1997-Puzzle.mod
file music-module	mirrors/scenesp.org/modulez/sexton/EG-1998-Hallucination.mod	109.67K	modulez/sexton/EG-1998-Hallucination.mod
file music-module	mirrors/scenesp.org/modulez/sexton/EG-1999-Amiga_style.mod	157.94K	modulez/sexton/EG-1999-Amiga_style.mod
file music-module	mirrors/scenesp.org/modulez/stevethekeys/Peaved[2].mod	96.13K	modulez/stevethekeys/Peaved[2].mod
file music-module	mirrors/scenesp.org/modulez/stevethekeys/ScrewDriver.mod	132.40K	modulez/stevethekeys/ScrewDriver.mod
file music-module	mirrors/scenesp.org/modulez/stevethekeys/TheImmortalBreath.mod	88.33K	modulez/stevethekeys/TheImmortalBreath.mod
file music-module	mirrors/scenesp.org/modulez/wizard/WIZ_GND.MOD	273.47K	modulez/wizard/WIZ_GND.MOD
file music-module	mirrors/scenesp.org/modulez/wizard/Wiz_Arcm.mod	189.40K	modulez/wizard/Wiz_Arcm.mod
file music-module	mirrors/scenesp.org/modulez/wizard/Wiz_humm.mod	330.88K	modulez/wizard/Wiz_humm.mod
file music-module	mirrors/scenesp.org/modulez/wizard/wiz_djg.mod	323.14K	modulez/wizard/wiz_djg.mod
file music-module	mirrors/the_scene_archives/Best_Of_The_Scene_Archives/The_Scene_Guide/TSG_Module1.mod	18.90K	Best_Of_The_Scene_Archives/The_Scene_Guide/TSG_Module1.mod
file music-module	mirrors/the_scene_archives/Best_Of_The_Scene_Archives/The_Scene_Guide/TSG_Module2.mod	31.50K	Best_Of_The_Scene_Archives/The_Scene_Guide/TSG_Module2.mod
file music-module	mirrors/the_scene_archives/The_Scene_Archives_Vol_05/Disks_are_in_Here/Disks_4651_To_4700/4659-Delirium_1996_Party/3.rEVIXQ'S  mSX/MODUL.MOD	273.16K	The_Scene_Archives_Vol_05/Disks_are_in_Here/Disks_4651_To_4700/4659-Delirium_1996_Party/3.rEVIXQ'S  mSX/MODUL.MOD
file music-module	mirrors/the_scene_archives/The_Scene_Archives_Vol_05/Disks_are_in_Here/Disks_4651_To_4700/4659-Delirium_1996_Party/4.xTD'S     mSX/TEXMAS7X.MOD	290.54K	The_Scene_Archives_Vol_05/Disks_are_in_Here/Disks_4651_To_4700/4659-Delirium_1996_Party/4.xTD'S     mSX/TEXMAS7X.MOD
file music-module	mirrors/the_scene_archives/The_Scene_Archives_Vol_05/Disks_are_in_Here/Disks_4651_To_4700/4659-Delirium_1996_Party/5.hEX'S     mSX/SMOLNA_5.MOD	242.69K	The_Scene_Archives_Vol_05/Disks_are_in_Here/Disks_4651_To_4700/4659-Delirium_1996_Party/5.hEX'S     mSX/SMOLNA_5.MOD
file music-module	music/artists/beek/1999/mango/remember.mod	473.29K	beek/1999/mango/remember.mod
file music-module	music/artists/bigjim/bj-aday.mod	272.50K	bigjim/bj-aday.mod
file music-module	music/artists/carlos/4ch.mod	473.19K	carlos/4ch.mod
file music-module	music/artists/carlos/amiga.mod	521.31K	carlos/amiga.mod
file music-module	music/artists/carlos/bocijam.mod	569.51K	carlos/bocijam.mod
file music-module	music/artists/carlos/funky3.mod	555.76K	carlos/funky3.mod
file music-module	music/artists/carlos/hit.mod	636.60K	carlos/hit.mod
file music-module	music/artists/carlos/ketperc.mod	532.42K	carlos/ketperc.mod
file music-module	music/artists/carlos/lamerdem.mod	319.45K	carlos/lamerdem.mod
file music-module	music/artists/carlos/mexiko2.mod	500.94K	carlos/mexiko2.mod
file music-module	music/artists/carlos/rjj.mod	506.42K	carlos/rjj.mod
file music-module	music/artists/carlos/uzenet.mod	568.41K	carlos/uzenet.mod
file music-module	music/artists/carlos/vineyard.mod	616.36K	carlos/vineyard.mod
file music-module	music/artists/djzip/1998/groove.mod	329.08K	djzip/1998/groove.mod
file music-module	music/artists/djzip/1999/blue.mod	619.36K	djzip/1999/blue.mod
file music-module	music/artists/djzip/1999/zipp_chillcompo08.mod	187.58K	djzip/1999/zipp_chillcompo08.mod
file music-module	music/artists/maf/aspartam.mod	105.92K	maf/aspartam.mod
file music-module	music/artists/maf/aspirine.mod	7.41K	maf/aspirine.mod
file music-module	music/artists/maf/kloonlnd.mod	201.28K	maf/kloonlnd.mod
file music-module	music/artists/maf/maf_-_inspgdgt.mod	6.68K	maf/maf_-_inspgdgt.mod
file music-module	music/artists/maf/_bao_bao_.mod	179.61K	maf/_bao_bao_.mod
file music-module	music/artists/maf/_goa_illusion_.mod	781.25K	maf/_goa_illusion_.mod
file music-module	music/artists/magnetics/magnetic_-_your_pain.mod	766.16K	magnetics/magnetic_-_your_pain.mod
file music-module	music/artists/necros/necros-santurian_dreaming.mod	269.95K	necros/necros-santurian_dreaming.mod
file music-module	music/artists/necros/necros-vision.mod	448.52K	necros/necros-vision.mod
file music-module	music/artists/p-rat/depress.mod	412.79K	p-rat/depress.mod
file music-module	music/artists/zipp/1998/groove.mod	329.08K	zipp/1998/groove.mod
file music-module	music/artists/zipp/1999/blue.mod	619.36K	zipp/1999/blue.mod
file music-module	music/artists/zipp/1999/zipp_chillcompo08.mod	187.58K	zipp/1999/zipp_chillcompo08.mod
file music-module	music/compos/amiga_rave_craze_i/aj-dreamedofyou.mod	669.61K	amiga_rave_craze_i/aj-dreamedofyou.mod
file music-module	music/compos/amiga_rave_craze_i/djsammyp-ready_or_not.mod	684.27K	amiga_rave_craze_i/djsammyp-ready_or_not.mod
file music-module	music/compos/amiga_rave_craze_i/hackurr-blisters.mod	389.57K	amiga_rave_craze_i/hackurr-blisters.mod
file music-module	music/compos/amiga_rave_craze_i/manical-fantasy_of_winding.mod	775.21K	amiga_rave_craze_i/manical-fantasy_of_winding.mod
file music-module	music/compos/amiga_rave_craze_i/paulahunt-rave_in_the_grave.mod	747.89K	amiga_rave_craze_i/paulahunt-rave_in_the_grave.mod
file music-module	music/compos/amiga_rave_craze_i/zeraleph-penumbra.mod	299.38K	amiga_rave_craze_i/zeraleph-penumbra.mod
file music-module	music/compos/amiga_rave_craze_ii/anakirob_i-wanna-get-high.mod	431.10K	amiga_rave_craze_ii/anakirob_i-wanna-get-high.mod
file music-module	music/compos/amiga_rave_craze_ii/chlumpie_krazedup.mod	85.07K	amiga_rave_craze_ii/chlumpie_krazedup.mod
file music-module	music/compos/amiga_rave_craze_ii/esm_dotdotfire.mod	716.95K	amiga_rave_craze_ii/esm_dotdotfire.mod
file music-module	music/compos/amiga_rave_craze_ii/filippp_marauder.mod	455.42K	amiga_rave_craze_ii/filippp_marauder.mod
file music-module	music/compos/amiga_rave_craze_ii/hellraising_gabber.mod	118.79K	amiga_rave_craze_ii/hellraising_gabber.mod
file music-module	music/compos/amiga_rave_craze_ii/jet_wafflez-of-terror.mod	426.35K	amiga_rave_craze_ii/jet_wafflez-of-terror.mod
file music-module	music/compos/amiga_rave_craze_ii/lex-rafter_judgementday.mod	416.06K	amiga_rave_craze_ii/lex-rafter_judgementday.mod
file music-module	music/compos/amiga_rave_craze_ii/teo_-_dma_overload.mod	542.40K	amiga_rave_craze_ii/teo_-_dma_overload.mod
file music-module	music/compos/amiga_rave_craze_ii/vandahlia_rave-stravaganza.mod	209.68K	amiga_rave_craze_ii/vandahlia_rave-stravaganza.mod
file music-module	music/compos/amiga_rave_craze_ii/varin0x_the-truth.mod	773.88K	amiga_rave_craze_ii/varin0x_the-truth.mod
file music-module	music/compos/amiga_rave_craze_ii/xsm-bricks_n_springs.mod	278.56K	amiga_rave_craze_ii/xsm-bricks_n_springs.mod
file music-module	music/compos/boozedrome/breakthatpussy.mod	198.24K	boozedrome/breakthatpussy.mod
file music-module	music/compos/boozedrome/capable_of_anything.mod	225.44K	boozedrome/capable_of_anything.mod
file music-module	music/compos/boozedrome/eemeli.mod	334.92K	boozedrome/eemeli.mod
file music-module	music/compos/boozedrome/hedelmae_from_hell.mod	295.03K	boozedrome/hedelmae_from_hell.mod
file music-module	music/compos/boozedrome/jzd_s666.mod	339.41K	boozedrome/jzd_s666.mod
file music-module	music/compos/boozedrome/koko.mod	328.03K	boozedrome/koko.mod
file music-module	music/compos/boozedrome/praise.mod	285.70K	boozedrome/praise.mod
file music-module	music/compos/boozedrome/rogue_bassdrum.mod	299.64K	boozedrome/rogue_bassdrum.mod
file music-module	music/compos/boozedrome/suchfine9.mod	327.65K	boozedrome/suchfine9.mod
file music-module	music/compos/boozedrome/what_i_do_for_fun.mod	312.59K	boozedrome/what_i_do_for_fun.mod
file music-module	music/compos/boozedrome_ii/buzzer-back_to_drome.mod	204.65K	boozedrome_ii/buzzer-back_to_drome.mod
file music-module	music/compos/boozedrome_ii/elama_on.mod	243.59K	boozedrome_ii/elama_on.mod
file music-module	music/compos/boozedrome_ii/hammeract.mod	397.33K	boozedrome_ii/hammeract.mod
file music-module	music/compos/boozedrome_ii/inhale6.mod	488.84K	boozedrome_ii/inhale6.mod
file music-module	music/compos/boozedrome_ii/jzd_satd.mod	435.10K	boozedrome_ii/jzd_satd.mod
file music-module	music/compos/boozedrome_ii/k666_hel.mod	473.04K	boozedrome_ii/k666_hel.mod
file music-module	music/compos/boozedrome_ii/ricky_martin-bang.mod	158.35K	boozedrome_ii/ricky_martin-bang.mod
file music-module	music/compos/boozedrome_ii/subi-threshold_of_hell.mod	267.12K	boozedrome_ii/subi-threshold_of_hell.mod
file music-module	music/compos/boozedrome_ii/ws-sirender.mod	314.27K	boozedrome_ii/ws-sirender.mod
file music-module	music/compos/boozedrome_ii/zstab-great.mod	269.35K	boozedrome_ii/zstab-great.mod
file music-module	music/compos/boozedrome_iii/aiaiaiaiaiaiaiaiaiai.mod	228.37K	boozedrome_iii/aiaiaiaiaiaiaiaiaiai.mod
file music-module	music/compos/boozedrome_iii/chainblast.mod	426.69K	boozedrome_iii/chainblast.mod
file music-module	music/compos/boozedrome_iii/einsamkeit.mod	499.21K	boozedrome_iii/einsamkeit.mod
file music-module	music/compos/boozedrome_iii/into_my_assembly.mod	275.56K	boozedrome_iii/into_my_assembly.mod
file music-module	music/compos/boozedrome_iii/ketrxcel.mod	394.80K	boozedrome_iii/ketrxcel.mod
file music-module	music/compos/boozedrome_iii/kohta_vedetaan_taas.mod	469.09K	boozedrome_iii/kohta_vedetaan_taas.mod
file music-module	music/compos/boozedrome_iii/punch_a_nazi_remix.mod	325.59K	boozedrome_iii/punch_a_nazi_remix.mod
file music-module	music/compos/boozedrome_iii/punnik-your_world_is_dying.mod	292.97K	boozedrome_iii/punnik-your_world_is_dying.mod
file music-module	music/compos/boozedrome_iii/subi-perfected.mod	403.01K	boozedrome_iii/subi-perfected.mod
file music-module	music/compos/boozedrome_iii/wind_of_god.mod	485.02K	boozedrome_iii/wind_of_god.mod
file music-module	music/compos/boozedrome_iv/cranksy-ballad_of_the_cheese_slicer.mod	313.26K	boozedrome_iv/cranksy-ballad_of_the_cheese_slicer.mod
file music-module	music/compos/boozedrome_iv/hexwalker-lemon_stank.mod	317.44K	boozedrome_iv/hexwalker-lemon_stank.mod
file music-module	music/compos/boozedrome_iv/jco-spacepigs_motherfucker.mod	448.54K	boozedrome_iv/jco-spacepigs_motherfucker.mod
file music-module	music/compos/boozedrome_iv/jobe-kicking_dick.mod	218.88K	boozedrome_iv/jobe-kicking_dick.mod
file music-module	music/compos/boozedrome_iv/leo-start_over.mod	399.95K	boozedrome_iv/leo-start_over.mod
file music-module	music/compos/boozedrome_iv/no-xs-dorpheus.mod	349.43K	boozedrome_iv/no-xs-dorpheus.mod
file music-module	music/compos/boozedrome_iv/okkie-ba_mu.mod	385.29K	boozedrome_iv/okkie-ba_mu.mod
file music-module	music/compos/boozedrome_iv/punnik-awakening_the_most_ancient.mod	359.17K	boozedrome_iv/punnik-awakening_the_most_ancient.mod
file music-module	music/compos/boozedrome_iv/subi-a_fuckin__army.mod	286.70K	boozedrome_iv/subi-a_fuckin__army.mod
file music-module	music/compos/boozedrome_iv/utrecht_terror_squad-mijn_walkman.mod	475.75K	boozedrome_iv/utrecht_terror_squad-mijn_walkman.mod
file music-module	music/compos/boozedrome_v/1-hurting_paula.mod	228.22K	boozedrome_v/1-hurting_paula.mod
file music-module	music/compos/boozedrome_v/10-the_riddler.mod	486.61K	boozedrome_v/10-the_riddler.mod
file music-module	music/compos/boozedrome_v/11-in_the_name_of.mod	485.68K	boozedrome_v/11-in_the_name_of.mod
file music-module	music/compos/boozedrome_v/12-rough_day.mod	327.41K	boozedrome_v/12-rough_day.mod
file music-module	music/compos/boozedrome_v/13-eastwest.mod	290.29K	boozedrome_v/13-eastwest.mod
file music-module	music/compos/boozedrome_v/14-epmiellyttv_totuus.mod	275.17K	boozedrome_v/14-epmiellyttv_totuus.mod
file music-module	music/compos/boozedrome_v/15-bugulmator.mod	318.89K	boozedrome_v/15-bugulmator.mod
file music-module	music/compos/boozedrome_v/2-disk_two.mod	399.51K	boozedrome_v/2-disk_two.mod
file music-module	music/compos/boozedrome_v/3-the_abyssal_mouth.mod	405.17K	boozedrome_v/3-the_abyssal_mouth.mod
file music-module	music/compos/boozedrome_v/4-mathura_gabber.mod	482.65K	boozedrome_v/4-mathura_gabber.mod
file music-module	music/compos/boozedrome_v/5-taiyang_bubai.mod	308.57K	boozedrome_v/5-taiyang_bubai.mod
file music-module	music/compos/boozedrome_v/6-queen.mod	491.66K	boozedrome_v/6-queen.mod
file music-module	music/compos/boozedrome_v/7-at_the_altar_of_moloch.mod	488.28K	boozedrome_v/7-at_the_altar_of_moloch.mod
file music-module	music/compos/boozedrome_v/8-the_king.mod	442.06K	boozedrome_v/8-the_king.mod
file music-module	music/compos/boozedrome_v/9-hakk_en_roll.mod	323.28K	boozedrome_v/9-hakk_en_roll.mod
file music-module	music/compos/boozedrome_vi/adkd-k-mix_21.mod	437.91K	boozedrome_vi/adkd-k-mix_21.mod
file music-module	music/compos/boozedrome_vi/break-gabbastic_love.mod	434.31K	boozedrome_vi/break-gabbastic_love.mod
file music-module	music/compos/boozedrome_vi/bruce_leroy-poika_.mod	475.93K	boozedrome_vi/bruce_leroy-poika_.mod
file music-module	music/compos/boozedrome_vi/gabbapappa-hardcore.mod	143.42K	boozedrome_vi/gabbapappa-hardcore.mod
file music-module	music/compos/boozedrome_vi/jobe-thunderbirdy.mod	307.99K	boozedrome_vi/jobe-thunderbirdy.mod
file music-module	music/compos/boozedrome_vi/keisari666-rehellation.mod	466.90K	boozedrome_vi/keisari666-rehellation.mod
file music-module	music/compos/boozedrome_vi/keygenism-gabber_fuckery.mod	156.96K	boozedrome_vi/keygenism-gabber_fuckery.mod
file music-module	music/compos/boozedrome_vi/madksh2-life_or_death_dance.mod	454.58K	boozedrome_vi/madksh2-life_or_death_dance.mod
file music-module	music/compos/boozedrome_vi/magiel-ingler_g-3.mod	440.57K	boozedrome_vi/magiel-ingler_g-3.mod
file music-module	music/compos/boozedrome_vi/magnificat-alfa_romeo.mod	470.50K	boozedrome_vi/magnificat-alfa_romeo.mod
file music-module	music/compos/boozedrome_vi/manical-on_the_go.mod	376.13K	boozedrome_vi/manical-on_the_go.mod
file music-module	music/compos/boozedrome_vi/mot-your_dead.mod	493.72K	boozedrome_vi/mot-your_dead.mod
file music-module	music/compos/boozedrome_vi/nutshell-blurred_line.mod	280.16K	boozedrome_vi/nutshell-blurred_line.mod
file music-module	music/compos/boozedrome_vi/okkie-hakkemdoordemidde.mod	348.00K	boozedrome_vi/okkie-hakkemdoordemidde.mod
file music-module	music/compos/boozedrome_vi/pekka_pou-ch-ch-check_da_borg.mod	250.53K	boozedrome_vi/pekka_pou-ch-ch-check_da_borg.mod
file music-module	music/compos/boozedrome_vi/powergold1-gridblast.mod	442.40K	boozedrome_vi/powergold1-gridblast.mod
file music-module	music/compos/boozedrome_vi/punnik-some_more.mod	294.32K	boozedrome_vi/punnik-some_more.mod
file music-module	music/compos/boozedrome_vi/syntheslav-bloodlust.mod	469.57K	boozedrome_vi/syntheslav-bloodlust.mod
file music-module	music/compos/boozedrome_vi/triace-lost_ninjas_on_dope.mod	435.77K	boozedrome_vi/triace-lost_ninjas_on_dope.mod
file music-module	music/compos/boozedrome_vi/_7.itch-fanservice.mod	488.14K	boozedrome_vi/_7.itch-fanservice.mod
file music-module	music/compos/boozedrome_vii/910_-_kleppe_dicht.mod	461.19K	boozedrome_vii/910_-_kleppe_dicht.mod
file music-module	music/compos/boozedrome_vii/abyss3_-_fuck_that_shit.mod	469.55K	boozedrome_vii/abyss3_-_fuck_that_shit.mod
file music-module	music/compos/boozedrome_vii/break_-_we_need_amigacore.mod	381.33K	boozedrome_vii/break_-_we_need_amigacore.mod
file music-module	music/compos/boozedrome_vii/bsh_-_iltasoitto.mod	146.26K	boozedrome_vii/bsh_-_iltasoitto.mod
file music-module	music/compos/boozedrome_vii/chlumpie_-_threefortwo.mod	215.67K	boozedrome_vii/chlumpie_-_threefortwo.mod
file music-module	music/compos/boozedrome_vii/ftc_project_-_this_is_michigan.mod	340.28K	boozedrome_vii/ftc_project_-_this_is_michigan.mod
file music-module	music/compos/boozedrome_vii/furious_-_volatile.mod	400.28K	boozedrome_vii/furious_-_volatile.mod
file music-module	music/compos/boozedrome_vii/gabbapappa_-_liian_hapokasta.mod	215.06K	boozedrome_vii/gabbapappa_-_liian_hapokasta.mod
file music-module	music/compos/boozedrome_vii/ham_-_i_have_come_here.mod	184.98K	boozedrome_vii/ham_-_i_have_come_here.mod
file music-module	music/compos/boozedrome_vii/lman_-_oh_the_humanity.mod	315.85K	boozedrome_vii/lman_-_oh_the_humanity.mod
file music-module	music/compos/boozedrome_vii/madksh2_and_bigshituk_-_chundering_pure_shit.mod	412.18K	boozedrome_vii/madksh2_and_bigshituk_-_chundering_pure_shit.mod
file music-module	music/compos/boozedrome_vii/man_with_no_jumalauta_handle_-_got_hardcore.mod	414.96K	boozedrome_vii/man_with_no_jumalauta_handle_-_got_hardcore.mod
file music-module	music/compos/boozedrome_vii/nm41_-_happy_happy_joy_joy.mod	199.83K	boozedrome_vii/nm41_-_happy_happy_joy_joy.mod
file music-module	music/compos/boozedrome_vii/okkie_-_snf.mod	467.42K	boozedrome_vii/okkie_-_snf.mod
file music-module	music/compos/boozedrome_vii/paskelo_-_kusipaan_polkka.mod	386.36K	boozedrome_vii/paskelo_-_kusipaan_polkka.mod
file music-module	music/compos/boozedrome_vii/pekka_pou_-_amiga_ufo_reissu.mod	410.80K	boozedrome_vii/pekka_pou_-_amiga_ufo_reissu.mod
file music-module	music/compos/boozedrome_vii/punnik_-_hold_on_to_your_dreams.mod	346.88K	boozedrome_vii/punnik_-_hold_on_to_your_dreams.mod
file music-module	music/compos/boozedrome_vii/subi_-_defy_it.mod	478.32K	boozedrome_vii/subi_-_defy_it.mod
file music-module	music/compos/boozedrome_vii/teo_-_king_of_bass.mod	305.31K	boozedrome_vii/teo_-_king_of_bass.mod
file music-module	music/compos/boozedrome_vii/triace_-_break_ya_back.mod	274.89K	boozedrome_vii/triace_-_break_ya_back.mod
file music-module	music/compos/boozedrome_viii/5717ch-mono_mrdr.mod	483.02K	boozedrome_viii/5717ch-mono_mrdr.mod
file music-module	music/compos/boozedrome_viii/910-mans3o3.mod	210.64K	boozedrome_viii/910-mans3o3.mod
file music-module	music/compos/boozedrome_viii/beathawk-fastforwarder.mod	132.54K	boozedrome_viii/beathawk-fastforwarder.mod
file music-module	music/compos/boozedrome_viii/bonJoni-lechucks_ravenge.mod	292.26K	boozedrome_viii/bonJoni-lechucks_ravenge.mod
file music-module	music/compos/boozedrome_viii/bsh-twenty_twenty-five.mod	241.58K	boozedrome_viii/bsh-twenty_twenty-five.mod
file music-module	music/compos/boozedrome_viii/channel_4_killer-face_down!.mod	292.07K	boozedrome_viii/channel_4_killer-face_down!.mod
file music-module	music/compos/boozedrome_viii/claybay-kickoutthejams.mod	274.42K	boozedrome_viii/claybay-kickoutthejams.mod
file music-module	music/compos/boozedrome_viii/cyke-realm.mod	443.14K	boozedrome_viii/cyke-realm.mod
file music-module	music/compos/boozedrome_viii/doom_cough-raw_bacon.mod	249.83K	boozedrome_viii/doom_cough-raw_bacon.mod
file music-module	music/compos/boozedrome_viii/flatbar-this_is_gold_coast.mod	291.80K	boozedrome_viii/flatbar-this_is_gold_coast.mod
file music-module	music/compos/boozedrome_viii/furious-delirium.mod	462.28K	boozedrome_viii/furious-delirium.mod
file music-module	music/compos/boozedrome_viii/jeenio-come_to_inercia_2025.mod	205.79K	boozedrome_viii/jeenio-come_to_inercia_2025.mod
file music-module	music/compos/boozedrome_viii/jope-ornithologicalpiece.mod	261.28K	boozedrome_viii/jope-ornithologicalpiece.mod
file music-module	music/compos/boozedrome_viii/just_niin_pieper-my_beeper.mod	463.32K	boozedrome_viii/just_niin_pieper-my_beeper.mod
file music-module	music/compos/boozedrome_viii/madksh2-objex_shovup_arz.mod	387.93K	boozedrome_viii/madksh2-objex_shovup_arz.mod
file music-module	music/compos/boozedrome_viii/manical-fuck_you.mod	466.75K	boozedrome_viii/manical-fuck_you.mod
file music-module	music/compos/boozedrome_viii/mot-gabber_gangster_und_gambina.mod	469.45K	boozedrome_viii/mot-gabber_gangster_und_gambina.mod
file music-module	music/compos/boozedrome_viii/nm41-hamsterdance.mod	198.19K	boozedrome_viii/nm41-hamsterdance.mod
file music-module	music/compos/boozedrome_viii/orchid-seven_hour_war.mod	414.41K	boozedrome_viii/orchid-seven_hour_war.mod
file music-module	music/compos/boozedrome_viii/pekka_pou-holy_hand_grenade.mod	333.50K	boozedrome_viii/pekka_pou-holy_hand_grenade.mod
file music-module	music/compos/boozedrome_viii/powl-grubenhummel.mod	171.38K	boozedrome_viii/powl-grubenhummel.mod
file music-module	music/compos/boozedrome_viii/punnik-make_the_tempo_high.mod	388.20K	boozedrome_viii/punnik-make_the_tempo_high.mod
file music-module	music/compos/boozedrome_viii/risto_kiiskinen-de_haringboerderij.mod	500.96K	boozedrome_viii/risto_kiiskinen-de_haringboerderij.mod
file music-module	music/compos/boozedrome_viii/salle-we_need_more_mana.mod	491.02K	boozedrome_viii/salle-we_need_more_mana.mod
file music-module	music/compos/boozedrome_winter_2025/1709_-_feincore.mod	379.23K	boozedrome_winter_2025/1709_-_feincore.mod
file music-module	music/compos/boozedrome_winter_2025/akira_-_im_in_the_dark.mod	1.17M	boozedrome_winter_2025/akira_-_im_in_the_dark.mod
file music-module	music/compos/boozedrome_winter_2025/bsh-juuri-nyt-varattuja.mod	671.24K	boozedrome_winter_2025/bsh-juuri-nyt-varattuja.mod
file music-module	music/compos/boozedrome_winter_2025/claybay_-_rock_the_gabba.mod	235.19K	boozedrome_winter_2025/claybay_-_rock_the_gabba.mod
file music-module	music/compos/boozedrome_winter_2025/doom_cough_-_word_of_the_day.mod	292.07K	boozedrome_winter_2025/doom_cough_-_word_of_the_day.mod
file music-module	music/compos/boozedrome_winter_2025/ezofuzz_-_code_red.mod	904.18K	boozedrome_winter_2025/ezofuzz_-_code_red.mod
file music-module	music/compos/boozedrome_winter_2025/furious_-_party_people.mod	592.35K	boozedrome_winter_2025/furious_-_party_people.mod
file music-module	music/compos/boozedrome_winter_2025/gabbapappa_-_the_new_generation_of_music.mod	583.57K	boozedrome_winter_2025/gabbapappa_-_the_new_generation_of_music.mod
file music-module	music/compos/boozedrome_winter_2025/giant_ghost_-_still_in_love.mod	483.62K	boozedrome_winter_2025/giant_ghost_-_still_in_love.mod
file music-module	music/compos/boozedrome_winter_2025/megapussi_-_myrskylinnun_hulluta.mod	975.95K	boozedrome_winter_2025/megapussi_-_myrskylinnun_hulluta.mod
file music-module	music/compos/boozedrome_winter_2025/pekka_pou_-_boozedore_sixtycore.mod	637.59K	boozedrome_winter_2025/pekka_pou_-_boozedore_sixtycore.mod
file music-module	music/compos/boozedrome_winter_2025/tadgh_o_keefe_-_moveyourbody.mod	334.89K	boozedrome_winter_2025/tadgh_o_keefe_-_moveyourbody.mod
file music-module	music/compos/ptweekender_crimbo_compo/!cyke_tummy_ache.mod	766.95K	ptweekender_crimbo_compo/!cyke_tummy_ache.mod
file music-module	music/compos/ptweekender_crimbo_compo/amiga_junglism_biffapop.mod	48.89K	ptweekender_crimbo_compo/amiga_junglism_biffapop.mod
file music-module	music/compos/ptweekender_crimbo_compo/bigsplash_ragebait.mod	203.31K	ptweekender_crimbo_compo/bigsplash_ragebait.mod
file music-module	music/compos/ptweekender_crimbo_compo/eggstra_spunk_michelle_eggalive.mod	65.25K	ptweekender_crimbo_compo/eggstra_spunk_michelle_eggalive.mod
file music-module	music/compos/ptweekender_crimbo_compo/jute-a-saurus_dulci_jute-ilo.mod	219.61K	ptweekender_crimbo_compo/jute-a-saurus_dulci_jute-ilo.mod
file music-module	music/compos/ptweekender_crimbo_compo/longhorn_crimbo_compo_sub.mod	94.72K	ptweekender_crimbo_compo/longhorn_crimbo_compo_sub.mod
file music-module	music/compos/ptweekender_crimbo_compo/m!chael_r3cycle_last_lofi.mod	289.45K	ptweekender_crimbo_compo/m!chael_r3cycle_last_lofi.mod
file music-module	music/compos/ptweekender_crimbo_compo/manical_christmazzz.mod	278.79K	ptweekender_crimbo_compo/manical_christmazzz.mod
file music-module	music/compos/ptweekender_crimbo_compo/rem4ved_jinglelol.mod	82.70K	ptweekender_crimbo_compo/rem4ved_jinglelol.mod
file music-module	music/compos/ptweekender_crimbo_compo/varin0x_merry_chrysler.mod	298.73K	ptweekender_crimbo_compo/varin0x_merry_chrysler.mod
file music-module	music/compos/ptweekender_crimbo_compo/xsm_safari_anotherday.mod	427.24K	ptweekender_crimbo_compo/xsm_safari_anotherday.mod
file music-module	music/groups/cutoff/jaz.mod	427.74K	cutoff/jaz.mod
file music-module	music/groups/moods/eps/mds-ep03/02_blakkhar-messies_remix.mod	146.47K	moods/eps/mds-ep03/02_blakkhar-messies_remix.mod
file music-module	music/groups/moods/eps/mds-ep03/05_ed-all2messyfin.mod	162.29K	moods/eps/mds-ep03/05_ed-all2messyfin.mod
file music-module	music/groups/moods/eps/mds-ep03/06_zito-messies2all.mod	68.69K	moods/eps/mds-ep03/06_zito-messies2all.mod
file music-module	music/groups/moods/eps/mds-ep03/07_zito-allmessi.mod	48.95K	moods/eps/mds-ep03/07_zito-allmessi.mod
file music-module	music/groups/moods/eps/mds-ep03/08_blackdragon-bonus.mod	40.64K	moods/eps/mds-ep03/08_blackdragon-bonus.mod
file music-module	music/groups/moods/eps/mds-ep04/espylacopaep/02-friday.mod	306.11K	moods/eps/mds-ep04/espylacopaep/02-friday.mod
file music-module	music/groups/moods/eps/mds-ep04/espylacopaep/03-stumpi.mod	250.22K	moods/eps/mds-ep04/espylacopaep/03-stumpi.mod
file music-module	music/groups/moods/eps/mds-ep05/02_razta-knockmydoor.mod	397.07K	moods/eps/mds-ep05/02_razta-knockmydoor.mod
file music-module	music/groups/moods/eps/mds-ep05/03_lcr-nationofsience.mod	66.03K	moods/eps/mds-ep05/03_lcr-nationofsience.mod
file music-module	music/groups/moods/eps/mds-ep05/05_blakkhar-summermoods.mod	343.58K	moods/eps/mds-ep05/05_blakkhar-summermoods.mod
file music-module	music/groups/moods/eps/mds-ep05/bn_razta-natureisscreaming.mod	247.22K	moods/eps/mds-ep05/bn_razta-natureisscreaming.mod
file music-module	music/groups/moodsplateau/eps/mds-ep03/02_blakkhar-messies_remix.mod	146.47K	moodsplateau/eps/mds-ep03/02_blakkhar-messies_remix.mod
file music-module	music/groups/moodsplateau/eps/mds-ep03/05_ed-all2messyfin.mod	162.29K	moodsplateau/eps/mds-ep03/05_ed-all2messyfin.mod
file music-module	music/groups/moodsplateau/eps/mds-ep03/06_zito-messies2all.mod	68.69K	moodsplateau/eps/mds-ep03/06_zito-messies2all.mod
file music-module	music/groups/moodsplateau/eps/mds-ep03/07_zito-allmessi.mod	48.95K	moodsplateau/eps/mds-ep03/07_zito-allmessi.mod
file music-module	music/groups/moodsplateau/eps/mds-ep03/08_blackdragon-bonus.mod	40.64K	moodsplateau/eps/mds-ep03/08_blackdragon-bonus.mod
file music-module	music/groups/moodsplateau/eps/mds-ep04/espylacopaep/02-friday.mod	306.11K	moodsplateau/eps/mds-ep04/espylacopaep/02-friday.mod
file music-module	music/groups/moodsplateau/eps/mds-ep04/espylacopaep/03-stumpi.mod	250.22K	moodsplateau/eps/mds-ep04/espylacopaep/03-stumpi.mod
file music-module	music/groups/moodsplateau/eps/mds-ep05/02_razta-knockmydoor.mod	397.07K	moodsplateau/eps/mds-ep05/02_razta-knockmydoor.mod
file music-module	music/groups/moodsplateau/eps/mds-ep05/03_lcr-nationofsience.mod	66.03K	moodsplateau/eps/mds-ep05/03_lcr-nationofsience.mod
file music-module	music/groups/moodsplateau/eps/mds-ep05/05_blakkhar-summermoods.mod	343.58K	moodsplateau/eps/mds-ep05/05_blakkhar-summermoods.mod
file music-module	music/groups/moodsplateau/eps/mds-ep05/bn_razta-natureisscreaming.mod	247.22K	moodsplateau/eps/mds-ep05/bn_razta-natureisscreaming.mod
file music-module	parties/1994/oso-meeting94/mmul/poks.mod	27.91K	oso-meeting94/mmul/poks.mod
file music-module	parties/1994/oso-meeting94/mmul/tempsetb.mod	154.53K	oso-meeting94/mmul/tempsetb.mod
file music-module has-diz	parties/1998/buenzli98a/mmul/iateshit.mod	78.92K	buenzli98a/mmul/iateshit.mod
file music-module has-diz	parties/1998/remedy98/m4ch/01-70.mod	645.01K	remedy98/m4ch/01-70.mod
file music-module has-diz	parties/1998/remedy98/m4ch/02-cool2.mod	660.60K	remedy98/m4ch/02-cool2.mod
file music-module has-diz	parties/1998/remedy98/m4ch/03-cycle.mod	537.09K	remedy98/m4ch/03-cycle.mod
file music-module has-diz	parties/1998/remedy98/m4ch/04-fisher.mod	218.45K	remedy98/m4ch/04-fisher.mod
file music-module has-diz	parties/1998/remedy98/m4ch/05-green.mod	368.87K	remedy98/m4ch/05-green.mod
file music-module has-diz	parties/1998/remedy98/m4ch/06-nostal.mod	304.42K	remedy98/m4ch/06-nostal.mod
file music-module has-diz	parties/1998/remedy98/m4ch/07-photo.mod	304.50K	remedy98/m4ch/07-photo.mod
file music-module has-diz	parties/1998/remedy98/m4ch/08-rakhyvel.mod	474.46K	remedy98/m4ch/08-rakhyvel.mod
file music-module has-diz	parties/1998/remedy98/m4ch/09-rockit.mod	531.87K	remedy98/m4ch/09-rockit.mod
file music-module has-diz	parties/1998/remedy98/m4ch/10-rodrigo.mod	515.90K	remedy98/m4ch/10-rodrigo.mod
file music-module has-diz	parties/1998/remedy98/m4ch/11-scratch.mod	569.85K	remedy98/m4ch/11-scratch.mod
file music-module has-diz	parties/1998/remedy98/m4ch/12-ttl-bald.mod	292.53K	remedy98/m4ch/12-ttl-bald.mod
file music-module has-diz	parties/1998/remedy98/m4ch/13-umek.mod	192.66K	remedy98/m4ch/13-umek.mod
file music-module has-diz	parties/1998/remedy98/m4ch/14-za-bttc.mod	35.28K	remedy98/m4ch/14-za-bttc.mod
file music-module has-diz	parties/1998/remedy98/m4ch/15-zkf-move.mod	173.99K	remedy98/m4ch/15-zkf-move.mod
file archive	parties/1998/rush_hours98/m4ch/01.mod.zip	327.03K	rush_hours98/m4ch/01.mod.zip
file archive	parties/1998/rush_hours98/m4ch/02.mod.zip	351.91K	rush_hours98/m4ch/02.mod.zip
file archive	parties/1998/rush_hours98/m4ch/04.mod.zip	120.42K	rush_hours98/m4ch/04.mod.zip
file archive	parties/1998/rush_hours98/m4ch/06.mod.telepation.zip	373.30K	rush_hours98/m4ch/06.mod.telepation.zip
file archive	parties/1998/rush_hours98/m4ch/07.mod.zip	188.07K	rush_hours98/m4ch/07.mod.zip
file archive	parties/2000/satellite00/graphics/unselected/17.moda_mlodzierzowa_mucyfon_g.jpg.zip	92.33K	satellite00/graphics/unselected/17.moda_mlodzierzowa_mucyfon_g.jpg.zip
file archive has-diz	parties/2003/alchimie03/mmul/mod2.mod.zip	84.04K	alchimie03/mmul/mod2.mod.zip
file archive has-diz	parties/2003/alchimie03/mmul/nolimit.mod.zip	165.68K	alchimie03/mmul/nolimit.mod.zip
file music-module	parties/2005/assembly05/oldskool/music/chipment_delayed_by_taskman_of_medieval.mod	16.60K	assembly05/oldskool/music/chipment_delayed_by_taskman_of_medieval.mod
file music-module	parties/2005/assembly05/oldskool/music/chuck_norris_by_tempest_fairlight.mod	61.52K	assembly05/oldskool/music/chuck_norris_by_tempest_fairlight.mod
file music-module	parties/2005/assembly05/oldskool/music/disqualified_entry_by_sauli___jml.mod	58.98K	assembly05/oldskool/music/disqualified_entry_by_sauli___jml.mod
file music-module	parties/2005/assembly05/oldskool/music/done_deal_by_el-bee.mod	62.05K	assembly05/oldskool/music/done_deal_by_el-bee.mod
file music-module	parties/2005/assembly05/oldskool/music/fizz_by_roz.mod	14.82K	assembly05/oldskool/music/fizz_by_roz.mod
file music-module	parties/2005/assembly05/oldskool/music/jump___run_by_kiwi_piste_gamez.mod	61.02K	assembly05/oldskool/music/jump___run_by_kiwi_piste_gamez.mod
file music-module	parties/2005/assembly05/oldskool/music/kekkeruusi_by_roz.mod	58.28K	assembly05/oldskool/music/kekkeruusi_by_roz.mod
file music-module	parties/2005/assembly05/oldskool/music/loch_nes_by_inphernic.mod	62.60K	assembly05/oldskool/music/loch_nes_by_inphernic.mod
file music-module	parties/2005/assembly05/oldskool/music/locomotive_failure_by_signal.mod	60.21K	assembly05/oldskool/music/locomotive_failure_by_signal.mod
file music-module	parties/2005/assembly05/oldskool/music/pulverland_by_scanner_of_dope.mod	18.85K	assembly05/oldskool/music/pulverland_by_scanner_of_dope.mod
file music-module	parties/2005/assembly05/oldskool/music/u_know_da_score_by_rm___rno___dekadence.mod	45.32K	assembly05/oldskool/music/u_know_da_score_by_rm___rno___dekadence.mod
file music-module	parties/2007/altparty07/obscuremusic/portsari_arabiassa_by_kossu_pullo.mod	136.83K	altparty07/obscuremusic/portsari_arabiassa_by_kossu_pullo.mod
file music-module	parties/2008/grepwhite08/wild_music/esau_-_varldens_skit.mod	350.87K	grepwhite08/wild_music/esau_-_varldens_skit.mod
file music-module	parties/2008/grepwhite08/wild_music/olle_-_polkka.mod	323.93K	grepwhite08/wild_music/olle_-_polkka.mod
file music-module	parties/2008/trsac08/music/oldschool/hbp.mod	143.40K	trsac08/music/oldschool/hbp.mod
file music-module	parties/2009/assembly09/extreme/music/camelopardalis_by_paokala.mod	29.29K	assembly09/extreme/music/camelopardalis_by_paokala.mod
file music-module	parties/2009/assembly09/extreme/music/funky_by_rebbparadise.mod	30.34K	assembly09/extreme/music/funky_by_rebbparadise.mod
file music-module	parties/2009/assembly09/extreme/music/komani_ice_hockey_by_aegis.mod	27.59K	assembly09/extreme/music/komani_ice_hockey_by_aegis.mod
file music-module	parties/2009/assembly09/extreme/music/political_techno_on_space_by_nobytrtr.mod	31.87K	assembly09/extreme/music/political_techno_on_space_by_nobytrtr.mod
file music-module	parties/2009/assembly09/extreme/music/spying_on_the_sun_by_ignore_this_entry.mod	14.02K	assembly09/extreme/music/spying_on_the_sun_by_ignore_this_entry.mod
file music-module	parties/2009/assembly09/extreme/music/super_fighting_dudes_by_signal.mod	27.76K	assembly09/extreme/music/super_fighting_dudes_by_signal.mod
file music-module	parties/2009/assembly09/extreme/music/super_system_by_liitin.mod	30.31K	assembly09/extreme/music/super_system_by_liitin.mod
file archive	parties/2009/evoke09/tinymusic/mod.house_my_kolsch_up.mod.zip	62.97K	evoke09/tinymusic/mod.house_my_kolsch_up.mod.zip
file music-module	parties/2009/fap09/m4ch/ananasdance2.mod	19.28K	fap09/m4ch/ananasdance2.mod
file music-module	parties/2009/fap09/m4ch/elakesaa.mod	21.91K	fap09/m4ch/elakesaa.mod
file music-module	parties/2010/solskogen10/music_oldskool/hansee-no_sign_of_life.mod	232.10K	solskogen10/music_oldskool/hansee-no_sign_of_life.mod
file music-module	parties/2010/syntax10/combined_music/ctrix_syntax2010.mod	315.18K	syntax10/combined_music/ctrix_syntax2010.mod
file music-module	parties/2011/alchimie11/multichannel/kioniro.mod	186.63K	alchimie11/multichannel/kioniro.mod
file music-module	parties/2011/grep11/music_fastgabber/fjbcomterric.mod	84.72K	grep11/music_fastgabber/fjbcomterric.mod
file music-module	parties/2011/sunrise11/music_oldskool/its_3.a.e.a.m.mod	894.25K	sunrise11/music_oldskool/its_3.a.e.a.m.mod
file music-module	parties/2011/sunrise11/music_oldskool/subi-rock_right_now.mod	463.13K	sunrise11/music_oldskool/subi-rock_right_now.mod
file music-module	parties/2011/tum11/music_tracked/max_hall_-_intruder_alert.mod	207.83K	tum11/music_tracked/max_hall_-_intruder_alert.mod
file music-module	parties/2012/flashback12/music_tracked/mod.splash_and_bass.mod	333.16K	flashback12/music_tracked/mod.splash_and_bass.mod
file music-module	parties/2012/revision12/tracked_music/revisiting_the_90s.mod	175.24K	revision12/tracked_music/revisiting_the_90s.mod
file music-module	parties/2012/revision12/tracked_music/the_hunter.mod	1.11M	revision12/tracked_music/the_hunter.mod
file music-module	parties/2012/solskogen12/music_oldskool/ancient-temple-by-wiklund-of-fairlight.mod	24.58K	solskogen12/music_oldskool/ancient-temple-by-wiklund-of-fairlight.mod
file music-module	parties/2012/solskogen12/music_oldskool/skurkebeat.mod	133.45K	solskogen12/music_oldskool/skurkebeat.mod
file music-module	parties/2012/sundown12/amiga_paula_music/yojimbo_sunshine_for_sundown.mod	360.65K	sundown12/amiga_paula_music/yojimbo_sunshine_for_sundown.mod
file music-module	parties/2012/trsac12/music_oldschool/mf_fogboat.mod	133.85K	trsac12/music_oldschool/mf_fogboat.mod
file music-module	parties/2012/tum12/music_tracked/redeco.mod	31.76K	tum12/music_tracked/redeco.mod
file music-module	parties/2013/alchimie2k13/music/goodstuff.mod	178.92K	alchimie2k13/music/goodstuff.mod
file music-module	parties/2013/bfp13/amiga/music/zabutom-bfp2013.mod	326.76K	bfp13/amiga/music/zabutom-bfp2013.mod
file music-module has-diz	parties/2013/birdie13/tracked_music/m0onlight-birdiedome.mod	117.47K	birdie13/tracked_music/m0onlight-birdiedome.mod
file music-module	parties/2013/demodays13/music/dj-arvy-vs-tdk-orgasmic-chipper2k13.mod	0.95M	demodays13/music/dj-arvy-vs-tdk-orgasmic-chipper2k13.mod
file music-module	parties/2013/edison13/oldschool_tracked_music/captain_jinx_-_storm.mod	102.13K	edison13/oldschool_tracked_music/captain_jinx_-_storm.mod
file music-module	parties/2013/edison13/oldschool_tracked_music/dolphin_-_blitterbobmegademo.mod	73.86K	edison13/oldschool_tracked_music/dolphin_-_blitterbobmegademo.mod
file music-module	parties/2013/evoke13/mmul_onesample/evokeonesamplecompo_the_killer_sun_by_voyce-delight.mod	79.11K	evoke13/mmul_onesample/evokeonesamplecompo_the_killer_sun_by_voyce-delight.mod
file music-module	parties/2013/fap13/music_hippoplayer/fernandos_gym.mod	87.26K	fap13/music_hippoplayer/fernandos_gym.mod
file music-module	parties/2013/flashback13/music_tracked/flshbk13.mod	466.68K	flashback13/music_tracked/flshbk13.mod
file music-module	parties/2013/recursion13/music/benny-funk_shading.mod	63.61K	recursion13/music/benny-funk_shading.mod
file music-module	parties/2013/revision13/tracked_music/pattern_skank.mod	1.13M	revision13/tracked_music/pattern_skank.mod
file music-module	parties/2013/revision13/tracked_music/voyage314.mod	256.95K	revision13/tracked_music/voyage314.mod
file music-module	parties/2013/sundown13/tracked_music/trackeredmusic-bex.mod	244.23K	sundown13/tracked_music/trackeredmusic-bex.mod
file music-module	parties/2013/trsac13/music_oldskool/pardon_my_french.mod	148.45K	trsac13/music_oldskool/pardon_my_french.mod
file music-module	parties/2013/trsac13/music_oldskool/serpent_-_saunagroup_copyparty.mod	82.70K	trsac13/music_oldskool/serpent_-_saunagroup_copyparty.mod
file music-module	parties/2014/birdie14/music_tracked_4ch/0367_radiantx_-_trails.mod	67.86K	birdie14/music_tracked_4ch/0367_radiantx_-_trails.mod
file music-module	parties/2014/datastorm14/amiga/music_chip/ne7_-_stormy_chipper.mod	15.98K	datastorm14/amiga/music_chip/ne7_-_stormy_chipper.mod
file music-module	parties/2014/datastorm14/amiga/music_chip/vilcans-feberpastej.mod	15.89K	datastorm14/amiga/music_chip/vilcans-feberpastej.mod
file music-module	parties/2014/datastorm14/amiga/music_tracked/blaze_up_da_fire_final.mod	1.37M	datastorm14/amiga/music_tracked/blaze_up_da_fire_final.mod
file music-module	parties/2014/datastorm14/amiga/music_tracked/generation64.mod	209.36K	datastorm14/amiga/music_tracked/generation64.mod
file music-module	parties/2014/datastorm14/amiga/music_tracked/mod.gitarrla__t.mod	56.69K	datastorm14/amiga/music_tracked/mod.gitarrla__t.mod
file music-module	parties/2014/datastorm14/amiga/music_tracked/ne7_-_a_pocketful_of_jazz.mod	824.51K	datastorm14/amiga/music_tracked/ne7_-_a_pocketful_of_jazz.mod
file music-module	parties/2014/datastorm14/amiga/music_tracked/readysetgonads.mod	309.80K	datastorm14/amiga/music_tracked/readysetgonads.mod
file music-module	parties/2014/edison14/oldschool_tracked_music/tracked-ete-tomsmoke-bigbad.mod	107.01K	edison14/oldschool_tracked_music/tracked-ete-tomsmoke-bigbad.mod
file music-module	parties/2014/evoke14/mmul_onesample/playboy_phase-fieserwolf.mod	108.09K	evoke14/mmul_onesample/playboy_phase-fieserwolf.mod
file music-module	parties/2014/gerp14/music_chiptune/mod.noid_the_voxel.mod	29.80K	gerp14/music_chiptune/mod.noid_the_voxel.mod
file music-module	parties/2014/gerp14/music_surprise/gmn-gerpsurp2014.mod	48.95K	gerp14/music_surprise/gmn-gerpsurp2014.mod
file music-module	parties/2014/gerp14/music_surprise/mod.scoopex.mod	44.95K	gerp14/music_surprise/mod.scoopex.mod
file music-module	parties/2014/gerp14/music_tracked/kfk-fjrkntrl.mod	480.42K	gerp14/music_tracked/kfk-fjrkntrl.mod
file music-module	parties/2014/gerp14/music_tracked/mod.fucktop3.mod	199.93K	gerp14/music_tracked/mod.fucktop3.mod
file music-module	parties/2014/outline14/music_executable/no_hard_mood_2.mod	19.46K	outline14/music_executable/no_hard_mood_2.mod
file music-module	parties/2014/outline14/music_executable/xyce_ruine.mod	33.21K	outline14/music_executable/xyce_ruine.mod
file music-module	parties/2014/revision14/music_tracked/uebergoat.mod	247.04K	revision14/music_tracked/uebergoat.mod
file music-module	parties/2014/sundown14/music_tracked/bexslp_-_residual_frequenceys_sundown_trackered_music_entry_.mod	304.63K	sundown14/music_tracked/bexslp_-_residual_frequenceys_sundown_trackered_music_entry_.mod
file music-module	parties/2014/sundown14/music_tracked/ghetto.mod	859.43K	sundown14/music_tracked/ghetto.mod
file music-module	parties/2014/sundown14/music_tracked/idontknow.mod	0.98M	sundown14/music_tracked/idontknow.mod
file music-module	parties/2014/trsac14/music_oldskool/bexslp-murder-me-gently-trsac-oldskool.mod	108.54K	trsac14/music_oldskool/bexslp-murder-me-gently-trsac-oldskool.mod
file music-module	parties/2014/trsac14/music_oldskool/metawhore.mod	177.47K	trsac14/music_oldskool/metawhore.mod
file music-module	parties/2015/chaosconstructions15/multichannel_traditional_music/urban_legacy.mod	280.07K	chaosconstructions15/multichannel_traditional_music/urban_legacy.mod
file music-module	parties/2015/decrunch15/music_tracked/aceman-the_black_sheep.mod	372.10K	decrunch15/music_tracked/aceman-the_black_sheep.mod
file music-module	parties/2015/decrunch15/music_tracked/dakota-paula_loves_fat_bass.mod	220.53K	decrunch15/music_tracked/dakota-paula_loves_fat_bass.mod
file music-module	parties/2015/decrunch15/music_tracked/jazzcat-decrunching_time.mod	482.31K	decrunch15/music_tracked/jazzcat-decrunching_time.mod
file music-module	parties/2015/decrunch15/music_tracked/liv-evolution.mod	93.94K	decrunch15/music_tracked/liv-evolution.mod
file music-module	parties/2015/decrunch15/music_tracked/mcvoy-disco1.mod	144.90K	decrunch15/music_tracked/mcvoy-disco1.mod
file music-module	parties/2015/endoftheworld15/music/fresh_90.mod	322.93K	endoftheworld15/music/fresh_90.mod
file music-module	parties/2015/evoke15/tracked_music_rob_is_jarig_remix/mod_ist_haarig.mod	132.61K	evoke15/tracked_music_rob_is_jarig_remix/mod_ist_haarig.mod
file music-module	parties/2015/gerp15/music/keep_paula_dancing.mod	276.24K	gerp15/music/keep_paula_dancing.mod
file music-module	parties/2015/gerp15/music/khitaryan.mod	192.21K	gerp15/music/khitaryan.mod
file music-module	parties/2015/gerp15/music/scared.of.scared..mod	1.36M	gerp15/music/scared.of.scared..mod
file music-module	parties/2015/gerp15/music/soda7_modernfunk.mod	447.34K	gerp15/music/soda7_modernfunk.mod
file music-module	parties/2015/gerp15/music/toilet_break.mod	261.45K	gerp15/music/toilet_break.mod
file music-module	parties/2015/gerp15/music/_p4_rulez_.mod	341.99K	gerp15/music/_p4_rulez_.mod
file music-module	parties/2015/nordlicht15/music_tracked/schwarzer_kaffee.mod	258.02K	nordlicht15/music_tracked/schwarzer_kaffee.mod
file music-module	parties/2015/payback15/tracked_music/haetaevaeaerae.mod	369.71K	payback15/tracked_music/haetaevaeaerae.mod
file music-module	parties/2015/payback15/tracked_music/mandalay.mod	548.96K	payback15/tracked_music/mandalay.mod
file music-module	parties/2015/retrokomploaderror15/music_amiga/09_modulo-3_by_v0yager.mod	137.90K	retrokomploaderror15/music_amiga/09_modulo-3_by_v0yager.mod
file music-module	parties/2015/solskogen15/music_oldskool/solskogen-15-rave.mod	280.04K	solskogen15/music_oldskool/solskogen-15-rave.mod
file music-module	parties/2015/solskogen15/music_oldskool/why.mod	93.98K	solskogen15/music_oldskool/why.mod
file music-module	parties/2015/sundown15/music_tracked/epic_disaster.mod	170.94K	sundown15/music_tracked/epic_disaster.mod
file archive	parties/2015/sundown15/music_tracked/syphus-too_fool.mod.zip	283.88K	sundown15/music_tracked/syphus-too_fool.mod.zip
file archive	parties/2016/compusphere16/chip_music/fesk-skepps.mod.zip	10.11K	compusphere16/chip_music/fesk-skepps.mod.zip
file music-module	parties/2016/decrunch16/music_tracked/emeryten-rave.mod	352.22K	decrunch16/music_tracked/emeryten-rave.mod
file music-module	parties/2016/decrunch16/music_tracked/phat-angus.mod	298.38K	decrunch16/music_tracked/phat-angus.mod
file music-module	parties/2016/edison16/oldschool_tracked_music/dar_andra_gar_get_tretton37_vet.mod	262.53K	edison16/oldschool_tracked_music/dar_andra_gar_get_tretton37_vet.mod
file music-module	parties/2016/edison16/oldschool_tracked_music/lisas_theme_2.1.mod	26.61K	edison16/oldschool_tracked_music/lisas_theme_2.1.mod
file music-module	parties/2016/edison16/oldschool_tracked_music/mod.knightfight.mod	40.30K	edison16/oldschool_tracked_music/mod.knightfight.mod
file music-module	parties/2016/edison16/oldschool_tracked_music/pooooop.mod	85.61K	edison16/oldschool_tracked_music/pooooop.mod
file music-module	parties/2016/edison16/oldschool_tracked_music/we_are_complicated.mod	576.41K	edison16/oldschool_tracked_music/we_are_complicated.mod
file music-module	parties/2016/gubbdata16/music_amiga/goto80-vatican_power_loop.mod	171.64K	gubbdata16/music_amiga/goto80-vatican_power_loop.mod
file music-module	parties/2016/gubbdata16/music_amiga/mrd_cw2k_final.mod	25.30K	gubbdata16/music_amiga/mrd_cw2k_final.mod
file music-module	parties/2016/nordlicht16/gravedigger/sunspire_-_conga_track_1994.mod	84.94K	nordlicht16/gravedigger/sunspire_-_conga_track_1994.mod
file music-module	parties/2016/nordlicht16/tracked_music/creonix_-_anthem_for_the_victory.mod	103.83K	nordlicht16/tracked_music/creonix_-_anthem_for_the_victory.mod
file music-module	parties/2016/nordlicht16/tracked_music/lifestyle95.mod	223.20K	nordlicht16/tracked_music/lifestyle95.mod
file music-module	parties/2016/revision16/tracked_music/gumdrops.mod	860.48K	revision16/tracked_music/gumdrops.mod
file music-module	parties/2016/revision16/tracked_music/it_s_partytime_.mod	81.40K	revision16/tracked_music/it_s_partytime_.mod
file music-module	parties/2016/revision16/tracked_music/nobrainer.mod	307.51K	revision16/tracked_music/nobrainer.mod
file music-module	parties/2016/revision16/tracked_music/yellow_revision_edition.mod	215.65K	revision16/tracked_music/yellow_revision_edition.mod
file music-module	parties/2016/riverwash16/music_tracked/doctor2.mod	59.94K	riverwash16/music_tracked/doctor2.mod
file archive	parties/2016/solskogen16/music_oldskool/telekinesis.mod.zip	135.25K	solskogen16/music_oldskool/telekinesis.mod.zip
file music-module	parties/2016/sundown16/music_tracked/bex_funkoutsidethebox-fixed.mod	84.06K	sundown16/music_tracked/bex_funkoutsidethebox-fixed.mod
file music-module	parties/2016/sundown16/music_tracked/drakon_low(cia).mod	151.92K	sundown16/music_tracked/drakon_low(cia).mod
file music-module	parties/2016/sundown16/music_tracked/mrs_beanbag.mod	142.27K	sundown16/music_tracked/mrs_beanbag.mod
file music-module	parties/2016/sundown16/music_tracked/ne7_-_fire_power_sundown.mod	37.24K	sundown16/music_tracked/ne7_-_fire_power_sundown.mod
file music-module has-diz	parties/2016/sundown16/music_tracked/subi-you_cant_control.mod	851.07K	sundown16/music_tracked/subi-you_cant_control.mod
file music-module	parties/2016/synchrony16/music/munster.mod	10.65K	synchrony16/music/munster.mod
file music-module	parties/2016/trsac16/music_oldschool/ragnarryk.mod	305.17K	trsac16/music_oldschool/ragnarryk.mod
file music-module	parties/2016/trsac16/music_oldschool/scared_shitless.mod	514.79K	trsac16/music_oldschool/scared_shitless.mod
file music-module	parties/2017/deadline17/tracked_music/creonix_-_jelly.mod	101.62K	deadline17/tracked_music/creonix_-_jelly.mod
file music-module	parties/2017/deadline17/tracked_music/enigmatic_2.mod	619.82K	deadline17/tracked_music/enigmatic_2.mod
file music-module	parties/2017/deadline17/tracked_music/mod.mod.amiga.mod.mod	101.65K	deadline17/tracked_music/mod.mod.amiga.mod.mod
file music-module	parties/2017/decrunch17/music_tracked/grogon-its_very_yrev.mod	323.48K	decrunch17/music_tracked/grogon-its_very_yrev.mod
file music-module	parties/2017/decrunch17/music_tracked/liv-neutrino.mod	183.66K	decrunch17/music_tracked/liv-neutrino.mod
file music-module	parties/2017/decrunch17/music_tracked/rogal-pizzacraponara.mod	101.69K	decrunch17/music_tracked/rogal-pizzacraponara.mod
file music-module	parties/2017/decrunch17/music_tracked/voicer-quantum_chaos.mod	404.58K	decrunch17/music_tracked/voicer-quantum_chaos.mod
file music-module	parties/2017/edison17/oldschool_tracked_music/aint_no_sidechain.mod	178.49K	edison17/oldschool_tracked_music/aint_no_sidechain.mod
file music-module	parties/2017/edison17/oldschool_tracked_music/flesk_und_schwepps.mod	52.24K	edison17/oldschool_tracked_music/flesk_und_schwepps.mod
file music-module	parties/2017/edison17/oldschool_tracked_music/fractal_form.mod	87.80K	edison17/oldschool_tracked_music/fractal_form.mod
file music-module	parties/2017/evoke17/m4ch/ausgezuckert.mod	88.42K	evoke17/m4ch/ausgezuckert.mod
file music-module	parties/2017/evoke17/m4ch/bitch-song_nr6.mod	64.81K	evoke17/m4ch/bitch-song_nr6.mod
file music-module	parties/2017/evoke17/m4ch/i_hope.mod	32.17K	evoke17/m4ch/i_hope.mod
file music-module	parties/2017/evoke17/m4ch/lman_-_mad_scientist.mod	170.65K	evoke17/m4ch/lman_-_mad_scientist.mod
file music-module	parties/2017/evoke17/m4ch/rayn_-_afterthought.mod	81.00K	evoke17/m4ch/rayn_-_afterthought.mod
file archive has-diz	parties/2017/nordlicht17/music_tracked/triace_vedder_-_dosk_n_sonars.mod.zip	9.40M	nordlicht17/music_tracked/triace_vedder_-_dosk_n_sonars.mod.zip
file music-module	parties/2017/nova17/tracked_music/bx_slp_-_screw_levity.mod	26.89K	nova17/tracked_music/bx_slp_-_screw_levity.mod
file music-module	parties/2017/nova17/tracked_music/so_happy.mod	100.56K	nova17/tracked_music/so_happy.mod
file music-module	parties/2017/pmt20y/music/fp-dem_tits_xp.mod	47.04K	pmt20y/music/fp-dem_tits_xp.mod
file music-module	parties/2017/posadas17/versus_mod/zoltardr3amusic_-_vaporsito.mod	252.81K	posadas17/versus_mod/zoltardr3amusic_-_vaporsito.mod
file music-module	parties/2017/syntax17/tracked_music/hacked_together_at_party_2step-ctrix.mod	184.12K	syntax17/tracked_music/hacked_together_at_party_2step-ctrix.mod
file music-module	parties/2018/assembly18/tracked_music/let_s_party_again_by_buzzer_zenon.mod	73.24K	assembly18/tracked_music/let_s_party_again_by_buzzer_zenon.mod
file music-module	parties/2018/assembly18/tracked_music/nonbassoon_by_laurikka.mod	67.38K	assembly18/tracked_music/nonbassoon_by_laurikka.mod
file music-module	parties/2018/assembly18/tracked_music/oodi.mod_by_beathawk.mod	42.80K	assembly18/tracked_music/oodi.mod_by_beathawk.mod
file music-module	parties/2018/assembly18/tracked_music/sloppy_ho_by_bitch_atw.mod	378.48K	assembly18/tracked_music/sloppy_ho_by_bitch_atw.mod
file music-module	parties/2018/compusphere18/4_channel_music/echoes-from-the-past.mod	72.25K	compusphere18/4_channel_music/echoes-from-the-past.mod
file music-module	parties/2018/compusphere18/4_channel_music/kioskdoskvaeltare4.mod	107.71K	compusphere18/4_channel_music/kioskdoskvaeltare4.mod
file music-module	parties/2018/compusphere18/4_channel_music/nightbeat_goodeveningmrsimmons.mod	283.53K	compusphere18/4_channel_music/nightbeat_goodeveningmrsimmons.mod
file music-module	parties/2018/compusphere18/4_channel_music/we-are-bastards.mod	588.04K	compusphere18/4_channel_music/we-are-bastards.mod
file music-module	parties/2018/compusphere18/chip_music/25-years-ago---chip.mod	13.50K	compusphere18/chip_music/25-years-ago---chip.mod
file music-module	parties/2018/compusphere18/chip_music/bubbles.mod	29.10K	compusphere18/chip_music/bubbles.mod
file music-module	parties/2018/compusphere18/chip_music/crack-that-nut.mod	23.00K	compusphere18/chip_music/crack-that-nut.mod
file music-module	parties/2018/compusphere18/chip_music/ljudo.mod	27.74K	compusphere18/chip_music/ljudo.mod
file music-module	parties/2018/compusphere18/chip_music/oogle_eaters.mod	19.68K	compusphere18/chip_music/oogle_eaters.mod
file music-module	parties/2018/compusphere18/chip_music/waiting-please-load.mod	22.62K	compusphere18/chip_music/waiting-please-load.mod
file music-module	parties/2018/deadline18/tracked_music/antikonstruktiv.mod	329.25K	deadline18/tracked_music/antikonstruktiv.mod
file music-module	parties/2018/deadline18/tracked_music/happiness.mod	68.49K	deadline18/tracked_music/happiness.mod
file music-module	parties/2018/fieldfx18/music/howlistic-holistic_howling-paws_up_.mod	437.25K	fieldfx18/music/howlistic-holistic_howling-paws_up_.mod
file music-module	parties/2018/nova18/oldschool_music/amc93_2.mod	148.10K	nova18/oldschool_music/amc93_2.mod
file music-module	parties/2018/nova18/oldschool_music/cosmic_brain.mod	244.44K	nova18/oldschool_music/cosmic_brain.mod
file music-module	parties/2018/nova18/oldschool_music/dont_look_at_me_.mod	223.86K	nova18/oldschool_music/dont_look_at_me_.mod
file music-module	parties/2018/outline18/oldschool_music/lynn_drumm_ft_alpha_c_-_the_roach_vip.mod	174.32K	outline18/oldschool_music/lynn_drumm_ft_alpha_c_-_the_roach_vip.mod
file archive	parties/2018/outline18/oldschool_music/strongholdflank.mod.zip	53.84K	outline18/oldschool_music/strongholdflank.mod.zip
file music-module	parties/2018/riverwash18/tracked_msx/dakti_indianpot.mod	390.62K	riverwash18/tracked_msx/dakti_indianpot.mod
file music-module	parties/2018/riverwash18/tracked_msx/trackedmsx-dreamer_joker-kakafon.mod	161.71K	riverwash18/tracked_msx/trackedmsx-dreamer_joker-kakafon.mod
file music-module	parties/2018/solskogen18/oldskool_music/j-rgen-hegstad---ossobeaucoup.mod	95.04K	solskogen18/oldskool_music/j-rgen-hegstad---ossobeaucoup.mod
file music-module	parties/2018/solskogen18/oldskool_music/jonas-s---insane-life.mod	158.55K	solskogen18/oldskool_music/jonas-s---insane-life.mod
file music-module	parties/2018/solskogen18/oldskool_music/minitent.mod	56.04K	solskogen18/oldskool_music/minitent.mod
file music-module	parties/2018/solskogen18/oldskool_music/unknown-trajectory.mod	34.63K	solskogen18/oldskool_music/unknown-trajectory.mod
file music-module	parties/2018/trsac18/music_oldschool/one-pump-generator..mod	207.03K	trsac18/music_oldschool/one-pump-generator..mod
file music-module	parties/2018/trsac18/music_oldschool/time-indifference.mod	340.93K	trsac18/music_oldschool/time-indifference.mod
file music-module	parties/2019/assembly19/tracked_music/bullet_time.mod	376.72K	assembly19/tracked_music/bullet_time.mod
file music-module	parties/2019/assembly19/tracked_music/fluctuations.mod	336.92K	assembly19/tracked_music/fluctuations.mod
file music-module	parties/2019/assembly19/tracked_music/one_last_time.mod	735.05K	assembly19/tracked_music/one_last_time.mod
file music-module	parties/2019/deadline19/tracked_music/gleimtunnel.mod	697.02K	deadline19/tracked_music/gleimtunnel.mod
file music-module	parties/2019/evoke19/misc/party_x_leben.mod	488.91K	evoke19/misc/party_x_leben.mod
file music-module	parties/2019/flashback19/music_tracked/ctrix-vs-theythem-salas.mod	380.52K	flashback19/music_tracked/ctrix-vs-theythem-salas.mod
file music-module	parties/2019/flashback19/music_tracked/low-self-jimage-cnr.mod	142.58K	flashback19/music_tracked/low-self-jimage-cnr.mod
file music-module	parties/2019/flashback19/music_tracked/mayday-hedelmae---different-dimension.mod	191.01K	flashback19/music_tracked/mayday-hedelmae---different-dimension.mod
file music-module	parties/2019/flashback19/music_tracked/maze-abstraction-fields.mod	40.04K	flashback19/music_tracked/maze-abstraction-fields.mod
file music-module	parties/2019/flashback19/music_tracked/slash-and-notorious---island-data_.mod	19.79K	flashback19/music_tracked/slash-and-notorious---island-data_.mod
file music-module	parties/2019/skeneklubi19/music/jzd_155k.mod	151.97K	skeneklubi19/music/jzd_155k.mod
file music-module	parties/2019/skeneklubi19/music/jzd_500a.mod	243.48K	skeneklubi19/music/jzd_500a.mod
file music-module	parties/2019/skeneklubi19/music/last_call__rip_ddt_.mod	131.48K	skeneklubi19/music/last_call__rip_ddt_.mod
file music-module	parties/2019/syntax19/tracked_music/iolh2utow.mod	36.37K	syntax19/tracked_music/iolh2utow.mod
file music-module	parties/2019/syntax19/tracked_music/nothardbass.mod	219.68K	syntax19/tracked_music/nothardbass.mod
file music-module	parties/2019/syntax19/tracked_music/protormx-ctrix2019.mod	410.78K	syntax19/tracked_music/protormx-ctrix2019.mod
file music-module	parties/2019/trsac19/music_oldschool/mef-smugglah.mod	330.93K	trsac19/music_oldschool/mef-smugglah.mod
file music-module	parties/2019/unc19/combined-tracked/beathoven---back-on-track.mod	41.79K	unc19/combined-tracked/beathoven---back-on-track.mod
file music-module	parties/2019/vip19/4_channnels_music/overdrem.mod	69.96K	vip19/4_channnels_music/overdrem.mod
file music-module	parties/2019/xenium19/tracked_msx/alpha_centauri.mod	107.43K	xenium19/tracked_msx/alpha_centauri.mod
file music-module	parties/2020/assembly20/music_tracked/blob_rockster.mod	300.20K	assembly20/music_tracked/blob_rockster.mod
file music-module	parties/2020/assembly_winter20/tracked_music/destroy-all-lamers-by-mayday-hedelmae.mod	290.77K	assembly_winter20/tracked_music/destroy-all-lamers-by-mayday-hedelmae.mod
file music-module	parties/2020/brownbirdie20/tracked_music/tinytune-remix-by-compo-man.mod	42.61K	brownbirdie20/tracked_music/tinytune-remix-by-compo-man.mod
file music-module	parties/2020/edison20/oldschool-tracked-music/strandsatt-hemma.mod	116.79K	edison20/oldschool-tracked-music/strandsatt-hemma.mod
file music-module	parties/2020/edison20/oldschool-tracked-music/the-gubbs-are-back-.mod	23.06K	edison20/oldschool-tracked-music/the-gubbs-are-back-.mod
file music-module	parties/2020/fieldfx20/music/dropzone.mod	842.07K	fieldfx20/music/dropzone.mod
file music-module	parties/2020/fieldfx20/music/mrs_beanbag_-_mosfets.mod	116.05K	fieldfx20/music/mrs_beanbag_-_mosfets.mod
file music-module	parties/2020/fieldfx20/music/searching-1-.mod	237.31K	fieldfx20/music/searching-1-.mod
file music-module	parties/2020/gerp20/amiga_4ch_music/far_from_chip.mod	656.57K	gerp20/amiga_4ch_music/far_from_chip.mod
file music-module	parties/2020/gerp20/amiga_4ch_music/kfk-spik_and_destroy.mod	642.07K	gerp20/amiga_4ch_music/kfk-spik_and_destroy.mod
file music-module	parties/2020/gerp20/amiga_4ch_music/our_inner_conflict.mod	611.12K	gerp20/amiga_4ch_music/our_inner_conflict.mod
file music-module	parties/2020/gerp20/amiga_4ch_music/scapegoating.mod	470.46K	gerp20/amiga_4ch_music/scapegoating.mod
file music-module	parties/2020/gerp20/amiga_4ch_music/spoiler_alert.mod	86.20K	gerp20/amiga_4ch_music/spoiler_alert.mod
file music-module	parties/2020/gerp20/chip_music/goatherding.mod	31.25K	gerp20/chip_music/goatherding.mod
file music-module	parties/2020/gerp20/chip_music/offbeat_since_1992.mod	30.82K	gerp20/chip_music/offbeat_since_1992.mod
file music-module	parties/2020/gerp20/chip_music/signalflen_iii.mod	31.89K	gerp20/chip_music/signalflen_iii.mod
file music-module	parties/2020/gerp20/chip_music/stonecollector.mod	31.21K	gerp20/chip_music/stonecollector.mod
file music-module	parties/2020/nova20/old_school_music/mrs_beanbag_-_top_of_the_world.mod	404.34K	nova20/old_school_music/mrs_beanbag_-_top_of_the_world.mod
file music-module	parties/2020/nova20/old_school_music/p2-aj---hold-on-times-rmx-.mod	919.50K	nova20/old_school_music/p2-aj---hold-on-times-rmx-.mod
file music-module	parties/2020/nova20/old_school_music/sound2.mod	57.09K	nova20/old_school_music/sound2.mod
file music-module	parties/2020/outline20/music/bathroom-key---the-ground.mod	234.72K	outline20/music/bathroom-key---the-ground.mod
file music-module	parties/2020/syntax20/tracked_music/ctrix-voc-guitar-recorded_1993_tweaked_2020-.mod	252.48K	syntax20/tracked_music/ctrix-voc-guitar-recorded_1993_tweaked_2020-.mod
file music-module	parties/2020/syntax20/tracked_music/jzd_nasty.mod	493.89K	syntax20/tracked_music/jzd_nasty.mod
file music-module	parties/2020/syntax20/tracked_music/medonst-remixono.mod	513.95K	syntax20/tracked_music/medonst-remixono.mod
file music-module	parties/2020/syntax20/tracked_music/mod.modication	675.82K	syntax20/tracked_music/mod.modication
file music-module	parties/2020/syntax20/tracked_music/superfrog-2-title-by-sidwave.mod	36.76K	syntax20/tracked_music/superfrog-2-title-by-sidwave.mod
file music-module	parties/2020/syntax20/tracked_music/take-a-closer-look.mod	331.00K	syntax20/tracked_music/take-a-closer-look.mod
file music-module	parties/2021/deadline21/tracked_music/apropos-agrippa.mod	32.23K	deadline21/tracked_music/apropos-agrippa.mod
file music-module	parties/2021/deadline21/tracked_music/hopscotch.mod	232.80K	deadline21/tracked_music/hopscotch.mod
file music-module	parties/2021/deadline21/tracked_music/lethargie3.mod	509.37K	deadline21/tracked_music/lethargie3.mod
file music-module	parties/2021/deadline21/tracked_music/monkcore.mod	329.35K	deadline21/tracked_music/monkcore.mod
file music-module	parties/2021/deadline21/tracked_music/solitary_work.mod	291.63K	deadline21/tracked_music/solitary_work.mod
file music-module	parties/2021/deadline21/tracked_music/sulfur_snake.mod	590.59K	deadline21/tracked_music/sulfur_snake.mod
file music-module	parties/2021/edison21/oldschool-tracked-music/2-days-later-final.mod	457.94K	edison21/oldschool-tracked-music/2-days-later-final.mod
file music-module	parties/2021/edison21/oldschool-tracked-music/ghost-ship.mod	124.77K	edison21/oldschool-tracked-music/ghost-ship.mod
file music-module	parties/2021/edison21/oldschool-tracked-music/glorious-disaster.mod	35.75K	edison21/oldschool-tracked-music/glorious-disaster.mod
file music-module	parties/2021/edison21/oldschool-tracked-music/leftovers.mod	110.04K	edison21/oldschool-tracked-music/leftovers.mod
file music-module	parties/2021/forndata21/amiga_other_music/adkd_-_absalon_junction.mod	241.69K	forndata21/amiga_other_music/adkd_-_absalon_junction.mod
file music-module	parties/2021/forndata21/amiga_other_music/polychromatic_fever.mod	239.38K	forndata21/amiga_other_music/polychromatic_fever.mod
file music-module	parties/2021/forndata21/amiga_other_music/the-new-republic-cafe-.mod	281.92K	forndata21/amiga_other_music/the-new-republic-cafe-.mod
file music-module	parties/2021/outline21/music/adkd_-_k-mix006.mod	669.49K	outline21/music/adkd_-_k-mix006.mod
file music-module	parties/2021/outline21/music/drowned-turtles-head.mod	330.26K	outline21/music/drowned-turtles-head.mod
file music-module	parties/2021/outline21/music/mrs_beanbag_-_back-on-my-bs.mod	213.06K	outline21/music/mrs_beanbag_-_back-on-my-bs.mod
file music-module	parties/2021/shadow_party21/music_tracked/mystra---brightstar.mod	19.52K	shadow_party21/music_tracked/mystra---brightstar.mod
file music-module	parties/2021/shadow_party21/music_tracked/row-with-enstein.mod	153.27K	shadow_party21/music_tracked/row-with-enstein.mod
file music-module	parties/2021/shadow_party21/music_tracked/voices-in-the-walls.mod	400.35K	shadow_party21/music_tracked/voices-in-the-walls.mod
file music-module	parties/2021/silvester21/music/adkd_-_new-year-mix.mod	574.09K	silvester21/music/adkd_-_new-year-mix.mod
file music-module	parties/2021/silvester21/music/cave_complex.mod	275.22K	silvester21/music/cave_complex.mod
file music-module	parties/2021/syntax21/tracked_music/adkd_-_blue_sky_diving.mod	26.27K	syntax21/tracked_music/adkd_-_blue_sky_diving.mod
file music-module	parties/2021/syntax21/tracked_music/mechanicus.mod	474.58K	syntax21/tracked_music/mechanicus.mod
file music-module	parties/2021/syntax21/tracked_music/mutetus-of-onslaught---liverbox-sourmilk.mod	457.28K	syntax21/tracked_music/mutetus-of-onslaught---liverbox-sourmilk.mod
file music-module	parties/2022/assembly_summer22/tracked_music/delay2.mod	24.35K	assembly_summer22/tracked_music/delay2.mod
file music-module	parties/2022/assembly_summer22/tracked_music/mod.nasty_ways.mod	618.72K	assembly_summer22/tracked_music/mod.nasty_ways.mod
file music-module	parties/2022/birdie22/tracked_music/fsfreak_-_discotastic.mod	380.66K	birdie22/tracked_music/fsfreak_-_discotastic.mod
file music-module	parties/2022/brownbirdie22/fast_dunzor/doedsdunzor.mod	12.82K	brownbirdie22/fast_dunzor/doedsdunzor.mod
file music-module	parties/2022/brownbirdie22/tracked_music/a-goat-s-hardbice.mod	428.56K	brownbirdie22/tracked_music/a-goat-s-hardbice.mod
file music-module	parties/2022/brownbirdie22/tracked_music/knarkelepsi.mod	45.24K	brownbirdie22/tracked_music/knarkelepsi.mod
file music-module	parties/2022/brownbirdie22/wild/c-enigma-unfinished.mod	15.06K	brownbirdie22/wild/c-enigma-unfinished.mod
file music-module	parties/2022/deadline22/tracked_music/adkd_ft.owstu_-_bravest-decisions.mod	503.79K	deadline22/tracked_music/adkd_ft.owstu_-_bravest-decisions.mod
file music-module	parties/2022/deadline22/tracked_music/amigagrownupriot.mod	1.35M	deadline22/tracked_music/amigagrownupriot.mod
file music-module	parties/2022/deadline22/tracked_music/deadline-pressure.mod	186.74K	deadline22/tracked_music/deadline-pressure.mod
file music-module	parties/2022/deadline22/tracked_music/heiwau.mod	169.76K	deadline22/tracked_music/heiwau.mod
file music-module	parties/2022/deadline22/tracked_music/sportsteam.mod	243.80K	deadline22/tracked_music/sportsteam.mod
file music-module	parties/2022/decrunch22/msx_tracked_amiga/1997-by-hatson.mod	375.57K	decrunch22/msx_tracked_amiga/1997-by-hatson.mod
file music-module	parties/2022/decrunch22/msx_tracked_amiga/much.mod	298.80K	decrunch22/msx_tracked_amiga/much.mod
file music-module	parties/2022/edison22/tracked-music/1992.mod	531.68K	edison22/tracked-music/1992.mod
file music-module	parties/2022/edison22/tracked-music/bach-to-basics.mod	370.77K	edison22/tracked-music/bach-to-basics.mod
file music-module	parties/2022/edison22/tracked-music/revisioned&confused.mod	100.33K	edison22/tracked-music/revisioned&confused.mod
file music-module	parties/2022/edison22/tracked-music/welcome-2-the-bungle.mod	142.32K	edison22/tracked-music/welcome-2-the-bungle.mod
file music-module	parties/2022/evoke22/mmul/evoke_22_remix_novel.mod	59.27K	evoke22/mmul/evoke_22_remix_novel.mod
file music-module	parties/2022/gerp22/amiga_4_channel_music/0123.mod	121.61K	gerp22/amiga_4_channel_music/0123.mod
file music-module	parties/2022/gerp22/amiga_4_channel_music/1st_fracture.mod	1.11M	gerp22/amiga_4_channel_music/1st_fracture.mod
file music-module	parties/2022/gerp22/amiga_4_channel_music/404_crew_returns.mod	396.84K	gerp22/amiga_4_channel_music/404_crew_returns.mod
file music-module	parties/2022/gerp22/amiga_4_channel_music/drunken_sampler.mod	223.97K	gerp22/amiga_4_channel_music/drunken_sampler.mod
file music-module	parties/2022/gerp22/amiga_4_channel_music/drunken_temple.mod	223.97K	gerp22/amiga_4_channel_music/drunken_temple.mod
file music-module	parties/2022/gerp22/amiga_4_channel_music/goats_n_snoblins.mod	613.64K	gerp22/amiga_4_channel_music/goats_n_snoblins.mod
file music-module	parties/2022/gerp22/amiga_4_channel_music/kfk-datagrill.mod	822.82K	gerp22/amiga_4_channel_music/kfk-datagrill.mod
file music-module	parties/2022/gerp22/amiga_4_channel_music/ma2e-thrilled_4_noise.mod	117.86K	gerp22/amiga_4_channel_music/ma2e-thrilled_4_noise.mod
file music-module	parties/2022/gerp22/chip_music/bitflipping_therapy.mod	29.43K	gerp22/chip_music/bitflipping_therapy.mod
file music-module	parties/2022/gerp22/chip_music/goathub.mod	25.01K	gerp22/chip_music/goathub.mod
file music-module	parties/2022/gerp22/chip_music/got_gerpes__hurray_.mod	28.77K	gerp22/chip_music/got_gerpes__hurray_.mod
file music-module	parties/2022/gerp22/chip_music/_-_sk0vde_filler_-.mod	9.06K	gerp22/chip_music/_-_sk0vde_filler_-.mod
file music-module	parties/2022/gerp22/cover_music/ma2e-game_of_thrones.mod	87.59K	gerp22/cover_music/ma2e-game_of_thrones.mod
file music-module	parties/2022/lostparty22/music/transst.mod.mod	85.37K	lostparty22/music/transst.mod.mod
file music-module	parties/2022/nova22/old_school_music/mrs_beanbag_-_its_a_holiday.mod	183.20K	nova22/old_school_music/mrs_beanbag_-_its_a_holiday.mod
file music-module	parties/2022/nova22/old_school_music/subi-the_old_one-two.mod	563.05K	nova22/old_school_music/subi-the_old_one-two.mod
file music-module	parties/2022/nova22/old_school_music/typical-groove.mod	125.38K	nova22/old_school_music/typical-groove.mod
file music-module	parties/2022/posadasparty22/fast_music/posadas-aniphonics.mod	632.93K	posadasparty22/fast_music/posadas-aniphonics.mod
file music-module	parties/2022/posadasparty22/fast_music/supersanjacobo.mod	623.93K	posadasparty22/fast_music/supersanjacobo.mod
file music-module	parties/2022/posadasparty22/tracked_music/adkd_-_miracle-in-ya-house.mod	394.32K	posadasparty22/tracked_music/adkd_-_miracle-in-ya-house.mod
file music-module	parties/2022/posadasparty22/tracked_music/chipty-marfeel-pose.mod	38.47K	posadasparty22/tracked_music/chipty-marfeel-pose.mod
file music-module	parties/2022/posadasparty22/tracked_music/isla_esmeralda.mod	30.93K	posadasparty22/tracked_music/isla_esmeralda.mod
file music-module	parties/2022/posadasparty22/tracked_music/miracle-in-ya-house.mod	348.98K	posadasparty22/tracked_music/miracle-in-ya-house.mod
file music-module	parties/2022/posadasparty22/tracked_music/refroteen.mod	1.09M	posadasparty22/tracked_music/refroteen.mod
file music-module	parties/2022/posadasparty22/tracked_music/silverman.mod	59.87K	posadasparty22/tracked_music/silverman.mod
file music-module	parties/2022/revision22/tracked-music/bathroom-key-ft.-paintcaster---comedown.mod	559.22K	revision22/tracked-music/bathroom-key-ft.-paintcaster---comedown.mod
file music-module	parties/2022/revision22/tracked-music/raiden-claustrophobic_effect.mod	461.66K	revision22/tracked-music/raiden-claustrophobic_effect.mod
file music-module	parties/2022/revision22/tracked-music/revision-x.mod	280.99K	revision22/tracked-music/revision-x.mod
file music-module	parties/2022/revision22/tracked-music/the-ark-of-untruths.mod	429.59K	revision22/tracked-music/the-ark-of-untruths.mod
file music-module	parties/2022/syntax22/oldskool_demo/invadersmustgrind.mod	557.30K	syntax22/oldskool_demo/invadersmustgrind.mod
file music-module	parties/2022/syntax22/tracked_music/bomplntd.mod	306.45K	syntax22/tracked_music/bomplntd.mod
file music-module	parties/2022/syntax22/tracked_music/me.mod	0B	syntax22/tracked_music/me.mod
file music-module	parties/2023/68kinside23/combined-music/68000-tons-of-death_by_maydayhedelmae.mod	196.27K	68kinside23/combined-music/68000-tons-of-death_by_maydayhedelmae.mod
file music-module	parties/2023/68kinside23/combined-music/electric-love-affair_by_1337-h4x0r-jumalauta.mod	72.70K	68kinside23/combined-music/electric-love-affair_by_1337-h4x0r-jumalauta.mod
file music-module	parties/2023/68kinside23/combined-music/hassuakosyonviilia_by_beathawk.mod	158.72K	68kinside23/combined-music/hassuakosyonviilia_by_beathawk.mod
file music-module	parties/2023/68kinside23/combined-music/sixty-aight-uk_by_jean9jmlmc.mod	180.14K	68kinside23/combined-music/sixty-aight-uk_by_jean9jmlmc.mod
file music-module	parties/2023/68kinside23/combined-music/talking-about-sfx_by_tero-risti.mod	386.72K	68kinside23/combined-music/talking-about-sfx_by_tero-risti.mod
file music-module	parties/2023/68kinside23/combined-music/todo-funk_by_greippi.mod	165.24K	68kinside23/combined-music/todo-funk_by_greippi.mod
file music-module	parties/2023/assembly_summer23/tracked-music/fabulous-freakbreak_by_raztaman.mod	357.24K	assembly_summer23/tracked-music/fabulous-freakbreak_by_raztaman.mod
file music-module	parties/2023/blackbirdie23/jurassic_mass/hyperunknown---shadow-of-the-psybeast.mod	650.39K	blackbirdie23/jurassic_mass/hyperunknown---shadow-of-the-psybeast.mod
file music-module	parties/2023/blackbirdie23/tracked_music/hyperunknown---blackfunk.mod	530.48K	blackbirdie23/tracked_music/hyperunknown---blackfunk.mod
file music-module	parties/2023/brownbirdie23/fast_69_sekunder_lamna_in_vad_du_vill/unfinished-enigma-chipmix-by-hyperunknown-noice.mod	15.06K	brownbirdie23/fast_69_sekunder_lamna_in_vad_du_vill/unfinished-enigma-chipmix-by-hyperunknown-noice.mod
file music-module	parties/2023/brownbirdie23/fast_music/aj-by-urban.mod	20.21K	brownbirdie23/fast_music/aj-by-urban.mod
file music-module	parties/2023/brownbirdie23/tracked_music/dunfullzor-by-hyperknown.mod	113.41K	brownbirdie23/tracked_music/dunfullzor-by-hyperknown.mod
file music-module	parties/2023/brownbirdie23/tracked_music/lamer-2000-by-gurukiller.mod	264.68K	brownbirdie23/tracked_music/lamer-2000-by-gurukiller.mod
file music-module	parties/2023/brownbirdie23/wild/konkeldunz0r-by-hypez0r.mod	842.14K	brownbirdie23/wild/konkeldunz0r-by-hypez0r.mod
file music-module	parties/2023/deadline23/tracked_music/abstract.mod	21.89K	deadline23/tracked_music/abstract.mod
file music-module	parties/2023/deadline23/tracked_music/lost_in_brutalism.mod	1.22M	deadline23/tracked_music/lost_in_brutalism.mod
file music-module	parties/2023/deadline23/tracked_music/oh-goooosh-fr.mod	270.61K	deadline23/tracked_music/oh-goooosh-fr.mod
file music-module	parties/2023/gerp23/4ch_music/kfk-amazinggrejs.mod	642.20K	gerp23/4ch_music/kfk-amazinggrejs.mod
file music-module	parties/2023/gerp23/4ch_music/mod.r0gar_i_2023.mod	157.32K	gerp23/4ch_music/mod.r0gar_i_2023.mod
file music-module	parties/2023/gerp23/4ch_music/morbid-quasiostinato.mod	228.59K	gerp23/4ch_music/morbid-quasiostinato.mod
file music-module	parties/2023/gerp23/4ch_music/postfix_innuendo.mod	91.25K	gerp23/4ch_music/postfix_innuendo.mod
file music-module	parties/2023/gerp23/4ch_music/turn_it_up_.mod	551.51K	gerp23/4ch_music/turn_it_up_.mod
file music-module	parties/2023/gerp23/4ch_music/what_the_goat.mod	721.40K	gerp23/4ch_music/what_the_goat.mod
file music-module	parties/2023/gerp23/chip_music/goatastic.mod	32.00K	gerp23/chip_music/goatastic.mod
file music-module	parties/2023/gerp23/chip_music/the_wurst_between.mod	30.50K	gerp23/chip_music/the_wurst_between.mod
file music-module	parties/2023/gerp23/chip_music/waterfall.sh__.mod	21.06K	gerp23/chip_music/waterfall.sh__.mod
file music-module	parties/2023/gerp23/chip_music/zorks_second.mod	30.77K	gerp23/chip_music/zorks_second.mod
file music-module	parties/2023/gerp23/surprise_music/rastertidentogslut.mod	550.29K	gerp23/surprise_music/rastertidentogslut.mod
file music-module	parties/2023/inercia23/music/welcome-newschool.mod	230.26K	inercia23/music/welcome-newschool.mod
file music-module	parties/2023/jml23/listening-music/minkas-teet_by_beathawk.mod	289.72K	jml23/listening-music/minkas-teet_by_beathawk.mod
file music-module	parties/2023/sessions23/music/falso_siddo.mod	74.96K	sessions23/music/falso_siddo.mod
file music-module	parties/2023/sessions23/music/partyinsparks.mod	173.94K	sessions23/music/partyinsparks.mod
file music-module	parties/2023/syntax23/tracked_music/chillybin-ctrix.mod	67.41K	syntax23/tracked_music/chillybin-ctrix.mod
file music-module	parties/2023/syntax23/tracked_music/miomia-magic.mod	501.97K	syntax23/tracked_music/miomia-magic.mod
file music-module	parties/2023/tdf16ms00/music/berange-combined-music-compo.mod	172.90K	tdf16ms00/music/berange-combined-music-compo.mod
file music-module	parties/2023/tillagefx23/combined_showcase/newyear_-_violet_procyon.mod	14.94K	tillagefx23/combined_showcase/newyear_-_violet_procyon.mod
file music-module	parties/2023/trsac23/oldschool-music/alco-f.mod	155.82K	trsac23/oldschool-music/alco-f.mod
file music-module	parties/2023/xenium23/msx_tracked/the_extra_spicy_progression.mod	537.11K	xenium23/msx_tracked/the_extra_spicy_progression.mod
file music-module	parties/2024/68kinside24/music/68k-inside_by_tero-risti.mod	6.64K	68kinside24/music/68k-inside_by_tero-risti.mod
file music-module	parties/2024/68kinside24/music/chasing-you-boing_by_beathawk.mod	181.90K	68kinside24/music/chasing-you-boing_by_beathawk.mod
file music-module	parties/2024/68kinside24/music/chipstar_by_daddy-freddy.mod	22.25K	68kinside24/music/chipstar_by_daddy-freddy.mod
file music-module	parties/2024/68kinside24/music/radical-rethink_by_rozfitbrnolt.mod	195.44K	68kinside24/music/radical-rethink_by_rozfitbrnolt.mod
file music-module	parties/2024/brownbirdie24/tracked_music/brunt-snor-by-hestsnoir.mod	38.40K	brownbirdie24/tracked_music/brunt-snor-by-hestsnoir.mod
file music-module	parties/2024/deadline24/tracked_music/danko_-_saman_kar_tanesi.mod	274.28K	deadline24/tracked_music/danko_-_saman_kar_tanesi.mod
file music-module	parties/2024/deadline24/tracked_music/hirvih_-_wings.mod	772.22K	deadline24/tracked_music/hirvih_-_wings.mod
file music-module	parties/2024/deadline24/tracked_music/myrsky.mod	284.45K	deadline24/tracked_music/myrsky.mod
file music-module	parties/2024/deadline24/tracked_music/teo_-_techno_audition_deadline_cut.mod	239.93K	deadline24/tracked_music/teo_-_techno_audition_deadline_cut.mod
file music-module	parties/2024/deadline24/tracked_music/w.o.t.w.--escaping-tartarus-.mod	47.77K	deadline24/tracked_music/w.o.t.w.--escaping-tartarus-.mod
file music-module	parties/2024/deadline24/tracked_music/w.o.t.w.-_-josss--rusted-blues.mod	95.17K	deadline24/tracked_music/w.o.t.w.-_-josss--rusted-blues.mod
file music-module has-diz	parties/2024/decrunch24/amiga_tracked_music/rockabot2body.mod	320.37K	decrunch24/amiga_tracked_music/rockabot2body.mod
file music-module	parties/2024/fieldfx24/music/craz.mod	141.89K	fieldfx24/music/craz.mod
file music-module	parties/2024/gerp24/amiga_4_channel_music/dan_dan_dada.mod	849.84K	gerp24/amiga_4_channel_music/dan_dan_dada.mod
file music-module	parties/2024/gerp24/amiga_4_channel_music/hobgoblinshobnob.mod	124.73K	gerp24/amiga_4_channel_music/hobgoblinshobnob.mod
file music-module	parties/2024/gerp24/amiga_4_channel_music/kfk-ater.mod	809.45K	gerp24/amiga_4_channel_music/kfk-ater.mod
file music-module	parties/2024/gerp24/amiga_4_channel_music/locrian_pocrian.mod	50.88K	gerp24/amiga_4_channel_music/locrian_pocrian.mod
file music-module	parties/2024/gerp24/amiga_4_channel_music/newsong.mod	206.15K	gerp24/amiga_4_channel_music/newsong.mod
file music-module	parties/2024/gerp24/amiga_4_channel_music/out_of_shadow.mod	163.69K	gerp24/amiga_4_channel_music/out_of_shadow.mod
file music-module	parties/2024/gerp24/amiga_4_channel_music/peace_droid.mod	219.95K	gerp24/amiga_4_channel_music/peace_droid.mod
file music-module	parties/2024/gerp24/amiga_4_channel_music/pseudochronism.mod	221.88K	gerp24/amiga_4_channel_music/pseudochronism.mod
file music-module	parties/2024/gerp24/amiga_4_channel_music/skinnyjeans.mod	137.00K	gerp24/amiga_4_channel_music/skinnyjeans.mod
file music-module	parties/2024/gerp24/chip_music/aio-rebound.mod	32.00K	gerp24/chip_music/aio-rebound.mod
file music-module	parties/2024/gerp24/chip_music/deep_work.mod	29.85K	gerp24/chip_music/deep_work.mod
file music-module	parties/2024/gerp24/chip_music/lazer_master.mod	18.89K	gerp24/chip_music/lazer_master.mod
file music-module	parties/2024/gerp24/chip_music/presture.mod	7.23K	gerp24/chip_music/presture.mod
file music-module	parties/2024/gerp24/chip_music/starfield_pheromone.mod	32.00K	gerp24/chip_music/starfield_pheromone.mod
file music-module	parties/2024/gerp24/chip_music/ugga-bugga.fin.mod	12.14K	gerp24/chip_music/ugga-bugga.fin.mod
file music-module	parties/2024/mountainbytes24/music/cosmic_phoenix_amiga_mod_by_cold_storage_tim_wright.mod	100.65K	mountainbytes24/music/cosmic_phoenix_amiga_mod_by_cold_storage_tim_wright.mod
file music-module	parties/2024/mountainbytes24/music/holiday_in_february.mod	334.88K	mountainbytes24/music/holiday_in_february.mod
file music-module	parties/2024/mountainbytes24/music/new-sights.mod	167.96K	mountainbytes24/music/new-sights.mod
file music-module	parties/2024/mysdata24/amiga-music/filippp-khaos.mod	261.86K	mysdata24/amiga-music/filippp-khaos.mod
file music-module	parties/2024/mysdata24/amiga-music/maze-magnars_melody.mod	77.92K	mysdata24/amiga-music/maze-magnars_melody.mod
file music-module	parties/2024/mysdata24/amiga-music/slaze-snug_rug_slayer.mod	429.69K	mysdata24/amiga-music/slaze-snug_rug_slayer.mod
file music-module	parties/2024/nordlicht24/tracked_music/acdshock.mod	458.99K	nordlicht24/tracked_music/acdshock.mod
file music-module	parties/2024/outline24/music/das_nootjoon_by_chavez_and_joss.mod	33.90K	outline24/music/das_nootjoon_by_chavez_and_joss.mod
file music-module	parties/2024/posadas24/fast_music/amistranger_things.mod	60.62K	posadas24/fast_music/amistranger_things.mod
file music-module	parties/2024/posadas24/fast_music/estrayk-amistranger_things.mod	60.62K	posadas24/fast_music/estrayk-amistranger_things.mod
file music-module has-diz	parties/2024/posadas24/tracked_music/fireboy-no_time_for_more.mod	285.75K	posadas24/tracked_music/fireboy-no_time_for_more.mod
file music-module	parties/2024/posadas24/tracked_music/greippi-ham_mondstrike.mod	247.27K	posadas24/tracked_music/greippi-ham_mondstrike.mod
file music-module has-diz	parties/2024/posadas24/tracked_music/ham-vagrant_droid.mod	164.32K	posadas24/tracked_music/ham-vagrant_droid.mod
file music-module	parties/2024/posadas24/tracked_music/jesusito-reino_de_8_bits.mod	61.43K	posadas24/tracked_music/jesusito-reino_de_8_bits.mod
file music-module has-diz	parties/2024/posadas24/tracked_music/josss-unbearable.mod	68.36K	posadas24/tracked_music/josss-unbearable.mod
file music-module	parties/2024/revision24/oldskool-music/longtime.mod	22.60K	revision24/oldskool-music/longtime.mod
file music-module	parties/2024/revision24/tracked-music/teo_-_the_flow.mod	393.96K	revision24/tracked-music/teo_-_the_flow.mod
file music-module	parties/2024/sessions24/music/2024_11_01_00_13_15_stroboid-by-virtua-point-zero.mod	730.24K	sessions24/music/2024_11_01_00_13_15_stroboid-by-virtua-point-zero.mod
file music-module	parties/2024/spiritzone24/music/filippp_thunderdome.mod	171.37K	spiritzone24/music/filippp_thunderdome.mod
file music-module	parties/2024/syntax24/tracked_music/2024_10_12_13_48_26_imowave-ctrix-2024-.mod	290.88K	syntax24/tracked_music/2024_10_12_13_48_26_imowave-ctrix-2024-.mod
file music-module	parties/2024/syntax24/tracked_music/filippp---intervation.mod	475.34K	syntax24/tracked_music/filippp---intervation.mod
file music-module	parties/2024/syntax24/tracked_music/imowave-ctrix-2024-.mod	290.88K	syntax24/tracked_music/imowave-ctrix-2024-.mod
file music-module	parties/2024/xenium24/msx_tracked/huascaran_2024_____.mod	160.16K	xenium24/msx_tracked/huascaran_2024_____.mod
file music-module	parties/2025/68kinside25/music/beathawk-kaikkea_sitae.mod	97.58K	68kinside25/music/beathawk-kaikkea_sitae.mod
file music-module	parties/2025/68kinside25/music/chavez_-road_plasmox.mod	48.65K	68kinside25/music/chavez_-road_plasmox.mod
file music-module	parties/2025/68kinside25/music/daddy_freddy-hot_tub_chipmachine.mod	19.25K	68kinside25/music/daddy_freddy-hot_tub_chipmachine.mod
file music-module	parties/2025/68kinside25/music/filippp_-_damage_-_ms-chipnation.mod	26.18K	68kinside25/music/filippp_-_damage_-_ms-chipnation.mod
file music-module	parties/2025/68kinside25/music/jope-marcus_gronholm.mod	93.91K	68kinside25/music/jope-marcus_gronholm.mod
file music-module	parties/2025/68kinside25/music/naetti_tytto_-_jumalauta_-amiga_baller.mod	89.13K	68kinside25/music/naetti_tytto_-_jumalauta_-amiga_baller.mod
file music-module	parties/2025/68kinside25/music/proton_of_complex_-_finnish_gold-aulanko_by_night.mod	281.55K	68kinside25/music/proton_of_complex_-_finnish_gold-aulanko_by_night.mod
file music-module	parties/2025/birdie25/tracked_music/hevosenliha---hesten-me-resten.mod	120.76K	birdie25/tracked_music/hevosenliha---hesten-me-resten.mod
file music-module	parties/2025/brownbirdie25/fast_1_minut_ladda_upp_vad_ni_vill/lokasnt-amigarave.mod	33.02K	brownbirdie25/fast_1_minut_ladda_upp_vad_ni_vill/lokasnt-amigarave.mod
file music-module	parties/2025/brownbirdie25/fast_barnprogram_music/hyperunknown-a-final-hyperbice.mod	118.80K	brownbirdie25/fast_barnprogram_music/hyperunknown-a-final-hyperbice.mod
file music-module	parties/2025/compusphere25/chip_music/byteobserver-2x3x5.mod	26.97K	compusphere25/chip_music/byteobserver-2x3x5.mod
file music-module	parties/2025/compusphere25/tracked_4_channel_music/bombero.mod	480.91K	compusphere25/tracked_4_channel_music/bombero.mod
file music-module	parties/2025/compusphere25/tracked_4_channel_music/k-nuova.mod	285.85K	compusphere25/tracked_4_channel_music/k-nuova.mod
file music-module	parties/2025/deadline25/tracked_music/amigazone.mod	1.30M	deadline25/tracked_music/amigazone.mod
file music-module	parties/2025/deadline25/tracked_music/danko_-_italo_discoline.mod	341.21K	deadline25/tracked_music/danko_-_italo_discoline.mod
file music-module	parties/2025/deadline25/tracked_music/teo---zoom-zoom-zoom.mod	682.88K	deadline25/tracked_music/teo---zoom-zoom-zoom.mod
file music-module	parties/2025/dream21025/tracked_music/scramble.mod	6.40K	dream21025/tracked_music/scramble.mod
file music-module	parties/2025/dream21025/tracked_music/teo_-_beat.mod	312.61K	dream21025/tracked_music/teo_-_beat.mod
file music-module	parties/2025/edison25/tracked_music/danko_jogeir_-_i_think_of_you.mod	85.48K	edison25/tracked_music/danko_jogeir_-_i_think_of_you.mod
file music-module	parties/2025/evoke25/mmul_jazz/funky_carlos95.mod	810.06K	evoke25/mmul_jazz/funky_carlos95.mod
file music-module	parties/2025/evoke25/mmul_jazz/gladbecksyndromebig.mod	2.81M	evoke25/mmul_jazz/gladbecksyndromebig.mod
file music-module	parties/2025/evoke25/mmul_jazz/just_chippin.mod	136.37K	evoke25/mmul_jazz/just_chippin.mod
file music-module	parties/2025/evoke25/mmul_jazz/mod.cyke-m1dn1t3.mod	1.07M	evoke25/mmul_jazz/mod.cyke-m1dn1t3.mod
file music-module	parties/2025/gerp25/amiga_4_channel_music/1979-was_now.mod	931.19K	gerp25/amiga_4_channel_music/1979-was_now.mod
file music-module	parties/2025/mountainbytes25/music/baggy-jeans.mod	355.04K	mountainbytes25/music/baggy-jeans.mod
file music-module	parties/2025/mysdata25/amiga_music/filippp-journey_into_the_mys.mod	360.83K	mysdata25/amiga_music/filippp-journey_into_the_mys.mod
file music-module	parties/2025/mysdata25/amiga_music/slash-neptune_submarine.mod	17.06K	mysdata25/amiga_music/slash-neptune_submarine.mod
file music-module	parties/2025/posadas25/fast_music/jeenio-elekjazz.mod	250.25K	posadas25/fast_music/jeenio-elekjazz.mod
file music-module	parties/2025/posadas25/fast_music/jesusito-la_mobida_malena.mod	219.08K	posadas25/fast_music/jesusito-la_mobida_malena.mod
file music-module	parties/2025/posadas25/tracked_music/estrayk-being_in_trance.mod	917.46K	posadas25/tracked_music/estrayk-being_in_trance.mod
file music-module	parties/2025/posadas25/tracked_music/filippp-funk_da_posadas.mod	155.88K	posadas25/tracked_music/filippp-funk_da_posadas.mod
file music-module	parties/2025/posadas25/tracked_music/jeenio-vengan_a_in__rcia.mod	41.81K	posadas25/tracked_music/jeenio-vengan_a_in__rcia.mod
file music-module	parties/2025/posadas25/tracked_music/reset-wargamez.mod	459.50K	posadas25/tracked_music/reset-wargamez.mod
file music-module	parties/2025/trsac25/oldschool-music/teo_-_time.mod	420.67K	trsac25/oldschool-music/teo_-_time.mod
file music-module	parties/2026/68k_inside26/music/balboa_megahawks_inc_saturday.mod	130.04K	68k_inside26/music/balboa_megahawks_inc_saturday.mod
file music-module	parties/2026/68k_inside26/music/beathawk_passing_waves.mod	31.08K	68k_inside26/music/beathawk_passing_waves.mod
file music-module	parties/2026/68k_inside26/music/bgollie_onshore_heat_wave.mod	489.98K	68k_inside26/music/bgollie_onshore_heat_wave.mod
file music-module	parties/2026/68k_inside26/music/chavez_funktion_extend_mania_the_scrub_off.mod	41.90K	68k_inside26/music/chavez_funktion_extend_mania_the_scrub_off.mod
file music-module	parties/2026/68k_inside26/music/copycrazy_megahawks_inc_mysterye_also_joy.mod	44.95K	68k_inside26/music/copycrazy_megahawks_inc_mysterye_also_joy.mod
file music-module	parties/2026/68k_inside26/music/daddy_freddy_phloem_bundles.mod	22.25K	68k_inside26/music/daddy_freddy_phloem_bundles.mod
file music-module	parties/2026/68k_inside26/music/dr_vector_megahawks_inc_beat_symphony.mod	137.96K	68k_inside26/music/dr_vector_megahawks_inc_beat_symphony.mod
file music-module	parties/2026/68k_inside26/music/jean9_jml_call_of_duty_cycle.mod	314.55K	68k_inside26/music/jean9_jml_call_of_duty_cycle.mod
file music-module	parties/2026/68k_inside26/music/jumalauta_solo_committee_such_a_thing.mod	175.81K	68k_inside26/music/jumalauta_solo_committee_such_a_thing.mod
file music-module	parties/2026/68k_inside26/music/laurikka_purjomaisteri.mod	133.36K	68k_inside26/music/laurikka_purjomaisteri.mod
file music-module	parties/2026/68k_inside26/music/mice_dekadence_ummetus.mod	328.14K	68k_inside26/music/mice_dekadence_ummetus.mod
file music-module	parties/2026/68k_inside26/music/naetti_jml_postipuisto_beats.mod	24.96K	68k_inside26/music/naetti_jml_postipuisto_beats.mod
file music-module	parties/2026/68k_inside26/music/proton_of_complex_finnish_gold_trolley.mod	371.63K	68k_inside26/music/proton_of_complex_finnish_gold_trolley.mod
file music-module	parties/2026/68k_inside26/music/teen_wolf_megahawks_inc_heavy_weight.mod	118.44K	68k_inside26/music/teen_wolf_megahawks_inc_heavy_weight.mod
file music-module	parties/2026/68k_inside26/music/warlord_benediction_phobos_team_my_fatter_agnus.mod	39.31K	68k_inside26/music/warlord_benediction_phobos_team_my_fatter_agnus.mod
file music-module	parties/2026/birdie26/tracked_music/hevosenliha---have-you-scene-me---birdie2026.mod	94.39K	birdie26/tracked_music/hevosenliha---have-you-scene-me---birdie2026.mod
file music-module	parties/2026/class26/amiga4ch/glowpoint_song_c.mod	91.71K	class26/amiga4ch/glowpoint_song_c.mod
file music-module	parties/2026/class26/amiga4ch/nicole_twilight_breeze_.mod	591.29K	class26/amiga4ch/nicole_twilight_breeze_.mod
file music-module	parties/2026/class26/amiga4ch/repellantmold_nikku4211_lame_fame.mod	124.29K	class26/amiga4ch/repellantmold_nikku4211_lame_fame.mod
file music-module	parties/2026/class26/amiga4ch/viraxor_mini_miles_away.mod	256.13K	class26/amiga4ch/viraxor_mini_miles_away.mod
file music-module	parties/2026/gerp26/amiga_4_channel_music/drumngerp.mod	789.06K	gerp26/amiga_4_channel_music/drumngerp.mod
file archive	parties/2026/nova26/oldschool_music/mwc_-_bl33d.mod.zip	10.60K	nova26/oldschool_music/mwc_-_bl33d.mod.zip
file archive	parties/2026/nova26/oldschool_music/syness_-_eddi_arises..mod.zip	53.04K	nova26/oldschool_music/syness_-_eddi_arises..mod.zip
file music-module	parties/2026/outline26/music/ducc_-_our_great_minds.mod	455.02K	outline26/music/ducc_-_our_great_minds.mod
file music-module	parties/2026/outline26/music/grooveyard.mod	292.97K	outline26/music/grooveyard.mod
file music-module	parties/2026/revision26/oldskool-music/planetary-genesis--.mod	29.00K	revision26/oldskool-music/planetary-genesis--.mod
file music-module	parties/2026/revision26/oldskool-music/poushki.mod	80.55K	revision26/oldskool-music/poushki.mod
file music-module	parties/2026/revision26/tracked-music/8-bites-of-ceasar--.mod	169.00K	revision26/tracked-music/8-bites-of-ceasar--.mod
file music-module	parties/2026/revision26/tracked-music/cs-jay_tanglewood-v2.mod	1.40M	revision26/tracked-music/cs-jay_tanglewood-v2.mod
file music-module	parties/2026/revision26/tracked-music/endfield.mod	810.55K	revision26/tracked-music/endfield.mod
file music-module	parties/2026/revision26/tracked-music/teo_-_brave_new_twins.mod	436.37K	revision26/tracked-music/teo_-_brave_new_twins.mod
