https://chipmusic.org/blueberry/music/tigerfruit	alternative,lsdj
https://chipmusic.org/8-BITchintendo/music/pixel-wind	nes
https://chipmusic.org/8-BITchintendo/music/at-last---game-over	nes
https://chipmusic.org/Monotron/music/pulsewave-heartbeat	chiptune,gameboy,lsdj
https://chipmusic.org/Cooshinator/music/68000-realms-in-a-single-moment	beautiful,fakebit,guitar,pop punk,so cool,very rad and cool,vocals
https://chipmusic.org/Feryl/music/reassurance	8bit,8bit,chiptune,feryl,gameboy,modplug,reassurance
https://chipmusic.org/amateurlsdj/music/relieve-the-tension-[snippet]	chiptune,dnb
https://chipmusic.org/YERZMYEY/music/plasma-dance-in-the-ionosphere	amiga,disco,midi,octamed,retro
https://chipmusic.org/Funky+Fish/music/artificial-sweetenerrenoise-edit	chiptune,fakebit,renoise
https://chipmusic.org/8-BITchintendo/music/restart-the-quest-album	nes
https://chipmusic.org/Sanczo+Zapiekanka/music/unskippable	fakebit
https://chipmusic.org/8-BITchintendo/music/battle-for-chipland	nes
https://chipmusic.org/EarthwormJim/music/370-17-gbe485b0-2025-07-13-23-32-37	chiptune,lsdj
https://chipmusic.org/ShintarouMusic/music/regrowth	gameboy,lsdj
https://chipmusic.org/Monotron/music/california-gurlz-1xlsdj	chiptune,gameboy,lsdj
https://chipmusic.org/Feryl/music/distant-gray-clouds	8bit,chiptune,distant gray clouds,feryl,modplug
https://chipmusic.org/8-BITchintendo/music/chiptune-hero-nes	nes
https://chipmusic.org/Cheep-Cheep+Flux/music/pr-lady-8-by-hexadb	chiptune,gameboy,lsdj
https://chipmusic.org/L-tron/music/bloom	
https://chipmusic.org/8-BITchintendo/music/memory-switch	
https://chipmusic.org/YERZMYEY/music/no-tracker	520,680,atari,micromusic,pcm,pss,synthesis,yamaha,yerzmyey,ym3419,ym3420
https://chipmusic.org/jaar/music/p-r-3-5-s---t-4-r-t	chiptune,nes
https://chipmusic.org/jaar/music/blipnsw33t	chiptune,nes
https://chipmusic.org/Sanczo+Zapiekanka/music/limerence-opl	fakebit,opl,yamaha opl
https://chipmusic.org/Feryl/music/audrey	audrey,black metal,chiptune,feryl,formless effigy
https://chipmusic.org/8-BITchintendo/music/melody-of-happy-waterfalls	nes
https://chipmusic.org/onewhitenoise/music/indigo	
https://chipmusic.org/8-BITchintendo/music/mold-nes-jazzy-electornic	nes
https://chipmusic.org/amateurlsdj/music/keep-the-doctor-away!	chiptune,gameboy,lsdj
https://chipmusic.org/Dyuym/music/dark-twilight	8bit,8bit phonk,chiptune,dance,dirty dance,ebm lazer beat,experimental,experimental,fakebit,gameboy,nes,noise,trash,witch
https://chipmusic.org/Dyuym/music/cyber-pulse	8bit,8bit phonk,c64,chiptune,dance,electronica,experimental,fakebit,gameboy,lsdj,noise,trash
https://chipmusic.org/Dyuym/music/--witch-of-the-night	8bit,8bit phonk,chiptune,dance,experimental,fakebit,gameboy,nes,noise,witch
https://chipmusic.org/Dyuym/music/---on-the-edge-of-the-world	1bit,8bit,ambient,chiptune,experimental,fakebit,gameboy,lsdj,noise
https://chipmusic.org/Dyuym/music/--	8bit,8bit phonk,chiptune,dance,experimental,fakebit,gameboy,nes,witch
https://chipmusic.org/Dyuym/music/--shadow-dance	8bit,8bit phonk,c64,chiptune,dance,electronica,fakebit,gameboy,lsdj
https://chipmusic.org/Dyuym/music/miracle	8bit,8bit phonk,ambient,amiga,chiptune,dark,electronica,fakebit,lsdj
https://chipmusic.org/Dyuym/music/--2	8bit,c64,chiptune,dance,electronica,fakebit,gameboy,pop
https://chipmusic.org/Dyuym/music/-	8bit,chiptune,dance,electronica,fakebit,pop
https://chipmusic.org/Justbeenwarpzoned/music/living-again	amiga,c64,chiptune,hivelytracker
https://chipmusic.org/onewhitenoise/music/fulldialsystem	dial,full,system
https://chipmusic.org/Justbeenwarpzoned/music/feeling-never-dies	8bit,amiga,c64,chiptune,groovy,hivelytracker,tracker
https://chipmusic.org/8-BITchintendo/music/splice-the-sound	nes
https://chipmusic.org/firebrandboy/music/spring-republic	nes,snes
https://chipmusic.org/8-BITchintendo/music/beyond-the-gate	nes
https://chipmusic.org/firebrandboy/music/cycles	modelcycles,nes,snes
https://chipmusic.org/shux/music/weezer-type-beat-this-was-so-hard-to-do	chiptune,gameboy,lsdj
https://chipmusic.org/shux/music/night-funeral	gameboy,lsdj
https://chipmusic.org/shux/music/tiny-stereo	chiptune,lsdj
https://chipmusic.org/theROSSWOODband/music/vengeance-is-sworn	chiptune,deflemask,gameboy
https://chipmusic.org/firebrandboy/music/gwan-gwan-big-giant-swan	nes,snes
https://chipmusic.org/firebrandboy/music/celesta-lilt	nes
https://chipmusic.org/amateurlsdj/music/theory-vs-practice	chiptune,dirtywave
https://chipmusic.org/8-BITchintendo/music/dragon-spirits	nes
https://chipmusic.org/8-BITchintendo/music/tension	nes
https://chipmusic.org/amateurlsdj/music/for-old-times-sake	chiptune,electronic
https://chipmusic.org/amateurlsdj/music/synesthesia	chiptune,electronic
https://chipmusic.org/firebrandboy/music/jig	gameboy,lsdj
https://chipmusic.org/8-BITchintendo/music/seaside	nes
https://chipmusic.org/firebrandboy/music/teabag	gameboy,nanoloop
https://chipmusic.org/CubyTheBox/music/[gameboy-remake]-bitcrush-from-dancing-chips-collection-2	gameboy
https://chipmusic.org/CubyTheBox/music/dancing-chips-collection-3---main-menu	gameboy
https://chipmusic.org/8-BITchintendo/music/world-of-wind-and-fire	nes
https://chipmusic.org/8-BITchintendo/music/world-of-wind-and-fire	nes
https://chipmusic.org/firebrandboy/music/plaza	gameboy,lsdj
https://chipmusic.org/8-BITchintendo/music/dragon-slayer	nes
https://chipmusic.org/firebrandboy/music/such-great-heights-cover	gameboy,lsdj
https://chipmusic.org/8-BITchintendo/music/dizzy-is-sad-because-its-raining	nes
https://chipmusic.org/firebrandboy/music/bye	gameboy,lsdj
https://chipmusic.org/8-BITchintendo/music/happy-new-year-2024	nes
https://chipmusic.org/sloopygoop/music/head-snatchers-from-outer-space-raw-version	gameboy,lsdj,vocals
https://chipmusic.org/AcidicVoid/music/no-plugsuit-required	anime,c64,chiptune,evangelion,fakebit
https://chipmusic.org/AcidicVoid/music/double-score-dungeon	c64,fakebit
https://chipmusic.org/CatNose/music/jacket-the-cat-2023	2a03,nes
https://chipmusic.org/carlschultz/music/you-shall-fall-down-at-length-in-your-weeping---and-bathe-your-sad-face-in-the-tears	chiptune,fakebit
https://chipmusic.org/Feryl/music/communism	chiptune,communism,feryl,gameboy,modplug
https://chipmusic.org/8-BITchintendo/music/l-etait-une-fois-les-dcouvreurs-nes-cover	nes
https://chipmusic.org/AcidicVoid/music/kitsune-mecha-brigade	c64,fakebit
https://chipmusic.org/Kal/music/kaliko---dissent-lsdj--project-file	dissent,gameboy,kaliko,lsdj
https://chipmusic.org/amateurlsdj/music/color-me-surprised	chiptune,gameboy,lsdj
https://chipmusic.org/8-BITchintendo/music/kiedy-do-ciebie-wrc-agnieszka-chyliska-cover-nes	nes
https://chipmusic.org/sloopygoop/music/twin-peaks-dance-of-the-dream-man	cover,gameboy,soundtrack,twinpeaks
https://chipmusic.org/Sanczo+Zapiekanka/music/czekajc-na-dzie-w-ktrym-poziomkowe-dodoni-w-kartoniku-powrci-na-sklepowe-pki	chiptune,fakebit
https://chipmusic.org/Hide+Your+Tigers/music/sludgeragga--lsdj-vocals	chiptune,gameboy,lsdj
https://chipmusic.org/8-BITchintendo/music/skora-aya-rl-cover--nes	nes
https://chipmusic.org/Starshine/music/extraction	chiptune,gameboy,lsdj
https://chipmusic.org/Starshine/music/nightingale	chiptune,gameboy,lsdj
https://chipmusic.org/Starshine/music/downpour	chiptune,gameboy,lsdj
https://chipmusic.org/Starshine/music/strychnine	chiptune,gameboy,lsdj
https://chipmusic.org/Starshine/music/herbivore	chiptune,gameboy,lsdj
https://chipmusic.org/Starshine/music/canine-bites	chiptune,gameboy,lsdj
https://chipmusic.org/Starshine/music/shining	chiptune,gameboy,lsdj
https://chipmusic.org/Starshine/music/deadweight	chiptune,gameboy,lsdj
https://chipmusic.org/8-BITchintendo/music/slay-the-chopper-nes	nes
https://chipmusic.org/elekidcircus/music/cmnoxide-m8	chiptune,fakebit
https://chipmusic.org/Hide+Your+Tigers/music/kirby-cover-decaying-tigers-style	chiptune,decayingtigers,gameboy,lasvegas,lsdj
https://chipmusic.org/elekidcircus/music/12-30-22	fakebit
https://chipmusic.org/amateurlsdj/music/the-pixelation	chiptune,gameboy,lsdj
https://chipmusic.org/amateurlsdj/music/hopeful	chiptune,gameboy,lsdj
https://chipmusic.org/garvalf/music/lherbe-verte	arkos tracker,zx spectrum
https://chipmusic.org/Cangrejo/music/guerrerodata-from-my-new-chiptune-album	chiptune,gameboy,lsdj
https://chipmusic.org/ScanianWolf/music/synthetic-digital-jungle-mystery-tiki-experience-mind-fog-confusion-ii	ambient,chiptune,gameboy,nanoloop
https://chipmusic.org/AcidicVoid/music/blazing-blades-and-shuriken	c64,fakebit
https://chipmusic.org/saulc12/music/opal	atmospheric,electronic,synthpop
https://chipmusic.org/ScanianWolf/music/foggy-forest-offline-excursion	gameboy,nanoloop
https://chipmusic.org/amateurlsdj/music/cyclic-preview	chiptune,gameboy,lsdj
https://chipmusic.org/elekidcircus/music/lsdj7	chiptune,gameboy,lsdj
https://chipmusic.org/Cooshinator/music/in-which-muzak-efron-violently-attacks-youre-face	fakebit
https://chipmusic.org/elekidcircus/music/lsdj6-mp3	chiptune,gameboy,lsdj
https://chipmusic.org/AcidicVoid/music/cavern-of-the-worm	c64,fakebit,myterious,witch house
https://chipmusic.org/8-BITchintendo/music/scarecrow-halloween-style	
https://chipmusic.org/Feryl/music/halloween-party	chiptune,feryl,halloween,party
https://chipmusic.org/elekidcircus/music/havent-been-on-the-forum-in-a-long-time-lsdjmp3	cellphoneemu,chiptune,fakebit,gameboy,lsdj
https://chipmusic.org/amateurlsdj/music/its-pandemonium!-[preview]	8bit,chiptune,gameboy,lsdj
https://chipmusic.org/Feryl/music/january-2010---no-reverb	feryl,january,the last of autumn
https://chipmusic.org/Calavera/music/you-cant-outrun-your-amygdala	hybrid
https://chipmusic.org/carlschultz/music/yawning-clouds-of-dust-from-the-soul-of-an-ageing-disused-school-hall	chiptune,fakebit
https://chipmusic.org/Ray_N/music/glimpz---kill-it!	lsdj,punk
https://chipmusic.org/carlschultz/music/intergalactic-pinball-pipe-organ-rocketing-away-from-plumes-of-neon	chiptune,fakebit
https://chipmusic.org/carlschultz/music/capsicum-slaps-anthem	chiptune,fakebit
https://chipmusic.org/Andrew+Winzenburg/music/lgpt_ikq	lgpt
https://chipmusic.org/Andrew+Winzenburg/music/goonin-v2	gameboy,lsdj
https://chipmusic.org/CubyTheBox/music/party-chips	chiptune,fakebit
https://chipmusic.org/Klamm/music/on-off	
https://chipmusic.org/Klamm/music/wtf	
https://chipmusic.org/Klamm/music/simulacra	
https://chipmusic.org/Klamm/music/kyiv	
https://chipmusic.org/8-BITchintendo/music/short-pseudo-nyan-cat-song	
https://chipmusic.org/TTK/music/title-screen-beta--test-of-will	effluxtrackerbyigorski,project22,testofwill
https://chipmusic.org/optimuschad/music/my-ogres	chiptune,gameboy,hardcore,lsdj,punk
https://chipmusic.org/sloopygoop/music/taxman-beatles-remix	gameboy,lsdj,remix,vocals
https://chipmusic.org/Hide+Your+Tigers/music/radical-road-lsdj	chiptune,decaying tigers,gameboy,las vegas,lsdj
https://chipmusic.org/8-BITchintendo/music/candy--feat-transistor-kiraku-	nes
https://chipmusic.org/Vencorr/music/see-you-tomorrow	fakebit
https://chipmusic.org/little+combat/music/believe	littlegptracker,lsdj,piggy,psp
https://chipmusic.org/daisy/music/corrosion	chiptune,milkytracker
https://chipmusic.org/ScanianWolf/music/are-we-here-will-you-be-mine	chiptune,gameboy,gameboyadvance,nanoloop
https://chipmusic.org/Ray_N/music/lets-jam!	chiptune,lgpt,psp
https://chipmusic.org/8-BITchintendo/music/strawberry-song	nes
https://chipmusic.org/SuperSega64/music/nefarious-gnomes-[incubate]	arcade,chiptune,deflemask,sega
https://chipmusic.org/mchlnrvs/music/eight-bites-too-many	
https://chipmusic.org/Klamm/music/sphere	
https://chipmusic.org/8-BITchintendo/music/sound-from-1981	
https://chipmusic.org/Sanczo+Zapiekanka/music/alalalalalalabama	fakebit,general midi,midi,midicore,u wot m8
https://chipmusic.org/%3F%3F%3F/music/serpentine	
https://chipmusic.org/Rubedog/music/a-saunter-in-the-door-of-the-magnates-alcove	
https://chipmusic.org/8-BITchintendo/music/happy-new-year-2022	
https://chipmusic.org/carlschultz/music/battered-old-work-boots	chiptune,fakebit
https://chipmusic.org/Rubedog/music/and-you-thought-we-were-the-good-guys	breakcore,dark,fast,short
https://chipmusic.org/Rubedog/music/the-buisness-man-under-the-roof-of-a-homeless-mans-knowledge	
https://chipmusic.org/carlschultz/music/its-done-im-free-its-over-i-cant-believe-it-racing-over-fluffy-grassy-hills-barefoot	fakebit
https://chipmusic.org/Rubedog/music/jovi	8bit,chill
https://chipmusic.org/carlschultz/music/granddad-frogs-sitting-around-the-pond-in-cardigans-at-dusk-lapping-up-flies-and-sucking-on-reeds	fakebit
https://chipmusic.org/bloerb/music/karl-marx-did-not-invent-socialism	bitpop,electropunk,fakebit,renoise
https://chipmusic.org/MC+Jimmy/music/a-wedding-awaits	amiga,c64,chiptune,happy,milkytracker,nes,tracker,upbeat,wedding
https://chipmusic.org/Duck+Boy/music/elephant-in-a-swing	chiptune,computer,fakebit,nes
https://chipmusic.org/sloopygoop/music/happy-haunted-sunshine-house-johnny-bravo-cover	fm synthesis,genesis,lsdj,vocals
https://chipmusic.org/onewhitenoise/music/blue-and-red-horses---adiranne-lenker	adrianne lenker,chiptune,famicom,famitracker,nes,onewhitenoise
https://chipmusic.org/8-BITchintendo/music/8-bit-computing-nes	chiptune,nes
https://chipmusic.org/Hide+Your+Tigers/music/laccolite-lsdj-vox-live-instruments	chiptune,decaying tigers,gameboy,las vegas,lsdj,progressive
https://chipmusic.org/Feryl/music/uncertain-path	8bit,chipmusic,chiptune,feryl,uncertain path
https://chipmusic.org/blueberry/music/signal	emo,hardcore,lsdj,punk
https://chipmusic.org/Zackaraiah+Leif/music/nolf----__--__--incoming-transmission	gameboy,lsdj
https://chipmusic.org/Jansaw/music/hard-house-music	dance,gameboy,house,lsdj
https://chipmusic.org/Ray_N/music/trayectoria-a-pluton	android,nanoloop
https://chipmusic.org/Klamm/music/play	
https://chipmusic.org/Klamm/music/dune---alone-in-the-desert	
https://chipmusic.org/Christopher+Brown/music/party-ramp	lsdj
https://chipmusic.org/Klamm/music/ukrainian-doll	
https://chipmusic.org/daisy/music/lemon	chiptune,famitracker,nintendo
https://chipmusic.org/sloopygoop/music/damn-it!-the-pools-closed	chiptune,gameboy,lsdj
https://chipmusic.org/YQN/music/february-fool	atari st,maxymiser,ym2149
https://chipmusic.org/8-BITchintendo/music/thank-you-mario-but-our-princess-is-in-another-castle	chiptune,nes
https://chipmusic.org/uglifruit/music/nanoduomonogogogo!	chiptune,gameboy,gba,mono,nanoloop
https://chipmusic.org/%E2%96%92%E2%96%92%E2%96%92/music/nanoloop1532kbps	8bit,chiptune,drone,gbc,lofi,nanoloop,reverb,techno
https://chipmusic.org/Vencorr/music/megabyte	chiptune,nes
https://chipmusic.org/Alex+Lane/music/ghost-town	lsdj
https://chipmusic.org/Heosphoros/music/12406	japan,metal,nes,prog,train,vrc6
https://chipmusic.org/Feryl/music/ode-to-4mat	4mat,8bit,chipmusic,chiptune,feryl,ode
https://chipmusic.org/elekidcircus/music/6am-wip	chiptune,gameboy,lsdj
https://chipmusic.org/8-BITchintendo/music/sailor-moon---soldier-of-love-8-bit-cover	c64,chiptune,nes
https://chipmusic.org/captain/music/mining-for-lettuce	chiptune,famimimidi,nes
https://chipmusic.org/Bytenommer/music/a-new-start	fakebit
https://chipmusic.org/Klamm/music/wizards--warriors	
https://chipmusic.org/amateurlsdj/music/golden-ratio	8bit,chiptune,gameboy,lsdj
https://chipmusic.org/MajoratheMask/music/unlocked	chiptune,fakebit
https://chipmusic.org/MajoratheMask/music/level-one	chiptune,fakebit
https://chipmusic.org/MajoratheMask/music/dusk	chiptune,fakebit
https://chipmusic.org/YENGAME0000/music/easypresto__electrovibez	chips,chiptune,electronic,fakebit,fl studio,music
https://chipmusic.org/Klamm/music/expulsion	
https://chipmusic.org/mchlnrvs/music/worms-95---korg-ds-10	korg ds10,nintendo,tech
https://chipmusic.org/mikebleeds/music/bleeds---impulse-cover	
https://chipmusic.org/Feryl/music/glimmer	8bit,chipmusic,chiptune,deathless garden,feryl,glimmer
https://chipmusic.org/Notehead/music/mario-kart-64	n64,sfx
https://chipmusic.org/Hide+Your+Tigers/music/floating-lsdj	chiptune,decaying tigers,gameboy,las vegas,lsdj
https://chipmusic.org/CubyTheBox/music/piano-player	chiptune,fakebit
https://chipmusic.org/Duck+Boy/music/tuxedo-mask-sailor-moon	fakebit
https://chipmusic.org/jessemania/music/pururincover	anime,chiptune,genesis,ym2612
https://chipmusic.org/Klamm/music/bodiless-exultation	klamm
https://chipmusic.org/Chiplex/music/bonus-theme	
https://chipmusic.org/Feryl/music/beautiful-death	8bit,beautiful death,chiptune,deathless garden,feryl
https://chipmusic.org/Klamm/music/in-the-sprawl	klamm
https://chipmusic.org/8-BITchintendo/music/happy-new-year-2021	chiptune,nes
https://chipmusic.org/8-BITchintendo/music/army-of-lovers---hands-up-nes--cover	8bit,chiptune,nes
https://chipmusic.org/Feryl/music/retrograde-amnesia	8bit,chiptune,deathless garden,feryl,retrograde amnesia
https://chipmusic.org/carlschultz/music/catullus-27	fakebit
https://chipmusic.org/Impulses/music/snow-temple	
https://chipmusic.org/sloopygoop/music/actually-i-want-everything-wario-style-mariah-carey-cover	chiptune,christmas,gameboy,holiday,lsdj,soundtrack,wario
https://chipmusic.org/Hide+Your+Tigers/music/virtues-lsdj	chiptune,decaying tigers,gameboy,las vegas,progressive chiptune
https://chipmusic.org/daisy/music/bump	chiptune,pocketoperator,teenageengineering
https://chipmusic.org/Falling+For+A+Square/music/hope	juno,nanoloop,roland,vocoder
https://chipmusic.org/Hide+Your+Tigers/music/circuit-circus-lsdj	chiptune,decaying tigers,gameboy,hide your tigers,las vegas,lsdj
https://chipmusic.org/theROSSWOODband/music/electric-sheep	chiptune,fakebit,nanoloop
https://chipmusic.org/Whitely/music/12	
https://chipmusic.org/Whitely/music/careless-whisper---wham!---lsdj-vocal-cover	gameboy,lsdj
https://chipmusic.org/Notehead/music/snakerider	chiptune
https://chipmusic.org/unexpectedbowtie/music/slowly-boiled-frogs	electronic,hybrid,lsdj
https://chipmusic.org/k7/music/janet-jackson-rockwithu-lsdj-cover	chiptune,gameboy,lsdj
https://chipmusic.org/bloerb/music/jalapeo-peach-panini	electropunk,fakebit,renoise
https://chipmusic.org/Feryl/music/main-menu	8bit,album,chipmusic,chiptune,feryl,main menu,selftitled
https://chipmusic.org/Dissimulation/music/loop	chiptune,gameboy,nes
https://chipmusic.org/Dissimulation/music/test	chiptune,gameboy,nes
https://chipmusic.org/amateurlsdj/music/proximity-preview	chiptune,gameboy,lsdj
https://chipmusic.org/vasaturo/music/manic-obsessive-depressive-disorder	c64,chiptune,fakebit
https://chipmusic.org/p1xel+sh4der/music/0x00effec7	chiptune,gameboy,lsdj
https://chipmusic.org/ScanianWolf/music/midnight-flight-and-the-dream-you	chipbass,chiptune,gameboy,gameboyadvance,nanoloop
https://chipmusic.org/Feryl/music/svanholm	8bit,chipmusic,chiptune,feryl,selftitled,svanholm
https://chipmusic.org/hyperdemon/music/spectre-95	lsdj,punk
https://chipmusic.org/Dissimulation/music/dream-catastrophe	chiptune,gameboy,nes
https://chipmusic.org/wedanced/music/my-first-m8-tracker-constructiv-critisismn-want	amiga,c64,chiptune,fakebit,gameboy,lsdj,m8 tracker,mario at a rave,nanoloop,nes,pokemongotothepolls
https://chipmusic.org/amateurlsdj/music/something-is-brewing-preview	chiptune,gameboy,lsdj
https://chipmusic.org/Tsuwami/music/theres-no-good-answer	chiptune,famitracker,jazz,nes
https://chipmusic.org/Feryl/music/lost-cat	8bit,chipmusic,chiptune,feryl,lost cat
https://chipmusic.org/Starshine/music/exhumation	chipthrash,chiptune,gameboy,lsdj
https://chipmusic.org/Starshine/music/water-damage	chipthrash,chiptune,gameboy,lsdj
https://chipmusic.org/Starshine/music/tartarus	chipthrash,chiptune,gameboy,lsdj
https://chipmusic.org/Starshine/music/fox-island-shawty	chipthrash,chiptune,gameboy,lsdj
https://chipmusic.org/Hide+Your+Tigers/music/cloak--dagger	chiptune,cyberpunk,decaying tigers,gameboy,las vegas,lsd
https://chipmusic.org/Yabai/music/red-coins	c64,chiptune
https://chipmusic.org/amateurlsdj/music/endgame	chiptune,gameboy,lsdj
https://chipmusic.org/Klamm/music/pain	
https://chipmusic.org/amateurlsdj/music/resilience	chiptune,gameboy,lsdj
https://chipmusic.org/CastleNes/music/the-wizard	chiptune,nes,tracker
https://chipmusic.org/CastleNes/music/the-silver-dragon	chiptune,nes,tracker
https://chipmusic.org/EvilWezil/music/tick	lsdj,lyrics,midines,yelling
https://chipmusic.org/CubyTheBox/music/oi-im-back	chiptune,fakebit
https://chipmusic.org/Circuit+Bird/music/sega-genesis-hardbass-wip-donk-alert	chiptune sega
https://chipmusic.org/Feryl/music/a-garden-impure	8bit,a garden impure,chipmusic,chiptune,feryl
https://chipmusic.org/this-is-embr/music/spinner	2xlsdj,chiptune,gameboy,lsdj
https://chipmusic.org/Shinobi+MC/music/the-lonely-hills-of-the-gravelands	c64,chiptune,fakebit,nes
https://chipmusic.org/Heosphoros/music/mercuric	chiptune,metal,nes,progressive,vrc6
https://chipmusic.org/KED/music/mt-papaya	chiptune,milkytracker
https://chipmusic.org/Tsuwami/music/magenta-and-cyan	chiptune,famitracker,nes
https://chipmusic.org/Tsuwami/music/sky-temple	chiptune,famitracker,nes,vrc6
https://chipmusic.org/ScanianWolf/music/harsh-hare-fight	chipbass,chiptune,gameboy,nanoloop
https://chipmusic.org/Feryl/music/welcome-distraction	8bit,chiptune,feryl,welcome distraction
https://chipmusic.org/8-BITchintendo/music/first-level--first-bossmp3	8bit,8bit music,chiptune,nes,nsf
https://chipmusic.org/Impulses/music/12311	
https://chipmusic.org/SamuelThe12/music/italy-meme-music	nes
https://chipmusic.org/CubyTheBox/music/monotune	chiptune,fakebit
https://chipmusic.org/donotrunwithpixels/music/hell-is-other-people	chiptune,gameboy,lsdj,neo geo,neo geo pocket
https://chipmusic.org/donotrunwithpixels/music/the-outside	chiptune,gameboy,lsdj,neo geo,neo geo pocket
https://chipmusic.org/Lakitunes/music/chilled-beat	beat,chiptune,gameboy,loop,lsdj
https://chipmusic.org/Rule-Banned/music/trolling--	doowop,fake,free,internet,piano,style,troll,trollface,trolling,unique
https://chipmusic.org/MC+Jimmy/music/channel-72-c64-mix	8bit,c64,chiptune,deflemask,mix
https://chipmusic.org/Christopher+Brown/music/high-five-clubhouse-vision	gameboy,lsdj
https://chipmusic.org/vasaturo/music/private-pisser	c64,chiptune,fakebit,overproduced
https://chipmusic.org/Hide+Your+Tigers/music/8-bit-paradise	chiptune,decaying tigers,gameboy,hide your tigers,las vegas,lsd
https://chipmusic.org/Hide+Your+Tigers/music/decaying-tigers---fx	chiptune,chiptune band,gameboy,las vegas,lsdj
https://chipmusic.org/Klamm/music/consensual-hallucination	klamm
https://chipmusic.org/Rainbowdragoneyes/music/jurassic-prk	chiptune,gameboy,lsdj
https://chipmusic.org/Feryl/music/false-hope	8bit,chiptune,false hope,feryl
https://chipmusic.org/Impulses/music/suspension	chiptune,fakebit,lsdj,nes
https://chipmusic.org/ryba/music/birdsareconqueringcitywhilehumansareimprisonedlsdj-dmg	gameboy,lsdj
https://chipmusic.org/Lack+of+Sound/music/queen-of-the-anarchists	
https://chipmusic.org/Coconums/music/shimmer	chiptune,gameboy,lsdj
https://chipmusic.org/bon/music/olastral	gameboy,lsdj
https://chipmusic.org/Andrew+Winzenburg/music/nee	lsdj
https://chipmusic.org/Sanczo+Zapiekanka/music/tri2	fakebit
https://chipmusic.org/Sanczo+Zapiekanka/music/8bbbbbbbit	fakebit
https://chipmusic.org/AcidicVoid/music/sunkiller-horizon-[loopable]	c64,chiptune,fakebit
https://chipmusic.org/Lakitunes/music/end-of-the-day	chiptune,gameboy,lsdj
https://chipmusic.org/Dissimulation/music/reminiscencestars	chiptune,gameboy,nes
https://chipmusic.org/bon/music/xipe	chiptune,electronica,fusion,gameboy,lsdj,mexika,tribal
https://chipmusic.org/9-Heart/music/gelegenheitsmusik-lsdj	chipthrash,chiptune,gameboy,lsdj
https://chipmusic.org/Dumbug+%28UK%29/music/wonky-[nanoloop27wip]	chiptune,gameboy,nanoloop
https://chipmusic.org/RHEOSTATIK/music/usai-sudah-kangen-band-cover	band,cover,fakebit,kangen,rheostatik,sudah,usai
https://chipmusic.org/AcidicVoid/music/end-of-summer-98	fakebit
https://chipmusic.org/AcidicVoid/music/project-sundown	fakebit
https://chipmusic.org/AcidicVoid/music/qt-27	fakebit
https://chipmusic.org/AcidicVoid/music/diving-deep	fakebit
https://chipmusic.org/AcidicVoid/music/get-your-shit-together-molly	fakebit
https://chipmusic.org/AcidicVoid/music/back-to-the-infraworld-[loopable]	fakebit
https://chipmusic.org/twodotzero/music/spacespacespace4--20200128	awe,chiptune,sunvox
https://chipmusic.org/SharpEdge/music/sharp-edge---climbing-for-flowers	c64
https://chipmusic.org/Dissimulation/music/viridity	chiptune,nes
https://chipmusic.org/RHEOSTATIK/music/how-e-nviam	fakebit
https://chipmusic.org/Feryl/music/torture	8bit,chipmusic,chiptune,concrete sin,feryl
https://chipmusic.org/ScanianWolf/music/the-exclusive-annual-forest-animal-winter-party	bass,chiptune,gameboy,nanoloop
https://chipmusic.org/CubyTheBox/music/bitcrush	chiptune
https://chipmusic.org/Coconums/music/polterheist!---infancy	chiptune,gameboy,lsdj
https://chipmusic.org/Tsuwami/music/resolution	chiptune,famitracker,nes
https://chipmusic.org/Feryl/music/phone-call	8bit,chiptune,concrete sin,feryl,phone call
https://chipmusic.org/Tsuwami/music/lofi-chiptune-beat	chiptune,famitracker,nes
https://chipmusic.org/amateurlsdj/music/blasphemy	chiptune,gameboy,lsdj
https://chipmusic.org/mysterystain/music/hydrochloride-[lsdj]	gameboy,lsdj
https://chipmusic.org/Sanczo+Zapiekanka/music/outrun-1972	fakebit
https://chipmusic.org/alex05dag/music/new-years-eve-2018-[mini-project]	chiptune
https://chipmusic.org/alex05dag/music/psycho-bull-[dnb-8bit-mix]	chiptune
https://chipmusic.org/alex05dag/music/war-z	chiptune
https://chipmusic.org/alex05dag/music/when-fear-overcomes-you	chiptune
https://chipmusic.org/alex05dag/music/why-now	chiptune
https://chipmusic.org/alex05dag/music/unusual-phenomenon	chiptune
https://chipmusic.org/alex05dag/music/unusual-creation	chiptune
https://chipmusic.org/alex05dag/music/startrance	chiptune
https://chipmusic.org/alex05dag/music/smile	chiptune
https://chipmusic.org/alex05dag/music/sanitation-video-games	chiptune
https://chipmusic.org/alex05dag/music/robot-problem	chiptune
https://chipmusic.org/alex05dag/music/night-cities	chiptune
https://chipmusic.org/alex05dag/music/king-of-nostalgia-[chip-hop-version]	chiptune
https://chipmusic.org/alex05dag/music/i-love-chiptune	chiptune
https://chipmusic.org/alex05dag/music/disco-chip-virtual-galaxy-tune	chiptune
https://chipmusic.org/alex05dag/music/chiptune-forever	chiptune
https://chipmusic.org/alex05dag/music/ceremony-of-lords	chiptune
https://chipmusic.org/alex05dag/music/there-were-only-memories	chiptune
https://chipmusic.org/alex05dag/music/the-terminator---track-2-[my-cover]	chiptune,nes
https://chipmusic.org/alex05dag/music/balloon-fight	chiptune,nes
https://chipmusic.org/beek/music/charging-up!	chipstyle,chiptune,impulse tracker
https://chipmusic.org/Byte.clone/music/45afwq	amiga,chip,glitch,idm
https://chipmusic.org/Starshine/music/wishing-hour	lsdj
https://chipmusic.org/Starshine/music/what-them-sweater-paws-do	lsdj
https://chipmusic.org/Starshine/music/nails-remix	lsdj
https://chipmusic.org/Starshine/music/kerosene-remix	lsdj
https://chipmusic.org/Starshine/music/isolation	lsdj
https://chipmusic.org/Starshine/music/piercing-rounds	lsdj
https://chipmusic.org/Starshine/music/catalogue-only	lsdj
https://chipmusic.org/Coconums/music/worker	chiptune,gameboy,lsdj
https://chipmusic.org/M.E.B/music/top-gear-remix	
https://chipmusic.org/Klamm/music/magical-sounds	
https://chipmusic.org/Tsuwami/music/after-dark	famitracker
https://chipmusic.org/Gala/music/opl2--reverb	opl2
https://chipmusic.org/bloerb/music/blrb-der-br---erleichterung	bitpop,electropop,electropunk,indietronica,renoise
https://chipmusic.org/bloerb/music/blrb-der-br---idealismus	bitpop,electropop,electropunk,indietronica,renoise
https://chipmusic.org/Feryl/music/mahjong	8bit,chiptune,concrete sin,feryl
https://chipmusic.org/Hide+Your+Tigers/music/decaying-tigers--dream-diver-lsdj	chiptune,decaying tigers,gameboy,las vegas,lsd
https://chipmusic.org/Tsuwami/music/generic-fighting-game-music	deflemask,sega
https://chipmusic.org/TylerBarnes/music/t-knds	2a03,atmospheric,complex,emotional,metal,nes,tylerbarnes
https://chipmusic.org/CubyTheBox/music/hallo-chips	chiptune,fakebit
https://chipmusic.org/Tsuwami/music/concrete-candy	famitracker,nes
https://chipmusic.org/TylerBarnes/music/neon-nights-[2a03-trap]	2a03,nes,trap
https://chipmusic.org/%E3%83%89%E3%83%A9%E3%82%B4%E3%83%B3JOKE/music/adventurous-bubble-ship	gameboy,lsdj
https://chipmusic.org/Feryl/music/the-bike-ride-home	8bit,chiptune,concrete sin,feryl
https://chipmusic.org/sofaspartan-music/music/etherial	atmospheric,chill,chiptune,electronic,fakebit,nes,synth
https://chipmusic.org/solstrsyn/music/sunday-sketch	ardour,gameboy,house,lofi,lsdj,microkorg
https://chipmusic.org/Coconums/music/the-babystep	chiptune,gameboy,lsdj
https://chipmusic.org/GoingHam/music/secret-man	chiptune,gameboy,lsdj
https://chipmusic.org/Tsuwami/music/other-friends-x-dramaphone	chiptune,cover,famitracker,nes
https://chipmusic.org/Tsuwami/music/battle-music	chiptune,famitracker,nes
https://chipmusic.org/TylerBarnes/music/link-to-the-past-credits-[2a03]	2a03,compilation,cover,legend of zelda,link,link to the past,moonfall,nes,nsf,tylerbarnes,zelda
https://chipmusic.org/ChipOffTheOld8bitBlock/music/nasty-bitcrush-funk	chiptune
https://chipmusic.org/Coconums/music/phantocide---antiphantom	chiptune,gameboy,lsdj
https://chipmusic.org/Tsuwami/music/funk-solos-in-g	famitracker,nes
https://chipmusic.org/Tsuwami/music/space-getaway-driver	famitracker,nes
https://chipmusic.org/chipwitch/music/chipilier	
https://chipmusic.org/Derris-Kharlan/music/machine-learning-ex	fakebit
https://chipmusic.org/ericdobek57/music/tom-vs-jerry-title-remake	
https://chipmusic.org/ericdobek57/music/capacitance	
https://chipmusic.org/ericdobek57/music/lonely-night	
https://chipmusic.org/ericdobek57/music/galway-galaxy	
https://chipmusic.org/tenshun/music/the-last-level	breakcore,gameboy,grimy,lsdj
https://chipmusic.org/Imaginary/music/contentious-discovery-rutherfordium	2xlsdj,120bpm,chipmusic,chiptune,dance,edm,gameboy,lsdj
https://chipmusic.org/Klamm/music/ste-drinking-tea	
https://chipmusic.org/burryleak/music/fockturne	chiptune,po20
https://chipmusic.org/8-BITchintendo/music/stereophobia	chiptune,nes
https://chipmusic.org/Multi-Polyphony/music/a-means-to-an-end	chiptune,fakebit audiocart reason10
https://chipmusic.org/Family+Game+Night/music/blessing-of-the-daylight	chiptune
https://chipmusic.org/Coconums/music/amalgamy-short	chiptune,gameboy,lsdj
https://chipmusic.org/stancoolness/music/george-clanton---never-late-again-8-bit-cover-by-astrolander	
https://chipmusic.org/raptorface/music/memories	chill,chipmusic,chiptune,emo,emotional,fakebit,gameboy,minimalist,nanoloop
https://chipmusic.org/Coconums/music/umis-secret	chiptune,gameboy,lsdj
https://chipmusic.org/CubyTheBox/music/4ever-after	bass,chiptune,chords,dubstep,fakebit,sub,trap
https://chipmusic.org/8-BITchintendo/music/famitracker-water-track	chiptune,nes
https://chipmusic.org/8-BITchintendo/music/inspired-by-mario-bross	chiptune,nes
https://chipmusic.org/CubyTheBox/music/w8v	bigroom,chiptune,edm,fakebit,freeform,pulse,saw,square,sub,wave
https://chipmusic.org/amateurlsdj/music/tabula-rasa	chiptune,gameboy,lsdj
https://chipmusic.org/sofaspartan-music/music/cybercity-highway	chiptune,fakebit
https://chipmusic.org/sofaspartan-music/music/ancient-myth	chiptune,fakebit
https://chipmusic.org/sofaspartan-music/music/peaceful-plains	chiptune,fakebit
https://chipmusic.org/sofaspartan-music/music/freaky-fair	chiptune,clown,electronic,fakebit,synth
https://chipmusic.org/Mark87/music/dead-birds	chiptune,coolbecky,dead birds,salvation
https://chipmusic.org/outaspaceman/music/how-can-this-be	8bit
https://chipmusic.org/sofaspartan-music/music/echoes	chill,chiptune,electronic,fakebit
https://chipmusic.org/Klamm/music/daenerys-stormborn	
https://chipmusic.org/Coconums/music/and-i-saw-a-light	fakebit,gameboy,retrowave
https://chipmusic.org/SELF7ED/music/a-hero-rises	chiptune,gameboy,nes
https://chipmusic.org/Mark87/music/my-last-day	chiptune,coolbecky,my last day,salvation
https://chipmusic.org/Online+Dreams+200/music/--	gameboy,lsdj
https://chipmusic.org/sofaspartan-music/music/deep-cave	beatwave,fakebit,retro
https://chipmusic.org/CubyTheBox/music/windows	8bit,bass,bassline,chiptune,chords,lead,pulse,square,sub,trap,video game
https://chipmusic.org/CubyTheBox/music/saw0-saw	8bit,bass,chiptune,edmlike,square,triangle
https://chipmusic.org/CubyTheBox/music/dancing-chips	8bit,bass,chiptune,edm,slow,soft,square,sub
https://chipmusic.org/CubyTheBox/music/night-of-the-river	bass,chiptune,lead,noise,pulse,square,stereo,trap,triangle
https://chipmusic.org/amateurlsdj/music/devolution	chiptune,gameboy,lsdj
https://chipmusic.org/Pointless/music/zedd---clarity-poin7less-hardcore-chiptune-remix	chiptune,edm,gameboy,lsdj,remix
https://chipmusic.org/saulc12/music/pixellated-memory	1980s,electronica,retrowave,synthwave
https://chipmusic.org/amateurlsdj/music/path-least-traveled	chiptune,gameboy,lsdj
https://chipmusic.org/NationalBroadcastNetwork/music/deception-parade	chiptune,fakebit,punk
https://chipmusic.org/nihilaleph/music/into-the-lair	chiptune,nes
https://chipmusic.org/amateurlsdj/music/plight	chiptune,gameboy,lsdj
https://chipmusic.org/frank+angotti+is+dead/music/fk--by---cll-me-milk	
https://chipmusic.org/R%C3%BCbezahl/music/phassbiet	lsdj
https://chipmusic.org/%EF%BD%97%EF%BD%8F%EF%BD%8E%EF%BD%84%EF%BD%85%EF%BD%92%EF%BD%86%EF%BD%95%EF%BD%8C%E2%96%91%EF%BD%93%EF%BD%95%EF%BD%82%EF%BD%93%EF%BD%94%EF%BD%81%EF%BD%8E%EF%BD%83%EF%BD%85++%7B%E6%B2%B3%E5%A7%94%7D/music/-----dl	chiptune
https://chipmusic.org/stress_tn/music/pulse-channel-glitch-example	bug,fault,gameboy,issue,pulse
https://chipmusic.org/Electric+Nectar/music/cosmic-interlude	chiptune,renoise
https://chipmusic.org/thegardenseeds/music/the-looming-darkness-pt-i	amiga,c64,chiptune,fakebit,gameboy,lsdj,nanoloop,nes
https://chipmusic.org/StardustBreaker/music/afterimage	
https://chipmusic.org/ScanianWolf/music/cold-night-chaos	nanoloop
https://chipmusic.org/Hide+Your+Tigers/music/emergence	chiptune,decaying tigers,gameboy,hide your tigers,las vegas,lsdj,original
https://chipmusic.org/amateurlsdj/music/march-forward	chiptune,gameboy,lsdj
https://chipmusic.org/YERZMYEY/music/beethovens-symphony-no-5-on-zx-spectrum--p	2048,beethoven,chiptune,cminor,demoscene,lofi,no5,sinclair,spectrum,symphony,timex,tracker
https://chipmusic.org/Klamm/music/lonley-robot	jablonsky
https://chipmusic.org/wedanced/music/move	chiptune,gameboy,lsdj
https://chipmusic.org/Pointless/music/ryo---melt-poin7less-hardcore-chiptune-remix	gameboy,happy hardcore,hardcore,hatsune miku,lsdj,uk hardcore,vocaloid
https://chipmusic.org/Bacon+Rageelr/music/angel-eyes-8-bit-jazz-cover	
https://chipmusic.org/amateurlsdj/music/spikey	chiptune,gameboy,lsdj
https://chipmusic.org/dualitymicro/music/duality-micro---wedni	houston tracker,nanoloop
https://chipmusic.org/Bacon+Rageelr/music/fly-me-to-the-moon-cover	chiptune,covers,jazz,sunvox
https://chipmusic.org/bloerb/music/wont-somebody-please-think-of-the-capital	anticapitalist,bitpop,communist,electropunk,renoise
https://chipmusic.org/Alvin%26TheChipPunks/music/just-breathe	8bit,chippunk,chiptune,fakebit,gameboy,lsdj
https://chipmusic.org/amateurlsdj/music/frozen	chiptune,gameboy,lsdj
https://chipmusic.org/Dumbug+%28UK%29/music/nanoloop-13-quick-sketch	nanoloop
https://chipmusic.org/Jerge/music/equinox	chiptune,lmms,nes
https://chipmusic.org/PSS-270/music/pss-270-utsuro-bune-ms-003-toy-keyboard	bitpop,bune,casiocore,casiocore,chiptune,lofi,lofi,lowtek,micromusic,pss270,pss270,utsuro
https://chipmusic.org/Klamm/music/worship	amadeus voxon,klamm
https://chipmusic.org/spOOked/music/blue-door-demo	gameboy,lsdj
https://chipmusic.org/amateurlsdj/music/debrief	chiptune,gameboy,lsdj
https://chipmusic.org/Cheep-Cheep+Flux/music/crabs-who-blow-bubbles	cheepcheep flux,cheepcheepflux,grand rapids
https://chipmusic.org/Zanza12349/music/brassy-8	chiptune
https://chipmusic.org/Cheep-Cheep+Flux/music/what-in-the-hell-is-a-gigawatt!	cheepcheep flux,cheepcheepflux,grand rapids
https://chipmusic.org/Cheep-Cheep+Flux/music/i-got-my-hack-pipe	cheepcheep flux,cheepcheepflux,grand rapids
https://chipmusic.org/Zanza12349/music/egyptune	chiptune
https://chipmusic.org/Klamm/music/outrun	
https://chipmusic.org/Imaginary/music/insufficient-memories	chiptune,gameboy,lsdj
https://chipmusic.org/chippysthedoggy/music/downward-spiral-chippysthedoggy	hiphop,multigenre,pxtone
https://chipmusic.org/chippysthedoggy/music/cornstones-op-28-no-16-feat-housemouse	hiphop,multigenre,pxtone
https://chipmusic.org/chippysthedoggy/music/lettermouth	hiphop,multigenre,pxtone,zelda
https://chipmusic.org/chippysthedoggy/music/what-the-fuck-feat-coolio-desgracias	dubstep,hiphop,multigenre,pxtone
https://chipmusic.org/amateurlsdj/music/apocalyptic	chiptune,gameboy,lsdj
https://chipmusic.org/Klamm/music/charged	klamm
https://chipmusic.org/4mat/music/washed-up	amiga,c64,chiptune,fakebit,gameboy,lsdj,nanoloop,nes
https://chipmusic.org/Kabar/music/return-to-form	chiptune,gameboy,lsdj
https://chipmusic.org/Arc-Demon/music/the-hunt-[nes---vrc6]	2a03,8bit,8bit,chipmetal,chip metal,chipmusic,chip music,chiprock,chip rock,chiptune,famicom,nes
https://chipmusic.org/Dumbug+%28UK%29/music/deadwub-[dumwub]	nanoloop
https://chipmusic.org/joeberryosponge/music/phantom-boss-fight	chiptune,nes
https://chipmusic.org/PSS-270/music/mikromusikwerk-03-casio--atari	520st,atari,casio,casiocore,casiocore,ct670,ct670,italo,lofi,lofi,lowtek,micromusic,synthpop,synthpop
https://chipmusic.org/Nestrogen/music/capricious-cohorts	famitracker,nes,punkrock
https://chipmusic.org/veenomn/music/the-enter-key	fakebit
https://chipmusic.org/amateurlsdj/music/urgency	chiptune,gameboy,lsdj
https://chipmusic.org/Feryl/music/youll-get-through-this	chipmusic,chiptune,feryl,self esteem
https://chipmusic.org/ocean+palace/music/six-shooter	chiptune,fakebit
https://chipmusic.org/Nakayama_Ramo/music/swing-by	lsdj
https://chipmusic.org/Firestorm/music/transit-to-venus	chiptune,fakebit,space
https://chipmusic.org/MC+Jimmy/music/what-it-means	c64,chiptune,deflemask
https://chipmusic.org/amateurlsdj/music/fleet	chiptune,gameboy,lsdj
https://chipmusic.org/mr_lou/music/a-belated-farewell	chiptune
https://chipmusic.org/Klamm/music/no-life-left	
https://chipmusic.org/Nakayama_Ramo/music/sticky--stringy	lsdj
https://chipmusic.org/mikebleeds/music/nowhere	chiptune,gameboy,lsdj
https://chipmusic.org/Nakayama_Ramo/music/napier	lsdj
https://chipmusic.org/Imaginary/music/transfer-student	chiptune,gameboy,lsdj
https://chipmusic.org/Gala/music/scyphozoa	gameboy,korg volca,nanoloop,nanoloop mono,voca
https://chipmusic.org/amateurlsdj/music/espionage	chiptune,gameboy,lsdj
https://chipmusic.org/Dumbug+%28UK%29/music/dum-draft	chipcore,chipthrash,grindcore,hardcore chiptune
https://chipmusic.org/zark/music/gods_of_nature	renoise
https://chipmusic.org/Dumbug+%28UK%29/music/frisky-[nl12d]	chipthrash,nanoloop12
https://chipmusic.org/Dumbug+%28UK%29/music/15min-nanoloop-hardcore-chiptune-mix	chipcore,chipthrash,grindcore,hardcore chiptune
https://chipmusic.org/Monotron/music/chipchune-[riddim]	chiptune,dubstep,nes
https://chipmusic.org/Pointless/music/sudstep---like-we-used-to-poin7less-remix	8bit,chiptune,gameboy,happy hardcore,hardcore,hardcore chiptune,lsdj,uk hardcore
https://chipmusic.org/amateurlsdj/music/macabre	chiptune,gameboy,lsdj
https://chipmusic.org/Coconums/music/remember	chiptune,gameboy,lsdj
https://chipmusic.org/MilLs+Dj/music/lazy-sunday	1st try,doh i missed,gb303,gb303,mills,mills dj,mono,nanoloop,nlm
https://chipmusic.org/new+zan-zan-zawa-veia/music/ruslan	dos,opl2
https://chipmusic.org/Alternate+Dementia/music/grizzly	chiptune chip64 8bit
https://chipmusic.org/Dumbug+%28UK%29/music/nl00b	chiptune,minimal,nanoloop,techno
https://chipmusic.org/amateurlsdj/music/impact	chiptune,gameboy,lsdj
https://chipmusic.org/Klamm/music/subzero	subzero
https://chipmusic.org/Gala/music/krills	gameboy,nanoloop,nanoloop mono
https://chipmusic.org/Online+Dreams+200/music/anna	gameboy,guitar,keyboard,lsdj
https://chipmusic.org/amateurlsdj/music/longing	chiptune,gameboy,lsdj
https://chipmusic.org/Jaemin+Park/music/everlasting-8-bit-heroes	nes 2a03 famitracker chiptune
https://chipmusic.org/Sanczo+Zapiekanka/music/the-strength-of-a-thousand-amoebas-general-midi-compatible	fakebit,general midi,mid
https://chipmusic.org/Sanczo+Zapiekanka/music/major_midi_groovemid	fakebit,general midi,midi
https://chipmusic.org/Jerge/music/invasion	chiptune,invasion,lmms,nes
https://chipmusic.org/amateurlsdj/music/hardcore	chiptune,gameboy,lsdj
https://chipmusic.org/hiro094/music/returnees	chiptune,gameboy
https://chipmusic.org/TS/music/!ed-up-chiptune-remix	chiptune,fakebit
https://chipmusic.org/Vencorr/music/time	deflemask,gameboy
https://chipmusic.org/Vencorr/music/sad	deflemask
https://chipmusic.org/Vencorr/music/happy	deflemask
https://chipmusic.org/Localwolfman/music/shrooms-fantasy-atari-800	2018,atari,atari800,chiptune,raster,raster music tracker,rmt,shrooms
https://chipmusic.org/Gavin+Graham/music/the-eve-of-the-war-[bitpop-chiptune]---tribute-to-jeff-wayne--war-of-the-worlds	bitpop,c64,chiptune,fakebit
https://chipmusic.org/Feryl/music/self-esteem-ii	chipmusic,chiptune,feryl,self esteem
https://chipmusic.org/nanoloopbandit/music/figaro-nano-nanoloopbandit	8bit,chiptune,gameboy,madvillainy,mf doom,nanoloop,nanoloopbandit
https://chipmusic.org/amateurlsdj/music/sanded	chiptune,gameboy,lsdj
https://chipmusic.org/Klamm/music/intoxicated	
https://chipmusic.org/Klamm/music/shit-happens	
https://chipmusic.org/Klamm/music/fresh-air	
https://chipmusic.org/OfficePassenger/music/office-passenger---morning-forest	fakebit
https://chipmusic.org/OfficePassenger/music/office-passenger---fly	fakebit
https://chipmusic.org/OfficePassenger/music/office-passenger---underworld	fakebit
https://chipmusic.org/Lo-bat/music/lo-bat---white-russian	
https://chipmusic.org/Lo-bat/music/lo-bat---twinkle	
https://chipmusic.org/Lo-bat/music/lo-bat---tizzy	
https://chipmusic.org/Lo-bat/music/lo-bat---the-big-scratch	
https://chipmusic.org/Lo-bat/music/lo-bat---study-sugar	
https://chipmusic.org/Lo-bat/music/lo-bat---spoiler-in-my-neck	
https://chipmusic.org/Lo-bat/music/lo-bat---sorting-riding-boots	
https://chipmusic.org/Lo-bat/music/lo-bat---smack-the-jackpot	
https://chipmusic.org/Lo-bat/music/lo-bat---salto-mortale	
https://chipmusic.org/Lo-bat/music/lo-bat---roborevolt	
https://chipmusic.org/Lo-bat/music/lo-bat---pup	
https://chipmusic.org/Lo-bat/music/lo-bat---poke-in-your-ear	
https://chipmusic.org/Lo-bat/music/lo-bat---my-little-droid-needs-a-hand	
https://chipmusic.org/Lo-bat/music/lo-bat---menthol-airwaves	
https://chipmusic.org/Lo-bat/music/lo-bat---kinderkopkes	
https://chipmusic.org/Lo-bat/music/lo-bat---chip-munk	
https://chipmusic.org/Lo-bat/music/lo-bat---good-morning	
https://chipmusic.org/Lo-bat/music/lo-bat---drumbite-me	
https://chipmusic.org/Lo-bat/music/lo-bat---document1---lobat	
https://chipmusic.org/Lo-bat/music/lo-bat---brokenbutfixed	
https://chipmusic.org/Lo-bat/music/lo-bat---bibibi	
https://chipmusic.org/Lo-bat/music/lo-bat---barbara---listen-to-this	
https://chipmusic.org/Lo-bat/music/lo-bat---a-room-broom-guy-and-a-mirror	
https://chipmusic.org/Solarbear/music/my-life-is-a-triathlon-and-im-the-slowest-kid-on-the-playground-ft-dr!p	
https://chipmusic.org/Jerge/music/crusade	chiptune,lmms,nes,nescaline
https://chipmusic.org/ryba/music/nanopiratepostyournanovoicepixels	nanovoice
https://chipmusic.org/ryba/music/nanovoicepalettepostyournanovoicepixels	nanovoice
https://chipmusic.org/.exe/music/prt-unfinished	lsdj
https://chipmusic.org/.exe/music/deformat	jazz,lsdj
https://chipmusic.org/MakotQ/music/friends-with-monsters	bitpop,chiptune,fakebit
https://chipmusic.org/Klamm/music/life-transformation	bitpop,c64,chip,chiptune,fakebit,klamm,synth
https://chipmusic.org/Pointless/music/special-d--scott-brown---elysium-poin7less-powerstomp-chiptune-remix	chiptune,dance,elysium,gameboy,hardcore,lsdj,powerstomp,scott brown,special d,uk hardcore,uk hardcore
https://chipmusic.org/amateurlsdj/music/storm-outro	chiptune,gameboy,lsdj
https://chipmusic.org/veenomn/music/dreamland	fakebit
https://chipmusic.org/veenomn/music/the-piano-in-the-tower	fakebit
https://chipmusic.org/veenomn/music/chloes-theme	chiptune,fakebit
https://chipmusic.org/veenomn/music/unfinished-stuff	fakebit
https://chipmusic.org/veenomn/music/wild-wild-west-glide	fakebit
https://chipmusic.org/veenomn/music/the-metal-boy	fakebit
https://chipmusic.org/AtariTufty/music/electrostatic	1bit,electronica,lofi,phaser 3,zx beeper,zx spectrum
https://chipmusic.org/Zer0+Filt3r/music/neato	
https://chipmusic.org/Jaemin+Park/music/8-bit-takeoff	chiptune,famitracker,nes
https://chipmusic.org/Sanczo+Zapiekanka/music/pegasos-elegium	fakebit
https://chipmusic.org/Jish/music/classroom-of-liars	anime,chiptune,danganronpa,gameboy,lsdj
https://chipmusic.org/MotionRide/music/krakrz	ahx,amiga,chiptune,decrunch,demoscene,pretracker
https://chipmusic.org/Savestate+Corrupted/music/equator	chiptune,drums,guitar,live,rock,sega
https://chipmusic.org/amateurlsdj/music/armada	chiptune,gameboy,lsdj
https://chipmusic.org/new+zan-zan-zawa-veia/music/qarqrawl	dos,opl2
https://chipmusic.org/Jaemin+Park/music/mindfluid	chiptune,nes
https://chipmusic.org/Localwolfman/music/untitled-chiptune-demo	arcade,chiptune,fakebit,nes
https://chipmusic.org/FallenMech/music/vineyard-for-pisces	
https://chipmusic.org/FallenMech/music/dog-of-midium	
https://chipmusic.org/squoril/music/mario-dreams-of-rain	8bc,chiptune
https://chipmusic.org/squoril/music/kiss-me-twice-or-kiss-me-thrice	8bc,chiptune
https://chipmusic.org/squoril/music/blip-ballad	8bc,chiptune
https://chipmusic.org/squoril/music/ballistic-picnic	8bc,chiptune
https://chipmusic.org/squoril/music/atari-love-song	8bc,chiptune
https://chipmusic.org/Deko/music/pancakes	chiptune,lsdj
https://chipmusic.org/ScanianWolf/music/jakten-p-hstaguldet	chiptune,dmg,gameboy,lsdj,scanianwolf
https://chipmusic.org/Klamm/music/discoveries	chiptune,discoveries
https://chipmusic.org/Pointless/music/pulse-wave-rave-party	chiptune,dance,gameboy,hardcore,lsdj,uk hardcore
https://chipmusic.org/amateurlsdj/music/barrier	chiptune,gameboy,lsdj
https://chipmusic.org/Klamm/music/the-door-into-the-summer	ambient,downtempo,electronica,synth
https://chipmusic.org/DEgITx/music/new-dawn	fakebit,metal,nes,rock
https://chipmusic.org/Sudstep/music/beach-episode	chiptune,gameboy,lsdj,ska
https://chipmusic.org/Klamm/music/annoying	electronica,klamm
https://chipmusic.org/Justbeenwarpzoned/music/ignorance	ahx,amiga,c64,chiptune,hivelytracker,hvl
https://chipmusic.org/Vencorr/music/dangerous	deflemask,sega genesis
https://chipmusic.org/GLOOMS/music/arpwerk-wip	nanoloop
https://chipmusic.org/Lognes/music/fish-out-of-water	chiptune
https://chipmusic.org/lamsorz/music/cheriblosm	cherry,chill,dnb,kid loco,n163,nes,relaxing
https://chipmusic.org/khzx117/music/digitalized-grey-rain	chiptune
https://chipmusic.org/TheNinthBit/music/speed-chase!	chiptune,famitracker,nes
https://chipmusic.org/Mute+Hero/music/op	ambient,beats,idm,nontraditional
https://chipmusic.org/amateurlsdj/music/carousel-interlude	chiptune,gameboy,lsdj
https://chipmusic.org/TheNinthBit/music/hey-you!	nes
https://chipmusic.org/Cangrejo/music/movimientos---crab-sound	chiptune,gameboy,lsdj
https://chipmusic.org/veenomn/music/the-life-of-a-flit	chiptune,fakebit
https://chipmusic.org/veenomn/music/come-home!	fakebit
https://chipmusic.org/Klamm/music/prism-v	klamm,prisma
https://chipmusic.org/MC+Jimmy/music/futile-feud	battle,chiptune,famitracker,fight,nes,vrc6
https://chipmusic.org/Feryl/music/wait-for-nothing	8bit,chipmusic,chiptune,feryl
https://chipmusic.org/amateurlsdj/music/battlefield	chiptune,gameboy,lsdj
https://chipmusic.org/SRAM/music/providence-skies-remix	nes
https://chipmusic.org/Coconums/music/robbery!	chiptune,gameboy,lsdj,soundtrack,video game
https://chipmusic.org/frank+angotti+is+dead/music/fid--shitbird----ghstdic	
https://chipmusic.org/MayorDump/music/jumpo	chiptune,lsdj
https://chipmusic.org/Monotron/music/50-mph-man	chiptune,lsdj,metal,nintendocore,rock
https://chipmusic.org/N6664/music/fair-warning--gaeta	blackened chipdoom
https://chipmusic.org/shizundeiru_chip/music/meticulously-planned	chiptune,fakebit
https://chipmusic.org/Coconums/music/the-loop-that-plays-when-the-hadron-collider-destroys-gods-green-earth	chiptune,gameboy,lsdj
https://chipmusic.org/Jansaw/music/truffle-shuffle	gameboy,lsdj
https://chipmusic.org/keltech/music/pixel-turkey	chiptune,fakebit,gameboy,nes
https://chipmusic.org/Coconums/music/clean-house	chiptune,gameboy,lsdj,soundtrack,video game
https://chipmusic.org/dark_h0le/music/dwn-by-th-mill-agn	fakebit lofi hiphop milkytracker
https://chipmusic.org/Jansaw/music/lsdj-kits---melodic-wave-channel	gameboy,kit,lsdj,wave
https://chipmusic.org/Jredd/music/stage-clear	2018,megadrive,sega genesis,trevin hughes sonic the hedgehog,ym2612
https://chipmusic.org/Jredd/music/ecstatic-city-zone	2018,megadrive,sega genesis,trevin hughes sonic the hedgehog,ym2612
https://chipmusic.org/Sanczo+Zapiekanka/music/moldy-window	chiptune,fakebit
https://chipmusic.org/Mystic+Hero/music/mystic-hero---praznyky	8bit,chiptune,fakebit,magical8bitplug,vst
https://chipmusic.org/Jredd/music/illusion-fort-zone	2018,megadrive,sega genesis,trevin hughes sonic the hedgehog,ym2612
https://chipmusic.org/Mute+Hero/music/the-whatevers	ambient,beats,hdtextures,liebit,no microtransactions,nontraditional,potato chip,trapbit
https://chipmusic.org/havocCc/music/_lo-tech-1	nanoloop
https://chipmusic.org/Jredd/music/hyper-quest-2-menu	2018,megadrive,sega genesis,trevin hughes sonic the hedgehog,ym2612
https://chipmusic.org/dark_h0le/music/trad-girl-theme	breakcore,chiptune,fakebit
https://chipmusic.org/amateurlsdj/music/breakout	chiptune,gameboy,lsdj
https://chipmusic.org/Jredd/music/hyper-quest-2-title	8bit,arcade ym2151,chiptune,jredd,sega,trevin hughes
https://chipmusic.org/Quarta330/music/playground-riddim	c64
https://chipmusic.org/Feryl/music/ungrateful	chiptune,feryl,modplug,sfxr,ungrateful
https://chipmusic.org/Jredd/music/plasma-temple-zone-sega-genesis	2018,megadrive,sega genesis,trevin hughes sonic the hedgehog,ym2612
https://chipmusic.org/Draggs+Connor/music/exterminate-that!	chiptune,fakebit
https://chipmusic.org/Klamm/music/dark-city	dark city,klamm
https://chipmusic.org/HoneyWizard/music/complex	chiptune,gameboy,lsdj
https://chipmusic.org/djmaximum/music/nanoloop-201-practice-part-1	nl201
https://chipmusic.org/djmaximum/music/a-sad-song-dedicated-to-8-bit-collective	8bc,lsdj,sad
https://chipmusic.org/grymmjack/music/elements	fakebit
https://chipmusic.org/grymmjack/music/gj-ymvst	chiptune
https://chipmusic.org/grymmjack/music/device	fakebit
https://chipmusic.org/powersupply/music/balloon-town-2-electric-balloonagoo	chiptune,gameboy,lsdj
https://chipmusic.org/Daitenshi/music/fever-dream	chiptune,gameboy,lsdj
https://chipmusic.org/Daitenshi/music/lo-fi-samurai	chiptune,gameboy,lsdj
https://chipmusic.org/Esot-Guild/music/whispers-of-the-seals	retro
https://chipmusic.org/Bacon+Rageelr/music/sunblade	epic,sunvox
https://chipmusic.org/Famtom/music/crunchy-chips	gameboy,lsdj
https://chipmusic.org/Justbeenwarpzoned/music/expectations	amiga,c64,chiptune,hivelytracker,modal interchange,tracker
https://chipmusic.org/Mute+Hero/music/programmed	ambient,chiptune,drone,experimental,fight it,gravitas,like clocks,non traditional,nothere,reverb,sega
https://chipmusic.org/khzx117/music/we-are-now-connected	chiptune
https://chipmusic.org/Esot-Guild/music/the-meeting	famitracker
https://chipmusic.org/frank+angotti+is+dead/music/fk--by---the-fppeig	chiptune,cyberpunk,dark techno,greasepunk,nanoloop,nanoloop mono,subgenrecore
https://chipmusic.org/floydtheblack/music/i-8bit-like-you-for-breakfast	8bit,chiptune,fakebit
https://chipmusic.org/saulc12/music/late-breakfast	electronic
https://chipmusic.org/saulc12/music/bst	electronic pop with chip tune feel and influences
https://chipmusic.org/saulc12/music/stranger-things-c64-mix---stereophonic	c64,chiptune,remix
https://chipmusic.org/Localwolfman/music/nitro-pulse---becoming-you-8bit-remake	2018,c64,dreampop,fakebit,lost times,new year,nitro pulse,pop,psychedelic,remake
https://chipmusic.org/DEgITx/music/pixel-rain	c64,guitar,metal,nes,rock
https://chipmusic.org/Leon-ex/music/spooky-castle	8bit,castle,chiptune,famitracker,scary,spooky,vrc6
https://chipmusic.org/The+Emu/music/bean-island	chiptune,fakebit,nes
https://chipmusic.org/MotionRide/music/sound-of-snow	8bit,2017,atari,pokey,silly venture,stereo
https://chipmusic.org/Cangrejo/music/memorias---crab-sound	gameboy,lsdj
https://chipmusic.org/Kuneh/music/sea-doggo	
https://chipmusic.org/turdbundy/music/ween---ocean-man-cover	chiptune,gameboy,lsdj
https://chipmusic.org/Arc-Demon/music/star-of-bethlehem	chiptune,christmas,john williams,nes
https://chipmusic.org/amateurlsdj/music/subtle	chiptune,gameboy,lsdj
https://chipmusic.org/Kuneh/music/kuneh---without-the-misjudged-ease	chiptune
https://chipmusic.org/garvalf/music/the-shortest-day	dungeon synth,genesis,megadrive,psg,sega,sn76489,ym2612
https://chipmusic.org/PSS-270/music/mikromusikwerk-05-electro-on-casio-ct-670	casio,ct670,electro,electropop,keyboard,lofi,lowtek,micromusic,pss270,synthpop,technopop,toy
https://chipmusic.org/Monotony/music/eternal-slumber-party	chiptune,gameboy,nanoloop
https://chipmusic.org/JouJou/music/brawl	amiga,c64,chiptune,electronic,emotional,fight,nes
https://chipmusic.org/Shakaboyd/music/no-limit	8bitmusic,challenge,chipmusic,chiptunes,chiptuneswin,compilation,gameboy,lsdj,psgcabal,shakaboyd
https://chipmusic.org/Jerge/music/oblivion-in-g	caustic,chiptune,gameboy,nes,pulse,supersaw
https://chipmusic.org/IDecade/music/synergy-album-teaser	album,drum  bass,gameboy,idecade,italy,lsdj,new,teaser
https://chipmusic.org/shizundeiru_chip/music/sabertooth	fakebit
https://chipmusic.org/Impulses/music/catacombs	
https://chipmusic.org/Volt+44/music/rotting-corpses	deathmetal,hatecore
https://chipmusic.org/The+Emu/music/foodman-in-duckland	chiptune,fakebit,schism tracker
https://chipmusic.org/Localwolfman/music/nitro-pulse---mexico-2017	analog,boredom,bsides,chiptune,fakebit,korg,ms10,nitropulse,summer,synthesizer,synthpop
https://chipmusic.org/METRO/music/codename-sailor-v-nec-pc-88-ost---stage-1-1-city-streets-by-metro	adrenosr200,chiptune,metro16,pc88,vgm,ym2149f
https://chipmusic.org/spOOked/music/goblins-demo	chiptune,gameboy,lsdj
https://chipmusic.org/BloodCode/music/bloodcode-pooldad---32-bit-dreams---feat-softproxy	chiptune,fakebit,gameboy
https://chipmusic.org/PSS-270/music/mikromusikwerk-01-casio-ct-670	80s,520st,atari,casio,casiocore,ct670,ct670,lofi,lowtek,micromusic,micromusic,mikromusikwerk,pss270,pss270
https://chipmusic.org/tilly0ubleed/music/trapbit	chiptune,gameboy,lsdj
https://chipmusic.org/shizundeiru_chip/music/spacial-plane	fakebit
https://chipmusic.org/sypher1590/music/oui-s-waves	chiptune,gameboy,lsdj
https://chipmusic.org/lamsorz/music/shadestorm	chiptune,nes
https://chipmusic.org/amateurlsdj/music/vitality	chiptune,gameboy,lsdj
https://chipmusic.org/Console+Killer/music/2-delirio--return-from-hell-ep!!!	chiptune,gameboy,lsdj
https://chipmusic.org/jiar/music/back-alley	chiptune,gameboy,lsdj
https://chipmusic.org/Klamm/music/trauma	chiptune,electronic,klamm
https://chipmusic.org/algar/music/queen-o-the-hill	chiptune,gameboy,lsdj
https://chipmusic.org/amateurlsdj/music/marathon	chiptune,gameboy,lsdj
https://chipmusic.org/this-is-embr/music/poison-poison-thorns!	chiptune,gameboy,lsdj
https://chipmusic.org/automatonsubsys/music/dune-dune-dub-demo	c64,chiptune,dub,gameboy,nes,reggae
https://chipmusic.org/donotrunwithpixels/music/sorry-for-the-long-track-title-heres-a-potato	chiptune,gameboy,lsdj
https://chipmusic.org/veenomn/music/my-haunted-ass	chiptune,nes
https://chipmusic.org/son+of+a+bit%21/music/chased-by-a-running-chupacabra-lsdj-version	chiptune,lsdj
https://chipmusic.org/nanoloopbandit/music/bank-7-nanoloop-17gameboy-dmg-01	chiptune,gameboy,nanoloop,nanoloopbandit
https://chipmusic.org/veenomn/music/life-is-strange	chiptune,nes
https://chipmusic.org/veenomn/music/good-shit	chiptune,fakebit
https://chipmusic.org/veenomn/music/some-tunes	chiptune,fakebit,nes
https://chipmusic.org/YQN/music/overland-underground	chiptune,famicom,famitracker,nes,nintendo
https://chipmusic.org/Hide+Your+Tigers/music/candlvwax-lsdj!	chiptune,gameboy,hide your tigers,las vegas,lsd
https://chipmusic.org/amateurlsdj/music/mutiny	chiptune,gameboy,lsdj
https://chipmusic.org/Pontifex_M/music/little_green_disco	chiptune,gameboy,lsdj,pitch bent
https://chipmusic.org/MicroD/music/rhotic-stagger	mt32,pc music,roland mt32,sierra games
https://chipmusic.org/d0us/music/tactical-bacon	ace tracker,atari falcon
https://chipmusic.org/amateurlsdj/music/fleur	chiptune,gameboy,lsdj
https://chipmusic.org/DEgITx/music/before-the-storm-sega-genesis-version	16bit,metal,rock,sega
https://chipmusic.org/YQN/music/bqck-in-bluck	atari,atari st,maxymiser,real hardware,ym2149
https://chipmusic.org/MattD/music/watch-out!	renoise
https://chipmusic.org/saulc12/music/when	
https://chipmusic.org/saulc12/music/argus---the-quest-main-in-game-tune	c64,chiptune,rpg,soundtrack
https://chipmusic.org/Solarbear/music/gal!axy-podcast-intro-theme	chiptune,fakebit
https://chipmusic.org/nanoloopbandit/music/bank6-nanoloop-17	chiptune,gameboy,nanoloop
https://chipmusic.org/cecil-the-goat/music/hoof-in-hoof	chiptune,fakebit
https://chipmusic.org/cecil-the-goat/music/vitamins	chiptune,fakebit
https://chipmusic.org/jiar/music/we-did-it-reddit!	gameboy,lsdj
https://chipmusic.org/ATKstat/music/this-isnt-over	2xlsdj,guitar,lsdj,piano
https://chipmusic.org/nanoloopbandit/music/bank5-nanoloop-17	chiptune,gameboy,nanoloop
https://chipmusic.org/Feryl/music/im-sorry-you-see-me-that-way	8bit,a wish in the lake,chipmusic,chiptune,feryl
https://chipmusic.org/Starfighter/music/chasing-the-heart	chiptune,famitracker,nes
https://chipmusic.org/Tangyphoenix/music/free	0ccfamitracker,2a03,chiptune,fds,mmc5,n163,nes,vrc6
https://chipmusic.org/cecil-the-goat/music/sometimes-i-feel-good	chiptune,fakebit
https://chipmusic.org/pandaxstar/music/jamaisvu	chiptune,gameboy,lsdj
https://chipmusic.org/jerkemy/music/0-days-without-a-gravity-wave-incident	
https://chipmusic.org/jerkemy/music/the-bus-stop-at-the-end-of-the-universe	chiptune,gameboy,lsdj
https://chipmusic.org/amateurlsdj/music/suppressed	chiptune,gameboy,lsdj
https://chipmusic.org/veenomn/music/sunny-sunday	chiptune,fakebit
https://chipmusic.org/Enders+Crusade/music/broken	chiptune,gameboy,lsdj
https://chipmusic.org/Enders+Crusade/music/fallen-brother	chiptune,gameboy,lsdj
https://chipmusic.org/Enders+Crusade/music/jungle-king	chiptune,gameboy,lsdj
https://chipmusic.org/Enders+Crusade/music/she-let-me-love-her	chiptune,gameboy,lsdj
https://chipmusic.org/Enders+Crusade/music/a-ghost-named-nerual	chiptune,gameboy,lsdj
https://chipmusic.org/nanoloopbandit/music/bank4-nanoloop-17	chiptune,gameboy,nanoloop
https://chipmusic.org/sypher1590/music/keponkep	gameboy,lsdj
https://chipmusic.org/GalaxyBurst/music/pika!	drum and bass,fakebit
https://chipmusic.org/Klamm/music/tera-boy-2	chiptune,klamm,tera boy
https://chipmusic.org/Sonus+Silver/music/where-jackals-once-lay	chiptune,gameboy,lsdj
https://chipmusic.org/YQN/music/out-of-breqth	atari,atari st,digidrums,james brown,maxymiser,real hardware,ym2149
https://chipmusic.org/nanoloopbandit/music/bank3	chiptune,gameboy,nanoloop
https://chipmusic.org/frank+angotti+is+dead/music/b4by-f4c3----shitbird---l-pb-[wip]	b4by f4c3,chiptune,collab,cyberpunk,gba,greasepunk,nanoloop,nanoloop2 shitbird
https://chipmusic.org/kid+versus+chemical/music/battle-for-andromeda	gameboy,nes
https://chipmusic.org/bon/music/calamachancha-beat	8bitcumbia,anahuaca fusion,lsdj,wob
https://chipmusic.org/nanoloopbandit/music/bank2	chiptune,gameboy,nanoloop
https://chipmusic.org/nanoloopbandit/music/bank1	chiptune,nanoloop
https://chipmusic.org/AlmostExtraneous/music/for-what-is	audacity,mobile,nanoloop,nanoloop iphone
https://chipmusic.org/this-is-embr/music/impact	chiptune,gameboy,lsdj
https://chipmusic.org/Klamm/music/electrotherapy	electrotheraphy,klamm
https://chipmusic.org/ScanianWolf/music/when-it-caught-up-with-me	ambient,chiptune,gameboy,lofi,nanoloop
https://chipmusic.org/amateurlsdj/music/shuffle	chiptune,lsdj
https://chipmusic.org/khzx117/music/ultraviolet-laser	chiptune
https://chipmusic.org/franz_koopa/music/lescadrille-de-scooters-ariens	dx7 it fusion fm openmpt funky
https://chipmusic.org/franz_koopa/music/gares-de-la-tropopause	dx7 it fusion fm openmpt funky
https://chipmusic.org/YQN/music/kqwoo-theory	atari,atari st,maxymiser,real hardware,ym2149
https://chipmusic.org/Klamm/music/tears-in-the-rain	klamm,tears
https://chipmusic.org/Impulses/music/daydream	chiptune
https://chipmusic.org/Cangrejo/music/dragones-de-mar-y-rio---crab-sound	ambient,beat,chill,cute,nostalgic
https://chipmusic.org/YQN/music/criticql	atari,atari st,maxymiser,ym2149
https://chipmusic.org/amateurlsdj/music/forrest	chiptune,lsdj
https://chipmusic.org/amateurlsdj/music/conscience	chiptune,lsdj
https://chipmusic.org/warefaire/music/visions-as-the-sun-sets	chiptune,genesis,sega,ym2612
https://chipmusic.org/Imaginary/music/huntington-beach-neon-cover	chiptune,gameboy,lsdj
https://chipmusic.org/SJTR5/music/dirty-race---sjtr5	chiptune,fakebit,genesis,megadrive,psg,sega,ym2612
https://chipmusic.org/mihaelkyeah/music/sacrifice-your-way	chiptune,opn2,sega genesis,sega mega drive,sega psg,sn76489,ym2612
https://chipmusic.org/amateurlsdj/music/explosion	chiptune,lsdj
https://chipmusic.org/thegardenseeds/music/hypnotic-oblivion	bits,chiptune,fakebit,gameboy,insane,losingit,lsdj,mental,nanoloop,variableclock
https://chipmusic.org/thegardenseeds/music/we-like-like	chiptune,gameboy,lsdj,lsdj,welikelike
https://chipmusic.org/YERZMYEY/music/pegasus-nes---famicom---2a03	2a03,chiptune,console,famicom,game,lofi,lowtek,micromusic,nes,nintendo,pegasus,ricoh,yerzmyey
https://chipmusic.org/mihaelkyeah/music/outrage	chiptune,opn2,sega genesis,sega mega drive,sega psg,sn76489,ym2612
https://chipmusic.org/mihaelkyeah/music/war-game-tank-attack-music-old	chiptune,ct2230,hardware,hardware recording,midi,opl3,sound blaster 16
https://chipmusic.org/mihaelkyeah/music/struggle	chiptune,opn2,sega genesis,sega mega drive,sega psg,sn76489,ym2612
https://chipmusic.org/mihaelkyeah/music/jake-likes-them-heavy	chiptune,opn2,sega genesis,sega mega drive,sega psg,sn76489,ym2612
https://chipmusic.org/mihaelkyeah/music/ulcer	chiptune,opn2,sega genesis,sega mega drive,sega psg,sn76489,ym2612
https://chipmusic.org/Feryl/music/summer-is-fading	chiptune,famitracker,feryl,modplug
https://chipmusic.org/Sanczo+Zapiekanka/music/790o7	8bit,chiptune,fakebit,loop
https://chipmusic.org/wedanced/music/untilted-6	game boy,hard,house,lsdj,techno
https://chipmusic.org/clubcult/music/bullshift	lsdj
https://chipmusic.org/amateurlsdj/music/nameless	chiptune,lsdj
https://chipmusic.org/business+pastel/music/emerald-lagoon	chiptune,gameboy,lsdj
https://chipmusic.org/shizundeiru_chip/music/into-the-chasm	fakebit
https://chipmusic.org/Klamm/music/solar_sailer	chipmusicorg,chiptune,fakebit,klamm,music
https://chipmusic.org/amateurlsdj/music/distanced	chiptune,lsdj
https://chipmusic.org/veenomn/music/big-beat	chiptune
https://chipmusic.org/AtariTufty/music/the-temporal-beeper	1bit,beeper,experimental,lofi,zbmod,zx spectrum
https://chipmusic.org/amateurlsdj/music/vibrate	chiptune,lsdj
https://chipmusic.org/mixmax/music/grand-cosmos	gameboy
https://chipmusic.org/drexegar/music/dsn-12-1111	3ds,chiptune,dsn12,fantasy,gameboy,synthesizer
https://chipmusic.org/C-Lee-O/music/cocoon-2a03vrc6	2a03,8bit,chiptune,nes,pop,vrc6
https://chipmusic.org/amateurlsdj/music/life	chiptune,lsdj
https://chipmusic.org/Sudstep/music/like-we-used-to	gameboy,lsdj,psp
https://chipmusic.org/warefaire/music/gunmetal-fortress	chiptune,genesis,sega
https://chipmusic.org/Doxic/music/ivy	doxic,fakebit,modplug
https://chipmusic.org/pselodux/music/columinata	minimalism,nanoloop
https://chipmusic.org/amateurlsdj/music/trance	chiptune,lsdj
https://chipmusic.org/Monotron/music/ftw!-[lsdj-and-guitar]	chiptune,gameboy,hardcore,live band,lsdj,metal,pop punk
https://chipmusic.org/Duck+Boy/music/renzo-yupi	chiptune,dream,fakebit,nintendopop,synth
https://chipmusic.org/powersupply/music/[lsdj]-locally-produced-butter	gameboy,lsdj
https://chipmusic.org/Sanczo+Zapiekanka/music/foreach	fakebit
https://chipmusic.org/amateurlsdj/music/oceanic	chiptune,lsdj
https://chipmusic.org/Clement/music/candy-crush-saga-lo-fi-cover	chill,chillout,chiptune,lofi
https://chipmusic.org/amateurlsdj/music/chrysalis	chiptune,lsdj
https://chipmusic.org/Coconums/music/ghosting	chiptune,lsdj
https://chipmusic.org/saulc12/music/when-johnny-comes-marching-home	c64,chiptune
https://chipmusic.org/PandaBURRR/music/bamboostick	bbb,blaue burrrka buben,c64,lsdj,milkytracker,pandaburrr,snes samples
https://chipmusic.org/amateurlsdj/music/igneous	chiptune,lsdj
https://chipmusic.org/saulc12/music/steam-powered-02	electronic,ost
https://chipmusic.org/saulc12/music/the-crunch	electronic,ost
https://chipmusic.org/saulc12/music/platman-worlds---stereo-mix	c64,chiptune
https://chipmusic.org/amateurlsdj/music/return	chiptune,lsdj
https://chipmusic.org/Ampliflyer/music/yet-another-unicorn-kid-cover	chiptune,fakebit,lsdj,nes
https://chipmusic.org/chippyattack/music/goodbye	chiptune,lsdj
https://chipmusic.org/warefaire/music/some-weird-experience	chiptune,genesis
https://chipmusic.org/Eduard/music/lights-of-shanghai	
https://chipmusic.org/amateurlsdj/music/grounded	chiptune,lsdj
https://chipmusic.org/m0n0deaf/music/k0ng0	chiptune,lsdj
https://chipmusic.org/amateurlsdj/music/catch	chiptune,lsdj
https://chipmusic.org/AJAXE/music/death-lord-wasabi	chiptune,fakebit,nes
https://chipmusic.org/veenomn/music/big-boofer	chiptune shoe
https://chipmusic.org/amateurlsdj/music/stellar	chiptune,lsdj
https://chipmusic.org/ClipHead/music/secret-abstraction	chiptune,gameboy,lsdj
https://chipmusic.org/ocean+palace/music/zero-leaf	chiptune,nes,psx
https://chipmusic.org/Ampliflyer/music/born-slippy	chiptune,fakebit,gameboy,lsdj
https://chipmusic.org/amateurlsdj/music/paradise	chiptune,lsdj
https://chipmusic.org/Kal/music/kal---on-my-own-[sgb-mix]	chiptune,dance,electro,gameboy,kal,lsdj,on my own,sgb,snes,super gameboy,trance
https://chipmusic.org/amateurlsdj/music/grit	chiptune,lsdj
https://chipmusic.org/Mute+Hero/music/bgm-00	ambient,chiptune,dunno,fakebit,glitch,idm,sega
https://chipmusic.org/Starshine/music/until-the-light-takes-us-[single-off-of-plagues-vii-coming-05-13-2017]	chipthrash,chiptune,gameboy,lsdj
https://chipmusic.org/Klamm/music/reign-of-robots	chipmusicorg,klamm,music,reign of robots
https://chipmusic.org/Daitenshi/music/have-faith-angels-wrath-mix	chiptune,gameboy,lsdj
https://chipmusic.org/Daitenshi/music/adrift	chiptune,gameboy,lsdj
https://chipmusic.org/amateurlsdj/music/warp	chiptune,lsdj
https://chipmusic.org/Ampliflyer/music/post-physical	c64,chiptune,fakebit,gameboy,lsdj,nanoloop,nes
https://chipmusic.org/amateurlsdj/music/journey	chiptune,lsdj
https://chipmusic.org/VCMG/music/swashbuckler-saga	chiptune,fakebit
https://chipmusic.org/Israel+Junior/music/kawaii	chiptune,lsdj
https://chipmusic.org/Israel+Junior/music/spring-song	chiptune,lsdj,nes
https://chipmusic.org/amateurlsdj/music/mystery	chiptune,lsdj
https://chipmusic.org/YERZMYEY/music/agartha	8bit,8bit,48k,128k,2048,agartha,chiptune,lofi,lowtek,micromusic,sinclair,soundtr,spectrum,timex,yerzmyey
https://chipmusic.org/vincentizghra/music/mergefusion	chiptune,fakebit
https://chipmusic.org/The+Jazz+Surgeon/music/last-ride-of-the-casiotone-kid	gameboy,lsdj
https://chipmusic.org/Ampliflyer/music/kola-kid---press-start-ampliflyer-rmx	chiptune,fakebit,gameboy,kola kid,lsdj,nes
https://chipmusic.org/amateurlsdj/music/toxin	chiptune,lsdj
https://chipmusic.org/amateurlsdj/music/penny	chiptune,lsdj
https://chipmusic.org/amateurlsdj/music/obsene	chiptune,lsdj
https://chipmusic.org/amateurlsdj/music/hopper	chiptune,lsdj
https://chipmusic.org/amateurlsdj/music/equestrian	chiptune,lsdj
https://chipmusic.org/Grymm/music/gemstone	chiptune,guitar,metal,soundtrack
https://chipmusic.org/this-is-embr/music/breach	chiptune,gameboy,lsdj
https://chipmusic.org/this-is-embr/music/physicality	chiptune,gameboy,lsdj
https://chipmusic.org/this-is-embr/music/invitation	chiptune,gameboy,lsdj
https://chipmusic.org/aanaaanaaanaaana/music/what-a-statesman	pop music
https://chipmusic.org/warefaire/music/psychic-manipulation	chiptune,genesis
https://chipmusic.org/Popsicle+Theory/music/accelerating-universe	8bit,chiptune,gameboy,lsdj
https://chipmusic.org/DEgITx/music/degitx---remember-your-name	fakebit,metal,sega
https://chipmusic.org/Acetantina/music/seven	fakebit,nes,odd time signature
https://chipmusic.org/Octopus-Pancake/music/dark-flow	chiptune,nes
https://chipmusic.org/Starshine/music/xo-tour-life-[cover-of-lil-uzi-vert]	chiptune,gameboy,lsdj
https://chipmusic.org/MezzanineStairs/music/questionable-victory-2a03	2a03,famitracker,nes,soundtrack,vgm
https://chipmusic.org/infradead/music/eugens-best-music	
https://chipmusic.org/warefaire/music/photon-blaster	milkytracker,mod,tracker
https://chipmusic.org/automatonsubsys/music/automaton-subsystem---vex	c64,chiptune dub,gameboy,live,nes,reggae
https://chipmusic.org/SeamlessMusic/music/low-fi	chiptune,fakebit
https://chipmusic.org/SeamlessMusic/music/boy-meets-girl	chiptune,fakebit
https://chipmusic.org/SeamlessMusic/music/ambition	chiptune,fakebit
https://chipmusic.org/SeamlessMusic/music/party-royale	chiptune,fakebit
https://chipmusic.org/SeamlessMusic/music/flash-opera	chiptune,fakebit
https://chipmusic.org/SeamlessMusic/music/beach-girls	chiptune,fakebit
https://chipmusic.org/Jord/music/mates-rates	nanoloop
https://chipmusic.org/Klamm/music/switchback	klamm,music,switchback
https://chipmusic.org/wilkey-g/music/spaceagewanderer	chiptune,milkytracker
https://chipmusic.org/khzx117/music/goddess-of-the-eternal-darkness	
https://chipmusic.org/HimsyPimsy/music/the-bell	chiptune,gameboy,lsdj
https://chipmusic.org/.exe/music/jsxxksksj	gameboy,lsdj
https://chipmusic.org/hitekz/music/undertow-and-baseball	chiptune,fakebit
https://chipmusic.org/Pontifex_M/music/negy	chiptune,gameboy,lsdj,spooky
https://chipmusic.org/OrangeDrink/music/the-ascent-[midines]	chiptune,midines,nes,ninja gaiden,orange drink
https://chipmusic.org/ATKstat/music/my-body-is-read-looking-for-feedback-thanks!	chiptune,edm,lsdj
https://chipmusic.org/MezzanineStairs/music/slum-vrc6	famitracker,nes,soundtrack,vgm,vrc6
https://chipmusic.org/Cooshinator/music/muzak-efron---yeah666-[1xlsdj]	chiptune,gameboy,lsdj
https://chipmusic.org/business+pastel/music/wishful-thinking-business-pastel--skybox	chiptune,gameboy,lsdj
https://chipmusic.org/Klamm/music/moonset	klamm,moonset
https://chipmusic.org/sloopygoop/music/february-vs-cover	chiphop,hiphop,rap,vocal,vocals
https://chipmusic.org/Coconums/music/bloodlust	chiptune,gameboy,lsdj
https://chipmusic.org/aanaaanaaanaaana/music/for-goldberg	aana,impulse tracker
https://chipmusic.org/Impulses/music/h8rz	chiptune,fakebit,gameboy,nes
https://chipmusic.org/sloopygoop/music/brad-neelys-presidents-jfk-washington-cover-uncensored	chiphop,cover,gameboy,lsdj,presidents,rap,vocal,vocals,vox
https://chipmusic.org/Plants+Of+Prisms/music/ekononom	amateurecording,amateurhour,blahblahblah,gameboy,lgpt,live,lsdj,psp
https://chipmusic.org/Klamm/music/prisma	klamm
https://chipmusic.org/HEADBAND/music/nanoloop-16-miniset	
https://chipmusic.org/Jellica/music/jellica---side-rmx4three-c64--909	909,c64,house,remix,techno
https://chipmusic.org/business+pastel/music/mutual-2xlsdj-demo	2xlsdj,chiptune,gameboy,lsdj
https://chipmusic.org/POPCORNKID/music/out-the-sound-demo-lsdj-and-more	lsdj
https://chipmusic.org/Bit+Bot+Girl/music/panic	nanoloop
https://chipmusic.org/EchoMetric/music/chip-inspired-title-theme	8bit,chiptune,nes,nintendo,retro
https://chipmusic.org/ShintarouMusic/music/hanging	gameboy,lsdj
https://chipmusic.org/Rees/music/moana---youre-welcome---cover	cover,disney,gameboy,lsdj,moana
https://chipmusic.org/MC+Jimmy/music/geneside	32bit,chiptune,genesis,sega,sega genesis,space,title,tracker
https://chipmusic.org/Enders+Crusade/music/xenocide	chiptune,gameboy,lsdj
https://chipmusic.org/Enders+Crusade/music/war-death-ender	chiptune,gameboy,lsdj
https://chipmusic.org/Enders+Crusade/music/jewel-in-my-ear-gun-on-my-side	chiptune,gameboy,lsdj
https://chipmusic.org/Enders+Crusade/music/interlude	chiptune,gameboy,lsdj
https://chipmusic.org/Enders+Crusade/music/loose-lips-sink-starships	chiptune,gameboy,lsdj
https://chipmusic.org/Enders+Crusade/music/the-chatter-of-politicians	chiptune,gameboy,lsdj
https://chipmusic.org/Enders+Crusade/music/creepin-on-the-dance-floor	chiptune,gameboy,lsdj
https://chipmusic.org/Enders+Crusade/music/sailing-on-lumanai	chiptune,gameboy,lsdj
https://chipmusic.org/Enders+Crusade/music/when-we-found-love-feat-caydmo	chiptune,gameboy,lsdj
https://chipmusic.org/Enders+Crusade/music/intro	chiptune,gameboy,lsdj
https://chipmusic.org/Rees/music/moana-chiptune-remix-how-far-ill-go	gameboy,lsdj,moana,remix
https://chipmusic.org/MisterTriac/music/strange-signal	chiptune,gameboy,nanoloop
https://chipmusic.org/nanode/music/cruise	2a03,chiptune,famitracker,nes
https://chipmusic.org/Hide+Your+Tigers/music/decaying-tigers-lsdj	chiptune,de la decay,gameboy,hide your tigers,las vegas,lsd,nevada
https://chipmusic.org/HEADBAND/music/matter-at-hand	gameboy,nanoloop
https://chipmusic.org/HEADBAND/music/buddhic-bossa	chiptune,gameboy,nanoloop
https://chipmusic.org/Draggs+Connor/music/c-a-t-s-!-!	8bit,chiptune,fakebit
https://chipmusic.org/PandaBURRR/music/pixelpanda-anthem	ableton,c64,chiptune,gameboy,lsdj,pandaburrr,swag,trap
https://chipmusic.org/Justbeenwarpzoned/music/the-collapse-of-the-monarch	amiga,c64,chiptune,hivelytracker
https://chipmusic.org/HectorShand/music/time-limit-jig-1-bit	1bit 48k beepola savage hector shand sinclair spectrum speccy zx
https://chipmusic.org/HEADBAND/music/[nanoloop]-monomix	gameboy,nanoloop
https://chipmusic.org/ATKstat/music/pressure-lsdj-demo	demo,gameboy,lsdj
https://chipmusic.org/nanode/music/singularity	chiptune,gameboy,lsdj
https://chipmusic.org/NullSlept/music/nintendocore	nintendocore,nullslept,postchip memewave
https://chipmusic.org/hitekz/music/riddle-me-this	chiptune gothic vocals
https://chipmusic.org/backpack-chan/music/i-need-a-doctor-100-gameboy-remastered--	chiptune,kawaii,lsdj
https://chipmusic.org/Frostedtreeandsnowyfloor/music/plastic_4-[nes]	breakbeat,nes,rawsound,trackedecho,triangle
https://chipmusic.org/Chrome+Cobra/music/how-cobra-got-his-groove-back	8bit,8bit,boaconstructor,chiptune,chromecobra,gameboy,iayd,lofi,lsdj,monodeer,planetzaxxon,treyfrey
https://chipmusic.org/NullSlept/music/lilo-rmx-anamangaguchi-rmx	anamangaguchi,fakebit,i cry alot,lilo,nullslept,postchip memewave
https://chipmusic.org/NullSlept/music/march-of-the-nucleotides	chiptune,gameboi,lsdj,march,nucleotides,nullslept,postchip memewave
https://chipmusic.org/veenomn/music/drifting-away	chiptune,nes
https://chipmusic.org/powersupply/music/mushroom-hat	gameboy,lsdj
https://chipmusic.org/Clement/music/underwater-birth	chiptune,videogame
https://chipmusic.org/MC+Jimmy/music/metallic-soul	8bit,c64,chiptune,tracker
https://chipmusic.org/BEASTMODE/music/the-nethers-lsdj	2010,beastmode,dmg01,lsdj
https://chipmusic.org/Sanczo+Zapiekanka/music/sorcerer	chiptune,gameboy,nanoloop
https://chipmusic.org/Circuit+Bird/music/character-select-original-composition-sega-genesis-feat-jredd	chiphop,chiptune,genesis,hiphop,megadrive,sega
https://chipmusic.org/Volt+44/music/the-first-noel	chiptune
https://chipmusic.org/hitekz/music/sports-injury	chiptune,fakebit
https://chipmusic.org/Draggs+Connor/music/game-over	amiga,chiptune,fakebit
https://chipmusic.org/saulc12/music/tiger-spirit	amiga,c64,chiptune,remix,soundtrack
https://chipmusic.org/saulc12/music/the-tiger-sleeps	amiga,c64,chiptune,soundtrack
https://chipmusic.org/saulc12/music/waking-tiger	c64,chiptune,soundtrack
https://chipmusic.org/saulc12/music/brought-to-life	c64,chiptune,electronic,pop music,soundtrack
https://chipmusic.org/bitpusher2600/music/bass-advance-to-level-q-nl-ios	bass
https://chipmusic.org/YERZMYEY/music/temple-of-asherah-atari-520st	520,asherah,atari,chiptune,digital,micromusic,musicmon,synthetic,temple,yerzmyey,ym2149
https://chipmusic.org/franz_koopa/music/schwebend-durch-psychedelische-weihnachtsmuster	megadrive ym2612 relaxing peaceful christmas tracker module it demoscene
https://chipmusic.org/tenshun/music/mr-toads-ride-through-life	breakbeats,chiptune,gameboy,grimy,lofi,lsdj
https://chipmusic.org/HPizzle/music/skankin-around-the-chipmas-tree	
https://chipmusic.org/Klamm/music/infinity	klamm,music
https://chipmusic.org/Breezesquad_/music/koikoikoi-kpp-8bit-cover	bitpop
https://chipmusic.org/Gameputer_Bryan3/music/strange-creature	atari pokey,atari xe,atari xl,chiptune
https://chipmusic.org/Ganondorofu/music/energy-tank	lsdj
https://chipmusic.org/mixmax/music/pulpe-de-poulpe	gameboy and mc 505
https://chipmusic.org/L-tron/music/voyage-pt-ii	
https://chipmusic.org/BHRG/music/danger-meat	chiptune,famitracker,vrc6
https://chipmusic.org/Duck+Boy/music/ka-oho-mai!-ampliflyer	fakebit
https://chipmusic.org/burryleak/music/snowscr	chiptune,nes
https://chipmusic.org/VCMG/music/the-func	disco,fakebit,modplug,openmpt
https://chipmusic.org/hitekz/music/zakk0-beat	chiptune
https://chipmusic.org/veenomn/music/life-is-strange	chiptune,nes
https://chipmusic.org/Hide+Your+Tigers/music/vitaminte-lsdj	chiptune,gameboy,hide your tigers,las vegas,lsdj,nevada
https://chipmusic.org/ryba/music/777nanoloopmono	nanoloop mono
https://chipmusic.org/Klamm/music/cracks	klamm
https://chipmusic.org/Gameputer_Bryan3/music/party-animal	nes
https://chipmusic.org/Cangrejo/music/g-l-i-t-c-h-n-u-d-e-z---sonido-calzeta	chiptune,gameboy,grime,lsdj,punk,voice
https://chipmusic.org/jaar/music/c-o-m-m-o-d-o-r-e-a-b-l-e	c64,chiptune,fakebit,nes,rock
https://chipmusic.org/MicroD/music/climbing-still	mt32,pc music,roland mt32,sierra games
https://chipmusic.org/om/music/not-sure-yet	
https://chipmusic.org/Starshine/music/nanof_ck-demoblaster-6000	chiptune,gameboy,nanoloop
https://chipmusic.org/ryba/music/6goldencoinsnanoloopmono	gameboy,nanoloop mono
https://chipmusic.org/ClipHead/music/ihc	1xlsdj,145bpm,2016,chiptune,cliphead,game boy,gameboy
https://chipmusic.org/Kazzy/music/blip	chiptune,fakebit
https://chipmusic.org/Gameputer_Bryan3/music/target-practice	chiptune,nes
https://chipmusic.org/One+For/music/hello	counterpoint,d command,lsdj,microtones
https://chipmusic.org/Cangrejo/music/reactor-5---plastic-dungeons-crab-sound-rmx	chiptune,gameboy,lsdj
https://chipmusic.org/burryleak/music/interruptune	chiptune,famitracker,nes
https://chipmusic.org/veenomn/music/dreamin	chiptune,fakebit,nes
https://chipmusic.org/Kazzy/music/plank-of-wood	chiptune,fakebit
https://chipmusic.org/Gameputer_Bryan3/music/pokey-style-short-tune	8bit,800,atari,chiptune
https://chipmusic.org/defensem3ch/music/fruit-punch	chiptune,gameboy,lsdj
https://chipmusic.org/Kazzy/music/45	chiptune
https://chipmusic.org/Kazzy/music/sizzlor	chiptune,fakebit
https://chipmusic.org/toasterpastries/music/spooks	chiptune,lsdj
https://chipmusic.org/slivisshit/music/lovlop	again,bread,chiptune,fakebit,idk,slipton
https://chipmusic.org/DEgITx/music/machine-paradigm-sega-genesis-version	degitx,genesis,metal,sega
https://chipmusic.org/DEgITx/music/ninja-soul	fakebit,metal,nes,rock
https://chipmusic.org/chronicboy/music/---shokk	famitracker,nes
https://chipmusic.org/Dr.+Zilog/music/laser-death	demo
https://chipmusic.org/chronicboy/music/madmonkey	gameboy,lsdj
https://chipmusic.org/powersupply/music/ropes-n-stuff	gameboy,lsdj
https://chipmusic.org/garvalf/music/les-ponts	electro,nanoloop,picoloop,sad
https://chipmusic.org/BeatScribe/music/one-deck-dungeon-ost-minotaur-maze---soft-version	chiptune,snes
https://chipmusic.org/BeatScribe/music/one-deck-dungeon-ost---hydras-swamp	chiptune,snes
https://chipmusic.org/Kazzy/music/defragment	chiptune,fakebit
https://chipmusic.org/NoyemiK/music/the-professor-dos-adlib	adlib,dos,opl2
https://chipmusic.org/Blipkid/music/blipkid---fight-or-flight	2a03,8bit,chiptune,nes,rock
https://chipmusic.org/Kazzy/music/cliffs	fakebit
https://chipmusic.org/Gameputer_Bryan3/music/trip-to-the-past-and-future	amiga,donkey kong,nes
https://chipmusic.org/0b111/music/shtra---shine-demo	chiptune,gameboy,lsdj
https://chipmusic.org/NoyemiK/music/nocturnal-affair-title-dos-opl2	adlib,dos,opl2
https://chipmusic.org/Gameputer_Bryan3/music/complimentary-blue-orange	80s90s,arcade,chiptune,mellow,yamaha ym2151
https://chipmusic.org/defensem3ch/music/defense-mechanism---wow	chiptune,gameboy,lsdj
https://chipmusic.org/C-Lee-O/music/burning-vengeance--2a03	8bit,action,chiptune,nes,plateform,tracker
https://chipmusic.org/Klamm/music/hellmarch	hellmarch,klamm,music
https://chipmusic.org/droid-on/music/omoshiroid	breakbeat,chippanze,fakebit,idm,lofi,noise,renoise,tracker
https://chipmusic.org/Gala/music/bouncy-turnips	nanoloop mono
https://chipmusic.org/Sanczo+Zapiekanka/music/pongu-menu-theme	fakebit game
https://chipmusic.org/Hide+Your+Tigers/music/forever-come-tomorrow-lsdj	chiptune,gameboy,hide your tigers,las vegas,lsd
https://chipmusic.org/Skolskoly/music/think-inside-the-square	chiptune,fakebit
https://chipmusic.org/Skolskoly/music/spring-breakbeat	chiptune,fakebit
https://chipmusic.org/Skolskoly/music/hang-on	chiptune,fakebit
https://chipmusic.org/Skolskoly/music/bit-battle	chiptune,fakebit
https://chipmusic.org/Skolskoly/music/reset	chiptune,fakebit
https://chipmusic.org/slivisshit/music/entirely-elevated	bread,chiptune,fakebit,idk,slipton
https://chipmusic.org/Cooshinator/music/white-noise	chiptune,gameboy,lsdj
https://chipmusic.org/godinpants/music/gaters-want-a-waaaar	comin to get ya,lsdj,renoise,wardub
https://chipmusic.org/garvalf/music/games-of-throne-houston-tracker-two-ti-calculator-1bit-cover	1bit,chiptune,houston tracker,ti82,ti83
https://chipmusic.org/veenomn/music/mega-boy	chiptune,nes
https://chipmusic.org/veenomn/music/big-bang	chiptune,nes
https://chipmusic.org/Duck+Boy/music/going-down-in-smoke-and-flames	chiptune,fakebit
https://chipmusic.org/burryleak/music/angel-woman-extra-trouble	chiptune,famitracker,nes
https://chipmusic.org/carlschultz/music/lonely-syllable	fakebit experimental
https://chipmusic.org/frank+angotti+is+dead/music/hydrogen-psychosis-crazy-eye	ableton,breakbeat,just relax,sample abuse,thrash44,vaporwave
https://chipmusic.org/veenomn/music/live-and-love	chiptune,nes
https://chipmusic.org/Duck+Boy/music/duck-hike	chiptune,fakebit,pop
https://chipmusic.org/Gameputer_Bryan3/music/supernova	chiptune,sega master system,sn76489
https://chipmusic.org/Dr.+Zilog/music/tweak-a-bit	chiptune
https://chipmusic.org/toasterpastries/music/mathluv	chiptune,gameboy,lsdj
https://chipmusic.org/UncleBibby/music/seinfeld-8bit-remix	8bit,90s,bass,bassline,chiptune,fakebit,gameboy,nes,seinfeld,slap,song,strikefeld,theme
https://chipmusic.org/this-is-embr/music/affection-demo	2xlsdj,118bpm,chiptune,electro,gameboy,lsdj
https://chipmusic.org/Starshine/music/wste-em	chipthrash,dmg,gameboy,nanoloop
https://chipmusic.org/Starshine/music/food-chin	chipthrash,dmg,gameboy,nanoloop
https://chipmusic.org/Taiemon/music/updowns	8bits,chiptune,famitracker,happy,mysterious,nostalgic,sad,taiemon
https://chipmusic.org/wilkey-g/music/mixolydian-dreams	milkytracker
https://chipmusic.org/carlschultz/music/chorus-of-tree-roots-singing-in-the-winter	fakebit
https://chipmusic.org/veenomn/music/jamn	chiptune,nes
https://chipmusic.org/Klamm/music/nukem	klamm,music,nukem
https://chipmusic.org/Neon+Death+Cat/music/plz-dont-panic	rhythm core alpha
https://chipmusic.org/katsuscatsupx/music/bee-boo-bop	chiptune,loop
https://chipmusic.org/garvalf/music/deux-saisons	c64,chiptune,sid,sidwizard
https://chipmusic.org/veenomn/music/wake-up!	chiptune,nes
https://chipmusic.org/outaspaceman/music/bunny	casiosa1,focusrite,garageband,po220,pocketmiku,teenaged engineering
https://chipmusic.org/IlGudz/music/abeardfulfate---faint-hope-impending-doom	bass,chiptune,gameboy,guitar,lsdj
https://chipmusic.org/Volt+44/music/redhead	chiptune
https://chipmusic.org/IlGudz/music/abeardfulfate---showdown	chiptune,gameboy,lsdj
https://chipmusic.org/MilLs+Dj/music/mills-dj---sarafair-love-affair-remix	affair,lit,love,mills dj,piano,regina,remix,sarafair,spektor
https://chipmusic.org/jaar/music/w-i-e-n-e-r-h-y-p-e	2a03,chiptune,cute,famitracker,guitar,hype,nes,nes,rock,vrc6,weiner
https://chipmusic.org/Breezesquad_/music/before-the-world-goes-kaputt	bitpop
https://chipmusic.org/Jayster/music/voyage-andromeda	chiptune,fakebit,openmpt,prog
https://chipmusic.org/veenomn/music/spooky-beatz	chiptune,nes
https://chipmusic.org/burryleak/music/mathtune	chiptune,nes
https://chipmusic.org/C-Lee-O/music/out-of-here--lsdj	lsdj  funky greasy
https://chipmusic.org/toasterpastries/music/supa	chiptune,gameboy,lsdj
https://chipmusic.org/Cangrejo/music/malandro-bugeado---crab-sound!	chiptune,gameboy,lsdj
https://chipmusic.org/deathfromabilly/music/parking-lot-confessional	112,chiptune,dream pop,gameboy,lsdj
https://chipmusic.org/outaspaceman/music/the-thing-in-your-head-is-a-windscreen	po12,po20,pocketoperators,teenageengineerinq
https://chipmusic.org/toasterpastries/music/jeb-dont-mind	chiptune,gameboy,lsdj
https://chipmusic.org/Klamm/music/rampage	klamm,rampage
https://chipmusic.org/ClipHead/music/cliptune	2016,chiptune,cliphead,cliptune,cologne,gameboy,lsdj
https://chipmusic.org/pselodux/music/tek	nanoloop
https://chipmusic.org/Volt+44/music/jenn	chiptune
https://chipmusic.org/urbster1/music/great-moves!-keep-it-up-lsdj-echorobot-remix-cover	1xlsdj,gameboy,lsdj
https://chipmusic.org/Klamm/music/skyrealm	chipmusicorg,klamm,music,skyrealm
https://chipmusic.org/Jakim/music/coin-collector	famitracker,konami,riverwash,vrc6
https://chipmusic.org/saulc12/music/satin	amiga
https://chipmusic.org/saulc12/music/united	amiga
https://chipmusic.org/saulc12/music/x-factor	amiga
https://chipmusic.org/saulc12/music/fiddle-faddle	c64,chiptune
https://chipmusic.org/saulc12/music/arcade-spot	c64,chiptune
https://chipmusic.org/saulc12/music/bounces	c64,chiptune
https://chipmusic.org/saulc12/music/the-princess	c64,chiptune
https://chipmusic.org/veenomn/music/peanut-butter-oreos	chiptune,nes
https://chipmusic.org/Daitenshi/music/romantic-comedy	chiptune,gameboy,lsdj
https://chipmusic.org/saulc12/music/kick	amiga,protracker
https://chipmusic.org/veenomn/music/super-boy!	chiptune,nes
https://chipmusic.org/ClipHead/music/oktobaby	2xlsdj,cliphead,cologne 2016,gameboy,lsdj
https://chipmusic.org/jaar/music/b-u-c-k-e-t-b-o-y-s	2a03,bucket,chiptune,cute,famitracker,guitar,nes,rock,vrc6
https://chipmusic.org/savemegod/music/night-ride	chiptune,fakebit
https://chipmusic.org/toasterpastries/music/sex-person	gameboy,lsdj
https://chipmusic.org/outaspaceman/music/keytal	gakken,nsx39,po20 arcade,pocketmiku,teenage engineering
https://chipmusic.org/outaspaceman/music/imok	casio,horse,monkey,rabbit,xray
https://chipmusic.org/NoyemiK/music/meadowm	chiptune,pc88,ym2203
https://chipmusic.org/PutTheHurttOn/music/where-do-i-go-from-here	chill,chiptune,fakebit,mellow,openmpt
https://chipmusic.org/Boy+Meets+Robot/music/the-robots-will-kill-us-all	gameboy,lsdj,ska
https://chipmusic.org/0b111/music/pokemon-theme-lsdj-cover	chiptune,gameboy,lsdj
https://chipmusic.org/Mrwimmer/music/mila	2a03,famitracker,n163,nes
https://chipmusic.org/NEON/music/outlaw	chiptune,electronic,famitracker,neon,outlaw,vrc6
https://chipmusic.org/polyceruleanic/music/gadevoi---girl	gameboy,lsdj,vocaloid
https://chipmusic.org/veenomn/music/hunts-ketchup-5050	chiptune,fakebit,nes
https://chipmusic.org/toasterpastries/music/mecha-shiva	lsdj
https://chipmusic.org/NoyemiK/music/ym04bm	chiptune,pc88,ym2203
https://chipmusic.org/curtinparloe/music/quackstar	chiptune,gameboy,lsdj
https://chipmusic.org/MicroD/music/infrarad	cover,microd,mt32,pc music,roland mt32,sierra games,sievert
https://chipmusic.org/Cangrejo/music/nauseas---crab-sound	chiptune,gameboy,lsdj
https://chipmusic.org/Volt+44/music/running-red	chiptune
https://chipmusic.org/4mat/music/ad-astra	8bc,chiptune,duck,edm,heron,moorhen,pico8,spoonbill
https://chipmusic.org/8-BITchintendo/music/8-bitchintendo---rainbow-ride	nes
https://chipmusic.org/Ten+Pixels+Tall/music/low-signal	chiptune,gameboy,lsdj
https://chipmusic.org/veenomn/music/daytime	chiptune,nes
https://chipmusic.org/e.s.c./music/bit-shifter---reformat-the-planet-d_strcts-phat32-remix	bit shifter,dstrct,gabber kicks,lgpt,remix
https://chipmusic.org/veenomn/music/ham-slam	chiptune,fakebit
https://chipmusic.org/frank+angotti+is+dead/music/viami---no-color-[frank-angotti-is-deads-fukkd-remix]	4 to the floor,ableton,chipthrash,chiptune,edm,gabber,happy hardcore,hardystyle,lsdj,remix,vgm
https://chipmusic.org/Jellica/music/28-song-2	
https://chipmusic.org/toasterpastries/music/delta-v	arduinoboy,gameboy,lsdj
https://chipmusic.org/Glor/music/routine-at-work	beepbox
https://chipmusic.org/veenomn/music/the-mash-potato-mash	chiptune,fakebit,nes
https://chipmusic.org/wilkey-g/music/summer-song	milkytracker
https://chipmusic.org/mixmax/music/nuage-ple	
https://chipmusic.org/mixmax/music/pain-de-mix	
https://chipmusic.org/8bitFreak/music/vila-sesamo-theme-74-77	vila sesamo
https://chipmusic.org/8bitFreak/music/sesamstrasse-theme-der-die-das	sesamstrasse
https://chipmusic.org/8bitFreak/music/starcade-1983-theme-tune	starcade theme 1983
https://chipmusic.org/powersupply/music/no-idea-keygen-something-[lsdj]	chiptune,gameboy,keygen,lsdj
https://chipmusic.org/outaspaceman/music/not-in-those-shoes	8bit,chiptune,outaspacemna,pocketoperator,squarewave,teenageengineerinq
https://chipmusic.org/veenomn/music/ratat	chiptune,nes
https://chipmusic.org/MicroD/music/a-test-of-island-courage-originally-by-sievert	cover,microd,mt32,pc music,roland mt32,sierra games,sievert
https://chipmusic.org/Justbeenwarpzoned/music/jamaican-amiga	amiga,chiptune,milkytracker,reggae
https://chipmusic.org/veenomn/music/blep	chiptune,nes
https://chipmusic.org/Daitenshi/music/thunder-stone	chiptune,gameboy,lsdj
https://chipmusic.org/Daitenshi/music/sub-zero	chiptune,gameboy,lsdj
https://chipmusic.org/Daitenshi/music/conflagration	chiptune,gameboy,lsdj
https://chipmusic.org/The+Jazz+Surgeon/music/top-down	funk,jazz,modplug,openmpt
https://chipmusic.org/nitro2k01/music/fake-vader-dub	gameboy,lsdj
https://chipmusic.org/garvalf/music/cyber-dansere	8bit,adlib,metal,opl3,saturated guitars
https://chipmusic.org/carlschultz/music/smacking-clouds-until-they-burst-with-rain	fakebit
https://chipmusic.org/mibri/music/salty-stomp-sega-mega-drive-fakebit	fakebit,fmdrive,genesis,mega drive,sega
https://chipmusic.org/veenomn/music/experimenting-again	chiptune,fakebit
https://chipmusic.org/wilkey-g/music/generic-funky-stuff	
https://chipmusic.org/Baeka/music/summers-over	bit house,deep house
https://chipmusic.org/mixmax/music/giros-pirec	
https://chipmusic.org/kandi+hippie/music/kandi-hippie---can-you-see-me	chiptune,fakebit
https://chipmusic.org/mibri/music/tatsumaki-senpuukyaku	c700,capcom,fakebit,nintendo,snes,spc700,street fighter
https://chipmusic.org/veenomn/music/drag	chiptune,nes
https://chipmusic.org/The+Jazz+Surgeon/music/funk-of-ages	casio,funk,jazz,modplug,openmpt,sample
https://chipmusic.org/hireshi/music/hireshi---unnamed	8bit
https://chipmusic.org/powersupply/music/march-of-the-squishy-fish-[lsdj]	chiptune,gameboy,lsdj
https://chipmusic.org/veenomn/music/a-new-day	chiptune,nes
https://chipmusic.org/ballacr75/music/infradito	cbt,chip,chiptune,comeback tracker,game
https://chipmusic.org/ballacr75/music/domenica	cbt,chip,chiptune,comeback tracker,game
https://chipmusic.org/jiar/music/leslie-hall---tight-pants	lsdj
https://chipmusic.org/drexegar/music/pat-marinos-ninja-limozine-space-adventure	3ds,8bit,dsn12,korg,nes
https://chipmusic.org/combovercat/music/ping-pong-tick-tock-what-it-sounds-like-when-an-indie-game-gets-shoved-in-your-ears	gameboy,lsdj
https://chipmusic.org/Daitenshi/music/the-cry-of-the-poor-daitenshi-remix	chiptune,gameboy,lsdj
https://chipmusic.org/kandi+hippie/music/kandi-hippie-soup-remix	
https://chipmusic.org/kandi+hippie/music/kandi-hippie-soup-remix	
https://chipmusic.org/MC+Jimmy/music/written-from-existence	8bit,16bit,amiga,battle,chipmusic,chiptune,game,guitar,milkytracker,nes,organ,saw,sine
https://chipmusic.org/Starshine/music/transmisson002	chiptune,gameboy,nanoloop
https://chipmusic.org/Starshine/music/come-on!	chiptune,gameboy,lsdj
https://chipmusic.org/Starshine/music/hadouken	chiptune,gameboy,lsdj
https://chipmusic.org/Starshine/music/lo-f[idm]	chiptune,gameboy,lsdj
https://chipmusic.org/Starshine/music/run---dmg	chiptune,gameboy,lsdj
https://chipmusic.org/Starshine/music/the-escape	gameboy,nanoloop
https://chipmusic.org/Starshine/music/asking-alexandria---the-final-episode-starshines-ghettochip-bootleg-mix	
https://chipmusic.org/Starshine/music/uppercut	chipthrash,chiptune,gameboy,lsdj,sample,sample kit,samples,wav
https://chipmusic.org/Starshine/music/summer-2016-demo-mix	chipthrash,chiptune,gameboy,lsdj,nanoloop
https://chipmusic.org/LupusDelta/music/happy-song	chiptune,gameboy
https://chipmusic.org/AtariTufty/music/mechanoid	1bit,beepola,lofi,phaser,speech synthesizer,synth,zx beeper,zx spectrum
https://chipmusic.org/MegaLoler/music/ay-3-8910-tune	aardbei,ay38910,turbo,vortex tracker,zx spectrum
https://chipmusic.org/veenomn/music/madcap	chiptune,nes
https://chipmusic.org/veenomn/music/meadow	chiptune,fakebit,nes
https://chipmusic.org/carlschultz/music/lila-in-the-sun	fakebit
https://chipmusic.org/Jakim/music/a-man-in-trouble	bossa nova,fasttracker,modplug,tracker
https://chipmusic.org/Volt+44/music/ax-grinder	schism tracker
https://chipmusic.org/nanode/music/runner	chiptune,gameboy,lsdj
https://chipmusic.org/PixelPanic/music/pixelpanic---waxing-down	chiptune,punk,rock
https://chipmusic.org/PandaBURRR/music/pandaburrr---von-idee-her-sehr-flauschig	bbb,chiptune,pandaburrr,swahtrap
https://chipmusic.org/CS/music/4xgb-test	gameboy,lsdj,nanoloop samples
https://chipmusic.org/veenomn/music/maxrimus	chiptune,nes
https://chipmusic.org/ADE-Syndicate/music/tim-follin---ghouls-n-ghosts-theme-[amiga]-sega-genesis-ym2612-remix	amiga,c64,ghosts  goblins,ghosts n goblins,ghouls  ghosts,ghouls n ghosts,sega genesis,ym2612
https://chipmusic.org/NoyemiK/music/lamsunm-ym2203-pc-8801	chiptune,pc88,pc98,ym2203
https://chipmusic.org/Naeroon/music/wow!!-nice-job!-[my-first-lsdj]	chiptune,gameboy,lsdj
https://chipmusic.org/Volt+44/music/forget-it-this-sucks-i-quit	
https://chipmusic.org/sloopygoop/music/all-i-need-radiohead-cover	cover,gameboy,lsdj,radiohead,vocal,vocals,vox
https://chipmusic.org/Daitenshi/music/layer-cake	chiptune,gameboy,lsdj
https://chipmusic.org/Yaz/music/pink-bubbles	amiga,comebacktracker,mod,retro
https://chipmusic.org/daisy/music/dont-get-around-much-any-more	chiptune,famitracker,nes,nintendo
https://chipmusic.org/NoyemiK/music/event_2m	chiptune,pc88,pc98,ym2203
https://chipmusic.org/ballacr75/music/nostalgia	autocad,chip,chiptune,lisp
https://chipmusic.org/The+Laohu/music/m0k1-test	gba,m0k1
https://chipmusic.org/MicroD/music/marks-of-wear	chipmusic,microd,mt32,roland mt32,sierra games,sierra online
https://chipmusic.org/C%C3%A9r%C3%A8s%3B/music/chiptuner	chiptune,synth metal,visual kei
https://chipmusic.org/ballacr75/music/crystal	acadballa,autocad,chiptune,lisp,math
https://chipmusic.org/urbster1/music/bad-data	chiptune,gameboy,lsdj
https://chipmusic.org/orcenec/music/theme-of-gonzo	messican,nes,theme
https://chipmusic.org/killedatschool/music/untitled---bitripper	
https://chipmusic.org/Bit+Bot+Girl/music/lets-go-to-meet-mom	chiptune,nanoloop
https://chipmusic.org/ballacr75/music/baffo	acadballa,autocad,chip,chiptune,lisp
https://chipmusic.org/Volt+44/music/clear-mind-savage-heart-incomplete	schism tracker
https://chipmusic.org/Impulses/music/pressure	chiptune,gameboy,lsdj,nes
https://chipmusic.org/ballacr75/music/al-piano	acadballa,autocad,chip,lisp
https://chipmusic.org/PandaBURRR/music/v333x2	ableton,chiptune,lsdj,pandaburrr
https://chipmusic.org/ballacr75/music/arcobaleno	acadballa,autocad,chip,chiptune,math,micromusic
https://chipmusic.org/Cangrejo/music/jovenes-teporochos-mutantes---crab-sound	chiptune,crabsound,gameboy,lsdj,mexico
https://chipmusic.org/ballacr75/music/arp-58	acadballa,autocad,chiptune,lisp
https://chipmusic.org/automatonsubsys/music/guilty-heart	bass,c64,chiptune,dub,gameboy,heart,nes,reggae
https://chipmusic.org/NoyemiK/music/the-cyber-punks-pc-98-speak-board	chiptune,pc98,ym2608
https://chipmusic.org/little+combat/music/finding	lsdj
https://chipmusic.org/veenomn/music/oreo-cream	fakebit
https://chipmusic.org/Jredd/music/dragon-hero-feat-diagamblic--groovemaster303--pc-engine-	chiptune,diagamblic,groovemaster303,jredd,pcengine,turbo graphix 16,vgm
https://chipmusic.org/liquidcalm/music/hold-hands-over-borders	chiptune,gameboy,meeblip,midivampire,nes,pocket operator,shruthi
https://chipmusic.org/veenomn/music/thanks-for-all-the-years	chiptune,nes
https://chipmusic.org/Skald/music/wildfire	theradicaldreamers brazil belohorizonte
https://chipmusic.org/carlschultz/music/there-once-was-an-old-woman-who-swallowed-a-fly	fakebit
https://chipmusic.org/Daitenshi/music/have-faith	chiptune,gameboy,lsdj
https://chipmusic.org/0b111/music/gameboy-london	dmg01,gameboy,lsdj
https://chipmusic.org/veenomn/music/simple-noises	chiptune,nes
https://chipmusic.org/Hide+Your+Tigers/music/the-long-way-to-long-beach	chiptune,gameboy,hideyourtigers,lasvegas,lsdj
https://chipmusic.org/Skald/music/old-magic	
https://chipmusic.org/Mystic+Hero/music/mystic-hero---augusta	chiptune,fakebit,m8bp
https://chipmusic.org/pselodux/music/0fdigital---gener-6-l2-rv1	idm,minimalist,nanoloop,no drops,not a banger,repetitive,reverb
https://chipmusic.org/_jm/music/vgti	fakebit,gameboy,lsdj
https://chipmusic.org/garvalf/music/the-lonesome-cowgirl	8bit,famitracker,nes
https://chipmusic.org/Panda+Chan/music/[sid]-ambient-c64-tape-and-reverb	ambient,c64,chiptune,sid
https://chipmusic.org/veenomn/music/deep	chiptune,fakebit
https://chipmusic.org/Geech/music/everyday	cheap,fakebit,korg,lofi,portable
https://chipmusic.org/my.Explosion/music/blackout	chiptune,fakebit,gameboy,lsdj
https://chipmusic.org/papptimus/music/underground	chiptune
https://chipmusic.org/daisy/music/memoir	android,chiptune,gameboy,nanoloop
https://chipmusic.org/Klamm/music/emancipator	emancipator,klamm,music
https://chipmusic.org/papptimus/music/action-stage	chiptune
https://chipmusic.org/VCMG/music/romanian-winter	fakebit,impulse tracker,modplug,openmpt
https://chipmusic.org/0r4/music/tokyo-apartments---dreams-0r4-remix	gameboy,lsdj,trance
https://chipmusic.org/Jredd/music/light-years-beyond-featdya--groovemaster303--gameboy-	chiptune,deflemask,dya,gameboy,groovemaster303,jredd,trevin hughes
https://chipmusic.org/NoyemiK/music/magical-tumydorado-pc-9801-86	amihailu,chiptune,pc98,ym2608
https://chipmusic.org/NoyemiK/music/sleeper-agent-pc-9801-86	chiptune,pc98,ym2608
https://chipmusic.org/NoyemiK/music/stakeout-pc-9801-86	chiptune,pc98,ym2608
https://chipmusic.org/veenomn/music/hunts-ketchup-4040	fakebit,nes
https://chipmusic.org/Diagamblic/music/dragons-blade-feat-gxscchater--jreddturbo-grafx-16	deflemask,dya,fantasy,gxscchater,jam,jredd,metal,pcengine,rock,turbo grafx16
https://chipmusic.org/BeatVertex/music/cascada---miracle-lsdj-cover	chiptune,cover,gameboy,lsdj
https://chipmusic.org/Kixo/music/syntax-error	milkytracker
https://chipmusic.org/0b111/music/oreomilkshake_1989	chiptunedmg01,gameboy,lsdj
https://chipmusic.org/daisy/music/clenched-fist-slowly-descending	chiptune,famitracker,nes,nintendo
https://chipmusic.org/Klamm/music/away	away,klamm,music
https://chipmusic.org/mr.spastic/music/t-alveolar-voiceless-stop-mix	c64,chiptune,gameboy,nes,spazout
https://chipmusic.org/Tuxic/music/1st-round	chiptune,gameboy,lsdj
https://chipmusic.org/automatonsubsys/music/dub-hut	c64,chiptune,dub,gameboy,hut,nes,reggae
https://chipmusic.org/Brink/music/tough-world-2a03-sunsoft-bass	2a03,famitracker,nes,sunsoft,sunsoft bass
https://chipmusic.org/Brink/music/total-bae-n163	famicom,famitracker,n163,namco,nes,vgm
https://chipmusic.org/Bit+Bot+Girl/music/tokyo-disco-baby	chiptune,nanoloop
https://chipmusic.org/kandi+hippie/music/kandi-hippie---glitching-our-morning	chiptune,fakebit,glitch
https://chipmusic.org/nitro2k01/music/rephrase	
https://chipmusic.org/NoyemiK/music/still-sleepy-ym2608-adpcm-demo	chiptune,pc98,ym2608
https://chipmusic.org/garvalf/music/apis-mellifera	huc6280,hudson,nec,pc engine
https://chipmusic.org/Solomonster/music/last-step-forward	chiptune ym2612 sega genesis sonic mega drive
https://chipmusic.org/Solomonster/music/empty-disco	chiptune ym2612 sega genesis sonic mega drive
https://chipmusic.org/Solomonster/music/flower-water	chiptune ym2612 sega genesis sonic mega drive
https://chipmusic.org/Solomonster/music/dont-fall-down	chiptune ym2612 sega genesis sonic mega drive
https://chipmusic.org/Solomonster/music/between-fire-and-a-hard-place	chiptune ym2612 sega genesis sonic mega drive
https://chipmusic.org/Solomonster/music/melancholy-departure	chiptune ym2612 sega genesis sonic mega drive
https://chipmusic.org/Impulses/music/sodium-rising	amiga,c64,chiptune not fake bit made on,lsdj,nanoloop,nes
https://chipmusic.org/daisy/music/a-trip-to-the-zoo	chiptune,famitracker,nes,nintendo
https://chipmusic.org/Bit+Bot+Girl/music/this-is-ninja-pop	chiptune,nanoloop
https://chipmusic.org/YukiKakushi/music/bit-and-3-4-demo	chiptune,gameboy,lsdj
https://chipmusic.org/NoyemiK/music/waitingm	chiptune,pc88,pc98,ym2203
https://chipmusic.org/boaconstructor/music/tribulations---demo--	chiptune,gameboy,lsdj
https://chipmusic.org/veenomn/music/wow!	chiptune,nes
https://chipmusic.org/NoyemiK/music/town_1am	chiptune,pc88,pc98,ym2203
https://chipmusic.org/Cangrejo/music/elisin-automatica---crab-sound	chiptune,gameboy,lsdj,mexico,spanish thing
https://chipmusic.org/Lanmola/music/tuffle	chiptune,chiptune inspired,fakebit
https://chipmusic.org/NoyemiK/music/intro_ntm	chiptune,pc88,pc98,ym2203
https://chipmusic.org/Devereux/music/it-gets-better	chiptune,fakebit,nes
https://chipmusic.org/NoyemiK/music/event_1m	chiptune,pc88,pc98,ym2203
https://chipmusic.org/Nestrogen/music/benevolence-or-bust	chiptune,drums,famitracker,rock
https://chipmusic.org/bitpusher2600/music/apathetic	chiptune,gameboy,lsdj
https://chipmusic.org/C%C3%A9r%C3%A8s%3B/music/observing-the-moon-weep	chiptune,synth metal,visual kei
https://chipmusic.org/Impulses/music/distractions	ambient,chiptune
https://chipmusic.org/veenomn/music/a-long-day-with-sunshine	fakebit
https://chipmusic.org/JSwensen/music/fifth-grade-fighting-simulator	chiptune,gameboy,lsdj
https://chipmusic.org/marcb0t/music/ocean-melody	funk,genesis,jazz,megadrive,melodina,melody,ocean,seaside,sega,singing,vgmm
https://chipmusic.org/Im_A_Track_Man/music/dagashi-kashi-edhey-!--queenmsx2-ver	chiptune,konami scc,msx
https://chipmusic.org/automatonsubsys/music/auto-riddim-selecta	automaton,c64,chiptune,dancehall,dub,gameboy,lickshot,nes,reggae,subsystem
https://chipmusic.org/veenomn/music/cool-beat	chiptune,fakebit,nes
https://chipmusic.org/veenomn/music/dying-meadow	chiptune,fakebit,nes
https://chipmusic.org/Starshine/music/aether	chipthrash,chiptune,gameboy
https://chipmusic.org/Iron+Curtain/music/for-mickey	chiptune,genesis,megadrive,mega drive,sega,ym2612
https://chipmusic.org/Heosphoros/music/ceyx	2a03,chip,chip metal,chip prog,chiptune,famicom,metal,nes,prog,progressive,tune,vrc6
https://chipmusic.org/e.s.c./music/tooth_eye---the-wheel-of-fate-is-turning-d_strcts-pills--scotch-remix	breakcore,lgpt,piggy
https://chipmusic.org/Cooshinator/music/japan	chiptune,gameboy,japan,lsdj,whacky
https://chipmusic.org/bitpusher2600/music/pixelated-b-boy	chiptune,gameboy,lsdj
https://chipmusic.org/bitpusher2600/music/cyka-blat	chiptune,gameboy,lsdj
https://chipmusic.org/YukiKakushi/music/till-next-time	chiptune,gameboy,lsdj
https://chipmusic.org/garvalf/music/droga-do-pnocy	chiptune,dungeon synth,sunvox
https://chipmusic.org/Deko/music/pay-no-mind-cover-[scrap]	chiptune,cover,gameboy,lsdj
https://chipmusic.org/cTrix/music/my-first-famitracker-mixed	
https://chipmusic.org/MilLs+Dj/music/mills-dj---who-gives-a	care at all,gives,i dont care,mills dj,who,who gives
https://chipmusic.org/veenomn/music/womp-womp	fakebit,nes
https://chipmusic.org/Fighter+X/music/cirkuit-space	lsdj
https://chipmusic.org/C-Lee-O/music/cobra-re-up-fixed-version	
https://chipmusic.org/YukiKakushi/music/bitrace	chiptune,gameboy,lsdj
https://chipmusic.org/Klamm/music/red-riding-hood	chipmusic,klamm
https://chipmusic.org/spiritwaffle/music/kristoffersons-theme	chiptune,fakebit,lsdj,movies
https://chipmusic.org/Densmore+Phaser/music/digital-vision	indie,rock
https://chipmusic.org/veenomn/music/the-long-road	fakebit,nes
https://chipmusic.org/Playzak/music/playzak----999-in-one	cheapwave,chiptune,fakebit,famicom,nes,nintendo,retro,rock
https://chipmusic.org/hireshi/music/hireshi---friendship	chiptune,gameboy,original
https://chipmusic.org/veenomn/music/no-time	fakebit,nes
https://chipmusic.org/veenomn/music/spring-is-here-	nes
https://chipmusic.org/nikola/music/rockboy	chiptune,gameboy,lsdj,rock
https://chipmusic.org/VCMG/music/hopscotch-97	fakebit,impulse tracker,modplug
https://chipmusic.org/Arc-Demon/music/mozart--dies-irae-[2a03]	2a03,mozart,nes,nsf
https://chipmusic.org/GeeZilla/music/dosdos---fairground-land-demo	demo,dos,soundcanvas
https://chipmusic.org/3ndymion/music/blessed-joy--peace-to-the-world-v15	chipmas,christmas,dmg01,gameboy,happy,joyful,lsdj,nintendo
https://chipmusic.org/m%C3%A6kshift/music/real-life-world	amiga,c64,chiptune,fakebit,gameboy,lsdj,nanoloop,nes
https://chipmusic.org/m%C3%A6kshift/music/brotendo	amiga,c64,chiptune,fakebit,gameboy,lsdj,nanoloop,nes
https://chipmusic.org/m%C3%A6kshift/music/here-we-go!	amiga,c64,chiptune,fakebit,gameboy,lsdj,nanoloop,nes
https://chipmusic.org/garvalf/music/what-was-found-in-the-bottle	8bit,8bit,genesis,megadrive,psg,sega,sn76489,yamaha,ym2612
https://chipmusic.org/calamarespaciales/music/inside-a-house---ocarina-of-time-cover	16bits,calamarespaciales,fakebit,mexico
https://chipmusic.org/frank+angotti+is+dead/music/b4by-f4c3---pack--a--punch	brokecore,chipthrash,chiptune,darkchip,nanoloop
https://chipmusic.org/YukiKakushi/music/let-get-this-parade-started	chiptune,gameboy,lsdj
https://chipmusic.org/Starshine/music/kawaiicore-v20	chiptune,gameboy,lsdj
https://chipmusic.org/Starshine/music/love-silent-things	chiptune,gameboy,lsdj
https://chipmusic.org/Justbeenwarpzoned/music/youre-under-arrest	c64,chiptune,fakebit,fl studio,fusion
https://chipmusic.org/Wholesome+Family+Music/music/necromancy	chipthrash,chiptune,dark,darkchip,nanoloop,noise
https://chipmusic.org/Cangrejo/music/mother---field-lsdj-cover	chiptune,crabsound,earthbound,gameboy,lsdj,mexico
https://chipmusic.org/hireshi/music/hireshi---retro-rock	chiptune,gameboy
https://chipmusic.org/Klamm/music/one-morning-in-space	klamm,one morning in space
https://chipmusic.org/Byte.clone/music/byteclone---no-sync-5	atari 2600,improvisation,live,nintendo ds
https://chipmusic.org/Teknosis/music/his-theme-teknosis-remix-[its-from-undertale]	chiptune,lsdj
https://chipmusic.org/Dairko/music/aybabtu-all-your-base-are-belong-to-us	chipsound,chipspeech,chiptune,chorale,fakebit,js bach,plogue
https://chipmusic.org/Jellica/music/boot2x1	c64
https://chipmusic.org/MC+Jimmy/music/a-story-unwritten	8bit,16bit,amiga,chiptune,guitar,milkytracker,nes,piano
https://chipmusic.org/Jord/music/classic-mistake---blind-spot	gameboy
https://chipmusic.org/YERZMYEY/music/moon-hoax--sid---rpi-	8bit,8bit,bitpop,c64,chiptune,commodore,goat,hoax,lofi,micromusic,moon,raspberry,sid,tracker,yerzmyey
https://chipmusic.org/FenderQ/music/syd-chip	drum and bass,renoise,sid samples
https://chipmusic.org/AtariTufty/music/space-beeps-part-2	1bit,1bit,beeper,beepola,lofi,phaser,synth,zx beeper,zx spectrum
https://chipmusic.org/garvalf/music/boue-et-glace	8bit,famitracker,nes,nsf
https://chipmusic.org/DBOYD/music/michiko	chip,chipmusic,chiptune,electronic,gameboy,lsdj,michiko,nintendo,z80
https://chipmusic.org/Squid224/music/mesmer-eyes	
https://chipmusic.org/Starshine/music/fucking-tetris-master	chiptune,gameboy,lsdj
https://chipmusic.org/Pixel+Fox/music/nostril	chiptune,gameboy,lsdj
https://chipmusic.org/CatNose/music/crystalis-world-[2a03]	2a03,nes
https://chipmusic.org/Klamm/music/goblins	chipmusic,goblins,klamm
https://chipmusic.org/PleaseLoseBattle/music/goodbye-joy	chiptune,famitracker,nes,rock
https://chipmusic.org/PIXELDRAGON/music/conquest	140,bpm,chip,chiptune,conquest,dragon,free,music,path,pixel,pixeldragon
https://chipmusic.org/PIXELDRAGON/music/the-wizards-path	180,bpm,chiptune,dragon,free,path,pixel,pixeldragon,the,wizard,wizards,wizards
https://chipmusic.org/Diagamblic/music/jredd---psg-strut-2a03-strut-remix	chiptune,nes
https://chipmusic.org/B3/music/-studying-theme	chiptune,lsdj
https://chipmusic.org/calamarespaciales/music/kotake--koumes-theme---ocarina-of-time---calamarespaciales	16 bits,calamarespaciales,ocarina of time,tribute,zelda
https://chipmusic.org/Starshine/music/kampfer	chiptune,gameboy,nanoloop
https://chipmusic.org/Starshine/music/leaf-x-vapor	chiptune,gameboy,lsdj
https://chipmusic.org/Starshine/music/pretty-skies	chiptune,gameboy,lsdj
https://chipmusic.org/Starshine/music/sandrine-tangerine	chiptune,gameboy,lsdj
https://chipmusic.org/Starshine/music/blue-lemonade	chiptune,gameboy,lsdj
https://chipmusic.org/Starshine/music/tyler-the-creator---yonkers-cover	chiptune,gameboy,lsdj
https://chipmusic.org/Starshine/music/nine-inch-nails---hurt-starshine-remix	chiptune,lsdj
https://chipmusic.org/DJ+Dead+Llama/music/high-score-breaking-the-game	breakbeat,chiptune,new
https://chipmusic.org/DJ+Dead+Llama/music/the-one-who-won-before-winning-was-fun	beat,break,charlie sheen,chiptune,mario,shining force ii,sonic,starcraft,winning
https://chipmusic.org/Robin/music/lost-world	experimental,lsdj,microtonal,world music
https://chipmusic.org/Jredd/music/night-sky-sega-genesis-loop	2016,jredd,megadrive,sega genesis,trevin hughes,vgmm
https://chipmusic.org/powersupply/music/waterproof-pants-[lsdj]	chiptune,funk,gameboy,lsdj
https://chipmusic.org/Cangrejo/music/spider-dance---undertale-crabsoundrmx	chiptune,crab sound,gameboy,lsdj,mexico,remix,spider dance,toby fox,trivute,undertale
https://chipmusic.org/NoyemiK/music/kekohas-lover-ym2203	chiptune,pc98,ym2203
https://chipmusic.org/weaselspoon/music/fred-jones-part-2	chiptune,gameboy
https://chipmusic.org/weaselspoon/music/road-of-trials	chiptune,gameboy
https://chipmusic.org/weaselspoon/music/first-gymnopdie	chiptune,gameboy
https://chipmusic.org/weaselspoon/music/three-lines	chiptune,gameboy,mgb,nanoloop
https://chipmusic.org/weaselspoon/music/fugue-in-c-minor	chiptune,fugue,gameboy,mgb,nanoloop
https://chipmusic.org/weaselspoon/music/sumer-is-icumen-in	chiptune,gameboy,nanoloop,traditional mgb
https://chipmusic.org/weaselspoon/music/darkplace	chiptune,gameboy,mgb,nanoloop
https://chipmusic.org/weaselspoon/music/x-files	chiptune,gameboy,mgb,nanoloop
https://chipmusic.org/YukiKakushi/music/!bitparade!	chiptune,gameboy,lsdj,two gameboys
https://chipmusic.org/Jayster/music/finding-you	chiptune,mod,openmpt
https://chipmusic.org/Laffe+the+Fox/music/laffe-the-fox---songs-about-skateboarding-and-getting-dumped	8bit,bitpop,chip,chip music,chipmusic heroes,chipmusic heroes v,laffe the fox
https://chipmusic.org/CatNose/music/sun-song-[2a03]	2a03,nes
https://chipmusic.org/idevourstatic/music/burn-second-homes	burn,burn,burn,burn,burn,burn,burn,burn,burn,burn,burn,burn,burn,burn
https://chipmusic.org/nikola/music/syncyopatience	chiptune,gameboy,lsdj
https://chipmusic.org/DEgITx/music/fire-tmnt2-cover-stage-1	chiptune,fakebit,metal,sid metal
https://chipmusic.org/DEgITx/music/surf-city-battletoads-cover	fakebit,metal,nes,sid metal
https://chipmusic.org/Panda+Chan/music/tfatfj---corruption	electro,house,lgpt,lofi,piggytracker
https://chipmusic.org/weaselspoon/music/missa-papae-marcelli-gloria-giovanni-pierluigi-da-palestrina-1562	chiptune,classical,gameboy
https://chipmusic.org/weaselspoon/music/sederunt-principes	classical,gameboy,mgb
https://chipmusic.org/Cangrejo/music/vegetable-guy---crab-sound-2011	chiptune,crab sound,gameboy,jirafas,lsdj,mexico
https://chipmusic.org/Kuesa/music/mochi---prototype	gameboy,lsdj
https://chipmusic.org/ixen/music/ixen---a-relaxing-desert-night	chill,chiptune,fakebit,night,relaxing
https://chipmusic.org/Squid224/music/somethings-not-quite-right-shop-theme	chiptune
https://chipmusic.org/havocCc/music/nanoloop-live-improvisation	chiptune,gameboy,improvisation,nanoloop
https://chipmusic.org/Cangrejo/music/c-r-a-n-e-o	bones,chiptune,crab,craneo,gameboy,lsdj,sound
https://chipmusic.org/Broken+Satellite/music/adventure-island-strike	chiptune,gameboy,lsdj
https://chipmusic.org/Broken+Satellite/music/beyond-the-pixeled-rainbow	chiptune,gameboy,lsdj
https://chipmusic.org/Broken+Satellite/music/2-hearts	chiptune,gameboy,lsdj
https://chipmusic.org/CatNose/music/jacket-the-cat-[2a03]	2a03,nes
https://chipmusic.org/powersupply/music/discount-[lsdj]	gameboy,lsdj
https://chipmusic.org/Robin/music/callirrhoe	17edo,17tet,chipmusic,chiptune,experimental,lsdj,microtonal,robin andrews,xenharmonic united kingdom
https://chipmusic.org/bleakprospects/music/awful-apes	flstudio,n64,samples,snes
https://chipmusic.org/d0us/music/factory	atari st,musicmon
https://chipmusic.org/boaconstructor/music/whatitlooklike	chiptune,gameboy,lsdj
https://chipmusic.org/DBOYD/music/mortys-lo-fi-winter-vacation	chipmusic,chiptune,deflemask,game,gear,master system,psg,sega
https://chipmusic.org/garvalf/music/mre-hiver	8bit,c64,metal,sid 6581
https://chipmusic.org/Deko/music/groovay	chiptune,gameboy,lsdj
https://chipmusic.org/mr.spastic/music/pushgroove	c64,chiptune,gameboy,nes
https://chipmusic.org/Jakim/music/intrigue	bossa nova,elevator,fasttracker,modplug
https://chipmusic.org/Solarbear/music/itchy-trigger-warning-finger	chiptune,dubstep,flamenco,gameboy,lsdj,mexican,spanish,trap
https://chipmusic.org/combovercat/music/mystic-gbatune	chiptune,game boy,gameboy,gameboy advance,game boy advance,gba,pokemon
https://chipmusic.org/cyancoloneels/music/without-any-fuss-the-stars-went-out	chiptune,famitracker,space
https://chipmusic.org/mibri/music/back-to-brinstar	chiptune,fakebit,metroid,nintendo,snes,super metroid
https://chipmusic.org/combovercat/music/the-arcade-downstairs	chiptune,gameboy,lsdj
https://chipmusic.org/my.Explosion/music/mainframe	chiptune,fakebit,gameboy,lsdj
https://chipmusic.org/onewhitenoise/music/feels-at-the-end	beats,famicom,famitracker,feels,feet,future,square,trap
https://chipmusic.org/chunter/music/slowly-joining---the-reason-you-cry---you-make-the-sound-i-cant-ignore---to-let-me-know-that-youre-alive--	ballad,chiptune,deflemask,epic,impulse tracker,renoise,sid,synthpop,utau,vocaloid
https://chipmusic.org/YukiKakushi/music/its-okay-to-cry	chiptune,gameboy,lsdj
https://chipmusic.org/SgtCrispy/music/greylands-combined-ost	beepola beeper fuzz 1bit
https://chipmusic.org/combovercat/music/glitchus-paranoia	chipmusic,chiptune,clearboy,dmg,gameboy,game boy,glitch,lsdj
https://chipmusic.org/combovercat/music/oops!-my-save-file-is-corrupted	game boy,gameboy,game boy advance,gameboy advance,gba,glitch,pokemon,pokemon emerald,pokemon ruby,pokemon sapphire
https://chipmusic.org/combovercat/music/dinosaur-land	16bit,chipmusic,chiptune,snes,super mario world,super nintendo
https://chipmusic.org/combovercat/music/tropical-snes	chiptune,snes,super mario world,super nintendo
https://chipmusic.org/PutTheHurttOn/music/you-make-my-heart-sing	cheery,chiptune,cute,fakebit,happy,love,modplug tracker,openmpt,original
https://chipmusic.org/PutTheHurttOn/music/return-from-the-dark	cave,chiptune,creepy,fakebit,modplug tracker,openmpt,original
https://chipmusic.org/PutTheHurttOn/music/the-faster-the-treadmill-i-fight-dragons-cover	chiptune,cover,fakebit,modplug tracker,openmpt,putthehurtton,rpgo
https://chipmusic.org/One+For/music/ival-rival	dmg,gameboy,lsdj,microtones,onefor
https://chipmusic.org/xX+8+BIT+CHAMPION+Xx/music/meditation-on-identity	avantgarde,introspective,lsdj,noise
https://chipmusic.org/C-Lee-O/music/light-vrc6	famitracker chiptune,nes popsong guitar smooth
https://chipmusic.org/ADE-Syndicate/music/hes-a-mellow-fellow-ym2612-sega-genesis-chiptune-by-alex-e	16 bit,chiptune,deflemask,genesis,sega,synthesis,ym2612
https://chipmusic.org/Sonus+Silver/music/physical-form-dont-mind-if-i-do!	chiptune,custom samples,dance,gameboy,lsdj
https://chipmusic.org/Sankirumi/music/daft-punk---digital-love-[8-bit-cover]	8bits,chiptune,cover,daft,music,punk,sankirumi,tags,visit my channel on youtube
https://chipmusic.org/MilLs+Dj/music/mills-dj---i-wanna-be-famous--total-drama-intro	be famous,drama,famous,i wanna,mills dj,tda,tdas,tdi,tdri,tdwt,total
https://chipmusic.org/Sankirumi/music/my-chemical-romance---welcome-to-the-black-parade-[8-bit-cover]	8bits,chemical,chiptune,cover,music,romance,sankirumi
https://chipmusic.org/Sankirumi/music/skrillex---scary-monsters-and-nice-sprites-[8bit-cover]	8bits,chiptune,cover,music,sankirumi,skrillex
https://chipmusic.org/Sankirumi/music/aqua---roses-are-red-[8-bit-cover]	8bits,aqua,are,music,red,roses,sankirumi
https://chipmusic.org/Teknosis/music/undertaleidk-why	chiptune,lsdj
https://chipmusic.org/olivil/music/acidjazzed-evening	amiga,gameboy,lsdj,tempest
https://chipmusic.org/Laffe+the+Fox/music/robot-orgy-massacre-feat-laffe-the-fox---ignore-the-ghost	8bit,bitpop,bleeplove,chip,chip music,chipmusic,laffe the fox,mr unadventurous,robot orgy massacre,rom
https://chipmusic.org/Gepsjors/music/level-up!-chip-metal-nintendocore	chipmetal,chipsounds,chiptune,nes,nintendocore,plogue
https://chipmusic.org/Breezesquad_/music/push-and-go-version-2016	bitpop,fakebit
https://chipmusic.org/Arcane+Toaster/music/portcity-lsdj	chiptune,gameboy,lsdj
https://chipmusic.org/garvalf/music/joy-in-sadness	8bit,sinclair,spectrum
https://chipmusic.org/veenomn/music/triphi	chiptune,fakebit
https://chipmusic.org/spiritwaffle/music/love-and-peace	chiptune,fakebit
https://chipmusic.org/lamsorz/music/bear!-vrc6	chiptune,nes,russia,vrc6
https://chipmusic.org/veenomn/music/ingrained	chiptune,fakebit
https://chipmusic.org/veenomn/music/glitch	fakebit
https://chipmusic.org/veenomn/music/yo	chiptune,fakebit
https://chipmusic.org/veenomn/music/pixtic	chiptune,fakebit
https://chipmusic.org/veenomn/music/mario-teaches-typing	chiptune,fakebit,nes
https://chipmusic.org/veenomn/music/hunts-ketchup-2020	chiptune,fakebit
https://chipmusic.org/veenomn/music/chip-dip	chiptune,fakebit chipstep
https://chipmusic.org/ecce+homo/music/dont-wait-for-love	chiptune,milkytracker
https://chipmusic.org/Jredd/music/shimmer-sega-genesis	2016,jredd,megadrive,sega genesis,trevin hughes,vgmm
https://chipmusic.org/SOUSYS/music/c01	chiptune,fakebit
https://chipmusic.org/Jakim/music/choiceless	classic,fasttracker,tracker
https://chipmusic.org/0b111/music/the-woodland-lonesome-patrol-lsdj	chiptune,gameboy,lsdj
https://chipmusic.org/Impulses/music/mirror	chiptune,nes
https://chipmusic.org/Justbeenwarpzoned/music/y-im-sid	amiga,c64,chiptune,fakebit,sid,wise blood
https://chipmusic.org/Panda+Chan/music/back-and-fourth	bass,dub,gameboy,lsdj
https://chipmusic.org/Breogan+Hackett/music/coffee-4-ever!	chaotic,chiptune,famitracker,nes
https://chipmusic.org/Breogan+Hackett/music/vortex-6	famitracker,nes,vrc6
https://chipmusic.org/Robin/music/gbay	arabic,bayati,chiptune,microtonal,nanoloop
https://chipmusic.org/MisterTriac/music/i-dream-of-melodies-[nanoloop-2-on-gbananoloop-1-on-dmg]	gameboy,nanoloop,triac
https://chipmusic.org/BitKnight/music/tanoshii	anime,chiptune,fakebit
https://chipmusic.org/veenomn/music/hunts-ketchup-3030	chiptune,fakebit,nes
https://chipmusic.org/cyberic/music/the-other-days---space-odd-et	bowie,cover,cover,gameboy,live,oddity,space
https://chipmusic.org/Adzetko/music/light-dpndnc	chiptune,gameboy,lsdj
https://chipmusic.org/ryba/music/rybakorgvolcapolyrhythm2	
https://chipmusic.org/ryba/music/rybakorgvolcapolyrhythm1	
https://chipmusic.org/AtariTufty/music/space-beeps-part-1	1bit,1bit,beeper,beepola,chiptune,lofi,qchan,synth,zx beeper,zx spectrum
https://chipmusic.org/MilLs+Dj/music/mills-dj---wishful-thinking	about her,hope,mills dj,star,think,thinking,wish,wishful
https://chipmusic.org/garvalf/music/bourrasques	1bit,1bit,chiptune,sinclair,spectrum,zx 48
https://chipmusic.org/ForaBrokenEarth/music/leave-a-trace-[chvrches-lsdj-cover]	lsdj gameboy chvrches pop synth
https://chipmusic.org/Boy+Without+Batteries/music/teenage	chiptune,gameboy,lsdj
https://chipmusic.org/Arcane+Toaster/music/whatever-lsdj	chiptune,house,lsdj
https://chipmusic.org/Arcane+Toaster/music/atoms-lsdj	chiptune,lsdj
https://chipmusic.org/C-Lee-O/music/the-impossible-path---2a03fds	8 bit,chiptune,loop,nes,video game music
https://chipmusic.org/Geech/music/power-bank-megatron	fakebit
https://chipmusic.org/boaconstructor/music/smfhstfugtfo	chiptune,gameboy,lsdj
https://chipmusic.org/Robin/music/robot-wasteland	bret truchan,cellsds,minimalist,nintendo
https://chipmusic.org/Impulses/music/hrtbrk	chiptune,depression
https://chipmusic.org/NoyemiK/music/the-accountant-pc-98	chiptune,pc98,ym2608
https://chipmusic.org/Impulses/music/guilt	chiptune,fakebit
https://chipmusic.org/Robin/music/bak2lyf	chiptune,korg m01,nintendods
https://chipmusic.org/C-Lee-O/music/rrrrrunnnn-and-guuunn-!--[2a03-vgm]	2a03,chiptune,konami,nes
https://chipmusic.org/havocCc/music/daylight	chiptune,famitracker,havoccc,nes
https://chipmusic.org/MilLs+Dj/music/mills-dj---lost-in-the-past	creepy,death,happy,in the past,lost,mills dj,mysterious,smiles
https://chipmusic.org/BloodCode/music/phazon-feat-kiyomi	amiga,c64,chiptune,fakebit,gameboy,lsdj
https://chipmusic.org/yazi/music/kool--kid--y2kmptres	8bit,420,abstract,fakebit,gay,happy hardcore,hardcore,hype,millennium,noise,noizemaker,saw,sine,trap,wave
https://chipmusic.org/yazi/music/diemondmptres	420,abstract,beat,blaze,fakebit,flip,hardcore,hip hop,instrumental,pot,rap,square,trance,trap,vaporizer,waves
https://chipmusic.org/Arc-Demon/music/in-the-hall-of-the-mountain-king	2a03 edvard,grieg,nes
https://chipmusic.org/Justbeenwarpzoned/music/alone-in-the-snow---imaginary-and-wise-blood	amiga,c64,chiptune,hivelytracker
https://chipmusic.org/8-BITchintendo/music/8-bitchintendo--nanaiora---girls-in-the-21st-century-[vocaloid-original-song]	chiptune,nes
https://chipmusic.org/kandi+hippie/music/kandi-hippie---brand-new-day	
https://chipmusic.org/Dairko/music/dont-let-me-go	chiptune plogue logic
https://chipmusic.org/YukiKakushi/music/run--home-free	chiptune,gameboy,lsdj
https://chipmusic.org/Laffe+the+Fox/music/laffe-the-fox---santas-new-tech-beard	8bit,bitpop,chip,chipmusic,chip music,laffe the fox,merry chipmas,merry chipmas 2015
https://chipmusic.org/Tribade/music/baron-dub	dub,dubstep,gameboy,lsdj
https://chipmusic.org/Klamm/music/atmosphere	atmosphere,klamm,music,synth
https://chipmusic.org/moviemovies1/music/[2a03]-preparations	botb,famicom,nes
https://chipmusic.org/Monotony/music/routine-chaotic	chiptune,gameboy,lsdj
https://chipmusic.org/Jakim/music/fading-out	chiptune,classical,fasttracker,ft2
https://chipmusic.org/Little+Jester/music/mr-nord	awesome,c64,chiptune,nordlead2x,sid
https://chipmusic.org/Tekmann/music/tekmann--contact-pure-lsdj-dmg-production-dancy-stuff!	chiptune,lsdj
https://chipmusic.org/VCMG/music/lumine	impulse tracker,modplug
https://chipmusic.org/garvalf/music/by-the-shore	adlib,chiptune,fm synth,opl3,ymf262
https://chipmusic.org/Klamm/music/call-my-name	call my name,klamm,music
https://chipmusic.org/BUS+Blanchie/music/little-swing-dj-[wip]	chiptune,lsdj
https://chipmusic.org/4mat/music/out-of-memory	amiga,c64,chiptune,fakebit,gameboy,lsdj,nanoloop,nes
https://chipmusic.org/Ro-Bear/music/responsibilites-demo	chiptune,drums,emo,gameboy,guitar,lsdj,rock,vocals
https://chipmusic.org/Tybre/music/santana---europa-cover	chiptune,cover,guitar solo,lots of notes,santana
https://chipmusic.org/Adzetko/music/modded-hex-prmnt-00	experiment,first music,first song,gameboy,lsdj,prosound,synth
https://chipmusic.org/Tekmann/music/tekmann---jump-on!-pure-lsdj-dmg-production	chiptune,lsdj
https://chipmusic.org/amburgerzorro/music/3-years	
https://chipmusic.org/tlgchiptunes/music/yeah-maybe-i-guess	ableton,fakebit
https://chipmusic.org/MC+Jimmy/music/shoal-swing	8bit,amiga,chiptune,milkytracker,original,platform game,tracker
https://chipmusic.org/YukiKakushi/music/mymixer	chiptune,gameboy,lsdj
https://chipmusic.org/Brink/music/amstrad-hard-bass-amstrad-cpc	amstrad cpc,arkos tracker
https://chipmusic.org/bitpusher2600/music/fish-fingers--custard	gameboy,lsdj
https://chipmusic.org/Klamm/music/regenerate	fakebit,klamm,music,regenerate
https://chipmusic.org/Hide+Your+Tigers/music/dr-danger-lsdj	chiptune,gameboy,hide your tigers,las vegas,lsdj
https://chipmusic.org/DropMontage/music/rektum-v11	chiptune,gameboy,lsdj
https://chipmusic.org/MilLs+Dj/music/mills-dj---dunder-chippin-the-office-main-theme	mills dj,office,steve,the office
https://chipmusic.org/Squid224/music/nostalgia	chiptune,fakebit
https://chipmusic.org/marcb0t/music/tarzan-boy-sms-version	baltimora,deflemask,disco italo,gamegear,marcb0t,sega psg,sms,sn76489,tarzan boy
https://chipmusic.org/kandi+hippie/music/kandi-hippie---v1de0-g4m35	chiptune,fakebit,nanoloop
https://chipmusic.org/Feryl/music/repetition	chiptune,famitracker,feryl,modplug
https://chipmusic.org/atomsmasha/music/kavinsky---1986-[chiptune-8-bit]	8bit,atomsmasha,bass,chiptune,electroclash,gameboy,house,kavinsky,lsdj,synthwave
https://chipmusic.org/d0us/music/simkit	atari st musicmon,chiptune 2 step swing
https://chipmusic.org/Geech/music/rubberduck	ds10,fakebit,korg,lofi,nintendo
https://chipmusic.org/IceWolf/music/distorted-relaxation	nanoloop
https://chipmusic.org/Klamm/music/outrun	
https://chipmusic.org/BleepLove/music/vrumzsssr---muline	lsdj
https://chipmusic.org/DEgITx/music/far-away	c64,metal,rock,sid metal
https://chipmusic.org/DEgITx/music/lifebreak	8bit,metal,nes,rock
https://chipmusic.org/bitpusher2600/music/ultrabassd	chiptune,lsdj
https://chipmusic.org/kuro/music/bionic-action-famitracker-mmc5-version	amiga,famitracker,huelsbeck,mmc5,nes,snes,super,turrican
https://chipmusic.org/kuro/music/teknojihad-x-kaliber-2097-level-2-theme	90s,1990s,chiptune,edm,famicom,famitracker,n163,nes,psykosonik,remake,remix,techno,teknojihad,xkaliber
https://chipmusic.org/kuro/music/metal-mans-revenge-mega-man-2-intro-theme-rework	chiptune,cover,famicom,famitracker,metal,metalcore,n106,n163,nes,remake,remix,rework
https://chipmusic.org/mew/music/funky-that-theme	funk,korg ds10
https://chipmusic.org/YukiKakushi/music/mygameboy	chiptune,gameboy,lsdj
https://chipmusic.org/The+Jazz+Surgeon/music/fresh-invader	drumznbazz,funk,gameboy,lsdj
https://chipmusic.org/Angel+Magic/music/a-great-apology	chiptune,gameboy,nanoloop,vocals
https://chipmusic.org/Justbeenwarpzoned/music/veni-vidi-vici	amiga,c64,chiptune,hivelytracker,hvl
https://chipmusic.org/nanode/music/sakura	chiptune,nes
https://chipmusic.org/kandi+hippie/music/kandi-hippie---a-hipst3r-with-n-iphone	chiptune,fakebit,nanoloop
https://chipmusic.org/rana/music/nes_upperwest	chiptune nes famicom
https://chipmusic.org/Klamm/music/phoenix	chipmusic,fakebit,klamm,music,phoenix
https://chipmusic.org/MC+Jimmy/music/fresh-air	8bit,amiga,chiptune,milkytracker,original,platform game,tracker
https://chipmusic.org/Brink/music/bestis-general-midi	general midi,midi,weeds gm3
https://chipmusic.org/Justbeenwarpzoned/music/if-i-was-an-apple-tree	c64,chipsounds,chiptune,fakebit,fl studio
https://chipmusic.org/81ttr45hr10t/music/ibeati-electronic-body-remix	ds10,ebm
https://chipmusic.org/VirtualHawaii/music/fountains	chiptune,gameboy,lsdj
https://chipmusic.org/sandneil/music/more-lurcher-test	fakebit
https://chipmusic.org/tenshun/music/99-slayings	chiptune,gameboy,lsdj,nintendo,tenshun
https://chipmusic.org/Quavosh/music/pixel-jumper---tropical-theme-1	chiptune,megaman,nes
https://chipmusic.org/Justbeenwarpzoned/music/blue-trees-green-water	amiga,c64,chiptune,demoscene,fl studio,hivelytracker
https://chipmusic.org/MilLs+Dj/music/mills-dj---theres-no-end	90s,end,mills dj,no end,pop punk,punk,rock,theres,theres
https://chipmusic.org/mibri/music/long-shore-zone-3	chiptune,fakebit,genesis,mega drive,sega
https://chipmusic.org/bun_muffins/music/blang	chiptune,lsdj
https://chipmusic.org/sandneil/music/lurcher-test	fakebit
https://chipmusic.org/Sanczo+Zapiekanka/music/dance-flour-dance-rough-recording	gameboy,nanoloop
https://chipmusic.org/Klamm/music/broken-machine	broken,chipmusic,klamm,machine,music
https://chipmusic.org/DropMontage/music/table-time	chiptune,lsdj
https://chipmusic.org/Geech/music/7-eleven	cheap,fakebit,kaoss,korg,lofi,nes,portable,rhythm
https://chipmusic.org/Hide+Your+Tigers/music/decaying-tigers---spooky	chiptune,de la decay,gameboy,hide your tigers,las vegas,lsdj
https://chipmusic.org/ioerror/music/icarus	gameboy,lsdj
https://chipmusic.org/MotionRide/music/99-lives-left	chiptune,fakebit,gameboy,lsdj,motionride
https://chipmusic.org/Lamer+Pinky/music/way-to-unity	gemba boys,vortex tracker,zx spectrum
https://chipmusic.org/Klamm/music/icebreaker	chipmusic,icebreaker,klamm,music,prisma
https://chipmusic.org/Cangrejo/music/wintermvte---chema64-crabsoundrmx	chiptune,crabsound,gameboy,lsdj,mexico,remix
https://chipmusic.org/Imaginary/music/watermelon-lipgloss	chiptune,gameboy,lsdj
https://chipmusic.org/DropMontage/music/birthday-spooks	chiptune,gameboy,lsdj
https://chipmusic.org/Axel-havoc/music/grandstander-goodbye	bye,dance,good,goodbye,grand,grandstander,noise,pop,stand
https://chipmusic.org/BUS+Blanchie/music/manta-ray-[early-wip]	chiptune,fakebit,watertune
https://chipmusic.org/arronax/music/go!	chiptune,nes
https://chipmusic.org/smooth+alligator/music/darudy-sandstrom	
https://chipmusic.org/powersupply/music/[lsdj]-super-flying-ice-cream-truck-2-even-truckier	chiptune,gameboy,lsdj
https://chipmusic.org/lamsorz/music/mountain-dewmsday-zone	chiptune,nes
https://chipmusic.org/lamsorz/music/moonbeam	chiptune,fakebit
https://chipmusic.org/lamsorz/music/bluemoon	chiptune,nes
https://chipmusic.org/Sanczo+Zapiekanka/music/long-circuit-rough-recording	gameboy,nanoloop
https://chipmusic.org/cheapshot/music/giddy	nanoloop,po12
https://chipmusic.org/daandruff/music/roadblock	chiptune,gameboy,lsdj
https://chipmusic.org/Sudstep/music/school-live!-gakkou-gurashi-op-lsdj-cover	anime,chiptune,cover,lsdj
https://chipmusic.org/smooth+alligator/music/in-the-lab	chiptune,game boy,lsdj,smooth alligator
https://chipmusic.org/The+Jazz+Surgeon/music/funk-jungle	casio,chiptune
https://chipmusic.org/Klamm/music/heroquest	heroquest,klamm,music
https://chipmusic.org/sandneil/music/songlord2-6fm	adlib,dos,opl,opl2,opl3
https://chipmusic.org/Zack+Marsa/music/train-wreckin	8bit,chiptune,nes,nintendo,procjam2015
https://chipmusic.org/Breezesquad_/music/der-kompass	bitpop,fakebit
https://chipmusic.org/Gepsjors/music/nessy	chipmaestro,chiptune,hybrid chip,nes,ploque
https://chipmusic.org/BeatScribe/music/mtrd---surface-area	chiptune,famitracker,nes
https://chipmusic.org/nanode/music/pulsar	chiptune,gameboy,nanoloop
https://chipmusic.org/NoyzBotChip/music/choking-on-the-void-concept-wip	chiptune,gba,nanoloop,sampler
https://chipmusic.org/DJ+Salinger/music/chiphop-speak	chiphop
https://chipmusic.org/Dire+Hit/music/dx7-test	cyberpunk
https://chipmusic.org/Insomniakc/music/buckminsterfullerene-radiation-city-cover	snes 16bit pop
https://chipmusic.org/Sanczo+Zapiekanka/music/mirror-mirror-on-the-floor-rough-recording	gameboy,nanoloop
https://chipmusic.org/jerkemy/music/escape-to-rigel-alpha-iv-cover	chipmusic,chip rock,chiptune,game boy,guitar,jumpdrive studios,lsdj,portland
https://chipmusic.org/aaroneow/music/painted_skys_	chiptune,lsdj
https://chipmusic.org/pselodux/music/game-boy-phase-interpretation-of-piano-phase-by-steve-reich	gameboy,minimalist,nanoloop
https://chipmusic.org/pselodux/music/tnk	gameboy,industrial,minimalist,nanoloop
https://chipmusic.org/Protoflight/music/ignite	8bit,chiptune,electro,gameboy,hype,lsdj,trance,vgm
https://chipmusic.org/MilLs+Dj/music/mills-dj---friend-groups	friend,friend groups,friends,groups,millsdj,mills dj
https://chipmusic.org/BitKnight/music/final-dungeon	
https://chipmusic.org/Dire+Hit/music/oh-great-now-i-gotta-be-responsible-for-this-waterbottle	gameboy,lsdj
https://chipmusic.org/nILS/music/run!	gameboy,lsdj
https://chipmusic.org/b4by+f4c3/music/vileplume	b4by f4c3,broketune,chiptune,darkchip,dmg,lsdj
https://chipmusic.org/Kommisar/music/mint-tango	chiptune,gameboy,hngggg,insaneous chiptune solo,lsdj,moncton
https://chipmusic.org/Medusa+Integra/music/theyve-got-uber-tf2-main-theme-cover	8bit,chiptune,soundtrack
https://chipmusic.org/Byzanite/music/galantis---runaway-byzanite-remix	chipmusic
https://chipmusic.org/Medusa+Integra/music/make-your-score	8bit,chiptune,soundtrack
https://chipmusic.org/Medusa+Integra/music/eight-hundred-is-not-a-limit	8bit,chiptune,soundtrack
https://chipmusic.org/Medusa+Integra/music/measure	8bit,chiptune,soundtrack
https://chipmusic.org/Medusa+Integra/music/promise	8bit,chiptune,soundtrack
https://chipmusic.org/marco1809/music/the-princess	8bit,chiptune,deflemask,gameboy
https://chipmusic.org/Sudstep/music/star-power	hardcore techno,lsdj,powerstomp
https://chipmusic.org/BUS+Blanchie/music/together	chiptune,fakebit,gameboy,lsdj
https://chipmusic.org/Laffe+the+Fox/music/anti-flag---turncoat-laffe-the-foxs-happy-ama-remix	8bit,antiflag,bitpop,chip,chip music,chipmusic,cover,fat wreck chords,laffe the fox,punk,remix,turncoat
https://chipmusic.org/Klamm/music/glow	chipmusic,glow,klamm,music
https://chipmusic.org/Fat+Bob/music/fat-bob---exoshred	amiga,chiptune,gameboy,lsdj,nes,videogame
https://chipmusic.org/DBOYD/music/elevate-me-sooner-dw--cover	chiptune,cover,gameboy,lsdj
https://chipmusic.org/spacecosmo/music/come-to-me	chiptune,gameboy,lsdj
https://chipmusic.org/jerkemy/music/test	chipmusic,chip rock,chiptune,game boy,guitar,hardware,lsdj
https://chipmusic.org/m%C3%A6kshift/music/press-start	amiga,c64,chiptune,fakebit,gameboy,lsdj,nanoloop,nes
https://chipmusic.org/m%C3%A6kshift/music/metanoia	amiga,c64,chiptune,fakebit,gameboy,lsdj,nanoloop,nes
https://chipmusic.org/m%C3%A6kshift/music/oh-boy!	amiga,c64,chiptune,fakebit,gameboy,lsdj,nanoloop,nes
https://chipmusic.org/BUS+Blanchie/music/interlude-time-travelling-around	chiptune,fakebit,space
https://chipmusic.org/AtariTufty/music/pfm	1bit,beeper,beepola,chiptune,lofi,qchan,synth,zx spectrum
https://chipmusic.org/BUS+Blanchie/music/waking-up-like-every-single-day	chiptune,fakebit,rad
https://chipmusic.org/rana/music/pm11	chiptune,famicom,nes
https://chipmusic.org/Justbeenwarpzoned/music/the-bastille-of-the-socially-awkward-teenager	amiga,c64,fl studio,flstudio,hivelytracker,hively tracker,justbeenwarpzoned,logan leach
https://chipmusic.org/jerkemy/music/substrate-independence	chipmusic,chiptune,guitar,lsdj
https://chipmusic.org/LLTH/music/hlv-mind	lsdj
https://chipmusic.org/jerkemy/music/less-pythagoras-more-prometheus	chiptune,guitar,lsdj
https://chipmusic.org/BUS+Blanchie/music/i-think-im-into-hiccups	chiptune,fakebit,nanoloop,nes
https://chipmusic.org/garvalf/music/tentations	sinclair,spectrum,vortex tracker
https://chipmusic.org/Byzanite/music/beaten	dubstep,lsdj,non purism,nonpurism
https://chipmusic.org/chunter/music/we-make-the-future-daisy-bell-version	alterego,c64,renoise,sid
https://chipmusic.org/.keanu./music/sleepin	amiga,c64,chiptune,fakebit,gameboy,lsdj,nanoloop,nes
https://chipmusic.org/BUS+Blanchie/music/syntax_error	chiptune,nes
https://chipmusic.org/BUS+Blanchie/music/awakening-in-happiness-field	chiptune,nanoloop,nes
https://chipmusic.org/Klamm/music/digital-you	chipmusic,digital you,fakebit,klamm,music
https://chipmusic.org/IISSAD/music/baby---a-moment-of-silence-please---pacman	chiptune,fakebit,gameboy,lsdj
https://chipmusic.org/IISSAD/music/andsadisi	chiptune,fakebit,gameboy,lsdj
https://chipmusic.org/IISSAD/music/lab-rat	chiptune,fakebit,gameboy,lsdj
https://chipmusic.org/IISSAD/music/iissad	chiptune,fakebit,gameboy,lsdj
https://chipmusic.org/kandi+hippie/music/kandi-hippie---r0bot-danc3-party	chiptune,fakebit,gameboy
https://chipmusic.org/PSS-270/music/plastic-humans-yamaha-pss-51	8bit,8bit,casiocore,casiocore,electronica,lofi,lowtek,micromusic,pss51,pss51,pss270,pss270,yamaha
https://chipmusic.org/kandi+hippie/music/kandi-hippie---8-bit-c0ma	chiptune,fakebit,lsdj,nes
https://chipmusic.org/Proteus/music/chip-on-modest-mouse---float-on-cover	alternative,cover,float on,modest mouse,remix,rock
https://chipmusic.org/Jakim/music/wild-ride	famitracker,nes,riverwash
https://chipmusic.org/Gameputer_Bryan3/music/magiska-stjrna	chiptune,keygen,samples
https://chipmusic.org/Kartritarn/music/slutet-p-skogen-end-of-the-forest	gameboy,lsdj
https://chipmusic.org/jiar/music/just-turn-me-on	chiptune,gameboy,lsdj
https://chipmusic.org/pselodux/music/quarp-sec-b-tk2	ambient,idm,nanoloop
https://chipmusic.org/BUS+Blanchie/music/bright-stars	chiptune,space,spacetunes
https://chipmusic.org/mr.spastic/music/s	breaks,c64,chiptune,gameboy,jungle,nes
https://chipmusic.org/MilLs+Dj/music/mills-dj---from-in-the-house	from,horror,house,in the house,mills dj,spooky
https://chipmusic.org/UBaldur/music/earth-wind-and-fire---september-ubaldur-remix	chiptune,earth wind and fire,fakebit,ubaldur
https://chipmusic.org/BHRG/music/i-live-in-a-public-static-void	chiptune,famitracker
https://chipmusic.org/kandi+hippie/music/kandi-hippie---sound-of-my-mind	
https://chipmusic.org/Cangrejo/music/fairy-fountain---zeldaocarinaoftime-cover	
https://chipmusic.org/Den+glada+paraden/music/lovely-funny-birthday	c64,chiptune,gameboy,nes
https://chipmusic.org/Octopus-Pancake/music/sanctified-dreams	chiptune
https://chipmusic.org/Den+glada+paraden/music/retro-boy	chiptune,gameboy,nes
https://chipmusic.org/.MGLR/music/moonflakes	chiptune,famitracker,jazz,nes,rhodes
https://chipmusic.org/kandi+hippie/music/kandi-hippie---dial-up-glitchtune	chiptune,fakebit,gameboy
https://chipmusic.org/mibri/music/cinder-city-title-screen	chiptune,fakebit,genesis,mega drive,sega
https://chipmusic.org/Jakim/music/bonnie--clyde-feat-corny	chiptune,eclectronic,experimental,glitchhop,tracker,vocal
https://chipmusic.org/nanode/music/reaver	chiptune,gameboy,lsdj
https://chipmusic.org/pocketfox/music/saltwater	bendy straws,bitpunk,bummer,lofi,lsdj,strawberry lemonade,surf
https://chipmusic.org/Sudstep/music/chipsys	chiptune,fakebit,happy hardcore,techno
https://chipmusic.org/Laffe+the+Fox/music/laffe-the-fox---the-hero-resigns	8bit,bitpop,bleeplove,chip,chip music,chipmusic,laffe the fox,red eyes and gray skies
https://chipmusic.org/tenshun/music/dead-end-job	chiptune,dmg,gameboy,lsdj
https://chipmusic.org/CHROMEGOLD/music/tetrivox-1	ftf,gameboy,hiphop,lsdj,rap,tetris,vocals
https://chipmusic.org/powersupply/music/lunar-cheese-mine-[lsdj]	chiptune,gameboy,lsdj
https://chipmusic.org/jiar/music/rebecca-black---friday-cover	chiptune,gameboy,lsdj
https://chipmusic.org/Noiseclone/music/noiseclone---capsules	chiptune,dance,edm,gameboy,lsdj
https://chipmusic.org/Laffe+the+Fox/music/laffe-the-fox---dancing-to-bullets-alternate-version	8bit,bitpop,bleeplove,chip,chip music,chipmusic,laffe the fox,red eyes and gray skies
https://chipmusic.org/Strawzzboy64/music/gentle-spirit	chiptune,gameboy,gxscc,nes
https://chipmusic.org/HimsyPimsy/music/dancing-tired	
https://chipmusic.org/evilrustyrobot/music/-	chiptune,lsdj
https://chipmusic.org/VCMG/music/gotanda-lights	
https://chipmusic.org/4mat/music/0xanniversary	techno,techno,techno,techno
https://chipmusic.org/tlgchiptunes/music/warp-pipe-rush	fakebit
https://chipmusic.org/Brink/music/spitfire-n163	famicom,famitracker,n163,namco,nes,vgm
https://chipmusic.org/ADE-Syndicate/music/warios-woods---versus-mode	mario,master system,nes,nintendo,sega genesis,snes,super,toad,wario
https://chipmusic.org/ADE-Syndicate/music/warios-woods---adventure-mode	mario,nes,nintendo,samples,sega genesis,snes,super,synthesis,wario
https://chipmusic.org/CHROMEGOLD/music/midnight-cant-decide	8bit,chip hop,chiphop,chromegold,fl studio,fruity loops,ftf,ftftunes,hip hop,jerry lindgren,lsdj,punk,rap,vocals
https://chipmusic.org/jiar/music/life-is-getting-good-2k15	gameboy,lsdj
https://chipmusic.org/jiar/music/fck-you-dr-reevey	gameboy,lsdj
https://chipmusic.org/tlgchiptunes/music/metro-dreaming	ableton,chiptune,fakebit,gameboy samples,lsdj,nes samples
https://chipmusic.org/Laffe+the+Fox/music/laffe-the-fox---furry-flurry	8bit,bitpop,bleeplove,chip,chip music,chipmusic,laffe the fox,red eyes and gray skies
https://chipmusic.org/PSS-270/music/two-calculators-tango-casio-sa-47	8bit,8bit,calculators,casio,casiocore,casiocore,chiptune,lofi,lowtek,micromusic,pss270,sa47,sa47,tango
https://chipmusic.org/Justbeenwarpzoned/music/jumanji	chiptune,nes
https://chipmusic.org/Moriokun/music/tank-police	chiptune,dubstep,gameboy,lsdj,postchip
https://chipmusic.org/Sonus+Silver/music/creation-of-spring	
https://chipmusic.org/Name%3A__________/music/the-piddler	chiptune,glitch
https://chipmusic.org/HectorShand/music/bwv528	1bit,48k,beepola,bwv528,hector,qchan,shand,sinclair,speccy,spectrum,trio
https://chipmusic.org/Teknosis/music/friends-till-the-end	edm,handsup,lsdj
https://chipmusic.org/Name%3A__________/music/nigel-heman	chiptune,glitch
https://chipmusic.org/Teknosis/music/mondays	lsdj
https://chipmusic.org/Name%3A__________/music/surfaces	chiptune,glitch
https://chipmusic.org/Name%3A__________/music/cat-games	cat games
https://chipmusic.org/MotionRide/music/where-the-pixels-have-no-names-[lsdj-chiptune]	chiptune,fakebit,gameboy,game boy,lsdj,motionride,nes
https://chipmusic.org/I+Scare+Boring+People/music/my-philosophy-nihilism	chiptune,fakebit,gameboy,lsdj
https://chipmusic.org/I+Scare+Boring+People/music/error-505	chiptune,gameboy,lsdj
https://chipmusic.org/Brink/music/jumping-jack-vrc6	famicom,famitracker,nes,vrc6
https://chipmusic.org/garvalf/music/hymn-to--dabog	1bit,beeper,lofi,raw,spectrum,z80,zx 48,zx spectrum
https://chipmusic.org/Laffe+the+Fox/music/laffe-the-fox---my-friend-apples	8bit,apples,bitpop,bleeplove,chip,chipmusic,chip music,laffe the fox,red eyes and gray skies
https://chipmusic.org/Klamm/music/wildfire	chip,chipmusic,wildfire
https://chipmusic.org/powersupply/music/robot-kitty-cat-[lsdj]	chiptune,gameboy,lsdj
https://chipmusic.org/Brink/music/general-midi-funk-general-midi-!abandoned-wip!	funk,general midi,midi
https://chipmusic.org/MilLs+Dj/music/mills-dj---back-just-in-time	
https://chipmusic.org/MilLs+Dj/music/mills-dj---bent-af-no-lyrics	as fuck,bent,berries,lyrics,nigga
https://chipmusic.org/MotionRide/music/the-end	amiga,c64,chiptune,fakebit,motionride,nes
https://chipmusic.org/fluidvolt/music/faded-ink-mother-3-soundfont	earthbound,fakebit,folk,gba,jazz,mother,pop,soundfont
https://chipmusic.org/Laffe+the+Fox/music/laffe-the-fox-feat-robot-orgy-massacre---the-amazing-adventures-of-mr-unadventurous	8bit,bitpop,bleeplove,chip,chip music,chipmusic,laffe the fox,red eyes and gray skies,robot orgy massacre
https://chipmusic.org/Brink/music/you-said-forever-n163	famicom,famitracker,n163,nes,vgm
https://chipmusic.org/Daruman/music/feels-like-we-only-go-backwards-8-bit	chiptune,gameboy,lsdj
https://chipmusic.org/PSS-270/music/andrea-the-android-casio-ma-150	andrea,android,casio,casiocore,lofi,ma150,micromusic,pss270
https://chipmusic.org/Brink/music/r0x0r-n163	famicom,famitracker,n163,nes,vgm
https://chipmusic.org/forest+world/music/opal-noon-nl-23	chiptune,gameboy,nanoloop,rs2090,salt lake city,utah
https://chipmusic.org/0b111/music/king-bong!-new-album-out!	chiptune,gameboy,lsdj
https://chipmusic.org/Breogan+Hackett/music/puppyslugs-n-brushstrokes	chiptune,gameboy,lsdj
https://chipmusic.org/late90/music/eject	ableton,amiga,live,soundtracker
https://chipmusic.org/Kommisar/music/jamais-sans-toi	chiptune,gameboy,lsdj,moncton
https://chipmusic.org/powersupply/music/walk-home-[lsdj]	chiptune,gameboy,lsdj
https://chipmusic.org/ForaBrokenEarth/music/toriningen-[2015-mix]	chiprock,chiptune
https://chipmusic.org/Klamm/music/fusion	chip,chipmusic,chipmusicorg,fusion,klamm,music,synth
https://chipmusic.org/Frops/music/tuc-tuc-v01	ableton
https://chipmusic.org/boaconstructor/music/nice-steps	bass,lsdj
https://chipmusic.org/Laffe+the+Fox/music/laffe-the-fox-feat-super-robotic-encounters---sanctuary-of-silence	8bit,bitpop,bleeplove,chip,chip music,chipmusic,laffe the fox,red eyes and gray skies,super robotic encounter
https://chipmusic.org/SPASZAKI/music/sk-1-trance-casio	bloki,casio,core,granitowe,jajach,keyboard,lofi,lowtech,niczym,sampler,sk1,spaszaki,toy,twardych
https://chipmusic.org/powersupply/music/step-by-step	gameboy,lsdj
https://chipmusic.org/BFAD/music/pathways	chiptune,gameboy,lsdj,mathcore,math rock,metal,posthardcore,post rock
https://chipmusic.org/Brink/music/joe-shmoe-in-rio-roland-mt-32-remix	bossa nova,midi,roland mt32
https://chipmusic.org/Laffe+the+Fox/music/laffe-the-fox---im-just-gonna-lie-here-until-my-lifebar-is-empty	8bit,bitpop,bleeplove,chip,chip music,chipmusic,laffe the fox,red eyes and gray skies
https://chipmusic.org/Sanczo+Zapiekanka/music/27	nanoloop
https://chipmusic.org/Laffe+the+Fox/music/laffe-the-fox---the-sweden-experience	8bit,bitpop,bleeplove,chip,chip music,chipmusic,laffe the fox,red eyes and gray skies
https://chipmusic.org/Jredd/music/1-bit-shine-tritone	1 bit,beepola,jredd zx spectrum,trevin hughes,tritone
https://chipmusic.org/PleaseLoseBattle/music/hangover-apocalypse	chiptune,drunk,famitracker,nes,patchwork,pterodactyl squad
https://chipmusic.org/garvalf/music/la-dame--lombre-du-chne	4bit,8bit,chiptune,gameboy,lsdj
https://chipmusic.org/Frops/music/3-degrees-down--death	chiptune,electro,fakebit,glitch
https://chipmusic.org/BHRG/music/gravity-shmavity	chiptune,fami,famitracker
https://chipmusic.org/Super+Prism/music/incomprehensible-rhapsody	gameboy,lsdj
https://chipmusic.org/moviemovies1/music/scarlet-fantasy-opna-pc-98	mml,opna,pc9801,pmd,touhou,zun
https://chipmusic.org/Brink/music/it-is-what-it-is-1-bit	1bit,beeper,tritone,zx spectrum
https://chipmusic.org/Klamm/music/rise	chipmusicorg,fakebit,klamm,music,rise
https://chipmusic.org/Laffe+the+Fox/music/laffe-the-fox-feat-rymdkraft---extreme-krocket	8bit,bitpop,bleeplove,chip,chipmusic,chip music,laffe the fox,red eyes and gray skies,rymdkraft
https://chipmusic.org/donotrunwithpixels/music/we-are-already-situated-within-the-collapse-of-civilization---chipwin-submission	chiptune,gameboy,lsdj
https://chipmusic.org/MilLs+Dj/music/mills-dj---reunited	mills dj,reunited
https://chipmusic.org/Cangrejo/music/pox-waves---crab-sound-lsdj	chiptune,crab,crab sound,lsdj
https://chipmusic.org/Brother+Android/music/evening-primrose	2a03,guitar,nes
https://chipmusic.org/Frops/music/dangerous-as-hell	chiptune,fakebit
https://chipmusic.org/Breogan+Hackett/music/complesc	chiptune,gameboy,gba,lsdj
https://chipmusic.org/kuro/music/before-it-ends	chiptune,dance,edm,famitracker,house,n106,n163,nes,nsf,progressive,trance
https://chipmusic.org/2X4B/music/console---hopiko-soundtrack	chiptune,gameboy,lsdj
https://chipmusic.org/2X4B/music/run---hopiko-soundtrack	gameboy,lsdj
https://chipmusic.org/2X4B/music/paris---hopiko-soundtrack	gameboy,lsdj
https://chipmusic.org/Laffe+the+Fox/music/laffe-the-fox---symphony-of-apathy	8bit,bitpop,bleeplove,chip,chip music,chipmusic,laffe the fox,red eyes and gray skies
https://chipmusic.org/Jredd/music/funk-blaster-sega-genesis	2015,funk,jredd,megadrive,old school,sega genesis,trevin hughes,vgmm
https://chipmusic.org/nstory/music/i-never-wanted-to-have-fun	chiptune,gameboy,lsdj
https://chipmusic.org/Brink/music/two-years-amstrad-cpc	amstrad cpc,arkos tracker
https://chipmusic.org/PSS-270/music/electro-industrial-giant-rabbit	casio,core,keyboard,lofi,lowfi,micromusic,pss270,pss270,sa39,sa39,toy,toykeyboard
https://chipmusic.org/PutTheHurttOn/music/it-was-always-you-helen-from-candyman	chiptune,cover,fakebit,horror,nes,openmpt,soundtrack,theme
https://chipmusic.org/PutTheHurttOn/music/phantom-of-the-opera	broadway,chiptune,fakebit,musical,nes
https://chipmusic.org/stupidhumansuit/music/jakiro	amateur,beepbox,chiptune,dota,needs work,new,noob,unmastered
https://chipmusic.org/MilLs+Dj/music/mills-dj---bent-af-on-captn-crunch-berries-curtis-cartwright-remix	berries,captain crunch,crunch,crunchatize me,mills dj
https://chipmusic.org/afellowhuman/music/sunset---wanderers	chiptune,gameboy,lsdj
https://chipmusic.org/Jakim/music/night-air	bossa nova,fasttracker,modplug
https://chipmusic.org/Hide+Your+Tigers/music/variable-circuit-lsdj	gameboy,hide,las vegas,life,lsdj,path,tigers,your
https://chipmusic.org/Sudstep/music/no-guts-no-glory-lsdj-demix-defqon1-anthem-2015	lsdj hardstyle
https://chipmusic.org/SheepWithThumbs/music/monstro	chiptune,gameboy,lsdj
https://chipmusic.org/garvalf/music/rotor	1bit,1bit,chiptune,octode,sinclair,spectrum
https://chipmusic.org/Jo%C3%A3o+Pedro+Oliveira/music/home---polychromatic	chiptune synth logic
https://chipmusic.org/UFO/music/moon	milkytracker
https://chipmusic.org/Octopus-Pancake/music/mansion-of-the-vanquished-king	chiptune,nes
https://chipmusic.org/UncleBibby/music/newtolu-korg-m01d-3ds	3ds,chiptune,fakebit,korg,m01,m01d,midi,n64,nds,peter locke,petermobeter,snes,unclebibby
https://chipmusic.org/andrewhasarocketship/music/chip2	andrewhasarocketship,chip,chip2,chiptune,gameboy,lsdj
https://chipmusic.org/Mute+Hero/music/random-encounters	adventures,ambient,bitcrush,chiptune,electronic,longform,mush,postchiptune,prechiptune,sega,sodeepbro,something
https://chipmusic.org/Squid224/music/bitmountain	
https://chipmusic.org/0b111/music/medicate!	chiptune,dmg01,gameboy,lsdj
https://chipmusic.org/Brother+Android/music/spanish-dagger	2a03,island,nes
https://chipmusic.org/STereochan/music/stereochan---is-dead	berlin,chiptune,gameboy,germany,lsdj,truebit
https://chipmusic.org/circuit+83/music/fuguetta-boutit	chiptune,sunvox
https://chipmusic.org/Klamm/music/aviator	aviator,chip,chiptune,fakebit,klamm,music,synth
https://chipmusic.org/evilrustyrobot/music/-	chiptune,lsdj
https://chipmusic.org/metatronaut/music/skybound	chiptune,gameboy,nanoloop
https://chipmusic.org/Lamer+Pinky/music/last-generation	zx spectrum ay chip vortex tracker
https://chipmusic.org/umbrella+policy/music/wrong-end-of-blades	ass,butt,chiptune,gameboy,lsdj
https://chipmusic.org/umbrella+policy/music/lost-in-a-goddamn-cave	chiptune,gameboy,lsdj
https://chipmusic.org/Tronimal/music/audio-computer-system-[atari-2600-vcs]	2600,atari,hardcore,vcs
https://chipmusic.org/powersupply/music/pivot-town---430-am	chiptune,gameboy,lsdj,town
https://chipmusic.org/Gameputer_Bryan3/music/celestial-caves-famicom-soundfont---2a03	chiptune,jeroen tel,nes,samples,tim follin
https://chipmusic.org/Jellica/music/jellica---ab2	a bass,c64
https://chipmusic.org/Klamm/music/contact	chipmusic,chiptune,contact,fakebit,klamm,music
https://chipmusic.org/andrewhasarocketship/music/3	andrewhasarocketship,gameboy,lsdj
https://chipmusic.org/4mat/music/bernard	fakebit,fakebit,fakebit,fakebit,fakebit,fakebit,fakebit,fakebit,fakebit,fakebit,fakebit,fakebit,fakebit
https://chipmusic.org/UFO/music/space-hero	milkytracker
https://chipmusic.org/Richard+H.+Bright/music/march-of-the-5-fingered-beast	chopin,classical music,codemasters,music2000,playstation2
https://chipmusic.org/wedanced/music/groove-test-live-nanoloop-25	chiptune,gameboy,nanoloop
https://chipmusic.org/NoyzBotChip/music/hard-acid-wip	gameboy advance,nanoloop2
https://chipmusic.org/YERZMYEY/music/the-missing-piece-atari-8bit--recording-studio	8bit,130,600,800,atari,berlin,missing,piece,schoo,trance,yerzmyey
https://chipmusic.org/Gameputer_Bryan3/music/creepy-ice-cream-truck-a-small-tune-i-thought-of	atmosphere,echoes,fakebit,filters,sine waves
https://chipmusic.org/Nursey/music/breakneck-speed-a-cover-by-nursey	chiptune,gameboy,lsdj
https://chipmusic.org/infodrive/music/i-wish-lsdj-cover	gameboy,lsdj
https://chipmusic.org/monstersandchimerasprod/music/cyber-cyclops-original-mix	chiptune,cyber cyclops,demo,dj shivas brazil,electronic music,games forever,henrique de shivas,original mix
https://chipmusic.org/Tybre/music/reggae-tune	improvement,reggae lsdj
https://chipmusic.org/Phenomics/music/natch2-[lsdj-single-gameboy]	
https://chipmusic.org/Laffe+the+Fox/music/laffe-the-fox---tropical-drowning-tropical-coast-zone-1-from-sonic-lost-world	bitpop,chipmusic,laffe the fox,remix,sonic,sonic lost world,sotss15,sound of the sonic stadium,tropical paradise
https://chipmusic.org/TTEOAI/music/point-1	chiptune,fakebit,gxscc,upbeat
https://chipmusic.org/Sudstep/music/power-2-ya	gameboy,hardcore techno,lsdj
https://chipmusic.org/UncleBibby/music/walk-in-the-shark-nanoloop-ios	90s,chiptune,fakebit,gameboy,house,ios,ipad,iphone,ipod,midi,nanoloop,peter locke,petermober,snes,unclebibby
https://chipmusic.org/circuit+83/music/hammer-of-the-nerdz	chiptune,lsdj gameboy circuit83
https://chipmusic.org/Tybre/music/kraftwerk---die-roboter-cover-[first-track-made-completely-in-lsdj]	lsdj
https://chipmusic.org/spacecosmo/music/ddd[wip]	chiptune,dance,gameboy,hard,lsdj
https://chipmusic.org/Gameputer_Bryan3/music/islands-breeze-famicom-soundfont---namco-4-n163	chiptune,fds,namco,namco n163,nes
https://chipmusic.org/paladinshield/music/silver-gates	bass,chiprock,drums,gameboy,guitar,mgb,midines,nes,nintendo,vocals
https://chipmusic.org/paladinshield/music/misty-mystic	bass,chiprock,drums,gameboy,guitar,mgb,midines,nes,nintendo,vocals
https://chipmusic.org/paladinshield/music/goblin-city	bass,chiprock,drums,gameboy,guitar,mgb,midines,nes,ninteno,vocals
https://chipmusic.org/Imaginary/music/you-wont-remember-me	1x lsdj,chipmusic,chiptune,gameboy,lsdj
https://chipmusic.org/PutTheHurttOn/music/everything-will-be-okay	50s,chiptune,doo wop,fakebit,old school,openmpt,pop
https://chipmusic.org/Gameputer_Bryan3/music/bonus-round-arcade-soundfont---donkey-kong	1980s,arcade,chiptune,donkey kong,good ol days,soundfont
https://chipmusic.org/metatronaut/music/overkill	chiptune,gameboy,nanoloop
https://chipmusic.org/Hide+Your+Tigers/music/smeltdown-lsdj	chiptune,gameboy,hide your tigers,las vegas,lsdj
https://chipmusic.org/drexegar/music/knights-of-the-psggenesis-remix	3ds,chiptune,dsn12,fakebit,korg,sega,synthesizer
https://chipmusic.org/wedanced/music/harps-excerpt-demo	amiga,chiptune,fakebit,gameboy,nes
https://chipmusic.org/Laffe+the+Fox/music/laffe-the-fox---anthropomorphic-resort-tropical-resort-act-1-3-from-sonic-colors	bitpop,laffe the fox,remix,sonic colors,sotss,sotss15,sound of the sonic stadium,tropical paradise,tropical resort
https://chipmusic.org/commandycan/music/metro-sweep-mario-kart-8---super-bell-subway	2a03,fds,nsf
https://chipmusic.org/Klamm/music/almost-not-human	chip,chipmusic,fakebit,klamm,music,synth
https://chipmusic.org/PULSELOOPER/music/pdk-ym2612	mega drive
https://chipmusic.org/spacecosmo/music/atrophic	chiptune,dance,gameboy,lsdj,trash
https://chipmusic.org/Sudstep/music/caramelldansen-suds-lsdj-remix	gbc,happy hardcore,lsdj,techno
https://chipmusic.org/tlgchiptunes/music/debug-mode	ableton,chiptune,fakebit,gameboy,nes
https://chipmusic.org/wedanced/music/tension-nanoloop	16bit,chiptune,fakebit,footwork,nanoloop
https://chipmusic.org/Gameputer_Bryan3/music/betas-quest-synthpop---classic-arcade-samples	1980s,arcade,chiptune,fakebit,synth,synthesizer,synthpop
https://chipmusic.org/wedanced/music/fm-test	chiptune fm
https://chipmusic.org/Kartritarn/music/vilse-med-dig	gameboy,lsdj
https://chipmusic.org/powersupply/music/a-square-sunset	chiptune,gameboy,lsdj
https://chipmusic.org/UncleBibby/music/vaporwav-korg-m01d-on-3ds	3ds,16bit,chiptune,glitch,korg,m01,m01d,new aesthetic,nintendo,peter locke,petermobeter,unclebibby,vaporwave
https://chipmusic.org/Gameputer_Bryan3/music/a-cold-night-pc-engine-soundfont---nes-hybrid	chiptune,nes hybrid,pc engine,turbografx16
https://chipmusic.org/Buff_Fetus/music/dmax86	fakebit
https://chipmusic.org/Gameputer_Bryan3/music/hummer-takes-over-famitracker-chinese-bootleg-soundfont---hummer-team	chen yi,chinese bootleg,chiptune,hummer team,nes
https://chipmusic.org/vasaturo/music/maim-2013	chiptune,fakebit
https://chipmusic.org/CoLD+SToRAGE/music/gravity-crash---scarface---six-five-eight-one-remix	c64,fakebit,fauxchip,gravity crash,jaw,playstation,sid
https://chipmusic.org/garvalf/music/la-valse-du-cerisier	2a03,chiptune,nes,nsf,waltz
https://chipmusic.org/sloopygoop/music/slavonic-dance-10-dvorak-on-7-gameboys	chiptune,classical,gameboy,lsdj,orchestra
https://chipmusic.org/Gameputer_Bryan3/music/arcade-blues	arcade soundfont,chiptune,donkey kong
https://chipmusic.org/Delta+Centauri/music/a-call-from-the-cosmic-creditor	chiptune,dual gameboy,gameboy,lsdj,lsdj x2
https://chipmusic.org/Richard+H.+Bright/music/s101-hms-dreadnought	codemasters,music2000,playstation2
https://chipmusic.org/Sudstep/music/factory-reset	c64,fakebit,hardstyle
https://chipmusic.org/Richard+H.+Bright/music/robin-hood-bay	codemasters,music2000,playstation2
https://chipmusic.org/Richard+H.+Bright/music/schumacher---the-2010-comeback-remix	codemasters,music2000,ps2
https://chipmusic.org/Richard+H.+Bright/music/view-to-a-curse	codemasters,music2000,playstation2
https://chipmusic.org/Zack+Marsa/music/crazy-motor-racing	8bit,chiptune,nes,nintendo
https://chipmusic.org/Klamm/music/angels-on-earth	angels on earth,chipmusic,klamm,music
https://chipmusic.org/VCMG/music/illjoy	chiptune,gameboy,lsdj
https://chipmusic.org/nonfinite/music/infrared	chiptune,nanoloop,nonfinite,vocals,vox
https://chipmusic.org/MilLs+Dj/music/mills-dj---comin-home	coming home,comin home,home,mills dj,mills dj
https://chipmusic.org/evilrustyrobot/music/-	chiptune,lsdj
https://chipmusic.org/evilrustyrobot/music/!	chiptune,lsdj
https://chipmusic.org/garvalf/music/le-nouveau-monde	c64,chiptune,commodore 64,mos sid6581,sid
https://chipmusic.org/evilrustyrobot/music/-	chiptune,lsdj
https://chipmusic.org/Jredd/music/the-kings-chamber-feat-groovemaster303--tudd	2015,jredd,megadrive,megadrive,metal groovemaster303,sega genesis,trevin hughes,tudd,vgmm
https://chipmusic.org/DE+LA+DECAY/music/ever-change	dance,dubstep,edm,gameboy,lsdj,noise,pluse,wav
https://chipmusic.org/Monotron/music/high-score	chiptune,fakebit,fl studio,gameboy,lsdj
https://chipmusic.org/Super+Robotic+Encounters/music/intergalactic-loneliness---forever-ago	bitpop,chipmusic,fakebit
https://chipmusic.org/Calavera/music/simulation-theory	australia,calavera,chiptune,gameboy,lsdj,melbourne
https://chipmusic.org/aaroneow/music/totally-wrecked	chiptune,chrap,lsdj
https://chipmusic.org/b4by+f4c3/music/dybbuk	b4by f4c3,dybbuk,gameboy sp,gba sp,nanoloop
https://chipmusic.org/Klamm/music/vortex	chiptune,klamm,music,tune,vortex
https://chipmusic.org/Funky+Fish/music/funky-fish---im-in-love-with-yourenoise-2015	c64,chiptune,fakebit,renoise
https://chipmusic.org/Arc-Demon/music/at-the-palace	real font,realfont,synthfont
https://chipmusic.org/Calavera/music/wandering-the-sands	australia,calavera,chiptune,gameboy,lsdj,melbourne
https://chipmusic.org/BitFlourish/music/dragon-shedding-fascist	chiptune,gba,nanoloop
https://chipmusic.org/Evil+Scientist/music/chainsaw-witches	gameboy,lsdj
https://chipmusic.org/sparkyrogers/music/sound-inferno-sonic-rush-remix	
https://chipmusic.org/Boy+Without+Batteries/music/planejam-low-battery-mix	chipmusic,chiptune,dance,lsdj,remix,whatever
https://chipmusic.org/Justbeenwarpzoned/music/you-try-you-fail-wip	c64,chipsounds,chiptune,fl studio
https://chipmusic.org/0b111/music/junglewood-entity	chiptune,gameboy,lsdj
https://chipmusic.org/THECELESTIAL/music/pegasus	amiga,c64,chiptune,fakebit,gameboy,lsdj,nanoloop,nes
https://chipmusic.org/THECELESTIAL/music/castles	amiga,c64,chiptune,fakebit,gameboy,lsdj,nanoloop,nes
https://chipmusic.org/THECELESTIAL/music/ghouls	amiga,c64,chiptune,fakebit,gameboy,lsdj,nanoloop,nes
https://chipmusic.org/0b111/music/hallucinogenix	chiptune,dmg01,gameboy,lsdj
https://chipmusic.org/Brink/music/intro3-vrc6	famicom,famitracker,nes,vrc6
https://chipmusic.org/SGAK/music/was-it-all-just-a-dream	beats,bonus,chiptune,crazy,famitracker,lsdj,nes
https://chipmusic.org/deathfromabilly/music/subject-to-change	chiptune,gameboy,lsdj
https://chipmusic.org/Hide+Your+Tigers/music/system-failure-lsdj	chiptune,gameboy,hide your tigers,las vegas,lsdj,nevada
https://chipmusic.org/MISTER+BEEP/music/jazzy-morning-1-bit-jazz	1bit,1bit,48k,2048,beep,beeper,chiptune,jazz,lofi,micromusic,mister,sinclair,spectrum,timex,tritone
https://chipmusic.org/Zdrowy96/music/kalafior	
https://chipmusic.org/kubzoey/music/kok	ambient,dark,milky,techno,tracker
https://chipmusic.org/Jredd/music/cosmic-rush-rytmik-retrobits	jredd,nintendods,rytmik,trevin hughes
https://chipmusic.org/TEOMAWKI/music/generic-chip-dance	
https://chipmusic.org/Impulses/music/overflow	c64,chiptune,gameboy,nes
https://chipmusic.org/Calavera/music/swing-and-a-miss	australia,calavera,gameboy,lsdj,melbourne,reggae
https://chipmusic.org/Octopus-Pancake/music/distant-stars-let-your-light-shine-forever	amiga,c64,chiptune
https://chipmusic.org/kubzoey/music/jajs	ambient,house,milky,tracker,vibe
https://chipmusic.org/Justbeenwarpzoned/music/the-resistance	c64,chipsounds,chiptune,commodore 64,fl studio
https://chipmusic.org/0b111/music/entering-ale-country	chiptune,dmg01,gameboy,lsdj
https://chipmusic.org/Klamm/music/destroyer	chipmusic,destroyer,klamm,music
https://chipmusic.org/Erakko/music/3-cup-chicken	8bit,chiptune,chiptune music,fakebit,fakebit music,fruity loops,nes
https://chipmusic.org/Erakko/music/familiar-warmth	8bit,chiptune,chiptune music,fakebit,fakebit music,fruity loops,nes
https://chipmusic.org/Erakko/music/intercourse-you-up	8bit,chiptune,chiptune music,fakebit,fakebit music,fruity loops,nes
https://chipmusic.org/Klamm/music/androids-dream	androids dream,chipmusic,chipmusicorg,fakebit,vocal
https://chipmusic.org/garvalf/music/le-moulin-bleu	chiptune,famitracker,nes
https://chipmusic.org/powersupply/music/future-funk-city	funk,gameboy,lsdj
https://chipmusic.org/Msx/music/demolition-hadgehog	
https://chipmusic.org/Justbeenwarpzoned/music/the-gore-wip	c64,chiptune,commodore 64,fl studio
https://chipmusic.org/Msx/music/binary-elevator	
https://chipmusic.org/IceWolf/music/plane-flight	nanoloop
https://chipmusic.org/ovenrake/music/too-many-dang-beans	fakebit
https://chipmusic.org/JonnyNero/music/rozar-nam	chiptune,gameboy,lsdj
https://chipmusic.org/TEOMAWKI/music/aftermarket-audio	
https://chipmusic.org/sparkyrogers/music/flwbot	nes
https://chipmusic.org/Justbeenwarpzoned/music/pixels-in-the-wind--wip-	chiptune,milkytracker,nes
https://chipmusic.org/Justbeenwarpzoned/music/yankee-doodle-64	c64,chipsounds,chiptune,commodore 64,fl studio
https://chipmusic.org/Justbeenwarpzoned/music/meet-you-on-the-other-side	c64,chipsounds,chiptune,commodore 64,fl studio
https://chipmusic.org/0b111/music/welcome-to-mollypops-kingdom!	chiptune,dmg01,gameboy,lsdj dmg
https://chipmusic.org/PleaseLoseBattle/music/eleven-oclock	chiptune,famitracker,nes
https://chipmusic.org/Ninten+Kwon+Do/music/fighter-x---now-rock-nkd!-remix	chiptune,gameboy,lsdj
https://chipmusic.org/elekidcircus/music/wavv2	chiptune,gameboy,nanoloop
https://chipmusic.org/MISTER+BEEP/music/hornets-assault-1-bit-chiptune	1bit,1bit,48k,2048,beep,beeper,chiptune,lofi,micromusic,mister,octode,sinclair,spectrum,timex
https://chipmusic.org/Nestrogen/music/misleading-startup-chime	chiptune,nes
https://chipmusic.org/little+combat/music/w-a-n-d-e-r	lsdj,punk,sad
https://chipmusic.org/Frops/music/frops---hydraulics	chiptune,electro,fakebit,glitch
https://chipmusic.org/BeatScribe/music/deeper-lairs---metroid-fan-game-ost	
https://chipmusic.org/Mega+Flare/music/bibimbap-feat-protoflight	chiptune,gameboy,lsdj
https://chipmusic.org/Justbeenwarpzoned/music/win-the-fight-fight-the-war	c64,chipsounds,chiptune,commodore 64,fl studio
https://chipmusic.org/HurrigameBoy/music/showdown	chiptune,gameboy,lsdj
https://chipmusic.org/HurrigameBoy/music/astro	chiptune,gameboy,lsdj
https://chipmusic.org/hombretao/music/arr!	ambient,chiptune,gameboy,lsdj
https://chipmusic.org/hombretao/music/hive	ambient,chiptune,gameboy,lsdj
https://chipmusic.org/hombretao/music/nogroove	
https://chipmusic.org/hombretao/music/nube	chiptune,gameboy,lsdj
https://chipmusic.org/hombretao/music/lol	chiptune,gameboy,lsdj
https://chipmusic.org/hombretao/music/charge!	chiptune,gameboy,lsdj
https://chipmusic.org/hombretao/music/space-pig	chiptune,gameboy,lsdj
https://chipmusic.org/hombretao/music/bagpipe-on-crack	chiptune,gameboy,lsdj
https://chipmusic.org/Arc-Demon/music/anitras-dance-[vrc6]	chiptune,grieg,nes,vrc6
https://chipmusic.org/Imaginary/music/confession-day	chiptune,famitracker,nes,nintendo
https://chipmusic.org/elekidcircus/music/wavv	chiptune,gameboy,nanoloop
https://chipmusic.org/rana/music/toward-the-sky	famicom
https://chipmusic.org/TurncoaT/music/damson	chiptune,gameboy
https://chipmusic.org/Klamm/music/the-computer--	klamm,music,the computer
https://chipmusic.org/5alazar/music/i-need-to-chill	sega genesis
https://chipmusic.org/bitpusher2600/music/sexy-mfn-binary	gameboy,lsdj
https://chipmusic.org/Calavera/music/over-the-mountains-and-over-the-seas-there-is-hope	australia,calavera,chiptune,gameboy,hopeful,lsdj,melbourne
https://chipmusic.org/hardw1red/music/galactic-combat	chiptune,nes
https://chipmusic.org/drexegar/music/dsn-12-pulsewave-return-of-the-spook-loop---gb-fm-sid	c64,chiptune,dsn12,gameboy,sid,synthesizer
https://chipmusic.org/Arc-Demon/music/symphony-no-40-[sunsoft-5b]	chiptune,mozart,nes
https://chipmusic.org/AtariTufty/music/beeper-x	1bit,beeper,beepola,chiptune,qchan,synth,zx spectrum
https://chipmusic.org/my.Explosion/music/yolo-the-cat	chiptune,gameboy,lsdj
https://chipmusic.org/bitpusher2600/music/one-car-garage-for-bitpushers-jeep	gameboy,lsdj
https://chipmusic.org/Delta+Centauri/music/the-apotheosis-of-doctor-wellington	chiptune,dual gameboy,gameboy,lsdj,lsdj x2
https://chipmusic.org/garvalf/music/sharp-crystals-on-the-frozen-lake	chiptune,famitracker,nes
https://chipmusic.org/Zack+Marsa/music/wave-surfin-dude!	8bit,chiptune,nes,nintendo
https://chipmusic.org/NationalBroadcastNetwork/music/the-handsome-jimmy-valiant-institute	c64,chiptune,fakebit,garage,prowrestling
https://chipmusic.org/Justbeenwarpzoned/music/welcome-to-the-new-life-nes-v2	chiptune,nes,sunvox
https://chipmusic.org/Mrwimmer/music/traveling	n163,nes
https://chipmusic.org/Klamm/music/cruising	chipmusicorg,cruising,klamm,music
https://chipmusic.org/spiritwaffle/music/blue-grass	buegrass,chiptune,fakebit
https://chipmusic.org/Justbeenwarpzoned/music/welcome-to-the-new-life-nes	chiptune,nes,sunvox
https://chipmusic.org/Kubbi/music/cascade	
https://chipmusic.org/spiritwaffle/music/everybody-wants-to-be-8bit	caustic,chiptune,fakebit,lsdj
https://chipmusic.org/ocean+palace/music/a-song-for-sonya	milkytracker,nes
https://chipmusic.org/Sonus+Silver/music/kisses-in-the-sky	game boy,lsdj
https://chipmusic.org/egr/music/kitsch-bent-amp_dmg-demo	
https://chipmusic.org/algar/music/collect-your-horses	chiptune,gameboy,lsdj
https://chipmusic.org/hardw1red/music/nuuup	chiptune,fakebit,nes
https://chipmusic.org/BEASTMODE/music/f-all-yall	lsdj
https://chipmusic.org/Feryl/music/broken-patterns	broken patterns,chipmusic,chiptune,feryl
https://chipmusic.org/Laffe+the+Fox/music/laffe-the-fox---breaks-are-hard-to-catch	8bit,bitpop,bleeplove,bleeplove vol 5,breaks are hard to catch,chip,chip music,chipmusic,laffe the fox
https://chipmusic.org/Imaginary/music/if-we-run-fast-enough	chiptune,gameboy,lsdj
https://chipmusic.org/Klamm/music/stealth	chipmusic,klamm,music,stealth
https://chipmusic.org/Zack+Marsa/music/sir-royal	8bit,chiptune,nes,nintendo
https://chipmusic.org/bitpusher2600/music/nobody-listens-to-techno	gameboy,lsdj
https://chipmusic.org/Sonus+Silver/music/channel-surfing	amateur,first,gameboy,lsdj
https://chipmusic.org/Acid/music/shiny-weekend	chiptune korgds10 8bit
https://chipmusic.org/Volt+44/music/black-and-red	
https://chipmusic.org/BeatScribe/music/famicalm-ft-sleepytimejesse-and-jamindian	nes,nsf
https://chipmusic.org/Justbeenwarpzoned/music/chelsea-court	bitcrusher,c64,chiptune,commodore 64,commodore 64 synthesizer sessions deluxe
https://chipmusic.org/J3wel/music/tell-me-im-not-crazy	chiptune,dance,electronic,gameboy,lsdj
https://chipmusic.org/UncleBibby/music/way-of-the-canceling-fist-new-version	3ds,16bit,16bit,chiptune,gamewave,korg,m01,m01d,nintendo,snes,soundtrack
https://chipmusic.org/Justbeenwarpzoned/music/deep-space-deep-trouble	c64,chiptune,commodore 64,commodore 64 synthesizer sessions deluxe
https://chipmusic.org/Ashichan/music/interlude--thoughtful-nights	ambient,ashichan,chiptune,famitracker,peaceful
https://chipmusic.org/TEOMAWKI/music/teomawki---the-champions-run	
https://chipmusic.org/Klamm/music/crash	chip,chipmusic,crash,klamm,music
https://chipmusic.org/Sonus+Silver/music/vgmedley-i	game boy,kirby,lsdj,medley,mega man,metroid,pikachu,pokemon,pokmon,remix,remixes,samples,video game music,zelda
https://chipmusic.org/kamsonowicz/music/noizzica---cyber-ride-[cover]	amiga,chiptune,demoscene,extension,jester,pygmy projects
https://chipmusic.org/M36ABIT3/music/professor-fool	chiptune,gameboy,hip hop,lsdj
https://chipmusic.org/Zack+Marsa/music/jet-fire	8bit,chiptune,nes,nintendo
https://chipmusic.org/Laffe+the+Fox/music/laffe-the-fox---hopes-down-low	8bit,bitpop,chip,chipmusic,chip music,chipmusic heroes,hopes down low,laffe the fox
https://chipmusic.org/Jredd/music/static-dash-zone	2015,jredd,megadrive,megadrive,metal old school,sega genesis,trevin hughes,vgmm
https://chipmusic.org/monstersandchimerasprod/music/monsters--chimeras-productions---plastic-man-original-version	chiptune,dj shivas brazil,gamesforever,henrique de shivas,monsters chimeras productions,music,original,plastic man
https://chipmusic.org/sparkyrogers/music/lukewarm-breeze	amiga,chiptune,cover,fasttracker,keygen
https://chipmusic.org/bitwise/music/pulse-city	chiptune,gameboy,lsdj
https://chipmusic.org/Klamm/music/the-cyborg	chipmusic,klamm,music,the cyborg
https://chipmusic.org/Laffe+the+Fox/music/laffe-the-fox-feat-chickenandrofls---i-like-you-better-as-a-monkey	8bit,bitpop,bleeplove,chickenandrofls,chip,chipmusic,chip music,i like you better as a monkey,laffe the fox
https://chipmusic.org/LAUKMETAALS/music/v3f-m-by-gltch	chipbass,chiptune,gameboy,hairb44s,lsdj
https://chipmusic.org/Laffe+the+Fox/music/chickenandrofls-feat-laffe-the-fox---a-billion-dead-stars	a billion dead stars,bitpop,bleeplove,chickenandrofls,chip,chipmusic,i like you better as a monkey,laffe the fox
https://chipmusic.org/Sonus+Silver/music/katabasis	castlevania,creepy,dance,dark disco,game boy,horror,lsdj
https://chipmusic.org/killedatschool/music/yeti	chiptune,gameboy,lsdj
https://chipmusic.org/BeatScribe/music/fight-fighterer!!-genesis-fm	chiptune,fakebit,genesis,sega,vopm
https://chipmusic.org/BeatScribe/music/circa-shawn-intro---snes-rocker	chiptune,fakebit,snes
https://chipmusic.org/aaroneow/music/crank-dat	chiptune,gameboy,lsdj
https://chipmusic.org/Laffe+the+Fox/music/chickenandrofls--laffe-the-fox---hang-in-there-kid-chickenandrofls-cover	bitpop,bleeplove,chickenandrofls,chip,chip music,cover,hang in there kid,i like you better as a monkey,laffe the fox
https://chipmusic.org/AssadB/music/fishnchipp---murder-valley-assadb-remix	chipp,chipstep,chiptune,dub,fakebit,fish,fishnchipp
https://chipmusic.org/AssadB/music/skype-s-now-with-dial-up!	chipstep,chiptune,gameboy,lsdj
https://chipmusic.org/AssadB/music/gypsy-pimp	chipstep,chiptune,gameboy,lsdj
https://chipmusic.org/BeatScribe/music/chess-like-mountain-theme	chiptune,nes
https://chipmusic.org/MilLs+Dj/music/mills-dj---bonus-stage!	bonus,bonus stage,mills dj,millsdj,mills dj,stage
https://chipmusic.org/MilLs+Dj/music/mills-dj---robotical	cpu,mills dj,mills dj,robot,robotical
https://chipmusic.org/Zack+Marsa/music/happy-riding	8bit,chiptune,nes,nintendo
https://chipmusic.org/franz_koopa/music/la-mission-deltaplane	arcade,chiptune,fakebit,flying,fusion,sega,ym2612
https://chipmusic.org/sparkyrogers/music/garden-of-wind-smg-remix	chiptune,nes
https://chipmusic.org/MilLs+Dj/music/mills-dj---rage-rave	ike,mills dj,rage rave,smash
https://chipmusic.org/Klamm/music/impulse	chipmusic,cyber,impulse,ish,klamm,music,punk
https://chipmusic.org/Sonus+Silver/music/dads-dead	dance,gameboy,lsdj,sound picture
https://chipmusic.org/Lando./music/apollo-creed	chiptune
https://chipmusic.org/Nestrogen/music/servo-the-circuits	gameboy,lsdj,nirvana,vocals
https://chipmusic.org/SATISFACTRON/music/track-2	chiptune,gameboy,lsdj
https://chipmusic.org/Dire+Hit/music/operator	chiptune,dark,dubstep,edm,electronic,gameboy,hiphop,lsdj,trap
https://chipmusic.org/bitpusher2600/music/itonlywerks4me	chiptune,gameboy,lsdj
https://chipmusic.org/Popsicle+Theory/music/halcyon	8bit,chiptune,gameboy,lsdj
https://chipmusic.org/Super+Prism/music/warm	chiptune,gameboy,lsdj
https://chipmusic.org/Klamm/music/neuromancer	chip,chipmusic,chipmusicorg,klamm,music,neuromancer
https://chipmusic.org/Jredd/music/city-shift-featuring-mbtech	2015,funk,hip hop,jredd,mbtech,megadrive,megadrive,old school,sega genesis,trevin hughes,vgmm
https://chipmusic.org/defiantsystems/music/erase-me	famitracker,n163,namco 163,nes,shittune
https://chipmusic.org/metatronaut/music/peaks--valleys	chiptune,gameboy,lsdj
https://chipmusic.org/Ashichan/music/free-balloon-day	chiptune,fun,milkytracker
https://chipmusic.org/b4by+f4c3/music/gail-the-snail	
https://chipmusic.org/bitpusher2600/music/little-sound-cherry-pop	gameboy,lsdj
https://chipmusic.org/Gameputer_Bryan3/music/color-spectrum-internal-2a03-nes-soundfont	chiptune,nes
https://chipmusic.org/TEOMAWKI/music/galactic-girl	chiptune,gameboy,lsdj
https://chipmusic.org/Sonus+Silver/music/when-you-first-learn-to-party	chiptune,gameboy,lsdj
https://chipmusic.org/Sonus+Silver/music/through-christ-who-crescendos-me	chiptune,fast,gameboy,happy,hyper,loopy,lsdj
https://chipmusic.org/Dire+Hit/music/skulk	boaconstructor,dubstep,gameboy,hiphop,iayd,lsdj,trap
https://chipmusic.org/rana/music/morning-chiptune	chpitune
https://chipmusic.org/ocean+palace/music/ennui-feat-dreameater	chiptune
https://chipmusic.org/defiantsystems/music/pig-vomit-for-space-lovers	chipthrash,chiptune,gameboy,lsdj
https://chipmusic.org/Jredd/music/retropolis-feat-groovemaster303	2015,funk,groovemaster303,hip hop,jredd,megadrive,megadrive,old school,sega genesis,trevin hughes,vgmm
https://chipmusic.org/Diddley+Sin/music/do-the-unga-bungac64-with-electric-guitar	c64,emulator,garage,guitar,rock,sid,surf
https://chipmusic.org/Diddley+Sin/music/heavy-metal-thundergameboy-with-electeric-guitar	fuzz,gameboy,garage,guitar,nanoloop,rock,surf
https://chipmusic.org/chunter/music/picosong-	famicompo pico,fcp2014,nes,utau
https://chipmusic.org/rana/music/anxiet	chiptune,nes
https://chipmusic.org/Klamm/music/electrophobia	chip,chiptune,electrophobia,klamm
https://chipmusic.org/Cangrejo/music/forever-online---balloonbear-crabsound-rmx	chiptune,crabsound,gameboy,lsdj,mex
https://chipmusic.org/Victory+Road/music/departures	ambient,piano,sad,shoegaze
https://chipmusic.org/Doomsberry/music/aeroplanespaceships	gameboy,lsdj
https://chipmusic.org/lu9/music/mother---pollyanna-tiertex-gameboy-remix	gameboy
https://chipmusic.org/TEOMAWKI/music/who-needs-a-spaceship	
https://chipmusic.org/Jakim/music/attractor-feat-wing	funky,jam,tracker
https://chipmusic.org/Sonus+Silver/music/rebuilding-the-temple	eastern,gameboy,game boy,lsdj,pentatonic
https://chipmusic.org/Shirobon/music/chiptuna	chiptune,gameboy,lsdj,techno
https://chipmusic.org/LAUKMETAALS/music/___are-you-ok___	chipbass,chiptune,dmg,gameboy,hairbass,house,lsdj,techno
https://chipmusic.org/Feryl/music/last-year	chipmusic,chiptune,feryl,last year,moral codec failure
https://chipmusic.org/Imaginary/music/blue-razzberry	chiptune,gameboy,lsdj,nintendo
https://chipmusic.org/Sonus+Silver/music/hounds-in-mirkwood	gameboy,lsdj,tolkien
https://chipmusic.org/UncleBibby/music/repeep-nanoloop-ios	8bit,chiptune,dance,electro,house,ios,ipad,iphone,ipod touch,nanoloop,nes,techno
https://chipmusic.org/Fearofdark/music/lovesickness-[2a03]	2a03,chiptune,nes,nsf,rock,swing
https://chipmusic.org/MilLs+Dj/music/mills-dj---abuse	abuse,mills dj,millsdj,sad
https://chipmusic.org/Upstart%21/music/midnight-hour	chiptune,gameboy,lsdj
https://chipmusic.org/Sonus+Silver/music/training-our-eeveelutions	dmg,eevee,game boy,gameboy,lsdj
https://chipmusic.org/Jredd/music/soul-fist-sega-genesis	2015,funk,hip hop,jredd,megadrive,megadrive,old school,sega genesis,trevin hughes,vgmm
https://chipmusic.org/Darkware/music/snd_of_krkn	catchy,dcim,fakebit,fruityloops,kraken,lobit,trackerfood
https://chipmusic.org/Darkware/music/runner	fakebit,fruityloops,kraken,lobit,runner,running,trackerfood
https://chipmusic.org/Sonus+Silver/music/wub-always	bass,gameboy,lsdj,reggaeton
https://chipmusic.org/TEOMAWKI/music/ahoheh	
https://chipmusic.org/Xuriik/music/calcified-pineal-gland	breakbit,lsdj,samples,wobblebass
https://chipmusic.org/deathfromabilly/music/jingle-town	alternative dance,chiptune,gameboy,lsdj,synthpop
https://chipmusic.org/Dire+Hit/music/slowpoke	chiptune,dark,dubstep,edm,electronic,gameboy,hiphop,lsdj,trap
https://chipmusic.org/Starfouf/music/66	carpenter,chiptune,electro,mix,remix
https://chipmusic.org/Monotron/music/default	chiptune,gameboy,lsdj
https://chipmusic.org/Dire+Hit/music/peligrosa	chiptune,dark,dubstep,edm,electronic,gameboy,hiphop,lsdj,trap
https://chipmusic.org/jmr/music/nothing-can-be-fixed-here-god-burn!	chaos,famitracker,guitar,mosh,nes,post rock,vrc6
https://chipmusic.org/M36ABIT3/music/evolution-revolution-noise-pollution	chiptune,gameboy,lsdj
https://chipmusic.org/Jredd/music/retro-bounce-featuring-groovemaster303	2015,euro pop,funk,groovemaster303,jredd,megadrive,old school,sega genesis,trevin hughes,vgmm
https://chipmusic.org/SolarLune/music/pockette-rox---battle	bgm,computer,cool,fakebit,fun,funk,game,genesis,indie,megadrive,sega,solarlune,sunvox,vgm
https://chipmusic.org/STereochan/music/stereochan---dub	berlin,chiptune,dub,gameboy,germany,lsdj,truebit
https://chipmusic.org/I+am+the+sun/music/i-am-the-sun---deadline-tideover-version	bass,berlin,chiptune,gameboy,guitar,lsdj,noise,vocals
https://chipmusic.org/UncleBibby/music/amongst-yourselves-korg-dsn-12-3ds	3ds,8bit,16bit,chiptune,demo,ds10,dsn,dsn12,eshop,nes,nintendo,short,techno,unclebibby
https://chipmusic.org/ICON.GHOST.DATA/music/sriracha-doge	fakebit,trap
https://chipmusic.org/Brink/music/in-memoriam-roland-mt-32	munt,roland mt32
https://chipmusic.org/ICON.GHOST.DATA/music/trugngstrshet	fakebit,trap
https://chipmusic.org/IceWolf/music/into-the-unknown	chiptune,gameboy,lsdj
https://chipmusic.org/combovercat/music/gratitude	gameboy,lsdj
https://chipmusic.org/IceWolf/music/renegade-boss-club	chiptune,korg dsn12
https://chipmusic.org/closetmormon/music/swiggity-swooty	gameboy
https://chipmusic.org/Mawnz/music/come-on-dude	chiptune,fakebit
https://chipmusic.org/Mawnz/music/dorkyl	chiptune,fakebit
https://chipmusic.org/Mawnz/music/global-elite	chiptune,fakebit
https://chipmusic.org/Rainbowdragoneyes/music/binged-and-bit-purged	ahoy,c64,chiptune,gameboy,lsdj,metal,pirate,sid,thrash
https://chipmusic.org/Mawnz/music/shaded	chiptune,fakebit,loop,shaded
https://chipmusic.org/Mawnz/music/cruising-bjoern	bjoern,chiptune,cruising,fakebit,loop
https://chipmusic.org/TEOMAWKI/music/crash-and-dance	chiptune,dance,dmg,gameboy,lsdj
https://chipmusic.org/UncleBibby/music/white-light-century-palm-cover-korg-m01d	16bit,century palm,chiptune,cover,ds10,indie,korg,m01,m01d,pop,punk,punk,snes,toronto,white light
https://chipmusic.org/ICON.GHOST.DATA/music/op-iz-derp-[chipbreak]	breakcore,chipbreak,chiptune,fakebit,lofi,nes
https://chipmusic.org/Super+Prism/music/skrillex---kill-everybody-gameboy-cover	chiptune,dubstep,gameboy,lsdj
https://chipmusic.org/m%C3%A6kshift/music/get-low-cover	chiptune
https://chipmusic.org/m%C3%A6kshift/music/that-one-8-bit-song	chiptune
https://chipmusic.org/m%C3%A6kshift/music/over-the-rainbow	chiptune
https://chipmusic.org/Hatwork/music/test-do-not-flag2	
https://chipmusic.org/Hatwork/music/test-do-not-flag	
https://chipmusic.org/Klamm/music/battleship	battleship,chipmusic,klamm,music
https://chipmusic.org/Ninten+Kwon+Do/music/close-your-eyes--listen--now-dance-	chiptune,gameboy,lsdj
https://chipmusic.org/djmaximum/music/hardware-pitch-sweep-example	
https://chipmusic.org/Jredd/music/hypnotic-pulse-featuring-groovemaster303	2014,funk,groovemaster303,house,jredd,megadrive,old school,sega genesis,trevin hughes,vgmm
https://chipmusic.org/Robin/music/invocation	air,atmospheric,chiptune,lsdj,minor key,ocean,original,robin149,robin andrews,slow
https://chipmusic.org/Goggle+Kid/music/pure-anger	3ds,angry,chiptune,rytmik,speedcore
https://chipmusic.org/iano/music/jungle-bells	chipthrash,lsdj,xmas
https://chipmusic.org/Randy+Salvage/music/str8fire-demo-ft-ninten-kwon-d	based,chipmusic,chiptune,lsdj,music
https://chipmusic.org/Tribade/music/when-i-see-you-again	chiptune,emulator,gameboy,lsdj
https://chipmusic.org/Klamm/music/big-boss	big boss,chipmusic,klamm,music
https://chipmusic.org/3ndymion/music/oh-blessed-joy	chiptune,dmg01,gameboy,lsdj,merry chipmas,merry christmas,nintendo
https://chipmusic.org/Laffe+the+Fox/music/laffe-the-fox---the-playdse-the-julekalender-cover	8bit,bitpop,chip,christmas,cover,laffe the fox,merry chipmas,merry chipmas 2014,the julekalender,the playdse
https://chipmusic.org/NoyzBot/music/playtime-is-over	chiptune,gameboy,hardcore,nanoloop
https://chipmusic.org/Dr+Treble/music/gee-x-snsd-cover	chiptune,famitracker,glitchy,high energy,nes,rock
https://chipmusic.org/Imaginary/music/no-one-sees-her	140bpm,chipmusic,chiptune,gameboy,lsdj
https://chipmusic.org/Laffe+the+Fox/music/laffe-the-fox---christmas-kebab	8bit,bitpop,chip,christmas,christmas kebab,laffe the fox,merry chipmas,merry chipmas 2014
https://chipmusic.org/Robin/music/happy-song	chipmusic,chiptune,devon,euphoric,happy,lsdj,robin149
https://chipmusic.org/Klamm/music/memories	ambient,chipmusicorg,klamm,memories,music,piano,soft,synth
https://chipmusic.org/kfaraday/music/birth-of-neon-d	fakebit
https://chipmusic.org/powersupply/music/electrical-sock	chiptune,gameboy,lsdj
https://chipmusic.org/MilLs+Dj/music/mills-dj---the-hanging-tree-house-party-chiptune-remix	coming to the tree,hanging,hunger games,jennifer,lawrence,remix,techno,the hanging,the hanging tree,tree
https://chipmusic.org/HappyPandaFace/music/kspacey	chiptune,fakebit
https://chipmusic.org/wedanced/music/weekly-beats--51-untitled-game-boy-track-one-hour-challenge	chiptune,gameboy,lsdj,ohc,weekly beats
https://chipmusic.org/Brink/music/rinda-no-shiro-ost---lindas-castle-title-screen-vrc6	famicom,famitracker,nes,vgm,vrc6
https://chipmusic.org/HPizzle/music/nut-rocker-b-bumble--the-stingers---the-ventures-cover	2a03,8bit,christmas,famitracker,nes
https://chipmusic.org/Robin/music/ghost-bubbles	bubbles,chiptune,dance,devon,lsdj,robin149,synth,trance,wav
https://chipmusic.org/Kubbi/music/kubbi---restoration-new-album-announced	
https://chipmusic.org/PixelTrashHeap/music/expecting-clues	chiptune,gameboy,lsdj
https://chipmusic.org/Hide+Your+Tigers/music/exodon-lsdj	chiptune,gameboy,hide your tigers,las vegas,lsdj
https://chipmusic.org/liquidcalm/music/hounds-of-love-kate-bush-cover	chiptune,gameboy,gba,meeblip,nes
https://chipmusic.org/e.s.c./music/sirvixx---i-want-him-dead-d_strcts-not-from-chicago-remix	breakcore,lgpt,piggy tracker
https://chipmusic.org/I+am+the+sun/music/del-deaf	bass,chiptune,drums,gameboy,guitar,lsdj,vocals
https://chipmusic.org/x+Critical+strike+x/music/rupolph-the-red-nosed-reindeer	chiptune,gameboy,lsdj
https://chipmusic.org/Zimbolt/music/-!	chiptune,fakebit
https://chipmusic.org/UncleBibby/music/an-unclebibby-christmas-feat-sandro-petrillo	2014,chiphouse,chiptune,christmas,dance,fakebit,house,jesus,nes,techno,trance,xmas
https://chipmusic.org/Robin/music/new-directive	arps,devon,drone,gameboy,lsdj,melody,minor,robin,tekno
https://chipmusic.org/MISTER+BEEP/music/dark-matter-trap-1-bit-as-usual	1bit,1bit,48k,2048,beep,beeper,chiptune,lofi,micromusic,mister,octode,sinclair,spectrum,timex
https://chipmusic.org/TEOMAWKI/music/sugar-high!	
https://chipmusic.org/YERZMYEY/music/bizarre-creature-atari-520st---roland-mt32	520,atari,chiptune,cubase,general,lofi,micrmusic,midi,mt32,mt32,roland,yerzmyey
https://chipmusic.org/JodyBigfoot/music/136-kob-dub-cant-think-of-a-name-for-this-tune-remix	chip,fakebit,riddim,windows
https://chipmusic.org/JodyBigfoot/music/godzilla-dub	cute,dub,dubstep,heavy,reason
https://chipmusic.org/vasaturo/music/laire	chiptune,fakebit
https://chipmusic.org/takitomaj/music/la-defecada-de-gato	chiptune,lsdj
https://chipmusic.org/takitomaj/music/merch-248	chiptune,lsdj
https://chipmusic.org/Rainbowdragoneyes/music/dreaded-8---bit-skies	chiptune,hook,lagerstein,lsdj,metal,pirate,thrash
https://chipmusic.org/UncleBibby/music/pinch-me-korg-dsn-12	chiptune,ds10,dsn12,eshop,korg,korg dsn12,m01,nintendo,peter locke,petermobeter,unclebibby
https://chipmusic.org/TEOMAWKI/music/through-my-eyes	cheerful,chiptune,dmg,gameboy,happy,lsdj
https://chipmusic.org/vasaturo/music/incense	chiptune,fakebit
https://chipmusic.org/MilLs+Dj/music/mills-dj---like-a-kid-again	again,a kid,character list,happy,like,like a kid again,mills dj,nick,young
https://chipmusic.org/KODEK/music/lazy-fruit	420,advance,gameboy,jams,nanoloop,skweee
https://chipmusic.org/Monotron/music/avril-14th-[famitracker]	aphex twin,chiptune,famitracker,nes
https://chipmusic.org/Bracer_Cran/music/froggit-stamping-on-a-full-moon	daw,fakechip,magical8bit
https://chipmusic.org/PixelPanic/music/self-assure	chiptune,emo,gameboy,lsdj,punk,rock,surf
https://chipmusic.org/ocean+palace/music/the-elders-of-arcturus	fakebit
https://chipmusic.org/lw/music/somewhere-over-the-border	gameboy,lsdj,touhou
https://chipmusic.org/JBurnell/music/journey-to-cloud-castle	chiptune,concept album,fantasy,gameboy,story,video game
https://chipmusic.org/VCMG/music/milky-way	modplug
https://chipmusic.org/Laffe+the+Fox/music/laffe-the-fox---dancing-to-bullets	8bit,banjo,bitpop,chip,chip music,chipmusic,dancing to bullets,laffe the fox
https://chipmusic.org/LAUKMETAALS/music/ii-de4dl1ne	chiptune,gameboy,ha1rb44s,hairbass,lsdj
https://chipmusic.org/Klamm/music/back-to-reality	back,klamm,music,reality
https://chipmusic.org/Wholesome+Family+Music/music/rk-and-rl	chipthrash,chiptune,electronica,famitracker,nes,nintendo
https://chipmusic.org/segatr0n/music/nostalgia	chiptune
https://chipmusic.org/reborn.nsf/music/methly-maddness	buttsex,chiptune,gameboy,lsdj,michigan,port huron,snuffporn,ulrich,zach
https://chipmusic.org/reborn.nsf/music/autistic-fucker	buttsex,chiptune,gameboy,lsdj,michigan,port huron,snuffporn,ulrich,zach
https://chipmusic.org/BeatScribe/music/enemy-wave	chiptune,nes
https://chipmusic.org/dasid/music/fansy---arduinoboy-midiout-mode	analog,arduinoboy,dasid,lsdj
https://chipmusic.org/SolarLune/music/jetline	beat,breakbeat,c64,capcom,chiptune,drums,fakebit,funk,heavy,jazz,nes,sunvox
https://chipmusic.org/DEgITx/music/lifebreak	8bit,metal,nes,rock
https://chipmusic.org/DEgITx/music/rain-of-that-day-elzevir-cover	8bit,metal,nes,rock
https://chipmusic.org/Boors/music/dire	8bit,band,chiprock,nes
https://chipmusic.org/metatronaut/music/born-to-fly	chiptune,gameboy,lsdj
https://chipmusic.org/b4by+f4c3/music/science-cla5s	
https://chipmusic.org/segatr0n/music/janx-bday-remix	chiptune
https://chipmusic.org/TEOMAWKI/music/natural-defragmentation	chiptune,game boy,lsdj
https://chipmusic.org/hutsvoid/music/motion-detected	c64,fakebit,gameboy,lsdj,nanoloop,nes
https://chipmusic.org/SGAK/music/dodge-those-coconuts	beats,bonus,chiptune,crazy,lsdj,nes,upbeat,wacky
https://chipmusic.org/MilLs+Dj/music/mills-dj---come-with-me	come,fl studio,lmms,mills dj,modern,piano,synth,with
https://chipmusic.org/buzzToronto/music/once-in-a-while	xenon
https://chipmusic.org/Brother+Android/music/wells-branch-park-evening	atmospheric,nes
https://chipmusic.org/HurrigameBoy/music/eyes-closed-fingers-crossed	chip,chip tune,dmg,farewell,hurrigame boy,lsdj
https://chipmusic.org/CH3DD4R/music/snowdrift-classical-2a03	chiptune,nes
https://chipmusic.org/FantasticMrLenix/music/happy-ending	chiptune,gameboy,lsdj
https://chipmusic.org/FantasticMrLenix/music/snow-bunny	chiptune,gameboy,lsdj
https://chipmusic.org/FantasticMrLenix/music/spooky	chiptune,gameboy,lsdj
https://chipmusic.org/FantasticMrLenix/music/planet-210	chiptune,gameboy,lsdj
https://chipmusic.org/FantasticMrLenix/music/hoax-town	chiptune
https://chipmusic.org/VCMG/music/yosemite-valley	
https://chipmusic.org/LAUKMETAALS/music/hangonamnesia-	chiptune,gameboy,ha1rb44s,hairbass,lsdj
https://chipmusic.org/ko0x/music/brand-new-day	8bit,bitpop,chippop,chiptune,impulse tracker,ko0x,modplug tracker,openmpt,ske
https://chipmusic.org/OmO/music/self-deletion-feat-lowmayn	chiptune,gameboy,lsdj
https://chipmusic.org/sandneil/music/bloopp	fakebit,omputer music
https://chipmusic.org/anthony/music/stars	chiptune,gameboy,lsdj
https://chipmusic.org/The+One+Electronic/music/effervescent-iridescent	lsdj
https://chipmusic.org/mepufw/music/hydrodrone	drone,hydro,noise
https://chipmusic.org/Talkboy+Arcade/music/lepidoptera	2a03,8bit,chiptune,famitracker,nes,nintendo,talkboy arcade,vrc6
https://chipmusic.org/maru303/music/trip-or-treat	lsdj
https://chipmusic.org/IceWolf/music/commodore-caves	c64,chiptune,deflemask
https://chipmusic.org/Super+Prism/music/unicorn	dubstep,electronic,gameboy,glitch,lsdj,why is chiptune even a tag this is a chiptune site its all there is
https://chipmusic.org/collurio229/music/hero-of-a-distant-star	gameboy color,nanoloop
https://chipmusic.org/MegaLoler/music/failure-to-arrange	arrange,failure,klystrack,tracker
https://chipmusic.org/Starman+Stan/music/copacetic	8bit,chiptune,copacetic,fami,famicom,famitracker,nes,nintendo,stan,starman stan,stereo
https://chipmusic.org/Silly+Rave/music/ahora-o-nunca	chiptune,gameboy,lsdj
https://chipmusic.org/L-tron/music/drone-lsdj	
https://chipmusic.org/Laffe+the+Fox/music/alex-ochoa--laffe-the-fox---no-puedo-decirte-adios-demo-version	8bit,alex ochoa,bitpop,chip,chipmusic,laffe the fox,no puedo decirte adios,poppunk,punk,punk rock
https://chipmusic.org/ellen_page/music/shield_thotsit-render	
https://chipmusic.org/schweedubulus/music/dubulus---hold-up	chiptune
https://chipmusic.org/KestrelPi/music/late-vrc6	chiptune,nes
https://chipmusic.org/Freque/music/josphine	freque,gameboy,lsdj,nc071,noichan
https://chipmusic.org/Tondo/music/yonder	chiptune,fakebit
https://chipmusic.org/hutsvoid/music/destroying-chips	chiptune,gameboy,nanoloop
https://chipmusic.org/Arc-Demon/music/danse-macabre-[vrc6]	chiptune,nes,saintsaens,vrc6
https://chipmusic.org/Erakko/music/make-way	chiptune,fakebit,nes
https://chipmusic.org/Klamm/music/cyber-generation	chipmusic,chipmusicorg,cyber,generation,klamm,music
https://chipmusic.org/BlackPaul./music/egad	chiptune,gameboy,lsdj
https://chipmusic.org/Jredd/music/technocolor-street-feat-groovemaster303	2014,funk,groovemaster303,hip hop,jredd,megadrive,old school,sega genesis,trevin hughes,vgmm
https://chipmusic.org/Brother+Android/music/parkade-ghost	
https://chipmusic.org/Cubeik/music/cubeik---chiptune-riddims-original-mix	amazing,best,chiptune,chiptunes,music,reggae,riddim,riddims,sick,sid,ska,song
https://chipmusic.org/metatronaut/music/cosmic-tear	chiptune,gameboy,lsdj
https://chipmusic.org/VCMG/music/orbital	
https://chipmusic.org/Cubeik/music/cubeik---everybody-loves-chiptunes-original-mix	8 bit,8bit,amazing,bit,chiptune,epic,music,sick,sid
https://chipmusic.org/rallyj/music/pure-imagination	chiptune,gameboy,lsdj
https://chipmusic.org/FTL/music/idea	chiptune,fakebit
https://chipmusic.org/SketchMan3/music/pixeltune	1bit,android,dance,party,pixitracker,pixitracker1bit
https://chipmusic.org/YERZMYEY/music/chasing	500,amiga,chiptune,dance,med,micromusic,mod,octamed,paula,yerzmyey
https://chipmusic.org/extreme+zan-zan-zawa-veia/music/semi-slug	chiptune,famitracker,nes
https://chipmusic.org/TEOMAWKI/music/bit-race	
https://chipmusic.org/syobonaction/music/lilos	chiptune,gameboy,lsdj
https://chipmusic.org/Volt+44/music/night-of-the-living-dead-lsdj	chiptune,lsdj
https://chipmusic.org/Animus%3F/music/bears-on-the-fence	
https://chipmusic.org/SGAK/music/who-dares-enter-the-mansion	beats,chiptune,ghost,halloween,mansion,nes,spooky
https://chipmusic.org/SGAK/music/what-was-that	beats,chiptune,ghost,halloween,mansion,nes,spooky
https://chipmusic.org/Klamm/music/dragon-fire	chip,chipmusicorg,dragon fire,electronic,klamm,music
https://chipmusic.org/Shadex/music/shadex-bitrun	chiptune,shadex
https://chipmusic.org/Feryl/music/i-need-time-to-wake-up	chipmusic,chiptune,feryl,moral codec failure
https://chipmusic.org/Hashtagyoloswag/music/n163-highways	house,nes
https://chipmusic.org/Imaginary/music/carbonation---t-tbneon-ypmid--imaginary	
https://chipmusic.org/Kommisar/music/interstellar-retribution-dboyd-x-kommisar	chiptune,dboyd,gameboy,hypecore,kommisar,lsdj,moncton,oklahoma
https://chipmusic.org/NXS6/music/the-death-of-rock-n-roll	amiga,beats,cyber,electro,old,oldschool,retro,trip,trippy
https://chipmusic.org/NXS6/music/hum	amiga,beats,cyber,electro,old,oldschool,retro,trip,trippy
https://chipmusic.org/NXS6/music/what-exactly	amiga,beats,cyber,electro,old,oldschool,retro,trip,trippy
https://chipmusic.org/NXS6/music/the-spiral-staircase	amiga,beats,cyber,electro,old,oldschool,retro,trip,trippy
https://chipmusic.org/NXS6/music/space-train-trip	amiga,beats,cyber,electro,old,oldschool,retro,trip,trippy
https://chipmusic.org/NXS6/music/reduce-to-zero	amiga,beats,cyber,electro,old,oldschool,retro,trip,trippy
https://chipmusic.org/Groovemaster303/music/pump-it-scratchin-the-vinyl-remix	chiptune,dance,electronic,genesis,groovemaster303,jredd,megadrive,psg,sega,tokyo techno,ym2612
https://chipmusic.org/TuneUnit/music/tuneunit---shimmer-me-timmer	chip,fakebit,lsdj,pirates,tuneunit
https://chipmusic.org/Animus%3F/music/unfinished-thing	
https://chipmusic.org/MISTER+BEEP/music/slowing-down-the-chaos-zx48	1bit,1bit,48k,2048,beep,beeper,chiptune,lofi,micromusic,mister,octode,plus,sinclair,spectrum,timex
https://chipmusic.org/Weave+of+K/music/screw-on-the-loose	atari 2600,chiptune,midines,nes,synthcart
https://chipmusic.org/OmO/music/demo-track-10-19-14	chiptune,gameboy,lsdj
https://chipmusic.org/Weave+of+K/music/open-spaces	atari 2600,chiptune,fakebit,synthcart,weave of k
https://chipmusic.org/Delta+Centauri/music/totality-of-all-things-recent	chiptune,gameboy,lsdj,x2 dmg
https://chipmusic.org/powersupply/music/piles-upon-piles-of-candy	gameboy,lsdj
https://chipmusic.org/Imaginary/music/the-erstwhile-corpse	chiptune,famitracker,metal,nes,nintendo
https://chipmusic.org/LAUKMETAALS/music/skunks_	chipbass,chiptune,gameboy,lsdj,skunks,skweee
https://chipmusic.org/SGAK/music/dance!-party!	beats,chiptune,drums,famicom,famitracker,heavy,nes,samples,village
https://chipmusic.org/%3F%3F%3F/music/soundtrack-aztec-isshh-theme	
https://chipmusic.org/Bitamin/music/bitamin---tokyo-bay	chiptune,funkychip,vgm
https://chipmusic.org/Klamm/music/robot-warrior-plus	chip,drums,klamm,music,plus,robot,warrior
https://chipmusic.org/Bitamin/music/bitamin---connected	chiptune
https://chipmusic.org/Sinthoid/music/cicada	chiptune,gameboy,lsdj
https://chipmusic.org/CH3DD4R/music/reactive-nes--vrc6	nes
https://chipmusic.org/Groovemaster303/music/city-lights-ym2612-act-2	chiptune,chiptune,dance,fm funk,fm synthesis,genesis,groovemaster303,jredd,megadrive,sega
https://chipmusic.org/Sinthoid/music/the-spiral-staircase	chiptune,gameboy,lsdj,raw
https://chipmusic.org/eme7h/music/xenologer	gameboy,lsdj
https://chipmusic.org/Wholesome+Family+Music/music/tumblr-vs-the-great-white-privilege	chipthrash,chiptune,famicom,famitracker,nes,noise,wholesome family music
https://chipmusic.org/Volt+44/music/moving-into-the-light	chiptune,schism tracker,tracker music,volt 44
https://chipmusic.org/Kittenrock/music/kraettz---dream-slayer-theme	
https://chipmusic.org/Jakim/music/inner-child	fasttracker,jakim,module,tracker
https://chipmusic.org/metatronaut/music/spacetime-metro	chiptune,gameboy,lsdj
https://chipmusic.org/5alazar/music/shapeshifting-ninja-cat-smd	deflemask,sega genesis,sega mega drive,smd,ym2612
https://chipmusic.org/Dialtoner/music/this-is-my-town-wip	
https://chipmusic.org/Boy+Without+Batteries/music/taylor-swift---shake-it-off-chiptune-cover	chipmusic,chiptune,lsdj,tay tay swifty
https://chipmusic.org/TEOMAWKI/music/numba-one-jam!	
https://chipmusic.org/Brink/music/its-huby-time!-1-bit	1bit,1tracker,huby,zx spectrum
https://chipmusic.org/SGAK/music/work-harder	beats,chiptune,drums,goblin,heavy,mountain,nes
https://chipmusic.org/snesei/music/diplo---revolution-snesei-remix	gameboy,gp2x,lsdj,piggy,remix
https://chipmusic.org/segatr0n/music/dont	lsdj
https://chipmusic.org/NimbleF0x/music/staring-into-the-night	bleep,bloop,chiptune,gameboy,lsdj
https://chipmusic.org/Sinthoid/music/crash-man-is-an-asshat-chipstep	chiptune,dubstep,gameboy,lsdj,twerk it girl
https://chipmusic.org/ko0x/music/cherryjam	8bit,bitpop,chippop,chiptune,impulse tracker,ko0x,modplug tracker,openmpt,ske
https://chipmusic.org/Sinthoid/music/lost-in-space	1xlsdj,chiptune,gameboy,lsdj,raw,space,the final frontier
https://chipmusic.org/SketchMan3/music/little-britches-no-more-mariopantsextended	emi,funk,jazz,mariopaint,mariopantse,pants,snes
https://chipmusic.org/arlen/music/galactic-snax	32kb,chips,compo,fast tracker 2,ft2,milkytracker,small
https://chipmusic.org/TraceKaiser/music/slappyhour	chiptune,gameboy,guitar,lsdj,punk,skate,skate punk,vocals
https://chipmusic.org/%3F%3F%3F/music/radmiral-3	
https://chipmusic.org/Klamm/music/krater	klamm,krater
https://chipmusic.org/Sinthoid/music/nephron	1xlsdj,chiptune,gameboy,lsdj,raw,that weird noise you can make with the l command
https://chipmusic.org/b4by+f4c3/music/9646	b4by f4c3,chiptune,darkchip,electronic,experimental electronic,gameboy,glitch,grime,vgm,video game music,visual art
https://chipmusic.org/Evil+Scientist/music/ouch-5-4	chiptune,gameboy,lsdj
https://chipmusic.org/SGAK/music/chief-otto	beats,chiptune,drums,famicom,famitracker,heavy,nes,samples,village
https://chipmusic.org/balloonbear/music/zan---eovalove-balloonbear-remix	8bit,chiptune,eovalove,house,lsdj,music,zan
https://chipmusic.org/Doomsberry/music/sunny-tropics	chiptune,gameboy,lsdj
https://chipmusic.org/chunter/music/we-make-the-future	dream 64,renoise,sid,vocaloid
https://chipmusic.org/Laffe+the+Fox/music/laffe-the-fox--iruka---sunward	8bit,bitpop,chip,chip music,chipmusic,dnb,iruka,laffe the fox,liquid dnb,sunward
https://chipmusic.org/Volt+44/music/rockhawk	chiptune,lsdj
https://chipmusic.org/TragicSans/music/candybitflip	amiga,chiptune,fakebit,keygen,renoise
https://chipmusic.org/sparkyrogers/music/your-loving-hand	amiga,chiptune,cover,fasttracker,keygen,vintage
https://chipmusic.org/SGAK/music/hurry!	adventure,beats,bpm,chiptune,dnb,drums,faster,music,nes,speed,tempo
https://chipmusic.org/ellen_page/music/bak-da-fuk-upp-!-shotz-4-ant1	warbit
https://chipmusic.org/sandneil/music/kfaraday-collects-metal-gear-solid-figurines	kfaraday is a nerd,radiograffiti jokes,warbit
https://chipmusic.org/kfaraday/music/ant1-is-a-gross-smelly-nerd-i-heard-his-grandmother-eats-socks-for-breakfast--forgets-to-chew-so-she-shits-it-out-in-one-big	warbit
https://chipmusic.org/sandneil/music/kfaraday-is-a-nerd	impulsetracker,warbit
https://chipmusic.org/sandneil/music/send-for-ellen_page	msdoscore,warbit
https://chipmusic.org/Sinthoid/music/freya	chiptune,dance,gameboy,lsdj,minimal,pretty,technoish
https://chipmusic.org/Brink/music/rinda-no-shiro-ost---try-again-game-over-vrc6	famicom,famitracker,nes,vgm,vrc6
https://chipmusic.org/kineticturtle/music/etude-for-contrabass-flute-and-ti-83-plus-calculator	1bit,calculator,chiptune,flute,houstontracker
https://chipmusic.org/Sinthoid/music/c3-273	chiptune,gameboy,idm,lsdj,techno
https://chipmusic.org/OmO/music/lazy-sunday	chiptune,gameboy,lsdj
https://chipmusic.org/Sinthoid/music/luna	chiptune,gameboy,jungle,lsdj,melodic,space
https://chipmusic.org/Dialtoner/music/down-the-hatch	
https://chipmusic.org/Brink/music/rinda-no-shiro-ost---final-boss-battle-vrc6	famicom,famitracker,nes,vgm,vrc6
https://chipmusic.org/SID/music/thrash-jams-02---wav-only	bass,electro,lsdj,wav,wav channel,wav only
https://chipmusic.org/SID/music/thrash-jams-01---wav-only	bass,electro,lsdj,wav,wav channel,wav only
https://chipmusic.org/my.Explosion/music/why-do-you-care	chiptune,gameboy,lsdj
https://chipmusic.org/deepearthvoid/music/avril-14---aphex-twin	
https://chipmusic.org/deepearthvoid/music/meou	gameboy,lsdj
https://chipmusic.org/deepearthvoid/music/hard-to-explain---the-strokes	chiptune,gameboy,lsdj
https://chipmusic.org/deepearthvoid/music/diode-dance	gameboy,lsdj
https://chipmusic.org/deepearthvoid/music/black-sabbath---snowblind	amiga,c64,chiptune,fakebit,gameboy,lsdj,nanoloop,nes
https://chipmusic.org/deepearthvoid/music/cube-snip-wip	progress,wprk
https://chipmusic.org/deepearthvoid/music/satie-it-hurts	chiptune,didddd,fuck,gameboy,it hurt,ithurtdeath,lsdj,pain,suffering
https://chipmusic.org/deepearthvoid/music/planck	osc
https://chipmusic.org/deepearthvoid/music/------	420,2060 records,fuccboi,gameboy,lotek,lsdj,olympia,pnw
https://chipmusic.org/deepearthvoid/music/m3rcury-dropper-	killshit
https://chipmusic.org/infodrive/music/party-now-or-forever-hold-your-pizza	chiptune,gameboy,lsdj
https://chipmusic.org/Brink/music/rinda-no-shiro-ost---choose-your-destiny-profile-select-vrc6	famicom,famitracker,nes,vgm,vrc6
https://chipmusic.org/infodrive/music/too-lazy-to-smoke	chiptune,gameboy,lsdj
https://chipmusic.org/Sinthoid/music/dawn	chiptune,dance,electro,gameboy,lsdj,melodic,pretty
https://chipmusic.org/Brink/music/rinda-no-shiro-ost---thank-you-for-playing-ending-vrc6	famicom,famitracker,nes,vgm,vrc6
https://chipmusic.org/powersupply/music/balloon-colony-stratusland-no-needles-allowed!	gameboy,lsdj
https://chipmusic.org/powersupply/music/underwater-cavern	gameboy,lsdj
https://chipmusic.org/drexegar/music/famitracker---vrc7-sega-genesis-style-nightly-flight	8bit,chiptune,famitracker,mega drive,nes,psg,sega genesis
https://chipmusic.org/Popsicle+Theory/music/get-charred	8bit,ableton,chiptune,electronic,fakebit,live9
https://chipmusic.org/Kommisar/music/last-tile-	chiptune,gameboy,lsdj,moncton
https://chipmusic.org/SGAK/music/the-adventure-begins	adventure,beats,chiptune,drums,music,nes
https://chipmusic.org/Kremland/music/disgo	chiptune,gameboy,lsdj
https://chipmusic.org/infodrive/music/you-wont-remember-me	chiptune,gameboy,infodrive,lsdj
https://chipmusic.org/segatr0n/music/bodies-on-ice	
https://chipmusic.org/Monotron/music/snes-mess	chiptune,snes
https://chipmusic.org/chipscape/music/wingless-chipscape-remix	fakebit,nes
https://chipmusic.org/chipscape/music/children-of-silicon	fakebit,nes,zodiac
https://chipmusic.org/chipscape/music/commando-run	fakebit,gameboy,zodiac
https://chipmusic.org/Legacy/music/sad-machine---overheated-remix	chiptune,machine,nes,porter,remix,robinson,sad
https://chipmusic.org/DEgITx/music/fairy-8bit-edit	c64,fakebit,metal,rock
https://chipmusic.org/DEgITx/music/game-not-over	metal,nes,rock,sid metal
https://chipmusic.org/DEgITx/music/ninja-cats-revenge	c64,chiptune,metal,nes,rock
https://chipmusic.org/DEgITx/music/reach-the-galaxy-nes	chiptune,nes
https://chipmusic.org/Astro+Squadron/music/hey!-looking-for-feedback	chiptune,famitracker
https://chipmusic.org/Kremland/music/death-awaits	chiptune,lsdj
https://chipmusic.org/iamowlsense/music/berwick-bank-zone-act-2-1x-piggy	amiga,c64,chiptune,gameboy,genesis,lgpt,lsdj,nanoloop,nes,piggy,sega,sine,sms,sonic
https://chipmusic.org/Hashtagyoloswag/music/minerals---love-hz-wip	nes n163 guitar
https://chipmusic.org/VCMG/music/nomu	chiptune,mod,modplug,tracker
https://chipmusic.org/Mute+Hero/music/lvl-cap	ambient,beats,chiptune,dead,gbadvanced,nes,sega
https://chipmusic.org/Imaginary/music/party-now-or-forever-hold-your-pizza	chipmusic,chiptune,famitracker,nes,nintendo
https://chipmusic.org/Starmint+Distortion/music/hermes	gameboy,lsdj
https://chipmusic.org/Sigil/music/battle-music-looking-for-input	fakebit,input needed,mixcraft
https://chipmusic.org/OmO/music/thrah-city-needs-work	chiptune,gameboy,lsdj
https://chipmusic.org/little+combat/music/mind-over-matter	chipthrash,emo,lsdj,punk
https://chipmusic.org/Klamm/music/the-running-girl	klamm,running girl
https://chipmusic.org/SGAK/music/project-bumblebee	beats,chiptune,intro,nes,waves,white noise
https://chipmusic.org/DBOYD/music/jolt!	chipmusic,chiptune,energy,gameboy,lsdj,soda,sugary
https://chipmusic.org/nitro+pulse/music/amber-leaves-1x-lsdj-infodrivenitropulse	chiptune,cider,collab,dance,fall,gameboy,happy,leaves,lsdj,pumpkin,warm
https://chipmusic.org/b4by+f4c3/music/live-life	chiptunes,darkchip
https://chipmusic.org/Starmint+Distortion/music/ryuichi	gameboy,lsdj
https://chipmusic.org/sparkyrogers/music/distant	chiptune,keygen,nes,sad
https://chipmusic.org/killedatschool/music/axolotl	chiptune,gameboy,lsdj
https://chipmusic.org/Hide+Your+Tigers/music/chaka-mountain-lsdj	chiptune,dataport,gameboy,hide your tigers,las vegas,lsdj
https://chipmusic.org/infodrive/music/6-hour-challenge-1xlsdj	chiptune,gameboy,lsdj
https://chipmusic.org/Jakim/music/bazooka-tim	game,nes,soundtrack,tracker
https://chipmusic.org/segatr0n/music/transmission-lost	gameboy,lsdj
https://chipmusic.org/Mosster_3/music/the-loveliest-ghost-story	c64,chiptune,fakebit
https://chipmusic.org/iamowlsense/music/left-with-nothing-ambient-industrial	amiga,c64,chiptune,gameboy,lgpt,lsdj,psp
https://chipmusic.org/OmO/music/kawaiikyle---band-practice	chiptune,gameboy,lsdj
https://chipmusic.org/Duck+Boy/music/dog-sea-duck-electrictoys-remix	chiptune,gameboy,nes
https://chipmusic.org/Fatnick/music/boysenberry	ay8910,chipsounds,fakebit,zx spectrum
https://chipmusic.org/SGAK/music/deep-below	beats,chiptune,drums,goblin,heavy,mountain,nes
https://chipmusic.org/Americantoploader/music/force-of-attraction	chiptune,fakebit
https://chipmusic.org/mrmangado/music/ive-just-met-totoro-and-he-left-me-away	fakebit chipsound ableton ambiental techno electronic
https://chipmusic.org/LAUKMETAALS/music/-eve-assumes-raving-graves	chipbass,chiptune,chrave,gameboy,lsdj,nanoloop,tech
https://chipmusic.org/B4D-W0LF/music/passive-agressive---b1t-w0lf	
https://chipmusic.org/b4by+f4c3/music/---s	b4by f4c3,chiptune,darkchip,dmg,grime,lsdj,samples,video game music
https://chipmusic.org/mrmangado/music/lone-wolf	fakebit chipsound ableton ambiental techno
https://chipmusic.org/mrmangado/music/ambiental-ambient	fakebit chipsound ableton ambiental
https://chipmusic.org/Jayster/music/sunrise-to-sunset	botb,chiptune,famicom,famitracker,groove,nes,summer,vrc6
https://chipmusic.org/Arc-Demon/music/deserted-earth	botb,chip,cps1,realfont,summer,synthfont,vgm,xpmck,yamaha,ym2151
https://chipmusic.org/Jansaw/music/mama-afrika	
https://chipmusic.org/Laffe+the+Fox/music/laffe-the-fox--wheely---the-legend-of-the-cyber-cops---part-one---smells-like-chip	8bit,bitpop,chip,chipmusic,laffe the fox,smells like chip,the legend of the cyber cops,wheely
https://chipmusic.org/iamowlsense/music/dudley-sf3-theme	amiga,c64,chiptune,dudley,lgpt,sf3
https://chipmusic.org/lw/music/the-most-nuclear-i-have-ever-been	chiptune,gameboy,lsdj,touhou
https://chipmusic.org/TEOMAWKI/music/a-new-style!	
https://chipmusic.org/Xephyr/music/invader	chiptune,minor,synth,xephyr
https://chipmusic.org/NationalBroadcastNetwork/music/rumble-in-the-garden	chiptune,gameboy,nes
https://chipmusic.org/MilLs+Dj/music/mills-dj	flight,fly,mills dj,take
https://chipmusic.org/LAUKMETAALS/music/assaultgoog3	cheaptune,chiptune,chrap,chrapdnk,dank,gameboy,lsdj,trap
https://chipmusic.org/SGAK/music/final-battle	battle,boss,chiptune,famicom,nes
https://chipmusic.org/Roaches+Remain/music/fatal-terror	chiptune,fakebit,guitar
https://chipmusic.org/TrebleChild/music/we-all-become-transistor	breakbeat,chiptune,electronic,gameboy,lsdj,transistor
https://chipmusic.org/ChipCzuk/music/bricks	chiptune,lsdj
https://chipmusic.org/Kanashibari/music/penetrator	
https://chipmusic.org/IceWolf/music/datastream	c64,chiptune,klystrack
https://chipmusic.org/Kittenrock/music/kool-skull_yum_03_chewcyclemp3	separate each tag with a comma non alphanumeric characters will be stripped to help us standardize tags
https://chipmusic.org/Monotron/music/domino-lsdj-cover	chiptune,gameboy,lsdj
https://chipmusic.org/Klamm/music/dungeons--dragons	dungeons and dragons,klamm
https://chipmusic.org/GradyTheGreat/music/on-your-mark-get-set-ready!	chiptune,nes
https://chipmusic.org/SGAK/music/zip!-zap!-clang!	chiptune,factory,machines,megaman,nes,robot
https://chipmusic.org/djmaximum/music/the-curtains-lsdj	
https://chipmusic.org/Wholesome+Family+Music/music/mike-aruba	chipthrash,chiptune,gameboy,nanoloop,noise,thrash
https://chipmusic.org/Jazzmarazz/music/top-secret	gameboy
https://chipmusic.org/phissionchips/music/chipunism-comrade	gameboy,lsdj
https://chipmusic.org/Hide+Your+Tigers/music/online-drugs	chiptune,dataport,gameboy,hide your tigers,las vegas,lsdj
https://chipmusic.org/B4D-W0LF/music/hyperblast-preview	chiptune,fakebit,metal
https://chipmusic.org/anthony/music/-	gameboycolor,lsdj
https://chipmusic.org/MilLs+Dj/music/mills-dj---open-doors	doors,mills dj,open,open doors
https://chipmusic.org/DBOYD/music/sunshine-for-a-lonely-heart	chipmusic,chiptune,energy,gameboy,happy,lsdj,sunny,sunshine
https://chipmusic.org/JonnyNero/music/animated-dreams-early-edition	chip rock,chiptune,gameboy,guitar,lsdj
https://chipmusic.org/ko0x/music/running-in-the-rain	8bit,chippop,chiptune,impulse tracker,ko0x,modplug tracker,openmpt,ske
https://chipmusic.org/SGAK/music/sorcerers-secret-tunnel	chiptune,nes
https://chipmusic.org/B4D-W0LF/music/to-be-later-named-1	please remix
https://chipmusic.org/wordswords/music/blue-sky	chiptune
https://chipmusic.org/B4D-W0LF/music/disgraceful---b1t-w0lf	chiptune,fakebit
https://chipmusic.org/B4D-W0LF/music/flappy-bird-on-hardcore-mode	almost nes,fakebit
https://chipmusic.org/infodrive/music/moon-mist!	gameboy,lsdj
https://chipmusic.org/jefftheworld/music/ntti-tytt	chiptune,lsdj,skweee,volca
https://chipmusic.org/OYMYO/music/side-effects-may-include	xxcx
https://chipmusic.org/OYMYO/music/unable-to-keep-up	
https://chipmusic.org/Nestrogen/music/pretty-much-anything-but-that	chiptune,nes
https://chipmusic.org/sparkyrogers/music/quarter-bit-n163	c64,chiptune,nes
https://chipmusic.org/PixelPanic/music/pixelpanic---neon-cityscape	chiptune,indie,lsdj,punk,rock
https://chipmusic.org/SGAK/music/electrocuted	chiptune,nes
https://chipmusic.org/carlschultz/music/potions-and-levers	chiptune,fakebit,lmms
https://chipmusic.org/TEOMAWKI/music/animlz	
https://chipmusic.org/franz_koopa/music/buscando-bayas-mgicas	fakebit game cheesy melodic fantasy impulsetracker it
https://chipmusic.org/metatronaut/music/mono	chiptune,gameboy,lsdj
https://chipmusic.org/metatronaut/music/bounce	chiptune,gameboy,lsdj
https://chipmusic.org/M36ABIT3/music/limbo-remix-fervor-tribute-rip	ableton,chiptune,gameboy,m33abit3,omaha
https://chipmusic.org/stinkbug/music/starlight-mall	chiptune,fakebit,house
https://chipmusic.org/Laffe+the+Fox/music/laffe-the-fox---heaven-for-monsters	8bit,bitpop,chip,chipmusic,chip music,electric colours,electro,heaven for monsters,laffe the fox,tryfold
https://chipmusic.org/magoni/music/august	simple melodic
https://chipmusic.org/LAUKMETAALS/music/-katana-vobla---smagi-	chipbass,chipstep,chiptune,gameboy,lsdj
https://chipmusic.org/Klamm/music/remember-super-mario	klamm,remember super mario
https://chipmusic.org/Volt+44/music/zero	chiptune
https://chipmusic.org/MilLs+Dj/music/mills-dj---mischeif-hollow	earthbound,hollow,mills dj,mischeif,mischeif hollow,nses
https://chipmusic.org/centopeiasoundsystem/music/fator-cinco	lofi,plogue
https://chipmusic.org/centopeiasoundsystem/music/plastic-cow-brown	fasttracker,lofi,nintendo samples
https://chipmusic.org/Brink/music/mlady-1-bit	1bit,beeper,beepola,zx spectrum
https://chipmusic.org/Brink/music/running-out-of-lives-game-boy	chiptune,gameboy,lsdj
https://chipmusic.org/TEOMAWKI/music/4sooth!	
https://chipmusic.org/Billsepher/music/our-victory	famitracker,nes,vrc6
https://chipmusic.org/Imaginary/music/that-summer-lives-on-in-our-hearts	2a03,bitpop,chiptune,famitracker,nes,nintendo
https://chipmusic.org/stinkbug/music/queen-of-the-sea	rpg,vgm,video game
https://chipmusic.org/halfsteps/music/halfsteps	autechre,idm,lsdj
https://chipmusic.org/Alpine/music/water-dream	5kb,amiga,archive,chiptune,fakebit,mod,modarchive,module
https://chipmusic.org/Ricky+Brugal/music/on-paper	gameboy,lsdj
https://chipmusic.org/Ludwig_Berlin/music/first-step	gameboy arduinoboy
https://chipmusic.org/jmc1987/music/i-got-your-assassin	chiprock,chiptune,gameboy,guitar,guitars,horror,lofi,loud,lsdj,noise,punk rock,rock,scifi
https://chipmusic.org/LAUKMETAALS/music/fixxxyourface	chipbass,chiprage,chipstep,chiptrash,chiptune,chrap,gameboy,lsdj
https://chipmusic.org/WolfDirective/music/tease-her---mini-mix-[1x-lsdj]	chiptune,lsdj
https://chipmusic.org/YERZMYEY/music/a-very-odd-adventure	adventure,interface,odd,sinclair,spectrum,very,yerzmyey,ym2149
https://chipmusic.org/Calavera/music/about-us	calavera,chiptune,gameboy,lsdj,melbourne
https://chipmusic.org/Imaginary/music/loyalty	2a03,bitpop,chiptune,famitracker,nes,oldschool
https://chipmusic.org/LAUKMETAALS/music/rickys-rampage	chipbass,chipstep,chiptrash,chiptune,chrap,gameboy,lsdj
https://chipmusic.org/AWE/music/beyond-darkness	ambient
https://chipmusic.org/psc/music/ultimate-mk3-stage-the-pit-3	gameboy
https://chipmusic.org/psc/music/ultimate-mk3-stage-the-bridge	gameboy
https://chipmusic.org/psc/music/ultimate-mk3-stage-the-desert	gameboy,mml
https://chipmusic.org/Boy+Without+Batteries/music/apartment-modern-baseball-cover-2xlsdj	2xlsdj,chiptune,cover,lsdj,modern baseball,poppunk
https://chipmusic.org/rana/music/chip-hop-back-track-01	nes
https://chipmusic.org/Klamm/music/cryosleep	cryosleep,klamm,music
https://chipmusic.org/HardstyleFox/music/scary-monsters-and-nice-sprites-zenkomani-remix	and,dmg,gameboy,keyboard,livemodeornomode,lsdj,monsters,nice,scary,skrillex,sprites,zenkomani
https://chipmusic.org/ocean+palace/music/kingdoms-of-madness	fakebit
https://chipmusic.org/ecce+homo/music/up-in-the-sky	acoustic guitar,chiptune,ecce homo,folk,lsdj,nothing is the new something,pop,vocal
https://chipmusic.org/ecce+homo/music/theres-a-whisper	acoustic guitar,chiptune,ecce homo,folk,lsdj,nothing is the new something,pop,vocal
https://chipmusic.org/ecce+homo/music/dont-be	acoustic guitar,chiptune,ecce homo,folk,lsdj,nothing is the new something,pop,vocal
https://chipmusic.org/ecce+homo/music/the-game	acoustic guitar,chiptune,ecce homo,folk,lsdj,nothing is the new something,pop,vocal
https://chipmusic.org/ecce+homo/music/if	acoustic guitar,chiptune,ecce homo,folk,lsdj,nothing is the new something,pop,vocal
https://chipmusic.org/ecce+homo/music/when-its-cold-id-like-to-die	acoustic guitar,chiptune,ecce homo,folk,lsdj,nothing is the new something,pop,vocal
https://chipmusic.org/ecce+homo/music/the-trade	acoustic guitar,chiptune,ecce homo,folk,lsdj,nothing is the new something,pop,vocal
https://chipmusic.org/ecce+homo/music/run	acoustic guitar,chiptune,ecce homo,folk,lsdj,nothing is the new something,pop,vocal
https://chipmusic.org/ecce+homo/music/kiss	acoustic guitar,chiptune,ecce homo,folk,lsdj,nothing is the new something,pop,vocal
https://chipmusic.org/ecce+homo/music/believe	acoustic guitar,chiptune,ecce homo,folk,lsdj,nothing is the new something,pop,vocal
https://chipmusic.org/ecce+homo/music/i-tried	acoustic guitar,chiptune,ecce homo,folk,lsdj,nothing is the new something,pop,vocal
https://chipmusic.org/ecce+homo/music/gone	acoustic guitar,chiptune,ecce homo,folk,lsdj,nothing is the new something,pop,vocal
https://chipmusic.org/ecce+homo/music/atlantic-city	acoustic guitar,chiptune,ecce homo,folk,lsdj,nothing is the new something,pop,vocal
https://chipmusic.org/ecce+homo/music/who-are-you	acoustic guitar,chiptune,ecce homo,folk,lsdj,nothing is the new something,pop,vocal
https://chipmusic.org/ecce+homo/music/humunculus	acoustic guitar,chiptune,ecce homo,folk,lsdj,nothing is the new something,pop,vocal
https://chipmusic.org/ArcOfDream/music/descent	chiptune,pxtone
https://chipmusic.org/Cam/music/safe-banana	chiptune,gameboy,lsdj
https://chipmusic.org/Jredd/music/so-ruff-so-tuff-sega-mix-featuring-groovemaster303	2014,funk,groovemaster303,hip hop,jredd,megadrive,old school,sega genesis,trevin hughes,vgmm,zapp  roger
https://chipmusic.org/Volt+44/music/looking-back	impulse tracker,schism tracker,tracker music
https://chipmusic.org/Ypmid/music/puzzles	famitracker,fl studio,ypmid
https://chipmusic.org/zneth/music/bionic-heart	8bit,chiptune,lsdj,zneth bionicheart
https://chipmusic.org/Imaginary/music/hoverbike	2a03,cdm,chiptune,edm,famitracker,nes,nintendo
https://chipmusic.org/sandneil/music/sandneil-at-a-rave	chiptune
https://chipmusic.org/Klamm/music/escape-from-reality	electronic,escape,from,klamm,reality
https://chipmusic.org/8BIT+KIDD/music/8bit-kidd	chiptune,gameboy,lsdj
https://chipmusic.org/Hashtagyoloswag/music/frecklefields-demo	loch nes monster
https://chipmusic.org/B4D-W0LF/music/mario-breakcore	3osc,bit box,breakcore,chiptune,speedcore
https://chipmusic.org/B4D-W0LF/music/partly-burnt-partly-frozen-partly-corrupted	chiptune,fakebit
https://chipmusic.org/PixelPanic/music/pixelpanic---white-water	chiptune,indie,lsdj,punk,rock
https://chipmusic.org/B4D-W0LF/music/manufactured-soul	chiptune,fakebit,nes
https://chipmusic.org/wedanced/music/nomad	chiptune,genesis,genmdm,nomad,sega
https://chipmusic.org/B4D-W0LF/music/mario-trap	chiptune,fakebit
https://chipmusic.org/B4D-W0LF/music/gameboy-cartridge-by-manic-savant	
https://chipmusic.org/8BIT+KIDD/music/slow-death	chiptune,gameboy,lsdj
https://chipmusic.org/ocean+palace/music/falling-hard	fakebit
https://chipmusic.org/LazierGunz/music/wires-and-rings-raw-lsdj-version	cleveland,electrofolk,gameboy,lazier gunz,lsdj
https://chipmusic.org/Super+Prism/music/hurricane	chiptune,dubstep,electro,electronic,gameboy,gameboy,glitch,lsdj
https://chipmusic.org/Klamm/music/ice-and-fire	chip,ice and fire,klamm,klammmakesnoisecom
https://chipmusic.org/PAULA+POWERED/music/vivienne-westwood	amiga,digital,punk,vivienne westwood
https://chipmusic.org/STereochan/music/end-of-the-world-wip-demo	anamanaripoff,gameboy,guitar,lsdj
https://chipmusic.org/SolarLune/music/artery-partery-v02	chiprave,electro,fakebit,solarlune,sunvox
https://chipmusic.org/Laffe+the+Fox/music/laffe-the-fox--zalza---cats-dont-play-video-games	8bit,bitpop,cats dont play video games,chip,chipmusic,chiptune,laffe the fox,snes,super nintendo,zalza
https://chipmusic.org/infodrive/music/the-chase-1xlsdjnitropulse--infodrive	gameboy,infodrive,lsdj,nitropulse
https://chipmusic.org/IceWolf/music/floating-clouds	electronic,korg ds10
https://chipmusic.org/Carfie/music/dark-and-darko-theme	8bit,megaman
https://chipmusic.org/franz_koopa/music/la-ville-du-port-spatial	chiptune,fakebit,impulsetracker,jazzfunk,jazzfusion,megadrive,space,ym2612
https://chipmusic.org/zneth/music/norad	chiptune,lsdj
https://chipmusic.org/Sanczo+Zapiekanka/music/subliminal-stroll	nanoloop
https://chipmusic.org/b4by+f4c3/music/hes-the-fuckn-man	chiptune,darkchip,dmg,glitch,grime,lsdj,noise,samples
https://chipmusic.org/Nestrogen/music/unkempt-and-leisurely-passage	chiptune,gameboy,lsdj
https://chipmusic.org/bun49/music/gus	famitracker,gus,gus,gus swegpls,short
https://chipmusic.org/Kommisar/music/cherry-cola	chiptune,gameboy,kommisar,lsdj,moncton
https://chipmusic.org/joule/music/joule--obbe---princess-levitation	chiptune,jazz
https://chipmusic.org/Mooninite/music/second-wave	beat,chiptune,cosmic,footwork,gameboy,nanoloop
https://chipmusic.org/stinkbug/music/cityscape	fm8,funk
https://chipmusic.org/Imaginary/music/strawberry-crush	2a03,chiptune,famitracker,nes
https://chipmusic.org/KungFuFurby/music/super-quality-series-track-1--the-quality-challenge-snes	snes
https://chipmusic.org/TEOMAWKI/music/warning-this-song-contains-music	
https://chipmusic.org/Chema64/music/chvrchs---the-mother-we-share	chiptune,gameboy,lsdj
https://chipmusic.org/M36ABIT3/music/limbo	ableton,chiptune,gameboy,lsdj
https://chipmusic.org/Square+Feet/music/life-in-red-village	life in red village famitracker namco chip nes love and colour
https://chipmusic.org/ryba/music/rybachybadrone	drone,gameboy,nanosynth
https://chipmusic.org/synergenesis/music/this-is-the-future-teaser	cyberpunk,fakebit,future,sidechain
https://chipmusic.org/sparkyrogers/music/otaku-beenz-sicker-of-puyo-puyo-remix-vrc6	
https://chipmusic.org/massiveuntilmorning/music/outer-original-mix	gameboy,lsdj
https://chipmusic.org/LAUKMETAALS/music/m1l1tnt-cht-bit-crw	chipbass,chipstep,chiptrash,chiptune,gameboy,lsdj
https://chipmusic.org/nintendro+boy/music/binary-industrialist	amiga,atari,c64,chiptune,gameboy,nes
https://chipmusic.org/nitro+pulse/music/3d-dance-lucas-noahnitropulse	1988,c64,collab,dance,gameboy,lsdj,lucas,lucasnoah,nitropulse,noah,remake
https://chipmusic.org/mikebleeds/music/close-your-eyes	chiptune,gameboy,lsdj
https://chipmusic.org/1950+D.A/music/m0urn1ngst4r	2a02,199xda,808,909,1950da,6502,drtychiphouse,lgpt,littlepiggytracker,ph4t,pspx01
https://chipmusic.org/MilLs+Dj/music/mills-dj---good-bye-for-now	bro,bros,cookies,dude,good bye,good bye for now,mills dj,soon,sup,true bro
https://chipmusic.org/Ypmid/music/tiny-breakfast	2a03,famitracker,imaginary,nes,ypmid
https://chipmusic.org/sparkyrogers/music/bottom-tier-n163	chiptune,nes
https://chipmusic.org/Imaginary/music/under-the-bleachers	2a03,bitpop,chiptune,famitracker,nes
https://chipmusic.org/Lack+of+Sound/music/harsh-agro	chiptune,gameboy,lsdj
https://chipmusic.org/mikebleeds/music/sagittarius	chiptune,gameboy,lsdj
https://chipmusic.org/Alpha+C/music/no-way-back	eindbaas,fakebit,openmpt
https://chipmusic.org/nintendro+boy/music/plasma-rifles-are-the-party!!!	gameboy,loud music,lsdj,nes,pulsar
https://chipmusic.org/Smashboy/music/solar-beam	chiptune,gameboy,lsdj,smashboy,solar beam
https://chipmusic.org/wint3r/music/happy-day	
https://chipmusic.org/lucasnoah/music/moral-mortal-the-quest-for-realitylsdj	chiptune,gameboy,lsdj
https://chipmusic.org/Klamm/music/beauty--the-boy	chipmusicorg,klamm,music,the beauty  the boy
https://chipmusic.org/Jredd/music/giga-snap-sega-genesis	2014,funk,hip hop,jredd,megadrive,old school,sega genesis,trevin hughes,vgmm
https://chipmusic.org/wint3r/music/linkin-park---burn-it-down-wint3r-chiptune-cover	chiptune,nes
https://chipmusic.org/Ricky+Brugal/music/ta-bueno	gameboy,lsdj
https://chipmusic.org/Mr.+Zongrs/music/the-pirate-king-of-space	chiptune,gameboy,lsdj,space pirate
https://chipmusic.org/Bit+wish/music/voices-and-chambers	chiptune,gameboy,lsdj,soundtrack
https://chipmusic.org/Monotron/music/sell-out-ym-2413-genesis-cover	genesis,master system,sega,ym 2413
https://chipmusic.org/Super+Prism/music/echos	chiptune,dance,dubstep,edm,electro,electronic,gameboy,glitch,lsdj
https://chipmusic.org/nitro+pulse/music/mango-boy-smashboynitropulse	beach,callab,chiptune,dance,gameboy,lsdj,nitro,pop,pulse,relaxing,summer,tropicalparty
https://chipmusic.org/Imaginary/music/island-montain-ypmid--imaginary	2a03,chiptune,famitracker,nes
https://chipmusic.org/YERZMYEY/music/courtesy-an-zxay-cover-of-super-hexagon-chipzels-song	chipzel,cover,game,hexagon,interface,spectrum,super,yerzmyey,ym2149
https://chipmusic.org/Kittenrock/music/caudiokittenrockdisused-pier---consulardiptych	dwkfuuuuuuuuuuuuuuuuuuuuuuuuuuuuuuua
https://chipmusic.org/zneth/music/draxs	8bit,chiptune,gameboy,lsdj
https://chipmusic.org/ecce+homo/music/wind-through-the-trees	chiptune,milkytracker
https://chipmusic.org/what+colors/music/what-colors---etc	ableton,aggressive glitchy track,etc,glitch,trippy,what colors
https://chipmusic.org/ecce+homo/music/theme1	chiptune,milkytracker
https://chipmusic.org/8BIT+KIDD/music/super-smash	chiptune,gameboy,lsdj
https://chipmusic.org/ecce+homo/music/glitch	chiptune,milkytracker
https://chipmusic.org/zneth/music/super-star-ship-deluxe	9bit,chiptune,fakebit,nes,zneth
https://chipmusic.org/ocean+palace/music/idiot-fuckboy	fakebit
https://chipmusic.org/segatr0n/music/powersuit	chiptune,gameboy,lsdj
https://chipmusic.org/Imaginary/music/escape-velocity-never-look-back	2a03,chiptune,earthseed,famitracker,nes,poppunk
https://chipmusic.org/Monotron/music/the-door-will-be-locked-by-the-time-you-come-back-home	chiptune,drums,gameboy,guitar,lsdj,rock
https://chipmusic.org/danthalian/music/limitation	amiga,chiptune
https://chipmusic.org/Feryl/music/love-of-her-life	chipmusic,chiptune,feryl,love of her life
https://chipmusic.org/B4D-W0LF/music/golden-retriever-by-manic-savant	lsdj
https://chipmusic.org/8BIT+KIDD/music/get-fucked-up	chiptune,gameboy,lsdj
https://chipmusic.org/Brandon/music/when	
https://chipmusic.org/Brandon/music/call-of-the-beats	
https://chipmusic.org/Brandon/music/the-remix	
https://chipmusic.org/MilLs+Dj/music/mills-dj---dream-chaser	angry,chaser,crave,determination,dream,dream chaser,power,want,winner
https://chipmusic.org/zneth/music/vertical-blanking	chiptune,gameboy,lsdj
https://chipmusic.org/Super+Prism/music/new-moon	beethoven,chiptune,classical,electronic,gameboy,lsdj,sad,slow
https://chipmusic.org/segatr0n/music/cyber-girl	chiptune,gameboy,lsdj
https://chipmusic.org/Rees/music/the-amazing-spider-man-chiptune-remix	cartoon,chiptune,classic,lsdj,remix,song,spiderman,theme
https://chipmusic.org/Sanczo+Zapiekanka/music/i-have-no-idea	nanoloop
https://chipmusic.org/NimbleF0x/music/blazed	chiptune,gameboy,lsdj
https://chipmusic.org/carlschultz/music/chunks-of-velvet-moss	fakebit
https://chipmusic.org/Super+Prism/music/luminescencse	chiptune,dubstep,gameboy,glitch,lsdj
https://chipmusic.org/Zono/music/zomboy---mind-control-clean	dubstep
https://chipmusic.org/Zono/music/tristam---follow-me-1080p-bass-boosted	dubstep
https://chipmusic.org/Kubbi/music/polarity-teslagrad-ost-remix	chiptune
https://chipmusic.org/Brink/music/agent-zx-amstrad-cpc	agent x,amstrad cpc,arkos tracker,chiptune,theft
https://chipmusic.org/danthalian/music/year-4097	amiga,chiptune
https://chipmusic.org/danthalian/music/power-of-noise	amiga,chiptune
https://chipmusic.org/djmaximum/music/casio-ctk-150-kits-for-lsdj	
https://chipmusic.org/B4D-W0LF/music/25th-anniversary-of-the-gameboy	b4dw0lf,lsdj
https://chipmusic.org/SilverGhoul/music/crimson-city	chiptune,gameboy,lsdj
https://chipmusic.org/little+combat/music/baseball	gameboy,guitar,lofi,lsdj,punk,surf
https://chipmusic.org/Klamm/music/possibilities	chipmusicorg,klamm,possibilities
https://chipmusic.org/Andbolio/music/to-get-her-we-must-find-her	fakebit,lsdj
https://chipmusic.org/rana/music/help	chiptune,nes
https://chipmusic.org/unini/music/theme-song	chiptune,nanoloop
https://chipmusic.org/rana/music/rain	chiptune,nes
https://chipmusic.org/Klamm/music/mr-fatman	chipmusic,chiptune,klamm,mr fatman
https://chipmusic.org/Jayster/music/face-the-unknown	chiptune,famicom,famitracker,neoprog,nes,nintendo,prog,vrc6
https://chipmusic.org/Cosmic+Winston/music/frozen--let-it-go	christopher bill,frozen,youtube
https://chipmusic.org/sparkyrogers/music/chemical-wavez-2a03-sonic-2-cover	2a03 sonic chemical zone nes genesis megadrive
https://chipmusic.org/MilLs+Dj/music/mills-dj---high-on-life	chiptune,high on life,mills dj
https://chipmusic.org/Kommisar/music/epsilon-5150-weekly-treats-19	chiptune,gameboy,insaneous,lsdj,moncton
https://chipmusic.org/MaxDolensky/music/what-to-say	ableton,gameboy,lsdj,max
https://chipmusic.org/arlen/music/the-quiet-one	4kb,fast tracker 2,fasttracker2,ft2,keygen,milkytracker,modplug,open mpt,small
https://chipmusic.org/Jellica/music/hejee	beats,from,from,from,from,from,gameboy,jam,monotribe,ms20mini,pss580,techno,volca
https://chipmusic.org/Im_A_Track_Man/music/99	boredom,gameboy,lsdj,this took about 5 hours
https://chipmusic.org/8BIT+KIDD/music/8bit-skull	chiptune,gameboy,lsdj
https://chipmusic.org/MilLs+Dj/music/mills-dj---robots--pirates	mills dj,pirates,robots,robots and pirates,squidward
https://chipmusic.org/Spore/music/gameboyfriend	chiptune,dj spore,gameboy,lsdj
https://chipmusic.org/D-Sherr/music/doin-nothin-demo	based,lazy,lsdj,sunday
https://chipmusic.org/b4by+f4c3/music/underestimated-majesty	chiptune,darkchip,dmg,grime,lsdj,noise
https://chipmusic.org/sparkyrogers/music/wistful-aphrodesiac	chiptune,nes,nostalgic,vrc6
https://chipmusic.org/Jredd/music/urban-chill-featuring-groovemaster303	2014,groovemaster303,hip hop,jredd,megadrive,old school,sega genesis,trevin hughes,vgmm
https://chipmusic.org/MC+Jimmy/music/nothing-can-hold-me-down	chiptune,famitracker,n163,namco,nes,original
https://chipmusic.org/Nintendokore64/music/phosphors	chiptune,gameboy ambient,lsdj
https://chipmusic.org/Ultrasyd/music/silly-venture-atari-ste	atari,maxymiser,nap in the garden,needs work,unmastered
https://chipmusic.org/Kommisar/music/balsamic	chiptune,gameboy,kommisar,lsdj,moncton
https://chipmusic.org/Hide+Your+Tigers/music/uncharted-terrain-lsdj	chiptune,gameboy,hide your tigers,lsdj,vegas
https://chipmusic.org/Dadibom/music/there-will-be-no-tomorrow	gameboy,lsdj
https://chipmusic.org/arlen/music/shithead	cracktro,dumb,fasttracker,fast tracker 2,ft2,milkytracker
https://chipmusic.org/TEOMAWKI/music/a-tribute-to-homestar-runner	
https://chipmusic.org/Merutochan/music/summer-98	chiptune,gameboy,happy hardcore,lsdj
https://chipmusic.org/m4dek/music/take-a-picture	aggressive,chiptune,dramatic,famitracker,fast,happy,irregular,m4dek,optimistic,vrc6
https://chipmusic.org/ocean+palace/music/elf-girlz	fakebit
https://chipmusic.org/GDNGHTLMPLGHT/music/berlinworking-title	chiptune,gameboy,lsdj,nanoloop
https://chipmusic.org/BecomingTheFalcon/music/trapped	
https://chipmusic.org/BrickBRKer/music/human-transmutation	brick,brker,chiptune,gameboy,lsdj
https://chipmusic.org/Platonist/music/up!	chiptune,fakebit,nes,schism tracker
https://chipmusic.org/Jredd/music/the-mysterious-mansion	2014,atmpospheric,cute,jredd,megadrive,sega genesis,spooky,trevin hughes,vgmm
https://chipmusic.org/validpointdaniel/music/jack-falls-in-and-out-of-the-prison-system	chiptune,fakebit,famitracker
https://chipmusic.org/Bit+wish/music/shaman	chiptune,gameboy,lsdj
https://chipmusic.org/playheroffline/music/smitten	gameboy,lsdj
https://chipmusic.org/BrickBRKer/music/seven-teens	brick,brker,chiptune,gameboy,lsdj
https://chipmusic.org/Moonside/music/jellienintendocore	chiptune,gameboy,lsdj,moonside,nintendocore
https://chipmusic.org/HappyPandaFace/music/libcoolja	coolj
https://chipmusic.org/Ypmid/music/once-in-a-while	famitracker,nes,vrc6,ypmid
https://chipmusic.org/aanaaanaaanaaana/music/9082	
https://chipmusic.org/Ro-Bear/music/waiting-for-tonight	chiptune,from the block,gameboy,j lo,lsdj
https://chipmusic.org/8BIT+KIDD/music/total-death	chiptune,gameboy,lsdj
https://chipmusic.org/nonsynths/music/fun-with-level-6---face-shrine	chipbass,gameboy,lsdj
https://chipmusic.org/drexegar/music/korg-ds-10-turbo-graphx-16---pc-engine-test---shooter-style	chiptune,get ready,korg ds10,pcengine,shooter,space,style,turbographx 16
https://chipmusic.org/AceMan/music/jesus-stole-my-jelly-beans	ahx,amiga,demoscene,revision,tracked
https://chipmusic.org/escaping_cybertron/music/stargazers-2014	gameboy,lsdj,stargazers
https://chipmusic.org/BrickBRKer/music/open-world	brick,brker,chiptune,gameboy,lsdj
https://chipmusic.org/carlschultz/music/elephant-jupiter-with-a-sewn-up-heartbeat	fakebit
https://chipmusic.org/gotoandplay/music/phase-1-complete	beeper,phaser1,zx spectrum
https://chipmusic.org/webland0/music/slow-moving-lava	chiptune,famisynth,five ways to infinity,fl studio,rock
https://chipmusic.org/Calavera/music/nice-to-meet-you-fuji-sama	1xlsdj,chiptune,dmg01,game boy,lsdj
https://chipmusic.org/arlen/music/cops-and-beepers-casey-tatum-cover	1 bit,1bit,1bit,beeper,casey tatum,cover,not 8bit,tim and eric,zx beep,zx spectrum
https://chipmusic.org/segatr0n/music/attack-on-2014-live-performance	chiptune,gameboy,lsdj
https://chipmusic.org/Bitamin/music/bitamin---astronaut-free-download	chiptune
https://chipmusic.org/Dire+Hit/music/thvnder-l!ghtn!ng	bass,chiptune,dubstep,gameboy,lsdj,real,shit,trap
https://chipmusic.org/VCMG/music/best-friends	chiptune,modplug
https://chipmusic.org/Benjeta/music/return	amiga,arp,bass,benjeta,chiptune,dance,drums,hats,lead,other,plucked,return,snares
https://chipmusic.org/Vitali+Glitchko/music/make-it-fakebit-fakebit-psytrance	fakebit,progressive,psytrance,techno
https://chipmusic.org/8BIT+KIDD/music/emerald	chiptune,gameboy,lsdj
https://chipmusic.org/Jredd/music/cherry-blossoms-featuring-groovemaster303--aly-james	2014,aly james,groovemaster303,hip hop,jredd,megadrive,sega genesis,trevin hughes,vgmm
https://chipmusic.org/Sanczo+Zapiekanka/music/chvartkoovka-theme	fakebit
https://chipmusic.org/Bamboori/music/deserted	chiptune,gameboy,lsdj,slow
https://chipmusic.org/iamowlsense/music/8-bit-practice-4	c64,chiptune,fakebit,famicom,gameboy
https://chipmusic.org/Ash+C./music/sensei	chiptune,karate,nes,tracker
https://chipmusic.org/8BIT+KIDD/music/crash-landing	chiptune,gameboy,lsdj
https://chipmusic.org/Axel-havoc/music/esteban-was-eaten!	and,band,chiptune,gameboy,hate,lsdj,robot,the,this,timmy,website
https://chipmusic.org/8BIT+KIDD/music/cindys-nightmare	chiptune,gameboy,lsdj
https://chipmusic.org/Dire+Hit/music/nnnnnnnnnn-diss-track	8bit,chiptune,dubstep,gameboy,lsdj
https://chipmusic.org/wedanced/music/dead-gb-[weekly-beats-15]	ableton,chiptune,gameboy,house,lsdj,techno
https://chipmusic.org/Together+We+Are+Robots/music/boneshaker	americana,chiptune,drums,folk,gameboy,guitar,lsdj,vocals
https://chipmusic.org/Jayster/music/frost---black-light-machine-cover	famicom,famitracker,neoprog,nes,nintendo,progressive,rock,vrc6
https://chipmusic.org/Solarbear/music/the-ballad-of-el-gohque	mariachi metal prog
https://chipmusic.org/VCMG/music/omiero	chiptune,gameboy,lsdj
https://chipmusic.org/Sanczo+Zapiekanka/music/dreaming-of-deterrence-theory-ds-10	korg ds10
https://chipmusic.org/carlschultz/music/fragile-aching-shade-of-the-childrens-summer	chiptune,fakebit
https://chipmusic.org/ultrageranium/music/candy-bleach	milkytracker
https://chipmusic.org/Volt+44/music/april	schism tracker
https://chipmusic.org/Laffe+the+Fox/music/v-axys--laffe-the-fox---bright-sky-dark-space	8bit,bitpop,bright sky dark space,chip,chipmusic,laffe the fox,vaxys
https://chipmusic.org/Jredd/music/ignite-the-flow-featuring-rob-groovemaster303-cosmobg-dropbit-and-toni-leys	chiptune,cosmobg,dropbit,groovmaster303,jredd,progressive,rob,sega genesis,toni leys,vgmmm
https://chipmusic.org/cris2600/music/my-log-saw-something-that-night	analog,fm synth,guitar,korg,midines,nes,yamaha
https://chipmusic.org/Aly+James/music/snake-charmer-ym2612-fmdrive-vst--spsg	aly james,fmdrive,genesis,megadrive,sega,spsg,ym2612
https://chipmusic.org/Aly+James/music/-2-megas-end-spsg-vst	aly james,sn76489,spsg,ym2149
https://chipmusic.org/Aly+James/music/fm-mecha--ym2612-fmdrive-vst--spsg-csm-mode-in-the-end	aly james,fmdrive,genesis,megadrive,sega,spsg,ym2612
https://chipmusic.org/Aly+James/music/wandering-waves-fmdrive--spsg-vst	aly james,fmdrive,genesis,megadrive,sega,spsg,ym2612
https://chipmusic.org/Aly+James/music/pandora-box-ym2612-fmdrive-vst--spsg-md1-dac-distortion-showcase	aly james,fmdrive,genesis,megadrive,sega,spsg,ym2612
https://chipmusic.org/Aly+James/music/da-pimp----fmdrive--spsg-fmpsg-mac-daddy-version	aly james,fmdrive,genesis,megadrive,sega,spsg,ym2612
https://chipmusic.org/Aly+James/music/resistance-ym2612-fmdrive-vst--spsg	aly james,fmdrive,genesis,megadrive,sega,spsg,ym2612
https://chipmusic.org/Aly+James/music/funkotron-trip01----fmdrive--spsg	aly james,fmdrive,genesis,megadrive,sega,spsg,ym2612
https://chipmusic.org/Aly+James/music/funkotron-trip02----fmdrive--spsg-just-fm-no-pcm	aly james,fmdrive,genesis,megadrive,sega,spsg,ym2612
https://chipmusic.org/Aly+James/music/bosconian---flash-flash-flash---extended-fmdrive-vst--spsg	aly james,fmdrive,genesis,megadrive,sega,spsg,x68000,ym2151,ym2612
https://chipmusic.org/Aly+James/music/final-boss-to--staff-roll---fmdrive--spsg-vst	aly james,fmdrive,genesis,megadrive,sega,spsg,ym2612
https://chipmusic.org/Aly+James/music/intruder----ym2612-megadrive-model-1-rec----made-wt-fmdrive--spsg-vst-	aly james,fmdrive,genesis,megadrive,sega,spsg,ym2612
https://chipmusic.org/jerkemy/music/zero-to-shitty-in-27-seconds	chiptune,guitar,lsdj,punk
https://chipmusic.org/Jayster/music/groovin-on-up-m01d	3ds,funk,fusion,jazz,korg,korg mo1d,m01d,seinfeld,slappy
https://chipmusic.org/rumpelfilter/music/poka-bjorn-feat-sissi-lemon--domisoldo-summer-in-mitaka	c64,chiptune,fakebit
https://chipmusic.org/MostlyToast/music/is-someone-there	chiptune,gameboy,lsdj
https://chipmusic.org/SPCCSM/music/train	chiptune,dance,gameboy,lsdj
https://chipmusic.org/Kommisar/music/paprika	chiptune,gameboy,insaneous,lsdj,moncton
https://chipmusic.org/Ten+Pixels+Tall/music/touchtone	chiptune,gameboy,lsdj
https://chipmusic.org/ocean+palace/music/im-haunted	fakebit
https://chipmusic.org/VCMG/music/by-the-way	chiptune,gameboy,lsdj
https://chipmusic.org/Iron+Curtain/music/daiyenu	chiptune,gameboy,holiday,jew,jewish,jewry,judaism,lsdj,paschal,passover,pesach
https://chipmusic.org/MilLs+Dj/music/mills-dj---what-i-want	breakdown,mario bros,mills dj,remix,scooby doo,what i want
https://chipmusic.org/MilLs+Dj/music/mills-dj---flashback	flash back,good old days,mills dj
https://chipmusic.org/MilLs+Dj/music/mills-dj---depth	bass,depth,electronic,fl studio,house,mills dj,producer edition,techno
https://chipmusic.org/TEOMAWKI/music/indirect-output	
https://chipmusic.org/DangerCaptainDanger/music/press-start	chiptune,danger captain danger,gameboy,iowa,lsdj,lsdj
https://chipmusic.org/Laffe+the+Fox/music/superheroboy-feat-laffe-the-fox---personal-planet	8bit,bitpop,chip,chipmusic,laffe the fox,personal planet,superheroboy
https://chipmusic.org/tadashibashi/music/interact-for-game-boy-piano-and-string-quartet	cello,gameboy,lsdj,piano,quintet,viola,violin
https://chipmusic.org/Jredd/music/enchanted-forrest-sega-genesis	2014,jredd,megadrive,mellow,no samples,psg,sega genesis,trevin hughes,vgmm
https://chipmusic.org/HolyNegative0/music/switch-hands	fl studio,gameboy,lsdj,phylotix,uno
https://chipmusic.org/Mrwimmer/music/they-say-its-spring-blossom-dearie-cover	gameboy,lsdj
https://chipmusic.org/DBOYD/music/tactics-demo	
https://chipmusic.org/PixelSwordStopper/music/mod-loop	gameboy
https://chipmusic.org/sleepytimejesse/music/mymecophile-random-wiki-comp	sunvox
https://chipmusic.org/Zer0+Filt3r/music/battle-royale	gameboy,lsdj
https://chipmusic.org/JellyBear/music/africa-cover	africa,gameboy,lsdj,toto
https://chipmusic.org/3ndymion/music/lament-of-layla	chiptune,digital underdogs,dmg01,dud,gameboy,kloudygirl,layla,lsdj,nintendo,sad,sadness,sad song
https://chipmusic.org/Shadow64/music/history-of-the-demon-girl---the-8th-circle	boppin,chiptune,expansion,nes
https://chipmusic.org/kubzoey/music/pancaked-by-jupiter	ambient,dark,milkytracker,monumental,noisy,space
https://chipmusic.org/Jansaw/music/encounter-usb-boy-demo	gameboy,lsdj,usbboy
https://chipmusic.org/yoshitohinton/music/tumultuous-sea-of-bacon	chiptune,milkytracker
https://chipmusic.org/yoshitohinton/music/snorkeling-in-the-blizzard	chiptune,milkytracker
https://chipmusic.org/hutsvoid/music/deirdre-of-the-sorrows	chiptune,deirdre of the sorrows irish whistle
https://chipmusic.org/Brink/music/aurora-borealis-queen-of-the-northern-lights-vrc6	famicom,famitracker,nes,vrc6
https://chipmusic.org/Protoflight/music/post	chiptune,electro,gameboy,house,lsdj,trance
https://chipmusic.org/Shyft_VahtiDahl/music/winding-coils	gameboy
https://chipmusic.org/Shyft_VahtiDahl/music/yuddle	c64,dance
https://chipmusic.org/Shyft_VahtiDahl/music/eggortror	chiptune,fakebit,nes
https://chipmusic.org/Laffe+the+Fox/music/laffe-the-fox--super-robotic-encounters---eat-fireballs!	8bit,bitpop,chip,chipmusic,eat fireballs,laffe the fox,super robotic encounter
https://chipmusic.org/ocean+palace/music/hyper-jammer	chiptune
https://chipmusic.org/b4c0n/music/c4f3-l4-t	
https://chipmusic.org/Shadow64/music/history-of-the-demon-girl---break-through-hell	chiptune,expansion,nes
https://chipmusic.org/IceWolf/music/smooth-maneuvers	chiptune,klystrack
https://chipmusic.org/Jansaw/music/purple-mist-in-the-moonlit-night-z80band	drums,gameboy,lsdj
https://chipmusic.org/qbnut/music/punked-solarpixels	chiptune,gameboy,lsdj
https://chipmusic.org/Goggle+Kid/music/death	chiptune,dsi,fakebit,gogglekid,rytmik
https://chipmusic.org/STAR%2ADRIVER/music/never-again-maybe	chiptune,gameboy,lsdj
https://chipmusic.org/MrIndieJ/music/hseofhor	chiptune,gameboy,lsdj
https://chipmusic.org/MrIndieJ/music/header	chiptune,gameboy,lsdj
https://chipmusic.org/MrIndieJ/music/comforte	chiptune,gameboy,lsdj
https://chipmusic.org/MrIndieJ/music/catslyva	chiptune,gameboy,lsdj
https://chipmusic.org/MrIndieJ/music/mt!spac2	chiptune,gameboy,lsdj
https://chipmusic.org/MrIndieJ/music/mt!space	chiptune,gameboy,lsdj
https://chipmusic.org/MrIndieJ/music/itsmthng	chiptune,gameboy,lsdj
https://chipmusic.org/MrIndieJ/music/smthdoom	chiptune,gameboy,lsdj
https://chipmusic.org/MrIndieJ/music/bitdeth	chiptune,gameboy,lsdj
https://chipmusic.org/MrIndieJ/music/meh	chiptune,gameboy,lsdj
https://chipmusic.org/MrIndieJ/music/we-r-aln	chiptune,gameboy,lsdj
https://chipmusic.org/MrIndieJ/music/lurvebit	chiptune,gameboy,lsdj
https://chipmusic.org/MrIndieJ/music/trk-n-dr	chiptune,gameboy,lsdj
https://chipmusic.org/MrIndieJ/music/tpsytrvy	chiptune,gameboy,lsdj
https://chipmusic.org/MrIndieJ/music/profbros	chiptune,gameboy,lsdj
https://chipmusic.org/MrIndieJ/music/clkclk!	chiptune,gameboy,lsdj
https://chipmusic.org/nonsynths/music/cityhunt-warm-maxie-mix	gameboy,lsdj
https://chipmusic.org/thevillain/music/castle-of-desolation-8-bit	chiptune,fakebit,gameboy,nes
https://chipmusic.org/DMV.ppt/music/l!ghtcycles---salad-defender-mkii	a very diverse salad,dmg,gameboy,lsdj
https://chipmusic.org/IceWolf/music/factory-flux	chiptune,lgpt
https://chipmusic.org/Klamm/music/lightbringer	klamm,lightbringer,music
https://chipmusic.org/ocean+palace/music/love-and-solitude	fakebit
https://chipmusic.org/Kool+Skull/music/turndafucup---kool-skull-chipthrash-remix	chipthrash,chiptune,fuck you,gameboy,lsdj,nanoloop
https://chipmusic.org/Dire+Hit/music/chrap-shit-ii-revenge-of-the-lowend	chiptune,dubstep,edm,extra,gameboy,lsdj,tags,trap
https://chipmusic.org/8-Bit+Light+Orchestra/music/serpentine	c64,chiptune
https://chipmusic.org/Jredd/music/take-flight-featuring-groovemaster303	2014,drum n bass,groovemaster303,jredd,megadrive,rock,sega genesis,trevin hughes,vgmm
https://chipmusic.org/Volt+44/music/dream-focus	schism tracker
https://chipmusic.org/Nestrogen/music/funding-the-sandwich-and-volume-war	chiptune,gameboy,lsdj
https://chipmusic.org/ChasingBleeps/music/master-kush	gameboy music,lsdj
https://chipmusic.org/%7E%7C0%7Cspaceaser%7C0%7C%7E/music/the-passive-aggressive-can-shake	
https://chipmusic.org/FROSTBITEWAVEFORM/music/the-thaw	
https://chipmusic.org/chunter/music/to-let-me-know-youre-alive	botb,c64,deflemask
https://chipmusic.org/Brink/music/jive-turkey	amstrad cpc,arkos tracker
https://chipmusic.org/Hide+Your+Tigers/music/vortex-lsdj	gameboy,hawaii,hide,life,lsdj,path,tigers,your
https://chipmusic.org/Steele/music/puhchewychomp	backbeat,chiptune,chords,gameboy,lsdj
https://chipmusic.org/Steele/music/bitpanzer	chiptune,gameboy,lsdj
https://chipmusic.org/b4c0n/music/houmf	
https://chipmusic.org/Dim-Pyxis/music/uneven-ground	chiptune,gameboy,lsdj
https://chipmusic.org/Dim-Pyxis/music/in-our-own-bubble	chiptune,gameboy,lsdj
https://chipmusic.org/Klamm/music/--world-civilisation--	chipmusicorg,hiptune,klamm,music,world civilisation
https://chipmusic.org/%3C3+fourkilobytes+%3C3/music/move-on	anujabeats,arty,chip,game boy,lsdj,mat zo,melancholy,melody,progressive,something,trancey,uplifting
https://chipmusic.org/Brink/music/broken-dreams-1-bit	1bit,beeper,tritone,zx spectrum
https://chipmusic.org/jmc1987/music/a-multitude-of-fish	chiptune,gameboy,guitar,guitars,horror,lofi,loud,lsdj,noise,punk rock,rock,scifi
https://chipmusic.org/Wheely/music/vendetta	fakebit
https://chipmusic.org/freezedream/music/nitrogen-ymu762-fm	deflemask,mobile,phone,samsung,x820,yamaha,ymu762
https://chipmusic.org/Dylan+Wey/music/thesis-3	chiptune,gameboy,lsdj
https://chipmusic.org/J-Peg/music/dream	jpeg,meow,trance
https://chipmusic.org/J-Peg/music/aquarius	daft,disco,jpeg
https://chipmusic.org/Dim-Pyxis/music/a-little-sometimes	chiptune,gameboy,lsdj
https://chipmusic.org/Kool+Skull/music/i-think-your-beats-are-whack	blah blah blah blah blah bllah
https://chipmusic.org/PleaseLoseBattle/music/valve-dysfunction	botb,chiptune,famitracker,nes,winter chip
https://chipmusic.org/MilLs+Dj/music/mills-dj---radio-waves	mills dj,pulse,radio waves
https://chipmusic.org/Puke_Flytalker/music/jupiter-dub-locust	chiptune,dub,fakebit trap
https://chipmusic.org/Ro-Bear/music/stephanie-and-hunter	chiptune,cm punk,gameboy,kane,lsdj,stone cold et,stone cold steve austin,the undertaker,triple h,vince mcmahon,wwe
https://chipmusic.org/Feryl/music/the-last-riot-grrrl	chipmusic,chiptune,fade to dreams,feryl
https://chipmusic.org/Ap0c/music/afraid-of-being-rightnsf	2a03,8bit,chiptune,chiptunes,famitracker,n163,nes,progressive metal,progressive rock
https://chipmusic.org/Noplanet/music/discworld-extended-title	adlib,dos,opl3,sound blaster pro,tracker
https://chipmusic.org/d0us/music/canned-mouse	atari st musicmon mouse shit
https://chipmusic.org/x+Critical+strike+x/music/angel-of-death-slayer-cover	chiptune,gameboy,lsdj,slayer
https://chipmusic.org/Cooshinator/music/synecdoche	chiptune,gameboy,swag
https://chipmusic.org/Kommisar/music/stardriver-vs-kommisar---caduceus	chiptune,gameboy,lsdj
https://chipmusic.org/DESUMATE/music/wind-poisoning	amiga,octamed,trap,witch house
https://chipmusic.org/Rees/music/i-see-fire-chiptune-cover	chiptune,ed sheeran,gameboy,i see fire,lsdj,the hobbit
https://chipmusic.org/J-Peg/music/venom	stuff,trance,vent song
https://chipmusic.org/webland0/music/falling-past-the-spikes-and-light	famisynth,five ways to infinity,fun,game track,intense
https://chipmusic.org/Laffe+the+Fox/music/laffe-the-fox---left-alone-in-outer-space	8081,8081netlabel,bitpop,chip,chipmusic,chiptune,laffe the fox,left alone in outer space,odyssey
https://chipmusic.org/Pieces+of+Eight/music/conservative-attire-text-to-speech-shortie	chiptune,fakebit,nes
https://chipmusic.org/Doxic/music/organic___-zebra-colland-doxic	atmosphere,collab,idm
https://chipmusic.org/MicroD/music/on-three	2a03,famitracker,guitar solo,nes,nsf
https://chipmusic.org/FuckinEntertainmentSystem/music/heads-will-roll-yeah-yeah-yeahs-mixtape	dubstep
https://chipmusic.org/SketchMan3/music/street-cardboard-family-mario-paint	16bit,chiptune,mario,mario paint,pants,snes
https://chipmusic.org/galan/music/no-s	chiptune,dios,fakebit
https://chipmusic.org/MISTER+BEEP/music/bit-by-bit	1bit,48k,2048,beep,kecal,lofi,lowfi,mister,musicsynth,sinclair,spectrum,speech,synthesizer,timex
https://chipmusic.org/Klamm/music/lost-ships	chiptune,fakebit,klamm,lost chips,music
https://chipmusic.org/DMGer/music/sleeping-in-the-street	chiptune,gameboy,lsdj
https://chipmusic.org/Stugard/music/enceladus-demo	delay,gameboy,lsdj,wonky
https://chipmusic.org/galan/music/arcade-dub	bros,chiptune,dub,gameboy,mario,nes
https://chipmusic.org/Bit-R+Chaos/music/let-the-chaos-begin-demo-intro	chiptune,gameboy,lsdj
https://chipmusic.org/commandycan/music/c-side	2a03,famitracker,nes
https://chipmusic.org/DBOYD/music/we-will-carve-our-names-into-the-cosmic-abyss	chipmusic,chiptune,gameboy,lsdj
https://chipmusic.org/%E1%9B%8B%E1%9B%9F%E1%9B%97%E1%9A%A8%E1%9A%B1%E1%9B%9A%E1%9B%81%E1%9B%8F%E1%9A%BB%E1%9A%B1/music/underground	chiptune,dark,gameboy,literary,lsdj
https://chipmusic.org/Klamm/music/dimensions	chipmusicorg,dimensions,klamm,music
https://chipmusic.org/dualtrax/music/dualtrax--artfx!---coros-theme-dreamchip-version	chiptune
https://chipmusic.org/Chema64/music/shatterhand-remix	gameboy,lsdj,mexico,remix
https://chipmusic.org/Noplanet/music/take-down	adlib,adlib tracker ii,opl3,ymf715
https://chipmusic.org/Noplanet/music/sunny	adlib,dos,opl3,sound blaster pro,tracker
https://chipmusic.org/press_start/music/relaxed	chiptune,lsdj
https://chipmusic.org/3ndymion/music/!!!zomg!!!-battle-of-zombieat!!!	battle,chiptune,darkness,digital underdogs,dmg01,dud,evil,gameboy,hero,kloudygirl,lsdj,nintendo,zombie
https://chipmusic.org/Calavera/music/badman	australia,badman,calavera,dmg,gameboy,lsdj,melbourne
https://chipmusic.org/Axel-havoc/music/memes-never-were-my-thing-timmy-and-the-robot-band	and,band,beat,chiptune,dance,gameboy,groove,lsdj,memes,never,pop,robot,the,thing,timmy,were
https://chipmusic.org/Noplanet/music/macroroni	
https://chipmusic.org/anthrium/music/vandalism-news-61-intro-music	c64,chiptune,sid
https://chipmusic.org/%3C3+fourkilobytes+%3C3/music/dnb-wolf	dnb,dogs bollocks,dumb and base,future,gameboy,huehuehue,lsdj
https://chipmusic.org/Here+Between+You+Me/music/sometimes-my-bloody-valentine-game-boy-remix	chipgaze,chiptune,lsdj,mybloodyvalentine,shoegaze
https://chipmusic.org/Jredd/music/silence-sega-genesis-arrangement	jredd
https://chipmusic.org/lucasnoah/music/cc-on-my-fourth-lsdj-track	gameboy,lsdj
https://chipmusic.org/defiantsystems/music/bronson	defiantsystems,fmdrive,renoise,sega
https://chipmusic.org/stinkbug/music/afternoon-out	module
https://chipmusic.org/Mr.+Zongrs/music/haunted-by-the-phunk	chiptune,funk,gameboy,halloween,lsdj
https://chipmusic.org/MilLs+Dj/music/mills-dj---wreckd	im gonna wreck it,mills dj,wreckd wrek it ralph
https://chipmusic.org/Klamm/music/relax	klamm,music,relax
https://chipmusic.org/IceWolf/music/across-the-threads-of-time	chiptune
https://chipmusic.org/ZAZI/music/august	
https://chipmusic.org/The+One+Electronic/music/anime-girls-kissing	anime girls kissing,chiptune,gameboy,lsdj
https://chipmusic.org/Brother+Android/music/caves-nes-version	chiptune,famitracker,nes
https://chipmusic.org/PleaseLoseBattle/music/restrain-from-entering-my-bedroom	chiptune,dendycompo,famitracker,nes,rom
https://chipmusic.org/All+Hail+The+Mustache/music/all-hail-the-mustache---master-sword	8 bits,all,chiptune,death,gameboy,hail,link,lsdj,master,metal,mustache,nintendo,nintendocore,sword,the,zelda
https://chipmusic.org/pr4nq/music/pr4nq---inside-the-flames	8bit,bit,chip,chiptune,chiptunes,famicom,famitracker,nes,nintendo,retro,tune
https://chipmusic.org/Jakim/music/the-opened-doors	fasttracker,modplug,ohc
https://chipmusic.org/pr4nq/music/pr4nq---moment-of-truth	8bit,bit,chip,chiptune,chiptunes,famicom,famitracker,nes,nintendo,retro,tune
https://chipmusic.org/pr4nq/music/pr4nq---modular-differences	8bit,bit,chip,chiptune,chiptunes,famicom,famitracker,nes,nintendo,retro,tune
https://chipmusic.org/Klamm/music/airborne	airborne,chipmusic,chipmusicorg,chiptune,fakebit,klamm,music
https://chipmusic.org/IceWolf/music/party-in-the-cosmos	chiptune,electronic
https://chipmusic.org/Jakim/music/time-to-do-something	fasttracker,modplug
https://chipmusic.org/Monotron/music/logans-song	chiptune,gameboy,lsdj
https://chipmusic.org/Duck+Boy/music/my-little-duck-secret-ft-drew-danburry	awesome,chile,chipmusic,chiptune,drew danburry,fakebit,hardcore,house,vocal
https://chipmusic.org/Groovemaster303/music/step-to-the-funk-korg-gadget	dance,funk,groovemaster303
https://chipmusic.org/Kommisar/music/james-landino-vs-kommisar---dot-hacker	assblast,chiptune,gameboy,lsdj
https://chipmusic.org/moviemovies1/music/[smd]-laughing-in-the-face-of-darkness	chip,mega drive,sega,shiru,vgm music maker,ym2612
https://chipmusic.org/Dracula+Factory/music/untitled	
https://chipmusic.org/Jredd/music/neon-alley-sega-genesis	2014,funk,hip hop,jredd,megadrive,sega genesis,streets of rage,trevin hughes,vgmm
https://chipmusic.org/Noplanet/music/butterflies	adlib,dos,opl3,sound blaster pro,ymf715
https://chipmusic.org/DJ+Hollow+Life/music/ai-prayer-for-transcendence	c64,speak and spell
https://chipmusic.org/lucasnoah/music/when-the-snow-melts	gameboy,lsdj
https://chipmusic.org/ocean+palace/music/key-of-the-exiles	fakebit
https://chipmusic.org/Nestrogen/music/timid-mister-tri-slop	chiptune,fakebit,nes
https://chipmusic.org/IceWolf/music/a-heros-farewell-korg-ds-10	chiptune,electronic,korg ds10
https://chipmusic.org/IceWolf/music/warp-zone-korg-ds-10	electronic,korg ds10
https://chipmusic.org/IceWolf/music/steady-mutations-korg-ds-10	electronic,korg ds10
https://chipmusic.org/Dracula+Factory/music/8783	
https://chipmusic.org/Acharis/music/chess-pieces-my-brain-knows-your-kind	chill,chiptune,electro,pop,punk
https://chipmusic.org/Acharis/music/bees-on-a-hill	chiptune,electro,lsdj,pop
https://chipmusic.org/Acharis/music/space-cake	chill,chiptune,electro,pop
https://chipmusic.org/Bit-R+Chaos/music/theyre-coming!-theyre-here!	chiptune,gameboy,lsdj
https://chipmusic.org/Acharis/music/1234-porkchop	chiptune,electro,lsdj,pop
https://chipmusic.org/Klamm/music/space-life	chipmusicorg,klamm,music,space life
https://chipmusic.org/adv3nture/music/one-lgpt	chiptune,lgpt,one,piggy,psp
https://chipmusic.org/HYPERACTIVITY/music/an-introduction	8bit,chipmusic,chiptune,emulator,gameboy,hyperactivity,intro,introduction,lsdj,new
https://chipmusic.org/Homer+Ghost/music/dead-by-dawn	c64,chiptune,fakebit,nes
https://chipmusic.org/Lucixforms/music/lucixforms---beautimerica	ambient,chiptune,clams casino,evian christ,fakebit,nanoloop,nes,the neighbourhood,tri angle records
https://chipmusic.org/Jansaw/music/rise-z80band	chiptune,gameboy,jansaw,lsdj,rise
https://chipmusic.org/Brink/music/banadaman-2a03	famitracker,mega man,nes
https://chipmusic.org/Brink/music/speed-race-3000	snes
https://chipmusic.org/Jredd/music/sunset-sega-genesis	2014,jredd,megadrive,rock,sega genesis,trevin hughes,vgmm
https://chipmusic.org/Legacy/music/rade---under-the-stars	chiptune,famitracker,mmc5,nes
https://chipmusic.org/Whitely/music/suupaa-reivu-ep-out-summer2014	chiptune,gameboy,lsdj
https://chipmusic.org/Klamm/music/star-bird	klamm,music,star bird
https://chipmusic.org/H3llb0und/music/bloodpainter	8 bit,8bit,atari,chiptune,doom,fakebit,famicom,metal,nes,nintendo,nintendocore,rock,sega,thrash
https://chipmusic.org/press_start/music/lanceissnowedin	
https://chipmusic.org/MISTER+BEEP/music/hypervelocity-stars	1bit,48k,2048,beep,digital,hypervelocity,lofi,lowfi,mister,sampletracker,sinclair,spectrum,stars,timex
https://chipmusic.org/Kubbi/music/tidal-force-renovation-mix	
https://chipmusic.org/Monotron/music/whistle-concert-556-timer-chip	atari
https://chipmusic.org/Monomania/music/blue	blue,lsdj,monomania
https://chipmusic.org/GDNGHTLMPLGHT/music/i-only-see-my-brother-at-3am	nanoloop
https://chipmusic.org/drexegar/music/korg-ds-10-fly-away-with-me-famicom-vrc6-kit	chiptune,famicom,konami,korg ds10,nes,shooter,space,style,vrc6
https://chipmusic.org/1D2A/music/a-fight-for-time	chiptune,sunvox
https://chipmusic.org/Bit-R+Chaos/music/galactic-war-of-2556-chipstep	chipstep,chiptune,gameboy,lsdj
https://chipmusic.org/3ndymion/music/sonic-the-hedgehog---scrap-brain-zone-dmg-01-cover	1xlsdj,dmg01,gameboy,genesis,lsdj,masato nakamura,mega drive,nintendo,sega,sonic,sonic the hedgehog
https://chipmusic.org/Volt+44/music/take-me-away	
https://chipmusic.org/Volt+44/music/bluffdale-ut	chiptune,schism tracker,takashi amano
https://chipmusic.org/kubzoey/music/blabuj	ambient,classical,classy,melodic,milky,relax,tracker
https://chipmusic.org/p1xel+sh4der/music/drop-the-bass	dnb,gameboy,lsdj
https://chipmusic.org/Klamm/music/dreams-about-something	dreams about something,emerald,klamm,music,spring is comming
https://chipmusic.org/starmelt/music/never-level-up	fakebit,renoise
https://chipmusic.org/sparkyrogers/music/just-me	famicom nes chiptune jazzy egh
https://chipmusic.org/SpookGoblin/music/damage-automatic-chance	automatic,automatic chance,chance,electronic,fakebit,gothtech,leetcore
https://chipmusic.org/Brink/music/summer-night-rejection-dance-the-pain-away-amstrad-cpc	amstrad cpc,arkos tracker
https://chipmusic.org/Brink/music/joe-shmoe-in-rio-1-bit	1bit,beepola,qchan,zx spectrum
https://chipmusic.org/Brink/music/repetition-amstrad-cpc	amstrad cpc,arkos tracker
https://chipmusic.org/Brink/music/4-2-da-florr-1-bit	1bit,beepola,zx spectrum
https://chipmusic.org/Brink/music/hoppljud-intro	fakebit,intro music,podcast
https://chipmusic.org/Brink/music/internal-groove-pc-speaker	1bit,monotone,pc speaker
https://chipmusic.org/Farsayl/music/loop-de-loop	chiptune,fami,nes
https://chipmusic.org/MilLs+Dj/music/mills-dj---box	box,mills dj
https://chipmusic.org/%3C3+fourkilobytes+%3C3/music/chirp-wip	bass,fakebit,gameboy,lsdj,rave
https://chipmusic.org/%3C3+fourkilobytes+%3C3/music/neovangelist	chiphop,dark,dumb,gambob,lsdj
https://chipmusic.org/DMGer/music/think-about-this	chiptune,gameboy,lsdj
https://chipmusic.org/Bit-R+Chaos/music/moon-walk	amiga,chiptune,fakebit,gameboy,lsdj,nanoloop,nes
https://chipmusic.org/sleepytimejesse/music/winter-orchid-sunvox	sunvox
https://chipmusic.org/Jredd/music/do-the-tiido	2014,itallodisco,jredd,sega genesis,tiido,trevin hughes,vgmm
https://chipmusic.org/Wiklund/music/wiklund---blaster-c64	c64 demoscene demoparty 32kb 5kb d64 funk cheese
https://chipmusic.org/pgil/music/magical-weather-service	
https://chipmusic.org/uuni/music/tremulous-[2a03]	2a03,chiptune,famitracker,ohc
https://chipmusic.org/uuni/music/goo-boy-http--weeklybeatscom--week-03-[2a03]	2a03,chiptune,famitracker,week03,week3,weeklybeats
https://chipmusic.org/Kubbi/music/overworld	music
https://chipmusic.org/Bracer_Cran/music/latte-americano	fakebit,fakechip,rock
https://chipmusic.org/hutsvoid/music/cant	amiga,c64,chiptune,fakebit,gameboy,lsdj,nanoloop,nes
https://chipmusic.org/Anthony+And+The+Machine/music/flourish	chiptune,gameboy,lsdj
https://chipmusic.org/sidcarotte/music/lost-in-space---1a	bowbi,chiptune,iyadede,rad mon,sidcarotte
https://chipmusic.org/Dark+Oyster/music/i-want-to-read-more-books	chiptune,gameboy,lsdj
https://chipmusic.org/Laffe+the+Fox/music/laffe-the-fox-feat-lukas-eriksson---sunshine-basement	8bit,bitpop,chip,chip music,chipmusic,laffe the fox,lukas eriksson,sunshine basement
https://chipmusic.org/VCMG/music/stormsong	chiptune,electronic,gameboy,lsdj,storm
https://chipmusic.org/Rees/music/love-is-an-open-door-from-frozen	chiptune,disney,frozen,gameboy,lsdj
https://chipmusic.org/rot/music/wua	lsdj
https://chipmusic.org/Corresponsible/music/romer	
https://chipmusic.org/Migou/music/i-am-your-pirate	openmpt lass orchestra
https://chipmusic.org/Acharis/music/nightcall-kavinsky-cover	chiptune,pop,synth
https://chipmusic.org/J-Peg/music/euphoria	i dont know how to tag stuff,trance,yes
https://chipmusic.org/8-BITchintendo/music/kid-revolver	chiptune,nes
https://chipmusic.org/KidLion/music/cracked-dam	chiptune,gameboy,lsdj
https://chipmusic.org/%3C3+fourkilobytes+%3C3/music/i_r_mau5mp3	bad imitations,deadmau5,gameboy,lsdj
https://chipmusic.org/Feryl/music/homeschooled	chipmusic,chiptune,feryl
https://chipmusic.org/press_start/music/squid-party	chiptune,lsdj
https://chipmusic.org/SwitchOnSID/music/the-unknown-nebula	c64,chiptune
https://chipmusic.org/Super+Robotic+Encounters/music/volcano-kid	c64,chiptune,fakebit
https://chipmusic.org/Bit-R+Chaos/music/stardustremastered	appregios,chiptune,gameboy,lsdj,nes
https://chipmusic.org/Bynary+Fission/music/beneath-the-sandy-shores	8 bit,beneath,bynary,famitracker,fission,nes,sandy,shores,the
https://chipmusic.org/SAVESTATES/music/congrats!-youre-old-hat-wip	
https://chipmusic.org/nikola/music/and-the-fun-goes-on	chiptune,fakebit,rock
https://chipmusic.org/Laffe+the+Fox/music/laffe-the-fox-feat-remedmatika---initiate-sunset	8bit,bitpop,chip,chipmusic,chip music,chiptune,initiate sunset,laffe the fox,remedmatika
https://chipmusic.org/Fufugagakikilala/music/cloudrunner-30	chiptune,gameboy,lsdj
https://chipmusic.org/press_start/music/3s-and-stuff	chiptune,gameboy,lsdj
https://chipmusic.org/Rieux/music/the-road-to-apopheny	fakebit
https://chipmusic.org/qbnut/music/warp	chiptune,gameboy,lsdj
https://chipmusic.org/J3wel/music/tripped	chiptune,gameboy,lsdj
https://chipmusic.org/Monotron/music/dont-you-worry-child-cause-im-gonna-save-the-world-tonight	chiptune,gameboy,lsdj
https://chipmusic.org/The+One+Electronic/music/my-magical-girl	chiptune,gameboy,lsdj
https://chipmusic.org/Jredd/music/beyond-the-stars-sega-genesis	2014,jredd,progressive,rock,sega genesis,trevin hughes,vgmm
https://chipmusic.org/sandneil/music/destroyer---new-chipstep-system	chipstep,jack 3d,new chipstep system
https://chipmusic.org/Rees/music/heyyeyaaeyaaaeyaeyaa	4 non blondes,heyyeyaaeyaaaeyaeyaa,remix,whats going on,whats up
https://chipmusic.org/8-BITchintendo/music/ghost	chiptune,nes
https://chipmusic.org/Mooninite/music/swelwork-nl-23	chiptune,footwork,gameboy,nanoloop,utah
https://chipmusic.org/Kittenrock/music/kr069---environmental-sound-collapse-dissolving-the-memories-of-you---from-various---bitches-2	amiga,c64,chiptune,fakebit,gameboy,lsdj,nanoloop,nes
https://chipmusic.org/Deepshade/music/scatterbrain---covered-in-stardust2014-new-year-special	chiptune,gameboy,lsdj
https://chipmusic.org/Kool+Skull/music/lovin-it-make-love-to-your-daughters-vagina	
https://chipmusic.org/KGHB/music/r0flc0pt3r-w--vocals	chiptune,crunchy noise,kermit the frog,weird pop
https://chipmusic.org/MilLs+Dj/music/mills-dj---warpzone	3rd album,fruity filter,mario,mills dj,mixer,pipe,warpzone
https://chipmusic.org/Klamm/music/the-elevator	chip,chipmusicorg,chiptune,fakebit,klamm,music,the elevator
https://chipmusic.org/nappotronic/music/central-ray	chiptune,fakebit
https://chipmusic.org/Lewis+Thomas/music/mischief	3ds,electronic
https://chipmusic.org/Jolly/music/spark	famitracker,nes
https://chipmusic.org/animalstyle/music/how-i-feel-about-the-colossus-meme	
https://chipmusic.org/Dire+Hit/music/beacon-2xlsdj	and,bass,chiptune,drum,gameboy,lsdj
https://chipmusic.org/Jredd/music/scratch-bump-slide-featuring-groovmaster303	funk,groovemaster303,hip hop,jredd,sega genesis,trevin hughes,vgmm
https://chipmusic.org/Klamm/music/red-planet-1	chipmusicorg,experimental,fakebit,klamm,klamm,music,red planet 1
https://chipmusic.org/Bynary+Fission/music/stage-vii---sky-base	8 bit,base,bynary,chiptune,famitracker,fission,nes,sky
https://chipmusic.org/franz_koopa/music/torres-de-cromo	fm ym2612 latin jazzfusion demoscene tum solo fakebit
https://chipmusic.org/ShintarouMusic/music/what-lies-before-me	2x lsdj,before,lies,shintarou,what
https://chipmusic.org/Zer0+Filt3r/music/lost-in-thought	chiptune,gameboy,lsdj
https://chipmusic.org/8-BITchintendo/music/rock-it	chiptune,nes
https://chipmusic.org/UnderCoverDisOrder/music/dpy-f	chiptune,darkchip,dmg,electronic,experimental,kp2,lsdj
https://chipmusic.org/Wiklund/music/wiklund--joule---makebelieve-gir-xml	
https://chipmusic.org/%7E%7C0%7Cspaceaser%7C0%7C%7E/music/eanir	
https://chipmusic.org/Mooninite/music/leave-it--nl-23	chiptune,footwork,gameboy,juke,nanoloop
https://chipmusic.org/Doxic/music/bone-dry-new-album!	abstract,ambient,beats,electronic,expression,memories
https://chipmusic.org/Maxo/music/corridor-of-chains-t2-level-music-f	8bit,16bit,chiptune,famitracker
https://chipmusic.org/Pieces+of+Eight/music/christmas-baby-please-come-home	christmas,fami,modplug,reaper
https://chipmusic.org/Edzgou/music/bliptime	
https://chipmusic.org/The+Handle/music/1224131504	chiptune,gameboy,lsdj,the handle
https://chipmusic.org/nonfinite/music/scan	nanoloop
https://chipmusic.org/Vitali+Glitchko/music/80s-synth-jam	electronic
https://chipmusic.org/Klamm/music/the-voyager	chip,chipmusic,chipmusicorg,klamm,music,the voyager
https://chipmusic.org/Volcazord/music/stiff	chiptune,gameboy,nanoloop
https://chipmusic.org/chunter/music/forever-waiting	mutant breaks,renoid,renoise
https://chipmusic.org/moviemovies1/music/tritona-explodarium-v2	1bit,beeper,moviemovies1,shiru,tritona explodarium,tritone,zx spectrum
https://chipmusic.org/Zer0+Filt3r/music/the-forever-war	gameboy,lsdj
https://chipmusic.org/Eight+Badges/music/eight-badges---well-run-away-together	chiptune,gameboy,lsdj
https://chipmusic.org/8-BITchintendo/music/akashi-kaikyo-bridge	chiptune,nes
https://chipmusic.org/Weazel/music/kicks-and-chips-unmastered-instrumental	ableton,chip hop,instrumental
https://chipmusic.org/3ndymion/music/!!!zomg!!!-joy-joy	chiptune,christmas,dmg01,gameboy,happy holidays,joy,lsdj,merry chipmas 2013,merry christmas,nintendo,ucollective
https://chipmusic.org/gotoandplay/music/venus-flytraps-vrc6	famitracker,nes,vrc6
https://chipmusic.org/Laffe+the+Fox/music/laffe-the-fox---santa-away!	bitpop,chip,chip music,chipmusic,christmas,laffe the fox,merry chipmas,merry chipmas 2013,santa away
https://chipmusic.org/Riot+Robotico/music/im-your-game	chiptune,fl studio,vocals
https://chipmusic.org/Jredd/music/star-dust-featuring-peter-orzell	house,jredd,moderrn dance,peter orzell,sega genesis,trevin hughes,vgmm
https://chipmusic.org/DBOYD/music/the-biggest-mistake-youll-ever-make	chiptune,gameboy,lsdj
https://chipmusic.org/aanaaanaaanaaana/music/salad-cream	aana,trackerscene
https://chipmusic.org/aanaaanaaanaaana/music/bufonic	aana,trackerscene
https://chipmusic.org/Vitali+Glitchko/music/mr-bl33pz-and-mrs-3lekt20-bit_ch	electronic,fakebit,swag
https://chipmusic.org/VCMG/music/galaxies	chiptune,galaxies,gameboy,lsdj
https://chipmusic.org/meishismile/music/yasumiyasumi--akiba-afternoon	chiptune,jpop,picopop,postrock,shibuyakei
https://chipmusic.org/Monotron/music/lonliness-and-all-his-acquaintances	band,bluegrass,chiptune,folk,guitar
https://chipmusic.org/SketchMan3/music/little-miss-princess-moldanikas-deadly-dimples-1bit-zxbeeper	1bit,beepola,botb,ohc,rom beep,speccy,zxbeeper,zx spectrum
https://chipmusic.org/YERZMYEY/music/draconus-atari-st-cover-of-the-atari-xl-xe-tune	130,520,600,800,1040,atari,atari,digital,draconus,gilmore,hex,mod,octalyser,tracker,yerzmyey
https://chipmusic.org/Riot+Robotico/music/dead	chiptune,fl studio
https://chipmusic.org/Riot+Robotico/music/hidden-enemy	chiptune,fl studio,nes,nintendo,starwing
https://chipmusic.org/Freak+Assassins/music/3retryte	chiptune,gameboy,lsdj
https://chipmusic.org/Solarbear/music/see-you-later-emaciator!	chiptune,dance,electronic,emaciator,house,lsdj,metal,prog,progressive,see you later,solarbear,unce
https://chipmusic.org/Maxo/music/chalktopia-chipmix	chiptune,famitracker,pop,vgm
https://chipmusic.org/Riot+Robotico/music/addicted-to-mushrooms	chiptune,fl studio
https://chipmusic.org/8-BITchintendo/music/jazz-injection	chiptune,nes
https://chipmusic.org/MilLs+Dj/music/mills-dj---ham	go ham not nuts,ham,i love ham,mills dj,not turkey but ham
https://chipmusic.org/Lewis+Thomas/music/internet	
https://chipmusic.org/genesisega/music/segadrive-unfinished	bit,chiptune,drive,genesis,genesisega,maker,mega,music,sega,segadrive,vgm
https://chipmusic.org/Monotron/music/krewella---live-for-the-night-monotron-remix	chiptune,fl studio,gameboy,krewella,live for the night,lsdj
https://chipmusic.org/Jredd/music/sea-breeze-featuring-dropbit	calm,dropbit,funk,jredd,mellow,sega genesis,trevin hughes,vgmmm,ym2612
https://chipmusic.org/ZAZI/music/dancing	lsdj
https://chipmusic.org/FTF/music/i-have-come-here-to-chew-bubblegum-and-kick-ass	electribe,emx1,ftftunes,gameboy,kaoss pad,lsdj
https://chipmusic.org/IceWolf/music/descent-of-the-ship	c64,chiptune
https://chipmusic.org/%E1%9B%8B%E1%9B%9F%E1%9B%97%E1%9A%A8%E1%9A%B1%E1%9B%9A%E1%9B%81%E1%9B%8F%E1%9A%BB%E1%9A%B1/music/ink	chiptune,gameboy,industrial,loud,lsdj,sample
https://chipmusic.org/J3wel/music/romono	chiptune,gameboy,lsdj
https://chipmusic.org/MisterTriac/music/plastikplanet-medley-no2	chiptune,gameboy,medley,nanoloop,triac
https://chipmusic.org/joeteach/music/hope-descendents-cover	cover,descendents,lsdj,punk
https://chipmusic.org/The_Mad_Bitter/music/crap-symphony-in-c-major	8bit,breakcore,chaos,chiptune,experimental,fast,gameboy,hardcore,loud,lsdj,weird
https://chipmusic.org/cokeandaspirin/music/mummble-mummble	lsdj dmg
https://chipmusic.org/8-BITchintendo/music/candy-vocal-by-transistor-kiraku	chiptune,nes
https://chipmusic.org/DMGer/music/turn-the-lights-off	chiptune,gameboy,lsdj
https://chipmusic.org/Groovemaster303/music/alchemy-laboratory-of-madness	groovemaster303,video game music
https://chipmusic.org/Ro-Bear/music/a-bother	chiptune,dd7,gameboy,guitar,lsdj
https://chipmusic.org/Chema64/music/gralixes	ass,gameboy,lsdj,mexico,titties
https://chipmusic.org/yoshitohinton/music/magical-mystery-tour---beatles	milkytracker
https://chipmusic.org/Jansaw/music/strobe-zx	lsdj,spectrum
https://chipmusic.org/sandneil/music/everything-you-say-to-me-takes-me-one-step-closer-to-the-edge	depression,fakebit,fibonacci sequence,math,realdoll
https://chipmusic.org/Jredd/music/galactic-smash-featuring-toni-leys	funk,jredd,progressive,rock,sega genesis,tony leys,trevin hughes,vgmmm,ym2612
https://chipmusic.org/HEADBAND/music/puke	gameboy,lsdj
https://chipmusic.org/8-BITchintendo/music/get-to-the-chopper	chiptune,nes
https://chipmusic.org/Fufugagakikilala/music/tattered-harmony-lsdj	chiptune,gameboy,lsdj
https://chipmusic.org/Klamm/music/solar-rider	chip,chiptune,cyber,ish,klamm,music,solar rider,trance
https://chipmusic.org/1D2A/music/retrospect	sunvox
https://chipmusic.org/b-type/music/champion-of-space	
https://chipmusic.org/Arsonick/music/inheritence-powder	dream pop,gameboy,lsdj
https://chipmusic.org/3ndymion/music/the-legend-of-zelda---ocarina-of-time---deku-tree-theme-dmg-01-cover	chiptune,cover,dmg01,gameboy,koji kondo,lsdj,n64,nintendo,ocarina of time,the legend of zelda
https://chipmusic.org/Hide+Your+Tigers/music/new-hide-your-tigers-album-sampler	album,chiptune,future,gameboy,hide,lsdj,new,progressive,releases,sampler,tigers,your
https://chipmusic.org/Crash/music/chipset-08	4 bit,8 bit,chiptune,gameboy,lsdj
https://chipmusic.org/Cangrejo/music/okiirobo---crab-sound-rmx-preview	chiptune,lsdj
https://chipmusic.org/8-BITchintendo/music/princess-toadstool	chiptune,nes
https://chipmusic.org/MegaLoler/music/famitracker-pizza	8bit,8bit,bit,chipmusic,fami,famitracker,lol,loler,mega,megaloler,megaloler9000,nes,okayreallyhi,tracker
https://chipmusic.org/rez/music/unreal-superhero-3	chiptune,cracktro,fasttracker,keygen
https://chipmusic.org/MilLs+Dj/music/mills-dj---the-ultimate-dream	3rd album,fl studio,mills dj,the ultimate dream
https://chipmusic.org/spOOked/music/chun-li-footjob	chiptune,gameboy,lsdj
https://chipmusic.org/8-BITchintendo/music/nyan-cat-nes-cover	chiptune,nes
https://chipmusic.org/Puke_Flytalker/music/wild-flower-[rap]	chiptune,fakebit,gameboy,nes
https://chipmusic.org/thebitman/music/the-sky-is-ours-the-bitmans-remix	chiptune,gameboy,lsdj
https://chipmusic.org/Pterosaur/music/rubber-demo	chiptune,gameboy,lsdj,rock
https://chipmusic.org/FuckinEntertainmentSystem/music/natalia	8bit,chiptune,dubstep,electro
https://chipmusic.org/FuckinEntertainmentSystem/music/intro	8bit,chiptune,dubstep
https://chipmusic.org/VCMG/music/golden-lonely	modplug,module
https://chipmusic.org/Jellica/music/no	nobit
https://chipmusic.org/Robin/music/zen-garden	nanoloop,zen
https://chipmusic.org/HippieGrenade/music/sports-ball	chiptune,famitracker,hippiegrenade,nottingham,software
https://chipmusic.org/khzx117/music/the-drums	chiptune nes 8bit
https://chipmusic.org/Orbital+Strike/music/coras-castle	8bit,castle,chipstep,chiptunes,cora,dualgameboy,lsdj,orbital,strike,trap
https://chipmusic.org/HippieGrenade/music/easier-than-it-seems	chiptune,famitracker,hippiegrenade,nottingham,software
https://chipmusic.org/ragzouken/music/probe	chiptune,gameboy,lsdj
https://chipmusic.org/8-BITchintendo/music/rebirth	chiptune,nes
https://chipmusic.org/Abyssface/music/strange-waltz-thing	fakebit
https://chipmusic.org/b-type/music/bibble-bibble-brain	fakebit,nerdcore
https://chipmusic.org/Odjj/music/we-like-to-dance	chiptune,gameboy,lsdj
https://chipmusic.org/jesus_seashell/music/untag-me-on-facebook-and-lets-firebomb-mcdonalds	1bit,analogue,cassette,guitar
https://chipmusic.org/MisterTriac/music/plasticplanet-mashup	chiptune,gameboy,medley,nanoloop,triac
https://chipmusic.org/Bunnymajs/music/summer-bliss	fakebit,gamewave
https://chipmusic.org/Maxo/music/dragonback-famitracker--snes-genesis	8bit,16bit,chiptune,famitracker,genesis,snes
https://chipmusic.org/SpookyPoe/music/lunar-children-wip	chiptune,djent,fakebit,nintendocore
https://chipmusic.org/Puke_Flytalker/music/chip-hop-2	chiptune,fakebit,hip hop,nes
https://chipmusic.org/iLKke/music/slackjaw	c64,defmon
https://chipmusic.org/Kubbi/music/concrete-renovation-mix	
https://chipmusic.org/stancoolness/music/superad	chiptune,famicom,famitracker,nes,stan,stancoolness
https://chipmusic.org/Zelkedo/music/rhythm-emotion	chiptune,gameboy,lsdj,zelkedoz stardriver
https://chipmusic.org/gotoandplay/music/prodibly	android,pixitracker
https://chipmusic.org/TomCS33398/music/wicked-child-lsdj-cover	chiptune,gameboy,gwencs,lsdj,tomcs33398
https://chipmusic.org/Volt+44/music/daystepping	chiptune
https://chipmusic.org/khzx117/music/time	chiptune
https://chipmusic.org/Bit+wish/music/embark-sav-in-description	chiptune,gameboy,lsdj
https://chipmusic.org/Jredd/music/smells-like-weird-bananas	funk,jredd,mega drive,sega genesis,trevin hughes,tribute,vgmm,vgmmm,weirdbananas
https://chipmusic.org/%E1%9B%8B%E1%9B%9F%E1%9B%97%E1%9A%A8%E1%9A%B1%E1%9B%9A%E1%9B%81%E1%9B%8F%E1%9A%BB%E1%9A%B1/music/00-fb-f8-fb-quaxiel	chiptune,gameboy,lsdj
https://chipmusic.org/khzx117/music/intel	chiptune
https://chipmusic.org/MISTER+BEEP/music/voyage-through-time	1bit,2048,beep,beeper,mister,octode,spectrum,through,time,timex,voyage
https://chipmusic.org/The+Number+Nine/music/grandstand-tv-show-theme	1bit,beepola,phaser1,tv theme
https://chipmusic.org/J-Peg/music/unison	trance
https://chipmusic.org/3ndymion/music/sonic-the-hedgehog---spring-yard-zone-dmg-01-cover	chiptune,cover,dmg01,gameboy,genesis,lsdj,masato nakamura,megadrive,sega,sonic the hedgehog
https://chipmusic.org/Klamm/music/sexy	chiptune,fakebit,klamm,sexy
https://chipmusic.org/hutsvoid/music/blue-zinc	amiga,c64,chiptune,faj,fakebit,gameboy,linux,lsdj,nanoloop,nes
https://chipmusic.org/Goggle+Kid/music/just-dont-die	chiptune,fakebit,gogglekid,sa2b
https://chipmusic.org/chunter/music/fmb	fakebit,mda dx10,renoise
https://chipmusic.org/BLX1/music/1up	bitpop,chiptune,electro
https://chipmusic.org/genesisega/music/segadrive	blastprocessing,chiptune,drive,genesis,mega,sega
https://chipmusic.org/505/music/nightlore-atari-xl-xe-pokey	atari,chip,music,pokey,raster music tracker,stereo,xlxe
https://chipmusic.org/Duck+Boy/music/oops!-i-duck-it-again	bass,chile,chiptune,drop,duck boy,happy,hardcore,step
https://chipmusic.org/Puke_Flytalker/music/rat-pizza-[nsf]	chiptune,nes,nsf
https://chipmusic.org/J-Peg/music/slow-corrosion-feat-lucidity	c64,collab,jpeg,lucidity
https://chipmusic.org/irrlichtproject/music/beepola-107-mbox-test	1bit,beeper,beepola,music box,the number nine,utz,zx spectrum
https://chipmusic.org/r4c7/music/fmynth-demo	fmynth
https://chipmusic.org/Alpha+C/music/space-command	amiga,demoscene,mod,protracker
https://chipmusic.org/%E1%9B%8B%E1%9B%9F%E1%9B%97%E1%9A%A8%E1%9A%B1%E1%9B%9A%E1%9B%81%E1%9B%8F%E1%9A%BB%E1%9A%B1/music/8441	experimental,gameboy,grind,lsdj,psudoindustrial
https://chipmusic.org/cokeandaspirin/music/please-me	lsdj
https://chipmusic.org/Puke_Flytalker/music/ex-beebz	chiptune,fakebit,nes
https://chipmusic.org/ShintarouMusic/music/data-loss	data,loss,shintarou
https://chipmusic.org/MisterTriac/music/sunstorm	chiptune,nanoloop,triac
https://chipmusic.org/Puke_Flytalker/music/pud-tugga-theme-[ntrq]	chiptune,nes,ntrq
https://chipmusic.org/Jredd/music/progressions-featuring-mrsonic699--rob	funk,jazz,jredd,mrsonic,progressive,rob,sega genesis,trevin hughes,vgmmm,ym2612
https://chipmusic.org/Space_Cadet_Zhir/music/deli-pigs	chiptune,nes
https://chipmusic.org/drexegar/music/korg-ds-10-fm-mega-drivin-sega-genesis-kit	3ds,chiptune,drive,fm sythesis,genesis,korg ds10,mega,nintendo ds,sega
https://chipmusic.org/NationalBroadcastNetwork/music/a-split-second-of-anarchy	ataripunk,c64,chipmusic,chiprock,chiptune,guitar,nes
https://chipmusic.org/Abyssface/music/daemonic-storm	chiptune
https://chipmusic.org/kraettz/music/dream-slayer-theme	bass,chiptune,dmg,dubstep,gameboy,lsdj
https://chipmusic.org/Duck+Boy/music/daniel-johnston---true-love-will-find-you-in-the-end-duck-boy-remix	chile love,chipmusic,chiptune,daniel johnston,duck boy,fakebit,remix
https://chipmusic.org/b-type/music/magic-garden	fakebit,nerdcore
https://chipmusic.org/hutsvoid/music/zinc	amiga,c64,chiptune,fakebit,gameboy,lsdj,nanoloop,nes
https://chipmusic.org/VCMG/music/cyberwinter	fakebit,modplug
https://chipmusic.org/Weird+bananas/music/once-vrc7-jazz-funk	chiptune,nes
https://chipmusic.org/C-jeff/music/black-lock-ft-stemage	c64,chiptune,heavy,metal,progressive rock
https://chipmusic.org/Fighter+X/music/hypna	chiptune,lsdj,synth
https://chipmusic.org/ShintarouMusic/music/reconsider	lsdj
https://chipmusic.org/Note%21/music/mfb_test-shawty-fiya-edition	522,arduinoboy,chiptune,cover,gameboy,lsdj,mfb,monophonic,nanozwerg,nanozwerge,sean kingston,sync,synth
https://chipmusic.org/Kubbi/music/indolence-renovation-mix	chiptune
https://chipmusic.org/yoshitohinton/music/just-listen	milkytracker
https://chipmusic.org/Laffe+the+Fox/music/jklol-feat-laffe-the-fox---date-night	8bit,bitpop,chip,chipmusic,date night,jklol,laffe the fox
https://chipmusic.org/san0x/music/rivers-on-lithium	chiptune,famitracker,song about a girl
https://chipmusic.org/GLOOMS/music/futyre	nanoloop
https://chipmusic.org/Direktor/music/blarglll-radio-edit	chiptune,gameboy,lsdj
https://chipmusic.org/Burn+the+Trash/music/when-the-sun-devours-us-all	chiptune,famitracker
https://chipmusic.org/drexegar/music/pirates-battle---korg-ds-10-game-boy-kit	chiptune,gameboy,korg ds10
https://chipmusic.org/Klamm/music/a-cats-last-life	a cats life,chip,klamm,piano
https://chipmusic.org/10spd/music/old-dirty-blaster	chiptune,gameboy,lsdj,wutang
https://chipmusic.org/MISTER+BEEP/music/stone-circle-of-devil	1bit,48k,2048,beep,beeper,chiptune,circle,devil,mister,qchan,spectrum,stone,timex
https://chipmusic.org/Evil+Scientist/music/death-beach	dnb,drum  bass,gameboy,horror,lsdj,surf
https://chipmusic.org/Note%21/music/beelzebubs-gold-72-el-camino	chiptune,face,gameboy,lsdj,pwm
https://chipmusic.org/Jredd/music/zone-out-loop	beat,jredd,loop ym2612,sega genesis,trevin hughes,vgmmm
https://chipmusic.org/Skip+Sandwich/music/touch-fuzzy-get-dizzy!-level-5	chiptune,gameboy,lsdj
https://chipmusic.org/3ndymion/music/shadow-of-the-beast---inside-the-tree-dmg-01-cover	chip music,chiptune,cover,david whittaker,dmg01,gameboy,lsdj,nintendo,shadow of the beast
https://chipmusic.org/stancoolness/music/you-are-here	chiptune,famitracker,nes,stan,stancoolness,you are here
https://chipmusic.org/TWD+Industries/music/starcrunchini-solo-edit	ds10,lsdj,mediocore
https://chipmusic.org/onewhitenoise/music/corridors-wip	famicom,famitracker,nes
https://chipmusic.org/thursdaycustoms/music/level-8-hxc	8bitrock,c64,chiptune,gameboy,lsdj,thursday customs,thursdaycustoms
https://chipmusic.org/Laffe+the+Fox/music/octobox--laffe-the-fox---caustic-comforts	8bit,bitpop,caustic comforts,chip,chipmusic heroes,chipmusic heroes 3,laffe the fox,milky way tour,octobox
https://chipmusic.org/Maxo/music/down-the-block-fami--snes--genesis	chiptune,famitracker,genesis,nes,snes
https://chipmusic.org/Kool+Skull/music/100percentpuretrash	
https://chipmusic.org/Wand-Of-Sound/music/water-fetching-song	chiptune
https://chipmusic.org/Carfie/music/carf---midboss-by-midnight	bossfight,chiptune,nes,nintendo
https://chipmusic.org/wedanced/music/opll-vst-test	msx,opll,vrc7,vst,ym2413
https://chipmusic.org/Weird+bananas/music/michael-jackson---blood-on-the-dance-floor-weird-bananas-remix	
https://chipmusic.org/Breezesquad_/music/impasse-retrospective	time crisis
https://chipmusic.org/ocean+palace/music/kitty-snugglez	fakebit
https://chipmusic.org/b-knox/music/helloween-megarom-mix	chiptune,cover,medley,nes
https://chipmusic.org/PleaseLoseBattle/music/hearthopper-twin-pricks-cover	cover,famitracker,indie,nes,pop,vrc6
https://chipmusic.org/ragzouken/music/manic-magic	chiptune,gameboy,lsdj
https://chipmusic.org/ragzouken/music/battle-spectrum	chiptune,gameboy,lsdj
https://chipmusic.org/ragzouken/music/breezy-isles	chiptune,gameboy,lsdj
https://chipmusic.org/stancoolness/music/scrolling-credits-music	chiptune,credits,delta monkey,delta monkey games,famicom,famitracker,nes,scrolling credits,stan,stancoolness
https://chipmusic.org/ragzouken/music/prismatic-trials	chiptune,gameboy,lsdj
https://chipmusic.org/VCMG/music/ultraviolet-vince-kaichan-remix	chipmusic,chiptune,modplug,ultraviolet
https://chipmusic.org/Laffe+the+Fox/music/chickenandrofls--laffe-the-fox---space-port-bravo	8bit,bitpop,chickenandrofls,chip,chipmusic,chipmusic heroes,chipmusic heroes 3,laffe the fox,milky way tour
https://chipmusic.org/Kubbi/music/void-pt-2-renovation-mix	
https://chipmusic.org/memero/music/memero-_-squarewave-_injection-_-diatronic-speedcore	berlin,breakcore,gameboy,hardtek,lsdj,memero,speedcore
https://chipmusic.org/Jredd/music/glass-hills	funk,jazz,jredd,sega genesis,trevin hughes,vgmmm,ym2612
https://chipmusic.org/shotgun+breakdown/music/tired-prog-punk	8bit,chipmusic,chiptune,pop,prog,progressive,punk,rock
https://chipmusic.org/Nestrogen/music/skip-grey-go-directly-to-white	chiptune,gameboy,lsdj
https://chipmusic.org/Wind+Waker/music/riding-bikes	amiga,c64,chiptune,fakebit,fls,fl studio,fruity loops,gameboy,lsdj,nanoloop,nes,vst,vst plugins
https://chipmusic.org/octapus/music/datastorm-2014-pc-engine-invitation	chiptune octapus pc engine pce 8bit deflemask
https://chipmusic.org/We+The+Sick/music/midnight-drive	chiptune,renoise
https://chipmusic.org/Amlan/music/the-sid-kid---itusvirus	chiptune,fakebit
https://chipmusic.org/Wand-Of-Sound/music/splinter	chiptune
https://chipmusic.org/apterous/music/realm-of-mind--are---orbital-odyssey	chiptune,deathmetal,metal,metaljazz,nes,progressive metal,technical metal
https://chipmusic.org/thursdaycustoms/music/intro-wake-up	8bitrock,c64,chiptune,gameboy,lsdj
https://chipmusic.org/Wand-Of-Sound/music/sounds-like-instructions---im-out!	chiptune
https://chipmusic.org/azuria_sky/music/your-sunlit-smile-[lsdjdmg]	azuriasky,chiptune,dmg,gameboy,lsdj
https://chipmusic.org/fuxter/music/left-behind-wip	
https://chipmusic.org/apterous/music/realm-of-mind---space-invading-cats	chipjazz,chiptune,jazz,nes
https://chipmusic.org/Fufugagakikilala/music/happy-ending	gameboy
https://chipmusic.org/Ro-Bear/music/i-want-you-back	chiptune,gameboy,lsdj
https://chipmusic.org/The_Mad_Bitter/music/you-are-going-to-hell	8bit,chiptune,creepy,dark,electro,experimental,gameboy,hell,hiphop,hip hop,lsdj,satan,trap,weird
https://chipmusic.org/apterous/music/realm-of-mind---forest	chipjazz,chiptune,jazz,nes
https://chipmusic.org/Weird+bananas/music/dank-bank-stank!!!	
https://chipmusic.org/apterous/music/realm-of-mind---jetpack-samurai	chipjazz,chiptune,jazz,nes
https://chipmusic.org/rana/music/demo-tune-of-famidi	chiptune,nes
https://chipmusic.org/adv3nture/music/chloroform-dreams	chiptune,gameboy,lsdj
https://chipmusic.org/Laffe+the+Fox/music/laffe-the-fox---circus-fox	8bit,bitpop,chip,chipmusic heroes,chipmusic heroes 3,circus fox,laffe the fox,milky way tour
https://chipmusic.org/Jredd/music/chip-hop-with-lyrics	chiphop,dropbit,groovmaster303,jredd,rap,sega genesis,trevin hughes,vgmm
https://chipmusic.org/PleaseLoseBattle/music/clay-tower---game-track	famitracker,game sountrack,nes,vrc6
https://chipmusic.org/apterous/music/realm-of-mind---the-happy-traveller	chipjazz,chiptune,gameboy,jazz,nes
https://chipmusic.org/Weird+bananas/music/jesus-camp-gone-wrong!	nes,yo music
https://chipmusic.org/Klamm/music/woman-in-red	chiptune,fakebit,klamm,woman in red
https://chipmusic.org/apterous/music/realm-of-mind---sky-city	chipjazz,chiptune,gameboy,jazz,nes
https://chipmusic.org/kraettz/music/death-lsdj-mix	bass,cover,dmg,gameboy,lsdj,minimal,pro sound,techno
https://chipmusic.org/theflightaway/music/aces-in-the-sky	
https://chipmusic.org/SuperGammyBoy/music/id-have-that-many-followers-too-if-i-dressed-like-a-whore	chiptune,gameboy,hip hop,lsdj,rnb
https://chipmusic.org/sandneil/music/download-and-install-greenbrowser-for-free	greenbrowser
https://chipmusic.org/BLX1/music/mushies	chiptune,electro
https://chipmusic.org/4BP/music/business-consultant	chiptune,gameboy,las vegas,lsdj,midi,monotribe
https://chipmusic.org/Laffe+the+Fox/music/laffe-the-fox---the-frozen-train-monster-tale-cover	8bit,chipmusic,chip music,cover,demon shuttle,ian stocker,laffe the fox,the frozen train
https://chipmusic.org/fluidvolt/music/waltz-for-lydia-ym2413	jazz,vst,ym2413
https://chipmusic.org/wedanced/music/gb-production-sound-test	ableton,chiptune,gameboy,lsdj
https://chipmusic.org/Dire+Hit/music/theres-more-than-one-of-everything-unleashed	chiphop,chiptune,dubstep,gameboy,glitch,glitchhop,hiphop,lsdj
https://chipmusic.org/The+One+Electronic/music/biting-the-pavement	chiptune,nes
https://chipmusic.org/3ndymion/music/sonic-the-hedgehog---marble-zone-dmg-01-cover-fixed	chiptune,cover,dmg01,gameboy,genesis,lsdj,masato nakamura,mega drive,sega,sonic the hedgehog
https://chipmusic.org/Jredd/music/unleash-the-beast-sega-genesis-metal	jredd,metal,rock,sega genesis,trevin hughes,vgmmm,ym2612
https://chipmusic.org/Jakim/music/colond-feat-wing	chiptune,fasttracker,ft2,jazzy,swing
https://chipmusic.org/Kubbi/music/something-new	
https://chipmusic.org/Duck+Boy/music/nelly-furtado---manos-al-aire-duck-boy-remix	chile,chipmusic,duck boy,fakebit,happy,latino,nelly furtado,pop,remix
https://chipmusic.org/adv3nture/music/a-whole-heap-shit-of-fun	gameboy,lsdj
https://chipmusic.org/Bit+wish/music/stereochan-rx	bit wish,pulsetek,stereochan
https://chipmusic.org/droid-on/music/act-finale-nesbgm	nes famitracker bgm 2channels droidon
https://chipmusic.org/Jredd/music/metal-drive-featuring-peter-orzell	80s,jredd,peter orzell,rock,sega genesis,trevin hughes,vgmm
https://chipmusic.org/karlneudert/music/t-o-x-i-c	chiptune indie
https://chipmusic.org/Solarbear/music/bad-lag-bedlam-feat-jacob-cooke	final,lsdj,metal,progressive,solarbear,weapon
https://chipmusic.org/Ravenstone/music/say-my-name	8bit,chiptune,gameboy,lsdj
https://chipmusic.org/Ravenstone/music/clarifications	8bit,chiptune,gameboy,lsdj
https://chipmusic.org/Dracula+Factory/music/-	
https://chipmusic.org/ShintarouMusic/music/the-legend-of-kfed	2x lsdj,shintarou
https://chipmusic.org/WXLFHE%CE%94DEDMVSE/music/nox-somnium	blaqk occultronica,blood wave,korg ds10,nox somnium,wolf headed muse
https://chipmusic.org/DBOYD/music/snowy-haired-reaper-girl	
https://chipmusic.org/RuanCostaBIT/music/cl-back--my-first-fl-studio-	chiptune 8bitmagic
https://chipmusic.org/Warez+Waldo/music/walking-contradiction-super-sound-blaster-edition	16bit,chiptune,lofi,msdos,opl3,sound blaster 16,ymf262
https://chipmusic.org/ryba/music/rybachybaacetonerhythmacefr2lsyb3vocoder	live,microkorg,rhythm ace
https://chipmusic.org/ShintarouMusic/music/an-outro	2x lsdj,outro,shintarou
https://chipmusic.org/SuperGammyBoy/music/microsoft-excel-swag	chiptune,fakebit,gameboy,lsdj
https://chipmusic.org/Breezesquad_/music/-immoral-scenario---wink-8bit-cover	
https://chipmusic.org/3ndymion/music/sonic-the-hedgehog---marble-zone-dmg-01-cover-unedited	chiptune,cover,dmg01,gameboy,genesis,lsdj,masato nakamura,mega drive,sega,sonic the hedgehog
https://chipmusic.org/Klamm/music/heart-of-gold	heart of gold
https://chipmusic.org/sandneil/music/microtuned-impulse-tracker-song	microtonal,tracker
https://chipmusic.org/ShintarouMusic/music/an-introduction	2x lsdj,shintarou,shitwave
https://chipmusic.org/Aly+James/music/ancient-shrine-fmdrive-vsti---sega	genesis,megadrive,sega
https://chipmusic.org/64Mega/music/fate-of-the-worlds	chiptune,famitracker,n163,nes
https://chipmusic.org/AceMan/music/shattered-crystal-drops	ahx,amiga,demoscene,wecan,wobble
https://chipmusic.org/Dim-Pyxis/music/micro-decay	chiptune,gameboy,lsdj
https://chipmusic.org/godinpants/music/am-i-doing-right	amiga,c64,chiptune,fakebit,gameboy,lsdj,nanoloop,nes
https://chipmusic.org/stancoolness/music/my-first-midi-to-8-bit-piece	battle stance,chiptune,famicom,midi,nes,stan,stancoolness
https://chipmusic.org/Flamingo/music/happy-chords!	chipmusic,chiptune,chiptunes,chords,gameboy,happy,lsdj,nes,retro,vintage
https://chipmusic.org/GLOOMS/music/killthesoundguy-nl-2x	nanoloop
https://chipmusic.org/Y0lk/music/looking-for-pixels	chiptune,gameboy,lsdj
https://chipmusic.org/Puertor+Stache/music/yoshis-killing-spree!	chiptune,nes,nintendocore
https://chipmusic.org/GravitonFlux/music/continuum	2xlsdj
https://chipmusic.org/Decktonic/music/anthony-seeha---transcendence-decktonic-remix	ds10,ds10,korg,korg ds10,korg ds10,nintendo ds
https://chipmusic.org/Ateno/music/follow-me	
https://chipmusic.org/tempsoundsolutions/music/vermont-tech-anime-society-theme-song	casiostep,chiptune,fakebit,idm,juke,minimal,sk1
https://chipmusic.org/Teknikbanken/music/unfinished-song-or-a-song-i-havent-named-yet	chiptune,swedish
https://chipmusic.org/YERZMYEY/music/deadly-labyrinth-of-lord-xyrx!	48k,chiptune,deadly,interface,labyrinth,lord,sound,spectrum,tracker,xyrx,yerzmyey
https://chipmusic.org/Bit-R+Chaos/music/stardust-in-the-wind	chiptune,gameboy,lsdj,nanoloop
https://chipmusic.org/Virtual+Boys/music/caledfwlch	bitpop,caledfwlch,dance,electro,fakebit,house,progressive
https://chipmusic.org/Shirobon/music/cyber-party-ft-radix	c64,chiptune
https://chipmusic.org/Y0lk/music/something-found	chiptune,gameboy,lsdj
https://chipmusic.org/yoshitohinton/music/hyper-horny-dinos!	milkytracker
https://chipmusic.org/3rd+St.+Basement+Dweller/music/basement-zero	chiptune,korg ds 10,la crosse,midwest,nintendo ds,third street basement dweller,wisconsin
https://chipmusic.org/fighting+free/music/pixel-police	
https://chipmusic.org/Bitamin/music/mission-8	bitamin,chiptune,gameboy,mission 8,nes
https://chipmusic.org/fluidvolt/music/amnesiac-snes	ambient,rock,snes,synthesis
https://chipmusic.org/Jakim/music/floppie	6581,c64,demoscene,floppy,goat,goattracker,sid
https://chipmusic.org/Brother+Android/music/hell-window	
https://chipmusic.org/stancoolness/music/hello-there!	battle stance,chiptune,famicom,hello there,nes,stan,stancoolness
https://chipmusic.org/BEASTMODE/music/digitize-lsdj	lsdj
https://chipmusic.org/jefftheworld/music/aegis-of-iliad-xm	canada,chiptune,dos,fasttracker,jefftheworld,micromusic,toronto
https://chipmusic.org/Sax+Appeal/music/bnds-ds-10	chiptune,ds10,fakebit,glitch,kaoss pad,korg ds
https://chipmusic.org/T3chn0ph1l3/music/weebles-wobble	chiptune,gameboy,hardcore,lsdj
https://chipmusic.org/Kuma/music/mysterious-open-mic-hero	8static,awesome,chiptune,fakebit,my hero,rollingtones,squarewaves,tone matrix
https://chipmusic.org/MicroD/music/del-era	2a03,famitracker,nes,nsf,radical
https://chipmusic.org/Roth/music/cloudsurfing	ambient,ambient breaks,breakbeat,chillout,chipmusic,chipsounds,chiptune,magical8bitplug,progressive house,trance
https://chipmusic.org/ShintarouMusic/music/nights-last-summer-2xlsdj	last,nights,shintarou,summer
https://chipmusic.org/stad400/music/stad400---peripheral-data	c64,chiptune
https://chipmusic.org/stad400/music/stad400---parity-check-disabled	c64,chiptune
https://chipmusic.org/stad400/music/stad400---interrupt-request	c64,chiptune
https://chipmusic.org/stad400/music/stad400---address-enable-control	c64,chiptune
https://chipmusic.org/Skin+Walker/music/2-unlimited-4-u-new-lsdj-album-out-later-this-year	shit,shit,shit,shit,shit
https://chipmusic.org/ChipThePegasus/music/pwnicorn	chiptune,famisynth,pegasus,pony
https://chipmusic.org/Jansaw/music/holy-wars-the-punishment-due-2a03	2a03,chiptune,megadeth,nes
https://chipmusic.org/Dim-Pyxis/music/introduction-failed-signal	chiptune,lsdj
https://chipmusic.org/3ndymion/music/shadow-of-the-beast---welcome-dmg-01-cover	chiptune,cover,david whittaker,gameboy,lsdj,shadow of the beast
https://chipmusic.org/Klamm/music/pixelated-life	c64,chiptune,fakebit,klamm,music,pixelated life
https://chipmusic.org/Brother+Android/music/we-can-see-our-breath	
https://chipmusic.org/Dylan+Wey/music/waiting-room	chiptune,gameboy,lsdj,newbie
https://chipmusic.org/Kommisar/music/marmalade	chiptune,gameboy,lsdj
https://chipmusic.org/fedepede04/music/power-fm---2-unlimited-no-limit-cover	2unlimited,opl3,powerfm,synth tracker
https://chipmusic.org/Ultrasyd/music/drop-the-crap-atari-ste	atari,crap,maxymiser
https://chipmusic.org/L-tron/music/through-the-mirror	
https://chipmusic.org/Kremland/music/2003	chiptune,gameboy,lsdj
https://chipmusic.org/WXLFHE%CE%94DEDMVSE/music/wolf-headed-muse---unholy-company-2nd-vizit	ds10,gameboy,headed,korg,muse,wolf
https://chipmusic.org/The+One+Electronic/music/chamomile	chiptune,gameboy,lsdj
https://chipmusic.org/Kixo/music/agrougroum	chiptune,gameboy,lsdj,retro
https://chipmusic.org/Volt+44/music/why-isnt-this-working	chiptune
https://chipmusic.org/Puertor+Stache/music/trashcan-ghostep-interlude	8bit,chiptune,gameboy,nes
https://chipmusic.org/3rd+St.+Basement+Dweller/music/intro	chiptune,introduction,midwest,nintendo ds,rtymik,third street basement dweller,wisconsin
https://chipmusic.org/memero/music/memero---coppersea---troky	berlin,breakcore,gameboy,hardtek,lsdj,memero,speedcore
https://chipmusic.org/A+Touch+Electric/music/escalate	chiptune,gameboy,lsdj
https://chipmusic.org/PSS-270/music/ghost-inside-a-musical-box	230s,270,casio,core,keyboard,micromusic,pss,toy
https://chipmusic.org/Laffe+the+Fox/music/case-portman---starcade-feat-laffe-the-fox	8bit,bitpop,case portman,chip,chipmusic,chip music,laffe the fox,starcade
https://chipmusic.org/MicroD/music/radical-d	2a03,famitracker,nes,nsf,prog
https://chipmusic.org/The_Mad_Bitter/music/particle-storm	8bit,chiptune,classical,drum n bass,dubstep,lsdj
https://chipmusic.org/bloerb/music/adorno-would-hate-this-song	bitpop,electropunk,fakebit,noise,progressive,renoise,techno
https://chipmusic.org/Console+Killer/music/loud--math-electro-lsdj-www56kbpsrecordsorg	chiptune,console killer,electro 8bit,gameboy,lsdj
https://chipmusic.org/Alex+Lane/music/cosmic-latte	gameboy
https://chipmusic.org/Kommisar/music/stardust	chiptune,gameboy,lsdj
https://chipmusic.org/bitsmitten/music/turtle-friend	chiptune,gameboy,lsdj
https://chipmusic.org/yoshitohinton/music/new-jersey---saitama	chiptune,dinosaurs,hinton,horny,milkytracker,original,yoshi,yoshito
https://chipmusic.org/yoshitohinton/music/moist-dreams	chiptune,dinosaurs,hinton,horny,milkytracker,original,yoshi,yoshito
https://chipmusic.org/yoshitohinton/music/boop-boop-xxx	chiptune,dinosaurs,hinton,horny,milkytracker,original,yoshi,yoshito
https://chipmusic.org/yoshitohinton/music/horny-dinosaurs	chiptune,dinosaurs,hinton,horny,milkytracker,original,yoshi,yoshito
https://chipmusic.org/thebitman/music/what-to-say-full-nonep-version	chiptune,gameboy,lsdj
https://chipmusic.org/katsumbhong/music/save-me	
https://chipmusic.org/gotoandplay/music/dont-forget-happiness	2a03,nes
https://chipmusic.org/Ultrasyd/music/men-of-mega---consultation-cover	
https://chipmusic.org/ShintarouMusic/music/the-story-of-seed	electronic,vocal
https://chipmusic.org/DBOYD/music/bloodrush	
https://chipmusic.org/DBOYD/music/cast-rasp	chiptune,gameboy,lsdj
https://chipmusic.org/LLTH/music/tape-corrosion	casio,circuit bent,lofi,sk1,tape,tb303,tr707,x0xb0x
https://chipmusic.org/Stugard/music/rainfall-sky-warioware-diy--yamaha-ypt-200	electronic,fakebit,jazz,lofi,nds,warioware diy
https://chipmusic.org/nonfinite/music/into-you---pt2	chiptune,nanoloop,tech house
https://chipmusic.org/nonfinite/music/into-you---pt1	chiptune,minimal,nanoloop,techno
https://chipmusic.org/Klamm/music/mr-dream	c64,chiptune,fakebit,klamm,mr dream
https://chipmusic.org/SketchMan3/music/gotta-get-aboard-that-train	1xlsdj,battleofthebits,bgb,botb,dub,gameboy,loop,lsdj,pwm,reggae,voicesynth
https://chipmusic.org/MicroD/music/trouble-take	2a03,famitracker,radical,ska
https://chipmusic.org/Fighter+X/music/vibrance	chiptune,gameboy,lsdj
https://chipmusic.org/ShintarouMusic/music/morning-surf-2xlsdj	reggae,shintarou,surf
https://chipmusic.org/oqqq/music/8135	blips,cats,fakebit,something
https://chipmusic.org/munchluxe63/music/drive-me-home---sega-genesis-original	16bit,chiptune,deflemask,genesis,megadrive,original,sega,sn76489,ym2612
https://chipmusic.org/jmc1987/music/take-it-easy-dracula	chiptune,gameboy,guitar,guitars,horror,lofi,loud,lsdj,noise,punk rock,rock,scifi
https://chipmusic.org/Turnstyle+Robots/music/lamb-patrol	chiptune,gameboy,lsdj
https://chipmusic.org/Jredd/music/smooth-moves-sega-genesis-feat-rob	jazz,jredd,rob,sega genesis,trevin hughes,vgmm
https://chipmusic.org/xylo/music/francois-disque-mod	amiga,cerror,mod,xyce,xylo
https://chipmusic.org/SpookyPoe/music/pre-pro2013-by-poe-grotto	chiptune,fakebit,nintendocore
https://chipmusic.org/ShintarouMusic/music/we-fought-slimes-2xlsdj	shintarou
https://chipmusic.org/COLORCAVES/music/alone-version-2lsdj-mono-demo	chiptune,gameboy,lsdj,nanoloop,nes
https://chipmusic.org/ForaBrokenEarth/music/kyubey	chiprock,guitar,lsdj,rock,sid
https://chipmusic.org/SketchMan3/music/mud-puddle	1bit,beepola,botb,demo,ohc,speccy,zxbeeper,zxspectrum
https://chipmusic.org/The_Mad_Bitter/music/hello	chiptune,experimental,gameboy,happy,hello,lsdj,noise,telephone,wacky,wave,weird
https://chipmusic.org/trashboat.mpeg/music/circuits---clouds-original-mix	electro,fakebit,house
https://chipmusic.org/Zimbolt/music/dealinator	amiga,c64,chiptune,fakebit,gameboy,lsdj,nanoloop,nes
https://chipmusic.org/trashboat.mpeg/music/circuits---data-original-mix	8bit,chiptune,electro,fakebit,house
https://chipmusic.org/onewhitenoise/music/dullard	and,bass,dnb,drum,dullard,famicom,famitracker,fds,nes,vcr6
https://chipmusic.org/datamnesia/music/syndeton	chiptune,famicom,famitracker,house,nes
https://chipmusic.org/MicroD/music/roots-recca	dub,famitracker,nsf,radical,reggae
https://chipmusic.org/Mount+Perseus/music/fly-home-intro	chiptune,fakebit,piano,pwm delay
https://chipmusic.org/MilLs+Dj/music/mills-dj---through-the-pixels-and-bits	dragon force,mills dj,through the fire and flames,through the pixels and bits
https://chipmusic.org/sandneil/music/a-perfect-snowflake	fractals,hungarian mathematician,lindenmayer,perl
https://chipmusic.org/Kommisar/music/sugar-coated-affections	chiptune,gameboy,lsdj
https://chipmusic.org/shotgun+breakdown/music/king-of-2nd-place	8bit,chipmusic,chiptune,math,prog,punk,rock
https://chipmusic.org/Nil+Desperandum/music/piano-medley	2a03,nes
https://chipmusic.org/Nil+Desperandum/music/escape-the-autocracy	2a03,nes
https://chipmusic.org/Nil+Desperandum/music/stargazer	2a03,8bit,nes,sleepy
https://chipmusic.org/chunter/music/commencement	nes,nsf
https://chipmusic.org/gotoandplay/music/we-have-a-man-down	fds,nes
https://chipmusic.org/SketchMan3/music/sandy-nosedive-1-bit-beeper	1bit,beach,beeper,beepola,chiptune,ohc,swing,zxbeeper,zxspectrum
https://chipmusic.org/Ro-Bear/music/ondine	chiptune,gameboy,guitar,lsdj,voice
https://chipmusic.org/Skip+Sandwich/music/served-cold-2xlsdj	
https://chipmusic.org/Hashtagyoloswag/music/night-heat	chiptune,guitar,nes,ukulele,vrc6
https://chipmusic.org/Calavera/music/seas-of-culinia	australia,calavera,gameboy,lsdj,melbourne
https://chipmusic.org/Cangrejo/music/mexican-porn---crab-sound--full-track	chiptune,colectivo chipotle,crab sound,gameboy,lsdj,mexican porn,mexico
https://chipmusic.org/Monotron/music/far-from-home	chiptune,chiptunes  win vol 2,far from home,gameboy,lsdj,monotron,pxlbot,pxlwin
https://chipmusic.org/Bamboori/music/simple-move	beginner,chiptune,gameboy,lsdj,psp
https://chipmusic.org/Xuriik/music/dance-ass-big-sean	gameboy,hip hop,lsdj
https://chipmusic.org/SketchMan3/music/qramd	bgb,bollywood,compo,emulator,gameboy,india,lsdj,showdown
https://chipmusic.org/egr/music/hymn-of-regret-[abandoned-on-fire-hymnal-preview-track]	fire,gameboy,gbc,heavy,lsdj,noise
https://chipmusic.org/press_start/music/the-pleasure-district	chiptune,gameboy,lsdj
https://chipmusic.org/ohmtek81/music/tech-q	gameboy,house,lsdj,tech
https://chipmusic.org/Mount+Perseus/music/hawk-theme	chiptune,fakebit,piano,pwm delay
https://chipmusic.org/Alley+Beach/music/breezeblocks-demo-cover	lsdj,noprosound
https://chipmusic.org/ohmtek81/music/beat-krex	bass,gameboy,lsdj
https://chipmusic.org/C-jeff/music/lovers	3 channels,chiptune,zx spectrum
https://chipmusic.org/Breezesquad_/music/little-boots---satellite-breezesquad-remix-instrumental	
https://chipmusic.org/Nestrogen/music/trial-ii	chiptune,gameboy,lsdj
https://chipmusic.org/donotrunwithpixels/music/epic-rpg-ballad	
https://chipmusic.org/The_Mad_Bitter/music/korobeiniki-8-bit-original-tetris-song	8bit,chiptune,classic,classical,cover,gameboy,korobeiniki,lsdj,nintendo,retro,russia,tetris
https://chipmusic.org/Fearofdark/music/an-earth-made-of-molten-rock-2a03	2a03,bitpuritans,fire,nsf
https://chipmusic.org/Demure/music/galactique	chiptune
https://chipmusic.org/MicroD/music/hang-six	famitracker,harmony,microd,nes,radical,surf
https://chipmusic.org/T3chn0ph1l3/music/personal-space-invader	chiptune,gameboy,lsdj
https://chipmusic.org/thebitman/music/she-is-no-object	bitman,chiptune,gameboy,love,lsdj
https://chipmusic.org/We+The+Sick/music/fairest-wheel	8bit,chiptune,renoise
https://chipmusic.org/ZeBBiZ/music/chipz	chiptune,gameboy,lsdj
https://chipmusic.org/Victory+Road/music/you-do-not-belong-here	303,lsdj
https://chipmusic.org/Klamm/music/dead-or-alive	ambient,dead or alive,electro,klamm,techno
https://chipmusic.org/Jake+Allison/music/the-deluxe	chiptune,college,deluxe,fun,iphone,nanoloop,summer
https://chipmusic.org/stargazer/music/small-black---despicable-dogs-cover-demo	gameboy,lsdj
https://chipmusic.org/zombiepixel/music/zombie-pixel---blast-off	c64,chiptune,fakebit,nes,sid,zombie pixel
https://chipmusic.org/sleepytimejesse/music/rotunda-florida	
https://chipmusic.org/Derris-Kharlan/music/lazers-of-xander	cats,fakebit,omg,so brave,stuff,wow
https://chipmusic.org/Feryl/music/i-cant-express-my-rage	chipmusic,chiptune,feryl
https://chipmusic.org/pixlcrushr/music/yo-jenny!	bitpop,love song,real music equipment
https://chipmusic.org/Nestrogen/music/sympathy-of-the-knight	chiptune,nes
https://chipmusic.org/Ro-Bear/music/carrot-cake-clif-bars	chiptune,clif bars,gameboy,lsdj,pennsylvania
https://chipmusic.org/FakeBitMusic/music/a-knights-merry-quest-to-court-a-wench	cheesey,fakebit,medieval,midieval,snes
https://chipmusic.org/dualtrax/music/_ensnare_---let-us-progress-to-the-castle-of-funk-dualtrax--artfx!-remix	chiptune
https://chipmusic.org/anthony/music/str	chiptune,gameboy,lsdj
https://chipmusic.org/anthony/music/starfall	chiptune,gameboy,lsdj
https://chipmusic.org/anthony/music/8036	gameboy,lsdj
https://chipmusic.org/elektrohobo/music/sirens-chiptune-edit-full	chiptune,gameboy,lsdj
https://chipmusic.org/TeamRocket/music/rare-candy	8bit,free track friday,gameboy,northern ireland,rare candy,teamrkt,teamrocket
https://chipmusic.org/Silly+Rave/music/until-we-meet-again	chiptune,gameboy,lsdj
https://chipmusic.org/Spore/music/my-heart	gameboy,lsdj,spore
https://chipmusic.org/Jansaw/music/fight-in-the-sky-xm	amiga,chiptune,jansaw,metal
https://chipmusic.org/nonfinite/music/better-off-alone-nanoloop-lsdj-ableton-live	chiptune,fakebit,nanoloop lsdj,trance
https://chipmusic.org/Kommisar/music/cosmo-bounce	chiptune,cosmo,funk blast,gameboy,jazzy,lsdj
https://chipmusic.org/brp/music/happy	chiptune,dmg01,happy,lsdj,original
https://chipmusic.org/brp/music/chippy-rave-girl	chiprave,chiptune,daddy dj,dj s3rl,dmg01,game boy,lsdj,pretty rave girl,rave
https://chipmusic.org/Klamm/music/psycho-fox	electronic,klamm,music
https://chipmusic.org/Zimbolt/music/return-of-wily-mmx	amiga,c64,chiptune,fakebit,gameboy,ijustusedthedefaulttags,lsdj,megaman,nanoloop,nes,snes
https://chipmusic.org/ryba/music/rybachyba02cut	kaossilator,lgpt,live,saxophone
https://chipmusic.org/KyleKronez/music/gameboy	gameboy nes awesome
https://chipmusic.org/The+Flying+Saucer+Men/music/fly-in-my-eye	blegh
https://chipmusic.org/Monotron/music/taco-flavored-kisses	chiptune,gameboy,lsdj
https://chipmusic.org/ZAZI/music/maparainuresma	
https://chipmusic.org/Fufugagakikilala/music/vader	chiptune,gameboy,lsdj
https://chipmusic.org/DJ+Salinger/music/chiphop-6	chiphop,custom kits,lsdj,samples
https://chipmusic.org/the+fluorescent/music/dinosaurs	gameboy,korg,lsdj
https://chipmusic.org/elektrohobo/music/sirens-chiptune-edit	gameboy,lsdj
https://chipmusic.org/Kola+Kid/music/kola-kid---feels-like	chiptune,newtrap,trap
https://chipmusic.org/MilLs+Dj/music/mills-dj---drift	car,drift,mills dj,skid
https://chipmusic.org/Monotron/music/skrillex---voltage-monotron-dirty-rom-remix	chiptune,fakebit,gameboy,lsdj,nes
https://chipmusic.org/Klamm/music/little-princess	electronic,klamm,little princess
https://chipmusic.org/thebitman/music/pon-pon-pon-2xlsdj	chiptune,gameboy,lsdj
https://chipmusic.org/Beban96/music/path-to-freedom	beban96,bit,c64,chiptune,freedom,nes,path
https://chipmusic.org/Volt+44/music/good-times!	chiptune schism tracker
https://chipmusic.org/Moriokun/music/innocence-lost	lsdj
https://chipmusic.org/CHICKENANDROFLS/music/tasty	8bit,chickenandrofls,chiptune,famitracker
https://chipmusic.org/fluidvolt/music/gilded-cavern-snes	fakebit,snes,synth
https://chipmusic.org/dualtrax/music/dualtrax--artfx!---super-robco-disco-battle	chiptune,nes,renoise,sega
https://chipmusic.org/Klamm/music/descended	descended,electronic,klamm,music
https://chipmusic.org/sandneil/music/bryan-adams-markov-gashisoft-11m!	fakebit,gashisoft,markov
https://chipmusic.org/heimao/music/-small-universe	gameboy,lsdj
https://chipmusic.org/Enders+Crusade/music/future-boyyy	austin,baia,chiptune,crusade,dance,dmg,electro,ender,fight,final,gameboy,lsdj,pillar,song,the,tx chip
https://chipmusic.org/Enders+Crusade/music/goodbye-old-friend	austin,baia,chiptune,crusade,dance,dmg,electro,ender,fight,final,gameboy,lsdj,pillar,song,the,tx chip
https://chipmusic.org/Enders+Crusade/music/jungle-princess	austin,baia,chiptune,crusade,dance,dmg,electro,ender,fight,final,gameboy,lsdj,pillar,song,the,tx chip
https://chipmusic.org/Enders+Crusade/music/jungle-party	austin,baia,chiptune,crusade,dance,dmg,electro,ender,fight,final,gameboy,lsdj,pillar,song,the,tx chip
https://chipmusic.org/Enders+Crusade/music/this-is-how-i-dance	austin,baia,chiptune,crusade,dance,dmg,electro,ender,fight,final,gameboy,lsdj,pillar,song,the,tx chip
https://chipmusic.org/Enders+Crusade/music/sly-dog	austin,baia,chiptune,crusade,dance,dmg,electro,ender,fight,final,gameboy,lsdj,pillar,song,the,tx chip
https://chipmusic.org/Ricky+Brugal/music/se-acabo	chiptune,gameboy,lsdj
https://chipmusic.org/FakeBitMusic/music/summer-times-on-pebble-beach	cheesey,dance,fakebit,summer
https://chipmusic.org/TomCS33398/music/undone-failure-cover	boy,chiptune,game,gameboy,lsdj
https://chipmusic.org/Hashtagyoloswag/music/chief-of-swagriculture	nes,ukelele,vrc6
https://chipmusic.org/Bunnymajs/music/objects-of-epic-proportions-pt1	gamewave
https://chipmusic.org/bloodtype8/music/emulated-euphoria	c64
https://chipmusic.org/DJ+Salinger/music/chiphop-satiated	chiphop,custom kits,lsdj,samples
https://chipmusic.org/bejd/music/limit	chiptune,fakebit,instrumental,nes
https://chipmusic.org/Dragline/music/win!	amiga,arcade,atari,c64,chipstep,chiptune,gameboy,nanoloop,nes,sid,tia
https://chipmusic.org/moviemovies1/music/[8-n163]-memories-of-the-past	dpcm,famitracker,memories of the past,n106,n163,namco
https://chipmusic.org/SinclairStrange/music/swedish-fish-first-lsdj-mix	amesuki,boy,chiptune,fish,game,gameboy,lsdj,sinclair,sinclairian,strange,swedish
https://chipmusic.org/Breezesquad_/music/we-got-the-world-icona-pop-cover	
https://chipmusic.org/Breezesquad_/music/heaven--refined-hell	
https://chipmusic.org/reborn.nsf/music/pachuca-sunrise-reborn_nsf-remix	chiptune,gameboy,lsdj
https://chipmusic.org/TeamRocket/music/happiness	8bit,free track friday,gameboy,happiness,northern ireland,teamrkt,teamrocket
https://chipmusic.org/Klamm/music/zebra-pulse	klamm,zebra pulse
https://chipmusic.org/StorMx65535/music/24-7-gaming-is-good	chiptune,renoise
https://chipmusic.org/Nestrogen/music/torpedophile-of-wonder-and-joy	chiptune,gameboy,lsdj
https://chipmusic.org/seanmonistat/music/my-body-is-a-crime-scene	chiptune,electro,gothic,korg ds10,nintendo ds,nyc
https://chipmusic.org/reborn.nsf/music/the-memorys-we-made	chiptune,gameboy,happy,lsdj,ulrich,zach
https://chipmusic.org/SubWooferSpecial/music/good-luck	8static,jawn,lsdj,philadelphia,storm blooper
https://chipmusic.org/Nestrogen/music/quickman-revisited	chiptune,nes
https://chipmusic.org/wailord/music/hello-there	nes
https://chipmusic.org/MilLs+Dj/music/mills-dj---take-off-and-soar	happy,kitsune 2,mills dj,take off and land,take off and soar
https://chipmusic.org/Boy+Without+Batteries/music/going-away-to-college	8bit,awesome,chipmusic,chips,chiptune,cool,gameboy,lsdj
https://chipmusic.org/Odjj/music/ojj---jger-maxima	gameboy,lsdj
https://chipmusic.org/elmusho/music/umbrella-on-the-balcony-slow-lsdj-dub-reggae	doktor polis i strumpan,gameboy,lsdj,tjohej
https://chipmusic.org/thursdaycustoms/music/blip-trip	8bitrock,chiptune,gameboy,lsdj
https://chipmusic.org/heimao/music/-moshi-moshi	gameboy,nanoloop
https://chipmusic.org/wailord/music/welcome-to-chiptune-summer-2013-megamix-dj-wailord-shut-up-mom-im-talking-to-my-friends-on-the-internet-mix	
https://chipmusic.org/iocjpoizgapoisdhvpz/music/right-on-time-skrilrex-cover-3	chiptune,dub,dubstep,gameboy,lsdj,skrilrex
https://chipmusic.org/XyNo/music/napalm-loader-atari-st-conversion	atari st,musicmon,ym2149
https://chipmusic.org/Laffe+the+Fox/music/the-sonic-show---theme-laffe-the-fox-remix	8bit,bitpop,chip,chip music,chipmusic,laffe the fox,remix,theme,the sonic show
https://chipmusic.org/Monotron/music/experiment	chiptune,fakebit,lsdj,nes,orchestra
https://chipmusic.org/spOOked/music/girlfriend-in-a-coma-the-smiths-cover	bleeep,bloop,chiptune,cincinnati,covers,dmg,gameboy,lsdj,nes,spooked,the smiths
https://chipmusic.org/pgil/music/springwise-30s30d	bluegrass,fakebit,milkytracker
https://chipmusic.org/fedepede04/music/x-files-x-files--mark-snow--cover-version-by-peter-andersen	opl3,peter andersen,powerfm,synth tracker,xfiles
https://chipmusic.org/wedanced/music/untitled-nes	famitracker,nes
https://chipmusic.org/Kittenrock/music/kr067---tdm---foltrax---from-various---1-bit-wizards!	amiga,c64,chiptune,fakebit,gameboy,lol,lsdj,nanoloop,nes
https://chipmusic.org/ZAZI/music/siren	
https://chipmusic.org/buttercup/music/be-quiet-iii	milkytracker
https://chipmusic.org/FakeBitMusic/music/level-4_-techno-take-down	concept,dance,fakebit,megadrive,rock
https://chipmusic.org/BEASTMODE/music/wavjams-pt-ii-wav-channel	lsdj
https://chipmusic.org/wailord/music/the-epic-nes-writers-block	dubstep,hip hop,nes,trance,trap
https://chipmusic.org/awesomeforce/music/andy-bot-loop-5	game,gameboy,indie,lsdj,soundtrack,video
https://chipmusic.org/Monotony/music/sofaking	chiptune,gameboy,lsdj
https://chipmusic.org/Monotony/music/bearhug	chiptune,gameboy,lsdj
https://chipmusic.org/Monotony/music/saucer-set	chiptune,gameboy,lsdj
https://chipmusic.org/Jredd/music/plasma-shuriken-sega-genesis	jredd,ninja,sega genesis,shinobi,trevin hughes,vgmm
https://chipmusic.org/janitrix/music/knives	fakebit
https://chipmusic.org/ShintarouMusic/music/follow-the-lights	follow,lights,shintarou
https://chipmusic.org/GLOOMS/music/gloom-demo-01-nl-2x	chiptune,gameboyadvanced,nanoloop
https://chipmusic.org/sandneil/music/dance-of-time	lsdj
https://chipmusic.org/Laffe+the+Fox/music/skycstls---shatter-laffe-the-fox-remix	8bit,bitpop,chip,chipmusic,chiptune,laffe the fox,our rave is in another castle,remix,shatter,skycstls
https://chipmusic.org/SpellingPhailer/music/bots-and-bricks-main-theme	fakebit,soundtrack
https://chipmusic.org/nitro2k01/music/duty-cycle	gameboy,lsdj
https://chipmusic.org/fluidvolt/music/the-cats-curse-vrc7	impressionist,jazz,nes,vrc7
https://chipmusic.org/amigainc/music/lions-dream	amiga,octamed
https://chipmusic.org/Pegasusomega/music/kommandotolken---programmeraren	amiga,chiptune
https://chipmusic.org/Freak+Assassins/music/7th-chaos	lsdj
https://chipmusic.org/Freak+Assassins/music/23-reasons	lsdj
https://chipmusic.org/Klamm/music/phantom	chiptune,klamm,music,phantom
https://chipmusic.org/FakeBitMusic/music/shinobis-revenge	concept,fakebit,oriental
https://chipmusic.org/BrianandErik/music/credits	chiptune,gameboy,lsdj
https://chipmusic.org/BrianandErik/music/zumbeez	chiptune,fakebit,gameboy,lsdj
https://chipmusic.org/BrianandErik/music/homie	chiptune,fakebit,gameboy,lsdj
https://chipmusic.org/BrianandErik/music/its-a-wrap!!!	chiptune,fakebit,gameboy,lsdj
https://chipmusic.org/BrianandErik/music/patches	chiptune,fakebit,gameboy,lsdj
https://chipmusic.org/BrianandErik/music/icecr3am	chiptune,gameboy,lsdj
https://chipmusic.org/BrianandErik/music/flyin-n-stuff	chiptune,gameboy,lsdj
https://chipmusic.org/BrianandErik/music/title	chiprock,chiptune,gameboy,lsdj
https://chipmusic.org/BrianandErik/music/title	chiprock,chiptune,gameboy,lsdj
https://chipmusic.org/Apramada/music/forever-telephone-song	chiptune,electribe,fakebit,groovebox
https://chipmusic.org/64Mega/music/fly-to-the-stars!	chiptune,game,nes,rockets,soundtrack,space,vrc6
https://chipmusic.org/Brother+Android/music/black-gate	fakebit,tracker
https://chipmusic.org/sleeping+arms/music/sidewalk	ambient,chill,fakebit,liquid
https://chipmusic.org/ocean+palace/music/war-throne-of-the-ice-god-feat-joseph-green	fakebit
https://chipmusic.org/algar/music/im-leaving-this-world-tonight	chiptune
https://chipmusic.org/Digital+Darwin/music/moby-plus-car	gameboy,lsdj
https://chipmusic.org/ShintarouMusic/music/mana	mana,shintarou
https://chipmusic.org/basspuddle/music/skitchin-barbeque-lsdj-cover	
https://chipmusic.org/ZeBBiZ/music/zmastaquest	chiptune,dmg,gameboy,lsdj
https://chipmusic.org/IceWolf/music/8bit-island	chiptune,nes
https://chipmusic.org/algar/music/demomans-adventure	chiptune
https://chipmusic.org/thebitman/music/glow-in-the-dark-intro-preview	chiptune,gameboy,lsdj
https://chipmusic.org/ShintarouMusic/music/boat-ride	boat,reason,ride,shintarou
https://chipmusic.org/trashboat.mpeg/music/dont-tell-me-this-sounds-like-beastmode-lets-go	ableton,bass,electro,fake bit,sine,sine wave
https://chipmusic.org/GenSek/music/bassorumpu-ja-melu	8bit,bitcrusher,disrupted,distorted,gameboy,kicknoise,minimal,nanoloop,nintendo,noise,oto biscuit,tune in tokio
https://chipmusic.org/BrZ40/music/exciting-journey	chiptune,melodic,nes
https://chipmusic.org/Calavera/music/youre-better-at-living-than-you-think	1xlsdj,australia,calavera,chiptune,dmg,melbourne
https://chipmusic.org/Men+of+Mega/music/hybrid-fora	chiptune,dmg,lsdj
https://chipmusic.org/Bit+wish/music/pc19	chiptune,lsdj
https://chipmusic.org/NationalBroadcastNetwork/music/7-billion-volts-album-version	atari,chipmusic,chiptune,gameboy,garage,nes,punk
https://chipmusic.org/franz_koopa/music/la-sorcire-de-ltoile-rose	fm ym2413 opll melodic anime fantasy it impulsetracker
https://chipmusic.org/SpellingPhailer/music/high-on-sunshine	fakebit summer
https://chipmusic.org/FakeBitMusic/music/most-triumphant	fakebit,fakebitmusic,rock
https://chipmusic.org/kraettz/music/anti-grid-lsdj-mix	chipstep,chiptune,deep,dubstep,gameboy,lsdj,minimal,subtle,techno
https://chipmusic.org/Klamm/music/electric-ghost	chiptune,electric ghost,fakebit,klamm
https://chipmusic.org/FakeBitMusic/music/bandit_x-final-salvation	banditx final salvation,fakebit,fakebitmusic,rock
https://chipmusic.org/PleaseLoseBattle/music/afternoon-at-last	chiptune,famitracker,nes,rock
https://chipmusic.org/GreaseMonkey/music/clock-cycle-murderer	dnb,drumnbass,guitar,karplusstrong,request,ringmodulator,sunvox
https://chipmusic.org/wailord/music/just-go-to-sleep-you-idiots	
https://chipmusic.org/POPCORNKID/music/skyward!---popcornkid!	c64,chiptune,corn,fakebit,kid,pck,pop
https://chipmusic.org/x+Critical+strike+x/music/ponponpon	chiptune,gameboy,lsdj
https://chipmusic.org/Maxo/music/heavenly-sword-club	fakebit,swords
https://chipmusic.org/KevlarNoddyKarma/music/deadlock-victim-6-excerpt	
https://chipmusic.org/KevlarNoddyKarma/music/shift-up	
https://chipmusic.org/KevlarNoddyKarma/music/mallory	
https://chipmusic.org/KevlarNoddyKarma/music/kerfuffle	
https://chipmusic.org/KevlarNoddyKarma/music/rapcrew	chip,chiphop,chiptune,dmg,dmg01,lsdj,rap
https://chipmusic.org/Crash/music/chipset-01	chiptune,complimation,gameboy,lsdj,nintendo
https://chipmusic.org/VCMG/music/latino-sango	chiptune,gameboy,kits,latin,lsdj,samba
https://chipmusic.org/Iron+Curtain/music/wizwars---skyline-iron-curtain-remix	gameboy,lsdj,remix,wizwars
https://chipmusic.org/Monotron/music/its-not-unusual	fakebit,gameboy,lsdj,nes
https://chipmusic.org/MilLs+Dj/music/mills-dj---shock-wave	mills dj,shock,shock wave,wav,wave
https://chipmusic.org/Milk+Jooce/music/become-the-winrar!!!	8bit,chiptune,milkytracker
https://chipmusic.org/kymaz/music/solar-ptii	chiptune,gameboy,lsdj
https://chipmusic.org/kymaz/music/secret-star-system	chiptune,gameboy,lsdj
https://chipmusic.org/kymaz/music/ecstasy-dream	chipmusic,chiptune,gameboy,kymaz,lsdj
https://chipmusic.org/The+P3/music/hodge	chiptune,loop,vrc6
https://chipmusic.org/Phenomics/music/world-over	
https://chipmusic.org/W4LKR/music/00000000	chiptune,gameboy,lsdj,w4lkr
https://chipmusic.org/SpellingPhailer/music/the-reaction	fakebit
https://chipmusic.org/Klamm/music/shockwave	chiptune,fakebit,klamm,shockwave
https://chipmusic.org/MicroD/music/topside-new-microd-album-in-august!	famitracker,nes,radical d,ska,swing,unreleased
https://chipmusic.org/MrAsterB/music/mrasterb---possibility	chiptune
https://chipmusic.org/Groovemaster303/music/club-sega	fm synthesis,genesis,groovemaster303,jredd,megadrive,otakumode,sega
https://chipmusic.org/buttercup/music/captive-vol-3	chiptune,milkytracker
https://chipmusic.org/MrAsterB/music/mrasterb---cursed-dream	chiptune
https://chipmusic.org/Mech+Rider+X/music/mechriderx---mech-force-first-post	cyberpunk chipmusic
https://chipmusic.org/W4LKR/music/upupup	chiptune,gameboy,lsdj,w4lkr
https://chipmusic.org/DogTag/music/rises--thebitman-gb-boy-colour-research	gb boy colour,lsdj,research,rises,thebitman
https://chipmusic.org/upKori/music/spaceship-minivan	chiptune,fakebit,gameboy,lsdj,nes
https://chipmusic.org/swampyboy/music/gabberfad	chiptune,gabber,gameboy,lsdj,swampyboy
https://chipmusic.org/juuhokei/music/lumi-teki-enkelin-eteiseen	gameboy,lsdj
https://chipmusic.org/Dark+Oyster/music/lets-go-to-the-graffiti-festival	chiptune,dark,gameboy,lsdj,oyster
https://chipmusic.org/Rynnon/music/magic-bits	ableton,magical8bit,vsti
https://chipmusic.org/PleaseLoseBattle/music/watch-out-sharks-!	chiptune,nes
https://chipmusic.org/kraettz/music/13-keys-lsdj-mix	chiptune,deep,gameboy,lsdj,minimal,samples,techno,tek
https://chipmusic.org/Ap0c/music/wedding-march---mendelssohn	2a03,chiptune,classical,free download,love all around,mendelssohn,nes,vrc6
https://chipmusic.org/SpellingPhailer/music/maintain-the-flow	fakebit,game,rpg
https://chipmusic.org/unini/music/dance-party-summer	chipcore,gameboy,lsdj
https://chipmusic.org/godinpants/music/them-4-a-jumpgote	amiga,c64,chiptune,dat slide,jazz,notes,prog
https://chipmusic.org/BFAD/music/copies-of-copies-of-copies	chiptune,gameboy,lsdj,math,metal,progressive,rock
https://chipmusic.org/Glor/music/eternity-of-space	chipsounds,chiptune
https://chipmusic.org/MilLs+Dj/music/mills-dj---the-worlds-beyond	believe,believing,mills dj,seeing,shooting stars,the worlds beyond,wishes
https://chipmusic.org/juuhokei/music/jos-animehahmot-olisivat-todellisia-min-nussisin-niit	gameboy,lsdj
https://chipmusic.org/GravitonFlux/music/singularity	
https://chipmusic.org/Laffe+the+Fox/music/mr-lenix--laffe-the-fox---boring-action	8bit,bitpop,chip,chip music,chipmusic,chipmusic heroes 2,laffe the fox,mr lenix
https://chipmusic.org/Klamm/music/scorpion	chiptune,fakebit,klamm,scorpion
https://chipmusic.org/NationalBroadcastNetwork/music/last-megaman-on-earth-8-bit-cover-of-defense-mechanism	c64,chiptune,gameboy,nes
https://chipmusic.org/elektrohobo/music/medabitch	chiptune,gameboy,lsdj
https://chipmusic.org/juuhokei/music/jumalauta-ei-helvetti	gameboy,lsdj
https://chipmusic.org/xXgladosXx/music/sneaking-around	amiga,c64,chiptune,fakebit,gameboy,lsdj,music,nanoloop,nes
https://chipmusic.org/GenSek/music/a-little-respecterasure-by-gensek--lchibulski-featkinaja	8bit,analog,chiptune,cover,erasure,gameboy,gbasp,guitar,mfb,mfb522,nanoloop,nanozwerg,nl25,nlone,vocals
https://chipmusic.org/MyaMya/music/first-time-being-a-protagonist	8bit,chiptune,loopable,videogame
https://chipmusic.org/MilLs+Dj/music/mills-dj---game-central-station	game central station,mills dj,ost,simple chiptune melody,strollin,wreck it ralph
https://chipmusic.org/spOOked/music/frankeinsence-demo-nanoloop	chiptune,cincinnati,drugs,fakebit,nanoloop,spooked
https://chipmusic.org/Klamm/music/moonwalk	chiptune,fakebit,klamm,moonwalk
https://chipmusic.org/TeamRocket/music/starting-over	chiptune,daybreak,kit grier,ltd,northern ireland,rory powers,starting over,summer singles,team rkt,teamrkt
https://chipmusic.org/ocean+palace/music/saving-throw-feat-joseph-green	fakebit
https://chipmusic.org/press_start/music/lavender-town-massacre	chiptune,gameboy,lsdj
https://chipmusic.org/seanmonistat/music/contact!	chipmusic,chiptune,contact,jersey city,korg ds10,lets disinfect,nintendo ds,nyc,scifi,sean monistat
https://chipmusic.org/PleaseLoseBattle/music/nailed-it	nes
https://chipmusic.org/Jredd/music/battle-clash-sega-genesis	jredd,metal,rock,sega genesis,trevin hughes,vgmm
https://chipmusic.org/Collector/music/galloper	chip,circus,ohgodclownsarescary,renoise
https://chipmusic.org/Lindsay_Lowend/music/sevens	chrono,goemon,legend,lindsay,lowend,mana,mystical,ninja,secret,sevens,snes,the,trigger
https://chipmusic.org/Faking+Amnesia/music/13-point-program-to-destroy-boredom	chiptune,gameboy,lsdj
https://chipmusic.org/dawsx/music/noize-wip	gameboy,lsdj,trance
https://chipmusic.org/HectorShand/music/time-limt	1bit,48k,128k,beep,beeper,beepola,hector,savage,spectrum
https://chipmusic.org/trashboat.mpeg/music/daft-punk---something-about-us-trashboatmpeg-remix	chillin,daft punk,fakebit
https://chipmusic.org/CarloCarosi/music/what-the-woodlot-brings	8bit,8bit,carosi,chipmusic,chiptune,gameboy,genesis,nes,nintendo,sega,snes
https://chipmusic.org/trashboat.mpeg/music/a-remix-or-something	bass,electro,fakebit
https://chipmusic.org/Feryl/music/long-drive-back-ft-ryan-gaylord	battle of the bits,chipmusic,chiptune,feryl
https://chipmusic.org/wailord/music/terminal	ambient,dos
https://chipmusic.org/MilLs+Dj/music/mills-dj---rasle-frasle	frasle,gameboy,mills dj,n64,portable nintendo 64,rasle,rasle frasle
https://chipmusic.org/Ypmid/music/its-dark-in-here	famitracker,nes,ypmid
https://chipmusic.org/DeerPresident/music/use-the-blade	black metal,dark,guitars,heavy metal,openmpt,sludge
https://chipmusic.org/juuhokei/music/hopeinen-kuu	gameboy,lsdj
https://chipmusic.org/Laffe+the+Fox/music/laffe-the-fox-feat-chickenandrofls---undecisions	8bit,bitpop,chickenandrofls,chip,chipmusic,chipmusic heroes,chipmusic heroes 2 reditum,laffe the fox,undecisions
https://chipmusic.org/ShintarouMusic/music/fjgur-pan-lsdj-sigur-rs	fjogur,lsdj,reason,ros,shintarou,sigur
https://chipmusic.org/DE+LA+DECAY/music/1sonic-tiger--lsdj-showdown-enrty	bass,dance,dub,dubstep,electro,gameboy,lsdj
https://chipmusic.org/wailord/music/rain-drop	ambient,dos,samples
https://chipmusic.org/Chiprokku/music/translunar-sega-chip-atmospheric!	amiga,atmospheric,c64,chiptune,downtempo,fakebit,metal,rock,sega
https://chipmusic.org/Pugbath/music/puberty	chiptune,love,lsdj
https://chipmusic.org/Masaki-Matsuo/music/hometown	chiptune,fakebit,gameboy,masaki matsuo,nanoloop,nes
https://chipmusic.org/DillonsaurasRex/music/wubwubwub	chiptune,dillonsaurasrex,dubstep,gameboy,lsdj
https://chipmusic.org/DillonsaurasRex/music/iscream-old-demo-version	chiptune,dillonsaurasrex,dmg,gameboy,lsdj
https://chipmusic.org/Acid/music/acidnb---fuck-jeah-ninjahhh	c64,chiptune
https://chipmusic.org/atomsmasha/music/chip-like-i-do	4bit,170bpm,atomsmasha,chiptune,dnb,gameboy,hardcore,lsdj,uplifting
https://chipmusic.org/Kool+Skull/music/2kool-unreleased-from-garbage-thrash	
https://chipmusic.org/Ypmid/music/no-swimming	chiptune,famitracker,nes,ypmid
https://chipmusic.org/defiantsystems/music/anamanaguchi---meow-cover	nanoloop
https://chipmusic.org/m43c0/music/pixel-rush	arcade,famitracker,game,lsdj,retro,soundtrack
https://chipmusic.org/onewhitenoise/music/wandering-in-white-noise	all,blobby,chiptune,down,famicom,famitracker,fun,ghosts,hail,nes,system,times,with
https://chipmusic.org/atomsmasha/music/some-lsdj-chipbreak	atomsmasha,bass,chipbreak,chiptune,gameboy,lsdj,unce
https://chipmusic.org/Klamm/music/stormborn	chiptune,fakebit,klamm,stormborn
https://chipmusic.org/ocean+palace/music/tropical-dungeon-boss-theme-song	fakebit
https://chipmusic.org/Jredd/music/set-sail	
https://chipmusic.org/Kremland/music/live-for-speed-die-for-nothing	chiptune,gameboy,hardcore,lsdj
https://chipmusic.org/atomsmasha/music/atomsmasha---some-lsdj-unce-unce-unce	bleep,bloop,chiptune,gameboy,lsdj,techno,unce
https://chipmusic.org/Unicorn+Dream+Attack/music/jellyfish-serenade	4bit,8bit,chip music,chiptune,gameboy,game boy,lsdj,out of the void
https://chipmusic.org/basspuddle/music/falling	dmg,lsdj,prosound,reaper
https://chipmusic.org/Klamm/music/mega-man-i---gutsman	gutsman,klamm,mega man,remix
https://chipmusic.org/stylemistake/music/national-anthem-juke	chiptune,cplusplus
https://chipmusic.org/Tristan+Rudolph/music/ctrl-alt-dmg	lsdj,rock,vocals
https://chipmusic.org/Chiprokku/music/streets-of-fury-sega-chiptune	chiptune,fakebit,genesis,sega
https://chipmusic.org/onapokoya/music/this-is	gameboy,lsdj
https://chipmusic.org/GenSek/music/glpsd	dmg,gameboy,nanoloop
https://chipmusic.org/jankenpopp/music/jankenpopp---konami-credit-code	gameboy,lsdj
https://chipmusic.org/Kool+Skull/music/dedd-fish	chipthrash,dmg,gameboy,kool,koolskull,lsdj,skull,thrash
https://chipmusic.org/Skip+Sandwich/music/black-and-red-2xlsdj	
https://chipmusic.org/Phenomics/music/bounce	
https://chipmusic.org/Jredd/music/sly-fox-featuring-rob	jazz,jredd,rob,rock,sega genesis,trevin hughes,vgmm
https://chipmusic.org/Phenomics/music/if-i-cant-have-you-then-nobody-can	
https://chipmusic.org/Dark+Oyster/music/the-machine	chiptune,gameboy,lsdj
https://chipmusic.org/MilLs+Dj/music/mills-dj---ground-pound-[-gnd--]	dr mario,ground pound,mario,mario 64,melee,mills dj,smash bros,smash brothers
https://chipmusic.org/Hide+Your+Tigers/music/irokanji-lsdj	chiptune 8bit lsdj hide your tigers hawaii shit music,gameboy
https://chipmusic.org/ForaBrokenEarth/music/the-caliphate-and-the-despot-[raw-lsdj]	chip,lsdj,prog,rock,zan zan zawa veia
https://chipmusic.org/dualtrax/music/daft-punk---get-lucky-dualtrax-chiptune-cover	chiptune,daft punk,random access memories
https://chipmusic.org/Enders+Crusade/music/rebirth	baia,chiptune,crusade,dance,distant,dmg,ender,familiar,feelings,fight,gameboy,lsdj,song,worlds
https://chipmusic.org/Enders+Crusade/music/the-hill-that-cant-be-taken	baia,chiptune,crusade,dance,distant,dmg,ender,familiar,feelings,fight,gameboy,lsdj,song,worlds
https://chipmusic.org/Enders+Crusade/music/this-world-calls-to-me	baia,chiptune,crusade,dance,distant,dmg,ender,familiar,feelings,fight,gameboy,lsdj,song,worlds
https://chipmusic.org/Enders+Crusade/music/hip-as-a-chip	chiptune,crusade,distant,dmg,ender,familiar,feelings,gameboy,lsdj,worlds
https://chipmusic.org/Enders+Crusade/music/beach-party	chiptune,crusade,distant,dmg,ender,familiar,feelings,gameboy,lsdj,worlds
https://chipmusic.org/wailord/music/nice-shoes	fanstep,rapcore,screamed vocals
https://chipmusic.org/TylerBarnes/music/to-the-end-boss	2a03,8bit metal,ableton live,chipmetal,cover,design of destiny,metal,midines,nes,tyler barnes
https://chipmusic.org/El_Favorito/music/gonzalez-slow-down!!!	chip,down,favorito,gonzalez,korg,nintendo,plus,slow
https://chipmusic.org/onewhitenoise/music/ggav2	famicom,famitracker,nes,vgm
https://chipmusic.org/MilLs+Dj/music/mills-dj---all-i-want-is-you	all i want is you,mills dj
https://chipmusic.org/Ultrasyd/music/shitstep	chipstep,dubstep,lsdj,shit
https://chipmusic.org/eme7h/music/h-ss-humbucker	chiptune,gameboy,lsdj
https://chipmusic.org/naomisample/music/verchromte-menschen-cute-robot-edit---naomi-sample	c64,fakebit,naomi sample go ghosts verchromte menschen cute robot edit chiptune
https://chipmusic.org/joule/music/joulemalmen---one-way-heart	cheese,fasttracker
https://chipmusic.org/gotoandplay/music/tone-is-overrated-anyway-beepola	spectrum,tap,zx beeper
https://chipmusic.org/Jolly/music/robotica	bouncy,chiptune,fakebit,nanoloop,robots
https://chipmusic.org/dualtrax/music/the-megatune	bzl,chiptune,crome,dualtrax,dubmood and funky fish,nagz,seablue,sinny,svenzzon,zabutom
https://chipmusic.org/Potasmic/music/may	
https://chipmusic.org/juuhokei/music/saarenmaan-pikselit	gameboy,lsdj
https://chipmusic.org/Kubbi/music/vitamin-b12	chiptune,guitar,post,rock
https://chipmusic.org/Snaggletoof/music/y	chiptune,gameboy,lsdj
https://chipmusic.org/robugaa/music/pit-stop-power-with-jredd	
https://chipmusic.org/Digital+Darwin/music/hungry-as-always-needs-work	chiptune,gameboy,lsdj
https://chipmusic.org/%5Bshockenetic%5D/music/[shockenetic]---psilocybin-ranger	acid,chipacid,gameboy,techno
https://chipmusic.org/Chiprokku/music/devourer-of-nintendo-fanboys-sega-chip-metal-rock-dnb	chiprokku,chiptune,dnb,drum and bass,fakebit,fast,melodic,metal,minor,rock,sega,vopm
https://chipmusic.org/Dire+Hit/music/counterattack	bass,chiptune,dubstep,gameboy,glitch,hiphop,hop,lsdj
https://chipmusic.org/Jansaw/music/linus--lucy	nes
https://chipmusic.org/bloodtype8/music/heisenberg-crystals	c64,chiptune
https://chipmusic.org/Superboy/music/fighter-x---time-to-die-superboy-remix	amiga,c64,chiptune,fakebit,gameboy,lsdj,nanoloop,nes
https://chipmusic.org/Chema64/music/machines-of-loving-grace	nes
https://chipmusic.org/robugaa/music/swiftly-swaying	
https://chipmusic.org/Crash/music/finals	chiptune,gameboy,harsh,lsdj,new,nintendo,techno
https://chipmusic.org/Chiprokku/music/haka-iwa!	chiprokku,chiptune,fakebit,metal,punk,rock,sega
https://chipmusic.org/Bit+wish/music/pc12	bgb,chiptune,gameboy,lsdj
https://chipmusic.org/HimsyPimsy/music/the-glad-dance	chiptune,gameboy,lsdj
https://chipmusic.org/sammulligan/music/shark-party-live-on-wuml	guitar,live,lsdj,rock,sharks,vocal
https://chipmusic.org/Zelkedo/music/zelkedo	2xlsdj,chiptune,dmg,gameboy,lsdj,zelkedo
https://chipmusic.org/LONELY+TUNES/music/boy-toy-and-joy	
https://chipmusic.org/Phenomics/music/epper	
https://chipmusic.org/Klamm/music/skydancer	chiptune,commodore,fakebit,klamm,skydancer,synth
https://chipmusic.org/TeamRocket/music/ltd	chiptune,kit grier,living the dream,ltd,northern ireland,pop rock,rory powers,summer singles,team rkt,teamrkt
https://chipmusic.org/BeatScribe/music/end-of-the-world	chiptune,nes,nintendo
https://chipmusic.org/McKlain/music/take-off!	amstrad cpc,arkos tracker,ay38912,chiptune
https://chipmusic.org/Kubbi/music/seahorse-dreams	chiptune,fakebit,guitar,metal,progressive
https://chipmusic.org/Teknikbanken/music/teknikbanken---imaginrt-populrt	chiptune,fakebit
https://chipmusic.org/Eight+Badges/music/meltdown-in-the-city	bassy,chiptune,dubstep,feedback plz,gameboy,glitch,glitch hop,lsdj,odd
https://chipmusic.org/arlen/music/my-anxiety	idm,renoise
https://chipmusic.org/Kommisar/music/peppermint	chiptune,gameboy,lsdj
https://chipmusic.org/gotoandplay/music/both-sides-of-the-coin	famitracker,nes,vrc6
https://chipmusic.org/Breezesquad_/music/radio-silence-demo	
https://chipmusic.org/COLORCAVES/music/thank-you-my-starlight	chiptune,gameboy,lsdj
https://chipmusic.org/thebitman/music/rises-gb-boy-bolour-version	
https://chipmusic.org/0x04EA/music/i-liked-you-better-before-you-cut-off-your-bangs	fakebit
https://chipmusic.org/SketchMan3/music/tell-me-for-real	barking,bgb,children,dog,gameboy,heavy,jump,kibass,lsdj,pirate,roger,rope,sail,whistle
https://chipmusic.org/UncleBibby/music/deadbug-bedbug-korg-ds-10-plus	3ds,chiptunes,dance,dark,detune,ds10,fakebit,house,industrial,korg,ltd,minimal,n3ds,nes,nintendo,techno,unclebibby
https://chipmusic.org/knoeki/music/friends	chiptune,gameboy,hardcore,lsdj,nintendo,techno
https://chipmusic.org/Monotron/music/i-wish-i-could-tell-you-how-i-feel	drums,fakebit,gameboy,guitar,lsdj,nes,reagge,ska
https://chipmusic.org/TDK/music/melon-glo-mania	8bit,amiga,c64,chipmusic,chiptune,demoscene
https://chipmusic.org/TeamRocket/music/home-run	chiptune,home,kit grier,ltd,northern ireland,pop rock,rory powers,run,summer singles,team rkt,teamrkt
https://chipmusic.org/JanxAttixxx/music/space-catzzzz	cats,chiptune,gameboy,janxattixxx,lmms,space
https://chipmusic.org/Klamm/music/asta-harax-2m1	asta,astaharax,chiptune,electronic,harax 2m2,klamm
https://chipmusic.org/Phenomics/music/bump	
https://chipmusic.org/Jredd/music/space-jungle-funk-featuring-groovemaster303--dropbit	dropbit,funk,groovemaster303,hiphop,jredd,jungle,sega genesis,space,trevin hughes,vgmm
https://chipmusic.org/Volt+44/music/survivor	ableton,schism tracker
https://chipmusic.org/Kubbi/music/up-in-my-jam-all-of-a-sudden	chiptune,fakebit,guitar,swing
https://chipmusic.org/Trout_Stamos/music/down-in-the-pages	8bit,8bit,alternative,chiptune,country,fakebit,flstudio,rock,singing,vocals
https://chipmusic.org/Jayster/music/runnin-through-castles	8bit,8bit,action,castle,chiptune,famicom,famitracker,ios,nes,nintendo,vrc6
https://chipmusic.org/ChasingBleeps/music/the-end	
https://chipmusic.org/MilLs+Dj/music/mills-dj---smooth	beat,concert,live,mills dj,mills dj,smooth
https://chipmusic.org/Skip+Sandwich/music/je-mappelle---around-skip-sandwich-dx-remix	
https://chipmusic.org/YERZMYEY/music/arcane-zone-part-2-sam-coupe---philips-saa-chip	arcane,coupe,etracker,philips,saa,sam,yerzmyey,zone
https://chipmusic.org/Elektronikz/music/-byte---we-have-liftoff	1960s,apollo,awesome,chiptune,fruityloops,launch,liftoff,lsdj,random,rocket
https://chipmusic.org/TraceKaiser/music/never-grow-up	gameboy,garage punk,garage rock,guitar,lsdj,punk,surf punk
https://chipmusic.org/Klamm/music/conquered	conquered,disaster,electronic,klamm,master
https://chipmusic.org/skinnyhead2000/music/rise-and-sine	chiptune,modplug,openmpt,rise and sine,smooth
https://chipmusic.org/Ricky+Brugal/music/finish-line	gameboy,lsdj
https://chipmusic.org/Shurui/music/rainbow-to-the-stars	chiptune,gameboy,happy hardcore,lsdj
https://chipmusic.org/Amlan/music/hyperspeed---re-lex	
https://chipmusic.org/Starpilot/music/the-invisible-visionaries	chiptune,fakebit,fm synth,renoise
https://chipmusic.org/bloodtype8/music/chilling-at-flux	c64,chiptune
https://chipmusic.org/Volt+44/music/knowledge-vocals	ableton,apc 40,chiptune,impulse tracker,module,schism tracker,schism tracker
https://chipmusic.org/Fufugagakikilala/music/call-me-maybe-chipped-out-cover	chiptune,gameboy,lsdj
https://chipmusic.org/onewhitenoise/music/straight-to-f	wesgrdhg
https://chipmusic.org/bloodtype8/music/sunset-drive	c64,chiptune
https://chipmusic.org/bloodtype8/music/keystrokes	c64,chiptune
https://chipmusic.org/Kremland/music/skate-punk-180	chiptune,gameboy,hardcore,lsdj
https://chipmusic.org/press_start/music/cruizin	chiptune,gameboy,lsdj,nes
https://chipmusic.org/Sunda/music/the-hidden-happiness	chiptune,gameboy,inetz,lsdj,sundaeobit
https://chipmusic.org/Nil+Desperandum/music/quest-for-eden	2a03,nes
https://chipmusic.org/Nil+Desperandum/music/lonesome-road	2a03,nes
https://chipmusic.org/Nil+Desperandum/music/the-journey-began	2a03,nes
https://chipmusic.org/Freak+Assassins/music/accidental-mix	
https://chipmusic.org/seanmonistat/music/wellies	chiptune,gameboy,lsdj
https://chipmusic.org/ShintarouMusic/music/departures	departures,shintarou
https://chipmusic.org/Auxcide/music/[-dimensions-]-ep-preview	3xlsdj,auxcide,gameboy,hardware,lsdj
https://chipmusic.org/MilLs+Dj/music/mills-dj---pinpoint	behringer tweakilizer,chiptune,mills dj,pinpoint,pitch
https://chipmusic.org/Americantoploader/music/crescent	chiptune
https://chipmusic.org/MC+Jimmy/music/rising-moon	8bit,chiptune,dark,famitracker,moon,nes,night,sky,vrc6,western
https://chipmusic.org/Nestrogen/music/adult-babys-diaper-rationale-nes	chiptune,nes nestrogen famitracker
https://chipmusic.org/Dire+Hit/music/north	chiptune,dubstep,electro,gameboy,house,lsdj,music
https://chipmusic.org/Snaggletoof/music/media-driven-reality	chiptune,gameboy,lsdj
https://chipmusic.org/CriticalHit%21/music/1-dollar-memento	chiptune,korg ds10
https://chipmusic.org/eks1337/music/fugue-7777-chiptune-remix	chiptune,fakebit,garageband,katamari
https://chipmusic.org/thebitman/music/pon-pon-won	chiptune,gameboy,lsdj
https://chipmusic.org/Klamm/music/stormcrow	chiptune,klamm,stormcrow
https://chipmusic.org/unini/music/burning-fields	chipcore,gameboy,lsdj
https://chipmusic.org/MilLs+Dj/music/mills-dj---ahoy	ahoy,hoy,mills dj,pirate
https://chipmusic.org/Volt+44/music/follow-your-bliss	ableton,apc 40,chiptune,impulse tracker,module,schism tracker,schism tracker
https://chipmusic.org/press_start/music/yoshi-island-paradise	8bit,chiptune,gameboy,lsdj,nes,yoshi
https://chipmusic.org/KipJaw/music/deceit-and-scorn	8bit,boy,c64,c64,chiptune,chiptunes,commodore,commodore64,game,gameboy,lsdj,nes,nintendo,sid
https://chipmusic.org/apocolypes666/music/gothic-concero-part-five	amiga,c64,chiptune
https://chipmusic.org/apocolypes666/music/gothic-concero-part-four	amiga,c64,chiptune
https://chipmusic.org/apocolypes666/music/gothic-concero-part-three	amiga,c64,chiptune
https://chipmusic.org/apocolypes666/music/gothic-concero-part-two	amiga,c64,chiptune
https://chipmusic.org/apocolypes666/music/gothic-concero-part-one	amiga,c64,chiptune,classical
https://chipmusic.org/pgil/music/thaw-30s30s	30s30d,milkytracker
https://chipmusic.org/Jayster/music/tmnt-tournament-fighters-scrapyard-swing-arrangement	8bit,8bit,arrangement,big band,chiptune,famicom,famitracker,jazz,n163,nes,nes,nintendo,snes,swing,tmnt
https://chipmusic.org/CriticalHit%21/music/how-i-sex-your-mother-criticalhit!-remix	ds10
https://chipmusic.org/UncleBibby/music/heavin-on-earth-nanoloop-ios	8bit,16bit,70s,80s,90s,chill,chillout,chiptune,fakebit,ios,iphone,ipod,nanoloop,pad,psychedelic,quirky,snes,touch,weird
https://chipmusic.org/bloodtype8/music/fatal-error	
https://chipmusic.org/bloodtype8/music/they-see-me-rollin	
https://chipmusic.org/bloodtype8/music/we-glitch-across-the-seas	
https://chipmusic.org/bloodtype8/music/blooming-spring	
https://chipmusic.org/Starpilot/music/magnautic	chiptune,edm,fakebit,fm synthesis,psytrance,renoise,trance
https://chipmusic.org/Starpilot/music/beavernest-necronurse	breakcore,chiptune,fakebit,idm,noise,renoise,wtf
https://chipmusic.org/press_start/music/build-and-break	chiptune,gameboy,lsdj,tetris
https://chipmusic.org/Snaggletoof/music/straightfromgameboydemo	chiptune,lsdj
https://chipmusic.org/Bynary+Fission/music/the-root-of-the-problem	chiptune
https://chipmusic.org/ChasingBleeps/music/stupid-waves	ayr,chasingbleeps,chiptune,craig mitchell,gameboy music,lsdj
https://chipmusic.org/Infinity+Curve/music/timebender	bassmuzak,chiptune,gabber,gameboy,hardstep,lsdj
https://chipmusic.org/cris/music/wheel-gator	
https://chipmusic.org/Klamm/music/triforce	chiptune,klamm,triforce
https://chipmusic.org/valoch/music/tawan-antropic	chiptune,gameboy,lsdj
https://chipmusic.org/NationalBroadcastNetwork/music/detroit-steel--chrome	atari,atari2600,gameboy,garage,nes,protopunk
https://chipmusic.org/DangerCaptainDanger/music/cosmic-exploration	cute,dance,happy,space,star trek
https://chipmusic.org/Dracula+Factory/music/forever	chiptune,dracula factory,famicon,famitracker,nes
https://chipmusic.org/Switch-On/music/the-last-warrior	c64,chiptune
https://chipmusic.org/elektrohobo/music/sti-clinic	chiptune,elektrohobo,gameboy,lsdj,lsdj,sti
https://chipmusic.org/Nappi/music/carbonator	chiptune,famicom,nes,vrc6
https://chipmusic.org/Monotron/music/chapter-i	c64,fakebit,gameboy,lsdj,metal
https://chipmusic.org/TeamRocket/music/daybreak	chiptune,daybreak,daybreak,kit grier,ltd,northern ireland,rory powers,summer singles,team rkt,teamrkt
https://chipmusic.org/Jredd/music/sega-heart-featuring-robugaa	jazz,jredd,rob,sega genesis,trevin hughes,vgmm
https://chipmusic.org/MilLs+Dj/music/mills-dj---strollin	chiptune,mills dj,strollin,strollin
https://chipmusic.org/eks1337/music/toms-dog-chiptune-remix	asdfmovie,chiptune,fakebit,garageband
https://chipmusic.org/Tristan+Rudolph/music/ares	lsdj,rock,vocals
https://chipmusic.org/onewhitenoise/music/dfn	wredthfyjg
https://chipmusic.org/b-type/music/b-goes-boom	fakebit,nerdcore
https://chipmusic.org/Fufugagakikilala/music/cloudrunner	chiptune,gameboy,lsdj
https://chipmusic.org/3picide/music/kernon	canon,chiptune,dmg,gameboy,lsdj,pachelbel
https://chipmusic.org/Sax+Appeal/music/woofin-some-bullshit-korg-ds	fakebit,glitch hop
https://chipmusic.org/AceMan/music/lanterns	ahx,chiptune,hively,hivelytracker,wobble
https://chipmusic.org/AceMan/music/starslug	ahx,amiga,chipstep,chiptune,drumstep,electro,wobble,wubwubwub
https://chipmusic.org/Volt+44/music/knowledge-upshift	chiptune,impulse tracker,module,pop,schism tracker
https://chipmusic.org/HPizzle/music/turbokill-turnpike	2a03,8bit,nes,nsf
https://chipmusic.org/TeamRocket/music/take-away	chiptune,kit grier,lsdj,rory powers,take away,teamrkt,team rkt
https://chipmusic.org/TeamRocket/music/sake-bomb	chiptune,kit grier,ltd,northern ireland,pop rock,rory powers,sake bomb,summer singles,team rkt,teamrkt
https://chipmusic.org/JerBearX/music/lucid-dreams	chiptune,dreams,gameboy,happy,lsdj,lucid,sleep
https://chipmusic.org/JerBearX/music/if-raindrops-glowed	chiptune,gameboy,glow,lsdj,raindrops
https://chipmusic.org/JerBearX/music/sad-candy-apples	chiptune,emotion,feels,gameboy,lsdj,old,sad
https://chipmusic.org/JerBearX/music/redbull-turns-depression-into-intense-dance-moves-and-violence	chiptune,dance,gameboy,lsdj,old,redbull
https://chipmusic.org/Maxo/music/evo	chiptune,fakebit
https://chipmusic.org/Laffe+the+Fox/music/laffe-the-fox---apathetic-theme	apathetic theme,bitpop,bleeplove vol 4,chip,chipmusic,laffe the fox
https://chipmusic.org/Guardia/music/dunx-hunx	dunx,goof,guardia,hunx,milky,tracker
https://chipmusic.org/Rainbowdragoneyes/music/manifesting-en-b-[free-version]	1870,chipsounds,chiptune,christopher columbus,gameboy,lsdj,manifest destiny,nes
https://chipmusic.org/Laffe+the+Fox/music/sonic-triple-trouble---sunset-park-act-3-laffe-the-fox-remix	bitpop,chipmusic,cover,laffe the fox,remix,sonic,sonic the hedgehog,sunset park act 3,triple trouble,yayoi wachi
https://chipmusic.org/Volt+44/music/crash-and-the-boys	adventure time,breakbeats,break beats,chiptune,impulse tracker,module,schism tracker
https://chipmusic.org/Orange+Creamsicle/music/blackest-candy-orange-creamsicle-where-is-my-fucking-candy-remix-demo	chiphop,direktor,gameboy,lsdj,my fucking candy
https://chipmusic.org/F0XYr4bB%21T/music/meadows	8bit,ableton,death,happy,meadows,stuff
https://chipmusic.org/Direktor/music/no-3sc4p3-direktors-game-boy-mix	chiptune,drumbass,gameboy,lsdj
https://chipmusic.org/Jredd/music/chunk-pulse-featuring-mrsonic699--groovemaster303	groovmaster303,jredd,mrsonic699,sega genesis,trevin hughes,vgmm
https://chipmusic.org/Duck+Boy/music/my-duck-in-japan-feat-upside-down-idol-demo-version	chile,chipmusic,duck,duck boy,fakebit,japan,japanese
https://chipmusic.org/pgil/music/guy-smileys-vacation	milkytracker
https://chipmusic.org/pgil/music/reverend	milkytracker
https://chipmusic.org/pgil/music/manitoba	milkytracker
https://chipmusic.org/Ultrasyd/music/still-rising-cracktro-amstrad-cpc	amstrad,cpc,cracktro,demoscene,funky
https://chipmusic.org/Calavera/music/gentlemans-swing	calavera,dance,gameboy,gentleman,lsdj,swing
https://chipmusic.org/Feryl/music/she-never-wrote-me-back	chiptune,feryl
https://chipmusic.org/Dire+Hit/music/satellite-show-feat-mastersync-2xlsdj	2xlsdj,chiptune,fucking,gameboy,hip,hop,lsdj,sweet
https://chipmusic.org/Dire+Hit/music/hyperclear-feat-mastersync-2xlsdj	2xlsdj,chiptune,fucking,gameboy,lsdj,sweet
https://chipmusic.org/Dark+Oyster/music/essential-kanji	chiptune,lsdj
https://chipmusic.org/pgil/music/bird_tech	milkytracker
https://chipmusic.org/MilLs+Dj/music/mills-dj---running-from-changelings	canterlot wedding,changelings,from,mills dj,mlp,running,running from changelings
https://chipmusic.org/sleepytimejesse/music/bitgaze	chiptune,famitracker,nes,nintendo,sleepytimejesse
https://chipmusic.org/Rynnon/music/sewer-lab-out8r8k	chiptune
https://chipmusic.org/Starpilot/music/fluorosurfactant	bitcrush,chiptune,fakebit,go fuck yourself,noise,renoise
https://chipmusic.org/Rick+Nasty/music/artfags	amiga,c64,chiptune,fakebit,gameboy,lsdj,nanoloop,nes
https://chipmusic.org/onewhitenoise/music/jawbrk	ujgfhgbdfvd
https://chipmusic.org/Laikalaska/music/snowflakes	chiptune,lsdj
https://chipmusic.org/Pegasusomega/music/kommandotolken---mango	amiga,c64,chiptune,fakebit,gameboy,lsdj,nanoloop,nes
https://chipmusic.org/MilLs+Dj/music/mills-dj---gettin-technical	getting,gettin technical,mills dj,technical
https://chipmusic.org/severeTstormer/music/noodles	chip,chiptune,fakebit,garageband,kung,nes,ninja,panda,score,studio,vgm,warrior
https://chipmusic.org/balloonbear/music/depth	balloonbear,chipbass,chiptune,depth,dmg01,lsdj,wobble,wobblebass
https://chipmusic.org/press_start/music/slowpoke-theme	chiptune,gameboy,lsdj,pokemon,slowpoke
https://chipmusic.org/gotoandplay/music/truce	2a03,famitracker,nes
https://chipmusic.org/Freak+Assassins/music/first-lsdj-smartphone-emulator	lsdjsmartphone
https://chipmusic.org/CaptainStarPaw/music/cassiopeia	c64,chiptune
https://chipmusic.org/Culture/music/drfa	chiptune,fakebit,gameboy,logic,lsdj
https://chipmusic.org/Teknikbanken/music/dedikera-mera	chiptune,swedish,teknikbanken
https://chipmusic.org/Auxcide/music/saturday	auxcide,gameboy,lsdj
https://chipmusic.org/ShintarouMusic/music/esteem	esteem,shintarou
https://chipmusic.org/ShintarouMusic/music/interlude	interlude,shintarou
https://chipmusic.org/NationalBroadcastNetwork/music/grand-theft-77	atari2600,ataripunk,c64,drums,guitar,nes,punk,vox
https://chipmusic.org/oqqq/music/outside-studstrup	casio rapman,meow,reason,sega master system
https://chipmusic.org/eks1337/music/face-to-face-daft-punk-chiptune-remix	chiptune,daft punk,garageband
https://chipmusic.org/fighting+free/music/5-bucks-til-friday	chiptune,fakebit,nes
https://chipmusic.org/Enders+Crusade/music/a-chase-through-oblivion	chiptune,crusade,distant,dmg,ender,familiar,feelings,gameboy,lsdj,worlds
https://chipmusic.org/Enders+Crusade/music/forest-of-imagination	chiptune,crusade,distant,dmg,ender,familiar,feelings,gameboy,lsdj,worlds
https://chipmusic.org/Enders+Crusade/music/this-sounds-like-conquest	chiptune,crusade,distant,dmg,ender,familiar,feelings,gameboy,lsdj,worlds
https://chipmusic.org/8+Bit+Jin/music/bounce-that	chiptune
https://chipmusic.org/Kittenrock/music/[kr066]---biographs---smn-ett	separate each tag with a comma non alphanumeric characters will be stripped to help us standardize tags
https://chipmusic.org/Jredd/music/hyper-speed-featuring-groovemaster--dropbit	dropbit,groovemaster303,jredd,sega genesis,trevin hughes,vgmm
https://chipmusic.org/Doxic/music/going-up-in-the-elevator-with-a-lovely-woman	chiptune,elevator music,lovely,milkytracker,woman
https://chipmusic.org/Sp33dr4c3r/music/1-bit-hustletronics	1bit,beepola,loop,unce
https://chipmusic.org/BEASTMODE/music/reptile-dnb-wb2012w2	gameboy,lsdj
https://chipmusic.org/bryface/music/the-5th-apocalypse	korg m01
https://chipmusic.org/RMBLRX/music/cmbtdrp	gameboy,gbc,lsdj,power electronics,warbit
https://chipmusic.org/valoch/music/chantals-train	chiptune,gameboy,lsdj
https://chipmusic.org/hutsvoid/music/mesopotamia-8bit-fusion	ab dc d e ffg hi jk lm
https://chipmusic.org/UncleBibby/music/superchan-waltz-nanoloop-ios	8bit,acapella,fakebit,glitch,house,ios,iphone,ipod,nanoloop,nes,petermobeter,techno,touch,tribal,unclebibby,waltz
https://chipmusic.org/DJ+RX-78/music/dos-blade-chronicles	chiptune,dj rx78
https://chipmusic.org/iano/music/gazer---lp-teaser	255bpm,epic,gbc,heavy,lsdj,melodic,thrash
https://chipmusic.org/seanmonistat/music/whiskey-in-the-jar	chiptune,lsdj
https://chipmusic.org/telejam/music/shua-with-a-harder-better-faster-stronger-tribute	chiptune,daft punk,fakebit,speakandspell
https://chipmusic.org/Klamm/music/corona-rain-m2	chiptune,coronal rain,klamm
https://chipmusic.org/Oblongus/music/weary	electronic
https://chipmusic.org/VCMG/music/iremia	chiptune,gameboy,lsdj
https://chipmusic.org/eks1337/music/around-the-world---harder-better-faster-stronger-alive-2007-8-bit-remake	chiptune,fakebit,garageband
https://chipmusic.org/telejam/music/voicemail-01---danti	chiptune,fakebit,gameboy,lsdj,speakandspell
https://chipmusic.org/Jakim/music/star-for-a-change	chiptune,fasttracker,modplug,modulez,ohc
https://chipmusic.org/hutsvoid/music/monday-waiting-for-that-sun	bent,chiptune,fakebit,gameboy,jazz,kp3,lowbit,msx
https://chipmusic.org/Kubbi/music/the-see-through-zone	
https://chipmusic.org/Majus/music/time-is-running-out-muse-cover	chiptune,gameboy,lsdj
https://chipmusic.org/Miki/music/when-it-sleeps	
https://chipmusic.org/Dark+Oyster/music/the-future-is-now	chiptune,gameboy,lsdj
https://chipmusic.org/TYRANT/music/pikachus-theme-100bpm-fakebit	ableton,fakebit,pikachu,pokemon
https://chipmusic.org/Sp33dr4c3r/music/1-bit-chilltronics	1bit,spectrum
https://chipmusic.org/Klamm/music/the-lazy-wizard	chiptune,klamm,the lazy wizard
https://chipmusic.org/Empyrean/music/long-shift-at-the-pokcentre	chiptune,fakebit
https://chipmusic.org/Empyrean/music/artificial-flower	chiptune,lsdj
https://chipmusic.org/Groovemaster303/music/battle-sphinx-neo-vgm-music-maker	16bit,fm synthesis,genesis,groovemaster303,megadrive,psg,sega,ym2612
https://chipmusic.org/b4c0n/music/chicken-and-gravy	amiga,c64,chiptune,fakebit,gameboy,lsdj,nanoloop,nes
https://chipmusic.org/Bracer_Cran/music/amiga-debugging-in-high-definition-adhd	fakebit
https://chipmusic.org/Culture/music/tretat	gameboy,logic,lsdj
https://chipmusic.org/Volt+44/music/maximum-thrash	8bit,brutal,death metal,hardcore,i hate calculus,metal,nintendocore,schism tracker,speed metal,thrash
https://chipmusic.org/Rock+Kandy/music/riverofblood	666,blood,chiptune,death,fakebit,gameboy,live,nanoloop,nanoloop13
https://chipmusic.org/Broken+Satellite/music/vices	chiptune,gameboy,lsdj
https://chipmusic.org/Broken+Satellite/music/yarz!-no-way!	chiptune,gameboy,lsdj
https://chipmusic.org/Jakim/music/back-and-forth	chiptune,fasttracker 2,fun,modplug
https://chipmusic.org/skyhaunt/music/desert-mirage	chiptune,gameboy,lsdj
https://chipmusic.org/Monotron/music/im-not-blink-182-[1xlsdj-famitracker--guitardrums]	
https://chipmusic.org/DE+LA+DECAY/music/full-force	dance,dubstep,electro,gameboy,lsdj
https://chipmusic.org/Deepshade/music/rocket-chaser	chiptune,gameboy,lsdj
https://chipmusic.org/Jredd/music/fire-at-will-sega-genesis	jredd,sega genesis,trance,trevin hughes,unce,vgmm
https://chipmusic.org/Active+Knowledge/music/chaos-sound-module-example-track	broken,casio,chip,glitch,pattern
https://chipmusic.org/DogTag/music/this-is-the-new-beginning	gameboy,lsdj
https://chipmusic.org/MilLs+Dj/music/mills-dj---glad-to-be-here	glad,glad to be here,here,mills dj
https://chipmusic.org/F0XYr4bB%21T/music/waves	8bit,chill,dance,funk,glitch,groove,groovy,happy
https://chipmusic.org/balloonbear/music/slack-jawed-ft-skip-sandwich-dx	balloonbear,chipbass,gameboy,lsdj,sandwich,skip,skipsandwichdx,wobblebass
https://chipmusic.org/Klamm/music/mad-machine	chiptune,klamm,mad machine
https://chipmusic.org/press_start/music/true-american-patriot	chiptune,gameboy,lsdj
https://chipmusic.org/HimsyPimsy/music/brknzzz	chiptune,dmg,gameboy,lsdj
https://chipmusic.org/UncleBibby/music/trouble-with-tribals-nanoloop-ios	and,bass,chiptune,drum,fakebit,house,house,ios,iphone,ipod,jazz,locke,nanoloop,peter,touch,unclebibby
https://chipmusic.org/basspuddle/music/ambient-jam-1	
https://chipmusic.org/DataFix/music/cubed-in-from-txchip-volume-one	chiptune,dance,datafix,dubstep,edm,electronic,gameboy,lsdj,txchip
https://chipmusic.org/Phenomics/music/can-you-feel-offvocal	
https://chipmusic.org/Phenomics/music/the-last-straw-offvocal	
https://chipmusic.org/IKE753Z/music/2-for-1	fakebit
https://chipmusic.org/YERZMYEY/music/proof-of-concept-2-x-zx-spectrum-chiptune-digi	128,chiptune,digital,interface,spectrum,yerzmyey,ym2149
https://chipmusic.org/DEADBEATBLAST/music/hyperspace_ver12	chiptune,deadbeatblast,lsdj
https://chipmusic.org/Jayster/music/one-sad-pharaoh	8bit,8bit,chiptune,desert,famicom,famitracker,ios,neoprog,neoprogressive,nes,nintendo,vrc6
https://chipmusic.org/RyanHemmerling/music/free-fall	gameboy
https://chipmusic.org/RyanHemmerling/music/nuclear-sunshine	gameboy
https://chipmusic.org/PamTech/music/echo	chipstep,dubstep,experiment,pamtech
https://chipmusic.org/Kremland/music/feathers	chiptune,gameboy,lsdj
https://chipmusic.org/8-Bit+Beast/music/first-chiptune-mix	chiptune,first
https://chipmusic.org/Hungry+Monster/music/catching-stars	bleep,chiptune,gameboy,nes
https://chipmusic.org/knoeki/music/ass-titties-bass	ass,bass,bass,booty,booty bass,chiptune,gameboy,ghetto,hoes,micromusic,naked,nintendo,titties
https://chipmusic.org/Active+Knowledge/music/chaos-module-sample	ableton,bent,casio,glitch,midi
https://chipmusic.org/ForaBrokenEarth/music/toriningen	alternative,chiprock,chiptune,guitar,lsdj,rock
https://chipmusic.org/Laffe+the+Fox/music/thunder-fox--laffe-the-fox---noodles	8bit,chip,chipmusic,chip music,chipmusic heroes,laffe the fox,noodles,thunder fox
https://chipmusic.org/Bracer_Cran/music/dj-muerte-cohones-versus-doctor-uppercut---the-first-song-ever-made-made-complete	chiptune,fakebit
https://chipmusic.org/Jredd/music/monster-tale-sega-funk-mix	funk,hiphop,jredd,monster tale,remix,sega genesis,trevin hughes,vgmm
https://chipmusic.org/xinoxisv/music/blue-wave-432hz	432 hz,blue,chiptune,wave,xinoxisv
https://chipmusic.org/Fufugagakikilala/music/fluff--bass	chiptune,gameboy,lsdj
https://chipmusic.org/tempsoundsolutions/music/polaris-2-c64-mx	c64,fakebit,impulsetracker,lsdj,nanoloop,pause,rootkit,shawn phase,tempsoundsolutions
https://chipmusic.org/severeTstormer/music/i-am-the-storm	chiprock,chipstep,chiptune,dmg,epic,fakebit,filmscore,guitars,orchestral,rock,soundtrack,storm,the,vgm
https://chipmusic.org/MilLs+Dj/music/mills-dj---weve-been-there	been,joy,mills dj,tears,there,weve,weve been there
https://chipmusic.org/b4c0n/music/-console-gravity-set--0010	pop tarts
https://chipmusic.org/b4c0n/music/return-of-the-gree-jacket-hero	parting in fublic
https://chipmusic.org/Damn+the+Witch+Siren/music/glass	hottt,iphone,lsdj,nanoloop,sfxr,vocal
https://chipmusic.org/MilLs+Dj/music/mills-dj---ol-chip-joy	gameboy,mills dj,old chip joy,ol ode to joy
https://chipmusic.org/Klamm/music/mechanical-soul	chiptune,klamm,mechanical soul
https://chipmusic.org/valoch/music/a-quiet-day	chiptune,gameboy,lsdj
https://chipmusic.org/DMG-420/music/trees	chiptune,gameboy,lsdj
https://chipmusic.org/Byzanite/music/compassion	chiptune,gameboy,hairtune,lsdj
https://chipmusic.org/DEgITx/music/my-dream-never-become-true	c64,chiptune,metal,sid metal
https://chipmusic.org/Laffe+the+Fox/music/laffe-the-fox---hyper-trouble	8bit,bitpop,chip,chipmusic,chip music,chipmusic heroes,hyper trouble,laffe the fox,music
https://chipmusic.org/MilLs+Dj/music/mills-dj---angel-bacon	angel,angel bacon,bacon,mills,mills dj
https://chipmusic.org/awesomeforce/music/rocket-park	ableton,chiptune,fakebit,gameboy,lsdj,space
https://chipmusic.org/hutsvoid/music/if-arquimedes-0-then-goto-next	ay38910 msx bass piano,bells,chiptune,jazz
https://chipmusic.org/Hide+Your+Tigers/music/sapphire-sky	chiptune,gameboy,lsdj hideyourtigers hawaii
https://chipmusic.org/Klamm/music/king-cobra	chiptune,king cobra,klamm
https://chipmusic.org/Jayster/music/cold-mining	8bit,chiptune,famicom,famitracker,nes,nintendo,prog,vgmusic,vrc6
https://chipmusic.org/Kommisar/music/electroq-t	chiptune,gameboy,lsdj
https://chipmusic.org/Volt+44/music/lets-punch-faces-and-jump-off-of-things	ableton live,apc40,chiptune,schism tracker
https://chipmusic.org/NationalBroadcastNetwork/music/the-western-rim	atari2600,c64,chiptune,gameboy,nes,plogue
https://chipmusic.org/Kubbi/music/careless-whisper	careless,chiptune,fakebit,guitar,vocals,whisper
https://chipmusic.org/xylo/music/xyce---ombresmod	amiga
https://chipmusic.org/stylemistake/music/super-hate	android,sunvox,tracker,trap
https://chipmusic.org/Jophish/music/sentience	amiga,c64,chiptune,fakebit,gameboy,lsdj,nanoloop,nes
https://chipmusic.org/seanmonistat/music/her-trembling-hand-dialed-the-operator	chipmusic,dmg,gameboy,lsdj,rpm,shrimpie,shrimpy
https://chipmusic.org/Culture/music/saturn-devours-his-son	chiptune,culture,culture,gameboy,lsdj,salem
https://chipmusic.org/nonfinite/music/piscean	dub,nanoloop
https://chipmusic.org/Skip+Sandwich/music/juice-box-junkie	
https://chipmusic.org/ToasterBash/music/loop	chiptune,toasterbash
https://chipmusic.org/Starpilot/music/dead-horse	chiptune,dark,fakebit,gameboy,renoise
https://chipmusic.org/Fufugagakikilala/music/journey-to-the-cosmos	android,lsdj
https://chipmusic.org/Starpilot/music/flux-ropes	chiptune,dark,fakebit,renoise
https://chipmusic.org/onewhitenoise/music/the-great-flailing-chord-progression-of-wrathful-indifference-mashup	waedsfdgrfhtgj
https://chipmusic.org/polloman15/music/digital-life	
https://chipmusic.org/XyNo/music/cyborgs-n-clubs-!	atari,bounce,buzz,musicmon,ym2149
https://chipmusic.org/Pegasusomega/music/hydrolog-kommandotolken---substans	amiga,chiptune,electro,fakebit,gameboy,lsdj,nes,rock
https://chipmusic.org/RufusRage/music/revengeofthenerds-teenagemutantninjaburgers	chiptune,fakebit
https://chipmusic.org/MilLs+Dj/music/mills-dj---jah-	air battle,gameboy,goofy,jah,jah,mills dj,super mario land
https://chipmusic.org/Jredd/music/slow-jam-1-bit--effects	1 bit,beepola,effects,jredd,trevin hughes
https://chipmusic.org/Krubbz/music/terrorvision-theme	chip,creepy,gameboy,horror,lsdj,terrorvision
https://chipmusic.org/MilLs+Dj/music/mills-dj---shards	broken hearted,glass,mills dj,sad,shards
https://chipmusic.org/chunter/music/you-said-and-smiled-suggested-mix	ballad,fakebit,kamiooka,renoise,sid
https://chipmusic.org/gsmith/music/the-way	fakebit
https://chipmusic.org/rasta_dan/music/saddance	chiptune,gameboy,lsdj
https://chipmusic.org/elmusho/music/wrong-kind-of-tea-dope-lsdj-bounce	bop,bounce,gameboy,lsdj,magic,paininthefoot,tea,wizard
https://chipmusic.org/Adventures+in+Slumberland/music/looking-for-the-lost	ambient,fakebit,famitracker,fruityloops
https://chipmusic.org/Fufugagakikilala/music/the-rise	lsdj
https://chipmusic.org/Laffe+the+Fox/music/chickenandrofls-feat-laffe-the-fox---the-doomsday-zone-sonic--knuckles-cover	bitpop,chickenandrofls,chip,chip music,cover,laffe the fox,remix,sega,sonic,sonic  knuckles,the doomsday zone
https://chipmusic.org/Breezesquad_/music/autotlchargement-extended-mix	
https://chipmusic.org/Bracer_Cran/music/potato-hash-function	chiptune
https://chipmusic.org/Axel-havoc/music/slut-machine-demo	chiptune,gameboy,lsdj,noise,pop,punk
https://chipmusic.org/Volt+44/music/sk8-bit	chiptune
https://chipmusic.org/Bracer_Cran/music/got-99-bugs-but-a-glitch-aint-one	fakebit
https://chipmusic.org/Crash/music/results-of-my-past	8 bit,chiptune,gameboy,harsh,jam,lsdj,nintendo,techno,video game music
https://chipmusic.org/%3F%3F%3F/music/symmetric-random-walk	
https://chipmusic.org/Fufugagakikilala/music/danger-ranger	android,gameboy,lsdj
https://chipmusic.org/shux/music/slumlord	chiptune,gameboy,lsdj,shux,slumlord
https://chipmusic.org/Infinity+Curve/music/whachu-know-bout-jungle	gameboy,lsdj amen drum n bass jungle breakcore bloodclot ruffneck bizness
https://chipmusic.org/BenCarignan/music/a-letter-to-a-dying-star-by-space-boyfriend	gameboy,lsdj,space shit,vocal
https://chipmusic.org/BleepLove/music/floravox-terraport--raveyard-splitholder-abandoned-heartdome	chiptune
https://chipmusic.org/BleepLove/music/vrumzsssr--i-dont-want-to-die	chiptune
https://chipmusic.org/BleepLove/music/coleco--cosmic-lover-boy	chiptune
https://chipmusic.org/BleepLove/music/alexogre--dreaming	chiptune
https://chipmusic.org/BleepLove/music/i-set-my-pixels-on-fire--the-neverending-tale	chiptune
https://chipmusic.org/BleepLove/music/3an--eovalove	chiptune
https://chipmusic.org/BleepLove/music/boosh!--112	chiptune
https://chipmusic.org/ChasingBleeps/music/robots-dont-cry	bum jam,chasingbleeps,chiptune,craig mitchell
https://chipmusic.org/Ap0c/music/what-happens-when-you-take-the-wrong-bus	chiptune,nes,original,philly,vrc6
https://chipmusic.org/chunter/music/new-lines-lcrd	botb,sms,wc8
https://chipmusic.org/Ro-Bear/music/believe	853boyz,cher,chiptune,dropthat,gameboy,lsdj,philly
https://chipmusic.org/Jredd/music/groove-selector-featuring-groovemaster303-and-rob	funk,groovemaster303,hiphop,jazz,jredd,rob,sega genesis,trevin hughes,vgmm
https://chipmusic.org/Groovemaster303/music/amber-tavern-vgm-music-maker	genesis,groovemaster303,jredd,megadrive,robugaarando,sega,vgmm
https://chipmusic.org/V%C3%A9/music/neon-birthday-zone	fakebit,gameboy
https://chipmusic.org/YERZMYEY/music/ym-digital---quantum-fluctuations-atari-st	520st,atari,digital,factor6,mod,music,yerzmyey,ym2149
https://chipmusic.org/onewhitenoise/music/easy	wersdgthfy
https://chipmusic.org/Sax+Appeal/music/pools-korg-ds-10kp	korg,nanoloop,nintendo ds
https://chipmusic.org/Adhrast/music/the-supernova-[wip]-[1xlsdj]	chiptune,gameboy,lsdj
https://chipmusic.org/MilLs+Dj/music/mills-dj---chepstip-happy-core	behringer tweakilizer,chepstip,dubstep,mills dj chipstep
https://chipmusic.org/thebitman/music/rises	chiptune,gameboy,lsdj
https://chipmusic.org/WMD/music/respite-[chip-drone]	ambient,drone
https://chipmusic.org/MilLs+Dj/music/mills-dj---blasfimy!	blasfimy,gameboy,mills dj
https://chipmusic.org/theflightaway/music/sega-lounge	genesis,mega drive,michael jackson,new jack swing,sega,sonic
https://chipmusic.org/Phenomics/music/set-free	
https://chipmusic.org/Dracula+Factory/music/sun-death	chiptune,dracula factory,famicon,famitracker,nes
https://chipmusic.org/Laffe+the+Fox/music/mega-man-2---dr-wily-stage-1-laffe-the-fox-remix	bitpop,chip,chip music,dr wily stage 1,laffe the fox,mega man 2,nes,nintendo,remix,takashi tateishi
https://chipmusic.org/tobikei/music/sweet-tooth-island	chiptune
https://chipmusic.org/chunter/music/winter-blues	blues,fakebit,guitar,renoise,sid,slide guitar
https://chipmusic.org/Mario+Frog+Suit/music/saving-andromeda	chiptune,dcs,denver,electro house,gameboy,lsdj,mario frog suit
https://chipmusic.org/GDNGHTLMPLGHT/music/for-esmelive-take	chiptune lofi cassette  uk,gameboy,lsdj
https://chipmusic.org/memery/music/pray	lsdj,memery,nintendocore
https://chipmusic.org/Acharis/music/when-you-sleep	bitpop,chiptune,indie,synthpop,valentine,valentines day
https://chipmusic.org/Decktonic/music/future-music	analog,dance,ds10,house,korg,nintendo ds,techno
https://chipmusic.org/Axel-havoc/music/ardian-wake	chiptune,gameboy,lsdj,noise,pop,punk
https://chipmusic.org/Puertor+Stache/music/what-makes-us-who-we-are	8bit,chipmusic,chiptune,gameboy,nes,nintendocore
https://chipmusic.org/Peekachoo/music/she-loves-me	amiga,awesome,c64,chipmusic,chiptune,fakebit,famitracker,gameboy,loves,lsdj,nanoloop,nes,peekachoo,she
https://chipmusic.org/Klamm/music/one-life-more-m2	chiptune,klamm,one life more
https://chipmusic.org/Together+We+Are+Robots/music/ghost-stories	folk,gameboy,ghost stories,guitar,lsdj,xombie
https://chipmusic.org/Kremland/music/af632	chiptune,gameboy,lsdj
https://chipmusic.org/Hide+Your+Tigers/music/nova-depth-charge	hide your tigers hawaii chiptune
https://chipmusic.org/Phenomics/music/set-free-offvocal	
https://chipmusic.org/egr/music/holy-ass-titties-nitro!!	gameboy,lsdj
https://chipmusic.org/hutsvoid/music/snow-over-snow	chiptune piano
https://chipmusic.org/sleepytimejesse/music/meeting-the-forest-elder---book-of-samuel	sleepytimejesse,snes,super nintendo
https://chipmusic.org/joule/music/wiklund--joule---feline-areola	nes,satanic kids enterprise
https://chipmusic.org/Starpilot/music/the-crazy-man-speaks	fakebit,heavy,noise,renoise,trippy
https://chipmusic.org/severeTstormer/music/video-intro-short-for-the-heretic-adventures-on-youtube	adventures,chiptune,fakebit,filmscore,games,heretic,hereticplus,mark,review,the,vgm,video,walkthrough,youtube
https://chipmusic.org/RufusRage/music/revengeofthenerds-cammywhite	
https://chipmusic.org/anthony/music/starbolt	chiptune,gameboy,lsdj
https://chipmusic.org/Axel-havoc/music/baby-jihad	chiptune,gameboy,lsdj,noise,pop,punk
https://chipmusic.org/Peekachoo/music/it-shall-pass	amiga,awesome,c64,chipmusic,chiptune,fakebit,famitracker,gameboy,lsdj,nanoloop,nes,pass,peekachoo,shall
https://chipmusic.org/Merutochan/music/we-can-do-it!	chiptune,dance,gameboy,lsdj
https://chipmusic.org/kineticturtle/music/wuthering-heights	banjo,chiptune,cover,gameboy,kate bush,lsdj,matthew joseph payne,vocals,wuthering heights
https://chipmusic.org/WindlePoonz/music/space-crunch	chiptune,gameboy,lsdj
https://chipmusic.org/Snaggletoof/music/shit-head	chiptune,gameboy,lsdj
https://chipmusic.org/Snaggletoof/music/next-message	chiptune,gameboy,lsdj
https://chipmusic.org/Snaggletoof/music/snapshot	
https://chipmusic.org/Snaggletoof/music/thought-fled	chiptune,gameboy,lsdj
https://chipmusic.org/Snaggletoof/music/elastic	fakebit,gameboy,lsdj
https://chipmusic.org/Snaggletoof/music/textures	
https://chipmusic.org/Snaggletoof/music/mood-swing	blues,chiptune,gameboy,lsdj,rock,surf
https://chipmusic.org/Snaggletoof/music/greyhound	chiptune,gameboy,lsdj
https://chipmusic.org/rasta_dan/music/yolo	bad,chiptune,fakebit,famitracker,ironic,lofi,nintendocore,straight edge,sxe
https://chipmusic.org/severeTstormer/music/chickens-going-ho-ho-ho	ben,chickens,chiptune,chiptunewin,fakebit,fox,landis,sevart,severetstormer,thunder,tommy,vgm
https://chipmusic.org/TristEndo-in-spacebutt/music/sand-surfer	2a03,bongos,famitracker,nes,nintendo,ohc,surfing
https://chipmusic.org/duatigaattack%21/music/live-your-mono	chiptune,gameboy,indonesian chiptunes,lsdj
https://chipmusic.org/pokapop/music/the-space-princess-gets-kidnapped-again!	chiptune,gameboy,lsdj,music
https://chipmusic.org/Ultrasyd/music/reset-bonus-track-lsdj	chiphop,lsdj,rap,retroshit
https://chipmusic.org/Starpilot/music/square-root-of-three	fakebit,psychedelia,psychedelic,renoise,synthgaze,trippy
https://chipmusic.org/Snaggletoof/music/this-is-a-test!	chiptune,gameboy,lsdj
https://chipmusic.org/Axel-havoc/music/justify-octopus	chiptune,gameboy,lsdj,noise,pop,punk
https://chipmusic.org/Snaggletoof/music/catalyst	chiptune,gameboy,lsdj
https://chipmusic.org/Groovemaster303/music/gold-fist-zone	chiptune,genesis,groovemaster303,jredd,megadrive,sega,ym2612
https://chipmusic.org/Imbesilli/music/psychonautic-mile---justanotherbinarywar	amiga,c64,chiptune,fakebit,lsdj,nanoloop,nes,synth,synthesizer
https://chipmusic.org/Imbesilli/music/psychonautic-mile---bertha-bit	amiga,c64,chiptune,fakebit,gameboy,lsdj,mos,nanoloop,nes,sid,synth,synthesizer
https://chipmusic.org/Phenomics/music/drive	
https://chipmusic.org/pokapop/music/its-raining-pills	8bit,first song,gameboy,lsdj,music,pills
https://chipmusic.org/NationalBroadcastNetwork/music/7-billion-volts	atari2600,ataripunk,c64,chiptune,garagerock,nes,protopunk,punk
https://chipmusic.org/Teknikbanken/music/galenskapen	chiptune
https://chipmusic.org/Guardia/music/good-life-2-ryland-bouchard-cover	bouchard,cover,milky,ryland,singing,tracker,vocals
https://chipmusic.org/Acid/music/acidnb---bleepshockone	c64,chiptune
https://chipmusic.org/Jredd/music/frozen-sea-side	funk,hiphop,jazz,jredd,sega genesis,trevin hughes,vgmm
https://chipmusic.org/karlneudert/music/the-palace-of-waffle	chiptune,fakebit,gameboy,nes,waffle
https://chipmusic.org/karlneudert/music/happy-llama	chiptune,fakebit,gameboy,nes
https://chipmusic.org/iano/music/mix-and-mastering-test---cc-please	heavy,lsdj,mastering,mix,thrashy
https://chipmusic.org/Majus/music/toeffting	chiptune,lsdj
https://chipmusic.org/hutsvoid/music/bitcrusher---just-walking-in-low-bit	amiga,c64,chiptune,fakebit,gameboy,lsdj,nanoloop,nes,walk
https://chipmusic.org/Downstate/music/i-never-think-about-you-anymore	fb01
https://chipmusic.org/MostNoble9/music/super-dodecahedron	fakebit
https://chipmusic.org/Puertor+Stache/music/starwarriors-dream-forever	8bit,chiptune,gameboy,nes,nintendocore
https://chipmusic.org/Acharis/music/goodnight-bitter-prince	bitpop,chiptunes,indie,synthpop
https://chipmusic.org/Axel-havoc/music/shes-the-niggest	chiptune,gameboy,lsdj,noise,pop,punk
https://chipmusic.org/Dr.+PentaDeca/music/harmody-and-melony	famitracker,nes,vrc6
https://chipmusic.org/dasid/music/zucit	dasid,lsdj,nanoloop
https://chipmusic.org/Klamm/music/strider-aka-red-alert	chiptune,klamm,red alert,strider
https://chipmusic.org/m45t3rb1ff/music/i-eat-cheerleaders	chiptune,nanoloop
https://chipmusic.org/jrswhpple/music/1	gameboy,lsdj
https://chipmusic.org/skinnyhead2000/music/snow-coated-suburbs	chiptune,modplug,openmpt
https://chipmusic.org/1950+D.A/music/no-doves-fly-here	
https://chipmusic.org/Dr.+PentaDeca/music/ninty-fresh	mario,metroid,nes,vrc6,zelda
https://chipmusic.org/aaroneow/music/flight-back-home	chiptune,lsdj
https://chipmusic.org/Duck+Boy/music/take-me-home-mr-duck-boy	chile,chipmusic,duck boy,electronic,fakebit,retro,samples,videogames
https://chipmusic.org/Jredd/music/storm-of-the-dark-moon-feat-groovemaster303--dropbit	dropbit,groovemaster303,jredd,sega genesis,trevin hughes,vgmm
https://chipmusic.org/gameofbitchannel/music/oki-robo-navigation-cover-gobc	chiptune,gameboy,lsdj
https://chipmusic.org/gameofbitchannel/music/oki-robo-navigation-cover-gobc	chiptune,gameboy,lsdj
https://chipmusic.org/ocean+palace/music/welcome-to-the-space-jam	fakebit
https://chipmusic.org/8bit+Urano/music/1979-final-part	8bit,chiptune,rockbit
https://chipmusic.org/WindlePoonz/music/8-bit-glitches	chiptune,gameboy,lsdj
https://chipmusic.org/Axel-havoc/music/bi-furious	chiptune,gameboy,lsdj,noise,pop,punk
https://chipmusic.org/Breezesquad_/music/heaven--refined-hell-snippet-demo	
https://chipmusic.org/Evil+Scientist/music/party	chiptune,gameboy,horrorchip,lsdj
https://chipmusic.org/MostNoble9/music/loft	
https://chipmusic.org/LamptonWorm/music/hypertron-lsdj	chiptune,gameboy,lsdj
https://chipmusic.org/Axel-havoc/music/69-11	chiptune,gameboy,lsdj,noise,pop,punk
https://chipmusic.org/Axel-havoc/music/wheres-the-baby	chiptune,gameboy,lsdj,noise,pop,punk
https://chipmusic.org/bloerb/music/culprit-requiem	anarchist,antifa,antifascist,antigerman,breakcore,electro,electronic,electropunk,fakebit,idm,renoise
https://chipmusic.org/sammulligan/music/one-of-those-guys	guitar,lsdj,vocals
https://chipmusic.org/valoch/music/metabolism-of-the-mouse	chris,gameboy,imler,lsdj
https://chipmusic.org/Acharis/music/space-cake	chill,chiptune,electro,pop
https://chipmusic.org/Acharis/music/truth-syrup	bitpop,chiptunes,indie,synthpop
https://chipmusic.org/circuit+83/music/but-my-lips-hurt-real-bad!	8bit,chiptune,gameboy,keygen,lsdj,napoleon dynamite,nintendo ds lite
https://chipmusic.org/Groovemaster303/music/castle-of-shards-ym2612	dac,genesis,groovemaster303,jredd,megadrive,otaku mode,psg,sega,ym2612
https://chipmusic.org/WindlePoonz/music/improved	chiptune,gameboy
https://chipmusic.org/Dire+Hit/music/saws-and-noise	awesome,chiptune,electro,gameboy,house,lsdj
https://chipmusic.org/Dire+Hit/music/dark-and-stormy-night	chiptune,gameboy,glitch,hiphop,hop,lsdj
https://chipmusic.org/Crash/music/quake-disrupter	chiptune,gameboy,harsh,jam,lsdj,techno
https://chipmusic.org/Puertor+Stache/music/8-bit-pizza!	chipmusic,chiptune,gameboy,nes,nintendocore
https://chipmusic.org/Volt+44/music/gort-the-garbarian	ableton,apc40,chiptune,impulse tracker,live,schism tracker,tracker
https://chipmusic.org/elektrohobo/music/spare-tonne	chiptune,gameboy,lsdj,wip
https://chipmusic.org/ocean+palace/music/a-hateful-shade	fakebit
https://chipmusic.org/DogTag/music/the-grid-daft-punk-cover	chiptune,cover,daft punk,gameboy,lasttagwillmakethissongtransparent,lsdj,noobie
https://chipmusic.org/sleepytimejesse/music/bela-ost-sketch---webern-forest	chiptune,fakebit,gameboy,nes,sleepytimejesse
https://chipmusic.org/Laundromat/music/eight-hundred	chiptune,gameboy,lsdj
https://chipmusic.org/Hide+Your+Tigers/music/singled-out	hide your tigers hawaii lsdj
https://chipmusic.org/elektrohobo/music/workinprog	gameboy  lsdj  wip  cc
https://chipmusic.org/seanmonistat/music/dalstroy	dmg,gameboy,lsdj
https://chipmusic.org/hutsvoid/music/low-600mah-power	ay piano batteries future nimh aa 12v
https://chipmusic.org/onewhitenoise/music/llama-of-mystics-own-remix	s56yrthfg
https://chipmusic.org/Breakbeat+Heartbeat/music/explore	fakebit
https://chipmusic.org/valoch/music/a-strange-little-teeth	lsdjgameboy
https://chipmusic.org/Kubbi/music/pewpewpew	chipstep,chiptune,dubstep,fakebit,funkeeeey
https://chipmusic.org/infradead/music/suite-for-gameboy-and-filter	gameboy,modular,noise,perkele,shitwave
https://chipmusic.org/PersonBoy/music/lgpt_666	chiptune,lgpt,metal
https://chipmusic.org/deepearthvoid/music/pbr	
https://chipmusic.org/LamptonWorm/music/eliminator	dnb,gameboy,lsdj
https://chipmusic.org/ryba/music/drivingtocrimescenelsdj-dmg	gameboy,lsdj,ryba
https://chipmusic.org/Evil+Scientist/music/the-catacombs	chiptune,gameboy,horrorchip,lsdj
https://chipmusic.org/Jredd/music/blu-ska-sega-genesis	48 hour challenge,chip tune,hughes,jredd,reggae,sega genesis,ska,trevin,vgmm
https://chipmusic.org/Crash/music/leaks	chiptune,gameboy,lsdj
https://chipmusic.org/Hektagon/music/farewell-wipeout!!!	chipsounds,dnb
https://chipmusic.org/Hektagon/music/farw	chipsounds,dnb
https://chipmusic.org/razxca/music/treka-6	2013,chipvunk,nes
https://chipmusic.org/razxca/music/treka-7	2013,chipvunk,nes
https://chipmusic.org/Fatal+Labyrinth/music/b-pump	genesis,vgmmm
https://chipmusic.org/Silly+Rave/music/alexitimia	chiptune,dmg,gameboy,lsdj
https://chipmusic.org/bryface/music/crow-note-rigger-chrono-trigger-theme-cover	chrono trigger,cover,korg m01
https://chipmusic.org/DEgITx/music/pen-in-my-hand	c64,metal
https://chipmusic.org/Monotron/music/pendulum---witchcraft-cover	chiptune,famicom,famitracker,genesis,nes,snes
https://chipmusic.org/fluxer/music/fantasy-for-unaccompanied-game-boy	bach,chiptune,classical,gameboy,lsdj
https://chipmusic.org/shanebro/music/through-the-noumenal-realm	chiptune,gameboy,lsdj
https://chipmusic.org/Jredd/music/abnormal-disturbance-detected	groovemaster303,industrial,jredd,sega genesis,trevin hughes,vgmm
https://chipmusic.org/Breezesquad_/music/sweet-sixteen-forever-2013	
https://chipmusic.org/Ro-Bear/music/its-really-good-to-have-you-back	chiptune,gameboy,lsdj
https://chipmusic.org/ShawnDaley/music/stop-biting-my-chameleon	bass,bit,chiptune,man,mega,megaman,nes,nintendo,pumping,rockman,ymck
https://chipmusic.org/Talkboy+Arcade/music/super-winternova	chiptune,famitracker,nes,vrc6
https://chipmusic.org/ocean+palace/music/illuminance	fakebit
https://chipmusic.org/Groovemaster303/music/death-spark-sega-genesis	chiptune,dac,genesis,groovemaster303,jredd,megadrive,psg,sega,ym2612
https://chipmusic.org/ShintarouMusic/music/please-no	shintarou
https://chipmusic.org/Evil+Scientist/music/rigor-mortis	chiptune,gameboy,horrorchip,lsdj
https://chipmusic.org/L4MEB0Y%21/music/1000-steps	1000 steps,chiptune,famitracker,lameboy
https://chipmusic.org/TragicSans/music/the-legend-of-greg	chiptune,fakebit,flstudio,nes,simsynth
https://chipmusic.org/valoch/music/we-are-ho!	
https://chipmusic.org/Mr.KOOL/music/lo-fi-try	analog,moog,nanoloop
https://chipmusic.org/Fr0st_Fyre/music/oranges	chiptune,gameboy,lsdj
https://chipmusic.org/4mat/music/dont-touch-my-speed-tables	backlight,c64,dubstep,fakebit,house,megaman,nes,pokemon,prog,prosound,zelda
https://chipmusic.org/ShintarouMusic/music/we-had-fun	shintarou
https://chipmusic.org/Login_K/music/first-try	first
https://chipmusic.org/hutsvoid/music/french-summer-colors	chiptune,gameboy,lsdj
https://chipmusic.org/Talkboy+Arcade/music/lowlander-spacelander	chiptune,famitracker,nes,vrc6
https://chipmusic.org/Ariake81/music/eagle-beat-64-edit	c64,chiptune loading screen
https://chipmusic.org/egr/music/ambisynth-electronic-sleep-aid	lgpt,piggy
https://chipmusic.org/ParallaxMoon/music/parallax-moon---baba-orileyparallax-moon-remix	chiptune,fakebit,gameboy
https://chipmusic.org/skyhaunt/music/nostalgia	chiptune,gameboy,lsdj
https://chipmusic.org/fluxer/music/phone-call-eternal-sunshine-of-the-spotless-mind	chiptune,cover,eternal sunshine,gameboy,lsdj,lsdjx2,movie
https://chipmusic.org/balloonbear/music/zedd---clarity-ft-foxes-balloonbear-chip-remix	bassline,chipbass,chipstep,chiptune,dmg01,electro,house,lsdj
https://chipmusic.org/ocean+palace/music/discontent-in-the-oasis	fakebit
https://chipmusic.org/unini/music/bucket-of-flowers	gameboy,lsdj,nintendocore
https://chipmusic.org/Sax+Appeal/music/peeks-demo	gameboy,lsdj
https://chipmusic.org/Ariake81/music/miami-skates	chiptune sunset miami beach
https://chipmusic.org/ocean+palace/music/clatters-classy-feat-guardia	fakebit
https://chipmusic.org/Ariake81/music/60-second-bad-boy-ost	chiptune,nes,soundtrack
https://chipmusic.org/DogTag/music/unexpected-guest	chiptune,dadada,dogtag,gameboy,lsdj,noobie,rookie
https://chipmusic.org/Evil+Scientist/music/the-gravediggers	gameboy,horrorchip,lsdj
https://chipmusic.org/Phenomics/music/guchew	
https://chipmusic.org/Phenomics/music/hotseat	
https://chipmusic.org/thebitman/music/antithesia	chiptune,gameboy,lsdj
https://chipmusic.org/YanomamiGameBoy/music/your-life-is-a-nanoloop	ios,nanoloop
https://chipmusic.org/YanomamiGameBoy/music/love-the-monkey-in-you	16bit,ims20,ios
https://chipmusic.org/Pegasusomega/music/kommandotolken---atarax	chiptune,electro,electronica,gameboy,lof,lsdj,seapunk
https://chipmusic.org/Laffe+the+Fox/music/daxshock---yogurt-yard-forest-feat-laffe-the-fox	bitpop,chip music,chiptune,cover,daxshock,forest theme,kirby,kirbys adventure,laffe the fox,nes,remix,yogurt yard
https://chipmusic.org/onewhitenoise/music/back-to-spain	wesfrdgfth
https://chipmusic.org/Xuriik/music/youth-roll!!!	chiptune,gameboy,hyperpop,lsdj,short,tune
https://chipmusic.org/8-Bit+Vic/music/drop-bass-not-hearts	8bit chiptune chipstep
https://chipmusic.org/Zef/music/the-sounds-of-data-corruption	
https://chipmusic.org/Pegasusomega/music/kommandotolkn---alien-hunt	8 bit,chiptune,electro,electronica,gameboy,lofi,lsdj,seapunk
https://chipmusic.org/Skycstls/music/somebody-that-i-used-to-brk	
https://chipmusic.org/ocean+palace/music/dear-man-stu-in-the-battle-of-the-snowy-mountain	fakebit
https://chipmusic.org/Pegasusomega/music/kommandotolken---homeros	chiptune,gameboy,lsdj
https://chipmusic.org/sofaspartan/music/that-stage-you-like-to-play	8bit,8bit,chiptune,cool,electronic,fakebit,fast,music,musical,nes,original,polyphonic,song
https://chipmusic.org/GravitonFlux/music/nucleogenic-decay	2xlsdj,gameboy,lsdj
https://chipmusic.org/Pegasusomega/music/kommandotolken---ikaros	chiptune,gameboy,lofi,lsdj
https://chipmusic.org/b4c0n/music/sword-of-butter	nes
https://chipmusic.org/Dire+Hit/music/molecular-disruption-device	chiptune,dubstep,electro house,gameboy,lsdj
https://chipmusic.org/BeatScribe/music/explorers-march	8bit,chiptune,chiptune,famitracker,nes,nintendo,nsf,vgm
https://chipmusic.org/Phenomics/music/netch	gameboy,lsdj
https://chipmusic.org/ocean+palace/music/oh-you-feat-guardia	fakebit
https://chipmusic.org/Groundvision/music/robokittens	cats,chiptune,gameboy,ground,groundvision,i do like cats,kittens,kitties,lsdj,robo,robokittens,robot,vision
https://chipmusic.org/seanmonistat/music/and-no-birds-sing	cbasicore,chiptune
https://chipmusic.org/Jayster/music/tried-complexity	8bit,8bit,chiptune,famicom,famitracker,neoprog,neoprogressive,neoprog rock,nes,nintendo,vrc6
https://chipmusic.org/BeatScribe/music/rubicon	c64,chiptune,fakebit,vgm
https://chipmusic.org/ryba/music/nanodogpostyournanovoicepixels	nanovoice
https://chipmusic.org/Klamm/music/robopocalypse	chiptune,fakebit,klamm,robopocalypse
https://chipmusic.org/ryba/music/nanoteddypostyournanovoicepixels	nanovoice
https://chipmusic.org/Laundromat/music/the-perfect-amount-of-batter	chiptune,gameboy,lsdj
https://chipmusic.org/ryba/music/nanofoxpostyournanovoicepixels	nanovoice
https://chipmusic.org/SadPanda/music/die-jung-keha-remix	chipsounds,dumb,fakebit
https://chipmusic.org/spOOked/music/die-alone-live-mode-draft-mix	chiptune,gameboy,lsdj
https://chipmusic.org/Ultrasyd/music/eindbaas-chipmas-[atari-ste]	atari,christmas,maxymiser,ste,turkey
https://chipmusic.org/Pegasusomega/music/kommandotolken---trankil	chiptune,electro,gameboy,lsdj,seapunk
https://chipmusic.org/bryface/music/turning-point-lsdj	lsdj
https://chipmusic.org/egr/music/1-bit-sound-from-piggy-tracker	1bit,die fools,lgpt,piggy,psp
https://chipmusic.org/eks1337/music/chiptune-style---	chiptune,fakebit,gangnam style
https://chipmusic.org/Holy+Konni/music/paying-the-rent-lgpt-live-set	chiptune,lgpt,littlegptracker,live,piggy
https://chipmusic.org/Pegasusomega/music/kommandotolken---trummaskinen	chiptune,gameboy,lofi,lsdj
https://chipmusic.org/Pegasusomega/music/kommandotolken---syntax	chiptune,electro,electronica,gameboy,korg,lsdj
https://chipmusic.org/Breezesquad_/music/yes-absolutely	bitpop
https://chipmusic.org/Pegasusomega/music/kommandotolken---ultima	chiptune,gameboy,lsdj
https://chipmusic.org/Pegasusomega/music/kommandotolken---omega	chiptune,gameboy,lsdj
https://chipmusic.org/Pegasusomega/music/kommandotolken---run	chiptune,gameboy,lsdj
https://chipmusic.org/Pegasusomega/music/kommandotolken---det-pixelerade-poolpartyt	chiptune,gameboy,lsdj
https://chipmusic.org/Pegasusomega/music/kommandotolken---celebritet	chiptune,gameboy,lsdj
https://chipmusic.org/COLORCAVES/music/snozberries-taste-like-sht	chiptune,gameboy,lsdj
https://chipmusic.org/myriad+violets/music/arcade-brain-residue	bitpunk,lsdj,spazpop
https://chipmusic.org/danimal+cannon/music/danimal-cannon-and-zef----legacy	
https://chipmusic.org/Pegasusomega/music/kommandotolken---jag-och-min-hund	chiptune,game boy,gameboy,lsdj
https://chipmusic.org/F34TH3R5/music/maybe-maybe-not	8bit,feathers,fl studio,nes,sad,slow
https://chipmusic.org/Carbonthief/music/triangle-theft	chiptune,nes
https://chipmusic.org/Calavera/music/dross-smashing-pumpkins	australia,calavera,cover,dmg,dross,gameboy,lsdj,melbourne,smashing pumpkins
https://chipmusic.org/Calavera/music/guess-what-kid-you-grew-up	australia,calavera,childhood,dmg,gameboy,lsdj,melbourne
https://chipmusic.org/Calavera/music/your-robot-ears-are-wonderful-my-love	australia,calavera,dmg,gameboy,lsdj,melbourne
https://chipmusic.org/Xuriik/music/the-girl-with-only-one-eye	chiptune,cyclops,gameboy,lsdj,nostalgia
https://chipmusic.org/apterous/music/realm-of-mind---lizards-from-space	chiptune,death,electro,gameboy,melodic,nes,technical
https://chipmusic.org/Skycstls/music/circles-new-ep-in-a-few-weeks!	
https://chipmusic.org/ShintarouMusic/music/i-wish-you-well	lsdj,shintarou
https://chipmusic.org/PULSELOOPER/music/procedures	gameboy,lsdj
https://chipmusic.org/awesomeforce/music/god-rest-ye-merry-gentlemen-[dnb-mix]	ableton,brk,chiptune,dnb,gameboy,jungle,lsdj
https://chipmusic.org/malmen/music/monkey-puzzle	chiptune
https://chipmusic.org/malmen/music/sunsilk	chiptune
https://chipmusic.org/eks1337/music/jbf8dbv	8ugkyufgdvfycqvfutqi7t34r634fr4,chiptune
https://chipmusic.org/Pieces+of+Eight/music/always-cocacola-christmas-merry-chipmas-2012	8bc,christmas,hoiday,merrychipmas
https://chipmusic.org/softRESET/music/onemorestep	1xlsdj,gameboy,lsdj,softreset
https://chipmusic.org/Laffe+the+Fox/music/laffe-the-fox---gillwings-christmas-reprise-christmas-nights-cover	bitpop,christmas nights,gillwings christmas,laffe the fox,merry chipmas 2012,remix
https://chipmusic.org/sleepytimejesse/music/coal	acoustic,ambient,chiptune,electroacoustic,megadrive,minecraft,minimal,nes,sega
https://chipmusic.org/Starpilot/music/the-apple-went-through-you-are-now	psychedelic,renoise
https://chipmusic.org/DEgITx/music/you-will-fade-it	c64,chiptune,nes
https://chipmusic.org/pixelrecall/music/pixel-green-is-people---investigate-the-factory	bleep,bloop,chiptune,factory,fakebit,green,nanoloop,people,pixel
https://chipmusic.org/Zelkedo/music/twilight-princess	chiptune,gameboy,lsdj,princess,twilight,zelkedo
https://chipmusic.org/Carbonthief/music/bits-of-paper	chiptune
https://chipmusic.org/sombreronegro/music/adrenaline	
https://chipmusic.org/Hide+Your+Tigers/music/lazarus	chiptune,lsdj hideyourtigers hawaii
https://chipmusic.org/Jredd/music/brains-town-dsr-2000	air zonk,cover,dsr2000,jredd,keyboard,remix,trevin
https://chipmusic.org/ShintarouMusic/music/clockwerks	
https://chipmusic.org/Active+Knowledge/music/freakstyle	ableton,chiptune,nes,vocal samples
https://chipmusic.org/pixelrecall/music/pixel-green-is-people---rest-at-the-inn	bleep,bloop,chiptune,fakebit,green,inn,nanoloop,pixel,recall,rest
https://chipmusic.org/PersonBoy/music/a-cream	awesome cool,chiptune traptune thrash metal hardcore banger,lsdj
https://chipmusic.org/IOTASNK/music/synthcrush	chiptune,gameboy,lsdj
https://chipmusic.org/Pieces+of+Eight/music/chipmas-is-the-time-to-say-i-love-you	christmas,merrychipmas
https://chipmusic.org/Comptroller/music/summrsy12	2012,crunch,gameboy,lsdj
https://chipmusic.org/rasta_dan/music/vulneravit	chipthrash,chiptune,fakebit,nintendocore
https://chipmusic.org/Kubbi/music/circuithead	8 bit,chipmusic,chipshit,chipsounds,chiptune,fakebit,kubbi,magical8bit,renoise,tracker,vgm
https://chipmusic.org/eLectrodreams/music/satellite-ghosts	ambient,chiptune,drone,foundsound,protoindustrial
https://chipmusic.org/ShintarouMusic/music/high-seas	shintarou
https://chipmusic.org/Direktor/music/top-hat-alpha	1xlsdj,chiptune,dmg,gameboy,lsdj,techno
https://chipmusic.org/chunter/music/joy-to-the-world	holiday,renoise
https://chipmusic.org/MegaLoler/music/colors-2	9000,chip,chiptune,colors 2,colours,loler,mega,megaloler,megaloler9000,tune,two
https://chipmusic.org/majorjazzman/music/baktun	baktun,doomsday,fakebit
https://chipmusic.org/LONELY+TUNES/music/diam-adalah-penyelesaian-terburuk	chiptune,gameboy,lsdj
https://chipmusic.org/Kubbi/music/i-inc	8 bit,chipmusic,chipshit,chipsounds,chiptune,fakebit,kubbi,magical8bit,renoise,tracker,vgm
https://chipmusic.org/liquidcalm/music/im-not-talking-ac-newman-cover	ac newman,gba,meeblip,nes
https://chipmusic.org/ocean+palace/music/reptoid	fakebit
https://chipmusic.org/SadPanda/music/ever-ever-album-teaser	chill,chipsounds,fakebit,glitch
https://chipmusic.org/DEgITx/music/triplay-[beta1]-[metal-version]	c64,metal,sid metal
https://chipmusic.org/DEgITx/music/triplay-[beta1]-[sid-version]	c64
https://chipmusic.org/DEgITx/music/we-all-love-battletoads	battletoads,chiptune,drums,nes
https://chipmusic.org/Puertor+Stache/music/party-aliens-in-onett-v2	8bit,chipmusic,chiptune,gameboy,nes,nintendocore
https://chipmusic.org/mo./music/the-insignificance-of-mankind	ambient,chipmusic,chiptune,dmg01,gameboy,lsdj
https://chipmusic.org/kimbersprophet/music/you-hate-this	gameboy  lsdj  dubstep
https://chipmusic.org/elmusho/music/elin-gr-hem-lsdj-boppeti	blip,blop,gameboy,groove,heuh,lsdj,swing,wehu
https://chipmusic.org/Kubbi/music/polar-bear-rides	8 bit,chipmusic,chipshit,chipsounds,chiptune,fakebit,kubbi,magical8bit,renoise,tracker,vgm
https://chipmusic.org/Bynary+Fission/music/winter-is-coming!	bit,bynary fission,chiptune,coming,famitracker,metal,nes,progressive,vrc6,winter
https://chipmusic.org/franz_koopa/music/la-cit-de-la-technologie	chiptune c64 sid melodic
https://chipmusic.org/Chud011/music/bustomp	chiptune,gameboy,lsdj
https://chipmusic.org/Robot2037/music/outrun-2037-lsdj	gameboy,lsdj,outrun,reptile,sky
https://chipmusic.org/LamptonWorm/music/marauder	chiptune,dnb,gameboy,lsdj
https://chipmusic.org/Puertor+Stache/music/puertor-stache---midnight-charisma-and-hearts	8bit,chipmusic,chiptune,gameboy,nes,nintendocore
https://chipmusic.org/Kittenrock/music/kr065---jowell-ghanter	c64
https://chipmusic.org/Doxic/music/mad-dream-vrc6	chip,chiptune,doxic,famitracker,jazz,nes,original,vrc6,wacky
https://chipmusic.org/Kommisar/music/raccoon-flicka	chipstep,chiptune,gameboy,lsdj
https://chipmusic.org/Starpilot/music/calling-on-the-light	chiptune,fakebit,renoise,synthgaze,trippy
https://chipmusic.org/Puertor+Stache/music/alien-party-v1	8bit,chiptune,gameboy,nes,nintendocore
https://chipmusic.org/MadaM+MonoM/music/in-monstaland-dmg-01---lsdj	chiptune,gameboy,lsdj
https://chipmusic.org/Klamm/music/we---the-machines	chiptune,klamm,we the machines
https://chipmusic.org/ShintarouMusic/music/bits	shintarou
https://chipmusic.org/Hayze/music/strong-efforts	artist,chiptune,efforts,hayze,lgpt,new,piggytracker,psp,strong
https://chipmusic.org/Kubbi/music/we-are-wired	8 bit,chipmusic,chipshit,chipsounds,chiptune,fakebit,kubbi,magical8bit,renoise,tracker,vgm
https://chipmusic.org/TDK/music/nicotine-pang-extended-mix	8bit,c64,chiptune,tdk
https://chipmusic.org/Laffe+the+Fox/music/mrlenix--laffe-the-fox---brain-damage	bitpop,brain damage,chip music,chiptune,fakebit,laffe the fox,mrlenix
https://chipmusic.org/8bitDAD/music/surprises-arent-meant-to-be-expected	chiptune,gameboy,lsdj
https://chipmusic.org/MadaM+MonoM/music/poke-36874	chiptune,vic 20
https://chipmusic.org/calamarespaciales/music/instante---calamarespaciales	lsdj,reverb
https://chipmusic.org/Dreaming+In+Pixels/music/the-end-of-the-world-is-a-bleak-subject	amiga,c64,chiptune,fakebit,gameboy,lsdj,nanoloop,nes
https://chipmusic.org/ant1/music/piggy-tracker-acidbient-housebient-acidhouse-houscid-ambihousecid-glitchbit	acid,piggy
https://chipmusic.org/Jolly/music/the-moon	chiptune,great,moon,space,the
https://chipmusic.org/RoccoW/music/dm1--lsdj-jam-session	roccow dmg jam session dm1 drum machine lsdj gameboy
https://chipmusic.org/MadaM+MonoM/music/eightbitheads	c64,chiptune
https://chipmusic.org/Zimbolt/music/cheese-land	amiga,c64,fakebit,gameboy,lsdj,nanoloop,nes
https://chipmusic.org/Acid/music/acidnb---acid	c64,chiptune
https://chipmusic.org/Groovemaster303/music/demon-world-sega-genesis	genesis,groovemaster303,megadrive,psg,sega,vgm,vgm music maker,ym2612
https://chipmusic.org/YERZMYEY/music/wake-up!-atari-520st	atari 520 st yerzmyey wake up music mon 25 silly venture 2012 chiptune
https://chipmusic.org/Decktonic/music/forgotten-machines	ds10
https://chipmusic.org/Victory+Road/music/99-steps	
https://chipmusic.org/Kickore/music/fight-on	220 bpm,chiptune,dmg,dongs,hardcore,heavy lead,lsdj,music
https://chipmusic.org/bloerb/music/opportunist-waltz-w--music-video	8bit,breakcore,chipbreak,chiptune,dancing,electropunk,experimental,fakebit,idm,progressive,renoise,waltz
https://chipmusic.org/egr/music/a-single-sample-of-silence	lgpt,no input mixing,piggy,psp
https://chipmusic.org/radionarcotix/music/perk	chiptune,gameboy,korg,lsdj
https://chipmusic.org/knoeki/music/obsession	chiptune,dubstep,gameboy,lsdj,techno
https://chipmusic.org/Pieces+of+Eight/music/nemo-dont-be-late!--christmas	8bc,chipmunks,christmas,finalfantasy,final fantasy,hoiday,littlenemo,little nemo,merrychipmas
https://chipmusic.org/Jredd/music/firecracker-2a03	2a03,8 bit,chiptune,famitracker,firecraker,jredd,nes,trevin hughes
https://chipmusic.org/FerretBoy/music/bx4z	chiptune,dance,gameboy,lsdj
https://chipmusic.org/Starpilot/music/kerosene-tryptodream	chiptune,fakebit,hiphop,hip hop,noise,renoise
https://chipmusic.org/Laffe+the+Fox/music/donkey-kong-land---kremlantis-laffe-the-fox-remix	bitpop,chip music,david wise,donkey kong land,game boy,gameboy,graeme norgate,kremlantis,laffe the fox,remix
https://chipmusic.org/Dreameater/music/sleepwalking-with-strangers-pt-2	ambient,chillout,gameboy,glitch,lsdj
https://chipmusic.org/mikeleisz/music/the-beast-life	bliphop,chiphop,fakebit,op1
https://chipmusic.org/Renegade999/music/pharaoh	dance,electronic,fakebit,trance
https://chipmusic.org/rana/music/winter-celebration	nsf
https://chipmusic.org/eLectrodreams/music/alice-sisters-of-mercy-cover	cover,electronic,fakebit,goth,gothic,piano,trianglewave,vocals
https://chipmusic.org/eLectrodreams/music/killing-eyes-instrumental-version	chipish,dance,darkwave,electro,gothic
https://chipmusic.org/Kubbi/music/escapist	
https://chipmusic.org/thinkquick/music/twinklymp3	
https://chipmusic.org/Monotron/music/owl-city-feat-carly-rae-jepsen---good-time-monotron-chiptune-remix	carly,chiptune,city,gameboy,good time,jepsen,lsdj,owl,rae,remix
https://chipmusic.org/El_Favorito/music/el-favorito---the-file-of-the-machine	8bit,chiptune,fakebit,favorito,file,machine,robot
https://chipmusic.org/MicroMidaz/music/stux-in-brain	c64,experimantal,fakebit
https://chipmusic.org/MicroMidaz/music/godez-trooper	experimental,fakebit,nes
https://chipmusic.org/Azuria/music/higurashi-no-kiseki-higurashis-theme	8bit,azuria,chiptune,fakebit,gameboy,nes,ost
https://chipmusic.org/Jansaw/music/mixing-guitars	chiptune,fakebit,guitar
https://chipmusic.org/mute/music/cp6-sector-3	cp6 game soundtrack
https://chipmusic.org/mute/music/cp6-sector-2	cp6 game soundtrack
https://chipmusic.org/eLectrodreams/music/within-these-castle-walls	castlevania,cover,dance,trance,videogame music
https://chipmusic.org/mute/music/cp6-sector-1	cp6 game soundtrack
https://chipmusic.org/Sexton/music/henrilaan	chiptune
https://chipmusic.org/Sexton/music/eurostar	chiptune
https://chipmusic.org/Sexton/music/ugali	chiptune
https://chipmusic.org/Sexton/music/ibunda	chiptune
https://chipmusic.org/Acid/music/acidnb---electron-sucks	c64,chiptune
https://chipmusic.org/fluxer/music/elegy	ice fakebit chipsounds
https://chipmusic.org/Duck+Boy/music/wee-ducks-unicorn-kid-cover	chile,chiptune,cover,duck boy,remix,unicorn kid,wee monsters
https://chipmusic.org/Puertor+Stache/music/on-them-jigglypuffs	8bit,chiptune,gameboy,nes
https://chipmusic.org/Kubbi/music/machinery	bit,chip,chipmusic,chiptune,circuithead,edm,free,idm,plogue,progressive,psychedelic,renoise,tracker
https://chipmusic.org/%CE%A0%CE%B7%CF%81%CE%B5%CE%B9/music/scuba-diving-on-europa	
https://chipmusic.org/ShintarouMusic/music/22	core,nintendo,shintarou
https://chipmusic.org/Jansaw/music/potential	2a03,atari 2600,c64,chipsounds,chiptune,nes,sid,tia
https://chipmusic.org/Peekachoo/music/pilgrimage	8bit,amiga,c64,chiptune,fakebit,gameboy,lsdj,nanoloop,nes,peekachoo,pilgrimage
https://chipmusic.org/Jredd/music/limitless-sega-genesis	dubstep,funk,hiphop,jredd,rock,sega genesis,trevin hughes,vgmm
https://chipmusic.org/MilLs+Dj/music/mills-dj---changing-your-world-one-bit-at-a-time	mills dj millsdj canging your world one bit at a time
https://chipmusic.org/Direktor/music/aggress	1xlsdj,gameboy,lsdj
https://chipmusic.org/ilv1/music/7c7---journey-to-a-blue-supergiant	8bit,chiptune,gameboy,glitc,lsdj
https://chipmusic.org/ipi/music/jive-thrice-fds	chiptune,famicompo,fds,nes,nsf
https://chipmusic.org/Jansaw/music/tub-ym2612	bigband,dixieland,jansaw,jazz,sega genesis,swing,ym2612
https://chipmusic.org/Popsicle+Theory/music/shards	
https://chipmusic.org/Goughy/music/victory	chiptune,ds lite,lsdj
https://chipmusic.org/Laffe+the+Fox/music/malstorm--laffe-the-fox---dark-world-zelda-a-link-to-the-past-cover	a link to the past,chip,cover,dark world,koji kondo,laffe the fox,malstorm,remix,rock,snes,the legend of zelda
https://chipmusic.org/Starpilot/music/adulthood	chiptune,dub,fakebit,guitar,lyrics,reggae,renoise,starpilot,trippy,vocals
https://chipmusic.org/vargero/music/night-rush	lgpt,monowave
https://chipmusic.org/MegaLoler/music/a-minor-thing	aminorthing,chiptune,megaloler,milkytracker
https://chipmusic.org/MegaLoler/music/colors	chiptune,colors,megaloler,milkytracker
https://chipmusic.org/ocean+palace/music/tetrahydrocannabinol	fakebit
https://chipmusic.org/Hektagon/music/tayo	chipsounds,chiptunish,journey,nes
https://chipmusic.org/Ketchup_Astronaut/music/journey-of-the-rubix-cube-hero	chipandbass,chiptune,drumstep,ketchupastronaut
https://chipmusic.org/rana/music/running-betas	chiptune,gameboy,lsdj
https://chipmusic.org/8bitDAD/music/av8rz	chiptune,gameboy,lsdj
https://chipmusic.org/Note%21/music/humidity	bass,distantdubhorn cheeptone,dub,gameboy,lsdj
https://chipmusic.org/Fearofdark/music/scaling-the-dragon-fortress-2a03	chiptune,dragons,famicompo,nsf,vrc6
https://chipmusic.org/brightwhitelightning/music/rockwell---somebodys-watching-me	atari,bass,chiprock,chiptune,cover,gameboy,guitar,maxymiser
https://chipmusic.org/Cangrejo/music/boomerang-kisses---crab-littlef-floating-sound-ep	chiptune,crab,gameboy,lsdj
https://chipmusic.org/Kool+Skull/music/untitled-shit	chiptune,gameboy,juan,kool,kool skull,kxxl,larrazabal,lsdj,mexican shit
https://chipmusic.org/Acid/music/acidnb---gangsta-boogie	c64,chiptune
https://chipmusic.org/skinnyhead2000/music/rain	chiptune,famicompo,famicompo mini,famitracker,n106,n163,namco 163,namco n106,namco n163,nes,nsf,rain,skinnyhead i
https://chipmusic.org/Jansaw/music/christmas-time-is-here-ym2612	christmas,deflemask,sega genesis,vgm,ym2612
https://chipmusic.org/nitro2k01/music/squarebender	gameboy,lsdj
https://chipmusic.org/shotgun+breakdown/music/punk-chip-demo	
https://chipmusic.org/Volt+44/music/twenty-two	chiptune
https://chipmusic.org/hutsvoid/music/256-slave---lsdj-jazzy-fusion---piano-sax-bassmp3	lsdj jazz experiment live jamming fusion
https://chipmusic.org/downerczx/music/awesome-lofi	c64,chiptune
https://chipmusic.org/FerretBoy/music/gameboy-dreams	chiptune,gameboy,lsdj
https://chipmusic.org/FerretBoy/music/space-dogs	chiptune,gameboy,lsdj
https://chipmusic.org/FerretBoy/music/pendulum---fasten-your-seatbelts-ferretboy-medley-cover	chiptune,gameboy,lsdj
https://chipmusic.org/Laffe+the+Fox/music/malstorm--laffe-the-fox---death-mountain-zelda-a-link-to-the-past-cover	a link to the past,chip,cover,death mountain,koji kondo,metal,remix,snes,super nintendo,the legend of zelda
https://chipmusic.org/ocean+palace/music/shadowy-chaos-fighter-tunic	fakebit
https://chipmusic.org/Xuriik/music/miau_house_cleaning	lsdj
https://chipmusic.org/LONELY+TUNES/music/the-stars-and-the-ocean-cover	chiptune,gameboy,lsdj
https://chipmusic.org/Auxcide/music/blue-planetearthscapeeos-[live-raw]	2xlsdj,album,arduinoboy,auxcide,chiptune,gameboy,lsdj,preview,teaser
https://chipmusic.org/Kommisar/music/bayoen	chiptune,gameboy,lsdj
https://chipmusic.org/Pixeltune/music/vestige	170bpm,chiptune,dance,dnb,gameboy,lsdj
https://chipmusic.org/elmusho/music/how-to-be-cat	bleurgh,gameboy,lsdj,progressive,semiprogressive
https://chipmusic.org/UncleBibby/music/klone-chip-house	chip,chiptune,dance,fakebit,house,nes,remix,retro,techno,whatever
https://chipmusic.org/Nintenbro/music/nu-skillen	chiptune,dubstep,gameboy,lsdj
https://chipmusic.org/A+Versus+B/music/slumber	chiptune,gameboy,lsdj,new jersey,new york,new york city,nyc
https://chipmusic.org/Solarbear/music/pterodactyls	brkfest,chiptune,gameboy,jazz,lsdj,metal,progressive,rock,solarbear
https://chipmusic.org/EarthwormJim/music/batte-ground	chiptune,fakebit,gameboy,lsdj,nes
https://chipmusic.org/bloerb/music/der-mensch-feat-max-horkheimer	adorno,critical theory,fakebit,frankfurter schule,horkheimer,marcuse,mark2,marxism,renoise,rhodes
https://chipmusic.org/Sax+Appeal/music/ctyglw	glitch,glitch hop,nanoloop
https://chipmusic.org/raSCal/music/my-virtual-girlfriend	chiptune,famitracker,gameboy,lsdj
https://chipmusic.org/Kubbi/music/concrete	8 bit,chipmusic,chipshit,chipsounds,chiptune,fakebit,kubbi,magical8bit,renoise,tracker,vgm
https://chipmusic.org/ShintarouMusic/music/temple-of-light-fable-lsdj-x1-revamp	fable,intro,shintarou,temple of light
https://chipmusic.org/8bitDAD/music/faster	chiptune,gameboy,lsdj
https://chipmusic.org/Fearofdark/music/fast-city-xm	chiptune,fakebit
https://chipmusic.org/wailord/music/i-pretended-famitracker-was-a-jet-enjine	dubstep,jetcore,notdubstep,notjetcore
https://chipmusic.org/Skycstls/music/bullet-time	
https://chipmusic.org/spOOked/music/hunterquinn-woub-spooked-remix	chiptune,fakebit,lsdj
https://chipmusic.org/UncleBibby/music/line-by-line-the-ketamines-cover-nanoloop-ios	app,chiptune,cover,fakebit,gameboy,ios,iphone,line by line,nanoloop,nes,punk,rock,rockabilly,synth,the ketamines
https://chipmusic.org/DangerCaptainDanger/music/pixeldreams	gameboy,lsdj,nintendocore,trial
https://chipmusic.org/Dr.+RemiX/music/dub-quest	dub,fakebit,reggae
https://chipmusic.org/Laffe+the+Fox/music/mrlenix--laffe-the-fox---take-me-to-space	bitpop,chip music,chiptune,fakebit,laffe the fox,mrlenix,take me to space
https://chipmusic.org/garageband_chiptunes/music/chips-and-dudes	chiptune,fakebit,original
https://chipmusic.org/DogTag/music/not-looking-for-trouble	beginner,evah,first,gameboy,lsdj,track
https://chipmusic.org/bloerb/music/la-revolucin	amen,anarchist,breakcore,chipbreak,electropunk,experimental,idm,progressive,renoise,spanish
https://chipmusic.org/Dr.+RemiX/music/hypnotic-dub-dungeon	chiptune,dub,fakebit,reggae
https://chipmusic.org/SpellingPhailer/music/coffe-and-crayons	fakebit
https://chipmusic.org/garageband_chiptunes/music/daftendirekt-request	daft punk,fakebit,garageband
https://chipmusic.org/Dr.+RemiX/music/the-soup-dragon	clangers,fakebit,reggae,soup dragon
https://chipmusic.org/Cangrejo/music/gravity-falls---crab-chiptune-pow!-theme-from-disney-cartoon	chiptune,crab,crab 2012,disney,gameboy,gravity falls,lsdj
https://chipmusic.org/Starpilot/music/becuz-love	gameboy,lsdj,psychedelic
https://chipmusic.org/Dr.+RemiX/music/monotonorail	chiptune,fakebit,monotonorail
https://chipmusic.org/PixeledToast/music/-cover-from-tally-hall	
https://chipmusic.org/PixeledToast/music/mission-start	famitracker,nes
https://chipmusic.org/NationalBroadcastNetwork/music/atomic	atari,atari2600,ataripunk,c64,chiptune,nes,punk
https://chipmusic.org/Dr.+RemiX/music/thrillobit-attacks	chiptune,fakebit
https://chipmusic.org/Jredd/music/funk-chunk-ym2612	funkl,jredd,rock,sega genesis,trevin hughes,vgmm
https://chipmusic.org/Cangrejo/music/zombie-sweet-home---crab	cangrejo,crab,gameboy,lsdj,zombie
https://chipmusic.org/ocean+palace/music/fifteen-warriors-in-a-hallway-feat-guardia	fakebit
https://chipmusic.org/MilLs+Dj/music/mills-dj---spaz-attack	mills dj spaz attack
https://chipmusic.org/Jansaw/music/creep-ym2612	
https://chipmusic.org/Axilion/music/continents	
https://chipmusic.org/Axilion/music/massacre	
https://chipmusic.org/Jansaw/music/black-metal	lsdj
https://chipmusic.org/garageband_chiptunes/music/face-to-face-chip-remix	daft punk,fakebit,garageband
https://chipmusic.org/garageband_chiptunes/music/harder-better-faster-stronger-8-bits-remix	daft punk,fakebit,garageband
https://chipmusic.org/Beavisiq-13/music/yiruma---river-flows-in-you-cover-mix	chiptune,nes,rivers flow in you,yiruma
https://chipmusic.org/Theta_Frost/music/red-gravel	dmg,frost,gravel,lsdj,milwaukee,red,theta
https://chipmusic.org/wailord/music/one-minute-of-dancing-quite-angrily	dance,famitracker,fds,nes
https://chipmusic.org/Glor/music/artmush-loop-it-up!	chiptune,games,glor,sunvox
https://chipmusic.org/garageband_chiptunes/music/high-life	daft punk,fakebit,garageband
https://chipmusic.org/WMD/music/canada-[chip-house]	chiphouse,chiphouse,fakebit,wmd
https://chipmusic.org/8-Bit+Vic/music/tori-]	chiptune,gameboy,lsdj
https://chipmusic.org/Jakim/music/scissorbrain	6ch,chiptune,fasttracker,nes
https://chipmusic.org/Laffe+the+Fox/music/laffe-the-fox---evening-of-the-undead-zombies-ate-my-neighbors-cover	album,bitpop,chip or treat,cover,evening of the undead,halloween,laffe the fox,remix,snes,zombies ate my neighbors
https://chipmusic.org/algar/music/crazy-frog-strikes-back!	chiptune,gameboy
https://chipmusic.org/Doxic/music/autumn-colors	chip,chiptune,doxic,famitracker,jazz,nes,original,vrc6,wacky
https://chipmusic.org/Switch-On/music/the-final-boss	amiga,c64,chiptune,sid
https://chipmusic.org/Switch-On/music/old-abandoned-cave	amiga,c64,chiptune,sid
https://chipmusic.org/Switch-On/music/stage-2-4	amiga,c64,chiptune,soundtrack
https://chipmusic.org/apocolypes666/music/machine-anarchy-part-two	amiga
https://chipmusic.org/apocolypes666/music/machine-anarchy	amiga
https://chipmusic.org/Kommisar/music/afro-beam-feat-stone-mcknuckle	
https://chipmusic.org/spOOked/music/indiaton	chiptune,gameboy,lsdj,nes
https://chipmusic.org/glitchbird/music/willow	
https://chipmusic.org/Labandadegatos/music/chucho-diablo!---la-banda-de-gatos	kill,kill,kill,kill,kill,kill,kill,kill,kill,kill,kill,kill,kill,kill,kill,kill,kill,kill,kill,kill,kill,kill,kill,kill,kill
https://chipmusic.org/garageband_chiptunes/music/superheroes-chiptune-remix	chiptune,daft punk,fakebit
https://chipmusic.org/yesyesohgodyes/music/victoria-1xlsdj	chiptune,gameboy,lsdj
https://chipmusic.org/Cangrejo/music/noise-kiss---crab-renoise	crab 2012,noise,noise kiss
https://chipmusic.org/sombreronegro/music/909090!!!	chipstep chiptune lsdj
https://chipmusic.org/Soleviio/music/the-boy-who-fought-the-lightning	chiptune,gameboy,lsdj
https://chipmusic.org/bryface/music/brains-and-scotch	lsdj
https://chipmusic.org/eme7h/music/manson-wip	chiptune,gameboy,lsdj
https://chipmusic.org/raptorface/music/morphogenesis	8bit,chipmusic,chiptune,fakebit,flstudio,raptorface
https://chipmusic.org/Beavisiq-13/music/dethklok---comet-song-last-super-solo	8bit,cover,metal
https://chipmusic.org/BEASTMODE/music/paradigm	gameboy,lsdj
https://chipmusic.org/F0XYr4bB%21T/music/f0xyr4bb!t---layers	glitch electro hard heavy 8bit chiplolduh
https://chipmusic.org/Dreaming+In+Pixels/music/a-is-for-jump	amiga,c64,chiptune,fakebit,gameboy,lsdj,nanoloop,nes
https://chipmusic.org/apocolypes666/music/black-holes	amiga
https://chipmusic.org/Beavisiq-13/music/pirates-of-skyrim	chiptune,nes,pyrates,skyrim
https://chipmusic.org/Zelkedo/music/an-unhealthy-obsession	chiptune,gameboy,lsdj,zelkedo
https://chipmusic.org/wailord/music/thanks	famitracker,nes
https://chipmusic.org/fuxter/music/enter-the-chiptune-the-bree-gadah-feat-fuxter	
https://chipmusic.org/Skycstls/music/always	
https://chipmusic.org/Laffe+the+Fox/music/laffe-the-fox---gillwings-christmas-christmas-nights-cover	bitpop,chip music,christmas nights,fakebit,gillwings christmas,laffe the fox,nintendo,remix,sega,the christmas album
https://chipmusic.org/Heinz91/music/ehidk	crap,dum,gameboy color,lsdj,somedayillgetanothercartandmakebettermusic,unce
https://chipmusic.org/gsmith/music/polypathy	fakebit
https://chipmusic.org/FishHookPunk/music/bubble-bobble-remix-ska-chip-punk	8bit,chiptune,electronic,experimental,indie,punk,rock,ska
https://chipmusic.org/mikesquarepants/music/hallowave	chiptune,emulator,famicom,famitracker,halloween,mikesquarepants,nes,nintendo,tracker
https://chipmusic.org/Skycstls/music/vengaboys---boom-boom-skycstls-remix	
https://chipmusic.org/Goughy/music/when-beating-the-game	chiptune,fakebit,lsdj,ndsl
https://chipmusic.org/apocolypes666/music/dreamscape-part-20	amiga
https://chipmusic.org/apocolypes666/music/dreamscape-part-19	amiga
https://chipmusic.org/apocolypes666/music/dreamscape-part-18	amiga
https://chipmusic.org/apocolypes666/music/dreamscape-part-17	amiga
https://chipmusic.org/apocolypes666/music/dreamscape-part-16	amiga
https://chipmusic.org/apocolypes666/music/dreamscape-part-15	amiga
https://chipmusic.org/apocolypes666/music/dreamscape-part-14	amiga
https://chipmusic.org/apocolypes666/music/dreamscape-part-13	amiga
https://chipmusic.org/apocolypes666/music/dreamscape-part-12	amiga
https://chipmusic.org/apocolypes666/music/dreamscape-part-11	amiga
https://chipmusic.org/Terbografx/music/freckles-my-first-milkytracker-song!	chiptune,milkytracker
https://chipmusic.org/awesomeforce/music/ishmael---demo	ableton,bass,chiptune,dnb,drum,fakebit,gameboy,live,lsdj
https://chipmusic.org/creaminall/music/midnight-in-barcelona	chiptune,gameboy,nanoloop
https://chipmusic.org/advena/music/we-are-living-in-a-simulation	
https://chipmusic.org/nonfinite/music/eclipse-note!-snare-rush-mix	lsdj dmg note nonfinite
https://chipmusic.org/lastfuture/music/upgrading-mr-bleepington	chiptune,gameboy,nanoloop,reaper
https://chipmusic.org/Goughy/music/when-do-i-get-time	chiptuneish,ds lite,fakebitish,idk,lsdj
https://chipmusic.org/Nappi/music/chip-32	nes,vrc6
https://chipmusic.org/apocolypes666/music/dreamscape-part-ten	
https://chipmusic.org/apocolypes666/music/dreamscape-part-nine	
https://chipmusic.org/apocolypes666/music/dreamscape-part-eight	amiga
https://chipmusic.org/apocolypes666/music/dreamscape-part-seven	amiga
https://chipmusic.org/apocolypes666/music/dreamscape-part-six	amiga
https://chipmusic.org/apocolypes666/music/dreamscape-part-five	
https://chipmusic.org/apocolypes666/music/dreamscape-part-four	amiga
https://chipmusic.org/Ultrasyd/music/--!-ste	atari gameboy yummy sushis chopsticks japan miniskirt
https://chipmusic.org/apocolypes666/music/dreamscape-part-three	amiga
https://chipmusic.org/apocolypes666/music/dreamscape-part-two	amiga
https://chipmusic.org/apocolypes666/music/dreamscape-part-one	amiga
https://chipmusic.org/Puertor+Stache/music/lets-save-and-go-to-sleepfor-now-were-alright	chiptune,gameboy,nes
https://chipmusic.org/Dr+Treble/music/what-have-i-done	chiptune,gameboy,lsdj
https://chipmusic.org/fluidvolt/music/show-me-the-ropes!-yoshis-island-sf2	album,fakebit,island,razzmatazz,snes,soundfont,tribute,ubiktune,yoshis
https://chipmusic.org/Klamm/music/spirited-away	chiptune,klamm,spirited away
https://chipmusic.org/ocean+palace/music/trials-of-the-divine	fakebit
https://chipmusic.org/MilLs+Dj/music/mills-dj---beat-bot	mills dj beat bot little sound
https://chipmusic.org/Kremland/music/one-last-request	awesome,chiptune,gameboy,lsdj,prosound
https://chipmusic.org/shiroshii/music/cellovec	gameboy,lsdj
https://chipmusic.org/Duck+Boy/music/duck-ghost	chile,chiptune,cover,duck boy,fakebit,remix,the unicorns
https://chipmusic.org/daisy/music/sad-faces-of-hungry-animals	chiptune,famitracker,nes,rondo
https://chipmusic.org/Puertor+Stache/music/living-in-podunk	chiptune,gameboy,nes
https://chipmusic.org/Battle+Lava/music/little-spoon-demo	chipsounds,fakebit,vst
https://chipmusic.org/mikesquarepants/music/uniflux	chiptune,emulator,lsdj,mikesquarepants,uniflux,vba
https://chipmusic.org/Nonederstand/music/lost	chiptune,dmg,gameboy,lsdj,space
https://chipmusic.org/DangerCaptainDanger/music/mutton-chop-kid	chiptune,dance,gameboy,happy,lsdj
https://chipmusic.org/F0XYr4bB%21T/music/f0xyr4bb!t---nostalgic-sex	glitch glitched 8bit 8bit electro dirty funky funk nostalgic navi zelda link all dat shit idek
https://chipmusic.org/8bitDAD/music/on-tunnel	chiptune,gameboy,lsdj
https://chipmusic.org/8bitDAD/music/aviators	chiptune,gameboy,lsdj
https://chipmusic.org/wailord/music/angry-at-parents	nes,omg,thanks,thanks alot
https://chipmusic.org/Cangrejo/music/g-h-o-s-t-b-u-s-t-e-r-s-!	crab 2012,gameboy,ghostbusters,lsdj
https://chipmusic.org/Saskrotch/music/sasklok---laser-cannon-deth-sentence-instrumental	dethkrotch
https://chipmusic.org/Acid/music/wtf-in-progress-d	c64,chiptune
https://chipmusic.org/plants%3Ehumans/music/shadow-lurker	8bit,bullshit,chiptune,epic,fakebit,flstudio9,ghouls,halloween,horrorchip,spookbit
https://chipmusic.org/Rock+Kandy/music/korem00mbah	
https://chipmusic.org/mikesquarepants/music/diving-robots	chiptune,diving,emulator,gambatte,lsdj,mikesquarepants,robots
https://chipmusic.org/Laffe+the+Fox/music/laffe-the-fox---run-rambi!-run!-donkey-kong-country-2	bitpop,chiptune,david wise,donkey kong country 2,gameboy,laffe the fox,nes,remix,run rambi run,snes,super nintendo
https://chipmusic.org/eme7h/music/chronophage	chiptune,dubstep,gameboy,lsdj
https://chipmusic.org/severeTstormer/music/dunce-dance	ambient,awesomeness,bass,chipstep,chiptune,dance,dunce,electro,epic,funk,house,kubbi,party,severetstormer,solo
https://chipmusic.org/severeTstormer/music/kubbi---snuff-severetstormer-remix	better,chiptune,duh,fakebit,half,kubbi,pirate,poo poo platter,pulse,square,the second,voyage,win
https://chipmusic.org/severeTstormer/music/womp	8bit,chip,chipstep,chipstep,chipstep,chipsteppp,core,fuck,lol,loudness,massive,remastered,step
https://chipmusic.org/severeTstormer/music/angry-birds-theme-cover	aaa,angry,angry birds,birds,chipstep,fakebit,game,severetstormer,theme,vgm,womp
https://chipmusic.org/severeTstormer/music/your-majety	amazing,awesome,chipstep,chiptune,dubstep,master,sevart,severetstormer,sick,step,tommy,womp,womp
https://chipmusic.org/severeTstormer/music/cutman--briggs---i-love-power-severetstormer-remix-competition	bbriggs,benjamin briggs,chipstep,chiptune,competition,dj cutman,fakebit,power,powerglove,remix
https://chipmusic.org/severeTstormer/music/mega-man-x-subterranean-base-cover	base,chip,chiptune,cover,man,mega,megamn,severetstormer,sub
https://chipmusic.org/severeTstormer/music/birthday-song	funky,jazz,mexico,piano,steel drum,trumpet
https://chipmusic.org/severeTstormer/music/rogue-industry-dubstep	bass,chipstep,dark,dubstep,evil,industry,massive
https://chipmusic.org/severeTstormer/music/gameboy-swagg-its-fakebit-dont-hate	amazing,awesome,channel,chipstep,chiptune,cool,core,fakebit,garageband,pulse,solo,sweet,wave
https://chipmusic.org/severeTstormer/music/severetstormer--realm-of-mind---bad-dreams-remake	apterous,bells,chipstep,chiptune,dubstep,fakebit,garageband,logic,logic pro,piano,realm of mind,vesa,vesku
https://chipmusic.org/severeTstormer/music/alley-cat	awesome,chiptune,fakebit,garageband,sevart,severetstormer,solo,solos,tommy
https://chipmusic.org/severeTstormer/music/electrik-karate-unmastered	chipstep,fakebit,scrub,scrubstep,severetstormer,step,swag
https://chipmusic.org/severeTstormer/music/chocolate-chip-rock	buddy,competition,fakebit,haha in your face,know,kubbi,lol,love,severetstormer,win,you,you
https://chipmusic.org/severeTstormer/music/mario-sick	awesome,bass
https://chipmusic.org/severeTstormer/music/learning-living-winning	awesome,chiptune,fakebit,garageband,sevart,severetstormer,solo,solos,tommy
https://chipmusic.org/severeTstormer/music/get-up-fall-down	ciptune,electro,fakebit,melody,sevart,severetstormer,soul,square,tommy
https://chipmusic.org/severeTstormer/music/marios-stinkin-funeral	bros,chip,dead,die,fakebit,funeral,graveyard,mario,mario,music,nes,raveyard,super
https://chipmusic.org/severeTstormer/music/icecream-truck-song2	icecream,icecreamtruck,remix,sevart,severetstormer,tommy,wierd
https://chipmusic.org/severeTstormer/music/icecream-truck-song	garageband,icecream,sevart,severetstormer,tommy
https://chipmusic.org/severeTstormer/music/i-forgot-techno	
https://chipmusic.org/severeTstormer/music/the-chip-train	fakebit techno garageband tommy sevart severetstormer
https://chipmusic.org/Volt+44/music/dime-and-a-half	chiptune,schism tracker,vocals
https://chipmusic.org/steal4ram/music/joker	90s,chipbass,chipmusic,chiptune,electronic,gameboy,gamemusic,happy,hardcore,lsdj,nintendo,oldschool
https://chipmusic.org/seanmonistat/music/hey-asshole-buy-my-lawnmower	chiptune,korg ds10,nintendo,nintendo ds
https://chipmusic.org/Skycstls/music/some-bleeps	
https://chipmusic.org/Acid/music/ghost-town-riddim-contest	chiptune
https://chipmusic.org/spOOked/music/x-flies-theme-lsdj	chiptune,gameboy,lsdj,nes
https://chipmusic.org/mikesquarepants/music/glimpse	chiptune,emulator,glimpse mikesquarepants,lsdj,vba
https://chipmusic.org/EarthwormJim/music/complexities	chords,dub,dubstep,lsdj,sub,synths
https://chipmusic.org/lastfuture/music/diamond-elephant	chiptune,gameboy,nanoloop,shuffle
https://chipmusic.org/Starpilot/music/censored-vlissingen-c64	c64,chiptune,trippy
https://chipmusic.org/NationalBroadcastNetwork/music/disco-train	atari,c64,chiptune,gameboy,nes
https://chipmusic.org/mikesquarepants/music/nevermind-me	chiptune,emulator,lsdj,mikesquarepants,nevermind,vba
https://chipmusic.org/Labandadegatos/music/besos---la-banda-de-gatos	cat
https://chipmusic.org/wailord/music/good-song	famitracker,good,nes
https://chipmusic.org/thebitman/music/appalachian-wanderer	lsdj
https://chipmusic.org/Acid/music/donkey-kong---disco-train-acidnb-remix	c64,chiptune
https://chipmusic.org/balloonbear/music/fear-factory-balloonbear-lsdj-remixxx	country,dmg01,donkey,donkeykongcountry,kong,lsdj,wobble,wobblebass
https://chipmusic.org/MilLs+Dj/music/mills-dj---rave-dreams	mills dj rave dreams little sound
https://chipmusic.org/Official_ZQMFBG/music/walking-down-a-pixelated-road---zqmfbg	chiptune,walking,zqmfbg
https://chipmusic.org/Jake+Allison/music/we-got-the-funk	chill,fun,funk,house,iphone,nanoloop
https://chipmusic.org/bschnur/music/down-at-the-duck-factory	chiptune,gameboy,lsdj
https://chipmusic.org/daisy/music/orchid	bebop,chiptune,famitracker,improvisation,jazz,nes
https://chipmusic.org/Pieces+of+Eight/music/land-air-and-sea-dkc3	chip country,dkc,dkc3,modplug
https://chipmusic.org/Laffe+the+Fox/music/laffe-the-fox---hot-head-bop-donkey-kong-country-2	bitpop,chiptune,david wise,donkey kong country 2,gameboy,hot head bop,laffe the fox,nes,remix,snes,super nintendo
https://chipmusic.org/x+Critical+strike+x/music/gangnam-style	chiptune,gameboy,gangnam style,psy
https://chipmusic.org/Breezesquad_/music/wake-up-and-smell-the-battery-acid-edit	
https://chipmusic.org/External/music/bitfare	chiptune,gameboy,lsdj
https://chipmusic.org/Cooshinator/music/passing-by-[2xlsdj]	chiptune,gameboy,lsdj
https://chipmusic.org/skyhaunt/music/ghost-night-festival	lsdj gameboy chiptune
https://chipmusic.org/SketchMan3/music/no-i-cannot-break-this	8bit,brk,chiptune,dubstep,gameboy,lsdj,sample,scratch,turntable
https://chipmusic.org/ParallaxMoon/music/the-barber	64bit
https://chipmusic.org/Zeropass/music/bound-to-nothing	chiptune,fakebit
https://chipmusic.org/fluidvolt/music/canopys-chill-snes	impressionism,n64,reflections,snes,synth,wholetone
https://chipmusic.org/Jansaw/music/lab-hours-ym2610-deflemask	deflemask,genesis,jansaw,sega,ym2610
https://chipmusic.org/toroxciso/music/take-me-to-the-stars	chiptune,gameboy,lsdj
https://chipmusic.org/Direktor/music/der-direktor---a-years-supply-of-liquorice	lsdj
https://chipmusic.org/Acid/music/i-remember-the-pixels-deadma5--kaskade-i-remeber-acidnb-8bit-remix	c64,chiptune
https://chipmusic.org/spOOked/music/panromantic-bathouse	amiga,c64,chiptune,fakebit,gameboy,lsdj,nes
https://chipmusic.org/Sax+Appeal/music/troll-toll	gameboy,lsdj
https://chipmusic.org/.exe/music/viral-corrupt	lsdj
https://chipmusic.org/robcouk/music/kraftwerk---tribal-gathering-rave-mix	lsdj chiptune gameboy kraftwerk tribal gathering
https://chipmusic.org/ChasingBleeps/music/aerolite	chasingbleeps,chiptune,craig mitchell,fakebit,nano,radicalpresident,scotland
https://chipmusic.org/The+VIRUS+Empire/music/proximity-defense	empire,lsdj,the,virus
https://chipmusic.org/MilLs+Dj/music/mills-dj---roboticz	roboticz robotics mills dj lsdj chiptune little sound
https://chipmusic.org/hutsvoid/music/on-the-	lsdj game
https://chipmusic.org/mikesquarepants/music/parampa-yeay!	chiptune,emulator,lsdj,mikesquarepants,parampa,vba,yeay
https://chipmusic.org/ocean+palace/music/caterclysm-feat-d!skord3rly-0duc7	fakebit
https://chipmusic.org/SketchMan3/music/brittle	8bit,bgb,chiptune,fragile,gameboy,happy,ice,light,lsdj,snow,upbeat,winter
https://chipmusic.org/mepufw/music/goatranceds10	goa,techno,trance
https://chipmusic.org/bschnur/music/down-at-the-duck-factory-recording-issues-mostly-resolved	chiptune,gameboy,lsdj
https://chipmusic.org/MilLs+Dj/music/mills-dj---gangnam-style	gangnam style lsdj chiptune mills dj little sound
https://chipmusic.org/budmelvin/music/last-blipfest	fakebit,ididitforthelulz
https://chipmusic.org/wailord/music/best-chiptune-of-the-year-award-2012	cremation,dubstep
https://chipmusic.org/balloonbear/music/knife-city---slam-dunk-lifestyle-balloonbear-remix	chipbass,chipstep,city,dg01,dunk,electro,house,knife,knifecity,lifestyle,lsdj,slam,slamdunklifestyle,wobble
https://chipmusic.org/Glor/music/space-adventure-begins	chiptune,sunvox
https://chipmusic.org/Zimbolt/music/built-to-battle	amiga,c64,chiptune,fakebit,gameboy,lsdj,nanoloop,nes
https://chipmusic.org/Solarbear/music/how-to-properly-use-a-semicolon	bluegrass,chiptune,gameboy,lsdj,properly,semicolon,solarbear
https://chipmusic.org/Cangrejo/music/triple-baka!---crab-vocaloid-cover	chiptune,gameboy,lsdj
https://chipmusic.org/Jakim/music/laplace-transform	c64,classic,fasttracker,harsh,sid
https://chipmusic.org/Skip+Sandwich/music/ate-static	
https://chipmusic.org/External/music/bitcrush	chiptune,gameboy,lsdj
https://chipmusic.org/bilify/music/sinyahrita	current events,entertainment,good music,hip hop,life,news,rap,soul,world wide
https://chipmusic.org/bilify/music/the-plan	current events,entertainment,good music,hip hop,life,news,rap,soul,world wide
https://chipmusic.org/bilify/music/dear-winter	current events,entertainment,good music,hip hop,life,news,rap,soul,world wide
https://chipmusic.org/bilify/music/hard-living	current events,entertainment,good music,hip hop,life,news,rap,soul,world wide
https://chipmusic.org/bilify/music/gifted	current events,entertainment,good music,hip hop,life,news,rap,soul,world wide
https://chipmusic.org/bilify/music/audio	current events,entertainment,good music,hip hop,life,news,rap,soul,world wide
https://chipmusic.org/bilify/music/how-can-i	current events,entertainment,good music,hip hop,life,news,rap,soul,world wide
https://chipmusic.org/bilify/music/hill-top-oak-tech	current events,entertainment,good music,hip hop,life,news,rap,soul,world wide
https://chipmusic.org/bilify/music/many-places	current events,entertainment,good music,hip hop,life,news,rap,soul,world wide
https://chipmusic.org/bilify/music/aunt-net	current events,entertainment,good music,hip hop,life,news,rap,soul,world wide
https://chipmusic.org/bilify/music/buck-em-down	current events,entertainment,good music,hip hop,life,news,rap,soul,world wide
https://chipmusic.org/bilify/music/i-be-on-my-chill-st	current events,entertainment,good music,hip hop,life,news,rap,soul,world wide
https://chipmusic.org/bilify/music/shake-yah-poon-poon	current events,entertainment,good music,hip hop,life,news,rap,soul,world wide
https://chipmusic.org/bilify/music/da-villecoatesville	current events,entertainment,good music,hip hop,life,news,rap,soul,world wide
https://chipmusic.org/bilify/music/changes	
https://chipmusic.org/bilify/music/another-day-another-dollar	
https://chipmusic.org/bilify/music/the-venture	current events,entertainment,good music,hip hop,life,news,rap,soul,world wide
https://chipmusic.org/SketchMan3/music/whirly	bgb,dance,gameboy,lsdj
https://chipmusic.org/ShintarouMusic/music/we-fought-slimes	chippytunes
https://chipmusic.org/plants%3Ehumans/music/only-at-night	8bit,bitpop,chiptune,dance,flstudio,nes,night,pop
https://chipmusic.org/PinWizz/music/[atari-pokey]-pop-news	atari,atari 8bit,pokey
https://chipmusic.org/A%2C+B%2C+Up%2C+Start%21/music/id-fight-1000-zombies-for-you-nintendocore	chiptune,gameboy,hardcore,lsdj,nintendocore,rock
https://chipmusic.org/pgil/music/papaya	milky tracker,mod
https://chipmusic.org/pgil/music/the-sad-monkey	4 channel,milky tracker,mod
https://chipmusic.org/hutsvoid/music/midnight-jazzy-jam--lsdj-squarelead	lsdj jazz experiment live jamming
https://chipmusic.org/Jredd/music/beyond	jredd,metal,rock,sega genesis,trevin hughes,vgmm
https://chipmusic.org/mikesquarepants/music/files	chiptune,emulator,files,lsdj,mikesquarepants,vba
https://chipmusic.org/Hide+Your+Tigers/music/shoots-den-braddah	lsdj gameboy hideyourtigers original reggae jams
https://chipmusic.org/Starpilot/music/sexpants	chiptune,fakebit,psychedelic,renoise,trippy
https://chipmusic.org/ocean+palace/music/the-battle-of-atlantis	fakebit
https://chipmusic.org/NationalBroadcastNetwork/music/our-eyes-will-become-lasers	atari,atari2600,c64,chiptune,gameboy,nes,plogue
https://chipmusic.org/cr33P0ch/music/untitled	2xlsdj,chiptune,doombit,dronebit,gameboy,lsdj
https://chipmusic.org/LouisG/music/reckless-system-master-system-game-gear	chiptune,funk,game gear,mark iii,master system,sega,square wave
https://chipmusic.org/mikesquarepants/music/sparks-on-a-lonely-night	chiptune,emulator,lsdj,vba
https://chipmusic.org/kymaz/music/gyarados	chipstep,chiptune,gameboy,gyarados,kymaz,lazer,lsdj
https://chipmusic.org/bschnur/music/down-at-the-duck-factory-incomplete---recording-quality-issues	lsdj gameboy recording quality troubleshooting
https://chipmusic.org/electricloverecords/music/fungroove-by-kahuna	
https://chipmusic.org/MarkMorbidity/music/8-bit-sht-dream-2year-old-song	lsdj
https://chipmusic.org/defiantsystems/music/thought-crime	defiant systems,dnb,drum and bass,gameboy,jawn,lsdj,mad waves,philadelphia,thought crime
https://chipmusic.org/Zelkedo/music/porter-robinson---unison-knife-party-remix-zelkedo	chiptune,dmg,gameboy,lsdj,porterrobinson,unison,zelkedo
https://chipmusic.org/wailord/music/im-trying-to-make-dance-music-but-its-not-working	i dunno
https://chipmusic.org/ocean+palace/music/a-wizards-triumph	fakebit
https://chipmusic.org/.exe/music/neverbeast	
https://chipmusic.org/Acid/music/acidnb---critical-sunrise	c64,chiptune
https://chipmusic.org/bubu/music/we-are-[clip]	bubu8bit we are electro
https://chipmusic.org/Jredd/music/transcend	chiptune,mega drive,sega genesis,tracker,transcend,trevin hughes,vgmm
https://chipmusic.org/pgil/music/midland	milky tracker
https://chipmusic.org/BenCarignan/music/bach-no-senritsu-wo-yoru-ni-kiitasei-desu	chiptune,electronica,gameboy,japanese,jpop,lsdj,vocal
https://chipmusic.org/ziggypiggy/music/first-dmg-track	
https://chipmusic.org/SketchMan3/music/bububub	basic,fakebit,joke,lol,minimal,pulseboy,simple
https://chipmusic.org/deepearthvoid/music/neutralizer	chrance,lsdj,seattle
https://chipmusic.org/The_Ellipses/music/dont-think-breath	amiga
https://chipmusic.org/Jesse/music/castle-helix	fakebit halloween castle
https://chipmusic.org/kraettz/music/dance-with-my-game-boy	
https://chipmusic.org/ocean+palace/music/within-the-black-sanctum	fakebit
https://chipmusic.org/wailord/music/walking-and-its-happy-everyones-happy	genius,happy,one instrument music,thank you very much,vrc7
https://chipmusic.org/Mute+Hero/music/lost-in-twilight-cavern-karts--gours	ambient,cave,chiptune,ff9,ice cave,minecraft,mute hero,nes,twilight,zeldaoot
https://chipmusic.org/Skycstls/music/eiffel-65---blue-stephen-hawkings-having-sex-cover	
https://chipmusic.org/collin/music/dont-talk-sht-about-skrillex	amiga,c64,chiptune,fakebit,gameboy,lsdj,nanoloop,nes
https://chipmusic.org/YERZMYEY/music/fifteen-colours-ym-ay-chip	chiptune,crapbert,game,interface,platform,spectrum,yerzmyey,zbylut
https://chipmusic.org/hutsvoid/music/press-all-buttons!	chiptune lgpt gp2x
https://chipmusic.org/steal4ram/music/life-or-something-like-it	90s,chipbass,chipmusic,chiptune,electronic,gameboy,gamemusic,happy,hardcore,lsdj,nintendo,oldschool
https://chipmusic.org/turtlesaur/music/nanoloop-25-mixxx	chiptune,gameboy advance,nanoloop
https://chipmusic.org/Jesse/music/-the-volcano	fakebit bacon waffles volcano
https://chipmusic.org/Laffe+the+Fox/music/sonic-the-hedgehog-2---sky-chase-zone-laffe-the-fox-remix	bitpop,chiptune,fakebit,gameboy,laffe the fox,masato nakamura,nes,nintendo,remix,sega,sonic,sonic the hedgehog 2
https://chipmusic.org/Spore/music/hope	chiptune,gameboy,lsdj
https://chipmusic.org/Jakim/music/asbestos-factory	c64,funk,funky,goattracker,groove,jazzy,riverwash,sid
https://chipmusic.org/Shadow-Bit/music/who-we-are	lsdj
https://chipmusic.org/wailord/music/i-was-going-to-make-an-album-last-night-but-modplug-broke-and-this-is-all-i-have	brakbeat,dubstep,jass,jazz,parents,sould
https://chipmusic.org/om/music/antifilter	buzz heavy tracker om techno
https://chipmusic.org/Kubbi/music/indolence	8bit,bit,chip,chipmusic,chiptune,circuithead,electronic,idm,kubbi,progressive,psychedelic,sleet,transmittance
https://chipmusic.org/L4MEB0Y%21/music/sometimes-i-think-about-you	chiptune,famitracker,lameboy,nes
https://chipmusic.org/DigiBit/music/dreams-of-a-adventurer	adventurer,chiptune,dreams,gameboy,nes
https://chipmusic.org/GraveyardHour/music/my-beloved-3-dog	chiptune,gameboy,lsdj
https://chipmusic.org/Breakbeat+Heartbeat/music/in-the-trees	chiptune,fakebit
https://chipmusic.org/baud.r/music/how-to-beat-a-squid-at-chess	chiptune,gameboy,lsdj
https://chipmusic.org/Doxic/music/dry-cereal	cerea,chip,chiptune,dry,famitracker,l doxic,nes,original,vrc6,wacky
https://chipmusic.org/L4MEB0Y%21/music/busy-day-[mk2]	chiptune,famitracker,lameboy,nes
https://chipmusic.org/L4MEB0Y%21/music/busy-day	chiptune,famitracker,lameboy,nes
https://chipmusic.org/Kola+Kid/music/kola-kid---last-night	
https://chipmusic.org/AceMan/music/arrrr!ghwblwubwubwub	ahx,amiga,chipstep,chiptune,demoscene,dubstep,idonthaveadogbuthedprobablylikethis,pirate,wecan,wubwubuwub
https://chipmusic.org/L4MEB0Y%21/music/jump!	chiptune,famitracker,lameboy,nes
https://chipmusic.org/boaconstructor/music/lets-get-stupid	chipbass,electro,gameboy,house,lsdj
https://chipmusic.org/Xuriik/music/clockwork-temple	chiptune,loop,module,nds,nitrotracker,simple,vocal samples
https://chipmusic.org/L4MEB0Y%21/music/hide-now!	chiptune,gameboy,lsdj
https://chipmusic.org/Jakim/music/whatever-it-means	8bit,cheesy,chip,chiptune,funky,vivid
https://chipmusic.org/fluidvolt/music/sketches-of-a-moonlit-glade-snes	ambient,debussy,impressionism,snes,whole tone
https://chipmusic.org/SubWooferSpecial/music/storm-blooper---bulletproof	cover,gameboy,la roux,lsdj
https://chipmusic.org/Duck+Boy/music/ducks-from-outer-space	chiptune duck boy 8bit electronic chile
https://chipmusic.org/toroxciso/music/25-reasons-not-to-marry-dk-rough-cut---bitstep	chiptune,donkey kong,gameboy,lsdj
https://chipmusic.org/cr33P0ch/music/belladonna	2xlsdj,chiptune,doombit,gameboy,lsdj
https://chipmusic.org/venoSci/music/rising!	breakcore,chiptune,gameboy,lsdj
https://chipmusic.org/KidULTCalcium/music/atesta_mix_one---milkytracker	calcium,chiptune,cult,gameboy,kidult,kidultcalcium,kult,lsdj,milk,milky,milkytracker,mimtembo,nes,tracker
https://chipmusic.org/Bynary+Fission/music/flight-of-the-black-raven	chiptune 8 bit nes bynary fission flight of the black raven prog progressive famitracker
https://chipmusic.org/balloonbear/music/example--changed-the-way-you-kiss-me-balloonbear-8bit-arrange	8bit,ableton,balloonbear,chiptune,example,lsdj,vocals,wobblebass,wobblw
https://chipmusic.org/raptorface/music/orion	chiptune,fakebit
https://chipmusic.org/Jakim/music/top-hat-ingame-6	chip,chiptune,fasttracker,modplug,soundtrack
https://chipmusic.org/Sax+Appeal/music/night-drug	chiptune,gameboy,lsdj
https://chipmusic.org/ChasingBleeps/music/meteor-shower	chasingbleeps,chiptune,craig mitchell,fakebit,nano,radicalpresident,scotland
https://chipmusic.org/Bunnymajs/music/when-the-game-is-over	amiga,c64,chiptune,fakebit,gameboy,lsdj,nanoloop,nes
https://chipmusic.org/wailord/music/i-dun-wanna-b-alive	dubstep
https://chipmusic.org/DJ+Hollow+Life/music/melody-inside-a-psychics-mind	dsi,gameboy,warioware diy
https://chipmusic.org/Jredd/music/mystical-rush	collab,cosmo buggi,groovemaster303,jredd,mystical rush,sega genesis,trevin hughes,vgmm
https://chipmusic.org/Dr+Treble/music/ponponpon-kyarypamyupamyu-cover	chiptune,gameboy,kpop,lsdj
https://chipmusic.org/Skycstls/music/demo01-first-complex-song-cc!	lsdj
https://chipmusic.org/Saneko/music/uncertainty	chiptune,experimental,fakebit,idm,wip
https://chipmusic.org/av/music/wink	gameboy,kp3,lsdj
https://chipmusic.org/cris2600/music/through-the-tires-and-the-frame	game boy,guitar,lsdj,rock,ska,vocals
https://chipmusic.org/Laffe+the+Fox/music/ending-remix	chiptune,ending theme,fakebit,gameboy,laffe the fox,remix,sonic the hedgehog 2
https://chipmusic.org/MilLs+Dj/music/mills-dj---unstable-deprivation	millsdj mills dj chiptune lsdj unstable deprivation
https://chipmusic.org/MilLs+Dj/music/mills-dj---love-chase	millsdj mills dj lsdj chiptune love chase
https://chipmusic.org/MilLs+Dj/music/mills-dj---desperately-destructive	mills dj millsdj lsdj chiptune desperately destructive
https://chipmusic.org/MilLs+Dj/music/mills-dj---whats-new-scooby-doo	millsdj mills dj lsdj chiptune whats new scooby doo
https://chipmusic.org/MilLs+Dj/music/mills-dj---party-hard	mills mdj lsdj chiptune party hard
https://chipmusic.org/basspuddle/music/fun-with-noise	crunch,fun,glitch
https://chipmusic.org/ok3anos/music/dzwonek-swobody-the-wind-of-liberty	amiga,chiptune,demoscene,okeanos
https://chipmusic.org/Groovemaster303/music/sega-funk-zone	dac,fm synthesis,genesis,groovemaster303,psg,sega megadrive,vgm music maker 16bit,ym2612
https://chipmusic.org/Kola+Kid/music/kola-kid---like-a-robot	
https://chipmusic.org/Kola+Kid/music/kola-kid---spaceman	
https://chipmusic.org/ABSRDST/music/space-time-continuum-off-my-next-album	chiptune,fakebit,genesis
https://chipmusic.org/ok3anos/music/oo-no-l0ve!-oo	amiga,chiptune
https://chipmusic.org/d0us/music/shup	atari st musicmon
https://chipmusic.org/Starpilot/music/starspangled-sweatpants---4am-divine-lsdj	chiptune,dub,gameboy,lsdj,trippy,weird
https://chipmusic.org/Doxic/music/northern-lights	chill,chiptune,doxic,famitracker 2a03 n163,jazz,nes,original
https://chipmusic.org/Jredd/music/sapphire-bay	chiptune,mega drive,sapphire bay,sega genesis,tracker,trevin hughes,vgmm
https://chipmusic.org/shanebro/music/the-sky-is-ours	chiptune,gameboy,lsdj,shanebro
https://chipmusic.org/Wheely/music/this-aint-no-jazz!	heavy,ploque
https://chipmusic.org/Starpilot/music/deafening-divide	chipgaze,chiptune,electro,electrogazer,fakebit,renoise,shoegaze,trippy
https://chipmusic.org/CloudSpires/music/meadow	cloud spires two flowers meadow
https://chipmusic.org/xombie/music/skeleton-ocean	lsdj,ocean,skeleton,xombie
https://chipmusic.org/Rynnon/music/imps!!!-ver-2-cleaned-up	pooboy,ymvst
https://chipmusic.org/spOOked/music/black-hole-lsdj	chiptune,gameboy,lsdj,nanoloop,nes
https://chipmusic.org/awesomeforce/music/standing-on-the-shoulders-of-giants	
https://chipmusic.org/Kola+Kid/music/kola-kid---purple-drank	
https://chipmusic.org/Kubbi/music/bright-matter	8 bit,chipmusic,chipshit,chipsounds,chiptune,fakebit,kubbi,magical8bit,renoise,tracker,vgm
https://chipmusic.org/Rynnon/music/johns-super-duper-show	ableton,bitboy,pooboy
https://chipmusic.org/dsv101/music/danceman	dance,fun,hippie,lsdj,unce,yey
https://chipmusic.org/MusicgamerX/music/dimitrir---dream-dnb-version	dimitrir  dream dnb version
https://chipmusic.org/Duck+Boy/music/duck-eating-eskimo-pie	8bit,chipmusic,chiptune,duck boy
https://chipmusic.org/Kola+Kid/music/kola-kid---cant-hide-your-love	breakcore
https://chipmusic.org/Kittenrock/music/[kr064]---porno-uzi---wobblestan-or-chipland-part-1	ds10
https://chipmusic.org/stancoolness/music/the-stancoolness-song	chiptune,famicom,famitracker,mmc5,nes,nintendo,song,stan,stancoolness,stancoolness song,stan song
https://chipmusic.org/Monotron/music/goodbye-and-farewell	ambient,chill,folk,gameboy,lsdj,monotron,orchestral,piano,soft
https://chipmusic.org/NationalBroadcastNetwork/music/atom-benders-place	atari2600,ataripunk,bitpunk,c64,chiptune,gameboy,nes
https://chipmusic.org/alex_mauer/music/turning-forever	2a03,chiptune,iimusic,nes,nsf,pause
https://chipmusic.org/jugbitz/music/rayzah	chiptune,gameboy,jugbitz,tekno
https://chipmusic.org/jugbitz/music/drurop	chiptune,dubstep,gameboy,jugbitz,wobble
https://chipmusic.org/jugbitz/music/walna	chiptune,gameboy,jugbitz,tekno
https://chipmusic.org/El_Favorito/music/el-favorito---bmb	bmb,chiptune,favorito,korg,plus
https://chipmusic.org/turtlesaur/music/tales-from-davey-jones-locker-nl-25	chiptune,gameboy,nanoloop
https://chipmusic.org/Laffe+the+Fox/music/labyrinth-zone-remix	bitpop,fakebit,gameboy,nes,sonic
https://chipmusic.org/Jakim/music/top-hat-ingame-1	chip,chiptune,fasttracker,modplug,soundtrack
https://chipmusic.org/Faking+Amnesia/music/so-soon	chiptune,gameboy,lsdj
https://chipmusic.org/Rynnon/music/imps!!!	ableton live,fakebit,pooboy,triforce
https://chipmusic.org/Cartoon+Bomb/music/duffy-flight-wip	band,chiptune,drums,gameboy,guitar,lsdj
https://chipmusic.org/Kubbi/music/toaster	chiptune,electro,fakebit,swing
https://chipmusic.org/Pieces+of+Eight/music/trisqularinine-chromatherapy-live	chiptune,clarinet,electric acoustic,live
https://chipmusic.org/Kubbi/music/cronos	chiptune,fakebit
https://chipmusic.org/ok3anos/music/fish-land	amiga,chiptune,demoscene,okeanos
https://chipmusic.org/BITYOURBITCH/music/massivekontrol---the-first-lsdj-cover	bass,breakbit,dubstep,lsdj,massivekontrol
https://chipmusic.org/240p/music/my-hero-8-bit-cover	chiptune,gameboy,lsdj
https://chipmusic.org/ovenrake/music/pizzacat	lgpt
https://chipmusic.org/Mute+Hero/music/npcs-are-my-only-friends	ambient,boss kicks,c64,chiptune,glitchy,nes,npc,reverb
https://chipmusic.org/MC+Jimmy/music/everyday-it-rains	8bit,famitracker,happy,n163,nes,rain,sun
https://chipmusic.org/Doxic/music/solar-flare-v2	chiptune,doxic,famitracker 2a03 n163,nes,original
https://chipmusic.org/ok3anos/music/cpu-extermination---game-boy--nsf	gameboy
https://chipmusic.org/LONELY+TUNES/music/weezer---buddy-holly-cover	chiptune,gameboy,lsdj
https://chipmusic.org/Victory+Road/music/we-fucking-win	2xdmg,i iv i iv i iv ad nauseum,lsdj,rcabacklit pencil case
https://chipmusic.org/Guardia/music/bokolyi	cat,gypsy,meow,milkytracker
https://chipmusic.org/BLiPtik/music/shot-in-the-dark	chipsounds,chiptune,cover,dope,gameboy,logic,lsdj,plogue,pro,remix
https://chipmusic.org/Dr+Treble/music/gee-snsd-cover	chiptune,gameboy,kpop,lsdj
https://chipmusic.org/Dr+Treble/music/gaia	chiptune,dance,gameboy,house,lsdj
https://chipmusic.org/GRaVITY2DX/music/beafraid	famitracker
https://chipmusic.org/The+Flying+Saucer+Men/music/dioxazine	
https://chipmusic.org/ok3anos/music/endless-runner	chiptune
https://chipmusic.org/ok3anos/music/like-an-e-bird	chiptuneokeanosnuance
https://chipmusic.org/spOOked/music/ice-disco-on-neptune-the-neptunian-uprising	amiga,chiptune,gameboy,lsdj,nanoloop,nes
https://chipmusic.org/bryface/music/seaport	lsdj
https://chipmusic.org/naddarvis69/music/matter-energy-conversion	chiptune,fakebit,nes
https://chipmusic.org/Unicorn+Dream+Attack/music/loomermy-bloody-valentine-cover	game boy,lsdj,my bloody valintine
https://chipmusic.org/OrangeCapsule/music/thegraveyard	8bit,8bit,chiptune,nes
https://chipmusic.org/OrangeCapsule/music/graynorange	
https://chipmusic.org/ninjaspew/music/maddest-kings-alive---dkslngr	
https://chipmusic.org/seanmonistat/music/ildiachas-atgtha-pts-1-2-3	chiptune,gameboy,lsdj
https://chipmusic.org/Cangrejo/music/mutants-on-the-beach---crab-chipstep	chipstep,chiptune,gameboy,lsdj,noise
https://chipmusic.org/YERZMYEY/music/nightmares	chiptune,demo,interface,nightmares,noice,spectrum,yerzmyey
https://chipmusic.org/onewhitenoise/music/brothers-a-werewolf!-ep-taster	erdhfhmgfd
https://chipmusic.org/skyhaunt/music/cosmos	chiptune,gameboy,lsdj
https://chipmusic.org/mop1001/music/what-is-happening-to-me-demo	gameboy,lsdj
https://chipmusic.org/Ripfox/music/lets-fight-together!	bleep,chiptune,gameboy,lsdj,modplug,square,tracker,upstereo
https://chipmusic.org/Kommisar/music/jill-sandwich-lsdj-funk-blast	chiptune,gameboy,lsdj
https://chipmusic.org/ok3anos/music/reggae-muffin	chiptune
https://chipmusic.org/MC+Jimmy/music/on-the-edge	8bit,famitracker,fds,mysterious,mystery,spook
https://chipmusic.org/ok3anos/music/my-head-is-a-balloon!	chiptune
https://chipmusic.org/HolyNegative0/music/carpe-diem	chiptune,iphone,nanoloop,yolol
https://chipmusic.org/Feryl/music/doubting-love-breaking-hearts	chiptune,famitracker,feryl
https://chipmusic.org/Merutochan/music/dance-fucer-dance!	chipelectro,chiptune,gameboy,lsdj,rave
https://chipmusic.org/SadPanda/music/gangrape-style-psy	fakebit
https://chipmusic.org/Xuriik/music/99-chavitos	brk,chk,dance,dis,gameboy,lsdj,tingle,unce,whatever,zelda
https://chipmusic.org/Guardia/music/the-titles	milkytracker,placerville
https://chipmusic.org/Kommisar/music/chocolate-river	
https://chipmusic.org/Radio+Giraffe/music/deleted-from-this-world	chiptune,gameboy,lsdj,only,song
https://chipmusic.org/ZAZI/music/ducks	
https://chipmusic.org/stancoolness/music/chillax	chill,chillax,chiptune,famicom,famitracker,nes,nintendo,relax,stan,stancoolness
https://chipmusic.org/NationalBroadcastNetwork/music/public-service-announcement	atari,atari2600,chiptune
https://chipmusic.org/HimsyPimsy/music/the-sad-dance	chiptune,lsdj
https://chipmusic.org/ocean+palace/music/rebels-of-ardan-featuring-guardia	fakebit
https://chipmusic.org/SadPanda/music/va-te-faire-voir	chipsounds,fakebit,glitch
https://chipmusic.org/Here+Between+You+Me/music/kids-and-scientists-rough-cut-2012---chiprock-bitwave-bitpop	bitpop,bitwave,chiprock
https://chipmusic.org/The+Flying+Saucer+Men/music/only-time	marbles
https://chipmusic.org/stancoolness/music/delta-monkey	8bit,chiptune,delta,delta monkey,famicom,famitracker,monkey,nes,nintendo,stan,stancoolness,theme,theme song
https://chipmusic.org/Mute+Hero/music/press-start	ambient,c64,chiptune,nes
https://chipmusic.org/eightbitrhombus/music/bio-force-ape	chiptune,gameboy,lsdj,nes
https://chipmusic.org/sleeping+arms/music/i-miss-holding-hands-with-you	1 bit,beepola
https://chipmusic.org/nyaaaamovois/music/cijetune	chiptune,nes,scene
https://chipmusic.org/steal4ram/music/ice	8bit 8bitpeoples chiptune chipmusic chipbeat old oldschool 90s 80s electronic game gameboy gamemusic,chipbass rave lsdj
https://chipmusic.org/BITYOURBITCH/music/love-you-like-a-love-song-selena-gomez-cover	selenagomez dance chiptune bityourbitch
https://chipmusic.org/BluSight/music/sanity	blusight,chiptune,experimental,gameboy,groovy,lsdj,melancholia
https://chipmusic.org/Jredd/music/cosmic-pharoh-drone	experiment,gba,hypnotic,jredd,nanoloop,trevin hughes
https://chipmusic.org/ocean+palace/music/living-cats-featuring-pregnant-and-guardia	fakebit
https://chipmusic.org/DevilishGloomy/music/green-shell	8bit,chiptune,rock
https://chipmusic.org/DevilishGloomy/music/the-stones-also-have-hearts	8bit,chiptune,electronic,experimental,fakebit
https://chipmusic.org/basspuddle/music/sinking-sailboat	america,lsdj,rape vans,spanish people,turtles,wav
https://chipmusic.org/Dire+Hit/music/switchback-hi-everyone	chiptune,dubstep,electro,gameboy,lsdj
https://chipmusic.org/Kommisar/music/miyabi	
https://chipmusic.org/rasta_dan/music/this-actually-is-the-end	chiptune,fakebit,famitracker,nes
https://chipmusic.org/rasta_dan/music/rise	chiptune,fakebit,famitracker,nes
https://chipmusic.org/spOOked/music/fusion-lsdj-draft-mix	chiptune,gameboy,lsdj,nes
https://chipmusic.org/El_Favorito/music/el-favorito---viviendo-la-vida!!!!	8bit,chipmusic,favorito,korg ds 10plus,vida,viviendo
https://chipmusic.org/Poshi+Taikuza/music/quasars-and-quasar-like-phenomena	fakebit,quasar,scifi,space,star trek
https://chipmusic.org/ZAZI/music/spasm	
https://chipmusic.org/Kitty+On+My+Head/music/second-chance	chiptune,gameboy,lsdj
https://chipmusic.org/b4c0n/music/another-intro-test-for-a-chiptune-geek-culture-podcast	nes
https://chipmusic.org/joythief/music/brick-bounce	chiptune,gameboy,lsdj
https://chipmusic.org/Jayster/music/funk-this	chiptune famitracker nes famicom funk nobuyuki shioda nintendo funk jazz
https://chipmusic.org/Note%21/music/bbblmhysy	boom,boom,boom,lsdj,trash
https://chipmusic.org/NationalBroadcastNetwork/music/pussy-riot-pussy-revolution	atari,atari2600,ataripunk,bitpunk,c64,chiptune,gameboy,nes
https://chipmusic.org/Kubbi/music/the-spectator	c64,chiptune,fakebit,kubbi
https://chipmusic.org/franz_koopa/music/vers-de-nouvelles-aventures	c64,chiptune,melodic,uplifting
https://chipmusic.org/SUPERNERD+wants+to+fight%21/music/ep-preview	gameboy,nanoloop
https://chipmusic.org/Jredd/music/magma-crystal-falls	level 2,magma crystal falls,sega genesis,shmup,trevin hughes,vector nova,vgmm
https://chipmusic.org/LLTH/music/5617	8bit,awesomecat,chipmusic,chiptune,gameboy,gangnam,lsdj,psy,style
https://chipmusic.org/HANDGUN+FANTASY/music/trap-sux	
https://chipmusic.org/sombreronegro/music/sunburst	ballads,lsdj
https://chipmusic.org/jaxon4576/music/wind-in-out-sails	chiptune
https://chipmusic.org/SadPanda/music/uprise-deez-nutz	chipsounds,fakebit,hip hop,trap
https://chipmusic.org/dto/music/lucid	8bit,8bit,chipcore,chiptune,dto,fakebit,lsdj
https://chipmusic.org/DevilishGloomy/music/go-heart	8bit,emotional,peach
https://chipmusic.org/Zan-zan-zawa-butt/music/kofi-anan	nsf
https://chipmusic.org/liquidcalm/music/some-hours-just-dont-count	gameboy,mgb,mpc,nes
https://chipmusic.org/El_Favorito/music/el-favorito---turirun-korg-ds-m01--ds-10-plus	10 plus,chip,el favorito,favorito,korg ds 10 plus,korg ds m01,m01,nintendo,turirun
https://chipmusic.org/seanmonistat/music/ruathar-lochlannach-ar-cian-aneas-mor	black metal,chiptune,dmg,gameboy,lsdj,viking metal
https://chipmusic.org/Floravox+Terraport/music/raveyard-splitholder-abandoned-heartdome	bleeplove,chipdance,chiptune,gameboy,lsdj,russia
https://chipmusic.org/gsmith/music/27	fakebit
https://chipmusic.org/SoundAkroniK/music/firsttimeonearth	chipbeat,firsttimeonearth,noomiz,soundakronik
https://chipmusic.org/SoundAkroniK/music/holes-everyone	chipbeat,hole of them,noomiz,soundakronik
https://chipmusic.org/SoundAkroniK/music/hard-picking	chipbeat,hard picking,noomiz,soundakronik
https://chipmusic.org/b4c0n/music/intro-for-a-chiptune-geek-podcast	nes
https://chipmusic.org/ant1/music/techno1	c64,sid,techno
https://chipmusic.org/Zelkedo/music/firestarter	chiptune,gameboy,lsdj,zelkedo
https://chipmusic.org/HuXdeluX/music/lacas-never-sleep	chiptune,delux,gameboy,hux,lacas,lsdj,never,sleep
https://chipmusic.org/Augustus/music/seaside-bike-ride	chiptune,fakebit,nes
https://chipmusic.org/Augustus/music/another-castle	chiptune,fakebit,nes
https://chipmusic.org/HuXdeluX/music/give-the-tetris-a-motherfucker-brk!!!	chiptune,gameboy,lsdj,tetris brk mother fucker
https://chipmusic.org/ADE-Syndicate/music/sam--dave---hold-on-im-comin-demo	1966,amiga,and,booker t,chiptune,dave,fakebit,famitracker,gameboy,jones,lsdj,nanoloop,nes,sam
https://chipmusic.org/ant1/music/song1-sid-wizard	c64,sid
https://chipmusic.org/SadPanda/music/lockjaws-saga-dkc2	breakbeat,chipsounds,donkey kong country,fakebit,snes
https://chipmusic.org/Cartoon+Bomb/music/magbeach	chiptune,gameboy,lsdj
https://chipmusic.org/Starpilot/music/great-pleaidian-eclipse-alignment-c64	c64,chiptune
https://chipmusic.org/ChasingBleeps/music/roller-coaster	chasingbleeps,chiptune,craig mitchell,fakebit,nano,radicalpresident,scotland
https://chipmusic.org/snesei/music/booster-packs	apartment,bros,chiptune,gameboy,lsdj,super
https://chipmusic.org/seanmonistat/music/tin-b	chiptune,dmg,gameboy,lets disinfect,lsdj,sean monistat
https://chipmusic.org/ocean+palace/music/butterscotch	fakebit
https://chipmusic.org/weegerri/music/the-march-of-the-terracotta-warriors	48k spectrum,atari st,bbc b,black box midi interface,chiptune,cubase,zx spectrum plus 2
https://chipmusic.org/Zelkedo/music/wave-walker	chiptune,gameboy,lsdj,zelkedo
https://chipmusic.org/HANDGUN+FANTASY/music/shaqcident	
https://chipmusic.org/Starpilot/music/let-there-be-jellyfish-lsdj	chiptune,gameboy,lsdj
https://chipmusic.org/Starpilot/music/watching-the-skies-c64	c64,chiptune
https://chipmusic.org/balloonbear/music/born-to-lose	8bit,chiptue,dmg01balloonbear,electro,lsdj,tecno,wobble,wobblebass
https://chipmusic.org/ant1/music/third-song-of-the-day	c64,sid,stupid
https://chipmusic.org/LONELY+TUNES/music/im-an-automaton	chiptune,gameboy,lsdj
https://chipmusic.org/ant1/music/6581-only	bass,c64,sid,techno
https://chipmusic.org/Kommisar/music/tenpai-sempai	chiptune,gameboy,lsdj,mahjong rulz,sempai,tenpai
https://chipmusic.org/DevilishGloomy/music/betagame	8bit,electronic
https://chipmusic.org/NationalBroadcastNetwork/music/give-them-blood	atari,atari2600,c64,gameboy,nes
https://chipmusic.org/rallyj/music/summer-half-marathon-training	chiptune,gameboy,lsdj,original
https://chipmusic.org/shyntercrash/music/me-is-me--thirteen-cover-	chipcore,chiptune,nintendocore,trashchip
https://chipmusic.org/Orbital+Strike/music/1251	chipstep,lsdj
https://chipmusic.org/Orbital+Strike/music/dx1	chipstep,lsdj
https://chipmusic.org/The+Flying+Saucer+Men/music/glasses-music-only	
https://chipmusic.org/Jredd/music/neon-star-field-game-gear-mix	album,groovemaster303,hughes,jredd,neon star field,sega game gear,trevin,vector nova,vgmm
https://chipmusic.org/Groovemaster303/music/neon-star-groove	chiptune,groovemaster303,jredd,megadrive,psg,sega genesis,vector nova,ym2612
https://chipmusic.org/BOOSH%21/music/112	lsdj
https://chipmusic.org/Bitman4life/music/luminescent-night	bitman4life,chiptune,famitracker,luminescent,music4pc,nes,night,nsf
https://chipmusic.org/turtlesaur/music/turtletek	chiptune,gameboy advanced,nanoloop
https://chipmusic.org/b4c0n/music/chaousarou	nes
https://chipmusic.org/Jansaw/music/ellie-goulding---lights-demo-acousticdmg	acoustic,dmg,ellie,goulding,lights,lsdj
https://chipmusic.org/The+Witchalok/music/unburning-coldfire	8bit,chiptune,electro,gameboy,house,lsdj
https://chipmusic.org/NationalBroadcastNetwork/music/devil-sluts-from-mars-fuzzy	atari2600,c64,chiptune,gameboy,nes,nintendo,supercassettevision
https://chipmusic.org/Go+Guns+%21%21/music/go!guns-super-mario-world-land-1-cover	chiptune,gameboy,lsdj
https://chipmusic.org/SadPanda/music/skrlx-pls	dubstep,electro,fakebit
https://chipmusic.org/nickmaynard/music/the-west-wing-theme-song	the west wing
https://chipmusic.org/Mega+Flare/music/pinkiepieswear--flutterwonder-mega-flare-remix	chiptune,mlp
https://chipmusic.org/sombreronegro/music/confusing-strike	chiptune
https://chipmusic.org/DevilishGloomy/music/this-is-the-end-of-the-world-i-loved	8bit,chiptune,experimental,noisebit,splittercore
https://chipmusic.org/seanmonistat/music/new-txux-lsdj-demo	chiptune,dmg,electrogothic,gameboy,goth,gothic,lsdj,nyc,thorazine unicorn,txux
https://chipmusic.org/Duck+Boy/music/hold-my-duck	piano chiptune dubstep duck boy electronic hell
https://chipmusic.org/3picide/music/gung	chiptune,gameboy,lsdj
https://chipmusic.org/3picide/music/doop	chiptune,gameboy,lsdj
https://chipmusic.org/Maxo/music/-friends-pop-	fakebit
https://chipmusic.org/eme7h/music/the-fall	lsdj gameboy electro house ba ba
https://chipmusic.org/Jredd/music/neon-star-field	album,hughes,jredd,neon star field,sega genesis,trevin,vector nova,vgmm
https://chipmusic.org/Downstate/music/shine-scancasio-on-4-track	casio
https://chipmusic.org/POPCORNKID/music/dawkzfunk	amiga,c64,chiptune,fakebit,gameboy,lsdj,nanoloop,nes
https://chipmusic.org/Jakim/music/oftenhide-tour	6581,c64,drax,funk,funky,mon,sid
https://chipmusic.org/Nestrogen/music/a-comprehensive-guide-on-the-nature-of-numbers	lsdj
https://chipmusic.org/SadPanda/music/of-course-its-dark	ambient,chipsounds,dark,fakebit
https://chipmusic.org/ShintarouMusic/music/day-n-night-kid-cudi-chiptune-revamp	chiptune,cudi,day,fakebit,kid,night,remix,revamp,shintarou
https://chipmusic.org/NUCLACE/music/lazares-theme	
https://chipmusic.org/Jakim/music/virtual-life	chiptune,famitracker,fod,ftm,melodical,nsf
https://chipmusic.org/Starpilot/music/ugly-as-history-c64	c64,chiptune
https://chipmusic.org/Groundvision/music/groundvision---hyperdrive	chiptune,gameboy,lsdj
https://chipmusic.org/moviemovies1/music/tritona-explodarium-1-bit	1bit,beep,beeper,moviemovies1,popping drums,pulsewaves,tritona explodarium,tritone,zx spectrum
https://chipmusic.org/BITYOURBITCH/music/okii-robo-navigation-system-henry-homesweet-cover	henry homesweet chipmusic bass lsdj dubdance
https://chipmusic.org/DevilishGloomy/music/lets-swim-in-dreams!	8bit,electronic,video game
https://chipmusic.org/skyhaunt/music/frost	chiptune,gameboy,lsdj
https://chipmusic.org/A%2C+B%2C+Up%2C+Start%21/music/party-zombie-bathsalts-edition	chiptune,gameboy,lsdj
https://chipmusic.org/sea64/music/reef-chill	c64,chiptune,commodore,party,rave,seapunk
https://chipmusic.org/NationalBroadcastNetwork/music/4-3-2-1-superrobotgo	atari,atari2600,chiptune,edm,gameboy,nes,nintendo
https://chipmusic.org/SketchMan3/music/holmes	8bit,chiptune,detective,espionage,film,gameboy,holmes,lsdj,movie,sherlock,spy
https://chipmusic.org/DevilishGloomy/music/im-the-best-fan-of-myself	8bit,chiptune,electronic,experimental,nintendocore
https://chipmusic.org/godinpants/music/falsebit	
https://chipmusic.org/The+Witchalok/music/kill-kill-kill	chiptune,dubstep,edm,electro,gameboy,lsdj
https://chipmusic.org/shanebro/music/lets-get-weird	
https://chipmusic.org/balloonbear/music/untitled-demo-2xlsdj	2xlsdj,abletone,bassline,dmg01,gameboy,lsdj,reverb,wobblwbass
https://chipmusic.org/Pixel+Pixel/music/polar-bear	chiptune,gameboy,lsdj
https://chipmusic.org/Kubbi/music/television-for-robots	bleeplove,compilation,fakebit,for,kubbi,motivation,renoise,robots,sleet,television,transmittance
https://chipmusic.org/The+Flying+Saucer+Men/music/imwt_out	chew,not,sunglasses
https://chipmusic.org/ninjaspew/music/maddest-kings-alive---cooch	
https://chipmusic.org/ninjaspew/music/maddest-kings-alive---easy-tiger	
https://chipmusic.org/SadPanda/music/2-weeks-of-love-making	breakbeat,chill,chipsounds,fakebit
https://chipmusic.org/franz_koopa/music/galletas-de-frambuesa	c64,chiptune,rock and roll
https://chipmusic.org/The+Handle/music/07281546	generator,one,sunvox,tracker
https://chipmusic.org/fighting+free/music/the-true-ending-short-version	bliphop,chiphop,fakebit,fruity loops
https://chipmusic.org/POPCORNKID/music/pixel-city	8bit,amiga,chiptune,fakebit,gameboy,lsdj,nanoloop,nes
https://chipmusic.org/xX+8+BIT+CHAMPION+Xx/music/xx-8-bit-champion-xx---selected-freestyle-rap-1	chiptune,gameboy,lsdj
https://chipmusic.org/Pase/music/prima-danza	chiptune,gameboy,nanoloop
https://chipmusic.org/kineticturtle/music/hobbits-something-something-old-48hr-challenge	8bc,48hr challenge,chiptune,drums,gameboy,jumpstyle,lord of the rings,lsdj
https://chipmusic.org/NUCLACE/music/your-sister-was-better	
https://chipmusic.org/ChasingBleeps/music/nostalgia	8bit,chasingbleeps,chiptune
https://chipmusic.org/ShintarouMusic/music/awakening-adventure	chiptune,fakebit,shintarou
https://chipmusic.org/The+Flying+Saucer+Men/music/photographic--depeche-mode-cover	
https://chipmusic.org/ocean+palace/music/the-andromeda-council	fakebit
https://chipmusic.org/spOOked/music/frederic-chopin-prelude-op28-no15-raindrops-8bit	chiptune,fakebit,gameboy,lsdj
https://chipmusic.org/Rock+Kandy/music/wavvszkillznan0poopdrawingz	chiptune,fakebit,gameboy,nanoloop,wav
https://chipmusic.org/ADE-Syndicate/music/retro-racer-trailer-theme	alexander,bert,bukket,emenheiser,games,genesis,golfertrytek,loneechida,racer,retro,retro racer,sega,wally
https://chipmusic.org/Nestrogen/music/csbrgs2	nes
https://chipmusic.org/SadPanda/music/tomorrow-untrodden	chipsounds,fakebit,flashbulb
https://chipmusic.org/BrickBRKer/music/dusk-runner	breaker,brick,brker,chiptune,dusk,fakebit,runner
https://chipmusic.org/Xuriik/music/stagnant-air	horrible,lsdj,sucks
https://chipmusic.org/Poshi+Taikuza/music/portly-chap	fakebit,fatties,samples,whistles,zelda
https://chipmusic.org/NUCLACE/music/over-encumbered-[lgpt]	
https://chipmusic.org/NUCLACE/music/lil	
https://chipmusic.org/SadPanda/music/unleash-the-latrine-eating-leviathan	chipsounds,fakebit,metal
https://chipmusic.org/MilLs+Dj/music/mills-dj---cosmic-crash	chiptune,cosmic crash,little sound,lsdj,millsdj,mills dj
https://chipmusic.org/spOOked/music/dick-punched	amiga,c64,chiptune,lsdj,nes
https://chipmusic.org/ADE-Syndicate/music/working-man---rush-sega-genesis	alex,alexander,drive,emenheiser,geddy,geddy lee,genesis,lee,lifeson,man,mega,megadrive,neil,peart,rush,sega
https://chipmusic.org/Terbografx/music/miyazaki-summer	bitpop,gameboy,lsdj,summer
https://chipmusic.org/Poshi+Taikuza/music/ushank--awe	cold war,fakebit,russia,soviet,video games
https://chipmusic.org/Merutochan/music/the-world-where-winter-never-ends	chiprock,chiptune,gameboy,guitar,lsdj,rock
https://chipmusic.org/AnthRamen/music/nocturnal-bits	c64,chasingbleeps,chiptune,mlk,nes
https://chipmusic.org/ChasingBleeps/music/every-time	nanoloop
https://chipmusic.org/Abandoned%2C+On+Fire/music/ignition-072212	deathray,delay,distortion,gameboy,live
https://chipmusic.org/Kittenrock/music/[kr063]---biographs---up-on-the-clouds-of-somethingness	gameboy,lsdj,nanoloop
https://chipmusic.org/baud.r/music/the-sky-wall	chiptune,gameboy,lsdj,noob,sky,wall
https://chipmusic.org/baud.r/music/monolithic-miscalculation	chiptune,gameboy,lsdj,miscalculation,monolithic,nintendo,original
https://chipmusic.org/Starpilot/music/so-weird-c64	c64,chiptune,experimental,noise
https://chipmusic.org/Je+Mappelle/music/intro--lobby	nes
https://chipmusic.org/Starpilot/music/lynching-the-creators	acid,chipthrash,chiptune,experimental,fucked up shit,gameboy,lsdj,noise,psychedelic
https://chipmusic.org/The+Sky+Is+Black+Not+Blue/music/the-sonic-song-iae-cover	chiptune,cover,gameboy,lsdj,nintendocore,post hardcore,punk,screamo
https://chipmusic.org/The+Sky+Is+Black+Not+Blue/music/the-zelda-song-hyr00l-iae-cover	chiptune,cover,gameboy,lsdj,nintendocore,post hardcore,punk,screamo
https://chipmusic.org/Go+Guns+%21%21/music/lullaby	chiptune,gameboy,lsdj
https://chipmusic.org/nonfinite/music/bluesight	chiptune,gameboy,lsdj
https://chipmusic.org/Axilion/music/behaviour	
https://chipmusic.org/LeonardMeagher2/music/when-i-was-a-robot	arp,chip,chiptune,fami,famitracker,iiimage,robot,tracker,tune
https://chipmusic.org/onewhitenoise/music/span-chipstep	birsfdgfht
https://chipmusic.org/Poshi+Taikuza/music/i-hate-new-york	fakebit,milky tracker,new york,pain
https://chipmusic.org/droid-on/music/v-dub	chipmusic,chippanze,droidon,droidon,dub,dub4machine,reggae,trackers
https://chipmusic.org/balloonbear/music/involve	electro,gameboy,lsdj,wobble,wobblebass
https://chipmusic.org/SolarLune/music/driving-force-wip	chiptune,electronic,lune,solar,solarlune,sunvox,tracker
https://chipmusic.org/SpellingPhailer/music/moon-dancer	chiptune,fakebit,plouge chipsounds
https://chipmusic.org/SpellingPhailer/music/farer-of-east	chiptune,fakebit,plouge chipsounds
https://chipmusic.org/SpellingPhailer/music/midiocrity	chiptune,fakebit,plouge chipsounds
https://chipmusic.org/SpellingPhailer/music/bit-by-bit	chiptune,fakebit,plouge chipsounds
https://chipmusic.org/SpellingPhailer/music/ms-messy	chiptune,fakebit,plouge chipsounds
https://chipmusic.org/SpellingPhailer/music/science-baster	chiptune,fakebit,plouge chipsounds
https://chipmusic.org/kraettz/music/profectio-angelorum-custodum	chiptune,drum and bass,gameboy,idm,jungle,lsdj,samples
https://chipmusic.org/Rainbowdragoneyes/music/glory-empire-ov-endless-glory	bongos,chiptune,dick,fuck,fuck,gameboy,glory,lsdj
https://chipmusic.org/Dr.WilyD.Coyote/music/the-foot-on-my-fingers-as-daddy-lashes-his-belt!	8bit,emotive,hardcore,math,nintendocore,skramz
https://chipmusic.org/b4c0n/music/nibachi	nes
https://chipmusic.org/mysterystain/music/plural-sex-you-slut!-rmx	gameboy,lsdj,remix
https://chipmusic.org/A-MIN/music/a-b-x-y-z-z	chiptune
https://chipmusic.org/ABSRDST/music/mystery-masterson-and-the-golden-key	boss battle,chiptune,detective,fakebit,nes
https://chipmusic.org/NationalBroadcastNetwork/music/sonic-revenge-squad	c64,chiptune,gameboy,nes,supercassettevision
https://chipmusic.org/stormkraft/music/the-informant	chiptune,fakebit,stormkraft
https://chipmusic.org/Pase/music/passeggiando	chiptune,gameboy,nanoloop
https://chipmusic.org/labrie/music/you-made-it	chiptune,gameboy,labrie,nes,snes,you made it
https://chipmusic.org/labrie/music/bienvenue	bienvenue,chiptune,gameboy,labrie,nes,snes
https://chipmusic.org/Jake+Allison/music/chizzle-dizzle	bass,chiptune,hip hop,iphone,nanoloop,trap
https://chipmusic.org/NUCLACE/music/wolfshadow	
https://chipmusic.org/Skycstls/music/smplthtdmg	chiptune,gameboy,lsdj
https://chipmusic.org/SketchMan3/music/nite-ride	8bit,chipmusic,chiptune,gameboy,longboard,lsdj,moon,motorcycle,night,nite,ride,skateboard
https://chipmusic.org/Sapr/music/more-than-the-moon	chiptune,gameboy,lsdj
https://chipmusic.org/spOOked/music/brking	chiptune,gameboy,lsdj,nes
https://chipmusic.org/Nestrogen/music/the-doke-tah-dr-who	chiptune,gameboy,lsdj
https://chipmusic.org/Parallelis/music/evolve	chiptune,dance,electro,evolution,evolve,gameboy,lsdj,parallelis
https://chipmusic.org/unit_01/music/mindrape	awesome,breakcore,lsdj,speedcore
https://chipmusic.org/electricloverecords/music/evergreen-by-kahuna	
https://chipmusic.org/squaretherapy/music/call-me-icebox	chiptune,gameboy,lsdj
https://chipmusic.org/electricloverecords/music/rain-dance-by-kahuna	
https://chipmusic.org/balloonbear/music/eat-my-neighbors-lsdj-complextro	8bit,chiptune,complextro,dmg01,house,lsdj,techno,wobble,wobblebass
https://chipmusic.org/ocean+palace/music/warhammer-40k	fakebit
https://chipmusic.org/Kubbi/music/last-save-loaded-intro-theme	chiptune,fakebit
https://chipmusic.org/ShintarouMusic/music/those-days-are-gone-forever	chiptune,fakebit,shintarou
https://chipmusic.org/Floravox+Terraport/music/floravox-terraport--the-moon-duck-tales---yoshihiro-sakaguchi-cover	bleeplove,chiptune,cover,duck,floravox,gameboy,lsdj,moon,russia,sakaguchi,stage,tales,terraport,yoshihiro
https://chipmusic.org/Thonfoxer90/music/c64-brothers	big band,c64,chiptune,four brothers,jazz
https://chipmusic.org/Beatslicer/music/beatslicer-craf---diablo-server-down-make-chiptune-instead	chiptune
https://chipmusic.org/ocean+palace/music/warhammer	fakebit
https://chipmusic.org/uncertain/music/underwater-cave-music	16 bit,ambient,chill,chrono trigger,fl studio,fruity loops,rpg,soundtrack
https://chipmusic.org/ShintarouMusic/music/paper-lanterns	chiptune,fakebit,shintarou
https://chipmusic.org/ThievesBreakIntoBuildings/music/thieves-break-into-buildings--2011-demos	breakcore,electronicore,nintendocore
https://chipmusic.org/Kokoro_/music/kokoro---zombie-pigmen-minecraft-fan-music	amiga,band,c64,chipmetal,chiprock,chiptune,metal,rock
https://chipmusic.org/balloonbear/music/new-york-nights	8bit,chiptue,dmg01balloonbear,electro,lsdj,tecno,wobble,wobblebass
https://chipmusic.org/ArcticMetal/music/doomed-horizon	gameboy,lsdj
https://chipmusic.org/ShintarouMusic/music/falling-in-love-nofx-cover	chiptune,cover,fakebit,falling,love,nofx
https://chipmusic.org/franz_koopa/music/mis-hechizos-te-protegern	c64,chiptune
https://chipmusic.org/Spore/music/the-music	chiptune,gameboy,lsdj
https://chipmusic.org/ArcticMetal/music/happines	gameboy,lsdj
https://chipmusic.org/losing+you+to+tattoos/music/i-must-be-dreaming-if-you-love-me	bitpop,chiptunes,gameboy,guitar,lsdj
https://chipmusic.org/b4c0n/music/donatello-workshop	c64
https://chipmusic.org/Unicorn+Dream+Attack/music/an-offering	christian,commodore 64,sammichsid,sid,vocoder
https://chipmusic.org/Starpilot/music/branch-canopies-and-sunshine	chiprock,fakebit,guitar,love,renoise
https://chipmusic.org/Aeros/music/pieces-of-my-heart	chiptune,gameboy,lsdj
https://chipmusic.org/MilLs+Dj/music/mills-dj---deep-thoughts	chiptune,deep,lsdj,miller,mills dj,thoughts
https://chipmusic.org/ocean+palace/music/chronic-quest-overworld-remix	fakebit
https://chipmusic.org/rbino/music/rtfm	chiptune,game boy,lsdj,read the manual,rtfm
https://chipmusic.org/sea64/music/jump-in!	c64,chiptune,party,rave,seapunk
https://chipmusic.org/SadPanda/music/act-a-fool-lil-jon-remix	chipsounds,fakebit,lil jon,rap
https://chipmusic.org/Merutochan/music/as-stars	chiptune,dude,gameboy,lsdj,stars,sucks,this
https://chipmusic.org/Not+Me/music/fire-and-ice	
https://chipmusic.org/Cangrejo/music/fake-candidate!---crab	bass,cangrejo,crab,electronica,fake candidare,noise
https://chipmusic.org/rmk/music/yen-in-tawang	campursari,famitracker,javanese,sinden
https://chipmusic.org/spOOked/music/don-draper	chiptune,gameboy,lsdj,nes
https://chipmusic.org/MrLaggyBoy/music/potato-chip-tune	gameboy,nes,potato chip tune 8 bit 8bit fl studio lol
https://chipmusic.org/LONELY+TUNES/music/reset-generation-8-bit-weapon-cover	chiptune,gameboy,lsdj
https://chipmusic.org/stancoolness/music/i-got-them-8-bit-blues	8bit,blues,chiptune,classic,famicom,famitracker,nes,stan,stancoolness
https://chipmusic.org/Glor/music/dandy-punk	chiptune,sunvox
https://chipmusic.org/Starpilot/music/let-us-make-bliss	
https://chipmusic.org/balloonbear/music/ahcfiks-first-chipstep	8bit,chipstep,chiptune,lsdj,techno,wobble,wobblebass
https://chipmusic.org/NationalBroadcastNetwork/music/love-will-tear-us-apart-joy-division-cover	atari,bitpunk,c64,chiptune,gameboy,joy division,nes,punk
https://chipmusic.org/Decktonic/music/act-iv	ds10
https://chipmusic.org/EarthwormJim/music/3-sample-wip-tracks	
https://chipmusic.org/A+Lost+Star+System/music/a-recurrance-of-redemption	lost star system star wars han solo tanis
https://chipmusic.org/SadPanda/music/medley-of-maya-veil-of-maya	ataricore,chipsounds,fakebit,metal
https://chipmusic.org/Kremland/music/deep-space-empire	8bit,gameboy,lsdj
https://chipmusic.org/chunter/music/ordinary-day	drawtool,fakebit,renoise
https://chipmusic.org/Jredd/music/mystic-gohan-rytmik-remix	dbz,dnb,jredd,remix,rytmik,trevin
https://chipmusic.org/spaceaser/music/krrrrrrrrr0	
https://chipmusic.org/onewhitenoise/music/nausea-v1	wresdtgfhtj
https://chipmusic.org/Pase/music/vorkuta	gameboy,nanoloop
https://chipmusic.org/starmelt/music/core-254--nl-25-	chiptune,gameboy,nanoloop
https://chipmusic.org/egr/music/chrome-el-camino-my-first-lsdj	gameboy,lsdj
https://chipmusic.org/The+Sky+Is+Black+Not+Blue/music/the-pokemon-song-no-vocals-rough	chiptune,emo,emocore,gameboy,hardcore,lsdj,nintendocore,punk
https://chipmusic.org/ShintarouMusic/music/deluminate	chiptune,deluminate,fakebit,shintarou
https://chipmusic.org/ShintarouMusic/music/chips-lame-adventure	adventure,chips,chiptune,fakebit,for,lame,mood,now,pizza,really,right,shintarou,some,the
https://chipmusic.org/The+Flying+Saucer+Men/music/invisible-ink	flying,men,saucer,the
https://chipmusic.org/POPCORNKID/music/1d5h-milkytracker	8bit,chiptune
https://chipmusic.org/Art-Z/music/make-it-funky	artz,chiptune,funk,gameboy,lsdj
https://chipmusic.org/fluidvolt/music/pallid-underbrush-2a03	2a03,dpcm,famitracker,hiphop,impressionism,lydian,nes,pallid,rock,underbrush
https://chipmusic.org/nijijijin/music/ghost-man-are-behind-youself	gameboy,lsdj,nijijijijijijijijijijijijijiijiiijijijijijijijin,please dancing
https://chipmusic.org/KurKami/music/ghost-arent-dolphines	8bit,famitracker,konami vrc6,nes
https://chipmusic.org/NUCLACE/music/snowbound	
https://chipmusic.org/wandering+genie/music/grey-pixelated-world	advance,alto,bass,camera,carlos,chip,devizia,electric,experimental,gameboy,music,sax,saxophone
https://chipmusic.org/wandering+genie/music/video-game-raga-sega-version	carlos,chiptune,devizia,electronic,master system,mega drive,music,raga,sega,tfm music maker,tracker,video game
https://chipmusic.org/Cangrejo/music/the-kid-and-the-house---crab	home,kid,piano,rain
https://chipmusic.org/NationalBroadcastNetwork/music/arcade-empire	chiptune,gameboy,nes
https://chipmusic.org/carlschultz/music/the-brilliant-open-ruinous-world-of-little-flying-things	experimental,lmms
https://chipmusic.org/Aeros/music/4-bit-slowplane-goes-hyperspeed	chiptune,gameboy,lsdj
https://chipmusic.org/Monotron/music/pixel-nightmares	chiptune,fakebit,gameboy,lsdj,metal,monotron,nightmares,pixel
https://chipmusic.org/MilLs+Dj/music/mills-dj---rainbow-factory-4-bit-remix	chiptune,dash,factory,lsdj,miller,mills dj,mlp,rainbow
https://chipmusic.org/rbino/music/carcassonne--un-bel-gioco	carcassonne,gameboy,java,lsdj
https://chipmusic.org/rbino/music/batracomiomachia	frogs,gameboy,lsdj,mice
https://chipmusic.org/rbino/music/funk-you!	funky,gameboy,jumpy,lsdj
https://chipmusic.org/sea64/music/rapture	c64,chiptune,commodore,rave,seapunk
https://chipmusic.org/Faking+Amnesia/music/unreal	chiptune,gameboy,lsdj
https://chipmusic.org/Pase/music/umiliati-e-offesi-in-chiave-khmer	chiptune,gameboy,nanoloop
https://chipmusic.org/Pase/music/assolutamente	gameboy,nanoloop
https://chipmusic.org/defiantsystems/music/kensington-strangler	ass,break,chiptune,defiantsystems,defiant systems,dnb,drum and bass,filth,filthadelphia,gameboy,lsdj,titties
https://chipmusic.org/KurKami/music/overdrive	8bit,famitracker,konami vrc6,nes
https://chipmusic.org/Auxcide/music/disregard-vs-melody	
https://chipmusic.org/Cangrejo/music/abuelitas!---sonido-calzeta	abuelitas,grandmothers,sonidocalzeta
https://chipmusic.org/1000needles/music/winter-glow	bitpop,bitwave,chipock,chiptune,chiptunes,gameboy,nes,nintendo
https://chipmusic.org/Starpilot/music/aureate-starguts-wake-up-version	chiptune,gameboy,lsdj
https://chipmusic.org/Soleviio/music/flying-on-a-sunbeam	chiptune,lsdj
https://chipmusic.org/TristEndo-in-spacebutt/music/la-le-lu-le-lo---ruff-ruff--ruff-cut	disk bass,famicom,fds,nes,nintendo,saw bass,tri bass,vgm
https://chipmusic.org/nonfinite/music/salvage-spirit	fakebit,nanoloop
https://chipmusic.org/Feryl/music/devotion	chiptune,devotion,feryl
https://chipmusic.org/Not+Me/music/my-song-that-is-not-named	
https://chipmusic.org/Mrwimmer/music/seasons	guitar,lsdj,vocals
https://chipmusic.org/.exe/music/zetafacts	chiptune,dance,gameboy,glitch,lsdj
https://chipmusic.org/Downstate/music/death-cab-for-cutie---what-sarah-said-dst-rmx	
https://chipmusic.org/bitsnibblesbytes/music/whatever-next---09-02-2011	science fair microcomputer trainer
https://chipmusic.org/Starpilot/music/acidblargh!	chiptune,gameboy,lsdj
https://chipmusic.org/rAyJ_kAyJ/music/brockter	1bit,beepola,chiptune
https://chipmusic.org/rAyJ_kAyJ/music/imelik-aeg	chiptune,vgm music maker,ym 2612
https://chipmusic.org/rAyJ_kAyJ/music/messman	chiptune,vgm music maker,ym2612
https://chipmusic.org/rAyJ_kAyJ/music/chill-stroll	chiptune,vgm music maker,ym2612
https://chipmusic.org/sammulligan/music/looking-for-sasquatch	guitar,lsdj,vocals
https://chipmusic.org/basspuddle/music/wav-goodbye	
https://chipmusic.org/stancoolness/music/soft-taco	bell,delicious,famicom,famitracker,nes,nintendo,soft,stan,stancoolness,taco
https://chipmusic.org/GRaVITY2DX/music/audio-sketch-1	apeggio,famitracker,vrc6
https://chipmusic.org/EarthwormJim/music/wip-dub-riff-thing	lsdj gameboy chiptune dnb liquid break dub 808 earthworm jim
https://chipmusic.org/Decktonic/music/b-jam	
https://chipmusic.org/Je+Mappelle/music/red-gateway	
https://chipmusic.org/stancoolness/music/a-craft-of-mine	craft,famicom,famitracker,mine,minecraft,mojang,nes,nintendo,stan,stancoolness
https://chipmusic.org/awesomeforce/music/pale-blue-dot	ableton,bass,chipstep,chiptune,drum,dubstep,gameboy,lsdj
https://chipmusic.org/thebitman/music/mourning-glory-brass-ableton-tiny-bit-o-lsdj	hodgepodge gameboy lsdj ableton brass doom jazz
https://chipmusic.org/SJSFC/music/making-up-for-lost-time	computer music,happy,renoise,soundfont,tracker
https://chipmusic.org/Maxo/music/intro---fiery-siege-level-music-a	daw,fakebit,super nintendo
https://chipmusic.org/The+Flying+Saucer+Men/music/inside-the-engine	beepola,chiptune,engine,flying,inside,men,saucer,the,the
https://chipmusic.org/bitsnibblesbytes/music/end-credits	chiptune,gameboy,nanoloop
https://chipmusic.org/bitsnibblesbytes/music/down-in-it-nine-inch-nails-cover	chiptune,cover,gameboy,nanoloop,nine inch nails,rbot records
https://chipmusic.org/DeltaSpiral/music/shockwave	chiptune,gameboy,lsdj
https://chipmusic.org/Wheely/music/xeromancer-feat-zeropass	ableton,noise,ploque
https://chipmusic.org/Punxx%C3%B8r/music/fucking-pussies	
https://chipmusic.org/IAMERROR./music/pixel-effigy	
https://chipmusic.org/SadPanda/music/silica-dream	fakebit
https://chipmusic.org/yesyesohgodyes/music/easy-though	chiptune,gameboy,lsdj
https://chipmusic.org/yesyesohgodyes/music/i-dont-need-this!	chiptune,gameboy,lsdj
https://chipmusic.org/onewhitenoise/music/back-to-paris	eryhdh
https://chipmusic.org/kaiser/music/nebbish	
https://chipmusic.org/spOOked/music/bigmouth-strikes-again-the-smiths-cover	chiptune,fakebit,gameboy,lsdj,nes
https://chipmusic.org/Hide+Your+Tigers/music/me-vs-myself	chiptune,hideyourtigers pop punk,lsdj
https://chipmusic.org/Kitty+Empire/music/unheathy-stagnant-existence	hardcore
https://chipmusic.org/Kittenrock/music/virtual-kikumoto-preview-acid-compilation	members will be notified that you are looking for constructive criticism
https://chipmusic.org/NationalBroadcastNetwork/music/mad-generation	atari,bitpunk,chipthrash,chiptune,punk
https://chipmusic.org/Sapr/music/iron-defiant	chiptune,gameboy,lsdj
https://chipmusic.org/Kubbi/music/juggernaut	fakebit,renose
https://chipmusic.org/wedanced/music/homeboy-l-tron-live-gb-session	gameboy
https://chipmusic.org/carlschultz/music/alex-kidd	experimental,fakebit
https://chipmusic.org/Skip+Sandwich/music/juicy-fruit	
https://chipmusic.org/Saskrotch/music/dj-saskrotch-presents-05-chipbreak-clasixxx	classic chipbreak,these nuts,those nuts
https://chipmusic.org/less3anmusic/music/3an---new-album-preview	8bit,chiptune,lsdj
https://chipmusic.org/Rico+Z/music/hello-pretty	flirty,funk,milky,sleaze
https://chipmusic.org/WoofingDinosaur/music/binary-city-v10	lsdj industrial dmg
https://chipmusic.org/SubWooferSpecial/music/someone-stole-all-of-the-ice-cream	chris de pew,ice cream,lsdj,philly,storm blooper
https://chipmusic.org/xX+8+BIT+CHAMPION+Xx/music/xx-8-bit-champion-xx---christ-tune	christ
https://chipmusic.org/2xAA/music/iiii	2xaa,chipstep,chiptune,lsdj
https://chipmusic.org/Maz/music/stylezcollab-dubstep-step-this!	6581,c64,chiptune,commodore,quadrasid,sid
https://chipmusic.org/MilLs+Dj/music/mills-dj---and-you-werent-there	and,chiptune,lsdj,miller,mills dj,there,werent,you
https://chipmusic.org/Shiru/music/ion-storm	fm synthesis,psycle,space,vopm,ym2151
https://chipmusic.org/The+Sky+Is+Black+Not+Blue/music/i-blink-in-the-face-of-angels	chiptune,gameboy,lsdj
https://chipmusic.org/Aeros/music/cygnus	chiptune,gameboy,lsdj
https://chipmusic.org/bitboy/music/cyber-pirates	chiptune,nes
https://chipmusic.org/Merutochan/music/the-flying-duck	chiptune,derp,duck,gameboy,lame,lsdj
https://chipmusic.org/Her_Hero/music/adventure-for-two	famitracker
https://chipmusic.org/Hide+Your+Tigers/music/chip-mix-3	chiptune lsdj hideyourtigers gameboy
https://chipmusic.org/eme7h/music/the-whale	chiptune dub prog gameboy lsdj
https://chipmusic.org/xX+8+BIT+CHAMPION+Xx/music/xx-8-bit-champion-xx---slippys-lament-feat-star-fox--sylcmyk	god,piano,star fox
https://chipmusic.org/mo./music/uncharted-worlds---mass-effect-cover	bioware,chiptune,cover,dmg,gameboy,jack wall,lsdj,mass effect,sam hulick
https://chipmusic.org/xX+8+BIT+CHAMPION+Xx/music/xx-8-bit-champion-xx---ode-to-ron-paul-feat-ron-paul	ron paul,sexy
https://chipmusic.org/Bp103/music/journey-to-another-world	chiptune,funk,genesis,megadrive,sega,vgm
https://chipmusic.org/Happy+Black/music/duckin	chiptune,gameboy,lsdj
https://chipmusic.org/Downstate/music/drip-taper	
https://chipmusic.org/Wheely/music/noisebox-album-link-in-the-description	fakebit,magical8bit,ploque
https://chipmusic.org/Mind+Body+Alpha/music/and-then-the-sun-came-into-my-heart	1bit 1 bit zx spectrum zx spectrum qchan qchan brazilian bossa nova
https://chipmusic.org/NUCLACE/music/butt-naked-fairy	
https://chipmusic.org/ADE-Syndicate/music/waltz-of-the-end	8bit,capcom,doom,evil,famicom,famitracker,gameboy,konami,music,nes,nintendo,sega,song,waltz
https://chipmusic.org/Loading_Screen/music/swagplank-galleon-dk-country-cover	chiptune,cover,donkey kong country,gameboy,lsdj,swag
https://chipmusic.org/TeamRocket/music/homerun	2012,chiptune,grier,homerun,kit,powers,rory,singles,summer,teamrocket
https://chipmusic.org/The+Sky+Is+Black+Not+Blue/music/soras-song-hollow-bastion-rough	chiptune,emo,gameboy,lsdj,nintendocore,post hardcore,punk,screamo
https://chipmusic.org/Erakko/music/kona	8bit,8bit,chiptune,fakebit,fls10,gameboy,plogue
https://chipmusic.org/El_Favorito/music/pokemn-intro-favomusik-cover	8bit,el favorito,favorito,nintendo,pikachu,pokemon
https://chipmusic.org/squidtantrum/music/cordially-invited-to-brawl	gameboy,lsdj
https://chipmusic.org/Decktonic/music/z-saber	nanoloop
https://chipmusic.org/MilLs+Dj/music/mills-dj---gday-bitch	bitch,chiptune,day,good,lsdj,miller,mills dj
https://chipmusic.org/L-tron/music/the-rescue-lgpt	lgpt,ltron,psp,shooter
https://chipmusic.org/nonfinite/music/if-desperation-was-enough	chipstep,dubstep,gameboy,lsdj
https://chipmusic.org/sea64/music/deep-crush	c64,chiptune,seapunk
https://chipmusic.org/NationalBroadcastNetwork/music/our-new-robot-brains-part-2	atari,bitpunk,chipthrash,chiptune,gameboy,nes,nintendo
https://chipmusic.org/Je+Mappelle/music/famicom	
https://chipmusic.org/L-tron/music/mote-lgpt	dnb,lgpt,ltron,psp
https://chipmusic.org/Faking+Amnesia/music/test-song-please-ignore-[dont-actually-ignore!]	chiptune,gameboy,lsdj
https://chipmusic.org/Chipastian/music/factory-madness	amiga,basheman,chipastian,chiptune,crazy,madness
https://chipmusic.org/shanebro/music/tonight-is-crucial	chiptune,gameboy,lsdj,shanebro
https://chipmusic.org/%E2%96%92%E2%96%92%E2%96%92/music/extended-demo	
https://chipmusic.org/GRaVITY2DX/music/then-and-now	famitracker,nes,vrc6
https://chipmusic.org/boomglitch/music/just-a-little-song-sketch	
https://chipmusic.org/Solarbear/music/mu	chipmetal,chipthrash,chiptune,gameboy,lsdj,metal,solarbear,thrash
https://chipmusic.org/Kanashibari/music/crystal-me	
https://chipmusic.org/Kanashibari/music/a-song-for-general-kim-jong-il	chip hop,chiptune,fakebit,hip hop
https://chipmusic.org/steal4ram/music/fastest-pixel-in-the-world	90s,chipbass,chipmusic,chiptune,electronic,gameboy,gamemusic,happy,hardcore,lsdj,nintendo,oldschool
https://chipmusic.org/MegaMantra/music/acousticophobia	chiptune,edm,its actually shit,lsdj,techno
https://chipmusic.org/Parallelis/music/aller--la-discothque	chip,french name wow,funky,house,lsdj,parallelis,thats kind of obvious
https://chipmusic.org/Maz/music/long-time-no-see	6581,c64,chiptune,commodore,quadrasid,sid
https://chipmusic.org/L-tron/music/o0o0-lgpt	house,lgpt,ltron
https://chipmusic.org/MilLs+Dj/music/mills-dj---chipstep-fatality	chipstep,chiptune,fatality,lsdj,miller,mills dj
https://chipmusic.org/rez/music/subatomic-large-hadron-collider-edit	chiptune,gameboy,goa,nanoloop,psytrance
https://chipmusic.org/bitboy/music/radical-polygon-carnage	chiptune,nes
https://chipmusic.org/agargara/music/max-reger---passacaglia-in-d-minor-square-wave-mix-by-agargara	baroque,chiptune,cover,passacaglia,pxtone,square wave
https://chipmusic.org/Starpilot/music/thou-shalt-not-let-thy-nook-forget-thy-cranny	
https://chipmusic.org/MilLs+Dj/music/mills-dj---bullshot	bobflannery103,bullshot,chiptune,gameboy,lsdj,millsdj,mills dj
https://chipmusic.org/Stern+Fucking+Zeit/music/page-not-found	apocalyptic,chipcore,chiptune,gameboy,hardcore,lsdj,screamo
https://chipmusic.org/Kommisar/music/lunatic-eyes--dat-immortal-moon-	chiptune,gameboy,lsdj,reisen is a slut,shmup,touhou
https://chipmusic.org/Battle+Lava/music/care-free	gameboy,lsdj
https://chipmusic.org/onewhitenoise/music/vampiare	esdgfh
https://chipmusic.org/The+Sky+Is+Black+Not+Blue/music/diamond-skies-are-enough-for-me-remix	gameboy,lsdj
https://chipmusic.org/squidtantrum/music/deeper	chiptune,lsdj,slowjam
https://chipmusic.org/Helvetica+Scenario/music/coils-demo-lsdj-muddygb	gameboy,lsdj
https://chipmusic.org/Je+Mappelle/music/fluent	nes
https://chipmusic.org/Wonkyth/music/dry-ice-wip	chiptune,gameboy,lsdj
https://chipmusic.org/O2star/music/radlib---march-of-the-whoompleotides-bit-shifter-vs-tag-team-jolt-cola-ultramixxx	adlib tracker ii,chiptune,dance face machine,impulse tracker,msdos,opl3,sb16
https://chipmusic.org/Monotron/music/life-starts-now	guitar band lsdj gameboy life starts now monotron
https://chipmusic.org/squidtantrum/music/nieghbrs	chiptune,slow,stereo
https://chipmusic.org/goob47/music/you-wish	gameboy,lsdj
https://chipmusic.org/Cartoon+Bomb/music/earthworm-facts	chiptune,gameboy,lsdj
https://chipmusic.org/NationalBroadcastNetwork/music/victory-load-side-b	c64,chiptune
https://chipmusic.org/shanebro/music/ghostly-jam-revised	gameboy,lsdj,shanebro
https://chipmusic.org/Maz/music/1nt0-sp4c3	6581,c64,chiptune,commodore,quadrasid,sid
https://chipmusic.org/Hide+Your+Tigers/music/its-420	chiptune lsdj gameboy hideyourtigers
https://chipmusic.org/ocean+palace/music/chronopolis	fakebit
https://chipmusic.org/sugar+sk%2A-%2Alls/music/ode-to-ltrimm	nanoloop
https://chipmusic.org/8-Bit+Mr.Roger/music/mara-get-well	8bit,get,mara,mrroger,well
https://chipmusic.org/%C2%B5B/music/escher-gap	909,buzz,dr220,fakebit,medusa2,minimal,shuffle,techno
https://chipmusic.org/Girl+Posse/music/usher-climax-girl-posse-rmx	chiptune,climax,gameboy,lsdj,remix,usher
https://chipmusic.org/munchluxe63/music/der-mnztasie	chiptune,com63,com64,gameboy,lsdj,munchluxe63
https://chipmusic.org/Punxx%C3%B8r/music/i-hate-all-of-you	
https://chipmusic.org/BLiPtik/music/voltage	amazing,artist,bliptik,c64,chiptune,fakebit,gameboy,logic,nanoloop,nes,new,pro,swag
https://chipmusic.org/Sukie%2A/music/seavoyage	c64,noise,sukie
https://chipmusic.org/boomglitch/music/snow	
https://chipmusic.org/OrigamiCat/music/blip	chiptune,classical,duet,flute,gameboy,lsdj,neoclassical
https://chipmusic.org/El_Favorito/music/shouryuuken-in-your-face!!!	chip,chipcore,chiptune,core,face,favorito,fighter,shouryuuken,street,your
https://chipmusic.org/Hide+Your+Tigers/music/angry-reptile-people-arp-crazy	lsdj chiptune gameboy hideyourtigers
https://chipmusic.org/nikola/music/euphoria-in-unexpected-places	fakebit
https://chipmusic.org/YERZMYEY/music/earport	zx81 sinclair ym2149 ay zxpand mrx yerzmyey turbo sound
https://chipmusic.org/sea64/music/candy-waves	c64,chiptune,commodore,rave,seapunk
https://chipmusic.org/Maz/music/happy-go-lucky	6581,c64,chiptune,commodore,quadrasid,sid
https://chipmusic.org/DEADBEATBLAST/music/face-eater-a-la-mode	8bit,bitmasters netlabel,blip fest,chiptune,deadbeatblast,gameboy,lsdj,music
https://chipmusic.org/Skip+Sandwich/music/sunshine-cadaver	
https://chipmusic.org/MegaMantra/music/bulkhead	implying anybody will ever search for my music
https://chipmusic.org/Jellica/music/4mat-and-jellica-the-best-track	amiga,ballad,dubstep,fakebit,piano,progrock
https://chipmusic.org/Maz/music/loading-please-wait	6581,c64,chiptune,commodore,quadrasid,sid
https://chipmusic.org/EssPy/music/black-monolith	bass,dark,deep,dubstep,fakebit
https://chipmusic.org/Sapr/music/walnut-knight	chiptune,gameboy,lsdj
https://chipmusic.org/StayPuft/music/thirty-two	c64,fakebit,house
https://chipmusic.org/robotsexmusic/music/swagswagswag	dubstep,gameboy,lsdj
https://chipmusic.org/Starpilot/music/clarity-and-nerves	chipmusic,fakebit,idm,psychedelic,renoise
https://chipmusic.org/bitboy/music/noble-adventurers	chiptune,nes
https://chipmusic.org/ocean+palace/music/she-stole-my-sunshine	fakebit
https://chipmusic.org/Je+Mappelle/music/blessing	bro,coma,each,separate,tag,wiv
https://chipmusic.org/Numberleven/music/coin-thief	chiptune,gameboy,lsdj
https://chipmusic.org/010010/music/eternity-in-paradise	electronic,eternity,fakebit,fun,happy,paradise,quadrasid
https://chipmusic.org/shanebro/music/ghostly-jam	chiptune,gameboy,lsdj,shanebro
https://chipmusic.org/NationalBroadcastNetwork/music/atari-combat-rock	atari,bitpunk,c64,chiptune,fakebit,gameboy,punk
https://chipmusic.org/onewhitenoise/music/zhorros-wrath	rygdthbc
https://chipmusic.org/Sapr/music/echo-heart-syndrome	chiptune,gameboy,lsdj
https://chipmusic.org/Kommisar/music/hyper-weaboo-vodka-shotz-2012	chiptune,gameboy,lsdj
https://chipmusic.org/spoot/music/spoots-the-shit!	
https://chipmusic.org/Doomsberry/music/travels	chiptune,gameboy,lsdj
https://chipmusic.org/Coleco/music/super-disco-fun-time	chiptune,coleco,gameboy,nes
https://chipmusic.org/Coleco/music/lazer-invasion	chiptune,coleco,nes
https://chipmusic.org/Frostbyte/music/2012-ep-preview	chiptune,gameboy,lsdj
https://chipmusic.org/helgeland8bitsquad/music/juggler-riddim	dancehall,dancehall,digital,dub,muffin,norway,ragga,rap,reggae,riddim,vocal
https://chipmusic.org/Kubbi/music/ropes	
https://chipmusic.org/Faking+Amnesia/music/yeeeeeeaaaaahhh	chiptune,gameboy,lsdj,rochester chip
https://chipmusic.org/b4c0n/music/a-ride-on-my-chocobo	
https://chipmusic.org/fighting+free/music/bite-it-you-scumm-gg-allin-chiptune-cover	korg m01,nds,punk rock
https://chipmusic.org/MegaMantra/music/acrophobia	chiptune,gameboy,lsdj
https://chipmusic.org/bitboy/music/manor-drakul	chiptune,nes
https://chipmusic.org/NationalBroadcastNetwork/music/pac-man-was-a-skinhead	atari,bitpunk,chiptune,fakebit,punk
https://chipmusic.org/Go+Guns+%21%21/music/8bit-rocker	chiptune,gameboy,lsdj
https://chipmusic.org/SadPanda/music/hello-meow-squarepusher	fakebit
https://chipmusic.org/Je+Mappelle/music/venus	fakebit,gameboy,lsdj
https://chipmusic.org/robotsexmusic/music/folgers	
https://chipmusic.org/ichsan/music/canon-cover	8bit,canon,chiptune,gameboy,lsdj
https://chipmusic.org/Kittenrock/music/esc---ascendant	separate each tag with a comma non alphanumeric characters will be stripped to help us standardize tags
https://chipmusic.org/Maxo/music/matzo-ball-soup	
https://chipmusic.org/eme7h/music/skarmory	gameboy lsdj glitch chiptune
https://chipmusic.org/bitboy/music/perilous-descent	chip,chiptune,nes
https://chipmusic.org/Xuriik/music/miniblin-kit-demo	house,kits,lsdj,miniblin,windwaker,zelda
https://chipmusic.org/Starfouf/music/enfananimo	
https://chipmusic.org/Kubbi/music/powerglove-kubbimix	8 bit,bass,chipmusic,chiptune,drumnbass,game,gameboy,kubbi,new,planet,sleet,tracker,troposphere
https://chipmusic.org/carlschultz/music/uhuhuhoh	experimental
https://chipmusic.org/Mega+Flare/music/horizon-xinon-cover	chiptune
https://chipmusic.org/.exe/music/fleshcraft-of-the-bwana-beast-glitch-house	beast,gameboy,glitch,lsdj
https://chipmusic.org/SAVESTATES/music/tension-and-release	fakebit,nes
https://chipmusic.org/NationalBroadcastNetwork/music/f----the-world	atari,bitpunk,chiptune,fakebit,punk
https://chipmusic.org/boomglitch/music/forever-wailord!	
https://chipmusic.org/Screamforme99/music/luxury---limes	
https://chipmusic.org/Bp103/music/squarebox	famitracker,nes,vrc6
https://chipmusic.org/onewhitenoise/music/trapped-in-the-cucumber	rhddhe
https://chipmusic.org/L4MEB0Y%21/music/dead-and-lost	chiptune,gameboy,lsdj
https://chipmusic.org/HimsyPimsy/music/enos	chiptune,gameboy,lsdj
https://chipmusic.org/8+Bit+Jin/music/millenium-bits---castle-rush	chiptune
https://chipmusic.org/Auxcide/music/ep-preview	auxcide,dmg,dual,too lazy for more tags,x2lsdj
https://chipmusic.org/8-Bit+Vic/music/findings	chiptune lsdj
https://chipmusic.org/GRaVITY2DX/music/break-bits-n-conflicting-3motions	breakbeat,chiptune,famitracker
https://chipmusic.org/100HandSlap/music/save-me	100handslap,chipmetal,chiptune,chuggtune,gameboy,guitar,lsdj,vocal
https://chipmusic.org/steal4ram/music/funky	90s,chipbass,chipmusic,chiptune,electronic,gameboy,gamemusic,happy,hardcore,lsdj,nintendo,oldschool
https://chipmusic.org/steal4ram/music/jpg	90s,chipbass,chipmusic,chiptune,electronic,gameboy,gamemusic,happy,hardcore,lsdj,nintendo,oldschool
https://chipmusic.org/steal4ram/music/ride	90s,chipbass,chipmusic,chiptune,electronic,gameboy,gamemusic,happy,hardcore,lsdj,nintendo,oldschool
https://chipmusic.org/steal4ram/music/dark-sky	90s,chipbass,chipmusic,chiptune,electronic,gameboy,gamemusic,happy,hardcore,lsdj,nintendo,oldschool
https://chipmusic.org/yugiohmaster/music/poop-hop	
https://chipmusic.org/%E2%96%92%E2%96%92%E2%96%92/music/chiptune-gameboy-nanoloop-moongaze-minimal-lo-fi-blahblah	blahblah,chiptune,gameboy,lofi,minimal,moongaze,nanoloop
https://chipmusic.org/SolarLune/music/sky-highway-sunvox	chiptune,electronic,highway,lune,sky,solar,solarlune,sunvox
https://chipmusic.org/bitboy/music/bit-city	chiptune,nes
https://chipmusic.org/Cooshinator/music/trench-warfare	chiptune,coosh,cooshinator,dance,gameboy,lsdj,patay,unce
https://chipmusic.org/seanmonistat/music/panzram!	chiptune,guitar,horrorpunk,korg ds10,nintendo ds,punk,vocals
https://chipmusic.org/NationalBroadcastNetwork/music/invasion	atari,c64,chiptune,fakebit,nes,noisepop
https://chipmusic.org/Girl+Posse/music/sassy-dad	chiptune,dance,gameboy,girl,lsdj,posse
https://chipmusic.org/Aeolianesonance/music/nesonance	8bit music,chipmusic,midines,nes,nintendo
https://chipmusic.org/Je+Mappelle/music/best-male-shampoo-of-the-if-youre-a-boy	original mix
https://chipmusic.org/DaPantz/music/apoplexy-sui-caedere	chiptune,gameboy,lsdj
https://chipmusic.org/yugiohmaster/music/poopstep	
https://chipmusic.org/Pieces+of+Eight/music/unrest---a-ok!	
https://chipmusic.org/boomglitch/music/fire	
https://chipmusic.org/LONELY+TUNES/music/the-manhattan-cover	gameboy,lsdj
https://chipmusic.org/GRaVITY2DX/music/goodnight	chiptune,eerie,famitracker,nes
https://chipmusic.org/octapus/music/marseille	chiptune,gameboy,lsdj,octapus
https://chipmusic.org/Starpilot/music/smear-peanut-butter-on-the-edges	chiptune,experimental,gameboy,lsdj,noise
https://chipmusic.org/Je+Mappelle/music/wahhhhhhhhhhhhh!!!!!!!!!!!!!!!!!!!!!!!!!!!!!!!!!!-song	bad,song
https://chipmusic.org/GoingHam/music/deserted	chiptune,gameboy,lsdj
https://chipmusic.org/SadPanda/music/1n73rg4l4c71c-beastie-boys-remix	beastie boys,fakebit,hip hop
https://chipmusic.org/Das+Hype+Machine/music/aurora	lgpt
https://chipmusic.org/Decktonic/music/night-drive	dance,house,ios,ipad,iphone,nanoloop
https://chipmusic.org/NationalBroadcastNetwork/music/nerds-must-start-writing-punk-songs-again	atari,bitpunk,chiptune,fakebit,punk
https://chipmusic.org/%28451%29/music/[sid]-laika-dfb-cover	451,c64,cover,goat tracker,sid
https://chipmusic.org/Girl+Posse/music/garf-vom-bad-boy-cat	bass,chiptune,dub,gameboy,girl,lsdj,posse,progressive,synth
https://chipmusic.org/Je+Mappelle/music/here	nes
https://chipmusic.org/Doomsberry/music/rings	chiptune,gameboy,lsdj
https://chipmusic.org/Frostbyte/music/last-friday-night-fcloud-kp-remix	gameboy,house,katy perry,lsdj
https://chipmusic.org/HolyNegative0/music/the-incorporated	iphone,manoloop,nanoloop
https://chipmusic.org/HolyNegative0/music/guts	iphone,manoloop,nanoloop
https://chipmusic.org/HolyNegative0/music/dain-bramage	iphone,manoloop,nanoloop
https://chipmusic.org/HolyNegative0/music/batteries	iphone,manoloop,nanoloop
https://chipmusic.org/HolyNegative0/music/artemis	hardsync,iphone,manoloop,nanoloop
https://chipmusic.org/HolyNegative0/music/a-life-in-the-day	ambient,iphone,nanoloop
https://chipmusic.org/NoNameGames/music/they-took-you-nightman	chiptune,nes
https://chipmusic.org/Kubbi/music/motivation	
https://chipmusic.org/Twelve+insomnia/music/manhattan-transfer--remix--remake	chiptune,gameboy,lsdj
https://chipmusic.org/SUPERNERD+wants+to+fight%21/music/whomp-whomp	gameboy,nanoloop
https://chipmusic.org/Kommisar/music/puyo-puyo-chipmetal	c64,chiptune,gameboy,lsdj,metal,puyo puyo
https://chipmusic.org/sofaspartan/music/clockwork	8bit,chiptune,clock,fakebit,gameboy,music,nes
https://chipmusic.org/Spudnik1337/music/winner!	chiptune,famitracker
https://chipmusic.org/carlschultz/music/juniper	experimental,fakebit
https://chipmusic.org/Fearofdark/music/the-last-dinosaur-mmc5	
https://chipmusic.org/Kubbi/music/acheron	
https://chipmusic.org/DaPantz/music/straw-man	
https://chipmusic.org/PamTech/music/shh-electro-chillwave-8bit	chillwave,chiptune,pamtech
https://chipmusic.org/GoingHam/music/cheese---first-attempt-at-something-not-shit	chiptune,gameboy,lsdj
https://chipmusic.org/GRaVITY2DX/music/you-arent-around	chiptune,expansion,famitacker,house,module,synth
https://chipmusic.org/Cangrejo/music/hair-bot---crab	animal,cangrejo,crab,glitch,hair bot,motor,noise,pitch
https://chipmusic.org/Starpilot/music/lord-grease-taco	c64,chill,chillwave,fakebit,greasy,lofi,renoise,sparkling
https://chipmusic.org/Starpilot/music/this-is-psychochip	chiptune,experimental,gameboy,lsdj,trippy
https://chipmusic.org/SadPanda/music/depression-simulation	dubstep,fakebit,glitch
https://chipmusic.org/Auxcide/music/selene	chiptune,dmg,dual,gameboy,lsdj,universe
https://chipmusic.org/SUPERNERD+wants+to+fight%21/music/hey-ladies-nl	beastie boys,gameboy,nanoloop,tribute
https://chipmusic.org/franz_koopa/music/paisajes-de-la-ciudad-futurista	c64,chiptune
https://chipmusic.org/Pieces+of+Eight/music/good-cop-bad-cop-prom-queen-cover	chiptunecover,cover,leeni,promqueen
https://chipmusic.org/Duck+Boy/music/found-a-duck-in-my-bed	8 bits,bass space,chiptune,duck boy,synth
https://chipmusic.org/Kubbi/music/sunrise-new-beginning	kubbi
https://chipmusic.org/Jake+Allison/music/death-cab-for-mountain-man-demo	acoustic,demo,iphone,nanoloop,nanoloop iphone,repetitive
https://chipmusic.org/Everandever/music/system-error	bass,chip,chiptune,drum,drumnbass,everandever,game,video,zelda
https://chipmusic.org/RHEOSTATIK/music/moonlight-symphaty-xinon-cover	chiptune,cover,moolight,rheostatik,sympathy,xinon
https://chipmusic.org/shanebro/music/a-hero-of-few-words	chiptune,gameboy,lsdj,shanebro
https://chipmusic.org/weegerri/music/back-to-basics	8bit,bbc b,chiptune,zx spectrum 2
https://chipmusic.org/The+Laohu/music/party-pants-vocal-gat-lsdj	chiprock guitar vocal
https://chipmusic.org/NationalBroadcastNetwork/music/power-up	atari,bitpunk,c64,fakebit,noisepop
https://chipmusic.org/Wheely/music/entropy-matters	160bpm,fakebit,fast,hard,magical8bit,ploque
https://chipmusic.org/Screamforme99/music/skeleton---meth-refix-more-tlc--mixing	
https://chipmusic.org/SadPanda/music/fried-chips	fakebit
https://chipmusic.org/magnus/music/goozer---gigers-arch-nemesis	
https://chipmusic.org/onewhitenoise/music/ahem	thdhehej
https://chipmusic.org/b4c0n/music/brousse-oui-lisse	
https://chipmusic.org/chunter/music/sambanes-or-famisamba	famicompo,nes,nsf,samba
https://chipmusic.org/ocean+palace/music/conquest-of-the-crystal-palace	fakebit
https://chipmusic.org/SUPERNERD+wants+to+fight%21/music/nl-misirlou-cover	gameboy,nanoloop
https://chipmusic.org/DeltaSpiral/music/the-last-24-hours	chiptune,gameboy,lsdj
https://chipmusic.org/weegerri/music/alone-in-the-haunted-sub-station	8bit,atari,bbc,bit,chiptune,choir,ghostly,ghosts,haunted,sample,ste,stfm,sub station,substation,zx spectrum
https://chipmusic.org/RoccoW/music/dmg-jam-session	lsdj dmg
https://chipmusic.org/ryba/music/nanolionpostyournanovoicepixels	nanovoice
https://chipmusic.org/ryba/music/nanooctopuspostyournanovoicepixels	nanovoice
https://chipmusic.org/mysterystain/music/noise-channel-experiment	gameboy,lsdj,noise channel
https://chipmusic.org/ocean+palace/music/cult-slaves	fakebit
https://chipmusic.org/magnus/music/capone-sawtooth	nanoloop
https://chipmusic.org/Jansaw/music/death-was-all-over---band-of-brothers-vrc6	nes
https://chipmusic.org/magnus/music/queen-bee-drum-and-bass	amiga
https://chipmusic.org/SUPERNERD+wants+to+fight%21/music/dancy	gameboy,nanoloop
https://chipmusic.org/sugar+sk%2A-%2Alls/music/ultra-fish	nanoloop,sunbeams and kitty whiskers
https://chipmusic.org/Dr.+Dude/music/sarahs-song-c64-loopable	c64
https://chipmusic.org/Laffe+the+Fox/music/test-of-observation-remix	bitpop,chiptune,david wise,gameboy,laffe the fox,nes,remix,snes,starfox,star fox,test of observation
https://chipmusic.org/ocean+palace/music/4-the-luv-of-tiff	fakebit
https://chipmusic.org/ocean+palace/music/victory-corruption	fakebit
https://chipmusic.org/Kubbi/music/corrosion-city	8 bit,bass,chipmusic,chiptune,drumnbass,game,gameboy,kubbi,new,planet,sleet,tracker,troposphere
https://chipmusic.org/magnus/music/the-demented-mario-cousins	amiga
https://chipmusic.org/magnus/music/gun-drum	amiga
https://chipmusic.org/ryba/music/nanorobbie	nanovoice
https://chipmusic.org/SadPanda/music/the-uprising	fakebit
https://chipmusic.org/Thunder+Face/music/wubbuffet	lsdj,pokemon,thunderface
https://chipmusic.org/nim/music/nimopl3_03wip	adlib,adlibtracker2,opl3
https://chipmusic.org/starmelt/music/litebass-nanoloop-ios	ios,ipad,iphone,ipod,nanoloop
https://chipmusic.org/nim/music/nimopl3_02wip2	adlib,adlibtracker2,opl3
https://chipmusic.org/xombie/music/slt-tqul-lm	cinco de mayo xombie gameboy lsdj drunk
https://chipmusic.org/Starfouf/music/dalek4	chip,chiptune,electro,game,music,video
https://chipmusic.org/daandruff/music/boom-cookies	chiptune,gameboy,lsdj
https://chipmusic.org/ChipMonk/music/slime-party	adventure,chip,chipmonk,game,milky,monk,music,party,rpg,slime,tracker
https://chipmusic.org/ChipMonk/music/woogun	chip,chipmonk,dubstep,milky,monk,tracker,woogun
https://chipmusic.org/shanebro/music/noise-filled-nightmares	chiptune,gameboy,lsdj,shanebro
https://chipmusic.org/SJSFC/music/sunny-morning-exercise-club	soundfonts basic waves computer music tracker
https://chipmusic.org/OCTABITRON/music/energy-99-percent	
https://chipmusic.org/Mr_kapow/music/crisis-mountain	8bit,chiptune,gameboy,mountain
https://chipmusic.org/glitchbird/music/reveal-worthalisten	
https://chipmusic.org/Jophish/music/september	amiga,chiptune,fakebit,gameboy,lsdj,mod,module,nanoloop,nes,tracker
https://chipmusic.org/Korean/music/yearning	gameboy,lsdj
https://chipmusic.org/HimsyPimsy/music/the-farm-is-at-peace	gameboy,lsdj
https://chipmusic.org/onewhitenoise/music/storm	rjsdfgra
https://chipmusic.org/NationalBroadcastNetwork/music/our-new-robot-brains	bitpunk,c64,fakebit
https://chipmusic.org/Screamforme99/music/lofi-electro-funk-demo	lofi
https://chipmusic.org/likeluke/music/mekkwarrior-ladiez-man-sam-rmx	
https://chipmusic.org/ryba/music/nanocube	nanovoice
https://chipmusic.org/ryba/music/nanotree	nanovoice
https://chipmusic.org/Fearofdark/music/kerblammo-zx-beeper	
https://chipmusic.org/MC+Jimmy/music/rainy-days	clouds,famitracker,fds,nes,rain,sky,water
https://chipmusic.org/HimsyPimsy/music/daisy-duke	lsdj
https://chipmusic.org/L4MEB0Y%21/music/hysteria!	chiptune,gameboy,l4meb0y,lsdj
https://chipmusic.org/L4MEB0Y%21/music/galaxi	chiptune,gameboy,l4meb0y,lsdj
https://chipmusic.org/L4MEB0Y%21/music/hostile!	chiptune,gameboy,l4meb0y,lsdj
https://chipmusic.org/Kubbi/music/cartridge-read-description	
https://chipmusic.org/daandruff/music/end-game	chiptune,gameboy,lsdj
https://chipmusic.org/shanebro/music/star-filled-dreams	chiptune,gameboy,lsdj
https://chipmusic.org/nickmaynard/music/party-rock-song-528	
https://chipmusic.org/FerretBoy/music/y-u-no-like-ferretz-chipstep	gameboy,lsdj
https://chipmusic.org/DeltaSpiral/music/the-bounceback	chiptune,lsdj
https://chipmusic.org/fluidvolt/music/the-gusts-of-aeolus-2a03	2a03,famitracker,folk,jazz,rock,shazam,shmup,waltz
https://chipmusic.org/%C2%B5B/music/milgrams-cat	buzz,c64,fakebit,froggy,gabber,hardcore,medusa2,meow
https://chipmusic.org/MC+Jimmy/music/the-dust-riders-journey	ballad,cowboy,famitracker,nes,original,west,western
https://chipmusic.org/pixls/music/rockin-ur-blocks-and-ur-socks-saskrotchs-weekend-challenge-3	all caps,ds10,dsi,nds,party rock
https://chipmusic.org/tempsoundsolutions/music/witness-of-za-domain-arbor-mix	amiga chiptune fakebit gameboy nanoloop nes sabrepulse bit shifter zen albatross nullsleep xik shawnphase drumbase ase ase
https://chipmusic.org/Kommisar/music/rainbow-palace-extended	chiptune,dmg,gameboy,lsdj
https://chipmusic.org/Jredd/music/fm-portable-album-preview	album,cosmobuggi,groovemaster303,jredd,otakumode,preview,sega genesis,vgm mm
https://chipmusic.org/L4MEB0Y%21/music/desolate-planet!	chiptune,desolate planet,gameboy,lsdj
https://chipmusic.org/L4MEB0Y%21/music/system-crash!	chiptune,gameboy,lsdj
https://chipmusic.org/El_Favorito/music/el-favorito---love-hate	8 bit,bit,favorito,hate,hip,hip hop,hop,love
https://chipmusic.org/glitchbird/music/estuary	
https://chipmusic.org/Bunnymajs/music/i-am-the-god-of-chiptune	god
https://chipmusic.org/SubWooferSpecial/music/raining-on-your-parade	chiptune,chris de pew,fakebit,philadelphia,rain,subwoofer special
https://chipmusic.org/SubWooferSpecial/music/this-is-why-we-cant-have-nice-things	chiptune,chris de pew,fakebit,philadelphia,subwoofer special
https://chipmusic.org/Sweethammer/music/funky-forest-ft-moosehead	amiga,c64,chiptune,fakebit,gameboy,lsdj,nanoloop,nes
https://chipmusic.org/Ismpof/music/video-girl-in-real-life	chiptune,gameboy,lsdj
https://chipmusic.org/Kittenrock/music/[kr060]---secret-lab---controllo-operativo	2player comptroller dasid evilwezil fforet kittenrock liquidcalm nel runningfrom ryba shanebro stresstn 41 guests 12 member
https://chipmusic.org/sofaspartan/music/guitar-and-nostalgia	chiptune,fakebit,gameboy,nes
https://chipmusic.org/fluidvolt/music/bluebonnet-valleys-kirby	kirby 64 soundfont fakebit notchiptune
https://chipmusic.org/MilLs+Dj/music/mills-dj---echo	bobflannery103,chiptune,echo,headphones,lsdj,miller,mills dj
https://chipmusic.org/Decktonic/music/[fez]-disasterpeace---forgotten-decktonics-future-techno-remix	fakebit
https://chipmusic.org/stress_tn/music/computa-original	c64,chiptune,mssiah
https://chipmusic.org/franz_koopa/music/antorchas-de-la-aldea-del-bosque	c64 chiptune goattracker sid
https://chipmusic.org/Famicomi/music/she-is-the-hero-of-time	chip,chiptune,guitar,rock,scott pilgrim
https://chipmusic.org/secretpeter/music/rapier	
https://chipmusic.org/Hide+Your+Tigers/music/centipede-season	chiptune,gameboy,hideyourtigers,lsdj
https://chipmusic.org/Pieces+of+Eight/music/eraser-to-erase-her	8bc,chiptune,oontz
https://chipmusic.org/Je+Mappelle/music/bloom-famitracker	1993present,award,bestseller,male,the,year
https://chipmusic.org/%C2%B5B/music/-	buzz,chill,dr110,dune,fakebit,medusa2,radio moscow
https://chipmusic.org/shanebro/music/glitchdown	chiptune,gameboy,lsdj,shanebro
https://chipmusic.org/radiantx/music/burning-chips	c64 8580 revision
https://chipmusic.org/ChipsChallengeBand/music/one-more-step	80s tribute,buttrock,inspirational lyrics,shittunes,witch house
https://chipmusic.org/defiantsystems/music/living-in-filth	chiptune,defiantsystems,filth,fuck,gameboy,lsdj
https://chipmusic.org/onewhitenoise/music/acoust	eyrhgwrhs hehe
https://chipmusic.org/Hide+Your+Tigers/music/hyt-demo-1-8bit-pop-punk-band--remastered	chiptune,gameboy,lsdj,poppunk
https://chipmusic.org/Xuriik/music/multimedia	loud,loudsrsly,lsdj,noise,spongebob
https://chipmusic.org/010010/music/80091818	death,metal,slowkip,thrash
https://chipmusic.org/apterous/music/realm-of-mind---merlin-in-space	8bit,beat,chiptune,crossgenre,fusion,horn,instrumental,jazz,jazzy,metal,nes,piano,progressive
https://chipmusic.org/Stenobot/music/the-bronze-snake	chiptune,gameboy,lsdj
https://chipmusic.org/TheDaveHansenProject/music/less-than-9-bit	8bit,10bit,chiptune,n64,the dave hansen project
https://chipmusic.org/ChiBear/music/ice-cave-seven	chiptune
https://chipmusic.org/ChiBear/music/bill-cosby-64	chiptune
https://chipmusic.org/Jake+Allison/music/needs-a-name---party-track	180bpm,break,chiptune,edm,ghetto,help,iphone,name,nanoloop,needs a name,party,wip
https://chipmusic.org/Fearofdark/music/lost-in-a-forest-atari-pokey	
https://chipmusic.org/naddarvis69/music/airebis	chiptune,fakebit
https://chipmusic.org/dualitymicro/music/duality-micro---thrya-edit	ableton,android,dualitymicro,live,nanaloop
https://chipmusic.org/8+Bit+Jin/music/constellations	chiptune
https://chipmusic.org/Starpilot/music/your-head-is-birds	chiptune,gameboy,lsdj
https://chipmusic.org/sofaspartan/music/destination	chiptune,cool,drawn out,epic,fakebit,listen,long,nes,please,song
https://chipmusic.org/Tp.JUMP/music/go!	chiptune,dubstep,lsdj
https://chipmusic.org/pandaxstar/music/spdrcrwl	chiptune,gameboy,lsdj,pandastar
https://chipmusic.org/dasid/music/kool-dool-lsdj-vs-nanoloop---kool-skull--dasid-jam	dasid,jam,kool,koolskull,lsdj,nanoloop,skull
https://chipmusic.org/thursdaycustoms/music/photosynthesis-final-stage	c64,cynthcart,gameboy,lsdj,nintendocore
https://chipmusic.org/Starpilot/music/we-are-recycled-cosmic-stardust	
https://chipmusic.org/Auxcide/music/our-departure-[nero---me-and-you-departure]	auxcide,chipstep,departure,dmg,dual,dubstep,gameboy,lsdj,me and you,nero,star,welcome reality
https://chipmusic.org/MilLs+Dj/music/mills-dj---8-bit-warfare	bobflannery103,chiptune,lsdj,miller,mills dj
https://chipmusic.org/sugar+sk%2A-%2Alls/music/wiggle-puppytentative-title	nanoloop
https://chipmusic.org/MilLs+Dj/music/mills-dj---a-simple-chiptune-melody	bobflannery103,chiptune,lsdj,miller,mills dj
https://chipmusic.org/MilLs+Dj/music/mills-dj---memories	bobflannery103,chiptune,lsdj,miller,mills dj
https://chipmusic.org/carlschultz/music/glow-worms	experimental,fakebit
https://chipmusic.org/Spore/music/420-dub-hardcore-special	chiptune,gameboy,lsdj
https://chipmusic.org/Solarbear/music/chasing-kitsune	lsdj solarbear chasing kitsune
https://chipmusic.org/sofaspartan/music/urban	8bit,chipmusic,chiptune,computer,fakebit,famitracker,game,listen,music,nes,retro,song,urban
https://chipmusic.org/kymaz/music/solar	chiptune,fakebit,gameboy,lsdj
https://chipmusic.org/Decktonic/music/[fez]-disasterpeace---adventure-decktonics-dubstep-edit	dubstep,fakebit,ost,vgm
https://chipmusic.org/JamesLowrey/music/shine-on	lsdj four to the floor unce dance happy
https://chipmusic.org/Nestrogen/music/julairppel	chiptune,lsdj
https://chipmusic.org/240p/music/rgb--single	240p,chiptune,gameboy,lsdj
https://chipmusic.org/HimsyPimsy/music/the-general-lee	lsdj
https://chipmusic.org/b4c0n/music/lets-celebrate-dookus-dead	nes
https://chipmusic.org/Kubbi/music/bitpop	8 bit,bass,chipmusic,chiptune,drumnbass,game,gameboy,kubbi,new,planet,sleet,tracker,troposphere
https://chipmusic.org/algar/music/pizza-pizza	chiptune,gameboy
https://chipmusic.org/KillBoosh/music/tebite	amiga,c64,chiptune,gameboy,nanoloop,nes
https://chipmusic.org/KillBoosh/music/coffee-craft-vol2	amiga,c64,chiptune,fakebit,gameboy,lsdj,nanoloop,nes
https://chipmusic.org/MISTER+BEEP/music/underwater-expedition-1-bit-chiptune	zx spectrum 48 beeper 1 bit chiptune mister beep tritone
https://chipmusic.org/dasid/music/cities-in-dust-siouxsie-and-the-banshees-cover	and,banshees,cities,cover,dasid,dust,nanoloop,siouxsie,the
https://chipmusic.org/SolarLune/music/distance-galaxy-wip-sunvox	chiptune,distance,energy,fakebit,galaxy,high,lune,solar,solarlune,sunvox
https://chipmusic.org/Tp.JUMP/music/say-it-again	again,chiptune,jump,lsdj,say
https://chipmusic.org/Sakura/music/adrenaline-demo-version	adrenaline,atari,chiptune,dance,demo,fakebit,gameboy,nes,rave,sakura,techno,trance
https://chipmusic.org/MusicgamerX/music/cold-beer	chiptune,fakebit,gameboy,nes
https://chipmusic.org/GravitonFlux/music/plasma-leak-wip	chiptune
https://chipmusic.org/Brandstift/music/c418---piano3	c418,chiptune,fakebit,minecraft
https://chipmusic.org/Brandstift/music/drop-it-like-its-chiptune	chiptune,fakebit,hip hop,rap,snoop dogg
https://chipmusic.org/Brandstift/music/moving-on	chiptune,fakebit
https://chipmusic.org/Brandstift/music/kekeke	chiptune,fakebit
https://chipmusic.org/roboctopus/music/ep-teaser	chiptune,gameboy,lsdj
https://chipmusic.org/Auxcide/music/when-you-feel-like-it	chiptune,gameboy,lsdj,star
https://chipmusic.org/Auxcide/music/flight	chiptune,dualcart,lsdj
https://chipmusic.org/Jake+Allison/music/chips-y-queso-vip	chiptune,edm,iphone,nanoloop,vip
https://chipmusic.org/pandaxstar/music/perogie	chiptune,gameboy,lsdj
https://chipmusic.org/Fearofdark/music/pancake-department-2a03	chiptune,nes
https://chipmusic.org/Ultrasyd/music/perjantai-illan-huumaa	gameboy,lsdj
https://chipmusic.org/Parallelis/music/electroswg	chip,chiphouse,dazzle,delicious,electroswag,frazzle,house,lsdj,pizza,pizzaz
https://chipmusic.org/HimsyPimsy/music/rpctrain	lsdj
https://chipmusic.org/UncleBibby/music/super-bang-victory-1-bit-beepola-tracker	1bit,8bit,beepola,chiptune,old,shiru,tracker
https://chipmusic.org/Skip+Sandwich/music/the-way-home	
https://chipmusic.org/Breezesquad_/music/autotlchargement	
https://chipmusic.org/Shiru/music/crystal-forest	fm synthesis,psycle,space,vopm,ym2151
https://chipmusic.org/PamTech/music/pamtech-20	chiptune,pamtech
https://chipmusic.org/Nightlock/music/i-have-fury!	chiptune,electronic,metal,nightlock,nintendocore
https://chipmusic.org/FerretBoy/music/ferretoy-d	chiptune,lsdj
https://chipmusic.org/Jake+Allison/music/animal-crossing-vip	bass,edm,fun,hiphop,iphone,nanoloop,trap
https://chipmusic.org/Diakon/music/circuit-sludge-bent-circuit-noise	circuit bent,noise,toy
https://chipmusic.org/8-Bit+Vic/music/no-looking-back-dance	
https://chipmusic.org/liquidcalm/music/life-with-me	gameboy,mgb,midines,nes,postrock
https://chipmusic.org/DJ+CATS/music/brains	chiptune,gameboy,lsdj,unce
https://chipmusic.org/Stenobot/music/nias-dream	chiptune,gameboy,lsdj
https://chipmusic.org/Naff+Natty/music/47-southside	famitracker,funk,nes,nes,nintendo,whatever you like
https://chipmusic.org/carlschultz/music/sewed-up-heartbeat	experimental,fakebit
https://chipmusic.org/Brother+Android/music/holy-fear--self-loathing	fakebit,prog
https://chipmusic.org/b4c0n/music/the-ursa-song	c64
https://chipmusic.org/b4c0n/music/monochrome-beach	c64
https://chipmusic.org/b4c0n/music/she-was-just-a-glitch	c64
https://chipmusic.org/xylo/music/xyce---je-suis-baguette	cerror,demoparty,revision,xyce,xylo
https://chipmusic.org/Volt+44/music/death	chiptune,impulse tracker,schism tracker
https://chipmusic.org/Jake+Allison/music/oliver	edm,fekebit,iphone,nanoloop,oliver
https://chipmusic.org/b4c0n/music/pancakes-island	c64
https://chipmusic.org/Xuriik/music/shaving-cream-bomb	jazz,korg m01
https://chipmusic.org/TheDaveHansenProject/music/eggs-over-easy	
https://chipmusic.org/CactusKiwi1/music/giraffenopolis	lsdj
https://chipmusic.org/El_Favorito/music/el-favorito---playing-my-game	
https://chipmusic.org/Pixeltune/music/infinitesimal	fakebit,milkytracker
https://chipmusic.org/Jake+Allison/music/devastatingly-american-chipmusicorg-exclusive	140bpm,edm,fakebit,iphone,nanoloop,stopandgo
https://chipmusic.org/Screamforme99/music/screamkidsarcade---phantoms-anthem	chiptune,lsdj
https://chipmusic.org/Naff+Natty/music/the-ik-trousers-down-reggae	c64,chiptune,famitracker,nes,nintendo,reggae,riddim
https://chipmusic.org/Zimbolt/music/this-song-is-actually-a-joke	amiga,c64,chiptune,fakebit,gameboy,lsdj,nanoloop,nes
https://chipmusic.org/Zimbolt/music/town-time	amiga,c64,chiptune,fakebit,gameboy,lsdj,nanoloop,nes
https://chipmusic.org/Zimbolt/music/prelude-of-hero	amiga,c64,chiptune,fakebit,gameboy,lsdj,nanoloop,nes
https://chipmusic.org/Zimbolt/music/netherworld	amiga,c64,chiptune,fakebit,gameboy,lsdj,nanoloop,nes
https://chipmusic.org/Zimbolt/music/dead-end	amiga,c64,chiptune,fakebit,gameboy,lsdj,nanoloop,nes
https://chipmusic.org/Zimbolt/music/chippys-tune	amiga,c64,chiptune,fakebit,gameboy,lsdj,nanoloop,nes
https://chipmusic.org/Zimbolt/music/8-bit-crap	amiga,chiptune,fakebit,gameboy,lsdj,nanoloop,nes
https://chipmusic.org/nickmaynard/music/tom-cruise	fakebit
https://chipmusic.org/HolyNegative0/music/spaaaace!!	chiptune,echo,gameboy,nanoloop,space
https://chipmusic.org/1000needles/music/midheaven	arduinoboy,bitpop,chiptune,mgb,midines
https://chipmusic.org/SUPERNERD+wants+to+fight%21/music/backing1	gameboy,nanoloop
https://chipmusic.org/algar/music/sweet-routines-sweet-safety	chiptune
https://chipmusic.org/YERZMYEY/music/square-disco-zx81---timex-1000---timex-1500	ay ym zx81 zxpand mr x zonx yerzmyey ayriders
https://chipmusic.org/Zimbolt/music/generate-the-world	amiga,c64,chiptune,fakebit,gameboy,lsdj,nanoloop,nes
https://chipmusic.org/Zimbolt/music/cps2--too-much-time-at-the-arcade	amiga,c64,chiptune,cps2,cps3,fakebit,gameboy,guitar,lsdj,nanoloop,nes,street fighter
https://chipmusic.org/Cangrejo/music/el-volcan---crab	cangrejo,chiptune,crab,crab chiptune,el volcan,gameboy,lsdj
https://chipmusic.org/pixls/music/sprouting-somber-saplings-from-pale-stone-saskrotch-weekend-challenge-2	chiptune,gameboy,lol,lsdj
https://chipmusic.org/nonfinite/music/shes-ever-present	chiptune,gameboy,lsdj
https://chipmusic.org/joule/music/coffee-bean	bossa,chiptune,fasttracker,jazz
https://chipmusic.org/Fearofdark/music/dandilion-ride	chiptune,nes,nsf
https://chipmusic.org/Xuriik/music/3-peces-muertos	fish,jazz,lsdj,meh,nds
https://chipmusic.org/kymaz/music/through-the-forest-remix	bitpop,chippop,chiptune,fakebit,gameboy,lsdj,remix,vgm
https://chipmusic.org/b4c0n/music/des-binnes-au-sirop-drable----maple-syrup-canned-beans	c64
https://chipmusic.org/b4c0n/music/fliping-bacon	c64
https://chipmusic.org/1950+D.A/music/minor-seas-and-scales	
https://chipmusic.org/1950+D.A/music/reboot-from-memory	
https://chipmusic.org/Chainsaw+Police/music/peaches-the-wale---fiyah-chainsaw-polices-help-i-have-no-vsts-installed-remix	amiga,fakebit,fiyah,fiyah,fiyah,fiyah,fl studio,godinpants,jungle,peaches the wale,protracker,walecore
https://chipmusic.org/Starpilot/music/the-insomniac-sees-through-time	
https://chipmusic.org/TheDaveHansenProject/music/the-legend-of-the-two-horned-nawhal-version-2	amiga,c64,chiptune,davehansen,fakebit,gameboy,lsdj,nanoloop,nes
https://chipmusic.org/TheDaveHansenProject/music/the-legend-of-the-two-horned-narwhal	16bit,digimon,genesis,ps1,snes,the dave hansen project
https://chipmusic.org/TheDaveHansenProject/music/nova	chipstep,chiptune,fakebit,nes,nova,pokemon,thedavehansenproject,zelda
https://chipmusic.org/TheDaveHansenProject/music/less-than-9-bit-work-in-progress	8bit,8bit,9bit,9bit,chiptune,demo,fakebit,famitracker,nanoloop,thedavehansenproject,zelda
https://chipmusic.org/TheDaveHansenProject/music/honningbrew-mead	8bit,8bit,chiptune,fakebit,honningbrew mead,skyrim,thedavehansenproject
https://chipmusic.org/amnesiac/music/when-you-sleep-my-bloody-valentine-cover	amnesiac,chipgaze,my bloody valinetine,nes,shoegaze
https://chipmusic.org/Decktonic/music/da-pantz---nightlife-decktonic-remix	fakebit
https://chipmusic.org/Azuria/music/forever-more	8bit,azuria,chipmusic,chiptune,fakebit,gameboy,nes,retro,soundtrack,videogame
https://chipmusic.org/onewhitenoise/music/carry-over	what
https://chipmusic.org/Azuria/music/day-in-dream-oh-well	8bit,chiptune,nes,retro,videogame
https://chipmusic.org/1000needles/music/towers--tunnels	bitpop,chiprock
https://chipmusic.org/1000needles/music/haymaker	bitpop,chiprock
https://chipmusic.org/1000needles/music/osiris	
https://chipmusic.org/FerretBoy/music/okz	gameboy,lsdj
https://chipmusic.org/Auxcide/music/eve	auxcide,chiptune,eve,gameboy,lsdj,star
https://chipmusic.org/seanmonistat/music/the-path-of-wind-my-neighbor-totoro	chiptune,ghibli,korg ds10,nintendo,totoro
https://chipmusic.org/Hide+Your+Tigers/music/hyt-demo-4-8bit-pop-punk-band	poppunk lsdj band chiptune dmg
https://chipmusic.org/EvilWezil/music/nervous-nelly	
https://chipmusic.org/Mega+Flare/music/memory-lane-mega-flare-remix	chiptune,drum and bass,gameboy,lsdj
https://chipmusic.org/franz_koopa/music/el-valle-de-mariquitas	c64 chiptune happy platform mario
https://chipmusic.org/%C2%B5B/music/ghost-pimp	buzz,chip32,doombass,doomskweee,dropbear,fakebit,medusa2,pimp,skweee
https://chipmusic.org/roboctopus/music/bottle-nosed-rubberneck	gameboy,lsdj
https://chipmusic.org/p1xel+sh4der/music/0x00fe1337	chiptune,gameboy,lsdj,unfinished
https://chipmusic.org/seanmonistat/music/til-i-come-again--nsfw!	chiptune,korg ds10,nintendo ds,porncore
https://chipmusic.org/p1xel+sh4der/music/0x00000001	chiptune,gameboy,lsdj,lsdsng
https://chipmusic.org/seanmonistat/music/final-fantasy-20xx	chiptune,korg ds10,nintendo ds
https://chipmusic.org/DF0%3A+BAD/music/atariporn-atari-st	2149,atari,cheesy,chiptune,pop
https://chipmusic.org/DiNOSAuR+PaRADE/music/techno-rave-kitten-dinosaur-parade-downsampling-mix	
https://chipmusic.org/bryface/music/drops-korg-m01	korg m01
https://chipmusic.org/Screamforme99/music/screamkidsarcade---with-more-love	arcade,chiptune,kids,lsdj,punk,scream,screamkidsarcade,slc
https://chipmusic.org/Kubbi/music/planet-ii-stratosphere	8 bit,bass,chipmusic,chiptune,drumnbass,game,gameboy,kubbi,new,planet,sleet,tracker,troposphere
https://chipmusic.org/ABSRDST/music/caseys-quest	chiptune,fakebit,gameboy,nes
https://chipmusic.org/%24noregazZzm/music/fuckyoujustcuz	auckland,brostep,chip hop,chipstep,dubstep,electrotrash,gameboy,hiptune,lsdj,new zealand,noregazzzm,snoregazzzm
https://chipmusic.org/Hide+Your+Tigers/music/lsdj-for-track-5	chiptune lsdj gameboy
https://chipmusic.org/mulch/music/nanolove-live-spazrammer	dmg01,live,mulch,nanoloop,spazrammer
https://chipmusic.org/algar/music/techno-superstar	chiptune,gameboy,lsdj
https://chipmusic.org/mysterystain/music/ode-to-horse_ebooks-wip	
https://chipmusic.org/shanebro/music/too-much-space-not-enough-time	chiptune famitracker
https://chipmusic.org/bit+mummy/music/bite-it-you-scum-gg-allin-cover	gameboy,gg allin bite it you scum scumfuck,lsdj bit mummy
https://chipmusic.org/bryface/music/careful-shouting	gameboy,lsdj
https://chipmusic.org/VCMG/music/binary-lake-sunvoxmonotroniphone	analog,fakebit,monotron,sunvox,tweakybeat
https://chipmusic.org/Doomsberry/music/in-the-depths	chiptune,gameboy,lsdj
https://chipmusic.org/Go+Guns+%21%21/music/chasing-ghosts	chiptune,gameboy,lsdj
https://chipmusic.org/Hide+Your+Tigers/music/lsdj-for-track-4	lsdj chiptune gameboy
https://chipmusic.org/WMD/music/vanilla	chiptune,gameboy,lsdj,wmd,wmd
https://chipmusic.org/bryface/music/advice-is-great!	chiptune,gameboy,lsdj
https://chipmusic.org/Kubbi/music/tidal-force	fakebit
https://chipmusic.org/Starpilot/music/somethin-weird-goin-on-round-thar	chiptune,dance,fakebit,pop,renoise,shit
https://chipmusic.org/Starpilot/music/colourgories---i-love-your-asian-smile	chiptune,fakebit,renoise
https://chipmusic.org/apterous/music/realm-of-mind---the-journey-pt1-[last-boss-of-the-universe-trilogy]	amdness,bossfight,c64,chaos,chiptune,experimental,finalboss,gameover,horns,lastboss,orchestral,piano,progressive
https://chipmusic.org/MusicgamerX/music/musicgamerx---8-bit-dirty	chiptune,fakebit
https://chipmusic.org/Wheely/music/unexpected-strike	heavy,magical8bit,ploque
https://chipmusic.org/HolyNegative0/music/genesis	gameboy,nanoloop
https://chipmusic.org/Last-Action-Her0/music/ill-bleep-you-to-space-korg-ds-10	chiptune,ds10,gameboy
https://chipmusic.org/kymaz/music/maths-deadmau5	chiptune,cover,deadmau5,gameboy,lsdj,maths,remix
https://chipmusic.org/8+Bit+Jin/music/bombing-run	chiptune chiplogic
https://chipmusic.org/2PLAYER/music/infinity-force-album-teaser	gameboy,nes
https://chipmusic.org/theghostservant/music/-but-with-grace-you-reaffirm-how-you-are-god-ft-jay-tholen	
https://chipmusic.org/dasid/music/stop-me-if-you-think-youve-heard-this-chip-pun-before	covers,dasid,morrissey,the smiths
https://chipmusic.org/sugar+sk%2A-%2Alls/music/easy-peasy	
https://chipmusic.org/kymaz/music/nebulae	chiptune,emulator,gameboy,lsdj,nebula,nebulae
https://chipmusic.org/kymaz/music/aerodynamic-daft-punk	aerodynamic,chiptune,daft punk,gameboy,lsdj
https://chipmusic.org/sombreronegro/music/jibaku	gameboy,lsdj
https://chipmusic.org/TeenArts/music/sealab-2020-too	chiptune,cover,dmg,guitar,lsdj,punk,seattle
https://chipmusic.org/HolyNegative0/music/chipmusic-battle-w--pugbath-or-something	chipbattle,iphone,nanoloop,wrestling
https://chipmusic.org/Thunder+Face/music/mental	lsdj cgb
https://chipmusic.org/pcpbat/music/moon-surfer	gameboy,lsdj
https://chipmusic.org/GHarrisonSounds/music/wasteland	chiptune,soundtracker,zx spectrum
https://chipmusic.org/Kubbi/music/gravity	8 bit,bass,chipmusic,chiptune,drumnbass,game,gameboy,kubbi,new,planet,sleet,tracker,troposphere
https://chipmusic.org/bryface/music/cheap-bastard-groove	gameboy,lsdj
https://chipmusic.org/Auxcide/music/nebula	auxcide,chiptune,gameboy,lsdj,nebula
https://chipmusic.org/Kommisar/music/zaghurims-stronghold-full-version	c64,fakebit
https://chipmusic.org/Je+Mappelle/music/exploration	h8n,just,not appreciatin
https://chipmusic.org/UncleBibby/music/qwertyslap-korg-ds-10-plus	bass,chiptune,ds10,dsi,fakebit,funkbit,korg,nds,nintendo,plus
https://chipmusic.org/Loading_Screen/music/bit-by-bit	bit,chiptune,lsdj
https://chipmusic.org/Decktonic/music/watch-your-dubstep	ds10,ds10,dubstep,korg ds10,korg ds10,nintendo
https://chipmusic.org/stress_tn/music/computa-mssiah-and-pc	c64,chiptune,fakebit,mssiah,sid,stresstn
https://chipmusic.org/Reverund+Brown/music/jungle-book-burning	lsdj,new zealand,rough as bro
https://chipmusic.org/dorkus1218/music/konked	fakebit
https://chipmusic.org/Kubbi/music/4-repeating-chords	
https://chipmusic.org/mofumofu/music/geek-partylsdj	chiptune,gameboy,lsdj
https://chipmusic.org/AbductedBySharks/music/saskrotch-battle---is-this-skweee	skweee
https://chipmusic.org/nickmaynard/music/fuck-yes	fakebit
https://chipmusic.org/DJ+CATS/music/theres-still-hope-theres-still-time	2xlsdj,chill,chiptune,gameboy,lsdj,progressive
https://chipmusic.org/Note%21/music/dirt-and-feathers-arp104-murder-mix	dark,dirty,field recording,lsdj,monotribe,multitracking,wtf,wutang
https://chipmusic.org/ovenrake/music/size_pocket	w32 lgpt
https://chipmusic.org/Downstate/music/its-hard-to-masturbate-and-laugh-at-the-same-time	oh dear
https://chipmusic.org/Alley+Beach/music/submissive-submission-boss-battle	battle,failure,lsdj,non prosound,saskrotch,unmastered
https://chipmusic.org/TheKansasBeachPatrol/music/three-thirtythree	4track,808,chillout,chiptune,deep bass,downtempo,gameboy,lofi
https://chipmusic.org/pixls/music/mister-bundy-its-good-to-meet-you	gabber,murder,nanoloop,saskrotchs weekend battle challenge
https://chipmusic.org/calmdownkidder/music/ttfhb---blue-yellow-green-[a-summer-jaunt]	game boy,jaunty,lsdj,saskrotchs weekend battle challenge,the tin foil hat brigade
https://chipmusic.org/Mind+Body+Alpha/music/cruisin-with-the-bit	1 bit,1bit,qchan,zx spectrum
https://chipmusic.org/facundo/music/stacydilla-like-a-g6	all,balls,hell,like,like,motherfucker,suck,troll,will,you
https://chipmusic.org/mop1001/music/flynns-nightmare	
https://chipmusic.org/ninjaspew/music/maddest-kings-alive---lord-british	chiptune melbourne dub
https://chipmusic.org/sugar+sk%2A-%2Alls/music/battlefly-by-by-live-animals-fixd	nanoloop battle
https://chipmusic.org/sugar+sk%2A-%2Alls/music/battle-with-live-animals!-fly-by-0	nanoloop 16 battles
https://chipmusic.org/onewhitenoise/music/happy-vibes-1	sonrisa
https://chipmusic.org/Jellica/music/yehaya	please fill out the information below to upload music to the chipmusicorg community if this is your first time uploading mu
https://chipmusic.org/Danny+Hollar/music/dream!feel!forget!	fakebit,gameboy
https://chipmusic.org/Xuriik/music/odio-todo-lo-que-escribo	lsdj,nds
https://chipmusic.org/Orbital+Strike/music/event-horizon-demo	8 bit,8bit,brostep,chip step,chipstep,dmg,dubstep,dub step,electro,event,gameboy,horizon,house,lsdj,wobbles
https://chipmusic.org/KillBoosh/music/norms	amiga,c64,chiptune,fakebit,gameboy,lsdj,nanoloop,nes
https://chipmusic.org/JonnyRobot/music/superchef-bobby-flay	gameboy,lsdj
https://chipmusic.org/shizcake/music/thunderound-redblueyellow-rumble-pack-edition	battle challenge,gameboy,nanoloop
https://chipmusic.org/Saskrotch/music/thunderound-subslave-training-program-b	
https://chipmusic.org/%E2%96%92%E2%96%92%E2%96%92/music/leechhead---moongazing	lofi,minimal
https://chipmusic.org/shotgun+breakdown/music/abandoned	complextro,dubstep,electro,gameboy,house,lsdj,moombah
https://chipmusic.org/Superboy/music/superboy---iwak-peyek--musik-game-version-	amiga,c64,chiptune,fakebit,gameboy,lsdj,nanoloop,nes
https://chipmusic.org/Danny+Hollar/music/stazar	fakebit
https://chipmusic.org/Reverund+Brown/music/yeast-monkeys-rough-cut	lsdj,new zealand
https://chipmusic.org/Danny+Hollar/music/heart!attack!	fakebit
https://chipmusic.org/1000needles/music/transition-1	arduinoboy,chiptune,mgb,midines
https://chipmusic.org/HolyNegative0/music/chip-battle-w--aeros-round-2-rebuttal-heartless	battle,chiptune,gameboy,nanoloop
https://chipmusic.org/Auxcide/music/icarus	auxcide,chiptune,dual,gameboy,icarus,lsdj
https://chipmusic.org/Kubbi/music/planet-iii-mesosphere	8 bit,bass,chipmusic,chiptune,drumnbass,game,gameboy,kubbi,new,planet,sleet,tracker,troposphere
https://chipmusic.org/steal4ram/music/like-a-bitch	90s,chipbass,chiptune,gameboy,gamemusic,happy,hardcore,lsdj,nintendo
https://chipmusic.org/Danny+Hollar/music/seek!find!destroy!	chiptune,fakebit,gameboy,indie,nanoloop,nes,pop
https://chipmusic.org/TheKansasBeachPatrol/music/whats-a-beautiful-woman-like-you-bending-time-and-space-in-a-place-like-this	acid jazz,c64,casio,chipjazz,chiptune,circuit bending,electric piano,gameboy,jazz fusion,midi,nes
https://chipmusic.org/apterous/music/realm-of-mind---cyberium-dungeon-assault-force	blastbeat,c64,chiptune,horns,instrumental,jazzy,metal,nes,piano,progressive,rock
https://chipmusic.org/Zeropass/music/emerald-horizons	fakebit
https://chipmusic.org/KillBoosh/music/coffeecraft	amiga,c64,chiptune,fakebit,gameboy,nanoloop,nes
https://chipmusic.org/Kool+Skull/music/make-you-see	chipthrash,chiptune,circus,human,insane,lsdj,music,reason
https://chipmusic.org/TheKansasBeachPatrol/music/crowned-in-o-town---eh-talo-remix	808,chiphop,chiptune,gameboy,kc hiphop,nes
https://chipmusic.org/shizcake/music/digital-shave-gives-me-analog-rash----battle-challenge-phase-1-vs-saskrotch	battle challenge,gameboy,nanoloop
https://chipmusic.org/Pegasusomega/music/pegasus-and-omega---pegasus	chiptune,electro,lsdj,omega,pegasus
https://chipmusic.org/TheKansasBeachPatrol/music/6coins	808,chiptune,downtempo,dub,gameboy,trance
https://chipmusic.org/KillBoosh/music/bloodmama9	amiga,c64,chiptune,chiptunes steig fun popular love gaming people new,fakebit,gameboy,lsdj,nanoloop,nes
https://chipmusic.org/Subterrestrial/music/40-pin	ambient,c64,electronic,experimental
https://chipmusic.org/Wheely/music/the-arrival	happy,hard,ploque,victory
https://chipmusic.org/dto/music/assurance	8bit,8bit,chipcore,chiptune,dto,fakebit,lsdj
https://chipmusic.org/Diakon/music/everyone-loves-nazi-zombies	chip,glitch,glitchhop,heavy,noise
https://chipmusic.org/DjCUTMAN/music/voltage-nice-sprite-chiptune-remix	8bit,8bit,ableton,chiptune,cover,dj cutman,fakebit,live,magic,magical,remix,skrillex,voltage,vst,ymck
https://chipmusic.org/DJ+Eastern+Blok/music/we-were-toxic-all-along	chiptune,gameboy,lsdj,melancholy,techno
https://chipmusic.org/Auxcide/music/[benny-benassi]---cinema-skrillex-lsdj-remix	auxcide,benny benassi,chipstep,chiptune,dubstep,gameboy,lsdj,remix,skrillex
https://chipmusic.org/Ismpof/music/the-neverending-tale	chiptune,gameboy,lsdj
https://chipmusic.org/Je+Mappelle/music/no-time-mos-speedrun	hurry
https://chipmusic.org/Mizkai/music/meruto-chan-vs-mizkai---the-invisible-space-ninja-parade-dmg-battle-royale	chiptune,gameboy,lsdj
https://chipmusic.org/thebitman/music/elvis-beatdown-for-solarbear	bitman,gameboy,lsdj,solarbear
https://chipmusic.org/yes___pizza/music/long-blond	
https://chipmusic.org/balloonbear/music/alexogre---plush-your-mind-balloonbear-lsdj-remix	alexogre,chiptue,dmg01,electro,house,lsdj,wobble,wobblebass
https://chipmusic.org/Kittenrock/music/[kr059]---now---synthesized-valentine-excerpt	copy,distribute your copyrighted work only if they attribute your work,let others share,they are not allowed to remix or a
https://chipmusic.org/franz_koopa/music/getting-those-lazer-vibes	c64 fast chiptune
https://chipmusic.org/Live+Animals/music/flyover---chip-battle	nes
https://chipmusic.org/Aeros/music/chipmusic-battle-2012---round-1-vs-holynegative0-rebuttal-xenon	chiptune,gameboy,lsdj
https://chipmusic.org/OCTABITRON/music/skiploom	chiptune,jumpy
https://chipmusic.org/%E2%96%92%E2%96%92%E2%96%92/music/leechhead---sskyliner	lofi,minimal
https://chipmusic.org/AbductedBySharks/music/chip-battle-2012---round-2-vs-treble-child	battle challenge
https://chipmusic.org/onewhitenoise/music/spontaneia	happy,lol
https://chipmusic.org/Jredd/music/namco-highway	famitracker,hughes,jredd,n106,namco highway,nes,nintendo,rock,trevin
https://chipmusic.org/Bitman4life/music/found-a-way	chiptune
https://chipmusic.org/VAN17INO6/music/bak724k	chiptune,gameboy,lsdj,seis,van17ino6,vanilino
https://chipmusic.org/Saskrotch/music/chiptune-battle-challenge-digital-blades-in-your-analog-flesh	
https://chipmusic.org/Downstate/music/corridor-horror	chiptune,lsdj
https://chipmusic.org/LLTH/music/4324	8bit,awesomecat,chip music,chiptune,gameboy,game boy,lessthanthree,lsdj,nintendo
https://chipmusic.org/TrebleChild/music/chipmusic-battle-2012-round-2-im-looking-at-you-blue-as-in-sharkblue	chiptune,gameboy,lsdj
https://chipmusic.org/TrebleChild/music/chipmusic-battle-2012-round-1-rebuttal	chiptune,gameboy,lsdj
https://chipmusic.org/Benindetto/music/the-drake-equation	fakebit,rock
https://chipmusic.org/ohmtek81/music/resistor-dub-beat-[extendeddubedit]	chipbass,dub,gameboy,lsdj
https://chipmusic.org/GO%21GADGET/music/chemist-vs-bear-iayd-cover	chiptune,gameboy,lsdj
https://chipmusic.org/HolyNegative0/music/battle-w--aeros---round-one-cobalt	aeros,battle,gameboy,nanoloop
https://chipmusic.org/TERADAKTYLE/music/the-secret-of-mount-yamantau	gameboy,lsdj
https://chipmusic.org/sofaspartan/music/taking-on-the-impossible	chiptune,electronic,famitracker,game,nes,retro
https://chipmusic.org/Moriokun/music/the-prime-directive-[work-in-progress]	emulator,lsdj
https://chipmusic.org/AbductedBySharks/music/abducted-by-shark---round-one	
https://chipmusic.org/tempsoundsolutions/music/harshingit	amiga c64 chiptune fakebit gameboy nanoloop nes sabrepulse bit shifter saskrotch zen albatross nullsleep glomag shawnphase
https://chipmusic.org/thebitman/music/just-something	lsdj bitman
https://chipmusic.org/Awkwardterrible/music/rem-saveremfeat-the-glowing-stars	awkward,glowing,horchata,rem,saverem,stars,terrible,the
https://chipmusic.org/Zan-zan-zawa-butt/music/nice-website	fuck off
https://chipmusic.org/yes___pizza/music/shiny-toco	chiptune,gameboy,lsdj,yespizza
https://chipmusic.org/UncleBibby/music/inert-dirt-korg-ds-10-plus	3ds,chiptune,ds10,dsi,house,korg,m01,minimal,nds,nintendo,plus,techno
https://chipmusic.org/Je+Mappelle/music/solemn-wishes-famitracker	360 noscope,cod montage,pwnall n00bs,xdubstepzx,xsikx
https://chipmusic.org/JSin/music/beyond-the-bounds-jsin-chiptune-remix	beyond,bounds,chipstep,jsin,the
https://chipmusic.org/8bitweapon/music/bits-with-byte	c64,chiptune,gameboy,lsdj,nes
https://chipmusic.org/EarthwormJim/music/better-off-alone-[lsdj]	lsdj gameboy chiptune dnb liquid break house better off alone
https://chipmusic.org/Kommisar/music/arle-gets-raped-on-the-way-to-tim-hortons	chiptune,gameboy,lsdj,puyo puyo
https://chipmusic.org/Kubbi/music/sleet	chiptune,modplug,sleet,tracker
https://chipmusic.org/Je+Mappelle/music/caf	help,plz
https://chipmusic.org/sofaspartan/music/flying-in-enemy-territory	8bit,chiptune,game,nes,retro
https://chipmusic.org/secretpeter/music/skylark	
https://chipmusic.org/Iron+Curtain/music/imperatum-ad-machinas-terror-from-the-skies-above-2nd-demo	chiptune,drones,gameboy,latin,lsdj,unmanned aerial vehicles
https://chipmusic.org/Crya/music/crya---gecko	8bit,bass,electro,gameboy,lsdj
https://chipmusic.org/Decktonic/music/2012	ds10,dubstep,korg,korg ds10
https://chipmusic.org/Christinast_stk%40hotmail.c/music/affinity	genesis soundfont fruity loops fl studios
https://chipmusic.org/Je+Mappelle/music/vois	gay
https://chipmusic.org/rockman/music/broken-hopes	8bit,chipmusic,chip music,chiptune,chiptunes,dub step,dubstep,dubstep  electronic,gameboy,lsdj,micromusic,microsound
https://chipmusic.org/Kitty+On+My+Head/music/path-of-the-wind-ost-tonari-no-totoro	chiptune,gameboy,lsdj
https://chipmusic.org/onewhitenoise/music/cause-i-can	wesfgrhdtgf
https://chipmusic.org/Battle+Lava/music/untitled-37	chiptune,gameboy,lsdj
https://chipmusic.org/Ismpof/music/shining-moon	chiptune,gameboy,lsdj
https://chipmusic.org/Ismpof/music/total-eclipse	chiptune,gameboy,lsdj
https://chipmusic.org/roboctopus/music/zyreotropic-calumdash	dmg,gameboy,lsdj
https://chipmusic.org/Iron+Curtain/music/imperatum-ad-machinas-terror-from-the-skies-above	chiptune,drones,gameboy,latin,lsdj,unmanned aerial vehicles
https://chipmusic.org/nickmaynard/music/hashtag-2012	
https://chipmusic.org/spry/music/hotwire-feat-mega-flare	chiptune,collaboration,dance,gameboy,lsdj,mega flare,spry
https://chipmusic.org/Superboy/music/cherry-belle---beautiful--superboy-remix-	amiga,c64,chiptune,fakebit,gameboy,lsdj,nanoloop,nes
https://chipmusic.org/TERADAKTYLE/music/banished-to-the-stars	adventure,chiptune,dmg,gameboy,lsdj,release,science fiction
https://chipmusic.org/DF0%3A+BAD/music/sadsack-discoparty	2149,acid,atari,deep,evil,house,melodic,prog,techno
https://chipmusic.org/Thunder+Face/music/lemonz	chipthrash,gameboy,lsdj
https://chipmusic.org/sombreronegro/music/sombreronegro---orbital	lsdj
https://chipmusic.org/Kubbi/music/kubbi---stalactite--from-8bitworld-	chiptune,fakebit
https://chipmusic.org/Mega+Flare/music/set-the-pace	chiptune
https://chipmusic.org/mahamajama/music/bgm-1-mario-paint	bgm1,jazz,mahamajama,mario paint
https://chipmusic.org/Duck+Boy/music/i-kissed-a-duck	chiptune  fun chile,duck boy,duck hunt
https://chipmusic.org/Kool+Skull/music/eye-juice	chip,kool,lsdj,skull,thrash,tune
https://chipmusic.org/Kubbi/music/kubbi---planet-iv-ionosphere	chiptune,kubbi,modplug,planet,sleet,tracker
https://chipmusic.org/Cangrejo/music/monster-people	chiptune,glitch,lsdj,noise,wavescrabmonsterpeople
https://chipmusic.org/xombie/music/guts	xombie gameboy lsdj chiptune
https://chipmusic.org/algar/music/castle-black	chiptune
https://chipmusic.org/Someonestolemycastle/music/phoenix	chiptunes,nes,phoenix
https://chipmusic.org/PhishNchipZ/music/alone-forever-!	alone,forever,friends,happy,lsdj,phishnchipz,rick,roll,together
https://chipmusic.org/Kubbi/music/kubbi---damage	kubbi chipstep
https://chipmusic.org/NOM+STAR/music/pipeline	chiptune,gameboy,lsdj
https://chipmusic.org/micophobia/music/rise-of-the-raccoon	famitracker 8bit nes 2a03 raccoon micophobia
https://chipmusic.org/reborn.nsf/music/when-im-gone	chiptune,gameboy,lsdj
https://chipmusic.org/thebitman/music/joel-the-cube-master	gameboy lsdj
https://chipmusic.org/sombreronegro/music/another-shitty-deadbeatblast-cover	gameboy,lsdj
https://chipmusic.org/Saskrotch/music/mr-xs-theme-remix	lsdj,mega man 6
https://chipmusic.org/franz_koopa/music/adderall-cognitive-expansion	c64,chiptune,happy,sid
https://chipmusic.org/Solarbear/music/the-padstow-missile-crisis-idevourstatic-is-a-78th-level-lsdj-necromancer-and-i-know-because-i-saw-him-raise-the-dead	chiptune,crisis,idevourstatic,lsdj,missile,padstow,rock,solarbear
https://chipmusic.org/Spore/music/keep-me	chiptune,gameboy,lsdj
https://chipmusic.org/SurplusGamer/music/doctor-charles-mandibles	famitracker,nes
https://chipmusic.org/Mega+Flare/music/current-feat-cypher	chiptune
https://chipmusic.org/campbell/music/macropolis	binary,drone,gameboy,glitch,nanoloop
https://chipmusic.org/UncleBibby/music/the-long-dark-hallway	ambient,chipsounds,chiptune,cubase,fakebit,plogue,sampled,samples,snes,vocals
https://chipmusic.org/RAWMEAT/music/painful-hernia	mystery sauce,rippindale,snaggletooth
https://chipmusic.org/robotsexmusic/music/girl-your-booty-it-so-swoll	chiptune,gameboy,lsdj
https://chipmusic.org/DEADBEATBLAST/music/total-disaster	8bit,bitmasters,chiptune,deadbeatblast,gameboy,lsdj,music,netlabel,nintendo
https://chipmusic.org/Mooninite/music/no-thnx	chiptune,electro,gameboy,nanoloop,pop,week 3
https://chipmusic.org/Bitman4life/music/new-path	chiptune
https://chipmusic.org/%28451%29/music/shut-up-and-ahx	ahx,amiga,cover
https://chipmusic.org/spry/music/oratio	chiptune,cincinnati,dance,gameboy,love,lsdj,music,spry
https://chipmusic.org/yesyesohgodyes/music/wip-for-james	gameboy,lsdj
https://chipmusic.org/seanmonistat/music/dont-worry-you-two-will-still-have-a-good-time-at-bjork	bass,c64,cbasicore,commodore,mellow,trance,tripchip
https://chipmusic.org/Kremland/music/return-of-the-hero	milkytracker
https://chipmusic.org/unifiedspontaneity/music/1202271-out	ymvst
https://chipmusic.org/Jellica/music/zyxdtwoquestion	separate each tag with a comma non alphanumeric characters will be stripped to help us standardize tags
https://chipmusic.org/spinning+voices/music/lakebirds	chiptune,gameboy,lsdj
https://chipmusic.org/seanmonistat/music/ronkonkoma-by-rail	c64,cbasicore64,chiptune,commodore
https://chipmusic.org/Sukie%2A/music/[alex-krycek]	blahblah,gba,minipops,noise,sid,sukie
https://chipmusic.org/Bitmore/music/psybit1	c64,chiptune,fakebit,psychedelic
https://chipmusic.org/apterous/music/realm-of-mind---mad-wizard	beats,chiptune,fusion,horns,instrumental,jazz,jazzy,nes,piano,progressive
https://chipmusic.org/thevillain/music/expreso-999-space	c64,chiptune,the villain
https://chipmusic.org/spinning+voices/music/code-monkey	chiptune,gameboy,lsdj
https://chipmusic.org/RadioKids%21/music/radiokids!--final-chapter--boss-battle-	nes
https://chipmusic.org/RadioKids%21/music/radiokids!---hes-speaking-of-a-killer-then-the-killer-hes-speaking-of-is-a-cannibal-	c64,nes
https://chipmusic.org/pulseflux/music/a-lasting-aberration	chiptune,gameboy,lsdj
https://chipmusic.org/seanmonistat/music/cheeto-finger-resin-hits	albums,c64,cbasicore64,chiptune,jerseycity,releases,seanmonistat
https://chipmusic.org/Maxo/music/twirling-star	fakebit,prog
https://chipmusic.org/thevillain/music/klavier-8-bit-version	chiptune,nes,the villain
https://chipmusic.org/VAN17INO6/music/genil	chip,chiptune,electro,game boy,genial,genil,house,lsdj,seis,techno,van17ino6,vanilino
https://chipmusic.org/RadioKids%21/music/radiokids!---this-house-like-a-treasure-island	c64,nes
https://chipmusic.org/Maxo/music/dragon-ball---hokuto-no-ken	dragon ball,fakebit,fist of the north star
https://chipmusic.org/Maxo/music/contexts-from-last-night	fakebit
https://chipmusic.org/Mario+Frog+Suit/music/pritsy-pixie-!!!	chiptune,dance,electro,happy,jam,lsdj,macy lytle,mario frog suit,techno
https://chipmusic.org/Hide+Your+Tigers/music/hyt-demo-2-8bit-pop-punk-band	chiptune lsdj poppunk
https://chipmusic.org/Bitman4life/music/final-battle	chiptune
https://chipmusic.org/Bitman4life/music/core	chiptune
https://chipmusic.org/UncleBibby/music/mountain-rain	chipsounds,chiptune,cubase,fakebit,funkbit,plogue
https://chipmusic.org/cyclpsrock/music/optimism---cyclops-rock	chiptune,gameboy,lsdj
https://chipmusic.org/apterous/music/realm-of-mind---dawn-on-moon	beats,chiptune,horns,jazz,jazzy,madness,nes,piano,progressive
https://chipmusic.org/onewhitenoise/music/surveillance	rtjehsrwgeadz
https://chipmusic.org/Ismpof/music/sea-of-dreams	chiptune,gameboy,lsdj
https://chipmusic.org/Ismpof/music/cosmic-bubbles	chiptune,gameboy,lsdj
https://chipmusic.org/apterous/music/realm-of-mind---lost-wonders	beat,beats,chaos,chiptune,horns,jazzy,madness,nes,piano,progressive
https://chipmusic.org/sombreronegro/music/redline	gameboy,lsdj
https://chipmusic.org/Jredd/music/keys--rytmik-test	hip hop,jam,jredd,keys,loop,rytmik,test,trevin hughes
https://chipmusic.org/RHEOSTATIK/music/after-midnight	after,chiptune,midnight,rheostatik
https://chipmusic.org/SgtCrispy/music/area-01	chiptune,fakebit,sunvox
https://chipmusic.org/onewhitenoise/music/scary-monstfu	w4terthfyj
https://chipmusic.org/Kommisar/music/faen	c64,fakebit
https://chipmusic.org/RAWMEAT/music/pink-membrane-shone-through-his-skull	coma dream,snake rock
https://chipmusic.org/LONELY+TUNES/music/mps	chiptune,gameboy,lsdj
https://chipmusic.org/algar/music/kim-jong-il-will-forever-lay-still	chiptune,gameboy
https://chipmusic.org/chunter/music/im-quitting-chiptune	38911 bytes,c64,fakebit,jh compo,renoise,vst
https://chipmusic.org/Kubbi/music/kubbi---planet-v-exosphere	chiptune,kubbi,sleet
https://chipmusic.org/Duck+Boy/music/duckula	chiptune,duck boy,duckula
https://chipmusic.org/Lazerbeat/music/wylie	lsdj,renoise
https://chipmusic.org/gsmith/music/cheops	fakebit
https://chipmusic.org/ichsan/music/power	chiptune,gameboy,lsdj
https://chipmusic.org/ichsan/music/ambulance-was-in-a-hurry	chiptune,gameboy,lsdj
https://chipmusic.org/h33llxz/music/odio-mi-cumpleaos	gameboy,lsdj
https://chipmusic.org/sombreronegro/music/bird-and-berry	gameboy,lsdj
https://chipmusic.org/Ultrasyd/music/atari-sucks	atari electro maxymiser
https://chipmusic.org/Kommisar/music/funk-blast	chiptune,gameboy,lsdj
https://chipmusic.org/xombie/music/winedrunk	xombie drunk wine yes gameboy
https://chipmusic.org/micophobia/music/kinoko-force---stage-select	famitracker,nes
https://chipmusic.org/HolyNegative0/music/blue-two	cadence,iphone,nanoloop
https://chipmusic.org/Spore/music/windmill	chiptune,gameboy,hardcore,lsdj,song of storms,spore,windmill song
https://chipmusic.org/xombie/music/honey-honey-whos-got-the-money	lsdj gameboy xombie regis philbin
https://chipmusic.org/Str8-Bit/music/i-aint-your-buddy	dubstep,falco,gameboy,lsdj,starfox
https://chipmusic.org/Battery+Powered+Music/music/pocket-rock-it	acid,chip bass,chip music,chiptune,doom,dub,masterstrokeds,pixelh8,skweee
https://chipmusic.org/sombreronegro/music/manorama	gameboy,lsdj
https://chipmusic.org/xombie/music/distortion-virgin	xombie chiptune gameboy lsdj
https://chipmusic.org/leeni/music/headphones-on-your-heart-5th-anniversay-version	chiptune,gameboy,lsdj
https://chipmusic.org/Mystic+Hero/music/mystic-hero---hero-in-1-bit	1bit,beepola,chiptune,fun,noise
https://chipmusic.org/Stern+Fucking+Zeit/music/apocalyptic-soundtrack-of-doom-of-death	
https://chipmusic.org/LukHash/music/pixelove	c64,lukhash,nanoloop
https://chipmusic.org/Spore/music/mir	chiptune,gameboy,spore mir
https://chipmusic.org/spinning+voices/music/irregula	chiptune,gameboy,lsdj
https://chipmusic.org/Sweethammer/music/transylvania-wagon-ride	amiga,c64,chiptune,fakebit,gameboy,lsdj,nanoloop,nes
https://chipmusic.org/balloonbear/music/hip-hop-beat-lsdj-rmx-of-alexogre---plush-your-mind	beat,dmg,gameboy,hiphop,lsdj
https://chipmusic.org/Ultrasyd/music/the-final-bitchslap-ste-dmg	atari gameboy ste
https://chipmusic.org/datavase/music/musicat	atari st,chiptune
https://chipmusic.org/datavase/music/datacorder	atari st,chiptune
https://chipmusic.org/100HandSlap/music/life-in-the-buslane	100handslap,bus,buslane,chiptune,cumbria,lane,lsdj,vocals
https://chipmusic.org/Superboy/music/superboy---good-bye	amiga,c64,chiptune,fakebit,gameboy,lsdj,nanoloop,nes
https://chipmusic.org/apterous/music/realm-of-mind---empty-journal	chiptune,crossgenre,fusion,jazzy,madness,nes,progressive
https://chipmusic.org/electricloverecords/music/sublight-speed-by-goofy-foot	jungle
https://chipmusic.org/xylo/music/xyce---dans-la-rue	cerror,xyce,xylo
https://chipmusic.org/Kubbi/music/planet-i-troposphere	kubbi tits chiptune 8 bit 8bit tracker modplug
https://chipmusic.org/concretedog/music/meirion	ambient,clarinet,coracle,nanoloop
https://chipmusic.org/8-Bit+Vic/music/scary-monsters-and-nice-spirits	gameboy,lsdj,monsters,nice,scary,skrillex,spirits
https://chipmusic.org/onewhitenoise/music/experi	3wr4etr5yhjg
https://chipmusic.org/Diakon/music/separatist-dub-revolution-riddim	chip dub,dub,laptop reggae,reggae
https://chipmusic.org/algar/music/blah-pah	chiptune
https://chipmusic.org/Plastilina/music/nega-g	
https://chipmusic.org/electricloverecords/music/woogie-is-my-hero-by-eyorca	psyjungle
https://chipmusic.org/Daemon/music/to-the-rhythm-of-your-heart-live-guitar-bass-vocals-w-modplug	bass,chip,chiptune,fakebit,guitar,live,modplug,nes,nintendo,vocal love
https://chipmusic.org/Duck+Boy/music/king-duck	duck boy
https://chipmusic.org/Kommisar/music/ecchi-sketchy-wan-touchy	chipstep,chiptune,gameboy,lsdj
https://chipmusic.org/fedepede04/music/forward-now-made-by-thomas-canell	8bit,16bit,atari st,ay8910,chiptune,project,ym2149,ymer
https://chipmusic.org/boaconstructor/music/native-tongue-vip	8bit,chipstep,gameboy,grime,lsdj
https://chipmusic.org/RAWMEAT/music/i-hung-by-my-neck	
https://chipmusic.org/gsmith/music/corsair	fakebit
https://chipmusic.org/Cooshinator/music/cosecant-weeklybeats-06	chiptune,gameboy,lsdj
https://chipmusic.org/carlschultz/music/hopscotch-wooly-winged-typewriters	experimental,fakebit
https://chipmusic.org/PamTech/music/daydreams	chiptune
https://chipmusic.org/Kubbi/music/kubbi---mellow	kubbi mellow tits sup
https://chipmusic.org/Kittenrock/music/downstate---coin-paint	
https://chipmusic.org/Saskrotch/music/city-spikes	ableton,lsdj
https://chipmusic.org/beek/music/pleiadeans	chiptune,schism
https://chipmusic.org/onewhitenoise/music/merry-go-fcking-round	wahoo
https://chipmusic.org/RAWMEAT/music/drive-montgomery!	chiptune
https://chipmusic.org/Downstate/music/album-sampler	
https://chipmusic.org/apterous/music/realm-of-mind---far-travels	chipstep,chiptune,nes,space
https://chipmusic.org/apterous/music/realm-of-mind---fall-of-the-empire	beat,beats,chiptune,jazzy,nes,piano,progressive
https://chipmusic.org/Jcomp/music/laser-challenge	chiptune,gameboy,lsdj
https://chipmusic.org/spacecosmo/music/slide	chiptune,gameboy,lsdj
https://chipmusic.org/Krubbz/music/weltschmerz	3ds,chiptune,krubbz,retrobits,weltschmerz
https://chipmusic.org/Kubbi/music/kubbi---planet-teaser	kubbi planet
https://chipmusic.org/exilefaker/music/rockman-x---intro-stage-theme-cover	lsdj capcom
https://chipmusic.org/Kommisar/music/coppermoon	
https://chipmusic.org/FTF/music/avalanchia	chiptune,ftf,gameboy,lsdj
https://chipmusic.org/Starpilot/music/sparkling	chipgaze,renoise,shoegaze
https://chipmusic.org/fuxter/music/ugly-dream	lsdj
https://chipmusic.org/TriWarp/music/meteor-mash	chiptune,gameboy,lsdj meteor mash,triwarp,warp zone
https://chipmusic.org/nikola/music/ureshii-2	fakebit
https://chipmusic.org/ledmachine/music/expired-soup	gameboy,lsdj
https://chipmusic.org/shotgun+breakdown/music/safe-again	
https://chipmusic.org/apterous/music/realm-of-mind---space-eater	bossfight,chiptune,nes,progressive
https://chipmusic.org/steal4ram/music/f00k-up	90s,chipbass,chiptune,gameboy,gamemusic,happy,lsdj,nintendo
https://chipmusic.org/MusicgamerX/music/forget-you	fakebit
https://chipmusic.org/casius/music/casius---see-your-later	chiptune,gameboy,lsdj
https://chipmusic.org/casius/music/casius---medebits	chiptune,gameboy,lsdj
https://chipmusic.org/Music4pc/music/my-first-famitracker-song	chiptune,famitracker,first,music4pc,nes,song,techno
https://chipmusic.org/KidULTCalcium/music/acespaceface-lsdj-unmastered	ace,calcium,chiptune,face,gameboy,kid,kidcalcium,kidult,kidultcalcium,kult,lsdj,nes,space
https://chipmusic.org/apterous/music/realm-of-mind---the-elf-of-titania-meets-minor-menace-from-space-part1	chiptune,experimental,gameboy,horns,jazzy,metal,nes,piano
https://chipmusic.org/apterous/music/realm-of-mind---the-elf-of-titania-meets-minor-menace-from-space-part2	chiptune,experimental,fusion,gameboy,jazzy,nes,piano
https://chipmusic.org/WaTERMeLON/music/blip-ride	chiptune,milkytracker,progressive
https://chipmusic.org/onewhitenoise/music/so-you-go-v02	aw4etrgthfg
https://chipmusic.org/Solarbear/music/wv-become-the-mayor-of-cans	become,cans,chiptune,gameboy mayor,lsdj,solarbear,vagabond,wayward
https://chipmusic.org/Saskrotch/music/spaghetto-blaster	
https://chipmusic.org/poisoncut/music/solar-pursuit	soundtrack megadrive genesis fm
https://chipmusic.org/100HandSlap/music/apocalypse-now-and-then	100handslap,chipmetal,chiptune,chuggtune,gameboy,heavy,lsdj,metal
https://chipmusic.org/Love+Through+Cannibalism/music/pinsir-used-fly	breakcore,chipbreak,chiptune,fakebit
https://chipmusic.org/Wheely/music/keepers-of-the-talisman-book-four---a-sea-of-trouble	160bpm,dance,fakebit,hard,magical8bit,ploque,storytale
https://chipmusic.org/A+art/music/this-place	gameboy,lsdj,vocals
https://chipmusic.org/alchemist+records/music/softoft-techech---sonic-tooth	house,paul slocum,post chiptune,post house,shoegaze,tree wave
https://chipmusic.org/Kitty+On+My+Head/music/show-me-the-future	chiptune,gameboy,lsdj
https://chipmusic.org/Breezesquad_/music/grey-mountain-everything-goes-extinct	bitpop
https://chipmusic.org/LONELY+TUNES/music/backlash	chiptune,gameboy,lsdj
https://chipmusic.org/Jcomp/music/dot-matrix-showers-lsdj--acoustic-guitar	chiptune,gameboy,lsdj
https://chipmusic.org/Krubbz/music/rabbit-ropin	ennio morricone,gallop,gameboy,lsdj,western
https://chipmusic.org/fluidvolt/music/sparrowroad-showdown	famitracker,nes,spanish,western
https://chipmusic.org/fluidvolt/music/albatross-valley	famitracker,nes,western
https://chipmusic.org/roboctopus/music/depart	chiptune,gameboy,lsdj
https://chipmusic.org/OrigamiCat/music/were-going-on-a-bear-hunt	bear hunt,chiptune,classical,gameboy,lsdj,origamicat
https://chipmusic.org/jmcclelland/music/martian-field-trip-v2	james mcclelland fl studio fakebit original
https://chipmusic.org/FTF/music/bulldozer-babies-lsdj-vox-acoustic-drums	chiptune,drums,ftf,gameboy,hiphop,lsdj,rap
https://chipmusic.org/poisoncut/music/astro-cave	c64,chiptune
https://chipmusic.org/Faking+Amnesia/music/lessons-learned-2xlsdj	chiptune,faking amnesia,gameboy,lsdj
https://chipmusic.org/Christinast_stk%40hotmail.c/music/sorrowful-climax	chiptune pxtone
https://chipmusic.org/onewhitenoise/music/dew-lilypads-v04	dew it,doo
https://chipmusic.org/greenhousetheory/music/lessons-learned	chiptune,gameboy,nintendo ds
https://chipmusic.org/greenhousetheory/music/nightmare-melody	chiptune,gameboy
https://chipmusic.org/GreyScreen/music/brace-yourself-like-a-man	
https://chipmusic.org/Hydrotrope/music/searching-for-home	famitracker original
https://chipmusic.org/Hydrotrope/music/when-i-woke-up	famitracker original
https://chipmusic.org/Hydrotrope/music/rollercoaster	famitracker original
https://chipmusic.org/Hydrotrope/music/nostalgia-overload	famitracker original
https://chipmusic.org/Hydrotrope/music/endo-the-dermo	famitracker original
https://chipmusic.org/apterous/music/realm-of-mind---crystalia	beats,chiptune,gameboy,nes
https://chipmusic.org/apterous/music/realm-of-mind---through-the-tunnel	8bit,beat,chiptune,horn,instrumental,jazzy,nes,piano
https://chipmusic.org/Nestrogen/music/collapse-of-history-atr-remix	chiptune,fakebit
https://chipmusic.org/Solarbear/music/daisuki	chiptune,daisuki,gameboy,happy,hardcore,lsdj,solarbear,unce
https://chipmusic.org/Jredd/music/retro-rush	fakebit,jredd,nitendo ds,retro bits,rytmik,trevin hughes
https://chipmusic.org/Kanashibari/music/dynamite-kid	chiptune,dynamite,fakebit,hardcore,kid,post
https://chipmusic.org/PamTech/music/orange-bread-chip_step	chiptune,dubstep
https://chipmusic.org/roboctopus/music/wave-channel-pwm	
https://chipmusic.org/Daniel8bit/music/gradius	
https://chipmusic.org/Daniel8bit/music/laset	chiptune,gameboy,lsdj
https://chipmusic.org/pcpbat/music/franny-and-zooey	gameboy,lsdj
https://chipmusic.org/Kanashibari/music/to-the-shore	
https://chipmusic.org/Kanashibari/music/i-3-nukes	fakebit,kanashibari,nuclear,war
https://chipmusic.org/Superboy/music/dubstep--8bit-	amiga,c64,chiptune,fakebit,gameboy,lsdj,nanoloop,nes
https://chipmusic.org/amnesiac/music/you-wont-ruiner-finally-a-final-version!	nu gaze amnesiac nes guitar vocals shoegaze 20a3
https://chipmusic.org/nikola/music/beginning-adventure-awaits	fakebit,vgm,videogamemusic
https://chipmusic.org/Xuriik/music/lavapttune	chiptune,cover,korg m01,nintendo,soundtrack,upbeat
https://chipmusic.org/the_hexadecimals/music/vampire-beach-party	
https://chipmusic.org/NationalBroadcastNetwork/music/hi-5	c64,chiptune,fakebit
https://chipmusic.org/steal4ram/music/homecoming	8bit,chipbass,chipbeat,chipmusic,chiptune,gameboy,lsdj
https://chipmusic.org/Cuttlefish/music/reaching-the-summit	chiptune,cuttlefish,lsdj,reaching,summit,the
https://chipmusic.org/Bateman+Bandit/music/salt--vinegar-nanoloop-16	chiptune,gameboy,nanoloop16
https://chipmusic.org/Kubbi/music/dew	amiga,c64,chiptune,dew,fakebit,gameboy,kubbi,lsdj,nanoloop,nes,shit
https://chipmusic.org/LukHash/music/broken-star	c64,gameboy,lukhash,mssiah64
https://chipmusic.org/Markula/music/greymarch	fakebit,markula,midi
https://chipmusic.org/noisewaves/music/misery-business-paramore-remix	bass,chiptune,famitracker,nes,vrc6
https://chipmusic.org/Triceratops/music/there-is-no-ocean	
https://chipmusic.org/RadioKids%21/music/radiokids!-go!	chiptune,gameboy,nanoloop,nes
https://chipmusic.org/RadioKids%21/music/radiokids!---the-adventure-of-lazyman	chiptune,gameboy,nanoloop,nes
https://chipmusic.org/RadioKids%21/music/radiokids!---mission--intro-	chiptune,gameboy,nanoloop,nes
https://chipmusic.org/Superboy/music/adios-feat-tiara---stay-with-me--superboy-cover-	amiga,c64,chiptune,fakebit,gameboy,lsdj,nanoloop,nes
https://chipmusic.org/64Mega/music/cover---sf2010-planet-1-area-3	cover,nes,sf2010,street fighter 2010,vrc6
https://chipmusic.org/DaPantz/music/is-this-over-survival-tactics	chiptune,gameboy,lsdj
https://chipmusic.org/OrigamiCat/music/and-so-we-ran	8bit,chiptune,gameboy,modarato
https://chipmusic.org/Nullatrum/music/night-nx	chiptune,epic,gameboy,lsdj,night,nullatrum
https://chipmusic.org/Phreeze/music/boney-arse-vs-phreeze---fuck-chickenz	c64,chiptune sid
https://chipmusic.org/Cuttlefish/music/britney-spears---till-the-world-ends-lsdj-remix	britney spears,chiptune,cuttlefish,lsdj,till the world ends
https://chipmusic.org/Diakon/music/calculator-face	chip,glitch,glitch hop,hip hop
https://chipmusic.org/-electrifiedbit-/music/fuck-my-style	chiptune,gameboy,lsdj
https://chipmusic.org/Nappi/music/111	dpcm,famicom,fds,nes
https://chipmusic.org/Phreeze/music/c64-dominatrix---dnb--jungle	c64,chiptune,drumnbass,jungle
https://chipmusic.org/Jredd/music/blue-funk	album,chiptune,fmpossible,funk,groovemaster303,sega genesis,trevin hughes,vgm mm
https://chipmusic.org/SGT.+X/music/pizza-dermist	
https://chipmusic.org/Dr.+Zilog/music/daggermouth	8bit death metal
https://chipmusic.org/Happy+Black/music/wavemonster	8bit,black,chiptune,gameboy,happy,lsdj,nintendo
https://chipmusic.org/Kubbi/music/dyrwkwtsf	c64,chiptune,dolmar pedro,fakebit,gameboy,kubbi,lsdj,nanoloop,nes
https://chipmusic.org/Kitty+On+My+Head/music/sound-of-wishes	
https://chipmusic.org/Kitty+On+My+Head/music/im-not-ur-robot-again	
https://chipmusic.org/Kitty+On+My+Head/music/the-dancing-oldman	
https://chipmusic.org/STereochan/music/aki-she-rx	8bitpeoples,aki,lsdj i think,pioneer,remix,renoise,she,stereochan
https://chipmusic.org/VCMG/music/victory-flower-fields	chiptune,gameboy,happy,joyful,lsdj
https://chipmusic.org/Iron+Curtain/music/twilight-of-the-starfish-winter-chill-remix	chip hop,chiphop,chiphop,chiptune,dubstep,gameboy,lsdj
https://chipmusic.org/the_hexadecimals/music/8-bits-of-doom	8bit,aphex twin,chiptune,daft punk,dubstep,gameboy,house,lsdj,nes,wobble
https://chipmusic.org/Kommisar/music/x-soldier-storm--v2	c64,fakebit
https://chipmusic.org/tempsoundsolutions/music/logear-4-2-alex-mauer-cover-live-at-magfest	alex mauer,arrangement,chiptune,cover,file freakout,full band,logear,temp sound soutions
https://chipmusic.org/A+Versus+B/music/the-wwwyzzerdd-lsdj-chipgrind	chipgrind,chipthrash,chiptune,gabber,gameboy,grind,lsdj
https://chipmusic.org/Kubbi/music/incoming-transmission-pt-2	amiga,c64,chiptune,fakebit,gameboy,lsdj,nanoloop,nes
https://chipmusic.org/Kubbi/music/incoming-transmission	adding random tags,amiga,c64,chiptune,fakebit,gameboy,kubbi,lsdj,nanoloop,nes
https://chipmusic.org/nikola/music/ureshii	fakebit
https://chipmusic.org/NationalBroadcastNetwork/music/we-are-the-peoples-army	c64,chiptune,fakebit
https://chipmusic.org/Cangrejo/music/teofuction	chiptune,gameboy,lsdj
https://chipmusic.org/Superboy/music/superboy---dead-my-gameboy--remix-	amiga,c64,chiptune,fakebit,gameboy,lsdj,nanoloop,nes
https://chipmusic.org/MicroD/music/rebound-prime-by-microd-out-now!	nyan,rasta nyan cat,reggae,rudeboy,ska
https://chipmusic.org/Feryl/music/rainfall	aware,chiptune,feryl
https://chipmusic.org/mrhmouse/music/again-with-the-flowers	
https://chipmusic.org/Cartoon+Bomb/music/perpetuating	lgpt,piggy
https://chipmusic.org/irrlichtproject/music/laprs-monkey-6-bit	6bit,amelie,coco,dragon,fail,jungle,monkey,music maestro,yann tiersen
https://chipmusic.org/Phreeze/music/final-outcome-c64-sid-mssiah	8bit,c64,chiptune,mssiah
https://chipmusic.org/CHICKENANDROFLS/music/the-take-over	chickenandrofls,famitracker
https://chipmusic.org/_133/music/133z012	133,133z0,artist,chiptune,experimental,gameboy,lsdj,new
https://chipmusic.org/Lewis+Thomas/music/flustered-thrusters	
https://chipmusic.org/FishHookPunk/music/ska-kid	chiptune,experimental,punk,rock,ska
https://chipmusic.org/themediashow/music/blipzginka	armenian,classical,gameboy,khachaturian,lsdj
https://chipmusic.org/firiz/music/the-first-chiptune	chiptune
https://chipmusic.org/CHICKENANDROFLS/music/i-really-hate-the-silver-surfer-game!!!	chickenandrofls,famitracker
https://chipmusic.org/CHICKENANDROFLS/music/kittyrainbowlaser!!!	chickenandrofls,famitracker
https://chipmusic.org/SolarLune/music/dreams---thats-where-i-live	80s,fakebit,lune,pop,solar,solarlune,sunvox
https://chipmusic.org/Kubbi/music/fucking-magnets-shitfuckcunt-mix	amiga,c64,chiptune,fakebit,gameboy,i dunno man,just adding random tags,kubbi,lsdj,nanoloop,nes
https://chipmusic.org/Whitely/music/basking-in-the-sunlight	chiptune,gameboy,jw86,lsdj,sabrepluzlezz,unce
https://chipmusic.org/Je+Mappelle/music/white-famitracker	famitracker,nes
https://chipmusic.org/TheGraveArcade/music/midnight-lights	ableton,chiptune,lsdj,magical8bit
https://chipmusic.org/CHICKENANDROFLS/music/alright-you-did-it!!!	chickenandrofls,famitracker
https://chipmusic.org/Ismpof/music/wheres-the-cat-feat-bubu	chiptune,gameboy,lsdj
https://chipmusic.org/Klownin/music/multiplier-x2	chiptune,gameboy dubstep  8bit mix blend wobble
https://chipmusic.org/mrhmouse/music/funky-bits	four channel,funky,tracker
https://chipmusic.org/Sweethammer/music/city-streets	2a03,chiptune,fds,nes
https://chipmusic.org/steal4ram/music/wecannolik	8 bit,8bit,90s,chipbass,chipbeat,chiptune,gameboy,gameboy,lsdj,nintendo
https://chipmusic.org/Tetrasaurus/music/we-are-one-first-recording-ever!	chiptune,gameboy,lsdj
https://chipmusic.org/ZAZI/music/coconutz	
https://chipmusic.org/A+Versus+B/music/speedcore-lsdj-speedcore	a versus b,chipgrind,chiptune,gameboy,lsdj,speecore
https://chipmusic.org/Solarbear/music/the-giving-war	dance,dmg,gameboy,giving,lsdj,solarbear,the,war
https://chipmusic.org/NOM+STAR/music/mega-trip	gameboy
https://chipmusic.org/NOM+STAR/music/haha-house	gameboy
https://chipmusic.org/turtlesaur/music/house-turtles-and-demos-and-turtles	chiptune,gameboy,lsdj
https://chipmusic.org/TeenArts/music/scott-of-the-antarctic	chiptune,gameboy,guitar,lsdj
https://chipmusic.org/Jredd/music/1-bit-smile	1 bit,beepola,jredd,post processing,tracker,trevin hughes
https://chipmusic.org/The+VIRUS+Empire/music/worlds-unknown	chiptune,gameboy,lsdj,the virus empire
https://chipmusic.org/octobit/music/less-is-moar	chiptune,gameboy
https://chipmusic.org/Superboy/music/cherry-belle---dilema--superboy-remix-	chiptune,fakebit,gameboy,lsdj,nanoloop,nes
https://chipmusic.org/roboctopus/music/all-out-of-bubblegum	chiptune,gameboy,lsdj
https://chipmusic.org/NE555/music/dar	chiptune,gameboy,lsdj,nanoloop
https://chipmusic.org/Jellica/music/pg-flapps---game-boy-bit	electro,gameboy,jellica,lsdj
https://chipmusic.org/bitsnibblesbytes/music/arpeggiator-fugazi-cover---unfinished	arppegiator,cover,fugazi,soundtracker,unfinished,zx spectrum 128k
https://chipmusic.org/Cangrejo/music/robot-chaman-wav	lsdj,pitch,wav
https://chipmusic.org/Decktonic/music/bounce-calvin-harris-cover	cover,ds10,korg ds10,nintendo ds
https://chipmusic.org/Solarbear/music/one-last-new-year	gameboy,last,lsdj,new,one,solarbear,year
https://chipmusic.org/OrigamiCat/music/becherovka	first,polka
https://chipmusic.org/amnesiac/music/ruiner-demo-w-gutiar	alternative,indie,nu gaze,shoegaze
https://chipmusic.org/Aeros/music/master-of-none	gameboy,lsdj
https://chipmusic.org/ZAZI/music/blue-screen-of-death	c64,guitar,polysynth,sampler,spectrum
https://chipmusic.org/OCTABITRON/music/evil-in-the-amusement-park-[part-ii---the-merciless-ripper]	chiptune,electronic,sid emulators,softsynths
https://chipmusic.org/Zeropass/music/inciner8or	chiptune,fakebit
https://chipmusic.org/Nestrogen/music/its-not-cypress-ruin-vol2	gameboy,lsdj
https://chipmusic.org/nikola/music/epic-squarewave-medley	fakebit
https://chipmusic.org/SolarLune/music/nimbus-city	fakebit,gameboy,lune,solar,solarlune,sunvox,tracker
https://chipmusic.org/Starpilot/music/pixelucinations	chiptune,gameboy,lsdj
https://chipmusic.org/Jredd/music/1-bit-boss-clean	1 bit,beepola,jredd,tracker,trevin hughes
https://chipmusic.org/bclikesyou/music/bc-likes-you---sophia-the-3rd-live	chiptune,gameboy,lsdj,pop,rochester,vocoder
https://chipmusic.org/Jredd/music/1-bit-boss	1 bit,beepola,jredd,post processing,tracker,trevin hughes
https://chipmusic.org/joostoftoday/music/mrx---nanoloop-16-snippet	gameboy,nanoloop,nanoloop 16
https://chipmusic.org/240p/music/endgame	240p,chiptune,demo,gameboy,lsdj
https://chipmusic.org/Decktonic/music/dream_nightmare	ds10,house,korg,korg ds10,nintendo ds,progressive,progressive house
https://chipmusic.org/MISTER+BEEP/music/spiral-space-part-z	1bit,beep,beeper,mister,space,spectrum,spiral,z80
https://chipmusic.org/Skycstls/music/set-the-start-lsdj	chiptune,gameboy,lsdj
https://chipmusic.org/shotgun+breakdown/music/journey-lsdj-complextro	chiptune,complextro,electro,gameboy,house,lsdj
https://chipmusic.org/steal4ram/music/blue_eyes	8 bit,8bit,90s,chipbass,chipbeat,chiptune,gameboy,gameboy,lsdj,nintendo
https://chipmusic.org/soultron/music/dd-sluggers---kettle-corn-frog-mc-chris-pop-corn-frog-remix	ds10,fakebit,funk,guitar,mcchris,nds,nerdcore,party,remix
https://chipmusic.org/Byzanite/music/flux-pavilion---bass-cannon-byzanite-chipstep-refix	bitstep,chipstep,chiptune,cover,dub step,dubstep,flux pavilion,gameboy,lsdj,refix,remix
https://chipmusic.org/.exe/music/pool-fairies	ambient,gameboy,lsdj
https://chipmusic.org/%3F%3F%3F/music/generic-chipmusic	
https://chipmusic.org/.exe/music/earthbrowned	earthbound,gameboy,lsdj
https://chipmusic.org/.exe/music/demoscene-is-best-scene	crack,cracktro,gameboy,lsdj
https://chipmusic.org/KidULTCalcium/music/catanatanatomy-lsdj-unmastered	anatomy,calcium,cat,chiptune,feline,gameboy,kid,kidult,kidultcalcium,kult,lsdj
https://chipmusic.org/danimal+cannon/music/roots-title-track	chiptune,gameboy,guitar,lsdj,prog,shred
https://chipmusic.org/Kubbi/music/panda-aids	amiga,c64,chiptune,fakebit,gameboy,kubbi,lsdj,nanoloop,nes,tracker
https://chipmusic.org/Kubbi/music/ryskim	amiga,c64,chiptune,fakebit,gameboy,kubbi,lsdj,nanoloop,nes,tracker
https://chipmusic.org/Kubbi/music/kim-jong-il-theme	amiga,c64,chiptune,fakebit,gameboy,kubbi,lsdj,nanoloop,nes,tracker
https://chipmusic.org/Kubbi/music/void-pt-1	amiga,c64,chiptune,fakebit,gameboy,kubbi,lsdj,nanoloop,nes,tracker
https://chipmusic.org/Kubbi/music/alkaline	amiga,c64,chiptune,fakebit,gameboy,kubbi,lsdj,nanoloop,nes,tracker
https://chipmusic.org/Kubbi/music/polar-bear	amiga,c64,chiptune,fakebit,gameboy,kubbi,lsdj,nanoloop,nes,tracker
https://chipmusic.org/Kubbi/music/punch-and-pie	amiga,c64,chiptune,fakebit,gameboy,kubbi,lsdj,nanoloop,nes,tracker
https://chipmusic.org/Kubbi/music/void-pt-2	amiga,c64,chiptune,fakebit,gameboy,kubbi,lsdj,nanoloop,nes,tits,tracker
https://chipmusic.org/Kubbi/music/bacooon!	amiga,c64,chiptune,fakebit,gameboy,just adding random tags you know,lsdj,nanoloop,nes,tracker
https://chipmusic.org/ChipOManiac/music/westwood-city-pokmon-style	gameboy
https://chipmusic.org/Victory+Road/music/vga-dreamcoat	lsdj,melodic,pop,punk,unce
https://chipmusic.org/Zef/music/gambit	dance,electro,electronica,lsdj
https://chipmusic.org/HappyPandaFace/music/kevin-jeffrey-clash	chiptune elmo
https://chipmusic.org/Jredd/music/1-bit-body-puncher	1 bit,beepola,jredd,post processing,tracker,trevin hughes
https://chipmusic.org/ZAZI/music/merry-chirpmas	
https://chipmusic.org/Hellz/music/2202	chiptune,gameboy,lsdj
https://chipmusic.org/x+Critical+strike+x/music/jingle-bells!-merry-xmas!	
https://chipmusic.org/maskedepsilon/music/tales-minutes	chiptune,fakebit
https://chipmusic.org/Axolotl/music/steps	lsdj 8bit chiptune gameboy
https://chipmusic.org/bryface/music/last-christmas-lsdj-cover	chiptune,gameboy,lsdj
https://chipmusic.org/Hide+Your+Tigers/music/each-day-a-new-sky	lsdj gameboy dmg
https://chipmusic.org/JamesLowrey/music/azazel	dance chiptune lsdj psp techno rave hardcore
https://chipmusic.org/Frostbyte/music/derp-the-halls	2xlsdj,chipmas,chiptune,christmas,dubstep,gameboy,house,lsdj
https://chipmusic.org/Skip+Sandwich/music/touch-fuzzy-get-dizzy!-lvl-4	
https://chipmusic.org/Cartoon+Bomb/music/casio-rerelapse	casio,lgpt,piggy,samples,tracker
https://chipmusic.org/an-cat-max/music/uguouuog	gameboy,lsdj
https://chipmusic.org/Ismpof/music/antarctica-feat-bubu	chiptune,gameboy,lsdj
https://chipmusic.org/theDutchess/music/8-crazy-nights---adam-sandler-cover-sega-genesis-md	adam,channukah,chanukah,chanukka,chanukkah,chiptune,genesis,hannu,hanuka,hanukah,hanukkah,happy,sandler,sega
https://chipmusic.org/eme7h/music/the-kraken-alive-feat-mafer-rejon	gameboy,lsdj
https://chipmusic.org/Starpilot/music/raxx00n	chiptune,gameboy,lsdj
https://chipmusic.org/TV+DEATH+SQUAD/music/prepare-to-die	lsdj
https://chipmusic.org/Decktonic/music/dance-machine-version-2	bass,dance,ds10,dubstep,house,korg,korg ds10
https://chipmusic.org/starmelt/music/krangs-retreat	chiptune,gameboy,nanoloop
https://chipmusic.org/pixls/music/-	channukah,fakebit,gameboy,gba,holiday,nanoloop
https://chipmusic.org/nunmy/music/gumbel---fortsetzung-folgt	aslsd,chiptune,plunderphonics,ultimate
https://chipmusic.org/Pieces+of+Eight/music/the-saint-that-couldnt-slow-down-christmas---j-arthur-keenes-cover-mashup	christmas,cover,merrychipmas,merry chipmas
https://chipmusic.org/Solbrass/music/freestyle-filler	chiptune,dmg,freestyle,lsdj,transition
https://chipmusic.org/xylo/music/xyce---fondue-de-la-fromage	bitpop,cerror,xyce,xylo
https://chipmusic.org/wedanced/music/a-machines-semi-random-self-composed-sounds	
https://chipmusic.org/Lewis+Thomas/music/hawaiian-shorts-feedback-needed	gameboy,lewis,lsdj,thomas
https://chipmusic.org/Timtendo/music/river-0	chiptune,gameboy,lsdj,timtendo
https://chipmusic.org/314XL/music/going-to-bed	8bit,8bit,314xl,chiptune,cute,famitracker,gameboy,nes,pixel,pixl,slow,soft
https://chipmusic.org/314XL/music/mix-n-match	8bit,8bit,314xl,chiptune,famitracker,gameboy,nes,pixel,pixl
https://chipmusic.org/ChipsChallengeBand/music/kickpuncher	band,bass,chiptune,drums,gameboy,guitar,lsdj,psp
https://chipmusic.org/ChipsChallengeBand/music/machi-picchu	band,bass,chiptune,drums,gameboy,guitar,lsdj,psp
https://chipmusic.org/ChipsChallengeBand/music/special-beam-cannon	band,bass,chiptune,drums,gameboy,guitar,lsdj,psp
https://chipmusic.org/endangeredrobotix/music/level-up-with-me-demo	gameboy,lsdj
https://chipmusic.org/gsmith/music/dies-irae	fakebit
https://chipmusic.org/amnesiac/music/ruiner-2a03-demo	amnesiac,chipgaze,clayton,demo,nes,ruiner,shoegaze
https://chipmusic.org/zebra/music/the-pyramid	pxtone,pyramid,zebra
https://chipmusic.org/syubidupidapap/music/dilema--cherrybelle-cover	chiptune,gameboy,lsdj,syubidupidapap
https://chipmusic.org/Ro-Bear/music/roswell	gameboy,lsdj
https://chipmusic.org/spinning+voices/music/bye-bye-daruma	chiptune,gameboy,lsdj
https://chipmusic.org/snesei/music/button-mash	chiptune,gameboy,lsdj,snesei
https://chipmusic.org/Kedromelon/music/titan-ii	chiptune,gameboy,lsdj
https://chipmusic.org/mrhmouse/music/city	chiptune,gameboy,lsdj,raw
https://chipmusic.org/steal4ram/music/hey-partner!	8 bit,8bit,chipbass,chipbeat,chipstep,chiptune,drums,gameboy,lsdj
https://chipmusic.org/Moriokun/music/sovietboy---work-in-progress	chiptune,gameboy,lsdj
https://chipmusic.org/Tetrasaurus/music/chipstep-attempt	chiptune,gameboy,lsdj
https://chipmusic.org/Nonederstand/music/hold-dis	cats,hold dat,lsdj,mike ross
https://chipmusic.org/Ismpof/music/i-set-my-pixels-on-fire---my-friend-is-a-monster	gameboy,lsdj
https://chipmusic.org/MicroD/music/prime-part-iv	114,concept,lsdj,microd,odd time,prime
https://chipmusic.org/spry/music/wubbles	chipmusic,chiptune,cincinnati,live mode,lsdj,spry
https://chipmusic.org/Decktonic/music/hot	bass,dance,ds10,dubstep,house,korg,korg ds10
https://chipmusic.org/pikoboy/music/twilight-city-featuring-haruka-demo	haruka,pikoboy,piko piko,twilight city
https://chipmusic.org/pikoboy/music/the-truth	pikoboy,piko piko,the truth
https://chipmusic.org/Risc/music/warp-time	fakebit
https://chipmusic.org/HappyPandaFace/music/happy-walk	
https://chipmusic.org/Mooninite/music/leisure-nl-23	chiptune,dance,electronic,gameboy,nanoloop
https://chipmusic.org/steal4ram/music/edit-add--delete	8 bit,8bit,chipbass,chipbeat,chiptune,drums,gameboy,lsdj
https://chipmusic.org/poisoncut/music/escape-pod	
https://chipmusic.org/Fauxhound/music/noir-some-punk-stole-my-dmg-at-a-party	auckland,chiptune,gambatte,lsdj,new zealand
https://chipmusic.org/Ismpof/music/i-set-my-pixels-on-fire---night-at-the-castle	gameboy,lsdj
https://chipmusic.org/Active+Knowledge/music/a-broken-man-suddenly-finds-himself-in-the-wrong-dimension	nes
https://chipmusic.org/8bitweapon/music/1-bit-rock---the-apple-ii-dms-drummer-demo	chiptune apple ii 1 bit rock
https://chipmusic.org/e.s.c./music/control-systems	circuit bent,lgpt,midi,midines,nes,piggy
https://chipmusic.org/240p/music/rollout!	240p,chiptune,gameboy,lsdj
https://chipmusic.org/Apprentice8/music/razorblade-kisses-lsdj-first-chiptune	chiptune,gameboy,lsdj
https://chipmusic.org/neuroflip/music/amiga-and-friends-3rd-multiparty-invtro	ahx,amiga,chiptune,mod,oldschool
https://chipmusic.org/240p/music/prime	240p,chiptune,gameboy,lsdj
https://chipmusic.org/the_hexadecimals/music/gay-4-gameboy	8bit,analogue,aphex twin,chiptune,daft punk,gameboy,house,korg,lsdj,nes,phaser,vocoder
https://chipmusic.org/Rico+Z/music/take-it-off-already	funk,milkytracker,sassy
https://chipmusic.org/fluidvolt/music/battle-against-a-shapeless-opponent-snes	bizarre,earthbound,innit,jazz,rock,snes,tone,weird,whole
https://chipmusic.org/fighting+free/music/zeeks-themerytmik-rock-dsiware	dsi,dsiware,rytmik
https://chipmusic.org/Iron+Curtain/music/occupy-chiptune-series-of-tubes-remix	chiptune,dump truck,gameboy,internet,lsdj,series of tubes,ted stevens
https://chipmusic.org/boomlinde/music/skate-grotto	acid,fakebit,funk,groove,sexyphone
https://chipmusic.org/daandruff/music/here-we-go-again	chiptune,gameboy,lsdj
https://chipmusic.org/MicroD/music/prime-part-iii-prime-by-microd-out-now!	74 time,concept,fun,odd time,prime
https://chipmusic.org/the_hexadecimals/music/wobblejob	8bit,aphex twin,chiptune,daft punk,dubstep,gameboy,house,lsdj,nes,wobble
https://chipmusic.org/eme7h/music/la-cumbia-de-pustulio-wububububub	cumbia dubstep gameboy lsdj dmg color
https://chipmusic.org/ZAZI/music/syzygy	danss
https://chipmusic.org/Cartoon+Bomb/music/nocturne-in-b-minor	chiptune,chopin,gameboy,lsdj,nocturne,romantic
https://chipmusic.org/Frostbyte/music/the-great-escape-take-me-away-[demo]	chiptune,dmg,dnb,drum and bass,dubstep,electric children,electro,fakebit,frostbyte,gameboy,house,lsdj,trey frey
https://chipmusic.org/yuh/music/chiptunemetalcore-short	at horizons end,breakdown,brutal,derp,lsdj,metal
https://chipmusic.org/Shio+Brick/music/str	chiptune,dance,lsdj
https://chipmusic.org/Narqulie/music/bulbasaurus-rex	gameboy,lsdj
https://chipmusic.org/BR1GHT+PR1MATE/music/a-little-night-riff-sapphire-light-from-the-sky	above,chiptune,from,gameboy,lies,loneliness,lsdj,mom,music,night,sapphire,your
https://chipmusic.org/Thunder+Face/music/its-alive	chipthrash lsdj breakcore noise
https://chipmusic.org/Battery+Powered+Music/music/nanoscratch-valuepack	chip bass,chip music,chiptune,future bass,skweee
https://chipmusic.org/TraceKaiser/music/shes-so-rad-but-im-so-sad	gameboy,guitar,lsdj,punx
https://chipmusic.org/balloonbear/music/burial	8 bit,8bit,balloonbear,chiptune,gameboy,lsdj,split album
https://chipmusic.org/Superboy/music/superboy---superhero!-new-song-2011	chiptune,fakebit,gameboy,lsdj,nanoloop,nes
https://chipmusic.org/the_hexadecimals/music/yeti-is-a-jerk-and-lives-in-the-suburbs	8bit,acid,anamanaguchi,aphex twin,daft punk,dubmood,gameboy,hexadecimal,house,lsdj,monster,nes,squarepusher,yeti
https://chipmusic.org/jordydotplay/music/trash0matic	8bit,chiptune,first,track
https://chipmusic.org/booker/music/warpsztaty-monofoniczne-integracyjne-[stereo-pokey]	chiptune stereo pokey atari
https://chipmusic.org/mechlo/music/deci-bells-live	cello,chiptune,drums,gameboy,lsdj,micropalooza,portland
https://chipmusic.org/bclikesyou/music/prometheus-serial-r-66y	chiptune,gameboy,lsdj,v256,vocoder
https://chipmusic.org/Gampoy/music/my-drug	chiptune,gameboy,lsdj
https://chipmusic.org/Gampoy/music/everybody-has-to-write-a-song-about-sadness-someday	chiptune,gameboy,lsdj
https://chipmusic.org/gsmith/music/sleep-tight	fakebit
https://chipmusic.org/GoodsTone/music/goodstone---chip-nbass	chiptune chipsounds goodstone chip nbass norway creative school of arts kristian brastein loudness war hurts p
https://chipmusic.org/RoccoW/music/swingjeding	gameboy lsdj swing
https://chipmusic.org/Screamforme99/music/screamkidsarcade---thunderplus-finished	chiptune,gameboy,lsdj
https://chipmusic.org/Byzanite/music/sad-clown-rough-mixdown	bass,bitstep,chipbass,chipstep,chip step,chip tune,chiptune,drum step,drumstep,dubstep,dub step,lsdj,yoi,yug
https://chipmusic.org/Byzanite/music/shock-rough-mixdown	bass,bitstep,chipbass,chipstep,chiptune,dubstep,lsdj,yoi,yug
https://chipmusic.org/Cartoon+Bomb/music/the-tortoise	chiptune,gameboy,lsdj
https://chipmusic.org/BEASTMODE/music/gameboybeats	
https://chipmusic.org/Noble_8_bit/music/noble-8-bit---the-four-noble-truths-feat-milarap	8bit music,chipmusic,chiptune,guitar,nintendocore,noble 8bit
https://chipmusic.org/Noble_8_bit/music/one-last-run-for-the-disposable-battery	8bit music,chipmusic,chiptune,guitar,noble 8bit
https://chipmusic.org/MicroD/music/prime-part-i	fun,lsdj,odd time,prime
https://chipmusic.org/Byzanite/music/vomit-skank-demo	bass,chiptune,dance,demo,electro,electrohouse,hairtune,house,lsdj
https://chipmusic.org/Frostbyte/music/frostbyte---morning-1xlsdj-awwww-how-sweet	
https://chipmusic.org/Sp%C3%B6ka/music/irie-dub-lgpt-weird-dub-infused-hiphop	caanoo,dub,hiphop,lgpt
https://chipmusic.org/Daribone/music/trippy-h---ferner-dub	8bit,dubstep,gameboy,lsdj
https://chipmusic.org/shotgun+breakdown/music/unison-porter-robinson-knife-party-lsdj-remix	chiptune,gameboy,knife,lsdj,moombahcore,party,porter,robinson
https://chipmusic.org/JSin/music/fing-lag-chip-tech	chip,fucking,lag,step,tech
https://chipmusic.org/JSin/music/[type-name-here]-chip-tech	here,name,type
https://chipmusic.org/Impulsanregung/music/sputnik-1	8bit,bit,chiptune,entertainment,game,instrumental,music,nes,nintendo,snes,soundtrack,space,sputnik,system,video
https://chipmusic.org/xXGhostsGoBooXx/music/untittled-cc-guys-demo	chiptune,gameboy,lsdj
https://chipmusic.org/Mooninite/music/vesta-nl-23-album-release!	advance sp,chiptune,gameboy
https://chipmusic.org/sofaspartan/music/smooth-moves-lounge-extended	chiptune,famitracker,groove,nes
https://chipmusic.org/Rainbowdragoneyes/music/punch-you	
https://chipmusic.org/Bithoven/music/scary-monsters-and-nice-sprites-drum-n-bass-remix--full-	c64,chiptune,fakebit,gameboy sabrepulse henry homesweet,lsdj,nanoloop,nes
https://chipmusic.org/Jophish/music/forward	amiga,chiptune,crazy,fakebit,guitar,module,piano,renoise
https://chipmusic.org/MicroD/music/fistbmp	fun,lsdj,microd,prime,tempo changes
https://chipmusic.org/Skycstls/music/monoschematic	
https://chipmusic.org/OCTABITRON/music/shroomeuphoria	
https://chipmusic.org/Bithoven/music/scary-monsters-and-nice-sprites-drum-n-bass-remix	amiga,c64,chiptune,chiptune,fakebit,gameboy,henry homesweet,lsdj,nanoloop,nes,sabrepulse,shirobon
https://chipmusic.org/Cartoon+Bomb/music/winter-prelude-lgpt-doodle	lgpt,piggy
https://chipmusic.org/Kommisar/music/nope	fakebit
https://chipmusic.org/Kommisar/music/zaghurims-stronghold	c64,fakebit
https://chipmusic.org/starmelt/music/not-a-single-fuck	chiptune,gameboy,nanoloop
https://chipmusic.org/LLTH/music/swallow	8bit,awesomecat,chiptune,gameboy,lsdj
https://chipmusic.org/Evil+Scientist/music/theres-a-hunchback-stealing-spines	halloween,horror,lsdj
https://chipmusic.org/Bithoven/music/scanlinebroken	amiga,c64,chiptune,fakebit,gameboy,henry,homesweet,lsdj,nanoloop,nes,sabrepulse,skrillex
https://chipmusic.org/steal4ram/music/chaos-gods	8bit,chipbass,chipbeat,chipbreak,chipmusic,chiptune
https://chipmusic.org/Bithoven/music/nocturn	
https://chipmusic.org/Bithoven/music/bricks-are-fun--new-version-	amiga,c64,chiptune,fakebit,gameboy,lsdj,nanoloop,nes
https://chipmusic.org/%C2%B5B/music/camazotz	beats,breaks,buzz,dance,dnb,fakebit,kraken,medusa2,neurofunk
https://chipmusic.org/xXGhostsGoBooXx/music/love-like-placebo-lsdj	chiptune,gameboy,lsdj
https://chipmusic.org/Fauxhound/music/kittensv101	chiptune,gameboy,he lives forever,lsdj
https://chipmusic.org/Bithoven/music/oracle	amiga,c64,chiptune,fakebit,gameboy,lsdj,nanoloop,nes
https://chipmusic.org/VRUMZSSSR/music/ryui	gameboy,lsdj
https://chipmusic.org/Skycstls/music/glitchtrkbrk	skycstls
https://chipmusic.org/sofaspartan/music/smooth-moves-lounge	chip music,chiptune,electronic,famitracker,game,nes
https://chipmusic.org/Sp%C3%B6ka/music/baboon-lgpt-minimal-techno	lgpt,minimal,spka,techno
https://chipmusic.org/shotgun+breakdown/music/reflect-lsdj	chiptune,gameboy,lsdj,pop
https://chipmusic.org/egr/music/delete-yourself-delete-your-myspace	atari teenage riot,atr,chipthrash,lsdj
https://chipmusic.org/khades/music/sick-dub-experimental-chiptune-track	fakebit
https://chipmusic.org/ohmtek81/music/tehnometrik	dmg1,gameboy,lsdj
https://chipmusic.org/Skycstls/music/simplyit	
https://chipmusic.org/Zeropass/music/stomping-embers	
https://chipmusic.org/pixls/music/service-to-the-throne-part-1	gameboy,gba,nanoloop
https://chipmusic.org/Ismpof/music/i-set-my-pixels-on-fire---panda-stole-my-icecream	gameboy,lsdj
https://chipmusic.org/om/music/intr	ambient,bladerunnery,chip,mellow
https://chipmusic.org/x+Critical+strike+x/music/be-a-happy-moth	chiptune
https://chipmusic.org/HPizzle/music/ghost-busters-cover-vrc6	8bit,ghost busters,nes,vrc6
https://chipmusic.org/Evil+Scientist/music/a-spooky-place	halloween,horror,lsdj
https://chipmusic.org/m00dawg/music/the-genesis-machine	2a03,chipsurf,gameboy,lsdj,nes,surf
https://chipmusic.org/dangerneck/music/dirty-teeth	fakebit,nes
https://chipmusic.org/Kool+Skull/music/angry-teeth	
https://chipmusic.org/Solbrass/music/dont-sweat-it!	audacity,chiptune,gameboy,happy,lsdj
https://chipmusic.org/Je+Mappelle/music/little	
https://chipmusic.org/eme7h/music/mixobytian-demo	chipstep,chiptune,drum and bass,dubstep,gameboy,lsdj
https://chipmusic.org/macheteconfetti/music/erwin-rommwl-wants-your-quarters	chiptune
https://chipmusic.org/Shio+Brick/music/58-tall-vox	chiptune,electro pop,lsdj
https://chipmusic.org/CMDR/music/please-stop-this-disk	2step,amiga,c64,flakebit,garage
https://chipmusic.org/Shio+Brick/music/wut	2step,dubstep,hip hop,lsdj
https://chipmusic.org/BR1GHT+PR1MATE/music/spastic-acid-jazz-death-spiral	acid,chiptune,death,gameboy,jazz,lsdj,mom,spastic,spiral,your
https://chipmusic.org/Starpilot/music/time-tickler-up-heavens-chimney-again-lsdj	chiptune,gameboy,lsdj
https://chipmusic.org/Starpilot/music/goatmouser-c64	c64,chiptune
https://chipmusic.org/Nestrogen/music/fleshdunce-dead-kennedys-cover	
https://chipmusic.org/dto/music/sunny-day	
https://chipmusic.org/Byzanite/music/narcissism	byzanite,chipstep,chiptune,dubstep,gameboy,hairtune,lsdj
https://chipmusic.org/The+Handle/music/speeding-3-channels-used-preview	channels,chiptune,handle,speeding,sunvox
https://chipmusic.org/Impulsanregung/music/sprites-on-a-killing-spree	c64,chipstep,chiptune,dirty,dubstep
https://chipmusic.org/Beatslicer/music/buffeln-r-begraven	
https://chipmusic.org/Beatslicer/music/me-va-faan-piors-formfranska	
https://chipmusic.org/dto/music/vs-meta-dactyl	chiptune
https://chipmusic.org/Impulsanregung/music/ganja-farmer	8bit,austria,c64,chiptune,dub,fakebit,ganja,legalize,rap,reggae
https://chipmusic.org/HimsyPimsy/music/double-zero	lsdj
https://chipmusic.org/Iron+Curtain/music/occupy-chiptune	arps,detune,gameboy,lsdj
https://chipmusic.org/starmelt/music/scissoring-suns	chiptune,gameboy,nanoloop
https://chipmusic.org/The+Handle/music/monster	chiptune,electro,handle,monster,sunvox
https://chipmusic.org/Skycstls/music/late-kissglitch-tonight	
https://chipmusic.org/Kommisar/music/x-soldier-storm	c64,fakebit
https://chipmusic.org/droid-on/music/gallium-surprise	90s heavy metal,chippanze,droidon,famitracker,idm,nes
https://chipmusic.org/SHELLSHOCK/music/moons-1x-lsdj-chipstep	chipstep,chiptune,gameboy,lsdj
https://chipmusic.org/Nestrogen/music/baretune	chiptune,lsdj
https://chipmusic.org/Chainsaw+Police/music/joshinpants	chipthrash,dmg,fuck,gameboy,lsdj,metal,punk,rock,thrash,you
https://chipmusic.org/Wolfen/music/lonely-daze-glitch-mix	ambient,calm,chillout,chip,flstudio,gameboy,glitch,glitchy,nanoloop,vst,wolfen
https://chipmusic.org/Ismpof/music/i-set-my-pixels-on-fire---up-in-the-air	chiptune,gameboy,lsdj
https://chipmusic.org/roboctopus/music/imaginary-worlds-chip-acoustic-guitar-synth-etc	chiptune,gameboy,guitar,lsdj,synth
https://chipmusic.org/radiokoala/music/monotribe-cv-sync	analog,fakebit,glitch,monotribe
https://chipmusic.org/Xuriik/music/everything-in-the-ocean-is-dead	ds10,gameboy,lsdj,spooky
https://chipmusic.org/PamTech/music/florence-cosmic-love-pamtech-remix-chip_step	chipstep,chiptune,cosmic,dubstep,florence,gameboy,love,lsdj,pamtech,remix
https://chipmusic.org/LLTH/music/terminal-camaraderie	chiptune,gameboy,lsdj
https://chipmusic.org/Timbob/music/roygbiv-boards-of-canada-cover-dmg--fb-01	arduinoboy,cover,fb01,gameboy,lsdj,midi,tape
https://chipmusic.org/cr33P0ch/music/wailings-of-a-serial-killer	doombit,gameboy,lsdj
https://chipmusic.org/KidULTCalcium/music/cereal-fuckk-lsdj	calcium,chiptune,gameboy,kid,kidcalcium,kidultcalcium,kult,lsdj
https://chipmusic.org/Omnipraetor/music/nyan-cat---8bit-remix	chiptune,nsf,nyan cat
https://chipmusic.org/WMD/music/8-bit-symphony	chipgaze,chiptune,lsdj,wmd
https://chipmusic.org/Evil+Scientist/music/31-10	gameboy,halloween,lsdj
https://chipmusic.org/Moogle+Charm/music/on-one-note	nes,vrc6
https://chipmusic.org/steal4ram/music/phone	8 bit,8bit,chipbreak,chipmusic,chiptune,gameboy,lsdj
https://chipmusic.org/robot_influence/music/eldn	gameboy,lsdj,robot
https://chipmusic.org/Thunder+Face/music/im-thunder-face	lsdj
https://chipmusic.org/soultron/music/alive	chiptune,dd sluggers,gameboy,guitar,lsdj,micro korg,north carolina,party,sexy girls,vocals
https://chipmusic.org/liquidcalm/music/when-my-harmonics-meet-yours-live	looping,mgb,midines,postrock
https://chipmusic.org/om/music/sisafawsh	ambient,amiga style,milkytracker,weirdo
https://chipmusic.org/Analog/music/una-nube-muestra---dmg-lsdj-synced-with-gba-micro	analog,dmg to gba micro,gba micro,ghetto,link cable,lsdj,nanoloop 25
https://chipmusic.org/Timbob/music/bridge-atari-2600	atari 2600,cassette,circuit bent,tv samples
https://chipmusic.org/WMD/music/were-all-waiting-on-you	chipgaze,chiptune,lsdj,wmd
https://chipmusic.org/Zeropass/music/aerothermal	
https://chipmusic.org/surfer_atomico/music/blips-n-chips	chiptune,fakebit
https://chipmusic.org/naxat/music/cruel-japes-demo	c64,fakebit
https://chipmusic.org/tempsoundsolutions/music/for-a-guy-like-you	greenstep fakebit skrillex pappyland impulse tracker chip bass sample sk101 breaks scene
https://chipmusic.org/PamTech/music/cube	chiptune dubstep triphop
https://chipmusic.org/Starpilot/music/landfill-grocery-store	
https://chipmusic.org/Subterrestrial/music/ueno-park-after-dark	chiptune,drone,electronica,experimental,idm
https://chipmusic.org/dR_wH0+%2864%29/music/a-cractro-tune	amiga,cractro
https://chipmusic.org/%C2%B5B/music/gud-vv	bass,buzz,chiptune,dub,fakebit,medusa2,voodub
https://chipmusic.org/Kommisar/music/hybrid-brute	c64,chiptune,fakebit
https://chipmusic.org/Skycstls/music/raw-pulses	gameboy,lsdj
https://chipmusic.org/irrlichtproject/music/last-exit-ym2149-tracker-test	atari,battle,black magic,demo,test,ym2149
https://chipmusic.org/TraceKaiser/music/rec-select	casio,gameboy,indie,lofi,lsdj,twee,ukulele,vltone
https://chipmusic.org/xXGhostsGoBooXx/music/time-to-fly!!	chiptune,gameboy,lsdj
https://chipmusic.org/Kommisar/music/3433	chiptune,gameboy,lsdj
https://chipmusic.org/Evil+Scientist/music/bleeding-out	gameboy,lsdj
https://chipmusic.org/Battery+Powered+Music/music/airbus-by-daddy-longlegs	chip bass,chip music,chiptune,dub,skweee
https://chipmusic.org/Console+Killer/music/alone-lsdj	chiptune,console killer,dubstep,electronica,fakebit,gameboy,lsdj,nanoloop,nes
https://chipmusic.org/Leprosy/music/no-name-metal	metal
https://chipmusic.org/maru303/music/4x2	4x4,chipbass,gameboy,lsdj,speed garage
https://chipmusic.org/BR1GHT+PR1MATE/music/prings-[nanoloop-minimalhouse]	harp,house,ios,minimal,minimalhouse,nanoloop
https://chipmusic.org/roboctopus/music/the-belt-of-venus	chiptune,gameboy,lsdj
https://chipmusic.org/LONELY+TUNES/music/nocturnal	gameboy,lsdj
https://chipmusic.org/Daribone/music/trippy-h---about-ostkreuz	8bit,chiptune,dubstep,electro,lsdj
https://chipmusic.org/%C2%B5B/music/one-liner	breaks,chiptune,fakebit,gijs,oneliner,viznut
https://chipmusic.org/xombie/music/homesick-astronaut-lsdj-vox	xombie homesick astronaut
https://chipmusic.org/Jredd/music/ride-the-storm-2a03	2a03,famitracker,hughes,jredd,metal,nes,nintendo,sega drums,trevin
https://chipmusic.org/10spd/music/some-new-ghosts	10spd,chiptune,gameboy,lsdj
https://chipmusic.org/iNFOTOXIN/music/cruithne	chipmusic,chiptune,gameboy,glitchhop,lsdj
https://chipmusic.org/Subterrestrial/music/tahoe-shimmer	8bit,chiptune,exotica,experimental,lounge,micromusic
https://chipmusic.org/Evil+Scientist/music/in-the-lab	lsdj
https://chipmusic.org/x+Critical+strike+x/music/cupcakes-so-sweet-and-tasty!	chiptune
https://chipmusic.org/Saskrotch/music/untitled-vgm-music-maker	genesis,psg,sega,vgm,vgm music maker,ym2612
https://chipmusic.org/Battery+Powered+Music/music/manimal-by-daddy-longlegs	chip bass,chip music,chiptune,dub,skweee
https://chipmusic.org/kineticturtle/music/detour-of-duty	banjo,gameboy,lsdj
https://chipmusic.org/roboctopus/music/evening-for-the-rest-of-your-life-dnce-rmx	chiptune,gameboy,lsdj
https://chipmusic.org/Daribone/music/automatik	8 bit,electro,gameboy,lsdj
https://chipmusic.org/Frostbyte/music/frostbyte---enter	chiptune,gameboy,house,lsdj
https://chipmusic.org/OCTABITRON/music/lawrence-dance-beneath-the-waves	
https://chipmusic.org/fedepede04/music/right-here	2149,atari,chiptune,music,tracker
https://chipmusic.org/kashioboy/music/ioi	korg,m01,nds
https://chipmusic.org/xombie/music/soup-python-edit	
https://chipmusic.org/xombie/music/mint	chiptune,gameboy,lsdj,xombie
https://chipmusic.org/fedepede04/music/drag-me-here	3 channels,atari,chiptune,music,pure ym,tracker,ym2149
https://chipmusic.org/Zan-zan-zawa-butt/music/tory-scum	famitracker,mmc5,nes,pop
https://chipmusic.org/SAMWAVE/music/game-on!	8bit,brk,chiptune,gameboy,lsdj,samwave
https://chipmusic.org/10spd/music/happier-now	automaton,chip,chiptune,gameboy,happy,lsdj
https://chipmusic.org/steal4ram/music/twist_pixel	8 bit,8bit,chipbreak,chipmusic,chiptune,gameboy,lsdj
https://chipmusic.org/Battle+Lava/music/screen-hallucinations	gameboy,lsdj
https://chipmusic.org/Saskrotch/music/handheld-hullabaloo	lsdj,raw
https://chipmusic.org/ovenrake/music/this-is-how-we-did-it	lgpt,w32
https://chipmusic.org/Frostbyte/music/frostbyte---miami	chiptune,gameboy,lsdj
https://chipmusic.org/Analog/music/violeta-from-the-violeta-ep	ambient,analog,soundscape,sunvox,violet,violeta
https://chipmusic.org/Jredd/music/1-bit-of-training-before-you-fight	1 bit,beepola,jredd,post processing,tracker,trevin hughes
https://chipmusic.org/roboctopus/music/evening-for-the-rest-of-your-life	chiptune,gameboy,lsdj
https://chipmusic.org/Battery+Powered+Music/music/bomba-72	battery powered music,chip bass,chip music,chiptune,daddy longlegs,gba,nanoloop,skweee
https://chipmusic.org/minusbaby/music/vlgame-2-extrao	
https://chipmusic.org/bryface/music/second-reality-ds-10-cover	demoscene,ds10
https://chipmusic.org/Evil+Scientist/music/face-stab	lsdj
https://chipmusic.org/Decktonic/music/japanese-wallpaper---war-decktonic-remix	ambient,chillwave,chiptune,dance,fakebit,glofi,midines
https://chipmusic.org/Delek/music/delek---just-one-day	chiptune,day,delek,just,nes,nes,one
https://chipmusic.org/cheapshot/music/bashoo	chiptune,electro,gameboy,lsdj
https://chipmusic.org/B00daW/music/drink-happy-thoughts	120hz,nes,vrc6
https://chipmusic.org/someonesomewhere/music/ribbons	
https://chipmusic.org/WMD/music/intro-to-the-premix	
https://chipmusic.org/EvilWezil/music/objects-in-motion	gameboy,lsdj
https://chipmusic.org/Kool+Skull/music/chikkn	color,crazy,gameboy,gbc,jazz,kool,koolskull,lsdj,pig,skull
https://chipmusic.org/MedicMedic/music/brand-new-color	amiga,c64,chiptune,fakebit,gameboy,lsdj,nanoloop,nes
https://chipmusic.org/MedicMedic/music/koopa-koopa-stomp!	amiga,c64,chiptune,gameboy,lsdj,nanoloop,nes
https://chipmusic.org/MedicMedic/music/apple-throwers	c64,fakebit,gameboy,nanoloop
https://chipmusic.org/mrhmouse/music/meh	gameboy,lsdj,three in the morning
https://chipmusic.org/Helionaut/music/draculas	gameboy,lsdj
https://chipmusic.org/steal4ram/music/time	8 bit,8bit,chipbreak,chiptune,gameboy,lsdj
https://chipmusic.org/SHELLSHOCK/music/thrash-jamz-extended-jam-pumping-mix	gameboy,lsdj
https://chipmusic.org/Gampoy/music/mealloddy	chiptune,gameboy,gampa,gampoy,lsdj
https://chipmusic.org/Chetreo/music/your-neighbourhood-first-track-off-my-new-ep	
https://chipmusic.org/Subterrestrial/music/neighborhood-arcade	8bit,c64,chiptune,rock
https://chipmusic.org/pokket/music/anomalies	famicom,famisynth,magical8bit,mellow,nes,slow,soft
https://chipmusic.org/rsrm/music/photomultiplier-lsdj	lsdj
https://chipmusic.org/A+art/music/every-so-often-dmgs-and-vocals	chiptune,gameboy,lsdj,vocals
https://chipmusic.org/Nestrogen/music/back-right-corner-2011-version	chiptune,nes
https://chipmusic.org/pandaxstar/music/cloudrunner	chiptune,cloudrunner,gameboy,lsdj,pandastar,pandaxstar
https://chipmusic.org/pandaxstar/music/thana	chiptune,gameboy,lsdj,pandastar,pandaxstar,thana
https://chipmusic.org/FragileChaos/music/handheld-attraction	chiptune,fakebit,fragile chaos
https://chipmusic.org/FragileChaos/music/lets-forget	chiptune,fakebit
https://chipmusic.org/FragileChaos/music/imposter	chiptune,fakebit
https://chipmusic.org/SKGB/music/b-ver-tale-bass	gameboy,lsdj
https://chipmusic.org/FragileChaos/music/ocean-bliss	chiptune,fakebit,fragile chaos
https://chipmusic.org/MedicMedic/music/galactica-maru-is-a-human!	chiptune,lsdj,nanoloop
https://chipmusic.org/MedicMedic/music/this-is-mr-big-i-tell-you-whuat	chiptune,dance,dnb,lsdj,nanoloop,nes,pop
https://chipmusic.org/The+Handle/music/power	handle,power,sunvox
https://chipmusic.org/The+Handle/music/rage	handle,rage,sunvox
https://chipmusic.org/O2star/music/space-race-adlib-tracker-ii	adlib tracker ii,at2,chiptune,fantasy face,msdos,opl3,racing
https://chipmusic.org/O2star/music/doomcloud---off-with-their-heads	dance,doomcloud,doomy,facemelter,nes,party,smasher
https://chipmusic.org/fuxter/music/shofu-2	c64 samples,linux,lsdj
https://chipmusic.org/fighting+free/music/temple-of-the-mages	korg ds10
https://chipmusic.org/BEASTMODE/music/butcherizme---haze	lsdj dnb
https://chipmusic.org/crashfaster/music/sweetbread-live-at-pulsewavesf	chiptune,crashfaster,gameboy,live,lsdj,nes,san francisco,vocals,vocoder
https://chipmusic.org/steal4ram/music/8bit-kid	8 bit,8bit,chipbreak,chipmusic,chiptune,gameboy,lsdj
https://chipmusic.org/GreyScreen/music/hoary-frost-gendered	8bit,calgary,canada,chiptune,lsdj
https://chipmusic.org/irrlichtproject/music/whats-dat-fuzz-1bit	1bit,48k,beeper,chiptune,dark,metal,qchan,zx spectrum
https://chipmusic.org/ryba/music/bonecollectorlsdj-dmg	gameboy,lsdj,ryba
https://chipmusic.org/xXGhostsGoBooXx/music/now-this-is-a-cheesy-title-o-lsdj	chiptune,gameboy,lsdj
https://chipmusic.org/Decktonic/music/bright-primate---fanfare-decktonic-remix	
https://chipmusic.org/K+is+for+Kraken/music/i-am-gone-now	c64,chiptune
https://chipmusic.org/Low+Bit+Revolte/music/information-robotersklaven-[with-vocals]	8bit,chiptune,gameboy,information,low bit revolte,lsdj,noise,robotersklaven,terror,vocals
https://chipmusic.org/Triceratops/music/cloud-tommorow-cc-wip	
https://chipmusic.org/Starpilot/music/vailixi	chiptune,gameboy,lsdj
https://chipmusic.org/Starpilot/music/big-bacon-vortex	chiptune,custom kit,gameboy,lsdj
https://chipmusic.org/nf/music/theme-from-the-bill	chiptune,lsdj
https://chipmusic.org/ic/music/go-back	nanostudio
https://chipmusic.org/steal4ram/music/search--destroy	8 bit,8bit,chipbreak,chiptune,gameboy,lsdj
https://chipmusic.org/Ismpof/music/i-set-my-pixels-on-fire---enter-the-void	gameboy,lsdj
https://chipmusic.org/Ismpof/music/i-set-my-pixels-on-fire---ocean-boulevard	gameboy,lsdj
https://chipmusic.org/Ismpof/music/i-set-my-pixels-on-fire---silver-surface	gameboy,lsdj
https://chipmusic.org/Ismpof/music/i-set-my-pixels-on-fire---city-of-illusions	gameboy,lsdj
https://chipmusic.org/Ismpof/music/i-set-my-pixels-on-fire---astronauts-high	gameboy,lsdj
https://chipmusic.org/Ismpof/music/i-set-my-pixels-on-fire---pac-man-on-the-dancefloor	gameboy,lsdj
https://chipmusic.org/Ismpof/music/i-set-my-pixels-on-fire---falling-stars	gameboy,lsdj
https://chipmusic.org/Ismpof/music/i-set-my-pixels-on-fire---lovers-in-the-sky	gameboy,lsdj
https://chipmusic.org/Ismpof/music/i-set-my-pixels-on-fire---running-on-the-clouds	gameboy,lsdj
https://chipmusic.org/Ismpof/music/i-set-my-pixels-on-fire---the-adventure-of-little-zombie	gameboy,lsdj
https://chipmusic.org/Zeropass/music/i-wanna-be-a-meteor-when-i-die	8bit,chiptune,fakebit
https://chipmusic.org/steal4ram/music/we-rock-ur-socks	8 bit,8bit,chipbreak,chiptune,gameboy,lsdj
https://chipmusic.org/sofaspartan/music/small-step-for-man	astronaut,chiptune,electronic,famitracker,for,man,music,nes,small,song,sound,space,step
https://chipmusic.org/WolfCalling/music/astronautics	gameboy,lsdj
https://chipmusic.org/Holy+Konni/music/natalie-portman-lgpt-lofi-chillout-ambient	ambient,chillout,lgpt,littlegptracker
https://chipmusic.org/crashfaster/music/supernova-live-at-pulsewavesf	chiptune,fakebit,gameboy,live,lsdj,nes,pulsewave,san francisco,vocoder
https://chipmusic.org/sofaspartan/music/shock-stimulation	chiptune,electronic,game,music,nes,retro,sound,techno
https://chipmusic.org/maxfischer/music/dumpster	opl3 phone
https://chipmusic.org/Starpilot/music/death-is-dead---shedding-spores-gettin-back-to-lsdj	chiptune,gameboy,lsdj
https://chipmusic.org/sofaspartan/music/that-spark-in-your-heart	chiptune,nes
https://chipmusic.org/nappotronic/music/urgent	chiptune
https://chipmusic.org/sofaspartan/music/jolt	chiptune,nes
https://chipmusic.org/nickmaynard/music/margaret-dmgdr550	
https://chipmusic.org/steal4ram/music/yes!yes!	8 bit,8bit,chipbreak,chiptune,gameboy,lsdj
https://chipmusic.org/steal4ram/music/fight	8 bit,8bit,chipbreak,chiptune,gameboy,lsdj
https://chipmusic.org/spry/music/lurkluster-demo-version-lsdj-7-4	chipmusic,chiptune,dance,experimental,gameboy,lsdj
https://chipmusic.org/feyri/music/knyfe---mi-and-mi-dogs-dem-roll	bass,chipbreak,chiptune renoise,death
https://chipmusic.org/steal4ram/music/thats-just-lame!	8 bit,8bit,chipbreak,chiptune,gameboy,lsdj
https://chipmusic.org/sofaspartan/music/expect-delays	bit,chiptune,electronic,famitracker,nes,retro
https://chipmusic.org/Vicious/music/life-rave-atari-st	2149,acid,atari,dark,electro,house,melodic
https://chipmusic.org/allanistom/music/one-white-noise-dubstep	chipstep,dirty,dubstep,sick
https://chipmusic.org/steal4ram/music/romerror	8bit,chipbreak,chiptune,gameboy,lsdj
https://chipmusic.org/Kubbi/music/tremens	progressive chiprock
https://chipmusic.org/Kubbi/music/internet	progressive chiprock
https://chipmusic.org/feyri/music/advena---high-on-stars	chiptune,drum and bass
https://chipmusic.org/feyri/music/knyfe---for-everlasting-war	chipbreak,chiptune,fakebit,renoise
https://chipmusic.org/Dr.+PentaDeca/music/memories-wip	
https://chipmusic.org/pyEss/music/calm-attempt	chiptune,dance,logic pro
https://chipmusic.org/KeFF/music/dirdy	bass,beat,dada,gameboy,keff,lsdj,skweee,wonky
https://chipmusic.org/Matt+Shogi/music/amalgamorphowhat-famitracker-mmc5	famitracker,mmc5
https://chipmusic.org/fluidvolt/music/crystalline-cavern	beepola,fakebit,orchestral,romantic,special fx
https://chipmusic.org/Fraktal+Face/music/this-must-be-the-place-talking-heads-cover	
https://chipmusic.org/catreflexx/music/you-win-end-title	nes,vstplugins
https://chipmusic.org/Kommisar/music/twinkle-star	c64,fakebit,lsdj
https://chipmusic.org/wedanced/music/a-cut-and-paste-summary-of-dynasties-1--2-encowell-rework	lgpt
https://chipmusic.org/Starpilot/music/block-rockin-beats-chemical-brothers-cover	chiptune,gameboy,lsdj
https://chipmusic.org/Zeropass/music/celestial-sentry	
https://chipmusic.org/kineticturtle/music/tribulative---an-lsdj-midiout-experiment	experiment,gameboy,lsdj,midiout,sampler
https://chipmusic.org/Katon/music/astreneurysm	lsdj
https://chipmusic.org/irrlichtproject/music/final-generation-1bit-acidcore	1bit,48k,acid,beeper,beepola,chiptune,core,error,speccy,test,trash,wip,zx spectrum
https://chipmusic.org/God/music/exorcism-of-ghouls--ghosts	8bit,chiptune,im not from here,infirm individual,love,natives,nes,psychedelic,pxl bot,shamanism,spirituality
https://chipmusic.org/ryba/music/datadancefloorlsdj-dmg	gameboy,lsdj,ryba
https://chipmusic.org/JonnyNero/music/stillwig	chiptune,gameboy,lsdj
https://chipmusic.org/Markula/music/8-ram	midi
https://chipmusic.org/Evil+Scientist/music/discomposing-games	lsdj
https://chipmusic.org/Nestrogen/music/8tl-a-medley	chiptune,gameboy,lsdj
https://chipmusic.org/Eindacor+DS/music/vomitspit-chipdoom	chiptune,doom,hiphop,lsdj
https://chipmusic.org/Eindacor+DS/music/gazzillion-ear-chipdoom	chiptune,doom,hiphop,lsdj
https://chipmusic.org/BEASTMODE/music/stares	
https://chipmusic.org/Groovemaster303/music/keep-on-groovin-vgm-music-maker	dac,fm synthesis,genesis,groovemaster303,master system,megadrive,psg,sega,vgm music maker,ym2612
https://chipmusic.org/A+art/music/i-can-guess-album-release-dmgvocals	gameboy,lsdj,vocal
https://chipmusic.org/FuturNari/music/he-laughed-ep-release-1xlsdj-capslock	gameboy,lsdj
https://chipmusic.org/x+Critical+strike+x/music/title-screen-press-start!	chiptune,ds10
https://chipmusic.org/K+is+for+Kraken/music/repulsion-party	c64,chiptune
https://chipmusic.org/SKGB/music/skgb-presents-the-worst-music-ep-preview-track	chiptune,fakebit,gameboy,lsdj
https://chipmusic.org/Fraktal+Face/music/hungry-eyes-eric-carmen-cover	carmen,cover,eric,eyes,hungry,pop,synth
https://chipmusic.org/SAMWAVE/music/mortal-kombat-theme-samwave-remix-gb	8bit,chiptune,gameboy,little,lsdj,samwave,sound
https://chipmusic.org/Starpilot/music/renoise64-lakesong---full-album-version	
https://chipmusic.org/Cartoon+Bomb/music/decoration	chiptune,gameboy,lsdj
https://chipmusic.org/Shiru/music/megamix-for-the-board-demo-ay	8910,demo,vortex tracker,zx spectrum
https://chipmusic.org/Tunners/music/possibly-an-electric-mound	chiptune,genesis,maker,megadrive,music,sega,sonic,vgm
https://chipmusic.org/sht_sound/music/green-screen-terminal	
https://chipmusic.org/WMD/music/never-sleep-on-a-bed-of-nails	chiptune,gameboy,lsdj
https://chipmusic.org/Triceratops/music/our-summer-chillwave-glo-bit	chillwave,fakebit,globit,lsdj,reverb,sidechaining,tribal
https://chipmusic.org/Tunners/music/techzone	chiptune,genesis,maker,megadrive,music,sega,sonic,vgm
https://chipmusic.org/CRAZYGAME/music/hopeless	
https://chipmusic.org/ADD_Sidekick/music/mario-kart-love-song-8-bit-adaptation-2x-lsdj	adaptation,addsidekick,cover,hart,kart,love,lsdj,mario,sam,song,tracker
https://chipmusic.org/Evil+Scientist/music/beyond-optimism	lsdj
https://chipmusic.org/ryba/music/hellbelllsdj-dmg	gameboy,lsdj,ryba
https://chipmusic.org/Luglio/music/broken	
https://chipmusic.org/PopSTAR/music/titan	8bit,chiptune,club,dubstep,gameboy,house,lsdj,p0pst4r,popstar,titan
https://chipmusic.org/Kommisar/music/magdas-op	chiptune,gameboy,lsdj
https://chipmusic.org/GregXr/music/the-chase	chiptune,gameboy,music,samples
https://chipmusic.org/CCrimson/music/rem-saverem	
https://chipmusic.org/Rock+Kandy/music/your-voice-[nanovoice]	chiptune,fakebit,gameboy,henry homesweet,kandycore,lsdj,massive,nanoloop,sine,synthcore,wav,whatevercore
https://chipmusic.org/GregXr/music/the-garden	chiptune,chpitune,gameboy,milky,milkytracker,tracker
https://chipmusic.org/WMD/music/killbob	gameboy,lsdj
https://chipmusic.org/Lewis+Thomas/music/h3r-heart	electronic,game boy,hateful,her heart,lewis thomas,lsdj
https://chipmusic.org/Katon/music/bug-spray	aliens,bugs,chiptune,gameboy,lsdj,vocal
https://chipmusic.org/Jredd/music/legend-of-the-silver-dragon	16bit,chiptune,genesis,jredd,rock,sega,trevin hughes,vgm mm
https://chipmusic.org/Saskrotch/music/nervous-stroller-vgm-ohb-entry	genesis,ohb,psg,sega,vgm,vgm music maker,ym2612
https://chipmusic.org/A+Versus+B/music/natalie-magical8bitplug	chiptune,magical8bitplug
https://chipmusic.org/Groovemaster303/music/sega-power-vgm-music-maker	16bit,chiptune,dac,fm synthesis,genesis,groovemaster303,master system,megadrive,psg,sega,vgm music maker
https://chipmusic.org/ryba/music/gameboyssweet20lsdj-dmg	gameboy,lsdj,ryba
https://chipmusic.org/ryba/music/ibeginslsdj-dmg	gameboy,lsdj,ryba
https://chipmusic.org/JonnyNero/music/the-ballad-of-sheep	chiptune,ewe,gameboy,lsdj,luv,sheep
https://chipmusic.org/DeltaSpiral/music/elements	chiptune,gameboy,lsdj
https://chipmusic.org/Kommisar/music/weed-town	c64,fakebit,weed
https://chipmusic.org/Cartoon+Bomb/music/in-flight	chiptune,gameboy,lsdj
https://chipmusic.org/Kubbi/music/nannerman	seananners derp wat chiptune game tracker
https://chipmusic.org/geckoyamori/music/kaiser-kangaroo-snes-metal	fakebit,snes
https://chipmusic.org/Markula/music/thrones-00	mid,midi
https://chipmusic.org/fuxter/music/stormy-jingle	guitar,jingle,lsdj,vocals,vocoder
https://chipmusic.org/Dr.+PentaDeca/music/adventure-comes-just-before-apocolypse	famitracker,no dpcm,vrc6
https://chipmusic.org/Dr.+PentaDeca/music/victory-jingle	2a03,famitracker,no dpcm,no noise,no triangle,sound effect
https://chipmusic.org/Kommisar/music/bearstream	bearstream,brute,c64,fakebit
https://chipmusic.org/Analog/music/azufre	chile,electro,electrotrash,gameboy,glitch,lsdj,noise,sudaka,terror
https://chipmusic.org/Dr.+PentaDeca/music/magnificent!-its-raining-frogs!	famitracker,no dpcm,vrc6
https://chipmusic.org/pepperpwnipizza/music/btfl_bss_bttl	2player,8bit,boss,fakebit
https://chipmusic.org/Evil+Scientist/music/snatched	horror,lsdj
https://chipmusic.org/TheMMProject/music/vgm-music-maker-test	
https://chipmusic.org/A+Versus+B/music/duckhunt-lsdj-mellow-noise-drone	a versus b,chiptune,drone,lsdj,montclair,noise
https://chipmusic.org/Starpilot/music/paranoia-is-a-liar	chiptune,gameboy,lsdj
https://chipmusic.org/The+Handle/music/seras-victoria-preview	electro,handle,seras,sunvox,the,trash,victoria
https://chipmusic.org/%C2%B5B/music/turquoise-tortoise	acid,buzz,dance,fakebit,kraken,medusa,sawfish,techno,unce
https://chipmusic.org/Kabukii+Joe/music/bleep-bloop	chiptune,fakebit,gameboy,lsdj
https://chipmusic.org/LONELY+TUNES/music/lonely-tunes---dont-be-afraid-of-being-alone	gameboy,lsdj
https://chipmusic.org/Lewis+Thomas/music/sense-of-it-all	game boy,lsdj
https://chipmusic.org/thursdaycustoms/music/sonics-song	chiptune,gameboy,iae,lsdj
https://chipmusic.org/CerealKilla/music/noise-takes-the-stage	cereal,channel,dmg,gameboy,killa,killer,lsdj,noise
https://chipmusic.org/Kommisar/music/chips-ahoy-butt-pirate-ballade	gameboy,lsdj,pirate,swashbuckling
https://chipmusic.org/Groovemaster303/music/volt-city-feat-jredd	chiptune,groovemaster303,jredd,megadrive,psg,sega,vgm music maker,ym2612
https://chipmusic.org/calamarespaciales/music/rio-de-almendra-lsdj-405	calamarespaciales,chiptune,crab,lsdj
https://chipmusic.org/zombectro/music/bioflan	gameboy,nanoloop
https://chipmusic.org/Eindacor+DS/music/europa	chiptune,gameboy
https://chipmusic.org/Dot.AY/music/vampire-nosebleed	8bit,australia,blood,brisbane,chipbass,chipmusic,chipstep,vampires
https://chipmusic.org/awesomeforce/music/the-night-before	ableton,lsdj,music
https://chipmusic.org/Triceratops/music/intimacy	dance,electro,house,lsdj
https://chipmusic.org/DJ+Eastern+Blok/music/forever-after-never	four on the floor,lsdj,unce gameboy
https://chipmusic.org/Tunners/music/the-city-of-beginnings	chiptune,fakebit,gameboy,nes
https://chipmusic.org/Tunners/music/how-special	chiptune,fakebit,gameboy,nes
https://chipmusic.org/Tunners/music/the-choice-is-yours	chiptune,fakebit,gameboy,nes
https://chipmusic.org/Lewis+Thomas/music/atom-smashing-unfinished	lsdj game boy
https://chipmusic.org/Jredd/music/select-your-fighter	fighter,fmselect,genesis,hughes,jredd,megadrive,sega,trevin,your
https://chipmusic.org/Tunners/music/frostbite-peak	chiptune,fakebit,gameboy
https://chipmusic.org/Tunners/music/east-cloud-stellar	chiptune,fakebit,gameboy
https://chipmusic.org/PandaMindset/music/pandamindset---stockholm-summer-crunkness	amiga,crunk,fakebit,gameboy,lil jon,lsdj,nes 8bit,stockholm,summer,wobble
https://chipmusic.org/mathgrant/music/puzzling-trial-of-time-2a03--vrc6	2a03,chiptune,famitracker,microtune,nes,nintendo,vrc6
https://chipmusic.org/WMD/music/death-is-cool	lsdj
https://chipmusic.org/Starpilot/music/weapons-of-mass-distraction	
https://chipmusic.org/Simon+Watson/music/dont-touch-the-space-invaders	c64,chiptune,nes
https://chipmusic.org/Simon+Watson/music/dance-bit	c64,chiptune
https://chipmusic.org/Simon+Watson/music/particle-duality	c64,chiptune,nes
https://chipmusic.org/bubu/music/brnd	chiptune,gameboy,lsdj,nanoloop
https://chipmusic.org/yes_pizzza/music/one-in-the-same	chiptune,gameboy,lsdj
https://chipmusic.org/seal+of+quality/music/power-failure	lsdj,metal
https://chipmusic.org/YQN/music/chip-hop	atari,chiptune,maxymiser
https://chipmusic.org/OK+Ikumi/music/2019-iii	nanoloop
https://chipmusic.org/K+is+for+Kraken/music/my-name-is-boxxy-8-bit-remix	boxxy,c64,chiptune,fakebit
https://chipmusic.org/KeFF/music/mys-machine	keff,monomachine,sid
https://chipmusic.org/Starpilot/music/riposte-bombardment	
https://chipmusic.org/marnuc/music/proseph-final	chiptune,gameboy,lsdj
https://chipmusic.org/WMD/music/coining	lsdj
https://chipmusic.org/poisoncut/music/the-11th-doughnut	8bit,8bit,amiga,chiptune,fakebit
https://chipmusic.org/Heinz91/music/1-channel_1-instrument_lsdj	1ch,experiment,lofi,lsdj
https://chipmusic.org/Fraktal+Face/music/fraktal-face---robot-slam-facundo-remix	fakebit
https://chipmusic.org/Fraktal+Face/music/jagos-circus-dub-killer-instince-remix	fakebit
https://chipmusic.org/Monovfox/music/airplane-at-night-movement-1-over-la	chiptune,classical,fakebit
https://chipmusic.org/Fraktal+Face/music/new-degeneration	fakebit
https://chipmusic.org/Ro-Bear/music/overworld	chiptune,gameboy,lsdj,summer,touch fuzzy get dizzy,yoshis island
https://chipmusic.org/Shiru/music/lan-master---gameplay-2a03	2a03,famicom,famitracker,nes,nsf
https://chipmusic.org/fluidvolt/music/rocket-glider-snes	bossa nova,chill,fusion,jazz,pilotwings,snes
https://chipmusic.org/Frostbyte/music/look-at-the-sky-midnyte-remix	chiphouse,chiptune,fl studio,frostbyte,gameboy,house,lsdj,remix
https://chipmusic.org/Nestrogen/music/midtown-meltdown	chiptune,gameboy,lsdj
https://chipmusic.org/Theta_Frost/music/pleasure-lgpt	frost,lgpt,psp,rhumba,speak,spell,theta,weiners
https://chipmusic.org/WMD/music/thrones-upon-thrones	lsdj
https://chipmusic.org/spry/music/in-and-out-of-love-lsdj-cover!	chiptune,gameboy,lsdj,trance
https://chipmusic.org/Nestrogen/music/final-moments-with-the-green-tubs-of-thunder	chiptune,nes
https://chipmusic.org/Kommisar/music/-star-stream	chiptune,gameboy,lsdj,manslaughter
https://chipmusic.org/mikebleeds/music/conspiracy-theory---live--kspc-radio-show	
https://chipmusic.org/spry/music/golucky!-1st-ldsj-original	8bit,chiptunes,gameboy,lsdj,original,spry
https://chipmusic.org/Jredd/music/tron-knuckle-ds-10	chiptune,ds10,house,hughes,jredd,korg,trevin
https://chipmusic.org/Helionaut/music/a-twisted-more-fanciful-world	chiptune,gameboy,lsdj
https://chipmusic.org/RoccoW/music/bouncy-feet	chipmusic,chiptune,gameboy,lsdj
https://chipmusic.org/Ro-Bear/music/oh	bikeriding,chiptune,gameboy,gold,latenight,lsdj,summer,teal,white
https://chipmusic.org/wedanced/music/enc-iphone-nanoloop-drumkit-for-lsdj	gameboy,lsdj,nanoloop
https://chipmusic.org/Shiru/music/lawn-mower---title-2a03	2a03,famicom,famitracker,nes,nsf
https://chipmusic.org/Starpilot/music/renoise64	c64,fakebit,machbit,quadrasid,renoise
https://chipmusic.org/Evil+Scientist/music/some-vile-intentions	lsdj
https://chipmusic.org/Jophish/music/songbirds-xm	amiga,c64,chiptune,gameboy,lsdj,nanoloop,nes
https://chipmusic.org/Subterrestrial/music/trouble-consultants	8bit,ambient,ambient electronica,c64,chiptune,electronica,glitch
https://chipmusic.org/Triceratops/music/summer-dress	chillwave,fakebit,lsdj,quadrasid,tribal drums
https://chipmusic.org/roboctopus/music/overnight-to-many-distant-moons	chiptune,gameboy,lsdj
https://chipmusic.org/Miss.+Dracula/music/dreim	
https://chipmusic.org/Miss.+Dracula/music/vcxckvsd	
https://chipmusic.org/Miss.+Dracula/music/mzslfuwe8oyhk	
https://chipmusic.org/Miss.+Dracula/music/jejune	
https://chipmusic.org/Miss.+Dracula/music/yhn	
https://chipmusic.org/Miss.+Dracula/music/tch	
https://chipmusic.org/Miss.+Dracula/music/nylo	
https://chipmusic.org/Miss.+Dracula/music/jajajjjajaja	
https://chipmusic.org/Miss.+Dracula/music/bye	
https://chipmusic.org/Miss.+Dracula/music/nanoa	
https://chipmusic.org/Miss.+Dracula/music/yuiii	
https://chipmusic.org/Miss.+Dracula/music/indu	
https://chipmusic.org/Miss.+Dracula/music/hashxeiz	
https://chipmusic.org/Miss.+Dracula/music/grandnano	
https://chipmusic.org/Miss.+Dracula/music/fre	
https://chipmusic.org/Miss.+Dracula/music/crystalosc	
https://chipmusic.org/Miss.+Dracula/music/cie	
https://chipmusic.org/Miss.+Dracula/music/ilotu	
https://chipmusic.org/Miss.+Dracula/music/2nced	
https://chipmusic.org/Helionaut/music/we-experiment	chiptune lsdj
https://chipmusic.org/Theta_Frost/music/timelide-lgpt	beats,frost,lgpt,psp,theta
https://chipmusic.org/G0DLIKE/music/empty-deep-dark-chipstep!	8bit,chipstep,chiptune,dark,deep,dubstep,g0dlike,gameboy,lsdj
https://chipmusic.org/wedanced/music/nl-25-demo	chiptune,nanoloop,test
https://chipmusic.org/shotgun+breakdown/music/riverhead	chiptune,electro,gameboy,house,lsdj,uplifting
https://chipmusic.org/Starpilot/music/the-earthworms-sonar-ruminations	
https://chipmusic.org/spinning+voices/music/aa!abba!aa!	chiptune,gameboy,lsdj
https://chipmusic.org/infradead/music/drrdar-pokeysynth-vs-malgorithm	
https://chipmusic.org/POPCORNKID/music/systemactivated-popcornkid!remix	amiga,chiptune,gameboy,lsdj,nes,remix,software
https://chipmusic.org/WMD/music/anthem-of-a-kid-with-no-friends	lsdj
https://chipmusic.org/infradead/music/suroundsonar-malgorithm--pokeysynth	awesome,modular,noise,pokey,pokeysynth
https://chipmusic.org/Dr.+PentaDeca/music/surrealities-lament	2a03,famitracker,no dpcm
https://chipmusic.org/Kommisar/music/gameboy-raiders-chip-meets-iron-maiden	fakebit,metal
https://chipmusic.org/Shiru/music/lan-master---title-2a03	nes famitracker game
https://chipmusic.org/Dr.+PentaDeca/music/humble-abode-crumble-erode	famitracker,mmc5,no dpcm
https://chipmusic.org/quBit/music/emergency-call	atari,call,emergency,qubit,ymvst
https://chipmusic.org/someonesomewhere/music/vlion	amiga,c64,chiptune,copyandpaste,fakebit,gameboy,likeaboss,lsdj,nanoloop,nes,whyareyoulookingathese
https://chipmusic.org/Nestrogen/music/her-brain-hurts	chiptune,gameboy,lsdj
https://chipmusic.org/Everandever/music/chip-rage	chiptune
https://chipmusic.org/mrhmouse/music/tonite	chiptune,lsdj
https://chipmusic.org/spinning+voices/music/vacuum-the-cord	chiptune,gameboy,lsdj
https://chipmusic.org/shotgun+breakdown/music/untraceable-lsdj-demo	electro,gameboy,house,lsdj,pop,uplifting
https://chipmusic.org/Modula+Screen/music/your-bloody-massacre	chiptune,gameboy,lsdj
https://chipmusic.org/null1024/music/obnormal-speeds	ahx,fakebit,module,pwm
https://chipmusic.org/Jredd/music/tmnt-and-mega-man-vs-doctor-shredder-wily	2a03,famitracker,hughes,jredd,mega man,nes,nintendo,tmnt,trevin
https://chipmusic.org/nkogliaz/music/coca-cola-funk	2a03,analog,dmg,funk,gameboy,game boy,house,kaosillator,live,lsdj,lsdj,moog,nkogliaz,sync,techno,xenyx 802
https://chipmusic.org/WMD/music/i-really-dont-know-what-this-is	gameboy,lsdj
https://chipmusic.org/rockman/music/rockman-game-boy-micromix-lsdj	nintendo live performance game boy dmg micromix lsdj rockman chip music 8bit tune
https://chipmusic.org/spinning+voices/music/as-far-as-i-know	chiptune,gameboy,lsdj
https://chipmusic.org/%C2%B5B/music/---	breaks,buzz,cover,fakebit,fakelesbians,medusa2,pop
https://chipmusic.org/Subterrestrial/music/mega-city-tokyo	8bit,ambient,ambient electronica,anime,electronica,scifi
https://chipmusic.org/Kommisar/music/boston-cream-feat-kasane-teto	adultery,fakebit,penis aids,vocaloid
https://chipmusic.org/Doomsberry/music/thump-n-bump	chiptune,gameboy,lsdj
https://chipmusic.org/swampyboy/music/house-atreides	c64,chiptune,fakebit
https://chipmusic.org/DKSTR/music/videovalvontaa---tissikuvat-2008	roland mc303
https://chipmusic.org/Saskrotch/music/frollic-core-tfm-wip	genesis,mega drive,sega,sega genesis,tfm maker,triplets,upbeat
https://chipmusic.org/Helionaut/music/overdriven	chiptune,fakebit,nes megaman
https://chipmusic.org/Color+a+Dinosaur/music/koopas-advocate	chiptune
https://chipmusic.org/Color+a+Dinosaur/music/was-that-seriously-the-last-boss	chiptune
https://chipmusic.org/Color+a+Dinosaur/music/automotonation	chiptune
https://chipmusic.org/Kubbi/music/monolith-raw	16bit,chiptune,dealwithit,ompt
https://chipmusic.org/KidCalcium/music/mt-fujam-on-toast-lsdj	calcium,chiptune,gameboy,jam,kid,lsdj,toast
https://chipmusic.org/FuturNari/music/this-song-is-for-alice	chiptune,gameboy,lsdj
https://chipmusic.org/Starpilot/music/nevertheless-brian-jonestown-massacre-cover	cover,fakebit,renoise
https://chipmusic.org/IantheGecko/music/monosynth-8-bit-opus-4-of-14	8bit opus,chiptune,cover,famitracker,joy electric,monosynth,nes,robot rock
https://chipmusic.org/The+Handle/music/the-rapture-fail-train	chiptune,fail,handle,rapture,sunvox,train
https://chipmusic.org/YERZMYEY/music/kaminari	zx spectrum 48 ay interface digital music lofi 4 bit yerzmyey kaminari italo disco sample tracker
https://chipmusic.org/Ro-Bear/music/my-day-off	bicycle,friends,laundry,lazy,lsdj,socks,teal,white
https://chipmusic.org/A+Versus+B/music/rotary-hackers-lsdj-glitch-melodic-drum-n-bass-attempt	a versus b,chiptune,glitch,lsdj,stickshifter
https://chipmusic.org/O2star/music/sadnes---my-star	8bit,8bit,chiptune,fuzz,grunge,guitars,nes,nintendo
https://chipmusic.org/Dr.+PentaDeca/music/between-plains	famitracker,no dpcm,vrc6
https://chipmusic.org/Fighter+X/music/initiate	
https://chipmusic.org/RoccoW/music/go-fast-dance-hard	chiptune,gameboy,lsdj,roccow
https://chipmusic.org/Heinz91/music/well-poop	headbobbin,house,lsdj
https://chipmusic.org/poisoncut/music/renegade-racer	
https://chipmusic.org/melkor/music/mediocre-nl25	gbasp,nanoloop
https://chipmusic.org/spinning+voices/music/sibble	chiptune,gameboy,lsdj
https://chipmusic.org/infradead/music/parky-pokey-synth	modular,noise,pokey
https://chipmusic.org/The+Handle/music/the-rapture-fail-train	chiptune,fail,handle,rapture,sunvox,train
https://chipmusic.org/spinning+voices/music/jump-into-my-mouth-and-breathe-the-stardust-black-moth-super-rainbow-cover	chiptune,gameboy,lsdj
https://chipmusic.org/fluidvolt/music/gunslinger-gutters-1bit-ish	1bit,bebop,jazz,special fx,spectrum,vgm
https://chipmusic.org/Sky+Crawlers/music/shark-shark!	chiptune,electro,post hardcore
https://chipmusic.org/Jansaw/music/alone-in-space	chiptune,gameboy,guitar,jansaw,lsdj
https://chipmusic.org/spinning+voices/music/bytelark	chiptune,gameboy,lsdj
https://chipmusic.org/KeFF/music/toukoukko	keff,piggy
https://chipmusic.org/WMD/music/bbbbass	lsdj
https://chipmusic.org/poisoncut/music/miles-of-funk	funk iphone game videogame soundtrack
https://chipmusic.org/DjCUTMAN/music/something-about-us-[-8-bit-daft-punk-remix-]	chill,chiptune,electro,fakebit,mixing,production,remix
https://chipmusic.org/%C2%B5B/music/pink-lettuce	acid,breaks,buzz,kraken,medusa2,sawfish,wank
https://chipmusic.org/PILOT+LARS/music/pilot-lars---the-raptor	fakebit,milkytracker,renoise
https://chipmusic.org/Byzanite/music/new-set-intro	chiptune,gameboy,hardcore,hardhouse,kp3,lsdj
https://chipmusic.org/bucky/music/hipster-city-cycle	nes
https://chipmusic.org/Jredd/music/adventure-beckons	2a03,famitracker,hughes,jredd,nes,nintendo,trevin
https://chipmusic.org/AaronMJohnson/music/power-outage	aaron,gameboy,johnson,lsdj,outage,power
https://chipmusic.org/I+AM+ERROR/music/unnamed-for-now	error,iameror,lsdj
https://chipmusic.org/bryface/music/blipfest-open-mic---unused-song-korg-ds-10	blipfest,ds10
https://chipmusic.org/80X/music/landscape	cfo,chiptune,magical8bit
https://chipmusic.org/FuturNari/music/organism-tfm	chiptune,genesis,megadrive,sega,tfm,ym2612
https://chipmusic.org/animalstyle/music/dmg-guitar-fake-tesla-coil-version	gameboy,tesla coil
https://chipmusic.org/budmelvin/music/not-my-memory	lgpt,piggy tracker
https://chipmusic.org/SAMWAVE/music/two-dimensional-hazards	chiptune,dance,gameboy,lsdj,samwave
https://chipmusic.org/mathgrant/music/pencilmaster-warioware-diy	chiptune,electronic,microtune,nds,nintendo ds,warioware diy
https://chipmusic.org/swampyboy/music/i-3-8bc	
https://chipmusic.org/Starpilot/music/ha-ha-ha-haters	
https://chipmusic.org/WMD/music/rain-lsdj	gameboy,lsdj
https://chipmusic.org/Mt+Tjhris/music/loads-too-heavy	ambient,chiptune,glitch
https://chipmusic.org/Pugbath/music/night-of-the-semen-demons	ds10,lsdj,minge minions,semen demon
https://chipmusic.org/poisoncut/music/distant-journey	
https://chipmusic.org/minusbaby/music/subimago	
https://chipmusic.org/menegass/music/carne-de-sol-corned-beef	
https://chipmusic.org/menegass/music/noise	bitcrusher
https://chipmusic.org/fluidvolt/music/summit-squall-snes	blues,funk,mario,rock,same game,snes,undake 30
https://chipmusic.org/Kommisar/music/conservative-holocaust	fuck harper
https://chipmusic.org/menegass/music/o-adorador-de-coisas-diferentes-the-worshiper-of-different-things	guitar,lowfidelity,ultraprocessed
https://chipmusic.org/Cartoon+Bomb/music/pots-and-pans-remix	fakebit,fuckery,lgpt,piggy tracker,rap,samples
https://chipmusic.org/menegass/music/desarmador-de-mina-terrestre-ver1-disarmer-landmine-ver1	desarmador,disarmer,landmine,mina,terrestre
https://chipmusic.org/Pugbath/music/titanus	korg ds10,lsdj,mega zord
https://chipmusic.org/Jansaw/music/hail-lsdj_guitars	chiptune,gameboy,guitar,jansaw,lsdj
https://chipmusic.org/Wekobo/music/cholo-shootingmy-second-attempt-at-making-chiptunes	chiptune
https://chipmusic.org/Jansaw/music/moving-day-guitarslsdj	chiptune,day,gameboy,guitar,jansaw,lsdj,moving
https://chipmusic.org/WMD/music/the-life-and-death-of-a-sailor	gameboy,lsdj
https://chipmusic.org/WMD/music/magic-in-its-many-forms	lsdj
https://chipmusic.org/xXGhostsGoBooXx/music/trauma	dubstep,gameboy,lsdj
https://chipmusic.org/bryface/music/let-us-rebuild	ds10
https://chipmusic.org/Starscream/music/05102094	c64,gameboy,lsdj,postrock,rock
https://chipmusic.org/shotgun+breakdown/music/danger!-lsdj-electro-house	electro,gameboy,house,lsdj,pop
https://chipmusic.org/Frostbyte/music/glitchmod-demo-over-megaman	
https://chipmusic.org/facundo/music/adlibluv	a2m,adlibtracker,facundo
https://chipmusic.org/poisoncut/music/midnight-diversion	
https://chipmusic.org/8-Bit-Rex/music/this-is-like-some-serious-extreme-g-shit	chiptune,gameboy,lsdj
https://chipmusic.org/Freque/music/the-devil-is-a-disco-dancer	
https://chipmusic.org/Saskrotch/music/bridge-zone-mod2psg-cover	cover,game gear,mod2psg,sega master system,sms,vgm
https://chipmusic.org/null1024/music/double-width-grin-[24-minutes-long!]	fakebit,long,module,verylong
https://chipmusic.org/mrhmouse/music/god-damnit	cgb,chiptune,lsdj
https://chipmusic.org/irrlichtproject/music/endgames-1bit	1bit,48k,beeper,chiptune,tritone,zx spectrum
https://chipmusic.org/WavFace/music/live-party-song	chiptune,gameboy,live,lsdj,party
https://chipmusic.org/Zef/music/livewire-amped-up	ctuk,dance,electro,gameboy,house,lsdj,showdown,zef
https://chipmusic.org/Jansaw/music/hail	gameboy,hail,jansaw,lsdj
https://chipmusic.org/stress_tn/music/stress_tn---prima-shooter	chipstep,chiptune,dnb,kp3,live,lsdj,stresstn,tmnt
https://chipmusic.org/Natty/music/flashheart---lady-shave	fad gadget,flashheart,lady shave,lgpt,natty,piggy tracker
https://chipmusic.org/Nestrogen/music/minas-ithil	chiptune,lsdj
https://chipmusic.org/MicroD/music/prime-part-ii-new-single!	gameboy,lsdj,math,microd,odd time,prime,prog
https://chipmusic.org/mathgrant/music/dork-is-yes!-warioware-diy	chiptune,electronic,microtune,nds,nintendo ds,warioware diy
https://chipmusic.org/Kommisar/music/rigid-paradise-miyakos-theme-touhou-13-lsdj	c64,chiptune,gameboy,lsdj,miyako,touhou 13
https://chipmusic.org/Starpilot/music/the-very-old-man-hum-cover	
https://chipmusic.org/Kool+Skull/music/vowelzzz	chipthrash,chiptune,dmg,gameboy,juan,kool,koolskull,larrazabal,lsdj,skull
https://chipmusic.org/Evil+Scientist/music/pallor-mortis	lsdj
https://chipmusic.org/Cartoon+Bomb/music/office-tales	break beat,fuckery,lgpt,piggy,samples
https://chipmusic.org/fluidvolt/music/solar-cowboys-snes	samples,shmup,snes,space,vgm
https://chipmusic.org/Orange+Goes+Pop%21/music/little-girl--requiem--instrumental-	chiptune,fakebit,orange goes pop,pop,suicide
https://chipmusic.org/8BM+%288Bits+Memory%29/music/stage-iv-8bits-memory	8bits,chiptune,gameboy,lsdj
https://chipmusic.org/null1024/music/the-time-is-now!	chiptune,fakebit,module
https://chipmusic.org/AriEdwin/music/misguided-and-revisited	chiptune,gameboy,lsdj
https://chipmusic.org/Alley+Beach/music/durnce	ableton,lsdj
https://chipmusic.org/Jredd/music/road-to-victory	2a03,famitracker,hughes,jredd,nes,reverb credits,trevin
https://chipmusic.org/10k/music/hardcore-band-pt-2-live--tone	gameboy,live,lsdj,vocals
https://chipmusic.org/Starpilot/music/amputated-fist-an-ode-to-the-songs-that-dont-make-the-cut	chiptune,gameboy,lsdj
https://chipmusic.org/Breezesquad_/music/numb-elektrik	
https://chipmusic.org/Jansaw/music/moving-day-1xlsdjdmg	chiptune,day,gameboy,jansaw,lsdj,moving
https://chipmusic.org/Krubbz/music/who-got-game	chip hop,fdr,game boy,hip hop,krubbz,lsdj,rap,who got game
https://chipmusic.org/Jophish/music/de-toute-beaut-xm---new-album	album,amiga,c64,chiptune,demo,fakebit,gameboy,lsdj,milky,milkytracker,mod,module,nes,tracker
https://chipmusic.org/Nestrogen/music/nervous-breakdown-black-flag-cover	
https://chipmusic.org/Starpilot/music/fiesty-robot	
https://chipmusic.org/Starpilot/music/freefly	
https://chipmusic.org/Shiru/music/car-chase-2a03	2a03,famicom,famitracker,nes
https://chipmusic.org/someonesomewhere/music/waiting-for-sunshine	chiptune,first try,nanoloop
https://chipmusic.org/My+empty+battery/music/sandstorm-lsdj-cover	lsdj
https://chipmusic.org/yar.songs/music/i-miss-my-cat	chiptune,gameboy,lsdj
https://chipmusic.org/xandox/music/groove-temptation	chiptune,dance,gameboy,lsdj
https://chipmusic.org/Holy+Konni/music/02-flying-around-in-space-first-single-from-my-upcoming-lgpt-album-earth-child-answer-already	chiptune,earth child answer already,fakebit,holy,holy konni,konni,lgpt,lol,psp
https://chipmusic.org/xXGhostsGoBooXx/music/smile-even-if-you-fall--lsdj	chiptune,gameboy,ghostgoboo
https://chipmusic.org/niunnuggin/music/bus-stuck	fakebit,iphone,nanoloop
https://chipmusic.org/Iron+Curtain/music/twilight-of-the-starfish	chiptune,gameboy,lsdj
https://chipmusic.org/MisterTriac/music/walking-with-you	nanoloop chiptune gameboycore triac
https://chipmusic.org/Cassey_JLD/music/no-name-song	chiptune,nes
https://chipmusic.org/Iron+Curtain/music/yuris-revenge-take-2	chiptune,gameboy,hardjowirogo,impersonation,impression,lsdj,starscream
https://chipmusic.org/ungertron/music/nehmer-attack	gameboy,lsdj
https://chipmusic.org/Starpilot/music/space-cadet	
https://chipmusic.org/arlen/music/super-spaceman	milkytracker,mod,s3m,space
https://chipmusic.org/Nestrogen/music/locutus	chiptune
https://chipmusic.org/8-Bit-Rex/music/razorfist	chiptune,gameboy,lsdj
https://chipmusic.org/EvilWezil/music/everything-must-go	funk,gameboy,lsdj
https://chipmusic.org/Mobb+Beep/music/new-mobb-beep-track-5-displacement-activities	breakcore,chipbreaks,gameboy,lsdj,mobb beep
https://chipmusic.org/Saskrotch/music/dmgacid2-wip	chiptune,lsdj
https://chipmusic.org/Iron+Curtain/music/yuris-revenge	chiptune,gameboy,hardjowirogo,impersonation,impression,lsdj,starscream
https://chipmusic.org/HA%21TARI/music/snow-dance	fl9 chillout ambient
https://chipmusic.org/shotgun+breakdown/music/laika-1xlsdj-version	gameboy,lsdj,pop
https://chipmusic.org/roboctopus/music/midnight-at-the-ice-palace	chiptune,dmg,gameboy,lsdj
https://chipmusic.org/Byzanite/music/jay-the-milfhunter	
https://chipmusic.org/Starpilot/music/everything-around-me-bubbles	dnb,drumnbass,fakebit,glitch,idm,renoise,starpilot
https://chipmusic.org/mrhmouse/music/toastert	chiptune,gameboy,lsdj
https://chipmusic.org/J.+Arthur+Keenes/music/the-bus-that-couldnt-slow-down-new-album-and-what-not	bongos,gameboy,lsdj
https://chipmusic.org/Edward+Shallow/music/submerged	lsdj
https://chipmusic.org/theskyis256k/music/nebulous-lsdj	chiptune,gameboy,lsdj
https://chipmusic.org/Shiru/music/technopolis-sid	c64,goattracker,sid
https://chipmusic.org/Jansaw/music/rainbow-road-mario-kart-64_1xlsdj-dmg	gameboy,jansaw,kart,lsdj,mario
https://chipmusic.org/Kubbi/music/migraines-finishing-mix	
https://chipmusic.org/FuturNari/music/you-probably-wont-be-remembered-when-youre-gone	chiptune,gameboy,lsdj
https://chipmusic.org/Kommisar/music/superfreak-lsdj-metal	chiptune,gameboy,lsdj,metal
https://chipmusic.org/calamarespaciales/music/the-bettle-atack	2010,beat,calamarespaciales,crab,lsdj,rak,ruik,vegetable
https://chipmusic.org/shotgun+breakdown/music/squirtles-in-time-lsdj	electro,gameboy,lsdj,pop
https://chipmusic.org/Kubbi/music/hackers-on-steroids	thisactuallysucks
https://chipmusic.org/niunnuggin/music/sniffin-glu	fakebit,iphone,nanoloop
https://chipmusic.org/niunnuggin/music/sleeping-in	fakebit,iphone,nanoloop
https://chipmusic.org/Skip+Sandwich/music/touch-fuzzy-get-dizzy!-level-3!	
https://chipmusic.org/Noisebox/music/you-belong-lsdj-ableton	ass,awesome,chiptune,chuck norris,flaming pies,gameboy,lsdj,manjuice,noisebox,red heads,tits,vag
https://chipmusic.org/Spaceman+Fantastiques/music/only-hubble-can-save-me-now	garageband,magic8bit,midi guitar
https://chipmusic.org/Starpilot/music/smacked-of-tracer-beams	
https://chipmusic.org/Starpilot/music/the-city-at-nite	
https://chipmusic.org/Diskette+Deluxe/music/nitrous-oxide	disco,house
https://chipmusic.org/My+empty+battery/music/better-off-alone-remix	chiptune,lsdj
https://chipmusic.org/PopSTAR/music/timepiece	8bit,chiptune,club,dance,gameboy,lsdj,p0pst4r,popstar,time,timepiece
https://chipmusic.org/DaPantz/music/triborough-bridge	gameboy,lsdj
https://chipmusic.org/fluidvolt/music/the-skill-pseudo-1bit	1bit,chromatic,fakebit,gritty,lofi,pc speaker,phaser 1
https://chipmusic.org/crashfaster/music/time-live-at-dope	chipsounds,chiptune,gameboy,live,lsdj,vocoder
https://chipmusic.org/Iron+Curtain/music/mekkwarrior-enhanced-version	anthem,chiptune,gameboy,logic express,lsdj,software instrument
https://chipmusic.org/Starpilot/music/scary-angles	
https://chipmusic.org/Kommisar/music/elysium-integer	chiptune,fakebit,insaneous chiptune solos
https://chipmusic.org/Jredd/music/breezy-islands	dub,famitracker,hughes,jredd,post processing island,trevin
https://chipmusic.org/theDutchess/music/senza-carta-working-title	carta,chiptune,genesis,sega,senza,tfm,thedutchess
https://chipmusic.org/smiker/music/m4gtracker-randomize-command-test-57	gameboy,m4g tracker
https://chipmusic.org/Dj+Brama+Style/music/killing-me-inside--biarlah	chiptune
https://chipmusic.org/Starpilot/music/it-tastes-like-mathematics	
https://chipmusic.org/Kubbi/music/migraines	chiptune,migraines,ompt
https://chipmusic.org/xXGhostsGoBooXx/music/seizures!!-lsdj	lsdj
https://chipmusic.org/mrhmouse/music/bump-me	chiptune,gameboy,lsdj
https://chipmusic.org/Dj+Brama+Style/music/kamu	chiptune
https://chipmusic.org/shotgun+breakdown/music/breathing-lsdj	gameboy,lsdj,pop,uplifting
https://chipmusic.org/Nestrogen/music/facundos-and-my-collective-arachnaphobia-force-fed-to-al-unser-jr	chiptune,gameboy,lsdj
https://chipmusic.org/MISTER+BEEP/music/triton-and-mermaid-1-bit	1 bit,1bit,1bit,beeper,chiptune,mister beep,tritone,zx spectrum 48
https://chipmusic.org/supersole/music/rbld	cheesy,chiptune,mid tempo,renoise
https://chipmusic.org/ne7/music/magic-beans-master-system	chiptune,master system,psg,real hardware,sega,sms
https://chipmusic.org/Kool+Skull/music/chasedbydogs	gameboy,kool,koolskull,lsdj,skull
https://chipmusic.org/Valpo+Usta/music/mangla	beach,chiptune,comeback,dubstep,electro house,gameboy,lsdj,new ep
https://chipmusic.org/mrhmouse/music/grist-lsdj	first,gameboy,lsdj
https://chipmusic.org/RoccoW/music/vengaboys---boom-boom-boom-boom!!-lsdj-remix	vengaboys boom lsdj remix dmg unmodded roccow gameboy 8bit
https://chipmusic.org/Iron+Curtain/music/mekkwarrior-final-version	anthem,chiptune,gameboy,lsdj
https://chipmusic.org/Kommisar/music/gundam-dude	chiptune,fakebit,gundamdude
https://chipmusic.org/Shiru/music/spring-came-ay	128k,ay38910,zx spectrum
https://chipmusic.org/Kubbi/music/umbra	umbra
https://chipmusic.org/sosimple/music/rebirthed-by-baseck	breakcore,chiptune,lsdj,turntablism
https://chipmusic.org/Bit_Rat/music/this-is-sleep	bitrat,crazy,fakebit,fucked up,glitch,modplug,noise,noisy,this is sleep,thrash,tracker,trash,wall of sound
https://chipmusic.org/Color+a+Dinosaur/music/mala-and-the-robot	chiptune
https://chipmusic.org/Iron+Curtain/music/mekkwarrior-w--vocals!	anthem,chiptune,lsdj,vocals
https://chipmusic.org/xXGhostsGoBooXx/music/star-monsters	gameboy,lsdj
https://chipmusic.org/xXGhostsGoBooXx/music/seizures!!-demo	gameboy,lsdj
https://chipmusic.org/xXGhostsGoBooXx/music/who-said-that-zombies-are-cute!!	gameboy,lsdj
https://chipmusic.org/Holy+Konni/music/i-wish-you-well-lgpt--vocals	chiptune,fakebit,lgpt,littlegptracker,singing,vocals
https://chipmusic.org/Dingo/music/spookybsss	bass,chiptune,ipad,spooky
https://chipmusic.org/Koala+Kids%21/music/stone-date	chiptune,dubstep,electro,gameboy,lsdj,pop
https://chipmusic.org/Starpilot/music/stars-on-the-floor	
https://chipmusic.org/aethernaut/music/2011-20092	chiptune,fusion
https://chipmusic.org/ev0l/music/untitled	boy,chip,chiptune,dmg,ev0l,evil,evilmercenary,evilmercenary,game,gameboy,lsdj,music,untitled
https://chipmusic.org/Nestrogen/music/catlanta	chiptune,gameboy,lsdj
https://chipmusic.org/Starscream/music/space	c64,lsdj,rock,space
https://chipmusic.org/10k/music/lets-party-live-at-soundbytes-8	gameboy,lsdj,vocals
https://chipmusic.org/Kommisar/music/pixel-girl-chiptune-love-song	chiptune,fakebit,ilu
https://chipmusic.org/Je+Mappelle/music/missing-thought-lsdj-showdown-thang	are,kidding,you
https://chipmusic.org/Bit_Rat/music/system-check-1-chip-guitar	bit,bitrat,chip,fakebit,guitar,melodic,metal,rat,rock,subject,test,two
https://chipmusic.org/Kommisar/music/1bit-loli-witch-hunter	1bit,chiptune,lolicon
https://chipmusic.org/Holy+Konni/music/holy-konni-for-japan-lsdj-fl-studio-chip-in-japan	gameboy,help,japan,lsdj
https://chipmusic.org/TheShortsleeves/music/climates-live-from-the-bug-jar	
https://chipmusic.org/Kool+Skull/music/hhaarrdd---lsdj-electro-9-minute-live-set	beastmode,egg,electro,future,gameboy,juan,kool,koolskull,larrazabal,lsdj,numberjuan,scotch,shitbird,skull,the
https://chipmusic.org/layzerlobster/music/lobsterfisted	crustacean,dubscuttle,layzer,lobster,lsdj,truebit,wonk
https://chipmusic.org/O2star/music/ghosts-n-stuff-deadmau5-cover	adlib,chiptune,dance time,electro house,msdos,rock it,sb16,sound blaster 16,tracker
https://chipmusic.org/TREYFREY/music/recover-2xlsdj	chiptune,gameboy,lsdj
https://chipmusic.org/Kommisar/music/meteor-swarm-taint-the-earth-red	chiptune,gameboy,lsdj
https://chipmusic.org/8-Bit-Rex/music/rotten-pulp-inside	chiptune,gameboy,lsdj
https://chipmusic.org/SAMWAVE/music/galactical-space-map	8bit,chap,chippy,chiptune,gameboy,lsdj,samwave,space,techno
https://chipmusic.org/Starpilot/music/tangled-in-longing	
https://chipmusic.org/%C2%B5B/music/stylin-kicksnflips	awyeah,basic64,buzz,checkdisout,chiptune,fakebit,freestyle,medusa,megablast,mssiah
https://chipmusic.org/Freque/music/codigo-azul	
https://chipmusic.org/Starpilot/music/no-flash-photography-please	
https://chipmusic.org/Starpilot/music/tiny-extra-dimensions	
https://chipmusic.org/Starpilot/music/this-line-will-always-be-busy-with-my-thoughts	
https://chipmusic.org/Starpilot/music/blind-riot-in-the-sky	
https://chipmusic.org/Starpilot/music/give-me-all-your-gravitons	
https://chipmusic.org/Kommisar/music/bad-apple!!-swing-mix	bad apple,chiptune,gameboy,lsdj,shmup,touhou
https://chipmusic.org/K+is+for+Kraken/music/wolfpack-sabaton	c64,chiptune,fakebit,gameboy
https://chipmusic.org/Shael+Riley/music/vampire-killer-juese-belmont	nes,rock,vocal
https://chipmusic.org/Fighter+X/music/dead-of-night	little sound breaks
https://chipmusic.org/Ultrasyd/music/dead-but-still-dancing-ste	atari
https://chipmusic.org/mikebleeds/music/carte-blanche--veracocha-trance-cover-lsdjx1-demo	
https://chipmusic.org/J.+Arthur+Keenes/music/henry-lee-traditional	casio,folk,hillbilly,murder ballad
https://chipmusic.org/Resistor/music/icy-fingers-side-effect	gbc gameboy lsdj
https://chipmusic.org/Starpilot/music/kiss-my-abyss	
https://chipmusic.org/leeni/music/well-i-wonder-the-smiths	8bit heart,chiptune,gameboy,korg emx,leeni,lsdj,meat is murder,morrissey,the smiths
https://chipmusic.org/DJ+Eastern+Blok/music/northern-lights	bitmasters netlabel,gameboy,lsdj
https://chipmusic.org/arlen/music/long-day	fasttracker2,milkytracker,triphop
https://chipmusic.org/Color+a+Dinosaur/music/were-out-of-sushi!!!	chiptune
https://chipmusic.org/Color+a+Dinosaur/music/i-pilot-whales	chiptune
https://chipmusic.org/The+8-Bit+Protocol/music/sune	chiptune,dmg,lsdj
https://chipmusic.org/Dot.AY/music/bambiraptor	chipbass,dinosaurs,gameboy,lsdj
https://chipmusic.org/Byzanite/music/cookeez	happy,lsdj,summer,upbeat
https://chipmusic.org/Holy+Konni/music/theyre-running-around-naked-hiding-in-the-bushes-lgpt-psp-rage	dick,holy konni,lgpt,littlegptracker,psp,rage
https://chipmusic.org/Prototron/music/caverns--castles	castles,caverns,caves,chiptune,game,games,moody,nes,nintendo,pirate,retro,sinister
https://chipmusic.org/STIFF+KITTEN_/music/move-heavy-lsdj-demo	electro,heavy,lsdj,sex
https://chipmusic.org/Cartoon+Bomb/music/piggydub-ii	commodore 64,cynthcart,dub,lgpt,reggae
https://chipmusic.org/Shiru/music/bicycle-ride-1-bit	1bit,48k,beeper,zx spectrum
https://chipmusic.org/shotgun+breakdown/music/glass-reflection-lsdj-demo	gameboy,lsdj,pop
https://chipmusic.org/fsopho/music/phantoms	16 bits,flstudio,snes
https://chipmusic.org/Jophish/music/hands-tight-xm	amiga,chip,chipmusic,chiptune,fakebit,milkytracker,tracker
https://chipmusic.org/Shael+Riley/music/silent-running	chiptune,cover,nes,pop,vocal
https://chipmusic.org/13acon13its/music/the-men-who-stare-at-goatse!	chiptune
https://chipmusic.org/CCrimson/music/anythings-better-than-crawling---the-munitionettes-vox-guitar-drums-lsdj-dmg-microkorg	dmg,drums,guitar,lsdj,munitionettes,the,vocals
https://chipmusic.org/ev0l/music/hardware-begginings	bad,boy,ev0l evil,game,gameboy,learning,lsdj,mercenary,wav channel
https://chipmusic.org/Note%21/music/interloop-t---cold-rolled	gameboy,lsdj,repetitive,shake,thatass,thnx
https://chipmusic.org/Kommisar/music/steel-bomber-chip-metal	fakebit,metal
https://chipmusic.org/MISTER+BEEP/music/spring-is-coming	1 bit,1bit,1bit,beeper,chiptune,mister beep,octode,zx spectrum 48
https://chipmusic.org/poisoncut/music/twitchack-theme	amiga,c64,chiptune,milky tracker
https://chipmusic.org/Bloody_Eugene/music/defeating-drwillys-clone---catch-fight-and-win	chiptune,renoise
https://chipmusic.org/ev0l/music/club-haunting	boy,chip,chiptune,club,dance,ev0l,ever,evil,evilmercenary,first,game,game boy,gemeboy,haunting,lsdj,track
https://chipmusic.org/Jredd/music/1-bit-city	1bit,hughes,jredd,phazer 1 engine,trevin,zx spectrum
https://chipmusic.org/BTS/music/end-credits	chiptune,fakebit,renoise
https://chipmusic.org/lisb/music/[tfmmaker][ym2612]-segawonk	genesis,hiphop,sega,sn76489,tfmmaker,wonk,ym2612
https://chipmusic.org/%C2%B5B/music/tundra-storm	breaks,buzz,fakebit,kraken,medusa
https://chipmusic.org/theskyis256k/music/throughout-the-universe-lsdj	chiptune,gameboy,lsdj
https://chipmusic.org/OK+Ikumi/music/europa	casio,ds10,instrumental,space,theramin
https://chipmusic.org/RoccoW/music/break-a-leg	chiptune,dmg,gameboy,lsdj,roccow
https://chipmusic.org/Holy+Konni/music/mi-wile-lape-lgpt-test	ambient,dick,holy konni,lgpt,littlegptracker,psp
https://chipmusic.org/fighting+free/music/wario-the-2nd	nds,warioware
https://chipmusic.org/%C2%B5B/music/ey-yo!	buzz,fakebit,hiphop,medusa,reggae,sunny
https://chipmusic.org/xandox/music/rst	chiptune,dance,gameboy,lsdj
https://chipmusic.org/TheShortsleeves/music/rabbit-feet	casio,chiptune,lsdj,synth pop
https://chipmusic.org/L-tron/music/2043-lgpt---jazzhole-compilation-secret-track	boobs,hexawe,jazz,jazzhole,leprechaun porn,lgpt,ltron,more boobs
https://chipmusic.org/Zef/music/tension-electro-house-lsdj	dance,electro,gameboy,gbc,house,lsdj,zef
https://chipmusic.org/Prototron/music/runaway	
https://chipmusic.org/Prototron/music/infiltrate	chiptune,computer,console,epic,game,games,harmonized,harmony,melodic,music,nes,nintendo,retro,soaring
https://chipmusic.org/Flip-Flop/music/mlo	flipflop,gameboy,game boy,lsdj,mlo
https://chipmusic.org/Kommisar/music/nodocchi-eats-pocky-[lsdj-x-saki]	chiptune,gameboy,lsdj,nodocchi,rave,saki,weaboo
https://chipmusic.org/ChipN00b/music/another-day	8bit,8bit engineer,chiptune,gameboy,lsdj
https://chipmusic.org/BR1GHT+PR1MATE/music/impossible-boner-8bc-shutdown-remastered-edition	boners,chiptune,death,everything,gameboy,god,impossibles,lsdj,rebirth,remasters,the internet
https://chipmusic.org/Jansaw/music/new-direction-final-guitarsolo-lsdj	chiptune,gameboy,guitar,jansaw,live,lsdj
https://chipmusic.org/DaPantz/music/exploits	chiptune,gameboy,lsdj
https://chipmusic.org/KieranJupe/music/king-pair---the-first-song-that-makes-no-sense	gameboy,king pair,lsdj
https://chipmusic.org/8-Bit-Rex/music/dystopia	chiptune,gameboy,lsdj
https://chipmusic.org/e.s.c./music/trying-to-sound-hopeful-for-your-benefit	analog,lgpt,midines,nes,piggy,piggymidi
https://chipmusic.org/Sparkyboy/music/dry-salvation	chiptune,gameboy,lsdj
https://chipmusic.org/Ary+%28get+dat+lunch%29/music/cover-of-saties-gymnopdie-no-1	
https://chipmusic.org/Kommisar/music/la-lune-du-minuit-ternel	chris
https://chipmusic.org/Jansaw/music/it-cant-be-here-lsdj-sync	gameboy,jansaw,lsdj
https://chipmusic.org/kineticturtle/music/got-it-bad---the-glowing-stars-[demo]	guitar vocals glowing stars arduinoboy mgb lsdj
https://chipmusic.org/Jay+Tholen/music/blood-fete--video-edit	jesus,mellotron,nes,organ,psych
https://chipmusic.org/fluidvolt/music/magma-volley-vrc7	famitracker,fire,nes,shmup,vgm,vrc7
https://chipmusic.org/STIFF+KITTEN_/music/trash_	electro,heavy,lsdj
https://chipmusic.org/Mobb+Beep/music/primitiv-feat-venetian-snares-lsdj	altid,gameboy,lsdj,mobbbeep,mobb beep,venetian snares
https://chipmusic.org/Fauxhound/music/love--secrets	gameboy,love,lsdj,secrets,word
https://chipmusic.org/8-Bit-Rex/music/interrupt	chiptune,gameboy,lsdj
https://chipmusic.org/Kool+Skull/music/madmix	klool,kool,koolskull,skull
https://chipmusic.org/Jansaw/music/new-direction-guitar-lsdj-demo	chiptune,gameboy,guitar,jansaw,lsdj
https://chipmusic.org/bitfan/music/it-must-sound-like-that-in-hell	
https://chipmusic.org/freezedream/music/anarchist	gameboy,gbc,live,lsdj
https://chipmusic.org/O2star/music/gift-002-adlib-tracker-ii-demonstration	adlib tracker ii,chiptune,computer music,electronic,lofi,msdos,sound blaster 16
https://chipmusic.org/PandaMindset/music/pandamindset---insert-coin-to-play	atari,chiptune,gameboy,insert coin to play,pandamindset
https://chipmusic.org/Kool+Skull/music/koolnoyz---track-from-shitbird-split	bird,kool,koolskull,lsdj,shit,shitbid,skull
https://chipmusic.org/%E2%96%92%E2%96%92%E2%96%92/music/staticloveparty2	abstract,chiptune,drone,evol,experimental,gameboy,lofi,moongaze,nanoloop,noise,postmanipulation
https://chipmusic.org/PandaMindset/music/pandamindset---space-sleepers	space sleepers 8bit 16bit retro gameboy atari pandamindset pandamindset panda mindset new cool awesome
https://chipmusic.org/bitfan/music/breaking-bits	chiptune
https://chipmusic.org/fsopho/music/super-quick-race	16 bits,race game,super quick
https://chipmusic.org/Kommisar/music/perdition-crisis	chiptune,gameboy,lsdj,touhou
https://chipmusic.org/SAMWAVE/music/nanostep-nl23-dubstep	8bit,advance,chiptune,crunch,dubstep,gameboy,gameboy,nanoloop,samwave,wobble
https://chipmusic.org/PopSTAR/music/ghost-in-the-machine	8bit,chiptune,gameboy,ghost,ghost in the machine,lsdj,machine,p0pst4r,popstar
https://chipmusic.org/Sky+Crawlers/music/the-dogfight	8bit,electro
https://chipmusic.org/mathgrant/music/viral-fox-warioware-diy	chiptune,electronic,microtune,nds,nintendo ds,warioware diy
https://chipmusic.org/BR1GHT+PR1MATE/music/falling-leaves-river-of-styx--8bc-shutdown-remastered-edition	8bc,all my likes are gone and yes that matters to me,boredom,chiptune,compressor,gameboy,lsdj,noz,some reverb
https://chipmusic.org/fsopho/music/00-agent	007 goldeneye,16 bits,fl9,n64
https://chipmusic.org/Console+Killer/music/chip-motion__-full-version--------new-ep-coming-soon-lsdj	chiptune,dark,electro chip,gameboy,industrial,lsdj
https://chipmusic.org/Kommisar/music/dream-express	gameboy,lsdj,touhou
https://chipmusic.org/Syde+Kik/music/heros-stand-lsdj	chiptune,gameboy,kick ass,lsdj,manly
https://chipmusic.org/nappotronic/music/say-it!	battletoads,chiptune
https://chipmusic.org/Starpilot/music/burn-all-the-liars	chiptune,dance,electro,gameboy,idm,lsdj,noise,starpilot,techno,trippy,wacky,weird
https://chipmusic.org/PILOT+LARS/music/intruder-70kb-xm	milkytracker
https://chipmusic.org/mathgrant/music/pipe-man-2a03	2a03,chiptune,famitracker,nes
https://chipmusic.org/MisfitChris/music/tamagotchi	chiptune,fakebit,nes
https://chipmusic.org/Acid/music/mario-vs-dora-the-explorer-chiptune-bootleg	chiptune
https://chipmusic.org/Sky+Crawlers/music/zeros-final-aeon	8bit,electro
https://chipmusic.org/fighting+free/music/uncanny-ability-to-ignore	famitracker,punk
https://chipmusic.org/L-tron/music/digit4l-gh0st-lgpt-dnb-breakcore-jam	breakcore,dnb,drum n bass,lgpt
https://chipmusic.org/Byzanite/music/homebase	byzanite,hard,homebase,we lik tit
https://chipmusic.org/sht_sound/music/walking-really-close-to-you	
https://chipmusic.org/SAMWAVE/music/knights-with-tales	chiptune,gameboy,knights,lsdj,samwave,tales,with
https://chipmusic.org/RoccoW/music/blargh	chiptune,gameboy,lsdj
https://chipmusic.org/tadpole/music/green-mountain	snes,spc
https://chipmusic.org/G.E.Dope/music/idk-yet	chiptune
https://chipmusic.org/CerealKilla/music/fish	chiptune,gameboy,lsdj
https://chipmusic.org/Starpilot/music/gristlebunnies!-lsdj	bitmasters,chiptune,gameboy,iii,lsdj,starpilot,trippy
https://chipmusic.org/Starpilot/music/trans-neptunian-renoise	idm,renoise,starpilot
https://chipmusic.org/sht_sound/music/xhua5t-plume5	
https://chipmusic.org/Brother+Android/music/tetron-stereo	chiptune,fakebit,hero core,minimal,soundtrack
https://chipmusic.org/Zan-zan-zawa-butt/music/mopping-hippy	adlib,berominitracker,opl2,sortajazz,sortakrap,winterchip 2011,zanzanzawaveia
https://chipmusic.org/crashfaster/music/supernova	adm,chipsounds,electro,lsdj,vocoder
https://chipmusic.org/simply+bit/music/avril-lavigne---skater-boy--cover	chiptune,gameboy,lsdj
https://chipmusic.org/remaja+masa+kini/music/nada-dikala-ujian-akhir-semester	chiptune
https://chipmusic.org/remaja+masa+kini/music/nada-dini-hari	chiptune
https://chipmusic.org/Former+Inanimate+Object/music/shoes-of-a-sandman	audacity,dmg,dream,gameboy,lsdj,sandman
https://chipmusic.org/Roth/music/my-valentine	8bitcollective,8bitpeoples,bitpop,chiptune,magical8bitplug,valentine,ymck
https://chipmusic.org/accidentalsounds/music/ah-ah-ah	basic64,electro,fakebit
https://chipmusic.org/RALU/music/flagpole-8bitta	chiptune
https://chipmusic.org/Stenobot/music/robot-party	chiptune,gameboy,lsdj
https://chipmusic.org/Fighter+X/music/happy-valentines-day	
https://chipmusic.org/mathgrant/music/generic-falling-blocks-puzzle-2a03	2a03,chiptune,famitracker,microtune,nes
https://chipmusic.org/mathgrant/music/generic-blox-warioware-diy	chiptune,microtune,nds,nintendo ds,warioware diy
https://chipmusic.org/mathgrant/music/ambient-rave-warioware-diy	microtune,nds,nintendo ds,warioware diy
https://chipmusic.org/bit+mummy/music/astral-projection	bit mummy 8 bit music chiptune space  shroomin nanoloop earthbound nezaemon 8 bit  nes music game
https://chipmusic.org/LONELY+TUNES/music/doremi-cover	
https://chipmusic.org/LONELY+TUNES/music/cnut!-and-the-dance-floor	
https://chipmusic.org/Starpilot/music/honk-if-you-killed-the-mayor-first-renoise-attempts	break,chiptune,core,crazy,fakebit,idm,insanity,noise,renoise,starpilot,wacky
https://chipmusic.org/kashioboy/music/godonelessmonsterinyourclosetm01-version	m01,nds
https://chipmusic.org/Bit+Your+Bitch/music/heartsick	chiptune
https://chipmusic.org/Bit+Your+Bitch/music/valentines-terror	chiptune
https://chipmusic.org/Ages/music/dream-chaser	ages dream chaser
https://chipmusic.org/pyEss/music/cant-go-under-must-go-over	chiptune,logic pro
https://chipmusic.org/Alpha+C/music/robot-hooliganism-moscow-edition	1bit,battle of the bits,beeper,botb,winter chip,zx spectrum
https://chipmusic.org/Ages/music/something-different	ages something different
https://chipmusic.org/%E2%96%92%E2%96%92%E2%96%92/music/2481	abstract,chiptune,cutup,experimental,lofi,moongaze,nanoloop,nurave,postmanipulation,postpunk,reverb
https://chipmusic.org/8-Bit-Rex/music/session-8-bit	chiptune,gameboy,lsdj
https://chipmusic.org/Starpilot/music/you-hold-up-the-rafters-milkytracker	
https://chipmusic.org/fluidvolt/music/attract-mode-vrc7	famitracker,kickass,nes,rock,spacey,vgm,vrc7
https://chipmusic.org/Subway+Sonicbeat/music/tvod-the-normal-cover	cover,dingoo,lgpt,singing,sung,vocals,voice
https://chipmusic.org/Kommisar/music/colibri	gameboy,lsdj,madness
https://chipmusic.org/Kayeff/music/dif-to-begger	chiptune,gameboy,lsdj
https://chipmusic.org/Skip+Sandwich/music/dont-startle-the-witch	chiptune,gameboy,lsdj
https://chipmusic.org/TV+DEATH+SQUAD/music/now-mon-selecta	lsdj,now mon selecta,tv death squad
https://chipmusic.org/kashioboy/music/utility	korg m01,nds,ndsixl
https://chipmusic.org/Decktonic/music/stereo-effects	ambient,chiptune,electronica,fakebit,idm
https://chipmusic.org/Rabspat/music/aqua-korg-ds-10	rabspat korg ds10 ds
https://chipmusic.org/Kayeff/music/sisters	chiptune,gameboy,lsdj,remake
https://chipmusic.org/Whitely/music/spring-blossoms	gameboy,nanoloop
https://chipmusic.org/accidentalsounds/music/fun-with-balloons	disco,electro,fakebit
https://chipmusic.org/Sky+Crawlers/music/immunity	8bit,electro
https://chipmusic.org/Sky+Crawlers/music/chaos-and-confusion	8bit,electro
https://chipmusic.org/Sky+Crawlers/music/glitched-requiem	8bit,electro
https://chipmusic.org/accidentalsounds/music/lord-dubbingtons-revenge	fakebit
https://chipmusic.org/Sky+Crawlers/music/orbital	8bit,electro
https://chipmusic.org/Greenleaf/music/echo-ave	gameboy,guitar,lsdj,noise
https://chipmusic.org/impreza92/music/fakebitbreak	fakebit
https://chipmusic.org/K+is+for+Kraken/music/big-blue-f-zero	c64,chiptune
https://chipmusic.org/pyEss/music/christmas-jumper	aple logic,chiptune
https://chipmusic.org/My+empty+battery/music/move-on	gameboy,lsdj
https://chipmusic.org/J.+Arthur+Keenes/music/couchgrass	fakebit
https://chipmusic.org/xandox/music/pixel-euphoria	chiptune,dance,gameboy,lsdj
https://chipmusic.org/Love+Through+Cannibalism/music/aurora-blizzard	chipbreak,fakebit,pokemon,tangela
https://chipmusic.org/theskyis256k/music/the-long-and-winding-road	chiptune,gameboy,lsdj
https://chipmusic.org/Iron+Curtain/music/gula-vorax	appetite,gameboy,gluttony,gullet,lsdj,voracious
https://chipmusic.org/pyEss/music/go-lucky	chiptune appelogic
https://chipmusic.org/Cartoon+Bomb/music/cartoon-bomb--kadin-demos-2	julia kent,kadin,lgpt,piggy,samples,slam
https://chipmusic.org/Cartoon+Bomb/music/cartoon-bomb--kadin-demos	kadin,piggy,samples,spoken word
https://chipmusic.org/8-Bit-Rex/music/short-haired-robots	chiptune,gameboy,lsdj
https://chipmusic.org/Melchior/music/iwannadestroy	milkytracker
https://chipmusic.org/theskyis256k/music/i-dont-really-have-a-name-for-it-yet	chiptune,gameboy,lsdj
https://chipmusic.org/Shriker/music/whisp	chipmusic,dmg,drumstep,liquid,lsdj
https://chipmusic.org/Byzanite/music/the-final-step-propa-sik-epiq-chipstep-m8	bangin,chipstep,lsdj,sik
https://chipmusic.org/pyEss/music/8plant	
https://chipmusic.org/donotrunwithpixels/music/are-you-okay---kinetic-monkey	chipbient,chiptune,kinetic monkey,nanoloop
https://chipmusic.org/WavFace/music/mickey-haize	gameboy,lsdj
https://chipmusic.org/Al+Capile/music/la-drve	gameboy,lsdj
https://chipmusic.org/K+is+for+Kraken/music/invasion-of-the-barnacles-loopable	c64,chiptune
https://chipmusic.org/Skip+Sandwich/music/i-love-you-an-cat-max	gameboy,lsdj
https://chipmusic.org/yes_pizzza/music/moonsailor	chiptune,gameboy,lsdj
https://chipmusic.org/smiker/music/smiker--adrian---era	chiptune,gameboy lyrics,nes
https://chipmusic.org/FuturNari/music/cellular-automaton	chiptune,genesis,megadrive,sega,ym2612
https://chipmusic.org/Former+Inanimate+Object/music/cowgirl-in-the-8bit-gbc-version	dmg,gameboy,gbc,lsdj
https://chipmusic.org/fluidvolt/music/select-ship-vrc7	nes,rpm,shmup,vgm,vrc7
https://chipmusic.org/Console+Killer/music/imvirus	lsdj
https://chipmusic.org/%E2%96%92%E2%96%92%E2%96%92/music/2410	chiptune,downtempo,experimental,gameboy,moongaze,nanoloop,postmanipulation,reverb
https://chipmusic.org/8-Bit-Rex/music/slip-crimp	chiptune,lsdj
https://chipmusic.org/Smendrick+the+Magician/music/your-destiny-is-greatness	c64,chiptune,smendrick the magician,tracker
https://chipmusic.org/ZAZI/music/a-brief-departure-from-this-world	c64,korg,monosynth,mssiah,polysynth
https://chipmusic.org/NE555/music/cherry-mash	cherry mash,chiptune,nanoloop,ne555,nl13
https://chipmusic.org/NE555/music/no0439	chiptune,gameboy,gameboy camera,nanoloop,ne555,trippy h
https://chipmusic.org/NE555/music/m-33-trippy-h	chiptune,gameboy,gameboy camera,nanoloop,ne555,trippy h
https://chipmusic.org/NE555/music/walkabout	chiptune,gameboy,gameboy color,nanoloop,ne555,pocket music
https://chipmusic.org/NE555/music/sodium	chiptune,gameboy,gameboy advance,nanoloop,ne555,pocket music
https://chipmusic.org/NE555/music/soft-ruins	boss,chiptune,ds10,gameboy,korg,nanoloop,ne555,nintendo ds
https://chipmusic.org/WavFace/music/apevia	kp2,logic pro,lsdj
https://chipmusic.org/Cartoon+Bomb/music/blue-morrison-house	hexawe,jazzhole,lgpt,mellow,piggy,psp,samples,tracker
https://chipmusic.org/danimal+cannon/music/good-journey-dont-say-goodbye	cannon,chiptune,danimal,gameboy,lsdj,prog,shred,solo
https://chipmusic.org/Decktonic/music/licensed-for-use-anthony-seeha-remix	
https://chipmusic.org/K+is+for+Kraken/music/need-for-epinephrin	c64
https://chipmusic.org/Skip+Sandwich/music/mine-control-a-song-about-playing-too-much-minecraft	
https://chipmusic.org/Skip+Sandwich/music/nowhere-islands-earthbound-inspired-lsdj	gameboy,lsdj
https://chipmusic.org/christopher_voss/music/rpm-challenge---day-five	amiga,c64,chiptune
https://chipmusic.org/nappotronic/music/sipano	
https://chipmusic.org/bit+mummy/music/fight-4-yer-life!!!!	bit mummy,c64,chiptune,drum,fl studio,gameboy,hardcore,lsdj,metal,nanoloop,nes
https://chipmusic.org/Cahier/music/bridges	ambience,bliss,nanoloop,whitely
https://chipmusic.org/supersole/music/jasmine-flowers-chippy-remix	renoise
https://chipmusic.org/L-tron/music/waiting-demo-2	atonal,experimental,lgpt,ltron,psp,sweet,trance
https://chipmusic.org/Starpilot/music/drink-beer-smoke-pot-play-chiptunes	
https://chipmusic.org/theskyis256k/music/edge-of-reason	chiptune,gameboy,lsdj
https://chipmusic.org/G.E.Dope/music/rock-em-sock-em-dro-bots	7th gear,chiptune,gameboy,lsdj,seventh gear
https://chipmusic.org/Skip+Sandwich/music/flash-flood-cc-please	gameboy,lsdj
https://chipmusic.org/Cityscape%2C+Go%21/music/aetatis-suae-1-bit---reworked-due-to-helpful-cc	1 bit,1bit,beepola,chiptune,cityscape go,gameboy
https://chipmusic.org/fighting+free/music/cool-groove	famitracker
https://chipmusic.org/christopher_voss/music/rpm-challenge---day-three	amiga,c64,chiptune
https://chipmusic.org/KAS/music/rong-wrobot	circuit bent,gbasp,nanoloop 2
https://chipmusic.org/DMGed/music/jungle-theme-n-lazer-beamin	wood drum
https://chipmusic.org/DMGed/music/chipped-muse	
https://chipmusic.org/DMGed/music/if-sting-were-a-jamaican-chiptune-artist	
https://chipmusic.org/bryface/music/mercury-a-journey-through-space-ds-10-album	ds10
https://chipmusic.org/shotgun+breakdown/music/kids-with-capes-lsdj-demo	gameboy,lsdj,pop,uplifting
https://chipmusic.org/bossFYTE/music/8bit-army	
https://chipmusic.org/fighting+free/music/mind-garden	
https://chipmusic.org/Cityscape%2C+Go%21/music/aetatis-suae-1-bit	1 bit,1bit,aetatis suae,beepola,bit bash,bitbash,chiptune,cityscapego,cityscape go,south africa
https://chipmusic.org/TV+DEATH+SQUAD/music/sinistar	lsdj,marty kraham,tv death squad,tvds
https://chipmusic.org/L-tron/music/courtship-edit-1	dance,experimental,lgpt,ltron,noise,piggy,slide whistle,trance
https://chipmusic.org/christopher_voss/music/rpm-challenge---day-one	chiptune,schism tracker
https://chipmusic.org/Byzanite/music/real	byzanite,hardtrance,kp3,lsdj,real,tarnce
https://chipmusic.org/Skip+Sandwich/music/zef-livewire-skip-sandwich-dx-edit	
https://chipmusic.org/Skip+Sandwich/music/sour-diesel	
https://chipmusic.org/Skip+Sandwich/music/this-song-is-dedicated-to-anyone-who-grew-up-playing-super-nintendo	
https://chipmusic.org/fighting+free/music/fall-groove	famitracker
https://chipmusic.org/Brother+Android/music/i-wish-i-were-your-derivative	tracker
https://chipmusic.org/Breezesquad_/music/sweet-sixteen-forever	
https://chipmusic.org/Byzanite/music/delta	byzanite,enigma,hardtrance,lsdj,triangle,unce
https://chipmusic.org/Kommisar/music/infinity-hyperspace	insaneous chiptune solo
https://chipmusic.org/fighting+free/music/newdswarioware-diy--guitars	nds,punk,warioware diy
https://chipmusic.org/matt.nida/music/language-barrier	captain kirk,dub,electro,house,lgpt,piggy,psp,space,star trek,tracker
https://chipmusic.org/Jansaw/music/morgoth-and-i	chiptune,cpu,gameboy,halfclock,jansaw,lsdj
https://chipmusic.org/Starpilot/music/such-a-yellow-word	chiptune,crazy,fucked,gameboy,intense,lsdj
https://chipmusic.org/arlen/music/ethereal-lizard-sheep	dance,pants,prance,trance
https://chipmusic.org/christopher_voss/music/freshxm	
https://chipmusic.org/Wizwars/music/thrash-city-motherfuckers-reupload-new-mix	gameboy color,lsdj,real la chip thrash
https://chipmusic.org/sht_sound/music/trash-bass-jam	trash bass jam sht sound crappy shit fail
https://chipmusic.org/Bananablob/music/wild-tangent-korg-ds-10	chiptune,korg ds10
https://chipmusic.org/Starpilot/music/hydrostatic-equillibrium	chiptune,gameboy,lsdj
https://chipmusic.org/Byzanite/music/jumper-m3g4-jum57yl3	hard
https://chipmusic.org/Mystic+Hero/music/winners-of-the-last-war	chiptune,lsdj,samples
https://chipmusic.org/Kommisar/music/serendipitous-paraplegic-murder	fakebit,metal
https://chipmusic.org/Fighter+X/music/creedence-clearwater-revival---green-river	
https://chipmusic.org/Shiru/music/after-the-rain-2a03	2a03,famicom,famitracker,nes
https://chipmusic.org/Cityscape%2C+Go%21/music/adventures-do-not-always-end-happily	adventures,chiptune,cityscape,durban,gameboy,indie,south africa
https://chipmusic.org/KidCalcium/music/whore-face-lsdj	face,kidcalcium,lsdj,rainbow,vomit,whore,whore face
https://chipmusic.org/Analog/music/ladrones-de-saco-y-corbata-2011-teaser	analog,chipmusic,gameboy,lsdj,sudaca
https://chipmusic.org/Starpilot/music/intersliced-entities	
https://chipmusic.org/Starpilot/music/ecclesiastical-scrotum	
https://chipmusic.org/Starpilot/music/when-i-disappear	
https://chipmusic.org/DJ+Eastern+Blok/music/lockout-lsdj-techno	4onthefloor,150bpm,chiptune,gameboy,lsdj,techno
https://chipmusic.org/SAMWAVE/music/vanquish	8bit,chiptune,gameboy,little,lsdj,samwave,sound
https://chipmusic.org/Kubbi/music/stereologue--memory-slot-a-	
https://chipmusic.org/ungertron/music/the-front-of-a-97-ford-escort	lsdj
https://chipmusic.org/arlen/music/icecream-donut	xm milkytracker ft2 donut icecream
https://chipmusic.org/%C2%B5B/music/none-shall-pass-aesop-rock-remix	acapella,buzz,fakebit,hiphop,kraken,medusa,peach,triforce
https://chipmusic.org/Helvetica+Scenario/music/forest-hike	lsdj
https://chipmusic.org/Helvetica+Scenario/music/fighter-1-down	lsdj
https://chipmusic.org/Theta_Frost/music/aspiration-dmg	frost,gameboy,lsdj,minimal,theta
https://chipmusic.org/MNEM0NIKK/music/batu_berguling---lost-cosmonauts-mnem0nikk-remix	batuberguling,lost cosmonauts,mnem0nikk
https://chipmusic.org/Smendrick+the+Magician/music/return-to-sender	chip,gameboy,lsdj
https://chipmusic.org/Starpilot/music/i-heard-my-robot-calling-me-through-random-insults-xm	
https://chipmusic.org/ondoh/music/excerpty	chiptune,gameboy,lsdj
https://chipmusic.org/Starscream/music/shred-the-gnar-pegasus-ep-preview	c64,gameboy,lsdj
https://chipmusic.org/Rock+Kandy/music/cpu-tek1-[nanoloop-13]	chiptune,gameboy,nanoloop
https://chipmusic.org/shotgun+breakdown/music/laika-lsdj	gameboy,lsdj,pop
https://chipmusic.org/Saskrotch/music/for-endless-fight-ii	lsdj
https://chipmusic.org/crashfaster/music/closer-live-[nin-cover]	chiptune,cover,crashfaster,gameboy,live,nin,nine inch nails,vocals,vocoder
https://chipmusic.org/crashfaster/music/grind-live	chiptune,crashfaster,fakebit,live,midines,nes
https://chipmusic.org/crabrejodemar/music/bestia-pulse	cangrejo,chiptune,crab,shortbits
https://chipmusic.org/Zef/music/livewire-electro-house-lsdj	chiptune,electro,gameboy,house,lsdj,sidechain,zef
https://chipmusic.org/rissyuu/music/emotional-disturbance	chiptune,irregularmeter
https://chipmusic.org/Shiru/music/trampoline-1-bit	1bit,48k,beeper,beepola,zx spectrum
https://chipmusic.org/OK+Ikumi/music/a-new-england	nanoloop 23
https://chipmusic.org/Cityscape%2C+Go%21/music/adventures-are-not-always-deep-and-meaningful	adventure,chiptune,cityscape,durban,gameboy,indie,south africa
https://chipmusic.org/Starpilot/music/shrambles-xm	
https://chipmusic.org/His8/music/the-grassland-antelope	attempted jazz,nes,vrc7
https://chipmusic.org/Starpilot/music/garboyle-megaviolence-lsdj	
https://chipmusic.org/Starpilot/music/shut-the-fuck-you-up-xm	
https://chipmusic.org/Starpilot/music/his-eyes-were-darker-than-a-hole-lsdj	
https://chipmusic.org/Starpilot/music/when-i-became-bitter-xm	
https://chipmusic.org/Cityscape%2C+Go%21/music/dover-beach	chiptune,choir,cityscape,dover beach,durban,epic,gameboy,indie,south africa
https://chipmusic.org/Zef/music/laboratory-d	bass,chiptune,dmg,electro,gameboy,house,lsdj,minimal,zef
https://chipmusic.org/Wizwars/music/thrash-city-1-minute-clip	chipthrash,gameboy,lsdj
https://chipmusic.org/Byzanite/music/euphoria-clip	chiptune,duty cycle,hardtrance,lsdj
https://chipmusic.org/christopher_voss/music/chineseit	depressing,heavy,impulse tracker,module,modules,schism tracker,slow
https://chipmusic.org/irrlichtproject/music/baghdad-zombie-walk-1bit	1bit,48k,chiptune,music synth te,weird,zx spectrum
https://chipmusic.org/brainbow/music/1000000-man-years	
https://chipmusic.org/fluidvolt/music/sewer-crawl-2a03	2a03,dpcm bass,funky,jazz,nes,vgm
https://chipmusic.org/chunter/music/times-up	jingle,ohc,schism,tracker
https://chipmusic.org/Kubbi/music/how-do-they-durrk-fucking-miracles	magnets,mpt
https://chipmusic.org/chromix/music/bus-driver	gameboy,kanye,lsdj
https://chipmusic.org/calamarespaciales/music/artificial-fox-2a03	nes
https://chipmusic.org/Byzanite/music/enigma	arp,breakbeat,chiptune,duty cycle,enigma,gameboy pocket,gbp,hardtrance,lsdj,tarnce,trance
https://chipmusic.org/Jansaw/music/we-can-connect-ft-amy-walker	amy,chiptune,fakebit,famitracker,jansaw,nes,remix,walker
https://chipmusic.org/Silly+Rave/music/alimenten-su-ego	chiptune,gameboy,lsdj
https://chipmusic.org/Active+Knowledge/music/xp-receiverz	chiptune,midines,nes
https://chipmusic.org/arlen/music/i-hate-being-sick	milkytracker sick xm
https://chipmusic.org/Kubbi/music/fucking-magnets	fuckingmagnets,howdotheywork,modplugtracker,samplemusic,thegame
https://chipmusic.org/Smendrick+the+Magician/music/she-warms-me-mt	c64,chiptune,milky tracker
https://chipmusic.org/IantheGecko/music/wolf-in-the-bend-8-bit-opus-10-14	8bit opus,chiptune,cover,famitracker,joy electric,nes,wolf in the bend
https://chipmusic.org/Natty/music/lawrence-of-arabia	chiptune,fakebit,lgpt,piggy tracker,psp
https://chipmusic.org/IantheGecko/music/starcadia-8-bit-opus-8-14	8bit opus,chiptune,cover,famitracker,joy electric,nes,starcadia
https://chipmusic.org/rockman/music/around-the-world-rmx	8bit,chip tune,colombia,electro,lsdj,rockman
https://chipmusic.org/rockman/music/tortugas-en-asteroides-rockman	8bit,chip tune,colombia,drumbass,electro,lsdj,rockman
https://chipmusic.org/Kubbi/music/durp	chiptune,famitracker
https://chipmusic.org/Starpilot/music/psychedelic-dos-prompt-xm	
https://chipmusic.org/Reteris/music/loz-1023	ambers cancer,bird,bob dylan,demoscene,doorknob,fuck,nanoloop,reteris,space ass
https://chipmusic.org/Jansaw/music/wave-of-reason	8bit,chiptune,electronic,fakebit,famitracker,gameboy,janik,jansaw,lsdj,nes
https://chipmusic.org/IantheGecko/music/cluster-of-bare-trees-8-bit-opus-14-14	8bit opus,chiptune,cluster of bare trees,cover,famitracker,joy electric,nes
https://chipmusic.org/IantheGecko/music/four-gone-pierre-8-bit-opus-13-14	8bit opus,chiptune,cover,famitracker,four gone pierre,joy electric,nes,or what electricity made
https://chipmusic.org/IantheGecko/music/the-ushering-in-of-the-magical-era-8-bit-opus-12-14	8bit opus,chiptune,cover,famitracker,joy electric,nes,ushering in of the magical era
https://chipmusic.org/IantheGecko/music/the-fifth-point-of-the-compass-8-bit-opus-11-14	8bit opus,chiptune,cover,famitracker,fifth point of the compass,joy electric,nes
https://chipmusic.org/IantheGecko/music/i-am-made-from-the-wires-8-bit-opus-9-14	8bit opus,chiptune,cover,famitracker,joy electric,nes
https://chipmusic.org/IantheGecko/music/we-are-rock-8-bit-opus-7-14	8bit opus,chiptune,cover,famitracker,joy electric,nes,we are rock
https://chipmusic.org/IantheGecko/music/this-time-8-bit-opus-6-14	8bit opus,chiptune,cover,famitracker,joy electric,nes,this time
https://chipmusic.org/IantheGecko/music/the-north-sea-8-bit-opus-5-14	8bit opus,chiptune,cover,famitracker,joy electric,nes,the north sea
https://chipmusic.org/IantheGecko/music/may-all-saints-8-bit-opus-2-14	8bit opus,chiptune,cover,famitracker,joy electric,may all saints,nes
https://chipmusic.org/IantheGecko/music/and-it-feels-like-old-times-8-bit-opus-3-14	8bit opus,and it feels like old times,chiptune,cover,famitracker,joy electric,nes
https://chipmusic.org/IantheGecko/music/candycane-carriage-8-bit-opus-1-14	8bit opus,candycane carriage,chiptune,cover,famitracker,joy electric,nes
https://chipmusic.org/lynit/music/theme-from-jet-boys-house	chiptune,fakebit
https://chipmusic.org/arlen/music/i-dont-need-you	chiptune,ft2,milkytracker
https://chipmusic.org/mechlo/music/deci-bells	lsdj
https://chipmusic.org/STereochan/music/bonecrusher	africanized,bees,killer
https://chipmusic.org/Starpilot/music/melting-freakshow	
https://chipmusic.org/noisewaves/music/recoveries	2a03,nes
https://chipmusic.org/Hawkfather/music/octopus-mom	amiga,c64,chiptune,fakebit,gameboy,lsdj,nanoloop,nes
https://chipmusic.org/SKGB/music/mirage	dnb,gameboy,lsdj
https://chipmusic.org/ulrick/music/unitroot-with-starkos-tracker-on-winape-amstrad-emulator-for-pc	8bit,amstrad,chiptune
https://chipmusic.org/Degon/music/arkantis	chiptune,degon,distortled box,gameboy,lsdj
https://chipmusic.org/Kubbi/music/awesometown-3-extended-awesomeness-version	
https://chipmusic.org/EvilWezil/music/apathetic-apotheosis	gameboy,lsdj
https://chipmusic.org/Starpilot/music/slide-flower-xm	milkytracker,starpilot
https://chipmusic.org/DenDerty/music/denderty---gzvir	chiptune,death,evil
https://chipmusic.org/PuffyStarSpeed/music/commander-to-base---come-in!	chiptune
https://chipmusic.org/Starpilot/music/swamp-edit-xm	milkytracker,starpilot,trippy
https://chipmusic.org/Starpilot/music/walking-through-radians-xm	milkytracker,starpilot,trippy
https://chipmusic.org/Famicomi/music/unce-baby	
https://chipmusic.org/DenDerty/music/denderty---rabbit	chiptune,drum and bass,drumnbass,experimental
https://chipmusic.org/DenDerty/music/denderty---under-the-quilt	break beat,chiptune,experimental,vocal
https://chipmusic.org/C-jeff/music/ocean-backwards	cjeff,progressive,ubiktune
https://chipmusic.org/radiantx/music/allegoria	c64 progressive
https://chipmusic.org/klegg/music/cp-rock!-c64	c64,chiptune,panda design
https://chipmusic.org/klegg/music/rainy-afternoon-c64	c64,chiptune,panda design
https://chipmusic.org/klegg/music/cerebral-protes-xm	chiptune,panda design
https://chipmusic.org/klegg/music/datademo-intro	c64,chiptune,design,klegg,panda
https://chipmusic.org/klegg/music/out-of-ctrl-c64	c64,chiptune,design,klegg,panda
https://chipmusic.org/Famicomi/music/i-dont-even-know	chiptune
https://chipmusic.org/calamarespaciales/music/gloo	nes
https://chipmusic.org/Disasterpeace/music/the-new-formation	chiptune,concept,fakebit,prog,progressive
https://chipmusic.org/Starpilot/music/fly-agaric-syntax	milkytracker
https://chipmusic.org/Shriker/music/fly-husky	dance,dmg,lsdj
https://chipmusic.org/matt.nida/music/the-night-before-christmas	acid,christmas,dub,piggy tracker,psp,sleigh bells
https://chipmusic.org/October/music/raiders	gameboy,lsdj
https://chipmusic.org/Fichin/music/volando-alto	chiptune,chipunk,fichin,lsdj
https://chipmusic.org/Jansaw/music/the-8bit-neverending-story	8bit,dragonland,jansaw,lsdj,neverending,story
https://chipmusic.org/BLEO/music/strut-that-butt-live-by-shrimps	butt,chipsounds,effing awesome,funk,live,shrimps
https://chipmusic.org/Jellica/music/dead	c64
https://chipmusic.org/Starpilot/music/bad-subscript-milkytracker	milkytracker
https://chipmusic.org/10k/music/rite-now	gameboy,lsdj,vocals
https://chipmusic.org/Cathode+Rays/music/cathode-christmas	bells,holiday,sleigh,xmas
https://chipmusic.org/cheapshot/music/crash	lsdj
https://chipmusic.org/Lone+Zero/music/throwing-exceptions-like-candy	chiptune,gameboy,lsdj
https://chipmusic.org/Fighter+X/music/harimau	
https://chipmusic.org/Brett+Moots/music/all-i-want-for-xmas-is-you-mariah-carey-cover	lsdj
https://chipmusic.org/Stenobot/music/the-boy-and-the-squirrel	chiptune,gameboy,lsdj
https://chipmusic.org/Shiru/music/danger-streets-2a03	2a03,famicom,famitracker,nes
https://chipmusic.org/zebra/music/hellgore-mansion	gore,hell,mansion,pxtone
https://chipmusic.org/DinoRoar/music/omgzz!	chiptune,fakebit
https://chipmusic.org/jmr/music/locked-groove	fakebit,nes
https://chipmusic.org/Shonen_/music/vulturepunk	lsdj,sidechainz,tarnce
https://chipmusic.org/ovenrake/music/fucking-lol	chiptune,gameboy,lsdj
https://chipmusic.org/Jansaw/music/this-link-is-a-port-hole	chiptune,gameboy,jansaw,lsdj
https://chipmusic.org/kidThunder/music/funky-dream	chiptune,dream,fmmastered,funky,genesis,kid,kidthunder,mastered,megadrive,sega,synthesis,thunder,ym2612
https://chipmusic.org/Starpilot/music/apollonius-christ	chiptune,gameboy,lsdj
https://chipmusic.org/Stenobot/music/broken-fisher-price	chiptune,gameboy,lsdj
https://chipmusic.org/noisewaves/music/last-x-mas-wham!-cover	2a03,christmas,nes,noisewaves
https://chipmusic.org/nale/music/bip-boppin	chiptune
https://chipmusic.org/droid-on/music/dana-do-bumbum	chippanze,dance music,droidon,famitracker 35 fds,nes
https://chipmusic.org/Triforce/music/triforce-intro-great-fairy-fountain-file-select-cover	chiptune,gameboy,lsdj
https://chipmusic.org/RushCoil/music/silent-night	
https://chipmusic.org/RushCoil/music/o-christmas-tree	christmas
https://chipmusic.org/fluidvolt/music/o-come-o-come-emmanuel	christmas,famitracker,funky,jazz,nes
https://chipmusic.org/onebitman/music/low-dreams-lsdjgbc	chiptune,gameboy,lsdj
https://chipmusic.org/Chetreo/music/keep-dreaming-it-wont-get-any-better-than-this-vocals-breakcore-ish	dubstep,fl studio,lsdj
https://chipmusic.org/Starpilot/music/i-feel-electrically-overcharged	chiptune,gameboy,lsdj,starpilot,trippy
https://chipmusic.org/Theta_Frost/music/snowy-morning-lgpt	808,casio,frost,lgpt,psp,roland,theta
https://chipmusic.org/Weird+bananas/music/tommy-wiseau-haunts-my-dreams	8bit,bananas,chip,famitracker,nes,samples,the room,tommy wiseau,vrc6,vrc7,weird
https://chipmusic.org/PopSTAR/music/star-cascade	chiptune,club,gameboy,lsdj,popstar,space,star cascade
https://chipmusic.org/Jansaw/music/slamfist	dmg,janik,lsdj,matthew,slamfist
https://chipmusic.org/8-Bit-Rex/music/statement-last	insomnium
https://chipmusic.org/BR1GHT+PR1MATE/music/joy2wrld	chiptune,gameboy,lsdj
https://chipmusic.org/Cahier/music/the-lonely-road-home-is-a-long-one-my-son	famitracker,stylophone,vrc6,whitely
https://chipmusic.org/Fatal3rrOr/music/love-is-like-lsdj	chiptune,gameboy,happy,love,lsdj,ponies,rainbow,sexy,song,thing,tune
https://chipmusic.org/Shiru/music/lost-in-hyperspace-2a03	2a03,famicom,famitracker,nes
https://chipmusic.org/Happy+Black/music/hope	black,chiptune,gameboy,happy,hope,lsdj
https://chipmusic.org/infradead/music/peaceand-love	crap,field recordings,nitrotracker
https://chipmusic.org/Kubbi/music/puddipuddi	avalon alpha
https://chipmusic.org/seal+of+quality/music/prophecy	fate patterns,gameboy,lsdj,seal of quality
https://chipmusic.org/seal+of+quality/music/the-zeroes-and-villains-suite	fate patterns,gameboy,lsdj,seal of quality
https://chipmusic.org/wedanced/music/custom-fm-lsdj-kit-demo	gameboy,lsdj
https://chipmusic.org/Fuckjazzforaminute/music/greencoats-revenge	gameboy,greencoat,lsdj,revenge
https://chipmusic.org/mntnhd/music/hamdas-r-hq-ver-lsdj	gameboy,lsdj
https://chipmusic.org/STereochan/music/deleted	fucking,gameboy,guess,its,music,what
https://chipmusic.org/Kubbi/music/fourth-generation-era	
https://chipmusic.org/onebitman/music/onebitman---nigth-patrol-lsdjgbc	chiptune,gameboy,lsdj
https://chipmusic.org/O2star/music/sadnes---bittersweet-symphony-the-verve-cover	8bit,8bit,90s,chiptune,fuzz,guitars,midines,nes,nintendo,oxygenstar,sadnes
https://chipmusic.org/FTF/music/smash-everything-demo-lsdjemx-1kp-dubstep	dmg,dubstep,electribe,emx,ftf,lsdj
https://chipmusic.org/Starpilot/music/the-sound-turns-purple-and-makes-crazy-in-my-head	chiptune,dance,gameboy,lsdj,starpilot,trippy
https://chipmusic.org/Cathode+Rays/music/battle-chip	boston,indie,nes,rock
https://chipmusic.org/JonnyNero/music/geobella	chiptune,gameboy,lsdj
https://chipmusic.org/Starpilot/music/the-role-of-plasma-in-the-universe	fakebit,trippy
https://chipmusic.org/Starpilot/music/gods-and-monsters	fakebit,trippy
https://chipmusic.org/BR1GHT+PR1MATE/music/fallen-leaves-on-the-river-of-styx-demo	chiptune,death,everything,gameboy,god,lsdj,rebirth,the internet
https://chipmusic.org/Doomsberry/music/grits	chiptune,gameboy,lsdj
https://chipmusic.org/MisterTriac/music/blame-the-system	blame,chiptune,classic,dmg,gameboy,nanoloop,system,the,triac
https://chipmusic.org/irq7/music/alf-lsdj-version-of-zalzas-2204355-song	2204355,alf,gameboy,irq7,lsdj,zalza
https://chipmusic.org/Jophish/music/young-italo-disco-xm	amiga,chiptune,demoscene,demostyle,disco,fakebit,ft2,italo,milky,milkytracker,nes,tracker
https://chipmusic.org/Holy+Konni/music/tkkari-r-kanntari-r-country-roads-japanese-lsdj-cover	chiptune,country roads,cover,holy,konni,lsdj
https://chipmusic.org/Holy+Konni/music/kitchen-is-free	chiptune,fakebit,freizeitmeisterorg,holy,konni
https://chipmusic.org/bitron/music/walking-song	c64,electro,fakebit
https://chipmusic.org/radiantx/music/reactor-stage-one	8580,c64,metal
https://chipmusic.org/Katarrhaktes/music/mirrorwalking	8 bit,chiptune,gameboy,industrial,katarrhaktes,the xallarap investigation
https://chipmusic.org/Katarrhaktes/music/reclamation	8 bit,chiptune,gameboy,industrial,katarrhaktes,the xallarap investigation
https://chipmusic.org/Katarrhaktes/music/wraith	8 bit,ambient,chiptune,gameboy,industrial,katarrhaktes,the xallarap investigation
https://chipmusic.org/Katarrhaktes/music/starstone-crater	8 bit,chiptune,gameboy,industrial,katarrhaktes,the xallarap investigation
https://chipmusic.org/Katarrhaktes/music/lamprey-falls	8 bit,chiptune,gameboy,industrial,katarrhaktes,the xallarap investigation
https://chipmusic.org/Katarrhaktes/music/the-techno-singularity	8 bit,chiptune,gameboy,industrial,katarrhaktes,the xallarap investigation
https://chipmusic.org/Katarrhaktes/music/apparition	8 bit,chiptune,gameboy,industrial,katarrhaktes,the xallarap investigation
https://chipmusic.org/crabrejodemar/music/saturno---lsdj-39	chiptune,lsdj,saturn
https://chipmusic.org/Das+Hype+Machine/music/bad-wolf	lsdj
https://chipmusic.org/Shiru/music/enchanted-woods-ay	128k,ay38910,vortex tracker,zx spectrum
https://chipmusic.org/infradead/music/wratih-winds	delays,distotion,good times,noise,nord g1,shitwave
https://chipmusic.org/PixyJunket/music/poison-paradise-britney-spears-cover	britney spears,lsdj,toxic
https://chipmusic.org/Starpilot/music/and-we-rise-to-the-derp	chiptune,gameboy,lsdj
https://chipmusic.org/Starpilot/music/worn-out-welcome	chiptune,gameboy,lsdj
https://chipmusic.org/soultron/music/shes-got-a-job---dd-sluggers	chip rockyour mom,chiptune,d and d sluggers,gameboy,lsdj
https://chipmusic.org/gijs/music/hss3e808	arduino,hss3e,tr808
https://chipmusic.org/fluidvolt/music/interstellar-blues-vrc7	blues,famitracker,funky,jazz,space,vrc7
https://chipmusic.org/CRAZYGAME/music/gearbox	
https://chipmusic.org/Kubbi/music/the-perfect-circle	milkytracker
https://chipmusic.org/Aaron+the+Beat+Farmer/music/boo-beew	aaron,chiptune,johnosn,milky,tracker
https://chipmusic.org/Aaron+the+Beat+Farmer/music/decease	aaron,chiptune,guitar,johnosn,milky,tracker
https://chipmusic.org/Aaron+the+Beat+Farmer/music/cape-fear--pineapples	aaron,cape,farmer,fear,milky,pineapples,tracker
https://chipmusic.org/Kubbi/music/awesometown-3	chiptune,famitracker
https://chipmusic.org/Kubbi/music/spacebend	famitracker
https://chipmusic.org/onebitman/music/abc-first-track-on-lsdj	chiptune,gameboy,lsdj,music
https://chipmusic.org/Shiru/music/v-ozhidanii-tepla-ay	128k,ay38910,vortex tracker,zx spectrum
https://chipmusic.org/BR1GHT+PR1MATE/music/impossible-boner-or-how-i-won-the-loudness-war	boner,chiptune,gameboy,jerk,loud,lsdj,noisy,whatever
https://chipmusic.org/Scripp/music/late-train	gbc,lsdj
https://chipmusic.org/niunnuggin/music/au_ux	chip32,fakebit,fakeglitch
https://chipmusic.org/Cartoon+Bomb/music/after-all-weve-been-through	lgpt,piggy,psp,rhodes,samples,vocals
https://chipmusic.org/Alpha+C/music/no-one-really-knows	
https://chipmusic.org/Jansaw/music/lightning-ball	chiptune,famitracker logic jansaw bach matthew janik,nes
https://chipmusic.org/Active+Knowledge/music/clock-jams	dancedance,handclap,midines,nes
https://chipmusic.org/October/music/brauerk	
https://chipmusic.org/smiker/music/game-over-x	chiptune,nes
https://chipmusic.org/Happy+Black/music/snippy	black,chiptune,fast,gameboy,grey,happy,lsdj,quick,snippy
https://chipmusic.org/crabrejodemar/music/agricultura-nanoloop-15	chiptune,crab,nanoloop
https://chipmusic.org/chupathingy/music/login-successful	chipsounds,chiptune,chupathingy,fakebit,fl studio,skippy tacos
https://chipmusic.org/SAMWAVE/music/get-down!	8bit,chiptune,lsdj,samwave
https://chipmusic.org/Everandever/music/a-violet-monster-ate-all-the-cake	8bit,ate,bit,cake,chip,chiptune,laser,monster,violet
https://chipmusic.org/Holy+Konni/music/sometimes-when-i-go-to-bed-i-forget-to-take-my-socks-off-and-then-i-notice-it-while-sleeping-and-that-makes-me-want-to-dance	chiptune,freizeitmeisterorg,gameboy,holy,holykonni,konni,lsdj,socks
https://chipmusic.org/Theta_Frost/music/blood-circuit-lgpt	blood,circuit,electro,frost,lgpt,psp,theta,toucher
https://chipmusic.org/pk/music/fuck-science-i-want-to-believe	bass,hiphop,lsdj,weird
https://chipmusic.org/MCP/music/snitches---lsdj-chip-trash-darkstep	darkstep,gameboy,lsdj,mcp,snitches,trash
https://chipmusic.org/jdchevallier/music/a-burning-room	c64
https://chipmusic.org/infradead/music/slushy	delays,lofi,mp3 rape,nanovoice,nord g1
https://chipmusic.org/Starpilot/music/i-dance-not-to-the-radio	chiptune,dance,dark,gameboy,heavy,house,lsdj,rave,starpilot,techno,trippy
https://chipmusic.org/Cathode+Rays/music/last-minute-adventure	controller,drums,guitar,nes,rock,snes
https://chipmusic.org/Shiru/music/strolling-cats-sid	c64,goattracker,sid
https://chipmusic.org/BR1GHT+PR1MATE/music/gate_rape_01	amiga,c64,chiptune,fakebit,gameboy,lsdj,nanoloop,nes
https://chipmusic.org/bitmuch/music/ratatat-dub	
https://chipmusic.org/Jansaw/music/depths-of-teh-oceanz	8bit,bach,chip,chiptune,instruments,janik,jansaw,logic,matthew
https://chipmusic.org/Iron+Curtain/music/decline-of-an-empire	chiptune,gameboy,lsdj
https://chipmusic.org/Starpilot/music/feeding-your-headache-finished-version	chiptune,dark,electro,experimental,gameboy,house,lsdj,starpilot,trippy
https://chipmusic.org/Holy+Konni/music/teabag-my-first-try-at-lsdj	freizeitmeisterorg,gameboy,holy,konni,lsdj,teabag
https://chipmusic.org/Ultrasyd/music/needs-more-atari	atari
https://chipmusic.org/subPixel/music/a-boy-and-his-blah	2a03,blob,famitracker,liqorice jellybean,short
https://chipmusic.org/BR1GHT+PR1MATE/music/doppleganger-city-[demo]	chiptune,demo,dopplebock,dopplegangbang,gameboy,lsdj
https://chipmusic.org/Theta_Frost/music/intellesting-1-bit	lgpt,lofi,poor quality recording,psp,thepig
https://chipmusic.org/Jansaw/music/running-rainbow	chiptune,express,famitracker,janik,logic,matthew,nes,pro
https://chipmusic.org/fluidvolt/music/alcatraz-jazz-vrc7	famitracker,funky,jazz,nes,vgm,vrc7
https://chipmusic.org/smiker/music/flashing-back	chiptune,nes
https://chipmusic.org/RawrCars/music/if-only-there-were-wormholes	lsdj
https://chipmusic.org/Holy+Konni/music/anthem-lsdj-phantom-planet-cover-with-vocals	anthem,chiptune,freizeitmeisterorg,gameboy,holy,holykonni,konni,lsdj,phantom,planet
https://chipmusic.org/jonny5/music/lessons-learned	1 bit,beepola,chiptune,zx spectrum
https://chipmusic.org/Henry+Homesweet/music/out-house-8	nanoloop
https://chipmusic.org/Love+Through+Cannibalism/music/petal-swords-dance	chipbreak,fakebit,pokemon,tangela
https://chipmusic.org/Kubbi/music/abacada	8bit,chiptune
https://chipmusic.org/awesomeforce/music/morning-after-[needs-title]	ableton,dark,exciting,gameboy,lsdj,lsdjmc2
https://chipmusic.org/Starpilot/music/the-derp-hole	chiptune,gameboy,lsdj
https://chipmusic.org/Esopus-dragon/music/untitled-november-13-2010	dmg01,nanoloop 12
https://chipmusic.org/khades/music/do-math	fakebit
https://chipmusic.org/zabutom/music/trisynaptic-loop	chiptune,gameboy,nanoloop
https://chipmusic.org/HeavyW8bit/music/rua-hrvatska	
https://chipmusic.org/Shiru/music/restless-fighter-1-bit	1bit,48k,beeper,zx spectrum
https://chipmusic.org/Kubbi/music/durp-village	chiptune,lulz,pokemon
https://chipmusic.org/Kubbi/music/route-1337	chiptune,pokemon
https://chipmusic.org/Kubbi/music/in-the-infinite-moments-that-it-takes-to-hear-this-youll-have-lived-forever-final	8bit,chipmetal,chiptune
https://chipmusic.org/Shiru/music/snowball-game-ay	128k,ay38910,vortex tracker,zx spectrum
https://chipmusic.org/Kubbi/music/track-title-goes-where	8bit,chiptune
https://chipmusic.org/Nue/music/mooney-swamp	astro zombies,dmg,gameboy,lsdj,nue
https://chipmusic.org/Triforce/music/untitled-demo	gameboy,lsdj
https://chipmusic.org/Starpilot/music/derp-away-v14	chiptune,gameboy,lsdj
https://chipmusic.org/Doomsberry/music/out-west	dmg,doomsberry,gameboy,lsdj
https://chipmusic.org/Kubbi/music/pie	chiptune
https://chipmusic.org/Jredd/music/cosmic-crush	fm shmup,hughes,jredd,mega drive,sega genesis,trevin
https://chipmusic.org/tempsoundsolutions/music/im-back	temp sound solutions shawn phase im back bends bestbit last song on the internet full set double dribble
https://chipmusic.org/FuturNari/music/result	2600,atari,chiptune,gameboy,lsdj
https://chipmusic.org/Alpha+C/music/foreign-girl-remix	c64,cover,musicdisk
https://chipmusic.org/Jay+Tholen/music/eagle-feather-falcon-claw	2a03,epic,mellotron,nes,prog rock
https://chipmusic.org/Starpilot/music/pillows-of-saturderp	chiptune,gameboy,lsdj,starpilot,trippy
https://chipmusic.org/wedanced/music/clocks-and-rain	megadrive,tfm
https://chipmusic.org/chunter/music/orly	ballad,ds10
https://chipmusic.org/G0DLIKE/music/cyberbrain-livepixelated!-frankfurt	28102010,chiptune,frankfurt,g0dlike,gameboy,live,lsdj,party,pixelated
https://chipmusic.org/Chetreo/music/stand-up-tall-working-title-dubstep-glitch-vocals	chiptune glitch dubstep vocals
https://chipmusic.org/TraceKaiser/music/interior-semiotics---from-waiting-for-inspiration-to-strike	casio,gameboy,indie,lsdj,ymck player
https://chipmusic.org/Saskrotch/music/bubble-man-stage-for-mm8bdm	chiptune,lsdj,mm8bdm,remix
https://chipmusic.org/Apricorn/music/the-windy-wind	fakebit
https://chipmusic.org/calmdownkidder/music/the-tin-foil-hat-brigade---lets-burn-this-fucking-place-to-the-ground	bwooiiii wav noise,chipmusic,dmg,dubstep,game boy,lol obv,lsdj,pubstep,wobble,you know the one
https://chipmusic.org/BEASTMODE/music/seismic-toss	seismic toss beastmode lsdj
https://chipmusic.org/Starpilot/music/feeling-frantic-amongst-wallpaper-explosions	ableton live,chiptune,fakebit,garageband,starpilot,trippy
https://chipmusic.org/Natty/music/out-tonight-live-in-nice	
https://chipmusic.org/gizmo/music/ice-cubes-feat-gizmo	
https://chipmusic.org/jmr/music/yellow-hat	fakebit,nes
https://chipmusic.org/Triforce/music/signal-pulse-demo	chiptune,gameboy,lsdj
https://chipmusic.org/F34TH3R5/music/hyperspace-voyage	c64,f34th3r5,sid
https://chipmusic.org/niunnuggin/music/piss-flaps	fakeglitch,ipad,livecut,sunvox
https://chipmusic.org/infradead/music/lsdj-test-lies	delays,nanovoice,nord g1,not
https://chipmusic.org/Sp%C3%B6ka/music/ett	dnb,gameboy,lsdj
https://chipmusic.org/Jay+Tholen/music/time-transcendent	gospel,mellotron,nes,prog rock,ukulele
https://chipmusic.org/Note%21/music/theme-from-david-the-gnome-pwom-bosley-mix	cover,david,gameboy,gnome,lsdj,swift,theme,tombosley
https://chipmusic.org/Shiru/music/under-the-sun-ay	128k,ay38910,zx spectrum
https://chipmusic.org/Shiru/music/time-attack-1-bit	1bit,48k,beeper,zx spectrum
https://chipmusic.org/Shiru/music/summer-vacation-sid	c64,goattracker,sid
https://chipmusic.org/Subterrestrial/music/cosmic-minefield	8bit,chiptune,experimental,extratone,gabber,hardcore,hardtek,splittercore,terrorcore
https://chipmusic.org/quBit/music/halloween-10	atari,halloween,horror,spooky,ymvst
https://chipmusic.org/SKGB/music/this-is-halloween-mothasuckas	rodm dnb bass
https://chipmusic.org/stargazer/music/such-great-heights-preview	chip,cover,gameboy,great,heights,ldsj,postal,service,stargazer,such
https://chipmusic.org/Henry+Homesweet/music/out-house-7	gameboy,nanoloop
https://chipmusic.org/JonnyNero/music/monetana	chiptune,gameboy,lsdj
https://chipmusic.org/DaPantz/music/in-dark-rooms	chiptune,gameboy,lsdj
https://chipmusic.org/Starpilot/music/sorry-a-system-error-occurred	ableton,ableton live,dance,fakebit,starpilot,techno,trippy,weird
https://chipmusic.org/PuffyStarSpeed/music/into-the-lightless-depths-lsdj	chiptune,gameboy,lsdj
https://chipmusic.org/Henry+Homesweet/music/out-house-6	
https://chipmusic.org/walter+b.+gentle/music/shinji-ikari-complex	dub,gameboy,lsdj
https://chipmusic.org/Shiru/music/autumn-colors-ay	128k,zx spectrum
https://chipmusic.org/freezedream/music/glia	16kb,chillout,fakebit,idm,renoise,tracker
https://chipmusic.org/Je+Mappelle/music/idunnounfinishedhelp!	gameboy,help,lsdj
https://chipmusic.org/mahamajama/music/oh-miss-ghidorah	abudi abudai,ghidorah,mahamajama,miss,poopy doopy doo,york bork
https://chipmusic.org/Cahier/music/e71	ambience,bliss,nanoloop,whitely
https://chipmusic.org/Mystic+Hero/music/last-love	chiptune,fakebit,noise drums,samples,tracker
https://chipmusic.org/wedanced/music/carter-game-boy-vs-stock-normal-game-boy-2	gameboy
https://chipmusic.org/wedanced/music/carter-game-boy-vs-stock-normal-game-boy-square-waves	gameboy
https://chipmusic.org/wedanced/music/carter-game-boy-vs-stock-normal-game-boy	gameboy
https://chipmusic.org/Henry+Homesweet/music/out-house-5	henry homesweet,nanoloop,outhouse
https://chipmusic.org/Cartoon+Bomb/music/underfoot	lgpt
https://chipmusic.org/BloodyFoxy/music/zombie	lmms,sample
https://chipmusic.org/Starpilot/music/held-by-a-derp	chiptune,dance,gameboy,lsdj,starpilot,trippy
https://chipmusic.org/Subterrestrial/music/lost-in-the-game-grid	8bit,chiptune,experimental,game remix,vgm,video game music
https://chipmusic.org/Henry+Homesweet/music/out-house-4	nanoloop henry homesweet out house
https://chipmusic.org/mahamajama/music/witch-doctor-chinese-whiskers-vol-1	bling blong bling,boop boop,chinese,chinese whiskers,doctor,mahamajama,rango tango,whiskers,witch,witch doctor
https://chipmusic.org/G0DLIKE/music/pixelated!-anthem	frankfurt,g0dlike,lsdj,pixelated,ponyhof
https://chipmusic.org/Fauxhound/music/bounced	hip pop
https://chipmusic.org/PILOT+LARS/music/may-26-1984-xm	milkytracker
https://chipmusic.org/Fauxhound/music/walnut-sailboat	chiptune,gameboy,lsdj,walnut sailboat
https://chipmusic.org/Codice%21/music/halloween-nights	chiptune,gameboy,lsdj
https://chipmusic.org/Codice%21/music/chinese-spell	chiptune,gameboy,lsdj,nanoloop
https://chipmusic.org/raichu/music/week-one	chiptune,gameboy,lsdj
https://chipmusic.org/HectorShand/music/pizzas-in-space--1-bit-	1bit,48k,128k,basic,beep,beeper,beepola,hector,savage,shand,spectrum
https://chipmusic.org/Starpilot/music/division-by-zero	chiptune,division by zero,gameboy,lsdj,starpilot,trippy
https://chipmusic.org/Cartoon+Bomb/music/time-to-go-shopping	chinese buffet,kenny g,lgpt,mini bass,piggy,shopping
https://chipmusic.org/Shiru/music/roller-skates-1-bit	1bit,beeper,zx spectrum
https://chipmusic.org/HectorShand/music/high-score-ballad--1-bit-	1bit,48k,128k,basic,beep,beeper,beepola,hector,shand,spectrum
https://chipmusic.org/HectorShand/music/pizza-madness	1bit,48k,128k,basic,beep,beeper,beepola,hector,shand,spectrum
https://chipmusic.org/HectorShand/music/iron-fist-warrior-a	1bit,48k,128k,basic,beep,beeper,beepola,hector,shand,spectrum
https://chipmusic.org/fluidvolt/music/candlelit-waltz-1-bit	1bit,baroque,beepola,waltz,zx spectrum
https://chipmusic.org/MisterTriac/music/ghost-busters	chiptune,classicghostbusters,dmg,gameboy,nanoloop,triac
https://chipmusic.org/Cahier/music/drfitign	fakebit,milkytracker,schism
https://chipmusic.org/I_CACTUS/music/_	fakebitfakebitfakebitfakebitfakebitfakebitfakebitfakebitfakebitfakebitfakebitfakebitfakebitfakebitfakebitfakebitfakebitfakebi
https://chipmusic.org/STereochan/music/one-for-the-restless	chiptune,drama,gameboy,lsdj
https://chipmusic.org/maskedepsilon/music/release	chiptune
https://chipmusic.org/NOM+STAR/music/skulls-misfits-cover	lsdj
https://chipmusic.org/Henry+Homesweet/music/out-house-3	nanoloop live mix
https://chipmusic.org/Cahier/music/ambient-mix-nl23	gameboy,gameboy advance,nanoloop
https://chipmusic.org/G0DLIKE/music/technological	g0dlike,gameboy,influence,lsdj,saitone
https://chipmusic.org/subPixel/music/thicker-bathwater	2a03,famitracker,jazz,razzamatazz,spazz
https://chipmusic.org/crabrejodemar/music/i-love-you-henryhcover	chiptune,henryhomesweet,ily,lsdj
https://chipmusic.org/Starpilot/music/portermouse-flake	abletone,experimental,fakebit,garageband,plugins,psychedelic,quadrasid,starpilot,techno,trippy,vst,wacky
https://chipmusic.org/ne7/music/hangover-jaunt---1bit-zx-beeper	1bit,beeper,beepola,spectrum,the music studio replay,zx spectrum
https://chipmusic.org/PuffyStarSpeed/music/full-throttle-hero-lsdj	chiptune,gameboy,lsdj
https://chipmusic.org/Starpilot/music/please-help-me-fill-my-ego	fakebit,insane,noise,starpilot,trippy,venetian snares,wacky
https://chipmusic.org/Starpilot/music/boxing-badgers-bleach-the-bleedin-circuit	breakcore,chiptune,experimental,gameboy,lsdj,starpilot,trippy,wacky
https://chipmusic.org/awesomeforce/music/tsarist-russia-midterm	8bit,ableton,lsdj,samples
https://chipmusic.org/Cahier/music/metallic-preview	gameboy,nanoloop
https://chipmusic.org/Cartoon+Bomb/music/piggy-dub	dub,lgpt,piggy,reggae
https://chipmusic.org/ccowley/music/monkey-magic-godiego-cover	1bit,beepola,cover,spectrum
https://chipmusic.org/Subterrestrial/music/inhuman-rage	8bit,chiptune,extratone,gabber,hardcore,splittercore,terrorcore
https://chipmusic.org/Analog/music/la-fuerza-de-la-luz	sudaca chiptune gameboy lsdj
https://chipmusic.org/Ro-Bear/music/ive-never-been-to-atlanta	gameboy,lsdj
https://chipmusic.org/chunter/music/ballad-3	ballad,nes,ntrq
https://chipmusic.org/Active+Knowledge/music/symphony-of-destruction-megadeth-cover	cover,midines,nes
https://chipmusic.org/shotgun+breakdown/music/intro-mix	lsdj
https://chipmusic.org/Starpilot/music/fungus-tickles	chiptune,gameboy,lsdj,pop,starpilot,trippy
https://chipmusic.org/Sp%C3%B6ka/music/ryksopp---eple-spka-cover	chiptune,gameboy,lsdj
https://chipmusic.org/Sp%C3%B6ka/music/fika	chiptune,gameboy,lsdj
https://chipmusic.org/shotgun+breakdown/music/intro	dmg,gameboy,lsdj,pop
https://chipmusic.org/octapus/music/shes-russian	chiptune,gameboy,lsdj
https://chipmusic.org/Cahier/music/tomahawk-go-cover	gameboy,lsdj
https://chipmusic.org/Sp%C3%B6ka/music/stkhlm	chiptune,gameboy,lsdj
https://chipmusic.org/Slow+Loris/music/ponxa^-ingu-p5als	acid,autechre,breakcore,dogs,idm,lgpt,piggy
https://chipmusic.org/Apricorn/music/hungarian-cactus	amiga,boring,c64,chiptune,fakebit,gameboy,hungary,im very hungary,lsdj,nanoloop,nes
https://chipmusic.org/Piksel+Blue/music/eroglitch	c64,chiptune,epic,hip hop,nes,new,other stuff,pick me,piksel blue,rock
https://chipmusic.org/PopSTAR/music/p4rty_h4rd-andrew-wk-cover	andrew wk,chiptune,gameboy,lsdj,party hard,popstar
https://chipmusic.org/TechFalcon/music/grid-b	gameboy,lsdj
https://chipmusic.org/Piksel+Blue/music/my-name-is-piksel-blue-the-other-1-is-broken	c64,chiptune,epic,hip hop,nes,new,other stuff,pick me,piksel blue,rock
https://chipmusic.org/spamtron/music/male-room-1988	baseball taechno deep audio cracker record jazz 88 nes confrontational cake beef mom mecha canned meat sports,gameboy,lsdj
https://chipmusic.org/bryface/music/a-new-girl-appears!!	ds10
https://chipmusic.org/wedanced/music/opus--9-knife-point	chiptune,gameboy,lsdj
https://chipmusic.org/Je+Mappelle/music/real-vrc7	2a03,famitracker,house,nes,vrc7
https://chipmusic.org/kineticturtle/music/coffee-table-pimp-mother	gameboy,lsdj,power rangers,short,theme song
https://chipmusic.org/Piksel+Blue/music/rainbow-road	c64,chiptune,epic,hip hop,nes,new,other stuff,pick me,piksel blue,rock
https://chipmusic.org/Internet+Slave+Master/music/your-brightness	and,brightness,day,dreams,illinois,internet,marengo,mares,master,neeley,night,ronnie,slave,your
https://chipmusic.org/melkor/music/paradox-nl-23	chiptune,gameboy,nanoloop
https://chipmusic.org/Starpilot/music/lips-of-fish	chiptune,dance,gameboy,house,lsdj,starpilot,trippy
https://chipmusic.org/Starpilot/music/chainsaw---you-should-never-have-opened-that-door-ramones-covers	chiptune,dance,gameboy,house,lsdj,starpilot,trippy
https://chipmusic.org/Shiru/music/alkaline-knight-1-bit	1bit,48k,beeper,zx spectrum
https://chipmusic.org/radiantx/music/richard-bayliss-is-not-here	c64
https://chipmusic.org/Cartoon+Bomb/music/cooltime-now-with-jazzy-guitar-noodles	
https://chipmusic.org/kidThunder/music/thunder-funk-work-in-progress	16bit,2413,2612,chiptune,funk,genesis,kidthunder,kid thunder,megadrive,sega,thunder,ym2413,ym2612
https://chipmusic.org/Mystic+Hero/music/cyberpunk	8bit,noise,samples
https://chipmusic.org/Fauxhound/music/non-metal-elemental	fauxhound,gameboy,lsdj,nonmetal elemental
https://chipmusic.org/Low+Bit+Revolte/music/tanz!-1-bit	1bit,beepola,zx spectrum
https://chipmusic.org/Slow+Loris/music/ginger-cloves	acid,lgpt
https://chipmusic.org/Codice%21/music/new-places-ft-codice!	chiptune,collab,dance,gameboy,lsdj,uplifting
https://chipmusic.org/CosmosComputerMusic/music/beta38_3	bitmusic fakebit
https://chipmusic.org/gizmo/music/clout-mapper	gameboy
https://chipmusic.org/Piksel+Blue/music/nameless	awesome,c64,chiptune,lamebit,nes,piksel blue
https://chipmusic.org/Cementimental/music/cementimental-live--open-mic-night-the-princess-alice-london-30-sept-2010	cementimental,circuitbending,gameboy,harsh noise,live set,nanoloop,nanoloop 12,noise,noiserave
https://chipmusic.org/Doomsberry/music/saying-goodbye-before-we-ever-met	dmg,gameboy,lsdj
https://chipmusic.org/Doomsberry/music/trouble-beyond-the-stars	dmg,gameboy,lsdj
https://chipmusic.org/Doomsberry/music/a-long-journey-home	dmg,gameboy,lsdj
https://chipmusic.org/Doomsberry/music/samurai-strut	dmg,gameboy,lsdj
https://chipmusic.org/Iron+Curtain/music/lightning-in-the-dark	chiptune,gameboy,lsdj
https://chipmusic.org/%C2%B5B/music/scaphism	buzz,c64,dnb,fakebit,filter,insects,kraken,medusa,samples
https://chipmusic.org/Starpilot/music/placebo-christ	chiptune,gameboy,lsdj,trippy
https://chipmusic.org/AriEdwin/music/misguided	chiptune,gameboy,lsdj
https://chipmusic.org/AriEdwin/music/2-am-demo	chiptune,demo,gameboy,lsdj
https://chipmusic.org/Starpilot/music/billowing-version-2	chiptune,dance,frantic,gameboy,lsdj,noise,noisy,trippy
https://chipmusic.org/Starpilot/music/butcher-knife-syndrome	chiptune,gameboy,lsdj,trippy
https://chipmusic.org/Starpilot/music/fried-chicken-solstice-noisings	chiptune,gameboy,lsdj,speech,trippy
https://chipmusic.org/Starpilot/music/bitlove	chiptune,gameboy,lsdj,trippy
https://chipmusic.org/Starpilot/music/the-incessant-prattling-of-the-mind	chiptune,gameboy,lsdj,trippy
https://chipmusic.org/Starpilot/music/mind-shakes	chiptune,gameboy,lsdj,trippy
https://chipmusic.org/PuffyStarSpeed/music/game-boys-and-game-girls	chiptune,gameboy,lsdj
https://chipmusic.org/Subterrestrial/music/h-21-iii	8bit,8bit noise,noise,pokey,power drone,power electronics
https://chipmusic.org/Piksel+Blue/music/to-be-named-hopefully	awesome,c64,chiptune,nes,piksel blue
https://chipmusic.org/crabrejodemar/music/acrocybe	chiptune,lsdj
https://chipmusic.org/Piksel+Blue/music/bed-time-fixed-version	chiptune,epic,hip hop,nes,new,other stuff,pick me,piksel blue,rock
https://chipmusic.org/Piksel+Blue/music/bed-time	chiptune,nes epic,piksel blue new hip hop rock pick me other stuff
https://chipmusic.org/Piksel+Blue/music/olden-day-vidia-game	chiptune,nes,piksel blue new hip hop rock pick me other stuff
https://chipmusic.org/Iron+Curtain/music/bandland	birdland,chiptune,gameboy,knockoff,lsdj,tribute,weather report
https://chipmusic.org/Piksel+Blue/music/peach	piksel blue new hip hop rock
https://chipmusic.org/Henshin%21/music/harness-your-heart	bruce lee,explosion,fruityloops,octopus shoes,oreo pizza,squirtle,vocals,walrus attack
https://chipmusic.org/PuffyStarSpeed/music/pop-blip-thump	chiptune,gameboy,lsdj
https://chipmusic.org/PopSTAR/music/precipistation	chiptune,gameboy,lsdj,popstar,precipistation
https://chipmusic.org/Subway+Sonicbeat/music/cerro-cor	lsdj,vocals
https://chipmusic.org/chips4breakfast/music/odoru-ponpokorin-[remix]	chan,chibi,cover,disco,fakebit,maruko,odoru,ponpokorin,pop,remix
https://chipmusic.org/chunter/music/greyfunk	famicompo mini,fcm7,it2nsf,n106,nes
https://chipmusic.org/Jellica/music/videovalvontaa---lori-konkero-jellicas-crinkle-cut-remixom	clungebuckets,jellica,lsdj,vagstick,videovalvontaa
https://chipmusic.org/ARTIFACT/music/nonsense-casioboy-1-100-percent-casio-8-bit-ambient-glitch-core	ambient,casio,chiptune,glitchcore
https://chipmusic.org/Pastel+Arsenal/music/green-raincoats-fakebitty	c64,dog spit,fakebit,frogs,green,mothra,pudding,snarf
https://chipmusic.org/maskedepsilon/music/eye-of-stormn	c64,chiptune,nes
https://chipmusic.org/ARTIFACT/music/basique-100-percent-casio-sk1-8bit	8bit,casio,sk1
https://chipmusic.org/Iron+Curtain/music/seymour-ladies-butts	chiptune,ffx,final fantasy,gameboy,lsdj,nobuo uematsu
https://chipmusic.org/Iron+Curtain/music/saturday-thirst	chiptune,gameboy,lsdj
https://chipmusic.org/Cartoon+Bomb/music/cooltime	break,lgpt,samples
https://chipmusic.org/PuffyStarSpeed/music/when-summers-over	chiptune,gameboy,lsdj
https://chipmusic.org/Je+Mappelle/music/for-blood	electro,gameboy,house,lsdj
https://chipmusic.org/Skip+Sandwich/music/hello-heres-some-fighter-x-inspired-lsdj	8bit,chiptune,cy9ez,dmg,gameboy,lsdj,skip sandwich
https://chipmusic.org/I_CACTUS/music/heaptune	c6446c
https://chipmusic.org/tacticalbread/music/breathe-close-your-eyes-and-fly-a-piano-gameboy-vocal-tr909-and-fm8-song	fm8,gameboy,piano,tr909,vocals
https://chipmusic.org/subPixel/music/outage-with-candles	2a03,famitracker
https://chipmusic.org/fasefawn/music/a-psychopath-went-wild	
https://chipmusic.org/Starpilot/music/up-heavens-chimney	chiptune,gameboy,lsdj,starpilot,trippy
https://chipmusic.org/fasefawn/music/hey-miss-prostitute-this-song-is-for-you	
https://chipmusic.org/crabrejodemar/music/layla-in-the-panda-town	ftm,nes
https://chipmusic.org/Feryl/music/little-sisters	chiptune,demoscene,feryl,little sisters,mod,sundown
https://chipmusic.org/xero/music/skipjack-encryption	chiptune,encryption,gameboy,nanosynth,nanovoice
https://chipmusic.org/bryface/music/fight-town-ds-10	awesome,ds10,helicopters
https://chipmusic.org/10spd/music/kill-baby	baby,chip,chiptune,dmg,kill,mexican,ostrich,sid,the,tmo
https://chipmusic.org/Bit_Rat/music/the-floor-is-lava-okay	bitrat,drums,fakebit,floor,lava,modplug,okay,residential,stacked
https://chipmusic.org/Shiru/music/good-old-times-1-bit	1bit,48k,beeper,zx spectrum
https://chipmusic.org/Fauxhound/music/xed	dmg,fauxhound,gameboy,lsdj,xed
https://chipmusic.org/null1024/music/mindpower-[1bit]	1bit,beepola,spectrum
https://chipmusic.org/BR1GHT+PR1MATE/music/after-nuch-ado-i-present-to-you-beam-me-up	burton,gameboy,levar,lsdj,nerd,space,tightfittingonepeiceoutfits,vocals
https://chipmusic.org/Codice%21/music/glitched-c00k13z	chiptune,crunchy,gameboy,glitch,idk,lol,lsdj,noise,weird
https://chipmusic.org/Chetreo/music/the-boy-without-a-fairy-[vocals---the-legend-of-zelda-love-song---early-demo]	chiptune
https://chipmusic.org/null1024/music/the-cubic-orange-[1-bit]	1bit,spectrum
https://chipmusic.org/shotgun+breakdown/music/random-idea	acoustic,fakebit,slayer
https://chipmusic.org/RushJet1/music/wasteland-1-bit	
https://chipmusic.org/fasefawn/music/directions	
https://chipmusic.org/fasefawn/music/nirvana	
https://chipmusic.org/roygbiv/music/factory-settings	faggy,first,furries,gameboy,lsdj
https://chipmusic.org/MisterTriac/music/triac	chiptune,classic,dmg,gameboy,nanoloop,triac
https://chipmusic.org/Disasterpeace/music/mission-on-granthan	chipsounds,soundtrack,thor
https://chipmusic.org/%C2%B5B/music/reformat-the-weather-channel	buzz,chip32,chiptune,cover,elevator,fakebit,medusa
https://chipmusic.org/KODEK/music/phatty-grandma-smokin-rubber-propa-dupstep-bizniz-demouu	cheapstep dubstep loh
https://chipmusic.org/maskedepsilon/music/the-sound-spins-back-on-its-beat	chiptune
https://chipmusic.org/jkilla4rilla/music/pandas-arent-bears	chiptune,gameboy,lsdj
https://chipmusic.org/ovenrake/music/returning-home	dualgameboy,gameboy,lsdj
https://chipmusic.org/Decktonic/music/southern-lights	ambient,dreamy,ds10,noise,synth
https://chipmusic.org/maskedepsilon/music/future-b	chiptune
https://chipmusic.org/STereochan/music/we-write-at-two-five-five-bpm	chiptune,lsdj
https://chipmusic.org/Esopus-dragon/music/true-furry-till-death	dmg,nanoloop 12
https://chipmusic.org/Ashattack/music/moon-7-a-music-study	ambient,chiptune,milkytracker
https://chipmusic.org/Ashattack/music/moon-4	chiptune,milkytracker
https://chipmusic.org/Grayboy/music/serehpsolg-reversed-and-echo-edit-test	
https://chipmusic.org/Ashattack/music/moon-8	ambient,chiptune,milkytracker
https://chipmusic.org/%C2%B5B/music/sounds-like-jobim-on-a-mario-in-an-elevator	bossa,buzz,cover,elevator,fakebit,medusa,megajoule
https://chipmusic.org/maskedepsilon/music/awakn	chiptune
https://chipmusic.org/lissajou/music/spookyspookyspooky-beep-south-three-istimewa-edition	acid,beep south,electro,gameboy,lissajou,nanoloop,rave,spooky,spooky spooky,spooky spooky spooky
https://chipmusic.org/irrlichtproject/music/rattncore-live	art ecc,extreme,noise,pm 5131,psr3,slowcore,terror,wave generator
https://chipmusic.org/maskedepsilon/music/the-wind-and-the-shade-final-mix	chiptune
https://chipmusic.org/Shiru/music/disposal-orbit-1-bit	1bit,48k,beeper,zx spectrum
https://chipmusic.org/Starpilot/music/easily-amused	avant garde,chiprock,chiptune,crazy,experimental,gameboy,guitar,lsdj,rock,trippy,vocals,wacky,weird
https://chipmusic.org/Starpilot/music/splinters-off-a-falling-star	fakebit,splinter,trippy
https://chipmusic.org/Starpilot/music/sheep	chiptune,crazy,gameboy,lsdj,remix,trippy,wacky
https://chipmusic.org/Starpilot/music/awe-inspiring-dipole	chiptune,crazy,dance,gameboy,glitter,hop,lsdj,trippy
https://chipmusic.org/Cahier/music/nostalgia-first-milkytracker-wip	milkytracker
https://chipmusic.org/infradead/music/pxap	nanovoice,noise,shitwave pax
https://chipmusic.org/Subterrestrial/music/into-the-chasm-excerpt	8bit,amiga,c64,chiptune,postrock,sid
https://chipmusic.org/christopher_voss/music/i-have-to-pee-scott-pilgrim-tribute	chiptune
https://chipmusic.org/arlen/music/untitled-2	experimental,idm,milkytracker
https://chipmusic.org/maskedepsilon/music/postlude-of-life	chiptune
https://chipmusic.org/maskedepsilon/music/livn	chiptune
https://chipmusic.org/haventthewit/music/rainstorm	milkytracker magical 8bit
https://chipmusic.org/Bear+Planet/music/girls-and-cigarettes	chiptune,gameboy,happy,lsdj,unce
https://chipmusic.org/maskedepsilon/music/quarters	chiptune
https://chipmusic.org/smort/music/feedback-loop	chiptune,gameboy,lsdj
https://chipmusic.org/C-jeff/music/to-risk-the-courage	chiptune spectrum zx ay progressive jazz
https://chipmusic.org/maskedepsilon/music/the-sound-spins-back-on-itself	chiptune
https://chipmusic.org/maskedepsilon/music/stormn	chiptune
https://chipmusic.org/maskedepsilon/music/waves-of-air	chiptune,nes
https://chipmusic.org/Codice%21/music/dance-fantasy	chiptune,dance,disco,gameboy,lsdj,retro
https://chipmusic.org/TristEndo-in-spacebutt/music/rubber-duck-disk-jockey	druuuuuuuuuuuuu
https://chipmusic.org/arlen/music/just-a-dream	dream,milkytracker
https://chipmusic.org/ch1m3r4/music/bad-joy	1bit,1bit,beep,beepola,sfx,specialfx
https://chipmusic.org/Shirobon/music/complications	shirobon chiptune lsdj reverb eq new calm house maybe gameboy
https://chipmusic.org/Codice%21/music/first-lsdj-song	chiptune,gameboy,lsdj
https://chipmusic.org/Shiru/music/attack-on-the-mothership-1-bit	1bit,48k,beeper,zx spectrum
https://chipmusic.org/yar.songs/music/arcadia-track-from-new-ep	fakebit pooboy2 famisynth magical8bitplugin
https://chipmusic.org/Subterrestrial/music/supermajority	8bit,chiptune,experimental,game remix,vgm,video game music
https://chipmusic.org/%C2%B5B/music/take-me-away	buzz,chiptune,dd8,disco,fakebit,kawaii,linndrums,medusa,pop,shittalker,space,synthpop,vocals
https://chipmusic.org/Active+Knowledge/music/achieve-the-impossible	chiptune,lsdj,nes
https://chipmusic.org/DISmantle87/music/quebec	dis87,downtempo,gameboy,lsdj
https://chipmusic.org/MisterTriac/music/its-just-like-that	
https://chipmusic.org/bryface/music/the-future-is-bright-ds-10	ds10
https://chipmusic.org/Zef/music/hello-world!	chiptune,dmg,gameboy,lsdj
https://chipmusic.org/fluidvolt/music/vacuum-1-bit	1bit,beepola,spacey,zx spectrum
https://chipmusic.org/Alpha+C/music/luminosity	
https://chipmusic.org/an-cat-max/music/flip-flaps	dogguff,electropoo,gameboy,jerky,lsdj,shit
https://chipmusic.org/Console+Killer/music/console-killer---cover-kiss-or-kill-himsa	gameboy,lsdj
https://chipmusic.org/PuffyStarSpeed/music/the-nearest-exit-may-be-behind-you	chiptune kds10 nintendo
https://chipmusic.org/infradead/music/ayakos-song	nds,nitrotracker
https://chipmusic.org/BR1GHT+PR1MATE/music/nerd-rock-feat-patrick-stewart	awww yeah,gameboy,lsdj,nerd,sttng
https://chipmusic.org/Grayboy/music/glospheres-db	
https://chipmusic.org/T.M.HECTOR/music/tactical-machine	ds10
https://chipmusic.org/G.E.Dope/music/dance-for-brains	
https://chipmusic.org/melkor/music/the-self-is-a-relation-that-relates-to-itself	advance,chiptune,gameboy,gba,kierkegaard,nanoloop,soren
https://chipmusic.org/ColeTrain/music/heartless-ii	
https://chipmusic.org/%C2%B5B/music/pendulum-template	breakbeat,buzz,fakebit,kraken,medusa,template
https://chipmusic.org/poisoncut/music/freeze-dried-funk	
https://chipmusic.org/Shiru/music/astro-force-1-bit	1bit,48k,beeper,zx spectrum
https://chipmusic.org/PuffyStarSpeed/music/its-not-the-machine-i-love-its-her-kds-10	chiptune,ds10,korg
https://chipmusic.org/fluidvolt/music/1bit-rag	1bit,beepola,ragtime,zx spectrum
https://chipmusic.org/tacticalbread/music/for-the-dragon-adlib-opl3-breath-of-fire-iii-cover	chiptune,opl3
https://chipmusic.org/arlen/music/the-spirit-of-adventure	adventure,ft2,milkytracker
https://chipmusic.org/Subterrestrial/music/embryo---children-of-the-grave-black-sabbath-cover	8bit,chiptune,cover,metal
https://chipmusic.org/Zef/music/serial-255-lsdj	chiptune,dmg,gameboy,lsdj
https://chipmusic.org/pXtR/music/sub-begin-collab-by-the-mist-toggles--pxtr	collaboration,drone,gameboy,soundscape,ym2612
https://chipmusic.org/irrlichtproject/music/savague-1bit	1bit,48k,beepola,chiptune,savage,weird,zx spectrum
https://chipmusic.org/arlen/music/dubious	dub,fasttracker2,ft2,milkytracker,reggae
https://chipmusic.org/kidThunder/music/into-the-asylum	2a03,asylum,chiptune 8bit,into,nes,the
https://chipmusic.org/NOM+STAR/music/minute-meditation	gameboy,lsdj
https://chipmusic.org/G0DLIKE/music/fukuoka-rave-nights	chiptune,fuckoka,fukuoka,gameboy,japan,japan,light,lsdj,rave
https://chipmusic.org/chips4breakfast/music/i-am-the-mr-calm	chiptune,fakebit,fruity loops,ska
https://chipmusic.org/MisterTriac/music/sanes-insanity	8bit,chiptune,dmg,gameboy,insanity,kaoss pad,mister,nanoloop,retrosound,triac
https://chipmusic.org/%C2%B5B/music/pendumbral-lictor	buzz,dnb,fakebit,medusa,step,trilobit,uptempo
https://chipmusic.org/hotmessization/music/mask-cover-song-challenge	chiptune,gameboy,lsdj
https://chipmusic.org/Console+Killer/music/console-killer---life-of-game	gameboy,lsdj
https://chipmusic.org/boomlinde/music/scfunk	data,fakebit,funk,mongo,short,supercollider
https://chipmusic.org/Daemon/music/ascension-wip	
https://chipmusic.org/PuffyStarSpeed/music/0dark-hundred	chiptune,gameboy,lsdj
https://chipmusic.org/MisterTriac/music/shooting-star	chiptune,desperate,gameboy,nanoloop,shooting,star,triac,wish
https://chipmusic.org/Shiru/music/magic-tokens-theme-1-bit	1bit,48k,beeper,zx spectrum
https://chipmusic.org/Subterrestrial/music/planet-caravan-black-sabbath-cover	8bit,ambient,chiptune,cover,metal,space ambient
https://chipmusic.org/DISmantle87/music/neurave	gameboy,lsdj
https://chipmusic.org/Cesque/music/for-super-players	chiptune,nes,tim follin
https://chipmusic.org/Jredd/music/star-feild-1-bit	1bit,beepola,jredd,savage engine,space,trevin hughes,zxspectrum
https://chipmusic.org/Jredd/music/morning-sunrise	32 bit,chip tune,deazemon,jredd,morning,rpg,sega saturn,sunrise,trevin hughes
https://chipmusic.org/Cesque/music/phantom-power	electronic,electronica,renoise
https://chipmusic.org/bit+mummy/music/robots-are-shitting-icecream-cones	bit mummy,c64,chiptune,drum,fl studio,gameboy,lsdj,nanoloop,nes
https://chipmusic.org/ne7/music/pylon-zx-beeper-1bit	1bit,beeper,beepola,spectrum,zx spectrum
https://chipmusic.org/Cesque/music/lightgun-arcade	chiptune,nes,tim follin
https://chipmusic.org/Random/music/the-knife---like-a-pen-randoms-click-chip-dun-dun-dun-cover	cover,gameboy,lsdj
https://chipmusic.org/null1024/music/positrons!	c64,fakebit,module
https://chipmusic.org/I+AM+ERROR/music/show-no-mercy	dmg,error,gameboy,i am error,lsdj,mercy,sho no mercy,show
https://chipmusic.org/G.E.Dope/music/times-fading-scars	
https://chipmusic.org/CRAZYGAME/music/wasting-the-evening	lsdj
https://chipmusic.org/CRAZYGAME/music/night-city-anthem	lsdj
https://chipmusic.org/zebra/music/peppermint-jam	funktitude,hats,modplug
https://chipmusic.org/-electrifiedbit-/music/tired-heart-tired-mind-to-love-you	chiptune,gameboy,lsdj
https://chipmusic.org/G.E.Dope/music/chip-it-like-its-hotsnoop-dogg--pharell-coverversion-20	gedope,gedope
https://chipmusic.org/NOM+STAR/music/desert-drug-ep-demo	gameboy,lsdj
https://chipmusic.org/crabrejodemar/music/iguana-azteca	azteca,chiptune,lsdj
https://chipmusic.org/bryface/music/the-final-boss-is-tom-selleck-ds-10	ds10
https://chipmusic.org/ne7/music/happy-hippo-zx-1bit-beeper	1bit,beeper,beepola,spectrum
https://chipmusic.org/Nestrogen/music/i-dont-clean!-tim-and-eric-remix	
https://chipmusic.org/G.E.Dope/music/chip-it-like-its-hotsnoop-dogg--pharell-cover	
https://chipmusic.org/O2star/music/sadnes---for-your-health	8bit,8bit,90s,chiptune,dark,grunge,guitars,nes,nintendo,oxygenstar,sadnes,vocals
https://chipmusic.org/Receptors/music/morse-code-poets-euroblip-fix-mix	16bit,korg ds10,korg ds10,nds,nintendo ds
https://chipmusic.org/BEASTMODE/music/cloaked-clip	beastmode,electro,gameboy,lsdj
https://chipmusic.org/STereochan/music/oh-a-fucking-edgebreak-really!	chiptune,electro,fakebit,house,lsdj,noise
https://chipmusic.org/mk/music/[rolling-covers-thread---001]-minikomi---omc---how-bizzare	fakebit,gameboy
https://chipmusic.org/AriEdwin/music/unacquainted	chiptune,fakebit,reason
https://chipmusic.org/crabrejodemar/music/un-gato-en-su-bicicleta	bycicle,cat,chiptune,lsdj
https://chipmusic.org/irrlichtproject/music/big-trap-1bit	1bit,48k,beep tracker,bt10f7,chiptune,zx spectrum
https://chipmusic.org/Daemon/music/as-we-approach-the-dawn	chipmetal,chiptune,metal,nes,zombie,zombies
https://chipmusic.org/FuturNari/music/saviour-of-toadstools	chiptune,gameboy,lsdj
https://chipmusic.org/ohmtek81/music/stoned-drive	lsdj  dmg1 gameboy dub
https://chipmusic.org/ohmtek81/music/face-the-basssss	lsdj  dmg1 gameboy
https://chipmusic.org/Tanooki/music/2nd-chance	drum and bass
https://chipmusic.org/stephenpolanco/music/another-world	8bit,fakebit,postrock,shoegazer
https://chipmusic.org/ccowley/music/cauldron-2---savage-mix	1bit,beepola,spectrum
https://chipmusic.org/JonnyNero/music/v-gaert	chiptune,gameboy,lsdj
https://chipmusic.org/Wizwars/music/brand-new-untitled-song-that-sounds-like-nothing-else-ive-done	gameboy,lsdj,wizwars
https://chipmusic.org/%C2%B5B/music/dolphin-backflip	buzz,cheaptune,fakebit,happy,lol,medusa,sugar
https://chipmusic.org/STereochan/music/less-emotion-more-powerjumps!	chiptune,gameboy,lsdj
https://chipmusic.org/Pastel+Arsenal/music/eat-that-cheese-you-fool	cartoon rabbits and horses,cheese,fakebit,gene wilder,glitchhop,octopi,pastel turds
https://chipmusic.org/awesomeforce/music/glass-[demo]	180bpm,bass,dance,drum,gameboy,lsdj
https://chipmusic.org/zebra/music/amaranth	classical,pxtone,tracker
https://chipmusic.org/null1024/music/applefight	chiptune,fakebit,module
https://chipmusic.org/malmen/music/pudding-refiner	chiptune
https://chipmusic.org/Grayboy/music/influxshrooms	
https://chipmusic.org/Je+Mappelle/music/latched	chiptune,gameboy,lsdj,pokemon chess
https://chipmusic.org/Sukie%2A/music/tia-or-die	dark,noise,tia
https://chipmusic.org/G.E.Dope/music/the-lift	7th gear,gedope,gedope,seventh gear
https://chipmusic.org/crabrejodemar/music/magicians-tower-ffii-cover-lsdj	chiptune,finalfantasy,lsdj,nes
https://chipmusic.org/null1024/music/feed-these-bees!	chiptune,fakebit,module
https://chipmusic.org/animalstyle/music/its-there	12 tone,bitonalism,gameboy,lsdj,out
https://chipmusic.org/bryface/music/warmth-of-the-sun-ds-10	ds10
https://chipmusic.org/infradead/music/shalo4	alto saxaphone,audiomulch,grains,nanovoice
https://chipmusic.org/FuturNari/music/why-emm-two-six-one-two-tfm	megadrive,sega,tfm,ym2612
https://chipmusic.org/Ro-Bear/music/embodying-pluralism-backing-track	dance class,gameboy,lsdj
https://chipmusic.org/shotgun+breakdown/music/raw-lsdj-slow-pop-song	chiptune,gameboy,lsdj,pop
https://chipmusic.org/spamtron/music/bacillus-calmette-gurin	spamtron chiptune chipotle chipmunks paul mccartney david bowie freddy mercury david byrne frank zappa talking heads
https://chipmusic.org/droid-on/music/ono-chip-famitracker-vcr7	2010 release,chippanze,droidon,dubchipstep,dunestep,primitiv tec
https://chipmusic.org/droid-on/music/abit-actis-famitracker-vcr6	2010 chipmusic releases,chippanzeorg,droidon,dubchipstep,dubnestep,dubstep,primitiv tec
https://chipmusic.org/combatdave/music/some-lsdj-demo	chiptune,gameboy,gameboy light,lsdj
https://chipmusic.org/HA%21TARI/music/circuitboard-airship-better-off-alone-remix	alice dj,chiptune,gameboy,hatari,lsdj,remix
https://chipmusic.org/CRAZYGAME/music/i-love-sugar	lsdj
https://chipmusic.org/O2star/music/sadnes---novocaine-for-the-soul-the-eels-cover	8bit,8bit,90s,chiptune,dark,grunge,guitars,nes,nintendo,oxygenstar,sadnes,vocals
https://chipmusic.org/Apricorn/music/wenis-fly-trap	gameboy,lsdj
https://chipmusic.org/Jredd/music/savage-lands	2a03,chip tune,dark,famitracker,jredd,no dpcm,post processing,trevin hughes
https://chipmusic.org/Jophish/music/constellations-chipbreak	awesome,break,chip,chipbreak,chiptune,fakebit,gameboy,lsdj,nanoloop,nes
https://chipmusic.org/null1024/music/grand-system-damages	3 channel,fakenes,module
https://chipmusic.org/ShinyBoom/music/beep-blaster	mpt
https://chipmusic.org/Jonnyriddle/music/the-rush-to-the-edge	
https://chipmusic.org/L-tron/music/wish4u	gameboy,idm,lsdj,ltron
https://chipmusic.org/Je+Mappelle/music/storm	chiptune,gameboy,lsdj
https://chipmusic.org/Cementimental/music/cementimental-x-d0us-live--mission-arts-club-london-17-jul-10	atari,cementimental,chipnoise,d0us,gameboy,harsh noise,iphone,nanoloop,nanovoice,noise
https://chipmusic.org/-electrifiedbit-/music/fire-dome	chiptune,gameboy,lsdj
https://chipmusic.org/BEASTMODE/music/crooked-minds-demo	beastmode,chiptune,electro,gameboy,lsdj
https://chipmusic.org/Cartoon+Bomb/music/deliciousganjacookies	chiptune,gameboy,lsdj,reggae
https://chipmusic.org/nekk/music/cookies-and-castles	castles,fakebit,octopi,tracker
https://chipmusic.org/nekk/music/accidental-plane-ticket	accidental,fakebit,octopi,plane,ticket,tracker,upbeat
https://chipmusic.org/GO%21GADGET/music/galaxy-smasher---iayd-cover	chiptune,gameboy,lsdj
https://chipmusic.org/Sebiron/music/sf-bunjoo-streetfight-bunjoo	chiptune,lsdj,sebiron
https://chipmusic.org/blhb+%28+bitluzherbip%29/music/my-heart-felt	gameboy,lsdj
https://chipmusic.org/wedanced/music/open-bar-incomplete	nes
https://chipmusic.org/Cartoon+Bomb/music/hound	chiptune,gameboy,lsdj
https://chipmusic.org/Starpilot/music/tumor-in-the-sky	ableton,chiptune,fakebit,megadrive,quadrasid,sega,trippy
https://chipmusic.org/matt.nida/music/east-coast-wireless	hexawe,lgpt,psp
https://chipmusic.org/neuroflip/music/msxconnection	ahx,amiga,chiptune,msx,psg
https://chipmusic.org/tacticalbread/music/das-piepsen-ist-genial!-beepola-1-bit-choons!	beepola,chiptune,zx spectrum
https://chipmusic.org/I+AM+ERROR/music/when-dawn-comes	comes,dawn,i am error,renoise,when
https://chipmusic.org/G0DLIKE/music/yasuragi	8bit,ableton,ambient,fakebit,g0dlike,harp,lsdj,yasuragi
https://chipmusic.org/Wat+Meth%3F/music/infiltrating-the-lair-of-the-dragon	
https://chipmusic.org/Forbidden+Colour/music/holding-in-the-silence	chiptune,dmg,gameboy,lsdj
https://chipmusic.org/MisterTriac/music/the-unstopable	8bit,chiptune,classic,dmg,gameboy,nanoloop,triac,unstopable
https://chipmusic.org/KnightsoftheRound/music/tokyo-driving-music	chiptune,nes,reason
https://chipmusic.org/Je+Mappelle/music/bye-moth	famitracker,fruity loops,moth,nes,piano
https://chipmusic.org/Grayboy/music/boss-fight	
https://chipmusic.org/NinjetiPanda/music/atlantis-rough-mix-v1	lsdj 78 concept
https://chipmusic.org/Natty/music/c4	ctrix,dmg,double rainbow,game boy,lsdj,natty
https://chipmusic.org/jork/music/homeward	c64,chiptune,random
https://chipmusic.org/jork/music/kid-melody	c64,chiptune,random
https://chipmusic.org/SKGB/music/the-miasma	
https://chipmusic.org/Nestrogen/music/war-pigs-black-sabbath-cover	
https://chipmusic.org/wedanced/music/number-11-my-dick-is-sore	
https://chipmusic.org/PuffyStarSpeed/music/this-song-was-brought-to-you-by-the-letters-l-s-d--j	chiptune,gameboy,lsdj
https://chipmusic.org/Russolo/music/atari-2600-jingle	2600,atari,cheater,jingle,samples,short
https://chipmusic.org/zabutom/music/zabutom-vs-ioeb---pizza-wolf	gameboy,lsdj
https://chipmusic.org/DJ+Eastern+Blok/music/ionic-covalent	dmg,gameboy,lsdj
https://chipmusic.org/Umbreon/music/spontaneous-order	bad,drone,fakebit,noise,not music,square wave,terrible
https://chipmusic.org/pandaxstar/music/relish-lsdj	chiptune,gameboy,lsdj
https://chipmusic.org/WeAreTheFuture/music/home-demo	lsdj gameboy
https://chipmusic.org/%C2%B5B/music/yellowjacket	808,buzz,chill,dd8,fakebit,generative,minimal,procedural,ym2413
https://chipmusic.org/Forbidden+Colour/music/crack-the-sky	chiptune,dmg,gameboy,lsdj
https://chipmusic.org/Anamanaguchi/music/penpal-tugboat-cover	bass,drums,guitar,nes
https://chipmusic.org/Norock/music/one-hundred-percent	chip32,kraken,medusa
https://chipmusic.org/Robot2037/music/selfmadeexe-lsdj	chiptune,dmg,gameboy,lsdj,robot2037,selfmadeexe
https://chipmusic.org/Jredd/music/phazer-phunk	1bit,beepola,funk,jredd,rock,trevin hughes,zxspectrum
https://chipmusic.org/Skip+Sandwich/music/micro-jam-2	gameboy,lsdj
https://chipmusic.org/Jellica/music/xx-yy	8bitpeoples,gameboy,jellica,lsdj,yamamamaha
https://chipmusic.org/quBit/music/factory	atari,atarist,electro,factory,house,minimal,qubit
https://chipmusic.org/Moldilox/music/freshwater	chiptune,nes
https://chipmusic.org/freezedream/music/rain	ccam,megadrive,mellow,sega,sinewave,tfm,ym2612
https://chipmusic.org/M1A%21/music/felthabetathai-korg-ds-10-and-repeaterds	chiptune,fakebit,korg ds10,nds,nintendo ds
https://chipmusic.org/M1A%21/music/iwntsl-korg-ds-10	chiptune,fakebit,korg ds10,nds,nintendo ds
https://chipmusic.org/Je+Mappelle/music/polar	chiptune,gameboy,lsdj
https://chipmusic.org/batu_berguling/music/one-eath-jah-hate-racism	batuberguling,gameboy,lsdj
https://chipmusic.org/Forbidden+Colour/music/trapped-in-the-cave-of-your-heart	chiptune,dmg,gameboy,lsdj
https://chipmusic.org/Forbidden+Colour/music/sell-it-like-you-mean-it	chiptune,dmg,gameboy,lsdj
https://chipmusic.org/PuffyStarSpeed/music/if-only-my-bicycle-were-a-pony-v^^v	chiptune,gameboy,lsdj
https://chipmusic.org/Shiru/music/final-guy-1-bit	1bit,1bit,48k,beeper,zx spectrum
https://chipmusic.org/Shiru/music/hazard-lights-2xopn	opn,tfm,ym2203
https://chipmusic.org/O2star/music/sadnes---take-you-out	8bit,8bit,90s,chiptune,dark,fuzz,guitars,nes,nintendo,oxygenstar,sadnes
https://chipmusic.org/Subterrestrial/music/garden-of-chaos	8bit,arcade,chiptune,experimental,gabber,idm,speedcore,splittercore,terrorcore
https://chipmusic.org/CRAZYGAME/music/emotio_preview---crazygame	milkytracker
https://chipmusic.org/Edirol50/music/intro	alternative,ambient,chiptune,circa survive,gameboy,guitar,lsdj,thursday
https://chipmusic.org/mk/music/pop-rocks	bass sweep,gameboy,offbeat,tokyo,uk funky
https://chipmusic.org/Comptroller/music/silver-head	attack,chiptune,gameboy,lsdj
https://chipmusic.org/crabrejodemar/music/biometric-simplerec	cold,experiment,lsdj,noise
https://chipmusic.org/%C2%B5B/music/command-control	1bit,beepola,space,spectrum,vgm
https://chipmusic.org/tacticalbread/music/continum-little-scale-influenced-tune	
https://chipmusic.org/MISTER+BEEP/music/binary-universe	mister beep 1 bit beeper micromusic zx spectrum 48k timex 2048 loop synthesizer the music studio
https://chipmusic.org/null1024/music/heavy-implosion	milkytracker,module
https://chipmusic.org/G0DLIKE/music/chipstar	
https://chipmusic.org/STereochan/music/bada-revenge-of-the-gameboy-raver-order	chiptune,connection,gameboy,german,lowbit,lsdj,tiefbit
https://chipmusic.org/16PxlVillain/music/save-your-girlfriend-from-the-army-of-giant-mecha-squid	atari,dmg,famitracker,lsdj,midines,nanoloop 15,nes,synthcart
https://chipmusic.org/malmen/music/lion-mullets	chiptune
https://chipmusic.org/lynit/music/sanis	fakebit one minute
https://chipmusic.org/PuffyStarSpeed/music/hes-a-skateboard-superstarstar!	8bit,chiptune,gameboy,lsdj
https://chipmusic.org/8bitweapon/music/fundanalogue	8 bit,break,breakcore,brk,brkcore,c64,chiptune,core,midi,nes,weapon
https://chipmusic.org/Je+Mappelle/music/remembering-the-future-famitracker	2a03,chiptune,nes,vrc7
https://chipmusic.org/arottenbit/music/gamerocyte-kb	breakcore,gameboy,lsdj
https://chipmusic.org/KODEK/music/mr-dick-hair-sniffin-gluee-dirrty-8bitch-dupstepp-bizniz-final-version	chipstep,dirty,dupstep,filthy,lsdj,smoke pants every day
https://chipmusic.org/toob/music/mq-1	dmg,lsdj
https://chipmusic.org/PuffyStarSpeed/music/there-are-creatures-under-these-waters-that-have-never-been-seen-by-human-eyes	chiptune,gameboy,lsdj8bit
https://chipmusic.org/crabrejodemar/music/nucleo-galactico-lsdj	chipmusic,electronica,lsdj,xperiment
https://chipmusic.org/%C2%B5B/music/starport-patrol	1bit,arcade,beepola,phaser1,vgm
https://chipmusic.org/Subterrestrial/music/no-sprite-leaves-the-game-grid-alive	8bit,chiptune,experimental
https://chipmusic.org/an-cat-max/music/2204355swf	gameboy,lsdj
https://chipmusic.org/Norock/music/hausu	kraken,medusa
https://chipmusic.org/tacticalbread/music/stand-by-me-lsdj--vocals	chiptune,gameboy vocals
https://chipmusic.org/freezedream/music/dogs-breakfast	ccam,glitch,idm,megadrive,sega,ym2612
https://chipmusic.org/Slow+Loris/music/found-my-heart	hexawe,lgpt,piggy
https://chipmusic.org/SAMWAVE/music/zorreos-minimal-mission-chip-n-bass	bass,chiptune,daw chip,fakebit,samwave
https://chipmusic.org/%C2%B5B/music/veeblefetzer	1bit,beepola,dance,phaser1,shuffle
https://chipmusic.org/Ultrasyd/music/color-lines	amstrad cpc ym
https://chipmusic.org/ohmtek81/music/tripbleep-[demo]	gameboy,lsdj
https://chipmusic.org/G.E.Dope/music/midnight-lightz	
https://chipmusic.org/Robot2037/music/0x44414e434521-lsdj	dmg,gameboy,little sound dj,lsdj
https://chipmusic.org/.hnz/music/boy-walks-girl-to-work-and-is-followed-by-a-ghost	8bit,8chn,fakebit,renoise
https://chipmusic.org/Jredd/music/1-bit-rock!	1bit,beepola,jredd,rock,trevin hughes,zxspectrum
https://chipmusic.org/irrlichtproject/music/burn-down-the-music-studio	1bit,48k,beeper,beepola,chiptune,mix,the music studio,ugly,zx spectrum
https://chipmusic.org/FTF/music/dont-take-no-for-an-answer	chiptune,ftf,gameboy,lsdj
https://chipmusic.org/Subterrestrial/music/interior_world1map	8bit,chiptune,experimental,generative
https://chipmusic.org/OwenMcGarry/music/the-light-bulb-fragment	chipmetal,gameboy,hardcore,lsdj,machinery,nature,nintendocore,owenmcgarry
https://chipmusic.org/Beverage/music/clairvoyance-among-other-unhappy-truths	ambient,drum,experimental,korg ds10,samples,soundscape
https://chipmusic.org/Lowash/music/melodic-breakcore-for-your-pants	fakebit
https://chipmusic.org/Edward+Shallow/music/alter-dusk	lsdj
https://chipmusic.org/KnightsoftheRound/music/shake-dat-astlevania	
https://chipmusic.org/MISTER+BEEP/music/sonido-electronico	1 bit,beep,beeper,chiptune,mister,musicsynth,timex 2048,zx spectrum 48
https://chipmusic.org/-electrifiedbit-/music/light-splash-on-deep-ocean	chiptune,gameboy,lsdj
https://chipmusic.org/MisfitChris/music/summer-jam-7	fakebit,filter house,french house
https://chipmusic.org/STereochan/music/still-brkin-bitches-everywhere	chiptune,gameboy,hardcore,lsdj
https://chipmusic.org/CRAZYGAME/music/firt-nanoloop	nanoloop
https://chipmusic.org/Saskrotch/music/famibeats	nds,nes,vrc6
https://chipmusic.org/Jredd/music/gba-rave	gameboy advance beat drum machine ambiance jredd trevin hughes samples rave dance
https://chipmusic.org/BEASTMODE/music/v-wav-channel	lsdj gameboy electro beastmode v wav
https://chipmusic.org/Nestrogen/music/back-right-corner-no-dancing-comp	
https://chipmusic.org/sserrac/music/albemuth	chiptune,nes
https://chipmusic.org/tacticalbread/music/demo---when-it-rains-paramore-cover-vocaloid--fm8--chipsounds	chiptune,fakebit,fm8,lsdj,nes,vocaloid
https://chipmusic.org/Reteris/music/9205245lo223mz	dead fish,fuckin sik m8,funy,kuk,made with love,nanoloop,putting a sticker,reteris,seventy six,shirley temple
https://chipmusic.org/cheapshot/music/final-fantasy-funk	chiptune,funk,gameboy,lsdj
https://chipmusic.org/arlen/music/aboard-the-mothership	ft2,milkytracker,space
https://chipmusic.org/PULSELOOPER/music/teaserama	gameboy,nanoloop
https://chipmusic.org/Shiru/music/proper-summer-ay	ay8910,zx spectrum
https://chipmusic.org/Jredd/music/gba-jungle	gameboy advance beat drum machine ambiance jredd trevin hughes samples
https://chipmusic.org/phib3r+Optik/music/forgive	chiptune,dmg,dubstep,experimental,gameboy,lsdj,phib3r optik,slow
https://chipmusic.org/Pastel+Arsenal/music/romantic-comedy	chiphop,chiptune,fakebit
https://chipmusic.org/octavialsilver/music/primative-society	chiptune,lsdj
https://chipmusic.org/STereochan/music/2brkdowns1track	chiptune,fuck nintendocore,gameboy,lsdj
https://chipmusic.org/Boys+Club/music/sampler	bass,drums,dualgameboy,guitar,lsdj,postchip
https://chipmusic.org/ovenrake/music/destinykomi-destinys-child--minikomi	ableton
https://chipmusic.org/KODEK/music/mr-dick-hair-sniffin-glue-demo-dirrty-gamebwoj-dupstepp-bizniz	dubstep,lsdj,shittz,wonky
https://chipmusic.org/Kyotosapian/music/volatile	chiptune,gameboy,lsdj
https://chipmusic.org/Shriker/music/voltspike	awesome,chipstep,chiptune,dance,dubstep,gameboy,glockenspeil,lsdj
https://chipmusic.org/MisterTriac/music/sunlight-song	8bit,dance,dmg,gameboy,mister triac,nanoloop,song,sun,sunlight
https://chipmusic.org/malmen/music/rooftop-sunrise	chiptune
https://chipmusic.org/poisoncut/music/flame-hill	sega megadrive genesis sonic
https://chipmusic.org/G.E.Dope/music/lil-flip-game-over-remix-by-gedope	7th gear,chiphop
https://chipmusic.org/JonnyNero/music/epic-radio-theme	chiptune,gameboy,lsdj
https://chipmusic.org/Jonnyriddle/music/sos	drone,gameboy,lsdj,noise,postpostrock
https://chipmusic.org/G.E.Dope/music/foxy-brown-chiphop-remix	7th gear productions,baby cham,chiphop,chiptune,foxy brown,hiphop,seventh gear productions
https://chipmusic.org/Nestrogen/music/a-deeper-thirst-and-a-lack-of-true-clarity	chiptune,nes
https://chipmusic.org/FuturNari/music/retrospective-forward-thinking-gameboy--atari-2600	2600,atari,chiptune,gameboy,lsdj
https://chipmusic.org/Kool+Skull/music/power-piggy-lgpt2ch-for-datamoshpit-power-rangers-comp	lgpt kool skull koolskull power rangers
https://chipmusic.org/chips4breakfast/music/pick-nick	cheerful,first,fruity,loops,picknick,picknick,song
https://chipmusic.org/minusbaby/music/santera-no-2-[engadget-version]	
https://chipmusic.org/Beverage/music/silent-salutations-part-2	ambient,have your new years resolutions fallen apart yet,korg ds10,lazerscale2010,soundscape
https://chipmusic.org/e.s.c./music/untitled-drum-machine-track	circuit bent,drum machine,lgpt,midi,piggymidi,piggy tracker,tr 505,tr 626,yamaha rx17
https://chipmusic.org/kezziebeat/music/this-is-just-the-breakdown	nanoloop
https://chipmusic.org/Jredd/music/midnight-mission	16bit,chiptune,funk jredd,mission,mod plug tracker,snes,spy
https://chipmusic.org/batu_berguling/music/friends-feat-crazygame	batuberguling,crazaygame,gameboy,lsdj
https://chipmusic.org/STereochan/music/halt-die-fresse!!	chiptune,gameboy,lsdj
https://chipmusic.org/MisterTriac/music/bombermans-last-stand	bomberman,chiptune,gameboy,hero,mister triac,nanoloop,nintendo
https://chipmusic.org/HPizzle/music/prepare-to-die	chiptune,famitracker,nes,vgm
https://chipmusic.org/irrlichtproject/music/sfxrox	1bit,48k,beeper,beepola,chiptune,punk,rock,special fx,zx spectrum
https://chipmusic.org/Zan-zan-zawa-butt/music/warm-sand-	famitracker,khajiit,nes
https://chipmusic.org/stukz/music/8-bitchip	chiptune,fakebit
https://chipmusic.org/awesomeforce/music/starship-utopia	ableton,chiptune,fakebit,happy,polyphony
https://chipmusic.org/Starpilot/music/polly-and-her-blender-babies	chiptune,gameboy,lsdj,trippy,wacky
https://chipmusic.org/Starpilot/music/c64-lobotomy-part-3	acid,c64,chiptune,trippy,wah,weird
https://chipmusic.org/Starpilot/music/vermin-of-the-week	c64,chiptune,fakebit,trippy,weird
https://chipmusic.org/Starpilot/music/spidersong-bios	chiptune,dance,gameboy,lsdj,trippy
https://chipmusic.org/Starpilot/music/pixelfuck-helmet-of-the-glittering-space-cadet	chiptune,fakebit,starpilot,trippy,weird
https://chipmusic.org/godinpants/music/fuck-the-rest-whalecore-up-the-ass	whalecore lsdj gameboy brutal core
https://chipmusic.org/Shiru/music/river-city-rancor-1-bit	1bit,1bit,48k,beeper,zx spectrum
https://chipmusic.org/kvee/music/blueline	2a03,mmc5,nes
https://chipmusic.org/Blessing.Echoes/music/hello-mall-demo	
https://chipmusic.org/8bitweapon/music/rocktronic-plague	8 bit,apocolypse,electro,fakebit,nes,nuclear,rock,rocktronic,war,weapon
https://chipmusic.org/Valpo+Usta/music/h	bitpop,dark,ep preview,grass,groove,milkytracker,psytrance,samples
https://chipmusic.org/G.E.Dope/music/_node-remix-by--gedope	
https://chipmusic.org/G.E.Dope/music/you-betcha	
https://chipmusic.org/MisterTriac/music/in-your-dream	8bit,chiptune,dmg,gameboy,kaoss pad,mister triac,nanoloop,retrosound
https://chipmusic.org/freedrull/music/fresh-funch	och fm butts it impulse tracker funch
https://chipmusic.org/somethinginmovement/music/intro	acoustic,chiptune
https://chipmusic.org/Theta_Frost/music/anaphalaxiaphasia	dmg,frost,gameboy,good,lsdj,theta,thetafrost,wiener
https://chipmusic.org/GO%21GADGET/music/the-lost-galactic	chiptune,gameboy,lsdj
https://chipmusic.org/O2star/music/steady-c---pickin-afros	8bit,8bit,amiga,chip hop,chiptune,hip hop,rap music
https://chipmusic.org/MisterTriac/music/atari-rush	8bit,atari rush,chiptune,dmg,gameboy,kaosspad,nanoloop,retrosound
https://chipmusic.org/syubidupidapap/music/the-meaning-of-murphy	chiptune,lsdj,syubidupidapap
https://chipmusic.org/crabrejodemar/music/puffy-tiger	chiptune,lsdj,pop
https://chipmusic.org/G0DLIKE/music/reach-the-stars	g0dlike dance chiptune lsdj dmg
https://chipmusic.org/Pompei/music/home	pompei,renoise,rpm
https://chipmusic.org/STereochan/music/we-brk-lik-diz	chiptune,gameboy,lsdj,unce
https://chipmusic.org/liquidcalm/music/bread-makes-zap	gameboy,nanoloop
https://chipmusic.org/pandaxstar/music/poprawkz-album-version	chiptune,gameboy,lsdj
https://chipmusic.org/rumpelfilter/music/usually-i-dont-happy	iphone,nanoloop
https://chipmusic.org/malmen/music/my-time-with-you	chiptune
https://chipmusic.org/Naj/music/artillery-battery-acid-reincarnation	dark ambient,experimental,nes
https://chipmusic.org/Dr.+Zilog/music/suicidal-genesis	metal
https://chipmusic.org/DJ+BOOTY+BLIP/music/booty-experiment	booty,chiptune,house,lsdj
https://chipmusic.org/spamtron/music/b-polar	90s,alternative rock,angst,bipolar,bpolar,chiptune,manic depression,nes,play it loud,spamtron,super nintendo
https://chipmusic.org/DKSTR/music/home-coming-dub-new-album-teaser	dub,plogue chipsounds,reggae,stylophone
https://chipmusic.org/shotgun+breakdown/music/currently-a-wip	fakebit,gameboy,lsdj,pop
https://chipmusic.org/little+naps/music/instantly	lsdj
https://chipmusic.org/malmen/music/the-phone-bill	chiptune
https://chipmusic.org/failotron/music/tristan-live	surf goth
https://chipmusic.org/Note%21/music/toy-chest-warfare	12345,gameboy,lsdj,toys
https://chipmusic.org/node/music/shes-lost-control	ableton,lsdj
https://chipmusic.org/node/music/re-love-lost	ableton,lsdj
https://chipmusic.org/node/music/pr	ableton,lsdj
https://chipmusic.org/Dr.+Zilog/music/cannibal-holocaust	death metal
https://chipmusic.org/eLectrodreams/music/titanium-umbrella-toad-man-cover	chiptune
https://chipmusic.org/Apricorn/music/daydreaming-at-night	madtracker
https://chipmusic.org/crabrejodemar/music/one-more-time-lsdj-mix	chiptune,lsdj
https://chipmusic.org/POLYGONPANDA/music/daybreak-chipbreak	chipbreak,daybreak,polygonpanda
https://chipmusic.org/albino+ghost+monkey/music/generic	nanoloop
https://chipmusic.org/Kool+Skull/music/power-rangers-mix-1-wip	lgpt kool skull koolskull power rangers
https://chipmusic.org/JonnyNero/music/ding!	chiprock,chiptune,gameboy,guitars,lsdj
https://chipmusic.org/neuroflip/music/running-dog	ahx,amiga,beats,breaks,dnb
https://chipmusic.org/subPixel/music/meeting-of-the-spirits-famitracker-w-acoustic-guitar	acoustic,famitracker,guitar,live
https://chipmusic.org/%C2%B5B/music/angels--diamonds	acid,blipstep,breaks,buzz,dance,fakebit,kraken,medusa,sawfish,upbeat
https://chipmusic.org/Russolo/music/bedroom-ditty	bedroom,bored,portatasound,procrastination,pss 150,pss 470,yamaha
https://chipmusic.org/Starpilot/music/c64-lobotomy-parts-1--2	c64,chiptune,fakebit,trippy
https://chipmusic.org/Starpilot/music/no-silence-allowed	chiptune,gameboy,lsdj,starpilot,trippy
https://chipmusic.org/Starpilot/music/lenny-bruce-a-martyr	chiptune,gameboy,lsdj,trippy
https://chipmusic.org/batu_berguling/music/the-orphans	24h,batuberguling,challenge,gameboy,lsdj
https://chipmusic.org/Jophish/music/refrain-chipbreak	break,breakcore,chip,chipbreak,chiptune,fakebit,gameboy,live,lsdj,nes
https://chipmusic.org/bryface/music/at-the-speed-of-neurons-ds-10	ds10
https://chipmusic.org/basementskelator/music/make-on-modez	retardbit basement skelator on modez ds10 gameboy effects 8bit amen mario link zelda fakebit
https://chipmusic.org/Nestrogen/music/i-punched-him-in-the-hair	
https://chipmusic.org/niunnuggin/music/ni-un---blipmp3	8bit magic,chip32,lofi,logic,minimal
https://chipmusic.org/Analog/music/sueo-en-cyan-nro-1---from-zetauno-opl3-ambient-minimal	ambient,analog,at2 tracker,cyan,minimal,opl3,rad tracker
https://chipmusic.org/Kool+Skull/music/tubular---jazz-remix	beat,downs,frog,guts,juan,kool,koolskull,larrazabal,morning,numberjuan,saturday,skull,smbd,thekoolskull
https://chipmusic.org/Love+Through+Cannibalism/music/metapod-is-reloading	chipbreak,fakebit,metapod,pokemon
https://chipmusic.org/Fuckjazzforaminute/music/closing-night-at-the-drive-in	lsdj
https://chipmusic.org/Henshin%21/music/countdown-rough	fruity loops
https://chipmusic.org/subPixel/music/be-a-queen	famitracker,n00b
https://chipmusic.org/phib3r+Optik/music/64-dreams-in-one-day	lsdj gameboy dmg 01
https://chipmusic.org/Blessing.Echoes/music/backyard-demo	
https://chipmusic.org/Blessing.Echoes/music/welcome-demo	
https://chipmusic.org/phib3r+Optik/music/dot-com-sp-tutorial	dmg,gameboy,lsdj,remake,sabrepulse,tutorial
https://chipmusic.org/batu_berguling/music/street-justice	batuberguling,gameboy,lsdj
https://chipmusic.org/arlen/music/foreigner	arlen,fasttracker,ft2,milky
https://chipmusic.org/arlen/music/you	fasttracker,ft2,milky,sine,sleepy,tired
https://chipmusic.org/Pastel+Arsenal/music/lest-ye-be-quarrelsome	c64,chiptune,fakebit,hiphop,nes
https://chipmusic.org/Shiru/music/streets-of-rain-1-bit	1bit,48k,zx spectrum
https://chipmusic.org/ohmtek81/music/psy-pants	gameboy,psybleep,trance
https://chipmusic.org/ohmtek81/music/mailboxman	bliphop,dmg1,lsdj
https://chipmusic.org/Prizmatic+Spray/music/flight-of-the-peacock-lords	
https://chipmusic.org/PlainFlavored/music/crown-victoria	hail,satan
https://chipmusic.org/G0DLIKE/music/lez-g0-raver	rave lsdj g0dlike stromkreis lets go
https://chipmusic.org/infradead/music/even-microwaved-fish-cubes-keep-their-shape-sega-competition-entry	audiomulch,fakebit,noise,reaktor,sms
https://chipmusic.org/RushCoil/music/blast-processing!	fakebit,sega
https://chipmusic.org/Kool+Skull/music/frog-guts---lsdj-chipthrash	beat,downs,frog,guts,juan,kool,koolskull,larrazabal,morning,numberjuan,saturday,skull,smbd,thekoolskull
https://chipmusic.org/Grayboy/music/intruder!-lsdj-dubstep	chiptune,demo,gameboy,lsdj,rough
https://chipmusic.org/Analog/music/todos-esos-lugares-comunes-demo	analog,chilled,chiptune,gameboy,glitchy,lsdj,opl3,slow,sudaka
https://chipmusic.org/Nestrogen/music/crippling-orange-thorn	
https://chipmusic.org/YKMB/music/midnight-chase	
https://chipmusic.org/CardBoard+Console/music/m1n1m4l-not-the-genre	chiptune,gameboy,lsdj,nanoloop
https://chipmusic.org/CardBoard+Console/music/r41nb0w-pyr1m1d5	chiptune,gameboy,lsdj
https://chipmusic.org/CardBoard+Console/music/br1ght-l1t3	chiptune,gameboy,lsdj
https://chipmusic.org/CardBoard+Console/music/idmmmmmmm-0h!!!!-y0u-fuck1ng-cunt	chiptune,gameboy,nanoloop
https://chipmusic.org/CardBoard+Console/music/h4ppe3-cr4ppy-gr3y-sk135	chiptune,dmg,gameboy,nanoloop
https://chipmusic.org/CardBoard+Console/music/m1lk	chiptune,gameboy,lsdj,m1lk,m1lk,nanoloop
https://chipmusic.org/crabrejodemar/music/bring-me-love	chiptune,lsdj
https://chipmusic.org/phib3r+Optik/music/song-in-the-making	8 bit,bar,bit shifter,c64,chiptune,club,fakebit,gameboy,gig,lsdj,nanoloop,nes,pixel,raw,sabrepulse,shirobon
https://chipmusic.org/an-cat-max/music/meltdown	frequency modulolzion,gameboy,jamz0r,lsdj,poopy poop
https://chipmusic.org/Zef/music/little-red-light	chiptune,fakebit,fls,fl studio,glitch
https://chipmusic.org/MisfitChris/music/love-is-a-sickness	chiptune,nes
https://chipmusic.org/son+of+a+bit%21/music/war-of-the-magi	chiptune,fakebit
https://chipmusic.org/Zef/music/duo	chiptune,fakebit,fls,fl studio
https://chipmusic.org/tacticalbread/music/upbringing-and-downfall-piano-and-arp2600	arp2600,piano
https://chipmusic.org/Zef/music/neonix	chiptune,fls
https://chipmusic.org/Kool+Skull/music/a-mouthful	beat,downs,frog,guts,juan,kool,koolskull,larrazabal,morning,numberjuan,saturday,skull,smbd,thekoolskull
https://chipmusic.org/phib3r+Optik/music/brkoutv2	amiga,bar,c64,chiptune,fakebit,gameboy,gig,kit,lsdj,nanoloop,nes,sabrepulse,shirobon
https://chipmusic.org/phib3r+Optik/music/brkout	amiga,bar,c64,chiptune,fakebit,gameboy,gig,kit,lsdj,nanoloop,nes,sabrepulse,shirobon
https://chipmusic.org/phib3r+Optik/music/1-1	amiga,bar,bit shifter,c64,chiptune,club,fakebit,gameboy,kit,lsdj,nanoloop,nes,pub,sabrepulse,shirobon
https://chipmusic.org/phib3r+Optik/music/os64	amiga,bar,c64,chiptune,fakebit,gameboy,gig,kit,lsdj,nanoloop,nes,sabrepulse,shirobon
https://chipmusic.org/phib3r+Optik/music/milk-and-cookies	8bit,amiga,c64,chiptune,emulator,fakebit,famitracker,gameboy,lsdj,nanoloop,nes,rom,sabrepulse,shirobon
https://chipmusic.org/Jophish/music/duran-duran---planet-earth-chip-cover	amiga,c64,chiptune,fakebit,gameboy,lsdj,nanoloop,nes
https://chipmusic.org/Jredd/music/darkness	dark,famicon disk system,jredd,nes,nintendo,post processing
https://chipmusic.org/Skip+Sandwich/music/saturn-valley	gameboy,lsdj
https://chipmusic.org/fluidvolt/music/six-silver-statues	fakebit,medley,nes,vgm
https://chipmusic.org/nitro2k01/music/just-a-squirt	gameboy,lsdj
https://chipmusic.org/Jophish/music/hollow-love	amiga,chiptune,fakebit,gameboy,lsdj,nanoloop,nes
https://chipmusic.org/ShinyBoom/music/lit	mpt
https://chipmusic.org/chunter/music/pitter-patter-rainy-day	chibitracker,cute,midtempo,renoise
https://chipmusic.org/Kool+Skull/music/gruufgrdgddrrrrruruurr---lgpt-chipthrash	beat,downs,juan,kool,koolskull,larrazabal,morning,numberjuan,saturday,skull,smbd,thekoolskull
https://chipmusic.org/Pastel+Arsenal/music/time-is-relative-tick-tock	c64,chiptune,fakebit,nes,robot
https://chipmusic.org/stress_tn/music/come-to-daddy-aphex-twin-cover	aphex twin,breakcore,chiptune,gameboy,idm,korg,kp3,lsdj,sam64,stresstn
https://chipmusic.org/Nestrogen/music/rasferatu-and-his-pastafarian-mendicants	nes
https://chipmusic.org/T.M.HECTOR/music/the-iron-bubble-curtain	ds10
https://chipmusic.org/toob/music/nanomorning---live-jam	gameboy,live,nanoloop,sync
https://chipmusic.org/arlen/music/dancin-ducks	ducks,ft2,keygen,lol,milkytracker
https://chipmusic.org/Beware/music/days-ahead	
https://chipmusic.org/bitmuch/music/bam-dub	
https://chipmusic.org/O2star/music/sadnes---wicked-game-chris-isaak-cover	8bit,8bit,90s,chiptune,chris isaak,dark,guitars,nes,nintendo,oxygenstar,sadnes,sappy love song,wicked game
https://chipmusic.org/MisfitChris/music/ending-theme	fakebit,nes
https://chipmusic.org/tempsoundsolutions/music/madman-on-psychotropic-drugs	chiptune chipmusic chip chiptune beep boop blip blop shawn phase temp sound solutions basement skelator shnabubula tss
https://chipmusic.org/Kool+Skull/music/hole-in-the-wall---lsdj-chipthrash!!!!	beat,downs,juan,kool,koolskull,larrazabal,morning,numberjuan,saturday,skull,smbd,thekoolskull
https://chipmusic.org/FFFFFF+Witch/music/a-gift-for-fiction	ffffff,fiction,for,gift,witch
https://chipmusic.org/bitmuch/music/where-the-ragga-man-go	dub,gameboy,ragga,reggae,vocals
https://chipmusic.org/Skip+Sandwich/music/welcome-to-saturn-valley-for-anyone-who-grew-up-playing-snes	8bit,chiptune,cy9ez,dmg,gameboy,lsdj,skip sandwich
https://chipmusic.org/%C2%B5B/music/hole-shaped-you	buzz,chill,fakebit,medusa
https://chipmusic.org/Matt+Shogi/music/hnnnnnnnnnnnnnnnnnnnnnnnnnnnnnnnnnngh	dance,gameboy,lsdj
https://chipmusic.org/Disasterpeace/music/marco-tannenbaumgartner	fakebit,nes,videogame
https://chipmusic.org/fluidvolt/music/star-coasting	blazin,fakebit,genesis,space
https://chipmusic.org/irrlichtproject/music/bihmsche-blasmusi	bohemian,brass,chiptune,famitracker,humptahumpta,neofolk,nes,vrc7
https://chipmusic.org/Pastel+Arsenal/music/rickshaws-arent-necessary-anymore-v-20	c64,chiptune,nes
https://chipmusic.org/likeluke/music/dec-21st-417-am	
https://chipmusic.org/exilefaker/music/tohou-ni-kurete	anime,gameboy,lsdj
https://chipmusic.org/Pastel+Arsenal/music/feel-that-thats-justice-fool	chiptune,fakebit,nes
https://chipmusic.org/DKSTR/music/day-in---day-out	fakebit,plogue chipsounds,post rock
https://chipmusic.org/Kool+Skull/music/birdbrainz	birdbrainz,chipthrash,gameboy,juan,kool,larrazabal,lsdj,skull
https://chipmusic.org/FFFFFF+Witch/music/luxury-of-thieves-v1	ffffff,luxury,thieves,witch
https://chipmusic.org/smart_young_cunt/music/last-caress-45rpm	
https://chipmusic.org/boomlinde/music/stoehn-ok	4ch,cock rock,happy,rapido,stoehn
https://chipmusic.org/Chetreo/music/night-of-the-living-dead-filthy-bass-idm-ish	idm
https://chipmusic.org/Danmark/music/krock-problem	spectrum
https://chipmusic.org/ShinyBoom/music/toujitsu	mpt
https://chipmusic.org/ShinyBoom/music/	
https://chipmusic.org/Shiru/music/butterfly-catcher-1-bit	1bit,beeper,zx spectrum
https://chipmusic.org/tacticalbread/music/just-the-beginning-lsdj-re-up	chiptune,gameboy,lsdj
https://chipmusic.org/Pastel+Arsenal/music/rickshaws-arent-necessary-anymore-rough-draft	c64,chiptune,fakebit,nes
https://chipmusic.org/funsecret/music/shemp-aka-slugs-for-snitches-aka-no-love-for-8bitches	break,chip,lsdj
https://chipmusic.org/cheapshot/music/pintsize	
https://chipmusic.org/KODEK/music/never-push-pause-^__^	8bitch,fun,lsdj,trololooo
https://chipmusic.org/crabrejodemar/music/robotic-lion-in-battle!	nes
https://chipmusic.org/chunter/music/n-tune	n106,nes,nsf
https://chipmusic.org/freezedream/music/sunny-days	dmg,gameboy,happy,lsdj
https://chipmusic.org/tacticalbread/music/just-the-beginning-lsdj	chiptune,gameboy,lsdj
https://chipmusic.org/Zan-zan-zawa-butt/music/sofa-clan	2a03,chiptune,famitracker,nes,sellout
https://chipmusic.org/fuxter/music/cant-wait-till-the-classes-are-over	guitars,lsdj,vocals
https://chipmusic.org/Pastel+Arsenal/music/temple-of-the-smiley-faces	chiptune,fakebit,nes
https://chipmusic.org/FuturNari/music/breaker-of-bricks	chiptune,gameboy,lsdj
https://chipmusic.org/BR1GHT+PR1MATE/music/goddamn-leather-daddies	chiptune,electro,gameboy,lsdj,pop,vocals
https://chipmusic.org/Russolo/music/lo-fi-angel-portasounds-and-speak-and-spell	150,470,circuit bending,fakebit,lo fi,lofi,lofi,micromusic,portasound,pss,samples,speak and spell,yamaha
https://chipmusic.org/Pastel+Arsenal/music/ships-of-gobbler	c64,chiptune,hip hop,nes
https://chipmusic.org/STereochan/music/pre-noise-channel-era	gameboy,lsdj
https://chipmusic.org/syntheticaesthetics/music/wobbley-as-fuck---lsdj-dubstep	and,dub,dubstep,gameboy,henry,homesweet,lsdj,sabrepulse,shirobon,step,the
https://chipmusic.org/G.E.Dope/music/continue!!!!	chiptune
https://chipmusic.org/G.E.Dope/music/three-mile-till-water	chiptune
https://chipmusic.org/G.E.Dope/music/the-green-dragons-lair	chiptune
https://chipmusic.org/G.E.Dope/music/the-pungee-pit	chiptune
https://chipmusic.org/G.E.Dope/music/mercurys-stage	chiptune
https://chipmusic.org/8bitweapon/music/tron-tribute---tron-scherzo-sarks-revenge-mix	8 bit weapon,2600,apple ii,atari,c64,chiptune,commodore,gameboy,legacy,lsdj,nes,tron
https://chipmusic.org/Rolf/music/schools-out!	chiptune,gameboy,lsdj
https://chipmusic.org/Rolf/music/sunrise-smiles	chiptune,gameboy,lsdj
https://chipmusic.org/wedanced/music/ticking-away	famitracker,nes vrc7
https://chipmusic.org/Disasterpeace/music/thats-mister-coconut-to-you	fakebit,nes,videogame
https://chipmusic.org/Liphian/music/horizonbound	chiptune,fasttracker,progressive,rock
https://chipmusic.org/Liphian/music/two-of-a-kind	chiptune,fasttracker,rock
https://chipmusic.org/G0DLIKE/music/-[mayou]-first-nl-song	nanoloop rave  gameboy light
https://chipmusic.org/57/music/kaiju	chiptune,electribe,emx,gameboy,korg,lsdj
https://chipmusic.org/ColeTrain/music/pop-lock-and-flop-it	coletrain,lsdj
https://chipmusic.org/Emar/music/on-from-expert-bit-twiddlers	ableton,afx,aphex,nanoloop 21,tussticles
https://chipmusic.org/Miss.+Dracula/music/ellessdeej	lsdj
https://chipmusic.org/Miss.+Dracula/music/huemyd	lsdj
https://chipmusic.org/Shiru/music/formation-x-1-bit	1bit,beeper,zx spectrum
https://chipmusic.org/crabrejodemar/music/un-dia-lluvioso	nes
https://chipmusic.org/mahamajama/music/street-lingo	jazz,lingo,mahamajama,street,street lingo
https://chipmusic.org/octavialsilver/music/all-you-beach-goers-unite	gameboy,lsdj,summertime
https://chipmusic.org/albino+ghost+monkey/music/contrast	nanoloop
https://chipmusic.org/Chetreo/music/all-the-things-we-did-demo---with-vocals	8bit
https://chipmusic.org/digitalocean/music/orbiting	fakebit
https://chipmusic.org/animalstyle/music/slash-back	
https://chipmusic.org/ShinyBoom/music/teal-chain	mpt
https://chipmusic.org/Shael+Riley/music/so-clean	2a03,chiptune,famitracker,nes,saxxy,vocal,vrc7
https://chipmusic.org/Norock/music/constant	kraken,medusa
https://chipmusic.org/Princess/music/somebody-gonna-get-pregnant-ninjasonik-remix	remix lsdj
https://chipmusic.org/jork/music/velocity-insensitive	amiga,c64,chiptune,funk,fusion,nes
https://chipmusic.org/Square+Two/music/teen-wolf	dirty,electro,electro house,gameboy,lsdj
https://chipmusic.org/forest+world/music/ropevox-parts-i--ii-nl-23	nanoloop 23
https://chipmusic.org/MisfitChris/music/gamestop-bunny-gone-terribly-wrong	
https://chipmusic.org/Hawkfather/music/i-like-final-fantasy	amiga,c64,chiptune,fakebit,gameboy,lsdj,nanoloop,nes
https://chipmusic.org/Pastel+Arsenal/music/warmth-in-3d	c64,chiptune
https://chipmusic.org/O2star/music/easier-done-than-said-impulse-tracker	16bit,chiptune,demoscene,impulse tracker,msdos,sound blaster 16
https://chipmusic.org/DaPantz/music/drowning	gameboy,lsdj
https://chipmusic.org/freezedream/music/falling-without-landing	buzz,fakebit,genesis,megadrive,sega,tfm
https://chipmusic.org/Jophish/music/gamestop-bunny!	amiga,c64,chiptune,fakebit,gameboy,lsdj,nanoloop,nes
https://chipmusic.org/sxe_weekend/music/macyhasghost2	chiptune,gameboy,lsdj
https://chipmusic.org/FantomenK/music/the-massacre	c64,chiptune,fakebit,lsdj
https://chipmusic.org/traxxk%C3%B6ter/music/zyrp-zyrp	gameboy,lsdj,minimal,techno
https://chipmusic.org/Dataswitch/music/down-the-asphalt	ambient,atari punk console,experimental,farfisa,glich,lofi,radio
https://chipmusic.org/ShinyBoom/music/tramp-champ	mpt
https://chipmusic.org/Nullsleep/music/collapsed-desires-tour-2010-promo-mix	chiptune,gameboy,industrial,lsdj,noise,postcyberpunk
https://chipmusic.org/quBit/music/ocean	atari st,electro,minimal,ocean,ymvst
https://chipmusic.org/FuturNari/music/ether	chiptune,gameboy,lsdj
https://chipmusic.org/Valpo+Usta/music/justin-bieber---baby-remix	8bit,baby,chiptune,game boy,justin bieber,lsdj,my worlds
https://chipmusic.org/concretedog/music/jornadajazz	dx11,guitar,jazz,musictechpro,pda,sunvox,tracker
https://chipmusic.org/Ro-Bear/music/shichinin-no-samurai	gameboy,hirajoshi,lsdj
https://chipmusic.org/FantomenK/music/kung-fu-bunny	
https://chipmusic.org/little-scale/music/i-am-still-breathing	
https://chipmusic.org/Beware/music/post-mage-showdown	
https://chipmusic.org/octavialsilver/music/420-demo	420,cats,gameboi,kittens,lsdj,medicated,meow
https://chipmusic.org/Active+Knowledge/music/dance-battle-alpha	chiptune,midines,nes
https://chipmusic.org/crabrejodemar/music/robotic-ants	chiptune,lsdj
https://chipmusic.org/khades/music/tracker-dreams-part-7	fakebit chiptune milkytracker trackermusic
https://chipmusic.org/BR1GHT+PR1MATE/music/reach_demo-[wip]	chiptune,gameboy,lsdj
https://chipmusic.org/smart_young_cunt/music/last-caress-misfits-lsdj	cover,death,gameboy,i am waiting for your breath,lovely,lsdj,misfits,sweet
https://chipmusic.org/animalstyle/music/antibiotics-bitch	genesis,sega
https://chipmusic.org/pandaxstar/music/poprawkz-first-lsdj	chiptune,lsdj
https://chipmusic.org/matt.nida/music/iver-heath	renoise
https://chipmusic.org/Jophish/music/inspired	amiga,c64,chiptune,fakebit,gameboy,lsdj,nanoloop,nes
https://chipmusic.org/STereochan/music/neptune-23	chiptune,fakebit,lsdj,renoise
https://chipmusic.org/FantomenK/music/cpu-mood	chiptune,fakebit,gameboy
https://chipmusic.org/J.+Arthur+Keenes/music/48-hour-challenge---oprah-shmup	48 hour challenge,butt dumpling,lsdj
https://chipmusic.org/G0DLIKE/music/-[zessoku]	
https://chipmusic.org/Shiru/music/stars-are-calling-ym2612	genesis,megadrive,opn,tfm,ym2612
https://chipmusic.org/Zen+Albatross/music/bedstuy-banger	gameboy,lsdj
https://chipmusic.org/eightbitrhombus/music/lil-jiggy-dubah	8bit dub,chipdub,chiptune,dub,dubstep,fakebit,flex unger,gameboy,lpgt,nanoloop
https://chipmusic.org/tacticalbread/music/yes-cc--3	chiptune,gameboy,lsdj
https://chipmusic.org/likeluke/music/one-of-these-days-owen-cover	
https://chipmusic.org/Derris-Kharlan/music/shiva	fakebit,guitar,live
https://chipmusic.org/crabrejodemar/music/aqua-gum-cover	chiptune,lsdj
https://chipmusic.org/Umbreon/music/maleldil-drone	ambient,drone,experimental,fakebit,field recordings,vopm
https://chipmusic.org/Zen+Albatross/music/bloom-supa-kawaii-desu-desu-happy-time-^____^	gameboy,lsdj
https://chipmusic.org/Zan-zan-zawa-butt/music/24hr-cash	chipfunk,chiptune,famitracker,fds,funk,future funk,nes
https://chipmusic.org/%C2%B5B/music/small-brown-bird	buzz,fakebit,fm7,medusa,nostaljia,serene,strings,tranquil
https://chipmusic.org/crabrejodemar/music/around-the-world-daft-punk-cover	chiptune,lsdj
https://chipmusic.org/Psilodump/music/eight4	476,psilodump
https://chipmusic.org/FuturNari/music/the-wrong-plane	chiptune,gameboy,lsdj
https://chipmusic.org/carlschultz/music/storm-warrior-revised-cover-experimental-classical-w-sid-orchestra	c64,classical,cover,orchestra,storm warrior
https://chipmusic.org/Wigfred/music/i-get-it!-monotheism!	chiptune,distorted,fakebit,purple,wigfred
https://chipmusic.org/ShinyBoom/music/torn-chap	mpt
https://chipmusic.org/poisoncut/music/cockpit-view	chiptune space amiga
https://chipmusic.org/MisfitChris/music/the-legend-of-tristendo	nes
https://chipmusic.org/albino+ghost+monkey/music/afterthought	nanoloop
https://chipmusic.org/Casio+Royale/music/bleep	8 bit,bleep,casio royale,chiptune,lsdj
https://chipmusic.org/O2star/music/breakin-ankles-midines	8bit,8bit,chiptune,midines,nes,nintendo
https://chipmusic.org/crabrejodemar/music/dragon-brain	8bitcore,chiptune
https://chipmusic.org/STereochan/music/dearest-immoral-edge-ikari-rx	chiptune,gameboy,ikari,lsdj,remix
https://chipmusic.org/crabrejodemar/music/the-4th-ninja-ftm	nes
https://chipmusic.org/liquidcalm/music/satwon	live,nanoloop
https://chipmusic.org/an-cat-max/music/making-acquaintances	aquacats,gameboy,lsdj,ocean
https://chipmusic.org/Shiru/music/fase-tres-1-bit	1bit,zx spectrum
https://chipmusic.org/FuturNari/music/yes-gary-friends-are-electric	chiptune,gameboy,lsdj
https://chipmusic.org/fluidvolt/music/through-the-sepulchre	fakebit,medusa,rpg
https://chipmusic.org/Kenobit/music/fucking-techno	lsdj
https://chipmusic.org/daisy/music/poppys-adventure	acid,breakbeat,c64,jungle,unce
https://chipmusic.org/cheapshot/music/dirty-hooker	chipstep,chiptune,dubstep,gameboy,grime,lsdj,wobble
https://chipmusic.org/locks/music/tension	chiptune,gameboymicro,nanoloop
https://chipmusic.org/Dream+Soda/music/rebel-radio-shitty-attempt-at-48h-challenge-demo	
https://chipmusic.org/crabrejodemar/music/animal-waves	lsdj
https://chipmusic.org/tacticalbread/music/earthquake-remix-re-mix	chiptune,lsdj,vocals
https://chipmusic.org/Ro-Bear/music/tetaio	12 tone,lsdj
https://chipmusic.org/BR1GHT+PR1MATE/music/mp3cellphone!	chiptune,electro,gameboy,lsdj,pop,vocals
https://chipmusic.org/Subway+Sonicbeat/music/william-it-was-really-nothing	cheesy,cover,nes,smiths
https://chipmusic.org/locks/music/spooky-mansion	chiptune,gameboymicro,nanoloop
https://chipmusic.org/Skip+Sandwich/music/triple-delight-lsdj-taster	gameboy,lsdj
https://chipmusic.org/crabrejodemar/music/reggaeton-mouse-party	chiptune experimental,lsdj
https://chipmusic.org/Emar/music/ravin-in-this-peace	blahblah,emar,hack,modstyle,music,pocket,ragga,sample
https://chipmusic.org/Nestrogen/music/ecstasy-is-a-hot-shower	
https://chipmusic.org/Super+Sudden+Fire/music/burstfire-laser-x3	chiptune,gameboy,lsdj
https://chipmusic.org/Wizwars/music/handheld-hero	gameboy,lsdj
https://chipmusic.org/Henry+Homesweet/music/untitled	lsdj
https://chipmusic.org/mahamajama/music/the-doctor-is-out	derp,doctor,doctor who,doop,herp,mahamajama,poop,who
https://chipmusic.org/fluidvolt/music/tranquil-lagoon	ambient,fakebit,medusa
https://chipmusic.org/Jellica/music/les-aventures-sous-la-mer---magnetic-reef-live	lsdj,synths,underwater
https://chipmusic.org/an-cat-max/music/trees--rad	chiptune,gameboy,lsdj,satan,shit,zombies
https://chipmusic.org/crabrejodemar/music/robot-man-in-love	famitracker,nes
https://chipmusic.org/infradead/music/edward-garner	drone,gunfighter,nanovoice,nord modular
https://chipmusic.org/10k/music/frens-live--soundbytes-sunday-summer-session	chiptune,gameboy,live,lsdj,soundbytes,vocals
https://chipmusic.org/Jophish/music/day-one	amiga,c64,chiptune,fakebit,gameboy,lsdj,nanoloop,nes
https://chipmusic.org/Gigabyte/music/ginger-bear-famitracker-vrc6	
https://chipmusic.org/tacticalbread/music/backwards-j-arthur-keenes-remix-lsdj-synth-guitar	chiptune,guitar,keyboards,lsdj
https://chipmusic.org/TheAmberRoom/music/lead-sister	chiphop
https://chipmusic.org/chipocrite/music/mr-knight-is-in-the-building	chiptune,gameboy,lsdj
https://chipmusic.org/irrlichtproject/music/phazzurro-1bit	1bit,48k,beeper,nerdcore,phaser1,zx spectrum
https://chipmusic.org/gijs/music/sdf44vl4m2	enelope,gameboy,lsdj,sdf44vl4m2
https://chipmusic.org/gijs/music/adf44vl3m1	adf44vl3m1,envelope,gameboy
https://chipmusic.org/gijs/music/hss3f-hss3s02v---drone0-01	hss3f gieskes arduino
https://chipmusic.org/gijs/music/hss3f-hss3s02v10-drone1-01	hss3f gieskes arduino
https://chipmusic.org/arlen/music/luvu	experimental,minimal,renoise,sine wave
https://chipmusic.org/Thretris/music/streets-of-elwood-ghetto-talkbox-casiotone-vocals	casiotone,chiptune,gameboy,lsdj,talkbox
https://chipmusic.org/zebra/music/grocery-pxtone	breaks,loud,pxtone
https://chipmusic.org/chunter/music/frstyl-ds-10	ds10,freestyle
https://chipmusic.org/8bitweapon/music/arcade	8 bit,arcade,c64,drums,live,rock,weapon
https://chipmusic.org/liquidcalm/music/some-monday	gameboy,loops,nanoloop
https://chipmusic.org/8bitweapon/music/reset-generation-anthem-dexter-mix	8 bit,c64,chiptune,generation,nes,ost,reset,weapon
https://chipmusic.org/Zan-zan-zawa-butt/music/cato-nine	clixkc,famitracker,nes,no expansion
https://chipmusic.org/Nue/music/blue-moon-bay	gameboy,lsdj
https://chipmusic.org/Fighter+X/music/glo	lsdj
https://chipmusic.org/Shiru/music/fase-dos	1bit,beeper,zx spectrum
https://chipmusic.org/STereochan/music/528-and-im-awake--audioloveletter	chiptune,gameboy,lsdj,slapsomereverbondatbitch
https://chipmusic.org/little-scale/music/slower-motion-living	16bit,ambient,drive,drone,genesis,hardware,mega,mega drive,nomad,sega
https://chipmusic.org/nickmaynard/music/baseball---48hr-challenge!	chiptune,gameboy,lsdj
https://chipmusic.org/Norock/music/violet	fakebit,guitar,pokemon
https://chipmusic.org/smart_young_cunt/music/pioneers-of-teh-hypnotic-groove	lsdj
https://chipmusic.org/albino+ghost+monkey/music/stop	nanoloop
https://chipmusic.org/FuturNari/music/firehigh	chiptune,gameboy,lsdj
https://chipmusic.org/Never/music/fortress-never-remix	brand new math,lsdj,never
https://chipmusic.org/Thretris/music/no-way-dude!-1-minute-compilation	chiptune,gameboy,nes
https://chipmusic.org/mahamajama/music/grew-on-on-frog-1-minute-compilation	1 minute,blargh,chiptune,corn,cylon,frog,pancakes
https://chipmusic.org/MicroD/music/sixty-second-shakes-1-minute-compilation	1minute compilation,chiptune,collaboration,compilation,lsdj
https://chipmusic.org/Nestrogen/music/chili-chili-shiitake--1-minute-compilation	
https://chipmusic.org/forest+world/music/pleasant-grove-1-minute-compilation	compilation,nanoloop,nl 23
https://chipmusic.org/Diamonds+%26+Dynamite/music/henry-homesweet---until-i-sleep-chopped--screwed	chiptune,gameboy,henry homesweet,nanoloop,remix
https://chipmusic.org/Valpo+Usta/music/dakota-radio-edit-1-minute-compilation	milkytracker 1 minute chiptune bitpop blipblop short funky
https://chipmusic.org/Reteris/music/link-cable-connection-v2	nanoloop,oatmeal,reteris
https://chipmusic.org/Shiru/music/fase-uno-1-bit	1bit,beeper,zx spectrum
https://chipmusic.org/Perry/music/scuba-diving-on-europa	diving,europa,gameboy,lsdj,perry,scuba
https://chipmusic.org/Moldilox/music/the-birth-of-chicken-george	kazuo umezu,manga,nes
https://chipmusic.org/Jophish/music/error-pending	amiga,c64,chiptune,dmg,gameboy,lsdj,nanoloop,nes
https://chipmusic.org/Bit_Rat/music/no-reason-feat-mc-fen	bit,bitrat,chip,fakebit,fen,guitar,metal,modplug,rat,reason,rock,subject,test
https://chipmusic.org/neuroflip/music/start-and-retry	ahx,amiga,c64,chiptune,guitar,sam
https://chipmusic.org/Bit_Rat/music/bait-thief	bait,bit,bitrat,chip,fakebit,guitar,metal,modplug,modplug,rat,rock,subject,test,thief
https://chipmusic.org/Bit_Rat/music/test-subject-album-teaser	bit,bitrat,electric,fakebit,guitar,metal,modplug,promo,promotional,rat,rock,subject,teaser,test,trailer
https://chipmusic.org/O2star/music/flyin-solo-midines	8bit,8bit,chaotic,chiptune,midines,nes,nintendo,stupid
https://chipmusic.org/Daemon/music/coastal-stagecoach-chasedown	8 bit,8bit,fakebit,metal,nes,nintendo,rock,western
https://chipmusic.org/Blitz+Lunar/music/sirius-bismuth-2a03	bismuth sirius fusion jazz funk progressive wank famicompo 2a03 nintendo nes nsf
https://chipmusic.org/PlainFlavored/music/orogenesis-red-versus-green	doom,lsdj,psycle,underclocked
https://chipmusic.org/toob/music/abuse-of-a-dmg	gameboy,lsdj,psytrance
https://chipmusic.org/basementskelator/music/leyendecker-battles	leyendecker battles cover basement skelator wang chung
https://chipmusic.org/Dot.AY/music/shit-drop	bass,gameboy,lsdj
https://chipmusic.org/tacticalbread/music/earthquake-little-boots-cover-remix	lsdj,vocals
https://chipmusic.org/proswell/music/20100319-pony	140bpm,absurd,acid,chiptune,ds10,hardpanning,inpuj,korg,magical
https://chipmusic.org/Nestrogen/music/untold-whispers-from-beyond-the-solipsistic-mind	
https://chipmusic.org/G0DLIKE/music/go-my-way-[2xlsdj]	
https://chipmusic.org/albino+ghost+monkey/music/fairway	nanoloop
https://chipmusic.org/Zombipnok/music/shounen-bat	808,909,lsdj,renoise,samples
https://chipmusic.org/Shael+Riley/music/factory	2a03,famitracker,mmc5,nes,vocal
https://chipmusic.org/Hawkfather/music/48hc---spy-music---word	fm synthesis
https://chipmusic.org/Subway+Sonicbeat/music/sono	brazil,chippanze,gameboy,lsdj,portuguese,sleep
https://chipmusic.org/STereochan/music/fucked-with-a-chainsaw	chiptune wu tang clan aint nuthin ta fuck wit,fakebit
https://chipmusic.org/boomlinde/music/el-palacio-de-los-alimentos	48 hour challenge,bubble bobble babble,food music,it2nsf,mariachi,n106,nes
https://chipmusic.org/Zan-zan-zawa-butt/music/busy-rbbt	bunny,famitracker,imasong,nsf,vrc6
https://chipmusic.org/tacticalbread/music/moar-bunny-chasing!	gameboy,lsdj
https://chipmusic.org/G0DLIKE/music/lsdubstep-wip---album-preview-no2	
https://chipmusic.org/DJ+Hollow+Life/music/therapy-of-the-mindwar	nanoloop
https://chipmusic.org/nitro2k01/music/plant-life	gameboy,lsdj
https://chipmusic.org/shotgun+breakdown/music/shred--breakfast	fakebit
https://chipmusic.org/Jellica/music/stepping	dmg,lsdj
https://chipmusic.org/nitro2k01/music/bunglist-spirit	gameboy,lsdj
https://chipmusic.org/Never/music/realise-your-dreams	doomtune,lsdj,never,slow,virtual reality
https://chipmusic.org/Never/music/ritual-fenland	doomtune,lsdj,never,slow,virtual reality
https://chipmusic.org/Never/music/hang-your-stony-legs-over-the-tiny-city	doomtune,lsdj,never,slow,virtual reality
https://chipmusic.org/Never/music/nova-prospekt	doomtune,lsdj,never,slow,virtual reality
https://chipmusic.org/Norock/music/frnd	cake,cover,friend,kraken,medusa
https://chipmusic.org/nitro2k01/music/demented-grinder	dubstep,gameboy,lsdj
https://chipmusic.org/Norock/music/shore	depths,kraken,medusa,ymvst
https://chipmusic.org/O2star/music/groove-is-in-the-heart-remix	16bit,demoscene,impulse tracker,msdos,sound blaster 16
https://chipmusic.org/Jonnyriddle/music/titan-covox-remix	covox,dance,gameboy,remix,speak and spell
https://chipmusic.org/electrophrenic/music/stone-hands-dragon-feet	britney spears,chips and fish,jungle,lsdj
https://chipmusic.org/Jophish/music/phantom-pt-ii---justice-cover	amiga,c64,chiptune,cover,cross,dance,gameboy,justice,lsdj,nanoloop,nes,phantom
https://chipmusic.org/Active+Knowledge/music/the-fractal-reason	midines,nes
https://chipmusic.org/budmelvin/music/dubsteppin-out	fakebit
https://chipmusic.org/nitro2k01/music/quicktime-express	gameboy,lsdj,techno,triplets
https://chipmusic.org/nitro2k01/music/nitrojazz-2	gameboy,jazz,lsdj
https://chipmusic.org/Zen+Albatross/music/ruffians-wip	gameboy,lsdj
https://chipmusic.org/Hawkfather/music/declaration-of-principles---from-house-on-a-planet---vocals	ableton,c64,midibox sid,midines,nes,opera,vocals
https://chipmusic.org/albino+ghost+monkey/music/partial	nanoloop
https://chipmusic.org/Mano/music/dirty-sanchezpulse	black metal,gameboy,lsdj
https://chipmusic.org/nitro2k01/music/indefinite-hesitation	gameboy,lsdj
https://chipmusic.org/G0DLIKE/music/the-glitch-wip---album-preview---dubnoizeglitchstep-	the glitch g0dlike wip album preview  dubnoizeglitchstep  lsdj
https://chipmusic.org/Twelve+insomnia/music/jumper	
https://chipmusic.org/keith/music/ashdown	ashdown,chiptune,gameboy,keith,lsdj
https://chipmusic.org/%C2%B5B/music/wild-prose	808,buzz,dblue,dub,fakebit,glitch,medusa,shittalker
https://chipmusic.org/nitro2k01/music/grainbrain-mk2	gameboy,granular,lsdj
https://chipmusic.org/Hawkfather/music/kazakhstan	amiga,c64,chiptune,fakebit,gameboy,kazakhstan,lsdj,nanoloop,nes
https://chipmusic.org/toob/music/menu-music	lsdj
https://chipmusic.org/arlen/music/take-me-far-away	48 hour challenge,48h,ambient,murderbiscuit,relaxing,renoise,samples,sega master system,sms
https://chipmusic.org/Kool+Skull/music/nicks-theme---first-lsdj	emulator,gameboy,juan,kool,larrazabal,lsdj,numberjuan,psp,rin,skull
https://chipmusic.org/reborn.nsf/music/sejwood	gameboy,lsdj,rebornnsf
https://chipmusic.org/MisfitChris/music/welcome-to-1998-rough-mix	aol three point oh,chiptune,fake bit,house,nostalgia
https://chipmusic.org/Super+Dimension+Fortress/music/monster-kill	different,lsdj,three four time
https://chipmusic.org/betatothemax/music/dial-3	
https://chipmusic.org/Chetreo/music/preschool	chetreo
https://chipmusic.org/Fighter+X/music/umbra	
https://chipmusic.org/Greenleaf/music/through-fields-of-mercury	gameboy,lsdj
https://chipmusic.org/cheapshot/music/kidney-punch-[dubstep]	dubstep,lsdj
https://chipmusic.org/wedanced/music/faded-lights	c64,chiptune,nitrotracker
https://chipmusic.org/albino+ghost+monkey/music/point	nanoloop
https://chipmusic.org/octavialsilver/music/raspberry-jam-session-ft-djcactus	chiptune,dragonbitch,gameboy,nanoloop
https://chipmusic.org/an-cat-max/music/brighten-up	gameboy,lsdj
https://chipmusic.org/Skip+Sandwich/music/nesss-nightmare-earthbound-inspired-lsdj-jam	chiptune,gameboy,lsdj
https://chipmusic.org/Shael+Riley/music/rarest-of-elements	chiptune,nes,vocal,vrc6
https://chipmusic.org/FTF/music/this-song-is-called-the-devil-wears-prada-cover	c64,chiptune,ftf,gameboy,lsdj
https://chipmusic.org/RushJet1/music/wily-capsule-n106-mega-man-10-cover	mega man 10 final boss wily saucer capsule nes n106 fds dpcm
https://chipmusic.org/tacticalbread/music/nevertheless	gameboy,lsdj,piano
https://chipmusic.org/freedrull/music/duck-hurf	duck hurf chiptune modshrine ohc jazz wank
https://chipmusic.org/motone/music/joyrex-j5-aphex-twin-tribute	acid,aphex twin,breaks,experimental,gameboy,lsdj,techno
https://chipmusic.org/PlainFlavored/music/sunrise-highway	1bit,psycle,teen angst
https://chipmusic.org/little-scale/music/commiseration-vectrex-ay-3-8912	8bit,6809,ay38910,ay38912,ay38913,vectrex
https://chipmusic.org/STereochan/music/forbidden	chiptune,gameboy,lsdj
https://chipmusic.org/Cartoon+Bomb/music/bitch-doctor	bass,bitch doctor,chiptune,gameboy,glitch,lsdj,reggae
https://chipmusic.org/Princess/music/i-vii	lsdj
https://chipmusic.org/Disasterpeace/music/jump-error-2010-upgrade!	fakebit,fusion,prog,reason
https://chipmusic.org/Skip+Sandwich/music/touch-fuzzy-get-dizzy!-lvl-2	8bit,chiptune,cy9ez,dmg,gameboy,lsdj,skip sandwich
https://chipmusic.org/Zan-zan-zawa-butt/music/sled-minx-or-loop-lupe	classic,famitracker,loop,nes
https://chipmusic.org/poisoncut/music/starfighter-104	chiptune milkytracker milky tracker
https://chipmusic.org/Cartoon+Bomb/music/an-indecent-proposal	chiptune,gameboy,lsdj,oral,reason,richmond va metal chicks
https://chipmusic.org/Note%21/music/arphellium-104	lsdj,science
https://chipmusic.org/herr_prof/music/tom-follins-grave	gameboy
https://chipmusic.org/betatothemax/music/biometric-sleepwalker	
https://chipmusic.org/EvilWezil/music/von-neumann-machines	gameboy
https://chipmusic.org/Lazerbeat/music/handbag-for-my-boyfriend	lsdj camp handbag camp house camp ctrixwannabe camp madison59
https://chipmusic.org/XyNo/music/stfucck-up-!	atari st,ym2149
https://chipmusic.org/I_CACTUS/music/waiting-for-summer	headache,mario,sleep deprivation,wholly crap
https://chipmusic.org/Skip+Sandwich/music/chicken-noodle-cigarettes	8bit,chiptune,cy9ez,dmg,gameboy,lsdj,skip sandwich
https://chipmusic.org/RushCoil/music/shrine-of-arcueil	chipsounds,cubase 5,midines
https://chipmusic.org/Kool+Skull/music/i-need-a-drink---lgpt-mix	koolskull kool skull juan larrazabal numberjuan thekoolskull
https://chipmusic.org/PlainFlavored/music/amphetamine-dream	dave harris,duckbeat,lsdj,quackcore,superwank
https://chipmusic.org/Dataswitch/music/do-not-obstruct	chiptune,lsdj,pro sound,techno
https://chipmusic.org/donotrunwithpixels/music/digital-raindrop	ambiental,chillout,chiptune,donotrunwithpixels,dslite,kinetic monkey,nanoloop
https://chipmusic.org/Pompei/music/a-night-on-the-hmis4	famitracker,nes
https://chipmusic.org/L-tron/music/voices	gameboy,house,lsdj,ltron
https://chipmusic.org/FFFFFF+Witch/music/you-are-i-are-you	korg ds 10
https://chipmusic.org/Cartoon+Bomb/music/girthquake	chiptune,gameboy,lsdj,reason
https://chipmusic.org/G0DLIKE/music/until-the-end-of-time-daaancus-maximus-yay	lsdj g0dlike dance dance dance d yay
https://chipmusic.org/Danmark/music/bonzer	8bit,chip,famitracker,nes
https://chipmusic.org/little-scale/music/my-sappy-heart-saa-1099	8bit,chip,phillips,psg,saa1099,saa 1099
https://chipmusic.org/octavialsilver/music/plastic-waves-of-plastic-people-live	chiptune,gameboy,nanoloop,thrash
https://chipmusic.org/infradead/music/navation	gameboy nanovoice audiomulch reaktor ambient
https://chipmusic.org/EBOT/music/solaris	ebot,elektrobot,gameboy,lsdj
https://chipmusic.org/Cartoon+Bomb/music/speed-of-dark	gameboy,lsdj
https://chipmusic.org/MisfitChris/music/summer-morning-of-95	chiptune,snes,vgm
https://chipmusic.org/betatothemax/music/vykoden-dreams	nes
https://chipmusic.org/Sirius-B/music/hyperspace	chiptune,nes
https://chipmusic.org/Paroxysm/music/infiltrate	gameboy,lsdj
https://chipmusic.org/Valpo+Usta/music/forever-young	alphaville,cover,forever young,game boy,lsdj,remix,youth group
https://chipmusic.org/Diamonds+%26+Dynamite/music/problems	chiptune,gameboy,nanoloop
https://chipmusic.org/Daemon/music/to-the-rhythm-of-her-heart	love song,nes
https://chipmusic.org/3nc0d3r/music/bumper	experimental,gba,nanoloop,newbie
https://chipmusic.org/basementskelator/music/beating-the-lines-i-love-family-funjungle-2	chip chillout loaded onehitter grandma 8bitpeoples oldstyle blasterhead vim hunz reduz radix akumapan original heads
https://chipmusic.org/tempsoundsolutions/music/tryin-to-piss-you-off-gunters-brickwaller-mx	cumshot district 9 icactus a dream living out game boy legends biggest daymare irl just dying on fire with a tracker spice
https://chipmusic.org/tempsoundsolutions/music/aux-unit-chipnbass-jinglestepz	chipstep district 9 jungliss reewind selecta gangsta iriefox weed icactus noninterpolated banger shawn phase vgmusic zelda d9
https://chipmusic.org/tempsoundsolutions/music/depletion	fraudulent shitbird garbage through finished 8bit lowclass idiot worthless papp bollocks sponge no good motherfucker
https://chipmusic.org/cheapshot/music/[nanoloop-iphone]--shobu	iphone,nanoloop,techno
https://chipmusic.org/Kool+Skull/music/end-of-the-computer-age---lgpt	kool skull koolskull lgpt littlegptracker chocolate chip pancakes end of the computer age psp
https://chipmusic.org/nonfinite/music/sorrowsong	chiptune,house,nanoloop
https://chipmusic.org/G0DLIKE/music/last-dream-redux	flstudio last dream redux g0dlike fl studio
https://chipmusic.org/STereochan/music/dbts-v21	chiptune,gameboy,lsdj,stars
https://chipmusic.org/wedanced/music/ghosts	c64,chiptune,nitrotracker,sine
https://chipmusic.org/likeluke/music/running-in-dreams-chase-the-sun	48 hour challenge,lsdj
https://chipmusic.org/Nestrogen/music/innermy	
https://chipmusic.org/fuxter/music/empty	famitracker,milkytracker,vocals
https://chipmusic.org/vickysbooties/music/ive-patching-set-pd--abelton	abelton,chiptune,fakebit,generative,live,patching,puredata
https://chipmusic.org/little-scale/music/litmus---with-poppi-doser-vocals	16 bit,2600,atari,atari 2600,genesis,mega drive,piano,sega,sega genesis,sega mega drive,vocals
https://chipmusic.org/Electrify+Me%21/music/winter-rose	gameboy lsdj winter rose electrify me
https://chipmusic.org/Jellica/music/hardsid-uplay-test	8580,c64,goattracker,hardsid,larry is at the vets
https://chipmusic.org/Nue/music/napier	gameboy,lsdj
https://chipmusic.org/MisfitChris/music/rainy-day-recess	chiptune,nes
https://chipmusic.org/Thretris/music/armagetdown	chiptune,gameboy,lsdj
https://chipmusic.org/Hawkfather/music/family	amiga,c64,chiptune,fakebit,gameboy,lsdj,nanoloop,nes
https://chipmusic.org/Shaun+Carley/music/muffin-stumps	fakebit
https://chipmusic.org/%C2%B5B/music/the-zipper	1bit,buzz,dance,fakebit,fast,nautilus,short,vsti
https://chipmusic.org/Automa+Boy/music/colours	chiptune,fakebit
https://chipmusic.org/Fighter+X/music/456-rush!	
https://chipmusic.org/SeanBad/music/gotta-make-it-48h-challenge	48 hour challenge,electro,lsdj,unce,usta,valpo
https://chipmusic.org/Go+Motion/music/time-flies-when-youre-lying-under-a-tree	gameboy
https://chipmusic.org/I_CACTUS/music/being-there-teaser	chiptune,fakebit
https://chipmusic.org/Moldilox/music/honey-hive	chiptune
https://chipmusic.org/ubey/music/1-lazerscale-project	ds10 pocketmusic
https://chipmusic.org/BitPop/music/i-will-follow-you---reborn	bitpop,chiptune,lsdj,virus
https://chipmusic.org/tempsoundsolutions/music/logear-4-2-live-at-katsucon-16---2-13-10	alex mauer temp sound solutions logear iipause
https://chipmusic.org/e.s.c./music/blazes-in-the-night-sky	analog,circuit bent,lgpt,midines,nes
https://chipmusic.org/G0DLIKE/music/neonfarbenlichterkragen-lsdj	lsdj g0dlike neon color lights dresden low level
https://chipmusic.org/Emar/music/know-yr-enemy	choon,come,disco,hair,have,lsdj,mazafaka,next,what,where,will,wowzers
https://chipmusic.org/neuroflip/music/nuskool-trip	ahx amiga
https://chipmusic.org/cheapshot/music/rick-dangerous-iii	ableton,chiptune,dubstep,quadrasid
https://chipmusic.org/albino+ghost+monkey/music/the-munsters-theme	nanoloop
https://chipmusic.org/tacticalbread/music/fragile-mass	chiptune,fm8,gameboy,lsdj
https://chipmusic.org/Ogrim/music/khzk	gameboy,lsdj,renoise
https://chipmusic.org/PlainFlavored/music/artificial-ocean	bipartisan,lsdj,neoshoewave,postdreamo
https://chipmusic.org/Daemon/music/bedknobs-and-boomsticks	chipmetal,metal,nes,zombie
https://chipmusic.org/Jellica/music/jellica---floa	2006,amazon,cat vs yogurt,chiptune,fakebit,gameboy,lsdj,my dad fancies your dad
https://chipmusic.org/Alucard/music/cyphus	
https://chipmusic.org/Alpha+C/music/neon-aurora	demoscene,module,schism,tracker
https://chipmusic.org/Jophish/music/ep-release-track-2---untitled	amiga,c64,chiptune,famitracker,gameboy,lsdj,nes
https://chipmusic.org/betatothemax/music/intergalactic-elevator	nes
https://chipmusic.org/xero/music/blowfish-cipher-[nanosynth]	chiptune,encryption,gameboy,nanosynth,nanovoice
https://chipmusic.org/STereochan/music/what-i-think-of-you-backstabbing-whorefucker	and,chiptune,death,destruction,experimental,gameboy,lsdj,noise
https://chipmusic.org/Alucard/music/nightfall	lsdj
https://chipmusic.org/MisfitChris/music/misfitchris-live-set-intro	16 bit,chiptune,snes
https://chipmusic.org/MicroD/music/excision	8 bit collective,8bc,chiptune,free,gameboy,little sound dj,lsdj,microd,original,vgm
https://chipmusic.org/betatothemax/music/ftw	nes
https://chipmusic.org/an-cat-max/music/the-accuser	666,destroy,gameboy,hate,kill,lsdj,metal,satan
https://chipmusic.org/Jophish/music/ep-release-track-1--introduction	album,awesome,c64,chiptune,famicom,famitracker,first,gameboy,lsdj,nanoloop,nes,new,release,snes
https://chipmusic.org/Wigfred/music/what-a-woderful-world-louis-armstrong	chiptune,cover,louis armstrong,spectacular
https://chipmusic.org/Valpo+Usta/music/buffoonz-48-hour-challenge	48 hour challenge,buffoon,cartoon,clown,cozy,crazy,foreign,milkytracker,stunt,wacky,zany
https://chipmusic.org/Beware/music/awareness	nanoloop
https://chipmusic.org/locks/music/pre-loader	fakebit,garageband,midi
https://chipmusic.org/STereochan/music/in-your-eyes	are,chiptune,for,gameboy,lsdj,stars,strive,the,what
https://chipmusic.org/bit+mummy/music/the-computers-are-down-say-hi-to-giygas	ambient,bit mummy,chiphop,earthbound,fl studio,idm,kaossilator,lsdj,maniac mansion,nanoloop
https://chipmusic.org/Zan-zan-zawa-butt/music/yoke-rite	chitpune,famitracker,long,nes,progressive
https://chipmusic.org/Jophish/music/variable-speed	amiga,c64,chiptune,color,decent,dmg,first,gamboy,gameboy,game boy,good,lsdj,nanoloop,nes,noise,pocket
https://chipmusic.org/Cyberdelic/music/hazzah-razzah	generic,reason 4,suck my cock,tarnce,trance,unce
https://chipmusic.org/gwEm/music/uls-loader	atari st,chiptune,dbug,gwem
https://chipmusic.org/BUSKERDROID/music/stupidboy	bkdd,buskerdroid,coucou,gameboy,lsdj,micromusic,romehq
https://chipmusic.org/motone/music/nubrk48h-48-hour-challenge	48 hour challenge,breakbeat,chiptune,gameboy,lsdj,nu breaks,techno
https://chipmusic.org/ovenrake/music/h2use	dual gameboy,gameboy,lsdj
https://chipmusic.org/capcomposer/music/x-men-cartoon-theme-song	chiptune,gameboy,lsdj
https://chipmusic.org/10k/music/step	chiptune,gameboy,lsdj
https://chipmusic.org/tacticalbread/music/woooomp3-rpm-challenge-02	chiptune,gameboy,lsdj
https://chipmusic.org/The+Guillotine+Factory/music/assembly-line	chiptune,gameboy,hellfire,lsdj,metal
https://chipmusic.org/DaPantz/music/vmonos!	gameboy,lsdj
https://chipmusic.org/Emar/music/duck-goes-quack	acid,d00dmannnnn,lsdj,nanoloop,psychedelic
https://chipmusic.org/Bunnymajs/music/blippblipp	bunnymajs,din mamma,fakebit
https://chipmusic.org/phase_terminale/music/the-faded-sun	famitracker,nes,smegma
https://chipmusic.org/octavialsilver/music/plastic-waves-of-plastic-people	chiptune,gameboy,nanoloop,yr mum
https://chipmusic.org/Hawkfather/music/attack-crab-for-massive-damage	amiga,c64,chiptune,crab,fakebit,gameboy,lsdj,nanoloop,nes
https://chipmusic.org/Kenobit/music/reflections-on-a-mote-of-dust	lsdj
https://chipmusic.org/Junull/music/fridays--unicorns-first-milkytracker	chiptune,fridays unicorns,milkytracker
https://chipmusic.org/iseedeadpixels/music/no-hope-left-to-have	famitracker,mmc5,nes
https://chipmusic.org/Alucard/music/beneath-the-sky	
https://chipmusic.org/matt.nida/music/three-miles-per-hour	lgpt,piggy,psp,tracker
https://chipmusic.org/Megus/music/tryptomine-dream	
https://chipmusic.org/Bleepshit/music/4h30-danger-cover	bleepshit,electro,gameboy,lsdj
https://chipmusic.org/Pompei/music/the-ocean-is-frozen--shes-gone	famitracker,nes,ocean
https://chipmusic.org/Nestrogen/music/mass-indecision-amongst-the-branches	chiptune
https://chipmusic.org/an-cat-max/music/rip-sweet-hinawa	gameboy,lsdj,melodic,mother
https://chipmusic.org/MicroD/music/palisade	8 bit collective,8bc,chiptune,free,gameboy,little sound dj,lsdj,microd,original,vgm
https://chipmusic.org/Edward+Shallow/music/humdrum-speed-run	lsdj
https://chipmusic.org/tacticalbread/music/[demo]-stand-by-me	chiptune,gameboy,lsdj,vocals
https://chipmusic.org/Cyberdelic/music/love	fakebit,generic,love,reason 4,tarnce,trance,unce
https://chipmusic.org/BR1GHT+PR1MATE/music/no-sense-studio-mix-2s	chiptune,gameboy,lsdj,mix,pop,studio,vocals
https://chipmusic.org/Saskrotch/music/shutting-down	fakebit,lsdj,reason
https://chipmusic.org/ZAZI/music/times-have-changed	chill,lsdj
https://chipmusic.org/exilefaker/music/ockhams-chainsaw	gameboy,lsdj
https://chipmusic.org/Jellica/music/[48-hour-challenge]---prokofiev--romeo-and-juliet---dance-of-the-knights-jellicas-falling-over-version	48 hour challenge,dance of the knights,falling,j arthur keenes,jellica,lsdj,over,prokofiev,romeo and juliet,sanxion
https://chipmusic.org/BEASTMODE/music/screenhackers	chiptune,gameboy,lsdj
https://chipmusic.org/Axolotl/music/hole-demo	
https://chipmusic.org/tacticalbread/music/the-first-portion-of-my-act-rpm-challenge-01	chiptune,gameboy,lsdj,rpm challenge
https://chipmusic.org/Wigfred/music/sauga	135bpm,awesome,chiptune,long,purple
https://chipmusic.org/MisfitChris/music/asteroid-night-opening-theme	chiptune,nes
https://chipmusic.org/MiLLiON/music/name-this-song-for-me!	million
https://chipmusic.org/MiLLiON/music/love-affair-with-a-microwave	million,tiderian
https://chipmusic.org/freezedream/music/electronic-butterflies	ambient,genesis,megadrive,sega,tfm
https://chipmusic.org/Diamonds+%26+Dynamite/music/rainbow-girl	lsdj
https://chipmusic.org/Shonen_/music/neo-tokyo	gameboy,lsdj
https://chipmusic.org/STereochan/music/snow--sacred-nights-of-winter	chiptune,gameboy,live,lsdj
https://chipmusic.org/hotmess/music/99-luftballons-nena-cover	chiptune,cover,gameboy,lsdj,nena
https://chipmusic.org/Nue/music/project-64	gameboy,lsdj
https://chipmusic.org/arlen/music/sleepy	calm,chiptune,milkytracker
https://chipmusic.org/Subway+Sonicbeat/music/genesis-87	acid,lgpt
https://chipmusic.org/an-cat-max/music/evening-gent-bear	bears,gameboy,lsdj
https://chipmusic.org/KGHB/music/xxxxxxxxxx-aka-flat-line	chiptune,gameboy,nes
https://chipmusic.org/Leave+Luck+to+Heaven/music/neo-human	gameboy,lsdj
https://chipmusic.org/EvilWezil/music/easy-come-easy-gone	lsdj
https://chipmusic.org/%C2%B5B/music/thermidor	buzz,chill,dune,fakebit,glitch,medusa,vsti
https://chipmusic.org/little-scale/music/we-are-eating-our-own-children	2600,atari,atari 2600,genesis,mega drive,sega,sega genesis,sega mega drive
https://chipmusic.org/nitro2k01/music/rebub	ambient,fakebit,renoise,too much reverb
https://chipmusic.org/silreq/music/008	1 bit,fasttracker 2,noize
https://chipmusic.org/albino+ghost+monkey/music/time-management	nanoloop 23
https://chipmusic.org/Moldilox/music/smash-disasters-brave-escape	chiptune
https://chipmusic.org/Nestrogen/music/you-can-call-me-al-paul-simon-cover	
https://chipmusic.org/J.+Arthur+Keenes/music/48-hour-challenge---el-campo-del-lser	48 hour challenge,bleeding ears,bossa nova,gameboy,lsdj
https://chipmusic.org/Paroxysm/music/15-insane-youth-cover-live	gameboy,live,lsdj
https://chipmusic.org/iseedeadpixels/music/lonesome	gameboy
https://chipmusic.org/8bitweapon/music/micro-boogie	8 bit weapon,c64,chiptune,disco,funky,micro,nes
https://chipmusic.org/syntheticaesthetics/music/hikari	chiptune,gameboy,hikari,lsdj
https://chipmusic.org/%C2%B5B/music/isz-loop	909,buzz,doombass,dr110,fakebit,medusa,polaris,sawfish,vsti
https://chipmusic.org/tacticalbread/music/the-eleventh-pomegranate-very-updated	chiptune,lsdj,reverb
https://chipmusic.org/Zan-zan-zawa-butt/music/upto-100	chiptune,jazzfunk,mmc5,nes
https://chipmusic.org/wayne1991/music/mortal-kombat-remix	gameboy,kombat,lsdj,mortal,remix,wayne1991
https://chipmusic.org/ovenrake/music/jaded-ignorance	dual lsdj,gameboy,lsdj,postchip,pss460
https://chipmusic.org/hotmess/music/white-man-in-hammersmith-palais-clash-cover	chiptune,clash,cover,gameboy,lsdj
https://chipmusic.org/nitro2k01/music/nitrojazz	gameboy,jazz,lsdj
https://chipmusic.org/octavialsilver/music/octavial-silver-mine-norockrmx	chiptune,gameboy,lsdj
https://chipmusic.org/Derris-Kharlan/music/roboroach	fakebit
https://chipmusic.org/Kid+Icaris/music/supreme	kid icaris supreme lsdj biddle unce
https://chipmusic.org/forest+world/music/shield-chart-vii---nl-23	nanoloop
https://chipmusic.org/Umbreon/music/forest	ambient,experimental,generative,vopm
https://chipmusic.org/reborn.nsf/music/little-sound-dancefloor1	c64,gameboy,lsdj
https://chipmusic.org/Pompei/music/untitled-3	botb,famitracker,nes,nsf,ohc,stupid
https://chipmusic.org/Receptors/music/im_mellow	nds
https://chipmusic.org/SeanBad/music/shit-chip-anthem	lsdj
https://chipmusic.org/nitro2k01/music/align-zero-v2	gameboy,lsdj
https://chipmusic.org/nitro2k01/music/belsebub-till-frukost	fakebit,renoise
https://chipmusic.org/Hawkfather/music/glitterbug---finally-complete-after-2-years	gameboy
https://chipmusic.org/KeytarFox/music/the-ninja-warrior	genesis,mega drive,ninja,sega,tfm
https://chipmusic.org/Jellica/music/victoria-and-jacob---theres-a-war-jellicas-yesod-node-vocal-remox2	fish,floaty,gameboy,idm,jacob,jellica,kittenrock,lsdj,victoria,wobbly
https://chipmusic.org/Valpo+Usta/music/medelldern-jonga	arpeggios,calm,chords,laptop,milkytracker
https://chipmusic.org/Thretris/music/turbo-mod	chiptune,gameboy,lsdj
https://chipmusic.org/Trash80/music/sidk-fnck	ableton,dance,funky,monomachine,sid
https://chipmusic.org/syntheticaesthetics/music/lsdubstep	chiptune,dub,dubstep,gameboy,lsdj,ls dubstep,lsdubstep,step,wav,wave
https://chipmusic.org/lynit/music/the-headmaster-ritual	cover,lynit,smiths,vocals
https://chipmusic.org/Subway+Sonicbeat/music/estao-tiet	lsdj
https://chipmusic.org/tacticalbread/music/show-me-your-moves!-now-with-400-more-captain-falcon-in-every-bit!	captain falcon,chiptune,lsdj
https://chipmusic.org/Wizwars/music/sputnik-distant-galaxy-ii	gameboy,lsdj
https://chipmusic.org/Starscream/music/years-five---eight	c64,lsdj,rock
https://chipmusic.org/DaPantz/music/dissociative	gameboy,lsdj
https://chipmusic.org/freezedream/music/iridescence	genesis,megadrive,sega,tfm,ym2612
https://chipmusic.org/Heosphoros/music/tree-of-daath-divinity-and-freedom	2a03,metal,nes,progressive
https://chipmusic.org/O2star/music/left-out	adlib tracker ii,chiptune,demoscene,msdos,opl3
https://chipmusic.org/freedrull/music/arabian-turds-arabian-butts	aladdin,arabian,chiptune,raggaeton,reggaeton
https://chipmusic.org/poke-1%2C170/music/aciiid-too-bored-for-a-good-name-yet	170,acid,cmen,colon cleanse,msx,poke1
https://chipmusic.org/arlen/music/untitled-1	chiptune,gameboy,lsdj
https://chipmusic.org/Nestroyer/music/dopplereffekt---scientist-nestroyer-mutated-chip-edit	detroit,detroit techno,dopplereffekt,nes,nestroyer,nintendo,scientist
https://chipmusic.org/BOYWONDER/music/alien-sea	boywonder,crunch,crunch,gameboy,lsdj,swing
https://chipmusic.org/Blitz+Lunar/music/phi-dentity-crisis-2a03	2a03,famicompo,famitracker,fusion,nes,nsf,progressive,wank
https://chipmusic.org/STereochan/music/lovelessfull	chiptune,gameboy,lsdj
https://chipmusic.org/herr_prof/music/eu-brute	gameboy,lsdj
https://chipmusic.org/BLEO/music/bomb-wip	dotdummy,gameboy,lsdj,shitwave,underclock
https://chipmusic.org/Jonnyriddle/music/dark-matter	gameboy,lsdj
https://chipmusic.org/Tanooki/music/visions-of-you	ableton,awesome,fakebit,relaxing
https://chipmusic.org/arottenbit/music/pets-dance-arottenbit-8bit-edit---steve-aoki---spa	electro,gameboy,lsdj,raw
https://chipmusic.org/DKSTR/music/humalistonkatu-livemix	ableton live,ds10,funk,live,skwee
https://chipmusic.org/little-scale/music/ice-breaker-squadron	atari 2600
https://chipmusic.org/godinpants/music/fins-without-thumbs	gameboy,lsdj,whale
https://chipmusic.org/10k/music/creating-space-half-clocked-dmg	chiptune,gameboy,half clocked,lsdj
https://chipmusic.org/an-cat-max/music/disco-kitty-micro-mix-2	gameboy,lsdj
https://chipmusic.org/8bitweapon/music/fallout-in-the-wasteland-sid-8580-tnd-re-remix	8 bit weapon,c64,disco,industrial,mutation,nuclear war,radiation
https://chipmusic.org/Active+Knowledge/music/reality-down	chiptune,nes
https://chipmusic.org/minusbaby/music/audio-doodle-[01-14-07]	unfinished
https://chipmusic.org/yuh/music/what-the-hey	8bit,drone,gameboy,lsdj,noise
https://chipmusic.org/Saskrotch/music/exploding-head-disease	breaks,chipbreak,fakebit,raw,reason
https://chipmusic.org/BR1GHT+PR1MATE/music/no-sense	gameboy,lsdj,pop,studio,vocals
https://chipmusic.org/Kris+k/music/so-i-slept-in	chiptune,gameboy,lsdj,upbeat
https://chipmusic.org/TristEndo-in-spacebutt/music/winning-races-doesnt-matter	cheesy,fakebit,genesis
https://chipmusic.org/octavialsilver/music/octavial-silver-mine-ft-trowt	cats,chiptune,guitar,octavial,pizza,snazzy
https://chipmusic.org/Pompei/music/extend	chiptune,music,pompei,renoise,sound
https://chipmusic.org/Beverage/music/i-will-not-use-the-word-oddyssey-in-this-title	amient,circuitbent
https://chipmusic.org/goatslacker/music/trial--error	lsdj
https://chipmusic.org/PixyJunket/music/eunice-was-a-little-lamb	gameboy,lsdj,sheep
https://chipmusic.org/Beware/music/save-time	
https://chipmusic.org/J.+Arthur+Keenes/music/colour-television	gameboy,lsdj
