Length,Path,Composer,Title
17845,$pleen/Shelter.vgz,$pleen,Shelter
7305,$pleen/Airy.vgz,$pleen,Airy
11959,"$pleen/Summer Fun.vgz",$pleen,"Summer Fun"
4361,$pleen/Moon.vgz,$pleen,Moon
6714,$pleen/Hi-Fly.vgz,$pleen,Hi-Fly
4808,$pleen/Trance.vgz,$pleen,Trance
6407,"$pleen/Later for You.vgz",$pleen,"Later for You"
2071,"0x5066/8-Bit Keys - Oh No! More Square-Waves!.vgz",0x5066,"8-Bit Keys - Oh No! More Square-Waves!"
9160,"2a03fox/Snowgoons vs Acid.vgz",2a03fox,"Snowgoons vs Acid"
29629,"2a03fox & TristEndo/Dream Chaser.vgz","2a03fox & TristEndo","Dream Chaser"
36566,"44magnum/Devil Hunter Yohko - Mangetsu no Shiwaza.vgz",44magnum,"Devil Hunter Yohko - Mangetsu no Shiwaza"
18208,"A M 4 N/Black Bird - Rainy.vgz","A M 4 N","Black Bird - Rainy"
54376,"A M 4 N/Fighting Layer - Janis Luciani's Theme.vgz","A M 4 N","Fighting Layer - Janis Luciani's Theme"
116839,"Abstract 64/Restart.vgz","Abstract 64",Restart
39017,"Abstract 64/abs(sin(t)).vgz","Abstract 64",abs(sin(t))
18748,"Abstract 64/RRThiel - VS GREEN BIKER DUDE.vgz","Abstract 64","RRThiel - VS GREEN BIKER DUDE"
106677,"Abstract 64/Sonic Frontiers - Cyber Space 2-6 - Transparent Highway.vgz","Abstract 64","Sonic Frontiers - Cyber Space 2-6 - Transparent Highway"
27123,"Abstract 64/Error 56 - Samples are not required to play this module silly xD.vgz","Abstract 64","Error 56 - Samples are not required to play this module silly xD"
154111,"Abstract 64/Laamaa - Keisari Micro.vgz","Abstract 64","Laamaa - Keisari Micro"
22605,ACat/Sunday.vgz,ACat,Sunday
7570,"Ad Lib, Inc/News Brief.vgz","Ad Lib, Inc","News Brief"
15492,"Ad Lib, Inc/The City Hero.vgz","Ad Lib, Inc","The City Hero"
14112,"Ad Lib, Inc/Art Deco.vgz","Ad Lib, Inc","Art Deco"
5645,"Ad Lib, Inc/Traditional - O Come, All Ye Faithful.vgz","Ad Lib, Inc","Traditional - O Come, All Ye Faithful"
6331,"Ad Lib, Inc/Waiting For You.vgz","Ad Lib, Inc","Waiting For You"
4435,"Ad Lib, Inc/Clockmaker.vgz","Ad Lib, Inc",Clockmaker
7947,"Ad Lib, Inc/Heavy Weather.vgz","Ad Lib, Inc","Heavy Weather"
8426,"Ad Lib, Inc/Johann Sebastian Bach - Flute Sonata in E-flat Major, II - Siciliano.vgz","Ad Lib, Inc","Johann Sebastian Bach - Flute Sonata in E-flat Major, II - Siciliano"
11927,"Ad Lib, Inc/Charles Gounod - Funeral March of a Marionette.vgz","Ad Lib, Inc","Charles Gounod - Funeral March of a Marionette"
12420,"Ad Lib, Inc/Business Talk.vgz","Ad Lib, Inc","Business Talk"
10243,"Ad Lib, Inc/Night Beat.vgz","Ad Lib, Inc","Night Beat"
7069,"Ad Lib, Inc/Harvard Folk Song.vgz","Ad Lib, Inc","Harvard Folk Song"
4316,"Ad Lib, Inc/Traditional - God Rest You Merry, Gentlemen.vgz","Ad Lib, Inc","Traditional - God Rest You Merry, Gentlemen"
13457,"Ad Lib, Inc/Ocean Strains.vgz","Ad Lib, Inc","Ocean Strains"
16356,"Ad Lib, Inc/Jacques Offenbach - The Tales of Hoffmann - Belle nuit, o nuit d'amour.vgz","Ad Lib, Inc","Jacques Offenbach - The Tales of Hoffmann - Belle nuit, o nuit d'amour"
8505,"Ad Lib, Inc/Ole' Pal.vgz","Ad Lib, Inc","Ole' Pal"
7766,"Ad Lib, Inc/Traditional - Yankee Doodle.vgz","Ad Lib, Inc","Traditional - Yankee Doodle"
8848,"Ad Lib, Inc/Ambiguous Moments.vgz","Ad Lib, Inc","Ambiguous Moments"
13007,"Ad Lib, Inc/Sky Waltz.vgz","Ad Lib, Inc","Sky Waltz"
16872,"Ad Lib, Inc/Grandfather Dixit.vgz","Ad Lib, Inc","Grandfather Dixit"
13224,"Ad Lib, Inc/Dance of the Caramels.vgz","Ad Lib, Inc","Dance of the Caramels"
4202,"Ad Lib, Inc/Spatial Romance.vgz","Ad Lib, Inc","Spatial Romance"
13605,"Ad Lib, Inc/Thin Roses.vgz","Ad Lib, Inc","Thin Roses"
7603,"Ad Lib, Inc/Johann Sebastian Bach - Suite No. 2 in B Minor - Badinerie.vgz","Ad Lib, Inc","Johann Sebastian Bach - Suite No"
10451,"Ad Lib, Inc/Lowell Mason - Mary Had a Little Lamb.vgz","Ad Lib, Inc","Lowell Mason - Mary Had a Little Lamb"
8501,"Ad Lib, Inc/The Cat Dancer.vgz","Ad Lib, Inc","The Cat Dancer"
9344,"Ad Lib, Inc/Visions of Glory.vgz","Ad Lib, Inc","Visions of Glory"
13022,"Ad Lib, Inc/Badman.vgz","Ad Lib, Inc",Badman
2655,"Ad Lib, Inc/Soft Acid Rain.vgz","Ad Lib, Inc","Soft Acid Rain"
20650,"Ad Lib, Inc/Ludwig van Beethoven - Symphony No. 5 in C Minor - Allegro Con Brio.vgz","Ad Lib, Inc","Ludwig van Beethoven - Symphony No"
5158,"Ad Lib, Inc/Crystal Eve.vgz","Ad Lib, Inc","Crystal Eve"
9609,"Ad Lib, Inc/Danger.vgz","Ad Lib, Inc",Danger
17872,"Ad Lib, Inc/Information Society.vgz","Ad Lib, Inc","Information Society"
16188,"Ad Lib, Inc/Black Jack.vgz","Ad Lib, Inc","Black Jack"
19063,"Ad Lib, Inc/Johann Sebastian Bach - Brandenburg Concerto No. 3 in G Major, I - Allegro Moderato.vgz","Ad Lib, Inc","Johann Sebastian Bach - Brandenburg Concerto No"
9360,"Ad Lib, Inc/Traditional - Deck the Halls.vgz","Ad Lib, Inc","Traditional - Deck the Halls"
5583,"Ad Lib, Inc/Winter Lullaby.vgz","Ad Lib, Inc","Winter Lullaby"
12483,"Ad Lib, Inc/Sea Gulls.vgz","Ad Lib, Inc","Sea Gulls"
24869,"Ad Lib, Inc/Spinaker.vgz","Ad Lib, Inc",Spinaker
11462,"Ad Lib, Inc/James Ramsey Murray - Away in a Manger.vgz","Ad Lib, Inc","James Ramsey Murray - Away in a Manger"
4643,"Ad Lib, Inc/Pink Sadness.vgz","Ad Lib, Inc","Pink Sadness"
13882,"Ad Lib, Inc/Franz Schubert - Marche Militaire No. 1 in D Major.vgz","Ad Lib, Inc","Franz Schubert - Marche Militaire No"
4203,"Ad Lib, Inc/Modern Baroque.vgz","Ad Lib, Inc","Modern Baroque"
11016,"Ad Lib, Inc/Johann Sebastian Bach - Herz und Mund und Tat und Leben.vgz","Ad Lib, Inc","Johann Sebastian Bach - Herz und Mund und Tat und Leben"
15677,"Ad Lib, Inc/On Edge.vgz","Ad Lib, Inc","On Edge"
11505,"Ad Lib, Inc/Lay Down.vgz","Ad Lib, Inc","Lay Down"
10291,"Ad Lib, Inc/Supermarket.vgz","Ad Lib, Inc",Supermarket
5727,"Ad Lib, Inc/Lowell Mason - Joy to the World.vgz","Ad Lib, Inc","Lowell Mason - Joy to the World"
14753,"Ad Lib, Inc/Fragile Thoughts.vgz","Ad Lib, Inc","Fragile Thoughts"
12515,"Ad Lib, Inc/Samba Moka.vgz","Ad Lib, Inc","Samba Moka"
10897,"Ad Lib, Inc/Traditional - She'll Be Coming 'Round the Mountain.vgz","Ad Lib, Inc","Traditional - She'll Be Coming 'Round the Mountain"
12494,"Ad Lib, Inc/Winning.vgz","Ad Lib, Inc",Winning
4973,"Ad Lib, Inc/Traditional - When the Saints Go Marching In.vgz","Ad Lib, Inc","Traditional - When the Saints Go Marching In"
10320,"Ad Lib, Inc/Pyotr Ilyich Tchaikovsky - Children's Album, No. 8 - Waltz.vgz","Ad Lib, Inc","Pyotr Ilyich Tchaikovsky - Children's Album, No"
14916,"Ad Lib, Inc/Traditional - Old King Cole.vgz","Ad Lib, Inc","Traditional - Old King Cole"
6818,"Ad Lib, Inc/Antonio Vivaldi - The Four Seasons - Spring.vgz","Ad Lib, Inc","Antonio Vivaldi - The Four Seasons - Spring"
13985,"Ad Lib, Inc/The Cloud.vgz","Ad Lib, Inc","The Cloud"
7916,"Ad Lib, Inc/Johann Sebastian Bach - Wachet auf, ruft uns die Stimme - Zion hort die Wachter singen.vgz","Ad Lib, Inc","Johann Sebastian Bach - Wachet auf, ruft uns die Stimme - Zion hort die Wachter singen"
8056,"Ad Lib, Inc/John Henry Hopkins Jr. - We Three Kings.vgz","Ad Lib, Inc","John Henry Hopkins Jr"
5307,"Ad Lib, Inc/Railroad Story.vgz","Ad Lib, Inc","Railroad Story"
18754,"Ad Lib, Inc/Bogey.vgz","Ad Lib, Inc",Bogey
7902,"Ad Lib, Inc/Pyotr Ilyich Tchaikovsky - The Nutcracker - Waltz of the Flowers.vgz","Ad Lib, Inc","Pyotr Ilyich Tchaikovsky - The Nutcracker - Waltz of the Flowers"
11785,"Ad Lib, Inc/Joesph Haydn - Symphony No. 94 in G Major - Andante (Surprise Symphony).vgz","Ad Lib, Inc","Joesph Haydn - Symphony No"
3622,"Ad Lib, Inc/Luigi Boccherini - String Quintet in E Major, Op. 11, No. 5.vgz","Ad Lib, Inc","Luigi Boccherini - String Quintet in E Major, Op"
12720,"Ad Lib, Inc/Critical Moves.vgz","Ad Lib, Inc","Critical Moves"
4947,"Ad Lib, Inc/Robert Schumann - Humming Song, Op. 68, No. 3.vgz","Ad Lib, Inc","Robert Schumann - Humming Song, Op"
8015,"Ad Lib, Inc/Humdrum.vgz","Ad Lib, Inc",Humdrum
13041,"Ad Lib, Inc/Ludwig van Beethoven - Six Variations, Op. 76 - Turkish March.vgz","Ad Lib, Inc","Ludwig van Beethoven - Six Variations, Op"
6160,"Ad Lib, Inc/Traditional - We Wish You a Merry Christmas.vgz","Ad Lib, Inc","Traditional - We Wish You a Merry Christmas"
6676,"Ad Lib, Inc/Slow Cat.vgz","Ad Lib, Inc","Slow Cat"
14202,"Ad Lib, Inc/Coffee Pot.vgz","Ad Lib, Inc","Coffee Pot"
5011,"Ad Lib, Inc/Weekend.vgz","Ad Lib, Inc",Weekend
9230,"Ad Lib, Inc/Francois-Joseph Gossec - Gavotte Allegretto.vgz","Ad Lib, Inc","Francois-Joseph Gossec - Gavotte Allegretto"
12267,"Ad Lib, Inc/Pedro's Train.vgz","Ad Lib, Inc","Pedro's Train"
6777,"Ad Lib, Inc/Traditional - Greensleeves.vgz","Ad Lib, Inc","Traditional - Greensleeves"
7879,"Ad Lib, Inc/Franz Schubert - Ellens Gesang III (Ave Maria).vgz","Ad Lib, Inc","Franz Schubert - Ellens Gesang III (Ave Maria)"
18664,"Ad Lib, Inc/Wolfgang Amadeus Mozart - Serenade No. 13 for Strings in G Major - Allegro (Eine Kleine Nachtmusik).vgz","Ad Lib, Inc","Wolfgang Amadeus Mozart - Serenade No"
22488,"Ad Lib, Inc/Secret Destination.vgz","Ad Lib, Inc","Secret Destination"
13763,"Ad Lib, Inc/Still Smoking.vgz","Ad Lib, Inc","Still Smoking"
12079,"Ad Lib, Inc/Sun Sun Sun!.vgz","Ad Lib, Inc","Sun Sun Sun!"
5843,"Ad Lib, Inc/George Frideric Handel - Water Music - Suite in D Major, II - Alla Hornpipe.vgz","Ad Lib, Inc","George Frideric Handel - Water Music - Suite in D Major, II - Alla Hornpipe"
8676,"Ad Lib, Inc/Pyotr Ilyich Tchaikovsky - The Nutcracker - Dance of the Sugar Plum Fairy.vgz","Ad Lib, Inc","Pyotr Ilyich Tchaikovsky - The Nutcracker - Dance of the Sugar Plum Fairy"
5668,"Ad Lib, Inc/Breathing.vgz","Ad Lib, Inc",Breathing
9188,"Ad Lib, Inc/Jean-Jacques Rousseau - Hush My Babe.vgz","Ad Lib, Inc","Jean-Jacques Rousseau - Hush My Babe"
12030,"Ad Lib, Inc/Nikolai Rimsky-Korsakov - Flight of the Bumblebee.vgz","Ad Lib, Inc","Nikolai Rimsky-Korsakov - Flight of the Bumblebee"
10463,"Ad Lib, Inc/Grey Zone.vgz","Ad Lib, Inc","Grey Zone"
5281,"Ad Lib, Inc/Sandbox.vgz","Ad Lib, Inc",Sandbox
6408,"Ad Lib, Inc/James Lord Pierpont - Jingle Bells.vgz","Ad Lib, Inc","James Lord Pierpont - Jingle Bells"
7584,"Ad Lib, Inc/Blue Mirror Bossa.vgz","Ad Lib, Inc","Blue Mirror Bossa"
10340,"Ad Lib, Inc/Antonio Vivaldi - The Four Seasons - Autumn.vgz","Ad Lib, Inc","Antonio Vivaldi - The Four Seasons - Autumn"
4203,"Ad Lib, Inc/Do It!.vgz","Ad Lib, Inc","Do It!"
10739,"Ad Lib, Inc/Memories of Brazil.vgz","Ad Lib, Inc","Memories of Brazil"
4069,"Ad Lib, Inc/Johann Sebastian Bach - Suite No. 3 in D Major - Air.vgz","Ad Lib, Inc","Johann Sebastian Bach - Suite No"
5359,"Ad Lib, Inc/Traditional - The First Noel.vgz","Ad Lib, Inc","Traditional - The First Noel"
14792,"Ad Lib, Inc/Long Nails.vgz","Ad Lib, Inc","Long Nails"
9214,"Ad Lib, Inc/Quiet Trees.vgz","Ad Lib, Inc","Quiet Trees"
14015,"Ad Lib, Inc/Ludwig van Beethoven - Symphony No. 9 in D Minor, Op. 125, IV - Finale (Ode to Joy).vgz","Ad Lib, Inc","Ludwig van Beethoven - Symphony No"
7988,"Ad Lib, Inc/Guilty Impressions.vgz","Ad Lib, Inc","Guilty Impressions"
10512,"Ad Lib, Inc/Round Around.vgz","Ad Lib, Inc","Round Around"
12131,"Ad Lib, Inc/Urbanism.vgz","Ad Lib, Inc",Urbanism
10652,"Ad Lib, Inc/Johann Pachelbel - Canon and Gigue for 3 Violins and Basso Continuo.vgz","Ad Lib, Inc","Johann Pachelbel - Canon and Gigue for 3 Violins and Basso Continuo"
11925,"Ad Lib, Inc/Wolfgang Amadeus Mozart - Piano Concerto No. 21 in C Major, II - Andante.vgz","Ad Lib, Inc","Wolfgang Amadeus Mozart - Piano Concerto No"
5213,"Ad Lib, Inc/Cross-Country Drive.vgz","Ad Lib, Inc","Cross-Country Drive"
15487,"Ad Lib, Inc/Glue Time.vgz","Ad Lib, Inc","Glue Time"
10798,"Ad Lib, Inc/Wolfgang Amadeus Mozart - Symphony No. 40 in G Minor, I - Molto Allegro.vgz","Ad Lib, Inc","Wolfgang Amadeus Mozart - Symphony No"
7516,"Ad Lib, Inc/Traditional - O Tannenbaum.vgz","Ad Lib, Inc","Traditional - O Tannenbaum"
9405,"Ad Lib, Inc/Spy's Eye.vgz","Ad Lib, Inc","Spy's Eye"
16716,"Ad Lib, Inc/Morning Light Drizzle.vgz","Ad Lib, Inc","Morning Light Drizzle"
13140,"Ad Lib, Inc/Soft Times.vgz","Ad Lib, Inc","Soft Times"
7655,"Ad Lib, Inc/Traditional - London Bridge Is Falling Down.vgz","Ad Lib, Inc","Traditional - London Bridge Is Falling Down"
8609,"Ad Lib, Inc/Traditional - Angels We Have Heard on High.vgz","Ad Lib, Inc","Traditional - Angels We Have Heard on High"
12748,"Ad Lib, Inc/Passage of Time.vgz","Ad Lib, Inc","Passage of Time"
21126,"Ad Lib, Inc/Frederic Chopin - Polonaise in A Major, Op. 40, No. 1 (Military Polonaise).vgz","Ad Lib, Inc","Frederic Chopin - Polonaise in A Major, Op"
10817,"Ad Lib, Inc/Dark Moon.vgz","Ad Lib, Inc","Dark Moon"
6111,"Ad Lib, Inc/Traditional - Au Clair de La Lune.vgz","Ad Lib, Inc","Traditional - Au Clair de La Lune"
9969,"Ad Lib, Inc/Late Snow.vgz","Ad Lib, Inc","Late Snow"
9778,"Ad Lib, Inc/Space March.vgz","Ad Lib, Inc","Space March"
13153,"Ad Lib, Inc/Childhood Medley.vgz","Ad Lib, Inc","Childhood Medley"
13043,"Ad Lib, Inc/Singapore Sling.vgz","Ad Lib, Inc","Singapore Sling"
10452,"Ad Lib, Inc/Johann Strauss II - Tritsch-Tratsch-Polka.vgz","Ad Lib, Inc","Johann Strauss II - Tritsch-Tratsch-Polka"
25527,"Ad Lib, Inc/Niccolo Paganini - Caprice No. 24 in A Minor.vgz","Ad Lib, Inc","Niccolo Paganini - Caprice No"
14419,"Ad Lib, Inc/Running Shadows.vgz","Ad Lib, Inc","Running Shadows"
7440,"Ad Lib, Inc/Talk Theme.vgz","Ad Lib, Inc","Talk Theme"
10525,"Ad Lib, Inc/Elecrock.vgz","Ad Lib, Inc",Elecrock
16139,"Ad Lib, Inc/Ludwig van Beethoven - Piano Sonata No. 8, II - Adagio Cantabile (Pathetique).vgz","Ad Lib, Inc","Ludwig van Beethoven - Piano Sonata No"
7689,"Ad Lib, Inc/Traditional - Rock-a-bye Baby.vgz","Ad Lib, Inc","Traditional - Rock-a-bye Baby"
13543,"Ad Lib, Inc/Canadian Christmas Medley.vgz","Ad Lib, Inc","Canadian Christmas Medley"
2108,"Ad Lib, Inc/Frederic Chopin - Prelude in A Major, Op. 28, No. 7.vgz","Ad Lib, Inc","Frederic Chopin - Prelude in A Major, Op"
9537,"Ad Lib, Inc/Modest Mussorgsky - Pictures at an Exhibition - Promenade.vgz","Ad Lib, Inc","Modest Mussorgsky - Pictures at an Exhibition - Promenade"
4875,"Ad Lib, Inc/Monique and Paul.vgz","Ad Lib, Inc","Monique and Paul"
16247,"Ad Lib, Inc/Pyotr Ilyich Tchaikovsky - Swan Lake - Act 2, No. 10 - Moderato.vgz","Ad Lib, Inc","Pyotr Ilyich Tchaikovsky - Swan Lake - Act 2, No"
8258,"Ad Lib, Inc/Traffix.vgz","Ad Lib, Inc",Traffix
7089,"Ad Lib, Inc/Franz Xaver Gruber - Silent Night.vgz","Ad Lib, Inc","Franz Xaver Gruber - Silent Night"
9752,"Ad Lib, Inc/Franz Liszt - Liebestraum No. 3.vgz","Ad Lib, Inc","Franz Liszt - Liebestraum No"
15279,"Ad Lib, Inc/M'am B. Steps.vgz","Ad Lib, Inc","M'am B"
11513,"Ad Lib, Inc/The End of the Road.vgz","Ad Lib, Inc","The End of the Road"
11808,"Ad Lib, Inc/Smoky Ballroom.vgz","Ad Lib, Inc","Smoky Ballroom"
11823,"Ad Lib, Inc/Georges Bizet - Carmen - L'amour est un oiseau rebelle (Habanera).vgz","Ad Lib, Inc","Georges Bizet - Carmen - L'amour est un oiseau rebelle (Habanera)"
7288,"Ad Lib, Inc/Dance Beat.vgz","Ad Lib, Inc","Dance Beat"
5079,"Ad Lib, Inc/All of Us.vgz","Ad Lib, Inc","All of Us"
17410,"Ad Lib, Inc/The Timeless Voyager.vgz","Ad Lib, Inc","The Timeless Voyager"
12028,"Ad Lib, Inc/Oh! You.vgz","Ad Lib, Inc","Oh! You"
4117,"Ad Lib, Inc/Johann Strauss II - Pizzicato Polka.vgz","Ad Lib, Inc","Johann Strauss II - Pizzicato Polka"
4741,"Ad Lib, Inc/Frederic Chopin - Prelude, Op. 28, No. 4.vgz","Ad Lib, Inc","Frederic Chopin - Prelude, Op"
8433,"Ad Lib, Inc/Adolphe Adam - O Holy Night.vgz","Ad Lib, Inc","Adolphe Adam - O Holy Night"
8528,"Ad Lib, Inc/Gioachino Rossini - William Tell Overture.vgz","Ad Lib, Inc","Gioachino Rossini - William Tell Overture"
7559,"Ad Lib, Inc/Alessandro Marcello - Oboe Concerto in D Minor, II - Adagio.vgz","Ad Lib, Inc","Alessandro Marcello - Oboe Concerto in D Minor, II - Adagio"
7095,"Ad Lib, Inc/Pyotr Ilyich Tchaikovsky - The Nutcracker - Tea (Chinese Dance).vgz","Ad Lib, Inc","Pyotr Ilyich Tchaikovsky - The Nutcracker - Tea (Chinese Dance)"
15587,"Ad Lib, Inc/Shopping Fever.vgz","Ad Lib, Inc","Shopping Fever"
3452,"Ad Lib, Inc/Classy Night.vgz","Ad Lib, Inc","Classy Night"
14223,"Ad Lib, Inc/Dawn Mist.vgz","Ad Lib, Inc","Dawn Mist"
10176,"Ad Lib, Inc/Johann Strauss II - The Blue Danube.vgz","Ad Lib, Inc","Johann Strauss II - The Blue Danube"
16281,"Ad Lib, Inc/Cooked.vgz","Ad Lib, Inc",Cooked
7563,"Ad Lib, Inc/Snow Flakes.vgz","Ad Lib, Inc","Snow Flakes"
4074,"Ad Lib, Inc/Softblue.vgz","Ad Lib, Inc",Softblue
25245,"Ad Lib, Inc/Traditional - Twinkle, Twinkle, Little Star.vgz","Ad Lib, Inc","Traditional - Twinkle, Twinkle, Little Star"
8067,"Ad Lib, Inc/Reckless Game.vgz","Ad Lib, Inc","Reckless Game"
6318,"Ad Lib, Inc/Traditional - Good King Wenceslas.vgz","Ad Lib, Inc","Traditional - Good King Wenceslas"
7242,"Ad Lib, Inc/Stratocumulus.vgz","Ad Lib, Inc",Stratocumulus
9788,"Ad Lib, Inc/Ludwig van Beethoven - Piano Sonata No. 14 - Adagio Sostenuto (Moonlight Sonata).vgz","Ad Lib, Inc","Ludwig van Beethoven - Piano Sonata No"
7305,"Ad Lib, Inc/Edvard Grieg - Peer Gynt - Anitra's Dance.vgz","Ad Lib, Inc","Edvard Grieg - Peer Gynt - Anitra's Dance"
7459,"Agargara/Frozen Cottage.vgz",Agargara,"Frozen Cottage"
36555,"Ahn1979/My School Life.vgz",Ahn1979,"My School Life"
37234,"Ahn1979/Dance With Me For Ever!!.vgz",Ahn1979,"Dance With Me For Ever!!"
9691,"Ahn1979/Attack the Enemy's Heart.vgz",Ahn1979,"Attack the Enemy's Heart"
90117,"Ahn1979/I Don't Want to Be Tied Down.vgz",Ahn1979,"I Don't Want to Be Tied Down"
4470,"AmigaX/Doom - Kitchen Ace (And Taking Names) (E1M4).vgz",AmigaX,"Doom - Kitchen Ace (And Taking Names) (E1M4)"
4776,"ant1/The Fascinating Life of You.vgz",ant1,"The Fascinating Life of You"
13391,"argarak/The Technological Revolution of 2156.vgz",argarak,"The Technological Revolution of 2156"
7940,"argarak/Northernmost Settlement.vgz",argarak,"Northernmost Settlement"
4994,"argarak/Terraforming Sun Device.vgz",argarak,"Terraforming Sun Device"
14293,"argarak/Hybridisation Process on Procyon-II.vgz",argarak,"Hybridisation Process on Procyon-II"
1641,argarak/OPERATOR.vgz,argarak,OPERATOR
7632,"argarak/Artefact on Delta Vulpeculae II-C.vgz",argarak,"Artefact on Delta Vulpeculae II-C"
29890,"argarak/Orbit Around Alpha Andromedae I.vgz",argarak,"Orbit Around Alpha Andromedae I"
12743,"Aspar/Final Fantasy V - Clash on the Big Bridge.vgz",Aspar,"Final Fantasy V - Clash on the Big Bridge"
2145,"Aspar/Final Fantasy VI - Shadow's Theme.vgz",Aspar,"Final Fantasy VI - Shadow's Theme"
10688,"Aspar/The King of Fighters '94 - Psycho Soldier 'K.O.F Version'.vgz",Aspar,"The King of Fighters '94 - Psycho Soldier 'K"
6340,"Aspar/Final Fantasy V - The Battle.vgz",Aspar,"Final Fantasy V - The Battle"
5884,"Aspar/Super Street Fighter 2 - Cammy Stage.vgz",Aspar,"Super Street Fighter 2 - Cammy Stage"
42329,"AURORA-FIELDS/Kenet - Funky Bubbles.vgz",AURORA-FIELDS,"Kenet - Funky Bubbles"
34606,"Axe/Pipkasoft 64kB Intro II.vgz",Axe,"Pipkasoft 64kB Intro II"
23408,"bahamute/Final Fantasy VI - The Decisive Battle (Piano Collections).vgz",bahamute,"Final Fantasy VI - The Decisive Battle (Piano Collections)"
7687,"bahamute/Final Fantasy - The Prelude (Remix).vgz",bahamute,"Final Fantasy - The Prelude (Remix)"
24935,"bahamute/Snatcher - One Night in Neo Kobe City.vgz",bahamute,"Snatcher - One Night in Neo Kobe City"
9677,"Baron Knoxburry/RADRUB.vgz","Baron Knoxburry",RADRUB
5557,"Baron Knoxburry/RAD__ASS.vgz","Baron Knoxburry",RAD__ASS
11321,"Baron Knoxburry/Sli Nahg Ha.vgz","Baron Knoxburry","Sli Nahg Ha"
7488,"Benjamin Gerardin/Now That You're Gone.vgz","Benjamin Gerardin","Now That You're Gone"
8731,"Benjamin Gerardin/Troubleshit Drugs.vgz","Benjamin Gerardin","Troubleshit Drugs"
23370,"Benjamin Gerardin/Wood Village.vgz","Benjamin Gerardin","Wood Village"
17189,"Benjamin Gerardin/NeuroPhobiaN.vgz","Benjamin Gerardin",NeuroPhobiaN
4350,"Benjamin Gerardin/The World is Gonna Fall.vgz","Benjamin Gerardin","The World is Gonna Fall"
5890,"Benjamin Gerardin/FDance27.vgz","Benjamin Gerardin",FDance27
8529,"Benjamin Gerardin/Running After the Clouds.vgz","Benjamin Gerardin","Running After the Clouds"
11897,"Benjamin Gerardin/FMaven63b.vgz","Benjamin Gerardin",FMaven63b
8108,"Benjamin Gerardin/High Tech Environment III.vgz","Benjamin Gerardin","High Tech Environment III"
9688,"Benjamin Gerardin/Down the Waterfalls.vgz","Benjamin Gerardin","Down the Waterfalls"
9408,"Benjamin Gerardin/FMaven96.vgz","Benjamin Gerardin",FMaven96
1286,"Benjamin Gerardin/Song 103.vgz","Benjamin Gerardin","Song 103"
1606,"Benjamin Gerardin/FMaven98.vgz","Benjamin Gerardin",FMaven98
3600,"Benjamin Gerardin/Gates of the Northlands.vgz","Benjamin Gerardin","Gates of the Northlands"
4327,"Benjamin Gerardin/Song 102.vgz","Benjamin Gerardin","Song 102"
2953,"Benjamin Gerardin/Song 105.vgz","Benjamin Gerardin","Song 105"
2698,"Benjamin Gerardin/FMaven97.vgz","Benjamin Gerardin",FMaven97
6111,"Benjamin Gerardin/Trance Avec Filtres.vgz","Benjamin Gerardin","Trance Avec Filtres"
6169,"Benjamin Gerardin/La Boite Speciale Daubes.vgz","Benjamin Gerardin","La Boite Speciale Daubes"
3050,"Benjamin Gerardin/FMaven94.vgz","Benjamin Gerardin",FMaven94
14905,"Benjamin Gerardin/Far From Home.vgz","Benjamin Gerardin","Far From Home"
2505,"Benjamin Gerardin/Song 108.vgz","Benjamin Gerardin","Song 108"
3565,"Benjamin Gerardin/Sonic the Hedgehog - Green Hill Zone.vgz","Benjamin Gerardin","Sonic the Hedgehog - Green Hill Zone"
3984,"Benjamin Gerardin/Ultra Debil Oup Trop Fort.vgz","Benjamin Gerardin","Ultra Debil Oup Trop Fort"
4202,"Benjamin Gerardin/Tanioll's Musik!.vgz","Benjamin Gerardin","Tanioll's Musik!"
7732,"Benjamin Gerardin/Recherche de Sons.vgz","Benjamin Gerardin","Recherche de Sons"
6449,"Benjamin Gerardin/FDance06.vgz","Benjamin Gerardin",FDance06
10641,"Benjamin Gerardin/Boss 8.vgz","Benjamin Gerardin","Boss 8"
2798,"Benjamin Gerardin/FMaven95.vgz","Benjamin Gerardin",FMaven95
6987,"Benjamin Gerardin/Song 100.vgz","Benjamin Gerardin","Song 100"
9294,"Benjamin Gerardin/Ballad.vgz","Benjamin Gerardin",Ballad
15210,"Benjamin Gerardin/High Tech Environment III (Early Version).vgz","Benjamin Gerardin","High Tech Environment III (Early Version)"
13347,"Benjamin Gerardin/This is New Jack Daniel's!.vgz","Benjamin Gerardin","This is New Jack Daniel's!"
4216,"Benjamin Gerardin/Global Alternative Trance.vgz","Benjamin Gerardin","Global Alternative Trance"
12356,"Benjamin Gerardin/High Tech Environment II.vgz","Benjamin Gerardin","High Tech Environment II"
3712,"Benjamin Gerardin/Storm Riders (FM Version).vgz","Benjamin Gerardin","Storm Riders (FM Version)"
2896,"Big Lumby/Sneakin'.vgz","Big Lumby","Sneakin'"
7889,"bigSmonkinLoser/Fallen Into the Hall of Frozen Things.vgz",bigSmonkinLoser,"Fallen Into the Hall of Frozen Things"
18094,"Bird/Con Girl.vgz",Bird,"Con Girl"
20573,"Bird/Time of Eternity.vgz",Bird,"Time of Eternity"
17167,Bird/Scene.vgz,Bird,Scene
16296,Bird/ByteTune.vgz,Bird,ByteTune
54709,"Bird/She is in Trouble.vgz",Bird,"She is in Trouble"
12458,"Bird/Poor Natalie.vgz",Bird,"Poor Natalie"
24830,"Bird/Burn Her Down.vgz",Bird,"Burn Her Down"
69436,Bird/Innovate.vgz,Bird,Innovate
44279,Bird/Sorrows.vgz,Bird,Sorrows
15395,Bird/Cheap.vgz,Bird,Cheap
44868,"birdrun/Oh Zarking Fardwarks, Has No-One Done Anything Yet.vgz",birdrun,"Oh Zarking Fardwarks, Has No-One Done Anything Yet"
50828,"birdrun/Funkay Moves.vgz",birdrun,"Funkay Moves"
8818,"Bisqwit/The Battle of Olympus - Peloponnesus Forest.vgz",Bisqwit,"The Battle of Olympus - Peloponnesus Forest"
5295,"Bisqwit/Star Trek - Deep Space Nine - Theme.vgz",Bisqwit,"Star Trek - Deep Space Nine - Theme"
20874,"Bisqwit/Sta Pikku Klooni.vgz",Bisqwit,"Sta Pikku Klooni"
7686,"BlastlessAnthony/Blaster Master - Area 1.vgz",BlastlessAnthony,"Blaster Master - Area 1"
2646,"BlastlessAnthony/Sonic the Hedgehog 3 & Knuckles - Flying Battery Zone Act 1.vgz",BlastlessAnthony,"Sonic the Hedgehog 3 & Knuckles - Flying Battery Zone Act 1"
19047,"BlastlessAnthony/Deltarune Chapter 2 - Attack of the Killer Queen.vgz",BlastlessAnthony,"Deltarune Chapter 2 - Attack of the Killer Queen"
23810,"BlastlessAnthony/Undertale - Another Medium.vgz",BlastlessAnthony,"Undertale - Another Medium"
12075,"BlastlessAnthony/Rivals of Aether - Main Menu.vgz",BlastlessAnthony,"Rivals of Aether - Main Menu"
13730,"Bodenstandig 2000/Trabant - Enter Spacebar (Bodenstandig 2000 Schwert Und Skelett Mix).vgz","Bodenstandig 2000","Trabant - Enter Spacebar (Bodenstandig 2000 Schwert Und Skelett Mix)"
26334,"Brendan Bailey/Call to Duty.vgz","Brendan Bailey","Call to Duty"
3040,"Brendan Bailey/THEE Chiptune.vgz","Brendan Bailey","THEE Chiptune"
4596,"Brendan Bailey/Game Tutorial Theme.vgz","Brendan Bailey","Game Tutorial Theme"
5432,"Brendan Bailey/Ultraviolet Sky.vgz","Brendan Bailey","Ultraviolet Sky"
3896,"Brendan Bailey/Chivalry Honor.vgz","Brendan Bailey","Chivalry Honor"
3235,"Brendan Bailey/Fifths Echo Rock.vgz","Brendan Bailey","Fifths Echo Rock"
9162,"Brendan Bailey/Banzai Erdogo.vgz","Brendan Bailey","Banzai Erdogo"
17940,"Brendan Bailey/The Omega Virus.vgz","Brendan Bailey","The Omega Virus"
18806,"Brendan Bailey/Oblivion Blast.vgz","Brendan Bailey","Oblivion Blast"
1622,"Brendan Bailey/Cool Down Time.vgz","Brendan Bailey","Cool Down Time"
5286,"Brendan Bailey/Manifest Destiny.vgz","Brendan Bailey","Manifest Destiny"
1064,"Brendan Bailey/Super Mario Bros - Invincible.vgz","Brendan Bailey","Super Mario Bros - Invincible"
3078,"Brendan Bailey/Skylight Central.vgz","Brendan Bailey","Skylight Central"
13674,"Brendan Bailey/The Great Depression.vgz","Brendan Bailey","The Great Depression"
1810,"Brendan Bailey/Birdstone.vgz","Brendan Bailey",Birdstone
1592,"Brendan Bailey/Evil Sounding Loop.vgz","Brendan Bailey","Evil Sounding Loop"
1873,"Brendan Bailey/Enchanting Loop.vgz","Brendan Bailey","Enchanting Loop"
4379,"Brendan Bailey/The 30 Blade Razor Commercial Theme.vgz","Brendan Bailey","The 30 Blade Razor Commercial Theme"
2637,"Brendan Bailey/Sleep, Work, and Play.vgz","Brendan Bailey","Sleep, Work, and Play"
5821,"Brendan Bailey/Dream 7 Max Slot Machine - Bonus Theme.vgz","Brendan Bailey","Dream 7 Max Slot Machine - Bonus Theme"
4447,"Brendan Bailey/The Contrasts Between Good and Evil - What We Learn.vgz","Brendan Bailey","The Contrasts Between Good and Evil - What We Learn"
10213,"Brendan Bailey/Fun Land.vgz","Brendan Bailey","Fun Land"
4161,"Brendan Bailey/Deep Down Low.vgz","Brendan Bailey","Deep Down Low"
8142,"Brendan Bailey/Mechanized Warfare.vgz","Brendan Bailey","Mechanized Warfare"
3059,"Brendan Bailey/The Sky is Sharp.vgz","Brendan Bailey","The Sky is Sharp"
16406,"Brendan Bailey/These Are the Days of Our Lives.vgz","Brendan Bailey","These Are the Days of Our Lives"
2587,"Brendan Bailey/Time Will Tell.vgz","Brendan Bailey","Time Will Tell"
4323,"Brendan Bailey/The Apocalypse Starts at Sun Down.vgz","Brendan Bailey","The Apocalypse Starts at Sun Down"
2420,"Brendan Bailey/The Kelsey Song.vgz","Brendan Bailey","The Kelsey Song"
1770,"Brendan Bailey/Cool Cat.vgz","Brendan Bailey","Cool Cat"
10963,"Brendan Bailey/Lost Cause.vgz","Brendan Bailey","Lost Cause"
36142,"Brendan Bailey/Deception (Revised Edition).vgz","Brendan Bailey","Deception (Revised Edition)"
6850,"Brendan Bailey/FRENZY!!!.vgz","Brendan Bailey",FRENZY!!!
7748,"Brendan Bailey/Very Nice Slot Machine - Themes.vgz","Brendan Bailey","Very Nice Slot Machine - Themes"
2599,"Brendan Bailey/Bonus Round Theme.vgz","Brendan Bailey","Bonus Round Theme"
2637,"Brendan Bailey/Conspiracy.vgz","Brendan Bailey",Conspiracy
44278,"Brendan Bailey/In a Perfect World.vgz","Brendan Bailey","In a Perfect World"
6109,"Brendan Bailey/Torpedo Alley.vgz","Brendan Bailey","Torpedo Alley"
2362,"Brendan Bailey/No Choice But to Follow Them.vgz","Brendan Bailey","No Choice But to Follow Them"
1932,"Brendan Bailey/Look to the Horizon.vgz","Brendan Bailey","Look to the Horizon"
3480,"Brendan Bailey/Inevitable Serenity.vgz","Brendan Bailey","Inevitable Serenity"
3408,"Brendan Bailey/15 Minute Compo Trial.vgz","Brendan Bailey","15 Minute Compo Trial"
5657,"Brendan Bailey/Marble City.vgz","Brendan Bailey","Marble City"
8161,"Brendan Bailey/Obstacles of a Determined Mind.vgz","Brendan Bailey","Obstacles of a Determined Mind"
2674,"Brendan Bailey/The Popcorn Song.vgz","Brendan Bailey","The Popcorn Song"
3519,"Brendan Bailey/Treachery.vgz","Brendan Bailey",Treachery
5865,"Brendan Bailey/Never Say Never.vgz","Brendan Bailey","Never Say Never"
8527,"Brendan Bailey/Blades of Glory (Revised Version).vgz","Brendan Bailey","Blades of Glory (Revised Version)"
7477,"Brendan Bailey/Moderately Speaking.vgz","Brendan Bailey","Moderately Speaking"
2349,"Brendan Bailey/Metro in Transit.vgz","Brendan Bailey","Metro in Transit"
8429,"Brendan Bailey/Here Come the Teamsters!.vgz","Brendan Bailey","Here Come the Teamsters!"
10034,"Brendan Bailey/One Heck of an Adventure!.vgz","Brendan Bailey","One Heck of an Adventure!"
3404,"Brendan Bailey/A Different Kind of Hero.vgz","Brendan Bailey","A Different Kind of Hero"
7859,"Brendan Bailey/Waves of Marine Life.vgz","Brendan Bailey","Waves of Marine Life"
1617,"Brendan Bailey/The Big Guns.vgz","Brendan Bailey","The Big Guns"
14234,"Brendan Bailey/The Day Has Come.vgz","Brendan Bailey","The Day Has Come"
4686,"Brendan Bailey/Dream 7 Max Slot Machine - Theme.vgz","Brendan Bailey","Dream 7 Max Slot Machine - Theme"
4145,"Brendan Bailey/Race Through Cyberspace.vgz","Brendan Bailey","Race Through Cyberspace"
6831,"Brendan Bailey/Frozen Over Heck.vgz","Brendan Bailey","Frozen Over Heck"
10627,"Brendan Bailey/The Blizzard.vgz","Brendan Bailey","The Blizzard"
3945,"Brendan Bailey/West Bound Engine.vgz","Brendan Bailey","West Bound Engine"
3336,"Brendan Bailey/Golden Bell Slot Machine - Bonus Theme.vgz","Brendan Bailey","Golden Bell Slot Machine - Bonus Theme"
3870,"Brendan Bailey/Mechanical Age.vgz","Brendan Bailey","Mechanical Age"
2919,"Brendan Bailey/Think Fast.vgz","Brendan Bailey","Think Fast"
1807,"Brendan Bailey/No Good Gofers.vgz","Brendan Bailey","No Good Gofers"
2277,"Brendan Bailey/Suspicion.vgz","Brendan Bailey",Suspicion
702,"Brendan Bailey/Battletoads - Briefing Theme.vgz","Brendan Bailey","Battletoads - Briefing Theme"
3409,"Brendan Bailey/Twisted Paradise.vgz","Brendan Bailey","Twisted Paradise"
6935,"Brendan Bailey/HOV Lane.vgz","Brendan Bailey","HOV Lane"
10343,"Brendan Bailey/SpacePlex.vgz","Brendan Bailey",SpacePlex
1855,"Brendan Bailey/Full Throttle.vgz","Brendan Bailey","Full Throttle"
5171,"Brendan Bailey/Friendship.vgz","Brendan Bailey",Friendship
2806,"Brendan Bailey/Entertainment Warehouse.vgz","Brendan Bailey","Entertainment Warehouse"
5780,"Brendan Bailey/Lemmings - Lemming 2.vgz","Brendan Bailey","Lemmings - Lemming 2"
5336,"Brendan Bailey/The Happy Robin Theme.vgz","Brendan Bailey","The Happy Robin Theme"
8673,"Brendan Bailey/Spark Plug.vgz","Brendan Bailey","Spark Plug"
5612,"Brendan Bailey/Ambush of Angels.vgz","Brendan Bailey","Ambush of Angels"
2758,"Brendan Bailey/An Awkward Invasion.vgz","Brendan Bailey","An Awkward Invasion"
2622,"Brendan Bailey/Lucky Sevens.vgz","Brendan Bailey","Lucky Sevens"
4437,"Brendan Bailey/The Paparazzi.vgz","Brendan Bailey","The Paparazzi"
13350,"Brendan Bailey/The Hunter and the Hunted.vgz","Brendan Bailey","The Hunter and the Hunted"
2049,"Brendan Bailey/Sitcom Game Menu Theme.vgz","Brendan Bailey","Sitcom Game Menu Theme"
1864,"Brendan Bailey/Dream Among the Clouds Forever.vgz","Brendan Bailey","Dream Among the Clouds Forever"
4137,"Brendan Bailey/Blades of Glory.vgz","Brendan Bailey","Blades of Glory"
18159,"Brendan Bailey/Race Through Cyberspace (Revised Edition).vgz","Brendan Bailey","Race Through Cyberspace (Revised Edition)"
3352,"Brendan Bailey/Oh the Irony!.vgz","Brendan Bailey","Oh the Irony!"
3302,"Brendan Bailey/Electronic Skiing.vgz","Brendan Bailey","Electronic Skiing"
3250,"Brendan Bailey/Sinister Deception.vgz","Brendan Bailey","Sinister Deception"
8022,"Brendan Bailey/Stormy Weather.vgz","Brendan Bailey","Stormy Weather"
25365,"brickblock369/Doom - Dark Halls (E1M3).vgz",brickblock369,"Doom - Dark Halls (E1M3)"
51250,"brickblock369/Fortress 2 Blue - Egyptian Rule.vgz",brickblock369,"Fortress 2 Blue - Egyptian Rule"
3878,Byulbram/READY-GO.vgz,Byulbram,READY-GO
22592,"cabbage drop/Underwater Submarine.vgz","cabbage drop","Underwater Submarine"
13626,"cabbage drop/Golf Simulator.vgz","cabbage drop","Golf Simulator"
14114,"cabbage drop/UFO Test Drive.vgz","cabbage drop","UFO Test Drive"
16134,"cabbage drop/Tuesday Thursday.vgz","cabbage drop","Tuesday Thursday"
9317,"Carlos Amoyan/GOA.CMA.001.vgz","Carlos Amoyan",GOA
27879,"Chimeratio/Fist Fight at the DEFRAGMENTATION_CUBE.vgz",Chimeratio,"Fist Fight at the DEFRAGMENTATION_CUBE"
33642,"Chimeratio/Lost in iNFORMATION Labyrinth C.vgz",Chimeratio,"Lost in iNFORMATION Labyrinth C"
53610,"Chimeratio/Can You Defeat The PAIN CRYSTAL [RUINS DEFENSE MECHANISM2] (no).vgz",Chimeratio,"Can You Defeat The PAIN CRYSTAL [RUINS DEFENSE MECHANISM2] (no)"
13578,"Chip Champion/Biomech 3.vgz","Chip Champion","Biomech 3"
15706,"Chip Champion/Den of the Mutant Sewer Rats.vgz","Chip Champion","Den of the Mutant Sewer Rats"
15312,"Chip Champion/Program 15.vgz","Chip Champion","Program 15"
15082,"Chip Champion/Cyber Junk.vgz","Chip Champion","Cyber Junk"
16594,"Chip Champion/Silly Ra.vgz","Chip Champion","Silly Ra"
18348,"Chip Champion/Bonesaw.vgz","Chip Champion",Bonesaw
18880,"Chip Champion/The Derpy South.vgz","Chip Champion","The Derpy South"
14400,"Chip Champion/cause aNd afekts.vgz","Chip Champion","cause aNd afekts"
17885,"Chip Champion/The Ice Caves of Mer.vgz","Chip Champion","The Ice Caves of Mer"
15320,"Chip Champion/Prophecy.vgz","Chip Champion",Prophecy
6577,"Chip Champion/Radical Napz.vgz","Chip Champion","Radical Napz"
15141,"Chip Champion/Probably Probed.vgz","Chip Champion","Probably Probed"
32292,"Chip Champion/rktlhmrg.vgz","Chip Champion",rktlhmrg
18115,"Chip Champion/Moonlit Prowler.vgz","Chip Champion","Moonlit Prowler"
28197,"Chip Champion/Adlib in tha Haus.vgz","Chip Champion","Adlib in tha Haus"
13606,"Chris Korte/Crystal 2.vgz","Chris Korte","Crystal 2"
3335,"Corona688/New Tune.vgz",Corona688,"New Tune"
18310,"Crossbone/Mission Mopreme 32K.vgz",Crossbone,"Mission Mopreme 32K"
13851,"Dalezy/Cyndi Lauper - The Goonies 'R' Good Enough.vgz",Dalezy,"Cyndi Lauper - The Goonies 'R' Good Enough"
29954,Dalezy/Absent-Minded.vgz,Dalezy,Absent-Minded
13489,"Dalezy/Delta - Title Screen.vgz",Dalezy,"Delta - Title Screen"
13329,"Dalezy/Cheating Engine Tune 1.vgz",Dalezy,"Cheating Engine Tune 1"
14030,"Dalezy/Motivation BBStro.vgz",Dalezy,"Motivation BBStro"
6952,"Dalezy/Blackthorne - Cracktro 2.vgz",Dalezy,"Blackthorne - Cracktro 2"
15781,"Dalezy/Deathlord - Zak00.vgz",Dalezy,"Deathlord - Zak00"
6364,"Dalezy/Super Mario Land - Birabuto Kingdom.vgz",Dalezy,"Super Mario Land - Birabuto Kingdom"
5772,"Dalezy/B'less.vgz",Dalezy,"B'less"
6725,"Dalezy/Heatbeat - Deathsong.vgz",Dalezy,"Heatbeat - Deathsong"
42999,"Dalezy/Monty on the Run - High Score.vgz",Dalezy,"Monty on the Run - High Score"
12746,"Dalezy/Comitek BBS Intro Tune.vgz",Dalezy,"Comitek BBS Intro Tune"
7893,"Dalezy/Reflex - Hurryup!.vgz",Dalezy,"Reflex - Hurryup!"
42905,"Dalezy/Delight Loader.vgz",Dalezy,"Delight Loader"
29215,"Dalezy/Outside the World.vgz",Dalezy,"Outside the World"
2941,"DCT Master/Full Moon and Stars Sparkle.vgz","DCT Master","Full Moon and Stars Sparkle"
23432,"Diode Milliampere/Milinda.vgz","Diode Milliampere",Milinda
12305,"Diode Milliampere/Wildlife.vgz","Diode Milliampere",Wildlife
17562,"Diode Milliampere/Squanchy.vgz","Diode Milliampere",Squanchy
14552,"Diode Milliampere/Endless Scroll.vgz","Diode Milliampere","Endless Scroll"
10208,"Diode Milliampere/Cat People.vgz","Diode Milliampere","Cat People"
28440,"Diode Milliampere/RIP.vgz","Diode Milliampere",RIP
73256,"Diode Milliampere/Memento Mori Pt. 1.vgz","Diode Milliampere","Memento Mori Pt"
4006,"Diode Milliampere/XM1SS10N.vgz","Diode Milliampere",XM1SS10N
7909,"Diode Milliampere/1856 Step.vgz","Diode Milliampere","1856 Step"
3048,"Diode Milliampere/Odd Time.vgz","Diode Milliampere","Odd Time"
26904,"Diode Milliampere/Samsara.vgz","Diode Milliampere",Samsara
22241,"Diode Milliampere/Programmable Sound Generator.vgz","Diode Milliampere","Programmable Sound Generator"
10375,"Diode Milliampere/Acid Tracker.vgz","Diode Milliampere","Acid Tracker"
29518,"Diode Milliampere/Keys.vgz","Diode Milliampere",Keys
3213,"Diode Milliampere/NULL.vgz","Diode Milliampere",NULL
15238,"Diode Milliampere/Altair.vgz","Diode Milliampere",Altair
14729,"Diode Milliampere/Mutable Signs.vgz","Diode Milliampere","Mutable Signs"
4746,"Diode Milliampere/ADR1FT.vgz","Diode Milliampere",ADR1FT
17416,"Diode Milliampere/On Planet Zaxxon.vgz","Diode Milliampere","On Planet Zaxxon"
8191,"Diode Milliampere/Greetz Fly.vgz","Diode Milliampere","Greetz Fly"
21213,"Diode Milliampere/Tom Song.vgz","Diode Milliampere","Tom Song"
61867,"Diode Milliampere/Aquarius.vgz","Diode Milliampere",Aquarius
45776,"Dippy/Rivals of Aether - Fight and Flight.vgz",Dippy,"Rivals of Aether - Fight and Flight"
38536,"Dippy/Technological Terror.vgz",Dippy,"Technological Terror"
48479,"Dippy/Jazz Jackrabbit 2 - Streetwize.vgz",Dippy,"Jazz Jackrabbit 2 - Streetwize"
34599,"Dippy/Laxity - Super Market.vgz",Dippy,"Laxity - Super Market"
14720,"Dippy/Shinobi III - Return of the Ninja Master - Idaten.vgz",Dippy,"Shinobi III - Return of the Ninja Master - Idaten"
10053,"dj.tuBIG-MaliceX/Short Sputter.vgz",dj.tuBIG-MaliceX,"Short Sputter"
8215,"dj.tuBIG-MaliceX/Mushihimesama - The Direction to the Heart of the Forest (Stage 5).vgz",dj.tuBIG-MaliceX,"Mushihimesama - The Direction to the Heart of the Forest (Stage 5)"
29791,"dj.tuBIG-MaliceX/Team Innocent - The Point of No Return - CD Track 4.vgz",dj.tuBIG-MaliceX,"Team Innocent - The Point of No Return - CD Track 4"
25850,"dj.tuBIG-MaliceX/Phantom Breaker - Battle Grounds - Shinjuku Stage.vgz",dj.tuBIG-MaliceX,"Phantom Breaker - Battle Grounds - Shinjuku Stage"
23934,"dj.tuBIG-MaliceX/Dragon Slayer - Eiyuu Densetsu - Title Demo.vgz",dj.tuBIG-MaliceX,"Dragon Slayer - Eiyuu Densetsu - Title Demo"
17100,doj/Second4.vgz,doj,Second4
9368,"Drax/Old 64-Style.vgz",Drax,"Old 64-Style"
9349,Drax/Rocky.vgz,Drax,Rocky
27137,Drax/Jaujhe.vgz,Drax,Jaujhe
39610,Drax/Flash.vgz,Drax,Flash
25511,"Drax/Beyond Minds.vgz",Drax,"Beyond Minds"
30290,Drax/Underlig.vgz,Drax,Underlig
20745,"Drax/Street Wise.vgz",Drax,"Street Wise"
2696,Drax/Bussemand.vgz,Drax,Bussemand
9730,"Drax/A-ha - Take On Me.vgz",Drax,"A-ha - Take On Me"
10504,Drax/Sad.vgz,Drax,Sad
17898,"Drax/Human Nature II.vgz",Drax,"Human Nature II"
32423,"Drax/Human Nature I.vgz",Drax,"Human Nature I"
2522,"Drax/Level 42 - Running in the Family.vgz",Drax,"Level 42 - Running in the Family"
12945,"Drax/Goat Army.vgz",Drax,"Goat Army"
4413,Drax/Porno.vgz,Drax,Porno
19082,Drax/Bus.vgz,Drax,Bus
10560,"Drax & Metal/Volly3.vgz","Drax & Metal",Volly3
18319,"Drax & Metal/Super Nova.vgz","Drax & Metal","Super Nova"
8604,"Drax & Metal/Highscore.vgz","Drax & Metal",Highscore
27879,"Drax & Metal/Breaking Wind.vgz","Drax & Metal","Breaking Wind"
21740,"Dretz/Chrono Trigger - Undersea Palace.vgz",Dretz,"Chrono Trigger - Undersea Palace"
4386,"Dretz/My Little Pony - Friendship is Magic - Hush Now, Quiet Now.vgz",Dretz,"My Little Pony - Friendship is Magic - Hush Now, Quiet Now"
42541,"Dretz/Undertale - Megalovania.vgz",Dretz,"Undertale - Megalovania"
25994,"Dretz/My Little Pony - Friendship is Magic - Becoming Popular.vgz",Dretz,"My Little Pony - Friendship is Magic - Becoming Popular"
4508,"Dretz/Undertale - Tem Shop.vgz",Dretz,"Undertale - Tem Shop"
14558,"Dretz/Bomberman 64 - The Second Attack - Pommy's Theme.vgz",Dretz,"Bomberman 64 - The Second Attack - Pommy's Theme"
97412,"Dretz/WoodenToaster - Rainbow Factory.vgz",Dretz,"WoodenToaster - Rainbow Factory"
12519,"Dretz/Sonic the Hedgehog 2 - Chemical Plant Zone.vgz",Dretz,"Sonic the Hedgehog 2 - Chemical Plant Zone"
60683,"Dretz/Chrono Trigger - Corridors of Time.vgz",Dretz,"Chrono Trigger - Corridors of Time"
11935,"Dretz/Sonic the Hedgehog 2 - Oil Ocean Zone.vgz",Dretz,"Sonic the Hedgehog 2 - Oil Ocean Zone"
160615,"Dretz/Alstroemeria Records - Bad Apple!!.vgz",Dretz,"Alstroemeria Records - Bad Apple!!"
23516,"Dretz/My Little Pony - Friendship is Magic - Bad Seed.vgz",Dretz,"My Little Pony - Friendship is Magic - Bad Seed"
10832,"Dretz/Sonic the Hedgehog 2 - Mystic Cave Zone.vgz",Dretz,"Sonic the Hedgehog 2 - Mystic Cave Zone"
3366,"Dullstar/Castlevania III - Dracula's Curse - Big Battle 1.vgz",Dullstar,"Castlevania III - Dracula's Curse - Big Battle 1"
3823,"Dullstar/Cave Story - Jenka 2.vgz",Dullstar,"Cave Story - Jenka 2"
2241,Dullstar/Dungeon.vgz,Dullstar,Dungeon
3974,"Dullstar/Cave Story - Oppression.vgz",Dullstar,"Cave Story - Oppression"
4013,"Dullstar/Cave Story - Gravity.vgz",Dullstar,"Cave Story - Gravity"
24099,"Electric Keet/A.M. A.L. Funk.vgz","Electric Keet",A
6826,Encore/Forest.vgz,Encore,Forest
9662,"Encore/FM Tekno!.vgz",Encore,"FM Tekno!"
25484,"Encore/FM House (version II).vgz",Encore,"FM House (version II)"
13606,"Encore/Crazy Little Techno Beat.vgz",Encore,"Crazy Little Techno Beat"
33830,"Encore/The Absence of Julia.vgz",Encore,"The Absence of Julia"
1936,"Encore/Eric Prydz - Call on Me.vgz",Encore,"Eric Prydz - Call on Me"
13907,"Encore/Amegas - Theme.vgz",Encore,"Amegas - Theme"
40028,"Encore/Howard Jones - What is Love.vgz",Encore,"Howard Jones - What is Love"
18347,"Encore/FM House.vgz",Encore,"FM House"
7701,"Encore/Kraftwerk - Computer World.vgz",Encore,"Kraftwerk - Computer World"
6054,"EpicTyphlosion/Doom - Donna to the Rescue (E3M2).vgz",EpicTyphlosion,"Doom - Donna to the Rescue (E3M2)"
30248,"Erik/Cee-Dee - Book of Memories.vgz",Erik,"Cee-Dee - Book of Memories"
10644,"Erik/Vangelis - Alpha.vgz",Erik,"Vangelis - Alpha"
16921,"Esprit!/Space Harrier - Theme.vgz",Esprit!,"Space Harrier - Theme"
100428,"Essentric/Sky Heights.vgz",Essentric,"Sky Heights"
5794,"Ether Audio/Rain Cloud Sunset.vgz","Ether Audio","Rain Cloud Sunset"
6639,"Fabe/Sun Dance.vgz",Fabe,"Sun Dance"
11172,Fabe/Raid.vgz,Fabe,Raid
5844,Fabe/WasWars.vgz,Fabe,WasWars
12816,Fabe/Willow.vgz,Fabe,Willow
20926,"FADE/DoricDream - Famicommodore.vgz",FADE,"DoricDream - Famicommodore"
4186,"FL4SHK/Underground 1.vgz",FL4SHK,"Underground 1"
3830,"FL4SHK/Signal Engine.vgz",FL4SHK,"Signal Engine"
13191,"flashbob/Chowning Playground.vgz",flashbob,"Chowning Playground"
11636,"funute/Slip n Slap.vgz",funute,"Slip n Slap"
62725,"funute/Ethereal Dream.vgz",funute,"Ethereal Dream"
26946,"Furmilion/Rider - Dash.vgz",Furmilion,"Rider - Dash"
1665,"garvalf/mk7 - Spring is Coming.vgz",garvalf,"mk7 - Spring is Coming"
3319,"garvalf/By the Shore.vgz",garvalf,"By the Shore"
5336,"garvalf/Always Inserting or Deleting the Same Data.vgz",garvalf,"Always Inserting or Deleting the Same Data"
19260,"garvalf/Electrostatic Powers.vgz",garvalf,"Electrostatic Powers"
5023,garvalf/Cyber-Danserye.vgz,garvalf,Cyber-Danserye
7961,garvalf/Litanie.vgz,garvalf,Litanie
18419,"GAZETE/Dio - Mystery.vgz",GAZETE,"Dio - Mystery"
21196,"GAZETE/Into the Storm.vgz",GAZETE,"Into the Storm"
19166,Goopal/98_ARTEC.vgz,Goopal,98_ARTEC
33605,"Goopal/Yamaha PSR-48 - Demo Song.vgz",Goopal,"Yamaha PSR-48 - Demo Song"
7902,"Goopal/Street Fighter II - Title.vgz",Goopal,"Street Fighter II - Title"
3826,gotoandplay/Catnip.vgz,gotoandplay,Catnip
6757,"gotoandplay/Ada while Ad ad ad ad.vgz",gotoandplay,"Ada while Ad ad ad ad"
44330,"gotoandplay/Losing Sanctuary.vgz",gotoandplay,"Losing Sanctuary"
59209,"gotoandplay/Incurabuly Dull.vgz",gotoandplay,"Incurabuly Dull"
1479,gotoandplay/Haze.vgz,gotoandplay,Haze
31933,gotoandplay/Sumerian.vgz,gotoandplay,Sumerian
51664,"gotoandplay & tennisers/Sensory Premonition.vgz","gotoandplay & tennisers","Sensory Premonition"
16158,"GudPiggeh/Harment of Ibusion.vgz",GudPiggeh,"Harment of Ibusion"
12182,"hah2o/Final Fantasy VI - Aria di Mezzo Carattere.vgz",hah2o,"Final Fantasy VI - Aria di Mezzo Carattere"
17580,"hah2o/Final Fantasy VI - Battle Theme.vgz",hah2o,"Final Fantasy VI - Battle Theme"
39314,"hah2o/Shincheonji Adlib Club Logo Song.vgz",hah2o,"Shincheonji Adlib Club Logo Song"
14089,"hah2o/Final Fantasy VI - Blackjack.vgz",hah2o,"Final Fantasy VI - Blackjack"
9804,"hah2o/Final Fantasy VI - Searching for Friends.vgz",hah2o,"Final Fantasy VI - Searching for Friends"
17742,"Hanna Lee/Zara.vgz","Hanna Lee",Zara
13043,"Hanna Lee/Chaya.vgz","Hanna Lee",Chaya
20148,"Hanna Lee/Splash.vgz","Hanna Lee",Splash
21094,"Hannes Seifert/My Revenge.vgz","Hannes Seifert","My Revenge"
9843,"Hannes Seifert/Still Remember Rob.vgz","Hannes Seifert","Still Remember Rob"
22396,"Hannes Seifert/Shoot'em Up.vgz","Hannes Seifert","Shoot'em Up"
28552,"Hannes Seifert/Middle of Illusion.vgz","Hannes Seifert","Middle of Illusion"
8225,"Hannes Seifert/JOE - Painfull Emptyness.vgz","Hannes Seifert","JOE - Painfull Emptyness"
10961,"Hannes Seifert/TRSI Techno Tune.vgz","Hannes Seifert","TRSI Techno Tune"
9300,"Henri Chalifour/Gargoyles.vgz","Henri Chalifour",Gargoyles
5520,"Henri Chalifour/Highways.vgz","Henri Chalifour",Highways
9721,"Henri Chalifour/Very Busy.vgz","Henri Chalifour","Very Busy"
24211,"Hortus/Sliding on a Rainbow.vgz",Hortus,"Sliding on a Rainbow"
30122,"Hydra/Pseudolukian - Count Floyd.vgz",Hydra,"Pseudolukian - Count Floyd"
15008,"Hydra/Hi-Lite - Purple Shades.vgz",Hydra,"Hi-Lite - Purple Shades"
10201,"Hydra/Terra Cresta - Theme.vgz",Hydra,"Terra Cresta - Theme"
55053,"Hydra/Amegas - Theme.vgz",Hydra,"Amegas - Theme"
13736,"Hydra/WOTW - Intro Number 42.vgz",Hydra,"WOTW - Intro Number 42"
16188,"Hydra/Delta - Title Screen.vgz",Hydra,"Delta - Title Screen"
5922,"Hydra/Leisure Suit Larry - Theme.vgz",Hydra,"Leisure Suit Larry - Theme"
13364,"Hydra/Mantronix - Behind the Walls.vgz",Hydra,"Mantronix - Behind the Walls"
25507,"Hydra/Organic - Rainbow.Chip.vgz",Hydra,"Organic - Rainbow"
33981,"Hydra/Monty - Mario, Sometimes Hell, Sometimes Heaven.vgz",Hydra,"Monty - Mario, Sometimes Hell, Sometimes Heaven"
16307,"Hydra/Mad Freak - Fuckfuckfuckfuck.vgz",Hydra,"Mad Freak - Fuckfuckfuckfuck"
44245,"Hydra/Comic Bakery - Title.vgz",Hydra,"Comic Bakery - Title"
48097,"Hydra/Virgill - Headcrash Intro 2.vgz",Hydra,"Virgill - Headcrash Intro 2"
22125,"Hydra/Mel O'Dee - Wink of an Eye.vgz",Hydra,"Mel O'Dee - Wink of an Eye"
18644,"Hydra/Chris - Downtown.vgz",Hydra,"Chris - Downtown"
22376,"Hydra/Wizardry - Theme.vgz",Hydra,"Wizardry - Theme"
8645,"Hydra/Commando - High Score.vgz",Hydra,"Commando - High Score"
24979,"Hydra/TDK - Crystal Intro.vgz",Hydra,"TDK - Crystal Intro"
41217,"Hydra/My Dear Rob.vgz",Hydra,"My Dear Rob"
13725,"Hydra/Einstein - Radical Cracktro.vgz",Hydra,"Einstein - Radical Cracktro"
53520,"Hydra/Drax - Disco Zax.vgz",Hydra,"Drax - Disco Zax"
18360,"Hydra/Titan - The Song.vgz",Hydra,"Titan - The Song"
50494,"Hydra/Last Betrayal.vgz",Hydra,"Last Betrayal"
28190,"Hydra/Mel O'Dee - Scales of Joy.vgz",Hydra,"Mel O'Dee - Scales of Joy"
2453,"Ikuma/Lardossian Synthesis.vgz",Ikuma,"Lardossian Synthesis"
24478,"jam777/The Five Star Stories - Hitomi no Naka no Far Away.vgz",jam777,"The Five Star Stories - Hitomi no Naka no Far Away"
17872,"jam777/Tekken - Fiji, Philippines.vgz",jam777,"Tekken - Fiji, Philippines"
54167,"jam777/Kimagure Orange Road - Sad Heart Burning.vgz",jam777,"Kimagure Orange Road - Sad Heart Burning"
89485,"jam777/NiGHTS into Dreams - Dreams Dreams.vgz",jam777,"NiGHTS into Dreams - Dreams Dreams"
26709,"jam777/Silent Mobius - Shining.vgz",jam777,"Silent Mobius - Shining"
24036,"jam777/Yoon Sang - Amen.vgz",jam777,"Yoon Sang - Amen"
91642,"jam777/Neon Genesis Evangelion - A Cruel Angel's Thesis.vgz",jam777,"Neon Genesis Evangelion - A Cruel Angel's Thesis"
31198,"jam777/Nadia - The Secret of Blue Water - Blue Water.vgz",jam777,"Nadia - The Secret of Blue Water - Blue Water"
6492,"jam777/Psycho World - Opening.vgz",jam777,"Psycho World - Opening"
18795,"jam777/Macross - Do You Remember Love - Tenshi no Enogu.vgz",jam777,"Macross - Do You Remember Love - Tenshi no Enogu"
38374,"jam777/Mobile Police Patlabor - Condition Green.vgz",jam777,"Mobile Police Patlabor - Condition Green"
25845,"jam777/Yawara! - Miracle Girl.vgz",jam777,"Yawara! - Miracle Girl"
17511,"jam777/Maison Ikkoku - Hello Sadness.vgz",jam777,"Maison Ikkoku - Hello Sadness"
22377,"Jangler/Goblin Obligation.vgz",Jangler,"Goblin Obligation"
5590,"Jangler/Customer Relations Management.vgz",Jangler,"Customer Relations Management"
12740,"Jangler/Hot Bun Crossing.vgz",Jangler,"Hot Bun Crossing"
5156,Jangler/Limp-Linguine.vgz,Jangler,Limp-Linguine
44613,"Jangler/Sleep Paralysis.vgz",Jangler,"Sleep Paralysis"
9078,Jangler/Calumny.vgz,Jangler,Calumny
16161,"JaSS/Ergos BBS Intro.vgz",JaSS,"Ergos BBS Intro"
13211,"JCH/Laxity - Star Dream.vgz",JCH,"Laxity - Star Dream"
62845,"JCH/Laxity - The Alibi.vgz",JCH,"Laxity - The Alibi"
33526,"JCH/Instrument Test 8.vgz",JCH,"Instrument Test 8"
20797,"JCH/Diflex - Strike Force Introtune.vgz",JCH,"Diflex - Strike Force Introtune"
6102,JCH/Platest.vgz,JCH,Platest
7305,"JCH/Drax - Film Zak.vgz",JCH,"Drax - Film Zak"
12033,"JCH/Drax - Rolling.vgz",JCH,"Drax - Rolling"
3302,JCH/Synchro.vgz,JCH,Synchro
29704,"JCH/Drax - Gone.vgz",JCH,"Drax - Gone"
12125,"JCH/Drax - Crooner.vgz",JCH,"Drax - Crooner"
7321,JCH/Phase.vgz,JCH,Phase
2175,JO/Ergo.vgz,JO,Ergo
28633,"JO/Submission to -X-.vgz",JO,"Submission to -X-"
13717,"JO/Jarre Galway.vgz",JO,"Jarre Galway"
5440,"JO/Hard Guitar.vgz",JO,"Hard Guitar"
11915,"JO/Mad Man on a Bike.vgz",JO,"Mad Man on a Bike"
3942,JO/Lammert.vgz,JO,Lammert
10136,"JO/Drums Are Hard to Do.vgz",JO,"Drums Are Hard to Do"
21418,"JO/Fly in Spider's Web!.vgz",JO,"Fly in Spider's Web!"
7374,"JO/First Interstellar Jump.vgz",JO,"First Interstellar Jump"
33183,"JO/Strikes Again.vgz",JO,"Strikes Again"
29801,"JO/Boring Sunday.vgz",JO,"Boring Sunday"
7011,JO/Reggae.vgz,JO,Reggae
8883,"JO/Michael Davidson - Turn It Up.vgz",JO,"Michael Davidson - Turn It Up"
9980,JO/Try.vgz,JO,Try
5846,JO/AAAAARGGGHHH.vgz,JO,AAAAARGGGHHH
19346,"JO/Like Galway.vgz",JO,"Like Galway"
2844,JO/Dip.vgz,JO,Dip
5444,JO/Pladder.vgz,JO,Pladder
5648,"JO/Try 3.vgz",JO,"Try 3"
3306,JO/Interal.vgz,JO,Interal
4470,"JonKaruzu/Dancy Loops Y19.vgz",JonKaruzu,"Dancy Loops Y19"
123499,JOZZ/Virgo.vgz,JOZZ,Virgo
1842,"JOZZ/Demo 4.vgz",JOZZ,"Demo 4"
181743,"JOZZ/Funky Stuff.vgz",JOZZ,"Funky Stuff"
5928,"JOZZ/Demo 3.vgz",JOZZ,"Demo 3"
77841,JOZZ/Ax.vgz,JOZZ,Ax
3419,"JOZZ/Jazz Jingle.vgz",JOZZ,"Jazz Jingle"
8818,JOZZ/Rhodes.vgz,JOZZ,Rhodes
3676,"JOZZ/Demo 2.vgz",JOZZ,"Demo 2"
6318,"JOZZ/Demo 5.vgz",JOZZ,"Demo 5"
7043,JOZZ/Shape.vgz,JOZZ,Shape
29723,JOZZ/Guf.vgz,JOZZ,Guf
49937,"JOZZ/AdLib Fun.vgz",JOZZ,"AdLib Fun"
50748,"JOZZ/Level 42 - Heathrow.vgz",JOZZ,"Level 42 - Heathrow"
29816,JOZZ/Knas.vgz,JOZZ,Knas
23224,JOZZ/SD.vgz,JOZZ,SD
60035,JOZZ/Salsa.vgz,JOZZ,Salsa
11881,JOZZ/Def.vgz,JOZZ,Def
35573,JOZZ/Goof.vgz,JOZZ,Goof
39319,JOZZ/Alf.vgz,JOZZ,Alf
80351,"JOZZ/Charlie Parker - Now's the Time.vgz",JOZZ,"Charlie Parker - Now's the Time"
2995,JOZZ/Untitled.vgz,JOZZ,Untitled
78557,JOZZ/Whut.vgz,JOZZ,Whut
67070,JOZZ/Test.vgz,JOZZ,Test
69106,JOZZ/Percussion.vgz,JOZZ,Percussion
14073,JOZZ/Melanko.vgz,JOZZ,Melanko
75743,JOZZ/A.vgz,JOZZ,A
4711,"JOZZ/Demo 1.vgz",JOZZ,"Demo 1"
126854,"JOZZ/AdLib Test.vgz",JOZZ,"AdLib Test"
146540,JOZZ/Chicky.vgz,JOZZ,Chicky
80797,JOZZ/T.vgz,JOZZ,T
12428,JOZZ/Ballad.vgz,JOZZ,Ballad
7210,JOZZ/Merkli.vgz,JOZZ,Merkli
26255,JOZZ/NZ.vgz,JOZZ,NZ
80860,JOZZ/Hashis.vgz,JOZZ,Hashis
76789,"JOZZ/Test Test.vgz",JOZZ,"Test Test"
10447,JOZZ/Bimmer.vgz,JOZZ,Bimmer
15086,JOZZ/DDD.vgz,JOZZ,DDD
9857,"JOZZ/Billy Strayhorn - Take the 'A' Train.vgz",JOZZ,"Billy Strayhorn - Take the 'A' Train"
8643,"JOZZ/The Kinks - You Really Got Me.vgz",JOZZ,"The Kinks - You Really Got Me"
175197,"JOZZ/Sax Blues.vgz",JOZZ,"Sax Blues"
100132,JOZZ/Godamn.vgz,JOZZ,Godamn
16748,JOZZ/Default.vgz,JOZZ,Default
6447,"jrlepage/A Short Interlude.vgz",jrlepage,"A Short Interlude"
21515,"Kagamiin/Memories of Triumph.vgz",Kagamiin,"Memories of Triumph"
6756,"Karl Sommer/Fred's Back III - Title.vgz","Karl Sommer","Fred's Back III - Title"
6219,"Karl Sommer/Praises.vgz","Karl Sommer",Praises
1123,Karmic/wswswswswswswswswsw.vgz,Karmic,wswswswswswswswswsw
43376,KGBA32/Test7.vgz,KGBA32,Test7
13779,"KGBA32/Frederic Hahn - Ackerlight-1.vgz",KGBA32,"Frederic Hahn - Ackerlight-1"
16621,"kilowatt64/Always Waiting.vgz",kilowatt64,"Always Waiting"
17268,"kleeder/Oil Tank (Extended Mix).vgz",kleeder,"Oil Tank (Extended Mix)"
9335,"kleeder/Dreams About Green Rivers (OPL Version).vgz",kleeder,"Dreams About Green Rivers (OPL Version)"
70636,"kleeder & MiDoRi/Sleep Deprivation.vgz","kleeder & MiDoRi","Sleep Deprivation"
63278,"kleeder & Spring/Wineman's Theme.vgz","kleeder & Spring","Wineman's Theme"
5443,"konakonaa/Tales of the Eastern Sands.vgz",konakonaa,"Tales of the Eastern Sands"
8183,"konakonaa/Pokemon Gold-Silver-Crystal - New Bark Town.vgz",konakonaa,"Pokemon Gold-Silver-Crystal - New Bark Town"
3330,"konakonaa/Kona-chan's Laying With Me at Home.vgz",konakonaa,"Kona-chan's Laying With Me at Home"
1429,konakonaa/Lonelich.vgz,konakonaa,Lonelich
23519,"konakonaa/Tales of Phantasia - The Second Act.vgz",konakonaa,"Tales of Phantasia - The Second Act"
9189,"konakonaa/Lost in Space.vgz",konakonaa,"Lost in Space"
16222,"konakonaa/Top Gear - Las Vegas.vgz",konakonaa,"Top Gear - Las Vegas"
6089,"konakonaa/F-Zero - Mute City.vgz",konakonaa,"F-Zero - Mute City"
2726,konakonaa/Jackakes.vgz,konakonaa,Jackakes
7180,konakonaa/SaltGrooves.vgz,konakonaa,SaltGrooves
6197,"konakonaa/Dragon Quest - Unknown World.vgz",konakonaa,"Dragon Quest - Unknown World"
4980,"konakonaa/Dragon Quest - Overture.vgz",konakonaa,"Dragon Quest - Overture"
2448,"konakonaa/Dragon Quest - Chateau Ladutorm.vgz",konakonaa,"Dragon Quest - Chateau Ladutorm"
2462,konakonaa/Wavywin.vgz,konakonaa,Wavywin
3863,"konakonaa/Final Fantasy II - The Rebel Army.vgz",konakonaa,"Final Fantasy II - The Rebel Army"
2011,konakonaa/Reflections.vgz,konakonaa,Reflections
38283,"konakonaa/Limit Break.vgz",konakonaa,"Limit Break"
14015,"konakonaa/Touhou Gensoukyou - Lotus Land Story - Witching Dream.vgz",konakonaa,"Touhou Gensoukyou - Lotus Land Story - Witching Dream"
4975,"konakonaa/Battletoads - Surf City & Terra Tubes.vgz",konakonaa,"Battletoads - Surf City & Terra Tubes"
50321,"konakonaa/The Eternal Warrior Awakes.vgz",konakonaa,"The Eternal Warrior Awakes"
3005,"konakonaa/Kenseiden - Higo, Nagato, Settsu, Owari and Echyu.vgz",konakonaa,"Kenseiden - Higo, Nagato, Settsu, Owari and Echyu"
5041,"KONAMI/Gradius II - Title.vgz",KONAMI,"Gradius II - Title"
10955,"KONAMI/Hydlide II - Opening.vgz",KONAMI,"Hydlide II - Opening"
6532,"KONAMI/TwinBee - Twinbee's Home Town Song.vgz",KONAMI,"TwinBee - Twinbee's Home Town Song"
7408,"KONAMI/Gradius II - A Way Out of the Difficulty.vgz",KONAMI,"Gradius II - A Way Out of the Difficulty"
50822,"KONAMI/Yui Asaka - Melody.vgz",KONAMI,"Yui Asaka - Melody"
22484,"KONAMI/Gradius III - Sand Storm.vgz",KONAMI,"Gradius III - Sand Storm"
8043,"KONAMI/Salamander - Starfield.vgz",KONAMI,"Salamander - Starfield"
18711,"KONAMI/Snatcher - Twilight of Neo Kobe City.vgz",KONAMI,"Snatcher - Twilight of Neo Kobe City"
6622,"KONAMI/Dragon Spirit - Ending.vgz",KONAMI,"Dragon Spirit - Ending"
16417,"KONAMI/Gradius - Free Flyer.vgz",KONAMI,"Gradius - Free Flyer"
15794,"KONAMI/Salamander - Power of Anger.vgz",KONAMI,"Salamander - Power of Anger"
9509,"KONAMI/Gradius II - Tabidachi.vgz",KONAMI,"Gradius II - Tabidachi"
13840,"KONAMI/Super Hang-On - Winning Run.vgz",KONAMI,"Super Hang-On - Winning Run"
12054,"KONAMI/Salamander - Destroy Them All.vgz",KONAMI,"Salamander - Destroy Them All"
4175,"KONAMI/Dragon Quest II - Distant Journey.vgz",KONAMI,"Dragon Quest II - Distant Journey"
10063,"KONAMI/Dragon Spirit - Paleozoic Era.vgz",KONAMI,"Dragon Spirit - Paleozoic Era"
7725,"KONAMI/TwinBee - Fantastic Power.vgz",KONAMI,"TwinBee - Fantastic Power"
12315,"KONAMI/Friedrich Burgmuller - 18 Etudes, Op. 109, No. 12 - Le Reveil dans les Bois.vgz",KONAMI,"Friedrich Burgmuller - 18 Etudes, Op"
48382,"Kot/Unrecognizable Magenta Sphere.vgz",Kot,"Unrecognizable Magenta Sphere"
21299,"Kulor/Cruisin' Mah '95 Pimpmobile (Early Version).vgz",Kulor,"Cruisin' Mah '95 Pimpmobile (Early Version)"
19532,"Kulor/Cruisin' Mah '95 Pimpmobile.vgz",Kulor,"Cruisin' Mah '95 Pimpmobile"
10859,"Kulor/Off to Communist Island.vgz",Kulor,"Off to Communist Island"
13444,"Kulor/Menu One.vgz",Kulor,"Menu One"
66254,"Kulor/Classic Space.vgz",Kulor,"Classic Space"
4119,"Kulor/Explosions on Sunday Afternoon.vgz",Kulor,"Explosions on Sunday Afternoon"
20741,"Kulor/I'm No Cyberhero (Early Version).vgz",Kulor,"I'm No Cyberhero (Early Version)"
13281,Kulor/2000.vgz,Kulor,2000
36619,"Kulor/I'm No Cyberhero.vgz",Kulor,"I'm No Cyberhero"
4137,"kvee/Little Boots - Shake.vgz",kvee,"Little Boots - Shake"
6407,"kvee/Mega Man 3 - Title.vgz",kvee,"Mega Man 3 - Title"
8751,"kvee/Batman (NES) - Game Over.vgz",kvee,"Batman (NES) - Game Over"
37327,"kvee/JosSs - Sweetest Sin.vgz",kvee,"JosSs - Sweetest Sin"
5978,"kvee/Final Fantasy III - The Boundless Ocean.vgz",kvee,"Final Fantasy III - The Boundless Ocean"
5261,"kvee/Break My Heart.vgz",kvee,"Break My Heart"
11148,"kvee/YM3812 Funk.vgz",kvee,"YM3812 Funk"
24948,"kvee/Final Fantasy VII - The Prelude.vgz",kvee,"Final Fantasy VII - The Prelude"
29146,"kvee/Dubmood - Paradox Keygen 3.vgz",kvee,"Dubmood - Paradox Keygen 3"
68440,"kvee/Doom II - Running From Evil (MAP01).vgz",kvee,"Doom II - Running From Evil (MAP01)"
5142,"kvee/The End of Time.vgz",kvee,"The End of Time"
30147,"kvee/Where Are You.vgz",kvee,"Where Are You"
4635,"kvee/Mega Man 3 - Stage Select.vgz",kvee,"Mega Man 3 - Stage Select"
6821,"kvee/Shine Forever (HexAd Demo Version).vgz",kvee,"Shine Forever (HexAd Demo Version)"
7688,"kvee/Gradius II (Famicom) - Heavy Blow.vgz",kvee,"Gradius II (Famicom) - Heavy Blow"
16873,"KwaK101/The Treasure of Usas - Ending.vgz",KwaK101,"The Treasure of Usas - Ending"
25739,"KwaK101/Thunder Force III - Back to the Fire.vgz",KwaK101,"Thunder Force III - Back to the Fire"
5286,"KwaK101/Mugen Senshi Valis II - Sacred Sacrifice.vgz",KwaK101,"Mugen Senshi Valis II - Sacred Sacrifice"
37928,"KwaK101/Streets of Rage 2 - Good Ending.vgz",KwaK101,"Streets of Rage 2 - Good Ending"
21204,"KwaK101/Streets of Rage 2 - Go Straight.vgz",KwaK101,"Streets of Rage 2 - Go Straight"
15722,"KwaK101/Streets of Rage - Violent Breathing.vgz",KwaK101,"Streets of Rage - Violent Breathing"
34285,"KwaK101/2 Unlimited - Delight.vgz",KwaK101,"2 Unlimited - Delight"
15080,"KwaK101/Thunder Force III - Truth.vgz",KwaK101,"Thunder Force III - Truth"
39881,L1nd0/Nightdrive.vgz,L1nd0,Nightdrive
10342,"L2CLUB/Battle 1.vgz",L2CLUB,"Battle 1"
5282,"Lameguy64/Mysterous Caves.vgz",Lameguy64,"Mysterous Caves"
3899,"Lameguy64/Cave Story - Mimiga Village.vgz",Lameguy64,"Cave Story - Mimiga Village"
6103,"Legend/Central Park West BBStro.vgz",Legend,"Central Park West BBStro"
4545,Legend/Inside.vgz,Legend,Inside
4345,"Lint Huffer/Beach Chair Bay.vgz","Lint Huffer","Beach Chair Bay"
20644,"Louis Gorenfeld/Get Up!.vgz","Louis Gorenfeld","Get Up!"
32228,"Louis Gorenfeld/Fear of Notes.vgz","Louis Gorenfeld","Fear of Notes"
21957,"Louis Gorenfeld/The F in FM is for Funky.vgz","Louis Gorenfeld","The F in FM is for Funky"
40985,"Louis Gorenfeld/Streets of Rage - Fighting in the Street.vgz","Louis Gorenfeld","Streets of Rage - Fighting in the Street"
23872,"Louis Gorenfeld/Obliterator - Ingame Music.vgz","Louis Gorenfeld","Obliterator - Ingame Music"
39507,"Louis Gorenfeld/Subwave.vgz","Louis Gorenfeld",Subwave
31529,"Louis Gorenfeld/Adlib Attack (TOZ System Mix).vgz","Louis Gorenfeld","Adlib Attack (TOZ System Mix)"
30535,"Louis Gorenfeld/Into the Void.vgz","Louis Gorenfeld","Into the Void"
25387,"Louis Gorenfeld/Fantasy Zone - Opa-Opa!.vgz","Louis Gorenfeld","Fantasy Zone - Opa-Opa!"
21475,"Louis Gorenfeld/Streets of Rage - The Street of Rage.vgz","Louis Gorenfeld","Streets of Rage - The Street of Rage"
21559,"LVintageNerd/HOME - We're Finally Landing.vgz",LVintageNerd,"HOME - We're Finally Landing"
19351,"Madbit/Beyond 2000.vgz",Madbit,"Beyond 2000"
16318,"Madbit/FM Beat.vgz",Madbit,"FM Beat"
20278,"Madbit/Direct HiT.vgz",Madbit,"Direct HiT"
40884,"Madbrain/Oskari Goes to Soundblasterland.vgz",Madbrain,"Oskari Goes to Soundblasterland"
16167,"Madbrain/Weird Sounding.vgz",Madbrain,"Weird Sounding"
45441,"Madbrain/Oskari Leads the Investigation - Intro.vgz",Madbrain,"Oskari Leads the Investigation - Intro"
2175,"Madbrain/Super Mario Bros - Underground.vgz",Madbrain,"Super Mario Bros - Underground"
7057,Madbrain/Sinner.vgz,Madbrain,Sinner
23525,"Madbrain/International Crisis.vgz",Madbrain,"International Crisis"
25209,"Madbrain/Oskari Wins the Game!.vgz",Madbrain,"Oskari Wins the Game!"
9492,"Madbrain/Duke Nukem 3D - Grab Bag.vgz",Madbrain,"Duke Nukem 3D - Grab Bag"
5436,"Madbrain/Whak Punch.vgz",Madbrain,"Whak Punch"
32055,"Madbrain/Oskari Travels to a New Galaxy.vgz",Madbrain,"Oskari Travels to a New Galaxy"
68623,"Madbrain/Oskari the Heimfanker.vgz",Madbrain,"Oskari the Heimfanker"
18301,"Madness/Jester - Chipmunks.vgz",Madness,"Jester - Chipmunks"
25890,"Madness/Believe in the Past.vgz",Madness,"Believe in the Past"
13144,"Madness/Twinkle Star.vgz",Madness,"Twinkle Star"
23588,"Madness/Really Make You Sick!!.vgz",Madness,"Really Make You Sick!!"
15692,Madness/Fun.vgz,Madness,Fun
28503,Madness/Flashback.vgz,Madness,Flashback
11105,"Madness/Short Intro Mukke.vgz",Madness,"Short Intro Mukke"
19664,"Madness/Drastic Overflow.vgz",Madness,"Drastic Overflow"
21252,"Madness/Return of Gabi & Uwe.vgz",Madness,"Return of Gabi & Uwe"
25403,"Madness/Don't Shout!.vgz",Madness,"Don't Shout!"
14797,"Madness/Melt Down.vgz",Madness,"Melt Down"
14187,Madness/Prian.vgz,Madness,Prian
24135,"Madness/Went Your Ways.vgz",Madness,"Went Your Ways"
17110,"Madness/AND ONE POWER!!!.vgz",Madness,"AND ONE POWER!!!"
5105,Madness/Laughable.vgz,Madness,Laughable
30123,"Madness/Back to Reality.vgz",Madness,"Back to Reality"
10462,Madness/Game-Tune.vgz,Madness,Game-Tune
29141,"Madness/My Brain Hurtz!.vgz",Madness,"My Brain Hurtz!"
11839,Madness/Nonjanitscharenmukke.vgz,Madness,Nonjanitscharenmukke
20293,"Madness/Sphere of Influence.vgz",Madness,"Sphere of Influence"
37847,"Madness/Technix - MoonWalk.vgz",Madness,"Technix - MoonWalk"
20868,"Madness/Fly Into a Rage.vgz",Madness,"Fly Into a Rage"
17722,Madness/Jetgum.vgz,Madness,Jetgum
32135,"Madness/Chip Voices.vgz",Madness,"Chip Voices"
14215,"Madness/Ash-Becher Song.vgz",Madness,"Ash-Becher Song"
14179,"Madness/Litl Bit Cute.vgz",Madness,"Litl Bit Cute"
35981,"Madness/Lose of Control.vgz",Madness,"Lose of Control"
2893,"Mads Orbesen Troest/End of the Line.vgz","Mads Orbesen Troest","End of the Line"
11198,"Mads Orbesen Troest/Hot Butter - Popcorn.vgz","Mads Orbesen Troest","Hot Butter - Popcorn"
10037,"Mads Orbesen Troest/Tick Tock Toe.vgz","Mads Orbesen Troest","Tick Tock Toe"
7361,"Mads Orbesen Troest/Wasted Years.vgz","Mads Orbesen Troest","Wasted Years"
65393,"Mahbod Karamoozian/The Zen Challenge.vgz","Mahbod Karamoozian","The Zen Challenge"
8236,"Malfunction/Little Boring Trance.vgz",Malfunction,"Little Boring Trance"
7972,"Malfunction/Oldsk00l Songs - Chapter 001.vgz",Malfunction,"Oldsk00l Songs - Chapter 001"
16277,"Malfunction/Space Dive.vgz",Malfunction,"Space Dive"
144778,Malfunction/Deorbitation.vgz,Malfunction,Deorbitation
55742,Malfunction/OPL303.vgz,Malfunction,OPL303
8357,"Malfunction/Analog Trip.vgz",Malfunction,"Analog Trip"
72275,"Malfunction/Dancing Ishtar.vgz",Malfunction,"Dancing Ishtar"
18304,"Malfunction/FM-Tronikk (aka Altair Street Dancer).vgz",Malfunction,"FM-Tronikk (aka Altair Street Dancer)"
56659,"Malfunction/Dancing on the Glass.vgz",Malfunction,"Dancing on the Glass"
4971,Malfunction/Khaos.vgz,Malfunction,Khaos
43271,"Malfunction/Lazer Stork.vgz",Malfunction,"Lazer Stork"
10630,"Malfunction/Oldsk00l Songs - Chapter 002.vgz",Malfunction,"Oldsk00l Songs - Chapter 002"
7240,"Malfunction/Khaos 2.vgz",Malfunction,"Khaos 2"
32163,"Malfunction/Traced Dimension.vgz",Malfunction,"Traced Dimension"
9705,"Malfunction/Pink - Rob Mat Reyn Pink.vgz",Malfunction,"Pink - Rob Mat Reyn Pink"
14702,"Matt Furniss/MiG-29M Super Fulcrum - Title (Hybrid Cracktro Version).vgz","Matt Furniss","MiG-29M Super Fulcrum - Title (Hybrid Cracktro Version)"
7237,"mega9man/My Friend Dippy von Jabberflipper.vgz",mega9man,"My Friend Dippy von Jabberflipper"
129312,"MelonadeM/Perpetual Motion.vgz",MelonadeM,"Perpetual Motion"
676777,"MelonadeM/486 HEART ON FIRE.vgz",MelonadeM,"486 HEART ON FIRE"
5343,Meritaethi/Ceydip5ll-6.vgz,Meritaethi,Ceydip5ll-6
30090,Metal/www.oldskool.org.vgz,Metal,www
70676,"Metal/Plasma World.vgz",Metal,"Plasma World"
58293,"Metal/Nautical Experience.vgz",Metal,"Nautical Experience"
17243,"Metal/Tales of Scary Stuff.vgz",Metal,"Tales of Scary Stuff"
30647,"Metal/Pop Syndrom.vgz",Metal,"Pop Syndrom"
47784,"Metal/Space Ace.vgz",Metal,"Space Ace"
27676,Metal/Introism.vgz,Metal,Introism
21404,"Metal/Alttoga (Introism 2nd Version).vgz",Metal,"Alttoga (Introism 2nd Version)"
16590,"Metal/Soul Shock.vgz",Metal,"Soul Shock"
21236,"Metal/Guru Meditation.vgz",Metal,"Guru Meditation"
12530,"Metal/Geologic Funk.vgz",Metal,"Geologic Funk"
15199,"Metal/Inside Down.vgz",Metal,"Inside Down"
21524,"Metal/Inside the Organ.vgz",Metal,"Inside the Organ"
18594,Metal/Knaldout.vgz,Metal,Knaldout
27625,Metal/Fodsved.vgz,Metal,Fodsved
9412,"Metal/Plastic Session.vgz",Metal,"Plastic Session"
48600,"Metal/Il Numitare et Sulfo.vgz",Metal,"Il Numitare et Sulfo"
76360,"Metal/Brain Bug Theme.vgz",Metal,"Brain Bug Theme"
22876,Metal/Bordella.vgz,Metal,Bordella
11559,Metal/Jazz6.vgz,Metal,Jazz6
12330,"Metal/JOZZ - Jazz 1.vgz",Metal,"JOZZ - Jazz 1"
23400,miau/Nuke.vgz,miau,Nuke
24333,"michu/Jalapeno Jam.vgz",michu,"Jalapeno Jam"
32400,"mihaelkyeah/Nectaris - Manual.vgz",mihaelkyeah,"Nectaris - Manual"
21852,"MPU401/Nadia - The Secret of Blue Water - Yes! I Will.vgz",MPU401,"Nadia - The Secret of Blue Water - Yes! I Will"
46351,"MPU401/Memory of the Lemon (OPL3 Version).vgz",MPU401,"Memory of the Lemon (OPL3 Version)"
19011,"MPU401/Memory of the Lemon (OPL2 Version).vgz",MPU401,"Memory of the Lemon (OPL2 Version)"
2452,"MPU401/Laputa - Castle in the Sky (Image Album) - Sheeta and Pazu.vgz",MPU401,"Laputa - Castle in the Sky (Image Album) - Sheeta and Pazu"
5563,"MPU401/Drax - Street Wise.vgz",MPU401,"Drax - Street Wise"
16457,"MrKsoft/Knuckles' Chaotix - Door Into Summer.vgz",MrKsoft,"Knuckles' Chaotix - Door Into Summer"
10069,"MrKsoft/Rico Zerone - Empty Beach.vgz",MrKsoft,"Rico Zerone - Empty Beach"
5384,"MrKsoft/Trippin' on MSD.vgz",MrKsoft,"Trippin' on MSD"
23866,"MrKsoft/Spindizzy II - Nice Day.vgz",MrKsoft,"Spindizzy II - Nice Day"
54199,"MrKsoft/Castlevania - Order of Ecclesia - Riddle.vgz",MrKsoft,"Castlevania - Order of Ecclesia - Riddle"
20950,"MrKsoft/JCH - Commercial Rhythm.vgz",MrKsoft,"JCH - Commercial Rhythm"
7352,"MrKsoft/Streets of Rage - Violent Breathing.vgz",MrKsoft,"Streets of Rage - Violent Breathing"
29686,"MrKsoft/Eschatos - Survive.vgz",MrKsoft,"Eschatos - Survive"
2627,MSK/Ged3.vgz,MSK,Ged3
7642,MSK/Fresh.vgz,MSK,Fresh
14437,"MSK/En Lille Test.vgz",MSK,"En Lille Test"
13704,"naruto/MoonDriver for OPL3 DEMO 001.vgz",naruto,"MoonDriver for OPL3 DEMO 001"
10434,"naruto/MoonDriver for OPL3 DEMO 002.vgz",naruto,"MoonDriver for OPL3 DEMO 002"
8414,"naruto/MoonDriver for OPL3 DEMO 003.vgz",naruto,"MoonDriver for OPL3 DEMO 003"
8074,"naruto/MoonDriver for OPL3 DEMO 004.vgz",naruto,"MoonDriver for OPL3 DEMO 004"
34090,"Navy/Neon Genesis Evangelion - A Cruel Angel's Thesis.vgz",Navy,"Neon Genesis Evangelion - A Cruel Angel's Thesis"
21466,"Navy/Radiohead - Creep.vgz",Navy,"Radiohead - Creep"
8245,"Nikacha/Cutie Suzuki no Ringside Angel - Title.vgz",Nikacha,"Cutie Suzuki no Ringside Angel - Title"
16470,"Nikacha/NiGHTS into Dreams... - Dreams Dreams in Silent Memory.vgz",Nikacha,"NiGHTS into Dreams"
7310,"Nikacha/Shining in the Darkness - Tavern.vgz",Nikacha,"Shining in the Darkness - Tavern"
7118,"Nikacha/Jacques Offenbach - Infernal Galop.vgz",Nikacha,"Jacques Offenbach - Infernal Galop"
9061,"Nikacha/Midnight Resistance - Surging! Power.vgz",Nikacha,"Midnight Resistance - Surging! Power"
7735,"Nikacha/Shining in the Darkness - Search for Princess Claire.vgz",Nikacha,"Shining in the Darkness - Search for Princess Claire"
6910,"Nikacha/Cutie Suzuki no Ringside Angel - Ending.vgz",Nikacha,"Cutie Suzuki no Ringside Angel - Ending"
15778,"Nikacha/Ys III - Trading Town of Redmont.vgz",Nikacha,"Ys III - Trading Town of Redmont"
25666,"Nikacha/Ys II - Stay With Me Forever.vgz",Nikacha,"Ys II - Stay With Me Forever"
6469,"Nikacha/Hiryu no Ken III - 5 Nin no Ryu Senshi - Main Theme.vgz",Nikacha,"Hiryu no Ken III - 5 Nin no Ryu Senshi - Main Theme"
2304,nitrofurano/Jindungo.vgz,nitrofurano,Jindungo
30210,"No-XS/1991 Donut.vgz",No-XS,"1991 Donut"
5687,"Notademoscener/Angry Adlib.vgz",Notademoscener,"Angry Adlib"
8029,"Notademoscener/Double Adlib.vgz",Notademoscener,"Double Adlib"
6481,"now_its_dark/Sector 03.vgz",now_its_dark,"Sector 03"
4392,"Nula/Radix - Unreal Superhero.vgz",Nula,"Radix - Unreal Superhero"
6892,Nula/Reilax3.vgz,Nula,Reilax3
7112,Nula/Psycho5.vgz,Nula,Psycho5
1460,"Nula/Alley Cut - Title.vgz",Nula,"Alley Cut - Title"
3468,"Nula/Alley Cut - Credits.vgz",Nula,"Alley Cut - Credits"
5163,"Nula/Tempest - Zen-Bowling.vgz",Nula,"Tempest - Zen-Bowling"
16397,"Nula/A Prehistoric Tale (Atari ST) - Level BGM 4.vgz",Nula,"A Prehistoric Tale (Atari ST) - Level BGM 4"
6565,Nula/Cracker.vgz,Nula,Cracker
5459,"Nula/Super Mario Land - Birabuto Kingdom.vgz",Nula,"Super Mario Land - Birabuto Kingdom"
4736,"Nula/'POGROMA' Game Loader.vgz",Nula,"'POGROMA' Game Loader"
5200,"Nula/Alley Cut - Main.vgz",Nula,"Alley Cut - Main"
5058,Nula/Matkamies.vgz,Nula,Matkamies
11829,"Nula/MSK - Fresh.vgz",Nula,"MSK - Fresh"
1542,"Nula/Quazar - Funky Stars.vgz",Nula,"Quazar - Funky Stars"
6073,Nula/Minus.vgz,Nula,Minus
3417,"Nula/Juippi - Kulje.vgz",Nula,"Juippi - Kulje"
2182,"Nula/Zalza - Gote Gar Pa Tivoli.vgz",Nula,"Zalza - Gote Gar Pa Tivoli"
2832,Nula/Zandax.vgz,Nula,Zandax
5343,Nula/Psycho3x.vgz,Nula,Psycho3x
7338,"Nula/Rez - Unreal Superhero 2.vgz",Nula,"Rez - Unreal Superhero 2"
12414,Nula/Pozitiff.vgz,Nula,Pozitiff
4864,"Nula/Zalza - Gummi Bjornarna.vgz",Nula,"Zalza - Gummi Bjornarna"
3957,Nula/Imadick.vgz,Nula,Imadick
8802,"Nula/Jugi - Onward.vgz",Nula,"Jugi - Onward"
2544,Nula/Sparapaaczci.vgz,Nula,Sparapaaczci
5752,"Nula/4-Mat - Menuloader.vgz",Nula,"4-Mat - Menuloader"
13922,"Nula/Laxity - The Alibi (Summertime).vgz",Nula,"Laxity - The Alibi (Summertime)"
5960,"null1024/Light Sky.vgz",null1024,"Light Sky"
8536,null1024/Gigamega.vgz,null1024,Gigamega
3726,"null1024/Food System.vgz",null1024,"Food System"
11267,null1024/Oxidate.vgz,null1024,Oxidate
19560,"orient/Rally-X - Theme.vgz",orient,"Rally-X - Theme"
7218,"OxygenStar/The Lazy Gnome.vgz",OxygenStar,"The Lazy Gnome"
6809,"OxygenStar/Bagel Bite Beats.vgz",OxygenStar,"Bagel Bite Beats"
21563,"OxygenStar/Involuntary Surgery.vgz",OxygenStar,"Involuntary Surgery"
4079,"OxygenStar/From Deaf Compo.vgz",OxygenStar,"From Deaf Compo"
11168,"OxygenStar/Universal Health Scare.vgz",OxygenStar,"Universal Health Scare"
22095,"OxygenStar/The Complete Devastation of Planet Earth.vgz",OxygenStar,"The Complete Devastation of Planet Earth"
14299,"OxygenStar/Bring the Pain.vgz",OxygenStar,"Bring the Pain"
15767,"OxygenStar/Enjoy the Violence.vgz",OxygenStar,"Enjoy the Violence"
23922,"OxygenStar/Big Trouble in Little China.vgz",OxygenStar,"Big Trouble in Little China"
6826,"OxygenStar/Gift 001.vgz",OxygenStar,"Gift 001"
3510,"OxygenStar/Gift 002.vgz",OxygenStar,"Gift 002"
27412,"OxygenStar/Left Out.vgz",OxygenStar,"Left Out"
4081,"OxygenStar/C3 Comp Entry.vgz",OxygenStar,"C3 Comp Entry"
17694,"OxygenStar/deadmau5 - Ghosts 'n' Stuff.vgz",OxygenStar,"deadmau5 - Ghosts 'n' Stuff"
11687,"OxygenStar/I Used to Love Her.vgz",OxygenStar,"I Used to Love Her"
12661,"Paper/The Legend of Zelda - Ocarina of Time - Gerudo Valley.vgz",Paper,"The Legend of Zelda - Ocarina of Time - Gerudo Valley"
3958,"Paper/konakonaa - Kona-chan's Laying With Me at Home.vgz",Paper,"konakonaa - Kona-chan's Laying With Me at Home"
3098,"Peter Gantar/Miha Kralj - Andromeda.vgz","Peter Gantar","Miha Kralj - Andromeda"
18039,"Phandral/Forest Shadows.vgz",Phandral,"Forest Shadows"
10137,"Phandral/Elusive Dreams.vgz",Phandral,"Elusive Dreams"
17035,"Phandral/Ancestral Chimes.vgz",Phandral,"Ancestral Chimes"
7586,"Phandral/Silent Voyage.vgz",Phandral,"Silent Voyage"
4383,"Phandral/Christmas Song.vgz",Phandral,"Christmas Song"
22554,"Phandral/Tastes Like Fish.vgz",Phandral,"Tastes Like Fish"
28397,"Phandral/Arpeggio Domination.vgz",Phandral,"Arpeggio Domination"
44660,"Phandral/Lightforce - Title Screen.vgz",Phandral,"Lightforce - Title Screen"
17361,Phandral/Rain.vgz,Phandral,Rain
18360,Phandral/VoxelRunner.vgz,Phandral,VoxelRunner
11279,"Phandral/Virtual Light.vgz",Phandral,"Virtual Light"
15299,Phandral/SkyChase.vgz,Phandral,SkyChase
10473,"Phandral/Intro Tune 2.vgz",Phandral,"Intro Tune 2"
24196,Phandral/Spiral.vgz,Phandral,Spiral
2450,"Phandral/Silent One.vgz",Phandral,"Silent One"
11007,Phandral/Dreaming.vgz,Phandral,Dreaming
31144,"Phandral/Vibrations II.vgz",Phandral,"Vibrations II"
41312,"Phandral/Napalm Loadertune.vgz",Phandral,"Napalm Loadertune"
25991,Phandral/Marbles.vgz,Phandral,Marbles
26641,"Phandral/Hydrogenic Flanger.vgz",Phandral,"Hydrogenic Flanger"
31614,Phandral/Aggresso.vgz,Phandral,Aggresso
22661,"pigdevil2010/Endless Break (Short Ver).vgz",pigdevil2010,"Endless Break (Short Ver)"
16291,"pigdevil2010/The Coming of Winter.vgz",pigdevil2010,"The Coming of Winter"
33085,"Platosha/ATB - 9 PM (Till I Come).vgz",Platosha,"ATB - 9 PM (Till I Come)"
7792,"plus/Blink Dream.vgz",plus,"Blink Dream"
6259,Post-Retro/AdLie.vgz,Post-Retro,AdLie
5361,"Purple Motion/Starport BBS Introtune.vgz","Purple Motion","Starport BBS Introtune"
8622,"Raijin/Waterworld (SNES) - Map.vgz",Raijin,"Waterworld (SNES) - Map"
10797,rainwarrior/B.RAD.vgz,rainwarrior,B
23970,"raphaelgoulart/Gentle Words.vgz",raphaelgoulart,"Gentle Words"
2674,"raphaelgoulart/Rushed Adlib Entry.vgz",raphaelgoulart,"Rushed Adlib Entry"
78195,"Ravencloak/Thinking About Those Clouds.vgz",Ravencloak,"Thinking About Those Clouds"
2650,"Ray Hamilton/Nighty Night.vgz","Ray Hamilton","Nighty Night"
7670,"Ray Hamilton/Acai World.vgz","Ray Hamilton","Acai World"
7102,"Ray Hamilton/Liquorice World.vgz","Ray Hamilton","Liquorice World"
26191,"Razerek/Permanently Confused.vgz",Razerek,"Permanently Confused"
58089,"Rebible/Karsten Koch - Aryx.vgz",Rebible,"Karsten Koch - Aryx"
31700,"Rebible/Ace of Base - Beautiful Life.vgz",Rebible,"Ace of Base - Beautiful Life"
17918,"Rebible/Play Ground.vgz",Rebible,"Play Ground"
6154,"Rebible/Real McCoy - Another Night.vgz",Rebible,"Real McCoy - Another Night"
8380,"Rebible/Rave Dance Far Away.vgz",Rebible,"Rave Dance Far Away"
8832,"Rebible/Nirvana - Smells Like Teen Spirit.vgz",Rebible,"Nirvana - Smells Like Teen Spirit"
9912,"Rebible/CR II.vgz",Rebible,"CR II"
25002,"reinhard/Street Fighter II - Guile Stage.vgz",reinhard,"Street Fighter II - Guile Stage"
67557,"reinhard/Ys III - The Boy's Got Wings.vgz",reinhard,"Ys III - The Boy's Got Wings"
9451,"reinhard/Romancing SaGa 2 - Seven Heroes Battle.vgz",reinhard,"Romancing SaGa 2 - Seven Heroes Battle"
9387,"reinhard/Romancing SaGa 2 - Opening Title.vgz",reinhard,"Romancing SaGa 2 - Opening Title"
16016,"reinhard/Raiden II - Repeated Tragedy.vgz",reinhard,"Raiden II - Repeated Tragedy"
17381,"reinhard/Fatal Fury - Kiss for Geese (Geese Howard Theme).vgz",reinhard,"Fatal Fury - Kiss for Geese (Geese Howard Theme)"
8764,"reinhard/Super Mario World - Title Screen.vgz",reinhard,"Super Mario World - Title Screen"
8527,"reinhard/Romancing SaGa 2 - Empire City Avalon.vgz",reinhard,"Romancing SaGa 2 - Empire City Avalon"
13099,"reinhard/Ys II - To Make the End of Battle.vgz",reinhard,"Ys II - To Make the End of Battle"
15081,"reinhard/Ys IV - The Dawn of Ys.vgz",reinhard,"Ys IV - The Dawn of Ys"
15169,"Rene Verhaag/Nightlife.vgz","Rene Verhaag",Nightlife
4206,"Rene Verhaag/Jan Hammer - Tubbs and Valerie.vgz","Rene Verhaag","Jan Hammer - Tubbs and Valerie"
5378,"Rene Verhaag/Jan Hammer - Crockett's Theme.vgz","Rene Verhaag","Jan Hammer - Crockett's Theme"
9809,"Rene Verhaag/Shorty's Theme.vgz","Rene Verhaag","Shorty's Theme"
9123,"Rene Verhaag/Jan Hammer - Forever Tonight.vgz","Rene Verhaag","Jan Hammer - Forever Tonight"
34737,"RGB/Summer Night on the Plain.vgz",RGB,"Summer Night on the Plain"
13185,"s.p.i.k.e/Bon Jovi - Never Say Goodbye.vgz",s.p.i.k.e,"Bon Jovi - Never Say Goodbye"
43186,"Sami Wilenius/Surrounding.vgz","Sami Wilenius",Surrounding
39648,"Sami Wilenius/Who Won.vgz","Sami Wilenius","Who Won"
13458,"Sami Wilenius/Keyb.vgz","Sami Wilenius",Keyb
41926,"Sami Wilenius/Mouse.vgz","Sami Wilenius",Mouse
29862,"Sami Wilenius/Carpet.vgz","Sami Wilenius",Carpet
2309,Savestate/Dirty.vgz,Savestate,Dirty
7088,"Savestate/Hotkey Hell.vgz",Savestate,"Hotkey Hell"
5852,"Savestate/Bathroom Blaster.vgz",Savestate,"Bathroom Blaster"
2931,"Savestate/A Memoir Set in Sound.vgz",Savestate,"A Memoir Set in Sound"
4615,"Scalex/ANTology Synthetic Version 1.0.vgz",Scalex,"ANTology Synthetic Version 1"
3971,"Scooblee/Sonic the Hedgehog 4 - Episode 1 - Splash Hill Zone Act 1.vgz",Scooblee,"Sonic the Hedgehog 4 - Episode 1 - Splash Hill Zone Act 1"
10312,"Sean Connolly/Unknown - Perception Test.vgz","Sean Connolly","Unknown - Perception Test"
13310,"Sean Connolly/Turn 'n Burn - Theme.vgz","Sean Connolly","Turn 'n Burn - Theme"
10050,"Sean Connolly/Noisy Pillars - Tune 1.vgz","Sean Connolly","Noisy Pillars - Tune 1"
38103,"Sean Connolly/Bex Gurney - Ridin' the Waves.vgz","Sean Connolly","Bex Gurney - Ridin' the Waves"
35837,"Sean Connolly/Stein Pedersen - On a Rainy Day.vgz","Sean Connolly","Stein Pedersen - On a Rainy Day"
31631,"Sean Connolly/The Human Race - The Final Chapter.vgz","Sean Connolly","The Human Race - The Final Chapter"
15022,"Sexton/Hobbits and Dragons.vgz",Sexton,"Hobbits and Dragons"
7401,"SexyElf/Some Brutal.vgz",SexyElf,"Some Brutal"
11896,"SexyElf/Old God.vgz",SexyElf,"Old God"
7517,"SexyElf/Underground Cave Complex.vgz",SexyElf,"Underground Cave Complex"
25734,"SexyElf/FAT 9.vgz",SexyElf,"FAT 9"
8391,"Silent Mode/Kerem.vgz","Silent Mode",Kerem
8501,"Silent Mode/Joop.vgz","Silent Mode",Joop
30175,"Silhouetti/Globe - Feel Like Dance.vgz",Silhouetti,"Globe - Feel Like Dance"
50277,"Silhouetti/T-Square - Door to Tomorrow.vgz",Silhouetti,"T-Square - Door to Tomorrow"
69080,"Silhouetti/Martian Successor Nadesico - Watashi Rashiku.vgz",Silhouetti,"Martian Successor Nadesico - Watashi Rashiku"
92332,"Silhouetti/T-Square - Triumph.vgz",Silhouetti,"T-Square - Triumph"
46395,"Silhouetti/Tenchi Muyo! Ryo-Ohki - Ren'ai no Sainou.vgz",Silhouetti,"Tenchi Muyo! Ryo-Ohki - Ren'ai no Sainou"
70549,"Silhouetti/T-Square - Takarajima.vgz",Silhouetti,"T-Square - Takarajima"
17310,"Sir Vega/Beginnings.vgz","Sir Vega",Beginnings
12727,"Skaven/First Adlib Attempt.vgz",Skaven,"First Adlib Attempt"
2713,"Skaven/Starport BBS Intro.vgz",Skaven,"Starport BBS Intro"
130734,"Skuld/Snow Party (OPL3 Version).vgz",Skuld,"Snow Party (OPL3 Version)"
37968,"Skuld/Snow Party (OPL2 Version).vgz",Skuld,"Snow Party (OPL2 Version)"
31506,"Skuld/Kimagure Orange Road - Natsu no Mirage.vgz",Skuld,"Kimagure Orange Road - Natsu no Mirage"
56000,"Skuld/Nadia - The Secret of Blue Water - Blue Water.vgz",Skuld,"Nadia - The Secret of Blue Water - Blue Water"
2040,"Slimeball/Breaking the Rules of Tonality.vgz",Slimeball,"Breaking the Rules of Tonality"
23377,"Sly/Skeleton Rock.vgz",Sly,"Skeleton Rock"
24538,"Sly/Scorched Earth - AdFlip 01.vgz",Sly,"Scorched Earth - AdFlip 01"
3388,"SnugglyBun/Wolfenstein 3D - Wondering About My Loved Ones.vgz",SnugglyBun,"Wolfenstein 3D - Wondering About My Loved Ones"
17531,Snyderman/OPL2.1.vgz,Snyderman,OPL2
3339,"spaztron64/Madou Monogatari 1-2-3 - Opening (Version 1).vgz",spaztron64,"Madou Monogatari 1-2-3 - Opening (Version 1)"
54301,"spaztron64/Desire (PC-9821) - Spiral.vgz",spaztron64,"Desire (PC-9821) - Spiral"
8867,"spaztron64/Touhou Gensoukyou - Lotus Land Story - Break The Sabbath.vgz",spaztron64,"Touhou Gensoukyou - Lotus Land Story - Break The Sabbath"
5277,"spaztron64/Sonic the Hedgehog 3 - Hard Bosses Edition 2 v400.0 - Act 2 Boss.vgz",spaztron64,"Sonic the Hedgehog 3 - Hard Bosses Edition 2 v400"
5439,"spaztron64/Sonic the Hedgehog 3 & Knuckles - Flying Battery Zone Act 2 (OPL3 Version).vgz",spaztron64,"Sonic the Hedgehog 3 & Knuckles - Flying Battery Zone Act 2 (OPL3 Version)"
92283,"spaztron64/Touhou Gensoukyou - Lotus Land Story - Inanimate Dream (Beta+Final Mashup).vgz",spaztron64,"Touhou Gensoukyou - Lotus Land Story - Inanimate Dream (Beta+Final Mashup)"
8150,"spaztron64/Sonic the Hedgehog 3 & Knuckles - Flying Battery Zone Act 2 (OPL2 Version).vgz",spaztron64,"Sonic the Hedgehog 3 & Knuckles - Flying Battery Zone Act 2 (OPL2 Version)"
17603,"spaztron64/Popful Mail - Jungle (Battle).vgz",spaztron64,"Popful Mail - Jungle (Battle)"
8772,"spaztron64/Madou Monogatari 1-2-3 - Try Out (Version 1).vgz",spaztron64,"Madou Monogatari 1-2-3 - Try Out (Version 1)"
11596,"spaztron64/Touhou Reiiden - Highly Responsive to Prayers - Angel of a Distant Star.vgz",spaztron64,"Touhou Reiiden - Highly Responsive to Prayers - Angel of a Distant Star"
23251,"spaztron64/Super Street Fighter II - Vega Stage.vgz",spaztron64,"Super Street Fighter II - Vega Stage"
110779,"spaztron64/Laputa - Castle in the Sky (Image Album) - Sheeta and Pazu (OPL3 Version).vgz",spaztron64,"Laputa - Castle in the Sky (Image Album) - Sheeta and Pazu (OPL3 Version)"
114103,"spaztron64/Laputa - Castle in the Sky (Image Album) - Sheeta and Pazu (OPL2 Version).vgz",spaztron64,"Laputa - Castle in the Sky (Image Album) - Sheeta and Pazu (OPL2 Version)"
11769,"spaztron64/Touhou Reiiden - Highly Responsive to Prayers - Angel's Legend.vgz",spaztron64,"Touhou Reiiden - Highly Responsive to Prayers - Angel's Legend"
7314,"spaztron64/System Shock - Intro.vgz",spaztron64,"System Shock - Intro"
6584,"spaztron64/Prince of Persia (PC98-X68000) - Decorated Room.vgz",spaztron64,"Prince of Persia (PC98-X68000) - Decorated Room"
60048,"spaztron64/Rusty - Queen in the Dark Night (OPL2 Version).vgz",spaztron64,"Rusty - Queen in the Dark Night (OPL2 Version)"
5458,"spaztron64/Madou Monogatari 1-2-3 - An Enemy Approaches.vgz",spaztron64,"Madou Monogatari 1-2-3 - An Enemy Approaches"
66289,"spaztron64/Rusty - Queen in the Dark Night (OPL3 Version).vgz",spaztron64,"Rusty - Queen in the Dark Night (OPL3 Version)"
13826,"spaztron64/Cho Ren Sha 68K - Chips!! (OPL2 Version).vgz",spaztron64,"Cho Ren Sha 68K - Chips!! (OPL2 Version)"
17980,"spaztron64/Cho Ren Sha 68K - Chips!! (OPL3 Version).vgz",spaztron64,"Cho Ren Sha 68K - Chips!! (OPL3 Version)"
9805,"spaztron64/Cosmic Carnage - Naruto's Stage (Fully Armored).vgz",spaztron64,"Cosmic Carnage - Naruto's Stage (Fully Armored)"
8298,"spaztron64/Alien 3 (NES) - Missions 1 & 2 (Version 2).vgz",spaztron64,"Alien 3 (NES) - Missions 1 & 2 (Version 2)"
26179,"spaztron64/Cho Ren Sha 68K - Justice of Galaxy.vgz",spaztron64,"Cho Ren Sha 68K - Justice of Galaxy"
14380,"spaztron64/Corpse Party - Exploration Theme.vgz",spaztron64,"Corpse Party - Exploration Theme"
75036,"spaztron64/Touhou Kouryuudou - Unconnected Marketeers - Where Is That Bustling Marketplace Now - Immemorial Marketeers.vgz",spaztron64,"Touhou Kouryuudou - Unconnected Marketeers - Where Is That Bustling Marketplace Now - Immemorial Marketeers"
6674,"spaztron64/Madou Monogatari 1-2-3 - Try Out (Version 2).vgz",spaztron64,"Madou Monogatari 1-2-3 - Try Out (Version 2)"
31779,"spaztron64/Alien 3 (NES) - Missions 1 & 2 (Version 3A).vgz",spaztron64,"Alien 3 (NES) - Missions 1 & 2 (Version 3A)"
23780,"spaztron64/Zero Wing - New Day For Me.vgz",spaztron64,"Zero Wing - New Day For Me"
2695,"spaztron64/AmbivalenZ - Deep Psyche.vgz",spaztron64,"AmbivalenZ - Deep Psyche"
35806,"spaztron64/Xenon - Mugen no Shitai - Synaps (OPL3 Version).vgz",spaztron64,"Xenon - Mugen no Shitai - Synaps (OPL3 Version)"
16283,"spaztron64/Desire (PC-9821) - Fact.vgz",spaztron64,"Desire (PC-9821) - Fact"
35752,"spaztron64/Xenon - Mugen no Shitai - Synaps (OPL2 Version).vgz",spaztron64,"Xenon - Mugen no Shitai - Synaps (OPL2 Version)"
3626,"spaztron64/Madou Monogatari 1-2-3 - Opening (Version 2).vgz",spaztron64,"Madou Monogatari 1-2-3 - Opening (Version 2)"
51936,"spaztron64/Brandish 2 - The Planet Buster - Prison (OPL2 Version).vgz",spaztron64,"Brandish 2 - The Planet Buster - Prison (OPL2 Version)"
7063,"spaztron64/Sonic the Hedgehog 3 & Knuckles - Flying Battery Zone Act 1 (OPL2 Version).vgz",spaztron64,"Sonic the Hedgehog 3 & Knuckles - Flying Battery Zone Act 1 (OPL2 Version)"
61594,"spaztron64/Brandish 2 - The Planet Buster - Prison (OPL3 Version).vgz",spaztron64,"Brandish 2 - The Planet Buster - Prison (OPL3 Version)"
7376,"spaztron64/Sonic the Hedgehog 3 & Knuckles - Flying Battery Zone Act 1 (OPL3 Version).vgz",spaztron64,"Sonic the Hedgehog 3 & Knuckles - Flying Battery Zone Act 1 (OPL3 Version)"
4467,"spaztron64/Madou Monogatari 1-2-3 - The Return of the Magic Girl Part 2.vgz",spaztron64,"Madou Monogatari 1-2-3 - The Return of the Magic Girl Part 2"
46844,"spaztron64/Queen of Duelist Gaiden Alpha - Great Takegami.vgz",spaztron64,"Queen of Duelist Gaiden Alpha - Great Takegami"
11666,"spaztron64/Sonic the Hedgehog 3 & Knuckles - Angel Island Zone Act 2 (OPL2 Version).vgz",spaztron64,"Sonic the Hedgehog 3 & Knuckles - Angel Island Zone Act 2 (OPL2 Version)"
26500,"spaztron64/Satori Corpse Party (Mashup).vgz",spaztron64,"Satori Corpse Party (Mashup)"
11962,"spaztron64/Sonic the Hedgehog 3 & Knuckles - Angel Island Zone Act 2 (OPL3 Version).vgz",spaztron64,"Sonic the Hedgehog 3 & Knuckles - Angel Island Zone Act 2 (OPL3 Version)"
6587,"spaztron64/Portal (C64) - Stage Theme.vgz",spaztron64,"Portal (C64) - Stage Theme"
2645,"Speedstar/World of Fantasy.vgz",Speedstar,"World of Fantasy"
2833,"Speedstar/Move to the Beat.vgz",Speedstar,"Move to the Beat"
2688,Speedstar/Remembrance.vgz,Speedstar,Remembrance
3393,"Speedstar/Adventure in Jungle.vgz",Speedstar,"Adventure in Jungle"
2382,"Speedstar/Music Explosion.vgz",Speedstar,"Music Explosion"
2327,"Speedstar/Come to Dance.vgz",Speedstar,"Come to Dance"
7356,"Speedy/Undertale - Megalovania.vgz",Speedy,"Undertale - Megalovania"
21749,"Speedy/Thunder Force IV - Metal Squad (Stage 8).vgz",Speedy,"Thunder Force IV - Metal Squad (Stage 8)"
7083,"Speedy/M.U.S.H.A. - For the Love of.vgz",Speedy,M
6985,"Speedy/Ys I - Battle Ground.vgz",Speedy,"Ys I - Battle Ground"
3728,"Spinning Voices/Depeche Mode - New Life.vgz","Spinning Voices","Depeche Mode - New Life"
16262,"Spring/Mighty Kingdom of Stupidum.vgz",Spring,"Mighty Kingdom of Stupidum"
28414,"Strobe/Siamese Brains.vgz",Strobe,"Siamese Brains"
19824,"Strobe/Ge Nala.vgz",Strobe,"Ge Nala"
19630,"Strobe/Nebula Warrior.vgz",Strobe,"Nebula Warrior"
5970,"subz3ro/1942 (C64) - Theme.vgz",subz3ro,"1942 (C64) - Theme"
26030,"subz3ro/Benjamin Gerardin - FMaven63b.vgz",subz3ro,"Benjamin Gerardin - FMaven63b"
18136,"subz3ro/Maktone - Class05.vgz",subz3ro,"Maktone - Class05"
6486,"subz3ro/Delta - Title Screen.vgz",subz3ro,"Delta - Title Screen"
6354,"subz3ro/Hydra - Crack It.vgz",subz3ro,"Hydra - Crack It"
24829,"subz3ro/Hydra & NHP - Intro Coop Tune.vgz",subz3ro,"Hydra & NHP - Intro Coop Tune"
5464,"subz3ro/Psychedelic Sound Synthesis.vgz",subz3ro,"Psychedelic Sound Synthesis"
10419,"SuperJet Spade/Mario & Luigi - Bowser's Inside Story - Deep Castle (Inside Bowser).vgz","SuperJet Spade","Mario & Luigi - Bowser's Inside Story - Deep Castle (Inside Bowser)"
23302,"SuperJet Spade/FADE - Mocktail Hour.vgz","SuperJet Spade","FADE - Mocktail Hour"
19424,"SuperJet Spade/Kirby 64 - The Crystal Shards - Factory Inspection.vgz","SuperJet Spade","Kirby 64 - The Crystal Shards - Factory Inspection"
19271,"SuperJet Spade/Sol-Feace - Mission 2 - Cilius Moon Weapon Factory.vgz","SuperJet Spade","Sol-Feace - Mission 2 - Cilius Moon Weapon Factory"
15577,"SuperJet Spade/Mint Condition.vgz","SuperJet Spade","Mint Condition"
5483,"SuperJet Spade/4-Mat - Empty (512 Bytes).vgz","SuperJet Spade","4-Mat - Empty (512 Bytes)"
52277,"SuperJet Spade/RigidatoMS - Hard Transition.vgz","SuperJet Spade","RigidatoMS - Hard Transition"
22806,"SuperJet Spade/Battle Garegga - Fly to the Leaden Sky (Stage 1).vgz","SuperJet Spade","Battle Garegga - Fly to the Leaden Sky (Stage 1)"
8647,"SuperJet Spade/OPL3 4OP Test Tune.vgz","SuperJet Spade","OPL3 4OP Test Tune"
17753,"SuperJet Spade/Grant Harper - Something Mega Drive This Way Comes.vgz","SuperJet Spade","Grant Harper - Something Mega Drive This Way Comes"
30500,"Suzune Takada/Plutonia MIDI Pack - Blood Rush.vgz","Suzune Takada","Plutonia MIDI Pack - Blood Rush"
14862,"Suzune Takada/Tony Igy - Astronomia.vgz","Suzune Takada","Tony Igy - Astronomia"
24845,"Suzune Takada/BanG Dream! Girls Band Party! - Yes! BanG_Dream!.vgz","Suzune Takada","BanG Dream! Girls Band Party! - Yes! BanG_Dream!"
19312,"Suzune Takada/Tetris - Korobeiniki.vgz","Suzune Takada","Tetris - Korobeiniki"
4833,"Suzune Takada/Pikotaro - PPAP (Pen-Pineapple-Apple-Pen).vgz","Suzune Takada","Pikotaro - PPAP (Pen-Pineapple-Apple-Pen)"
2527,"Svetlana Tovarisch/dusthillguy - The Theme of Y0nas K4rjal4inen.vgz","Svetlana Tovarisch","dusthillguy - The Theme of Y0nas K4rjal4inen"
39989,"SwapXFO/Midnight Dog Orchestra.vgz",SwapXFO,"Midnight Dog Orchestra"
6456,SynaMax/Twitch.vgz,SynaMax,Twitch
18004,SynaMax/NEWPAGA.vgz,SynaMax,NEWPAGA
2410,SynaMax/0xFF.vgz,SynaMax,0xFF
8740,SynaMax/E0.vgz,SynaMax,E0
10010,"TakuikaNinja/Strollin' in the Fields.vgz",TakuikaNinja,"Strollin' in the Fields"
22141,Teetow/Twisted.vgz,Teetow,Twisted
19347,"Televicious/A Synth.vgz",Televicious,"A Synth"
6238,Televicious/Woods.vgz,Televicious,Woods
9848,Televicious/Slap.vgz,Televicious,Slap
20543,"Televicious/Rodent's Revenge.vgz",Televicious,"Rodent's Revenge"
11522,Televicious/Bounce.vgz,Televicious,Bounce
22081,"Televicious/FM Nexus 69.vgz",Televicious,"FM Nexus 69"
11841,Televicious/Badlib.vgz,Televicious,Badlib
10720,"Televicious/SCARY BITS.vgz",Televicious,"SCARY BITS"
4098,"Televicious/A Trick.vgz",Televicious,"A Trick"
6436,"Televicious/Yelling at the Floor.vgz",Televicious,"Yelling at the Floor"
18638,Televicious/Icfmvoice.vgz,Televicious,Icfmvoice
3419,Televicious/Phaat.vgz,Televicious,Phaat
24021,"Televicious/Cleared Path.vgz",Televicious,"Cleared Path"
12387,"Televicious/4th Coast.vgz",Televicious,"4th Coast"
18909,"Televicious/Gate Array.vgz",Televicious,"Gate Array"
14960,Televicious/Sunny.vgz,Televicious,Sunny
13370,Televicious/Build.vgz,Televicious,Build
6183,"Televicious/Rockin' Norm.vgz",Televicious,"Rockin' Norm"
13942,Televicious/Cwack.vgz,Televicious,Cwack
8176,Televicious/Shit.vgz,Televicious,Shit
4676,"Televicious/Yellow Wednesday.vgz",Televicious,"Yellow Wednesday"
12244,"Televicious/Top Gear 2.vgz",Televicious,"Top Gear 2"
16453,"Televicious/Teknoh Kapital.vgz",Televicious,"Teknoh Kapital"
12914,Televicious/Suffer.vgz,Televicious,Suffer
29064,"Televicious/Tear It Down.vgz",Televicious,"Tear It Down"
12805,"Televicious/Water Crystals.vgz",Televicious,"Water Crystals"
11522,"Televicious/All Full.vgz",Televicious,"All Full"
2634,Televicious/Bopptoda.vgz,Televicious,Bopptoda
18596,"Televicious/Fucky Rev.vgz",Televicious,"Fucky Rev"
10197,Televicious/Stuffage.vgz,Televicious,Stuffage
7771,Televicious/Phased.vgz,Televicious,Phased
17180,Televicious/DiM.vgz,Televicious,DiM
19094,Televicious/Macroroni.vgz,Televicious,Macroroni
17828,Televicious/Boom.vgz,Televicious,Boom
23504,"Televicious/Aye Yay Yay.vgz",Televicious,"Aye Yay Yay"
21538,"Televicious/Shop Hard.vgz",Televicious,"Shop Hard"
10093,Televicious/Antilato.vgz,Televicious,Antilato
1954,Televicious/Libretto.vgz,Televicious,Libretto
9198,Televicious/Discworld.vgz,Televicious,Discworld
13932,Televicious/Commposter.vgz,Televicious,Commposter
6046,"Televicious/Diode Milliampere - XMISSION (Televicious Edit).vgz",Televicious,"Diode Milliampere - XMISSION (Televicious Edit)"
5477,"Televicious/Bad Traffic.vgz",Televicious,"Bad Traffic"
13909,"Televicious/Drumb n Bass.vgz",Televicious,"Drumb n Bass"
4987,"Televicious/Boppin B.vgz",Televicious,"Boppin B"
9254,"Televicious/The Dead Leave.vgz",Televicious,"The Dead Leave"
9807,Televicious/Butterflies.vgz,Televicious,Butterflies
11314,"Televicious/Filthy Crackers.vgz",Televicious,"Filthy Crackers"
3384,"Televicious/Not Funny.vgz",Televicious,"Not Funny"
65849,"Televicious/Malfunction - Lazer Stork (Televicious Edit).vgz",Televicious,"Malfunction - Lazer Stork (Televicious Edit)"
20288,"Televicious/Diode Milliampere - On Planet Zaxxon (Televicious Edit).vgz",Televicious,"Diode Milliampere - On Planet Zaxxon (Televicious Edit)"
21524,TennesseeFields/proteccno.vgz,TennesseeFields,proteccno
8094,"TennesseeFields/Song for My New Friend Plus.vgz",TennesseeFields,"Song for My New Friend Plus"
5587,"tennisers/Extravagant Cat Socks.vgz",tennisers,"Extravagant Cat Socks"
26777,tennisers/Polymelia.vgz,tennisers,Polymelia
13763,"tennisers/Eulogy of Alcoholic Porcupine.vgz",tennisers,"Eulogy of Alcoholic Porcupine"
11102,tennisers/Cryohorse.vgz,tennisers,Cryohorse
5646,"tennisers/Forgot How to Tie My Shoes.vgz",tennisers,"Forgot How to Tie My Shoes"
32644,"tennisers & bigSmonkinLoser/flattened.vgz","tennisers & bigSmonkinLoser",flattened
18554,"TheDuccinator/The Hardliner - Contraduct Design.vgz",TheDuccinator,"The Hardliner - Contraduct Design"
16714,"Tobikomi/Electro Mama.vgz",Tobikomi,"Electro Mama"
4678,Tobikomi/C_THRU.vgz,Tobikomi,C_THRU
16943,"Tobikomi/That's What She Said.vgz",Tobikomi,"That's What She Said"
15319,"Tobikomi/That's the Joy of It.vgz",Tobikomi,"That's the Joy of It"
4286,Tobikomi/Unicorn.vgz,Tobikomi,Unicorn
9691,"Tobikomi/Bubble Bobble - Introduction & Main Theme.vgz",Tobikomi,"Bubble Bobble - Introduction & Main Theme"
29269,"Tobikomi/Gigi D'Agostino - L'amour Toujours.vgz",Tobikomi,"Gigi D'Agostino - L'amour Toujours"
11367,"Tobikomi/The Great Giana Sisters - Intro.vgz",Tobikomi,"The Great Giana Sisters - Intro"
4481,"Tobikomi/16-Step Blues.vgz",Tobikomi,"16-Step Blues"
8518,"Tobikomi/Makina Fever!!.vgz",Tobikomi,"Makina Fever!!"
12820,Tobikomi/Marsala.vgz,Tobikomi,Marsala
6428,"Tobikomi/Hexion - Penguin Dance.vgz",Tobikomi,"Hexion - Penguin Dance"
25775,"Tobikomi/Thrill of a Lifetime.vgz",Tobikomi,"Thrill of a Lifetime"
24150,"TrippleP/Dreaming About a Dream of Dreams.vgz",TrippleP,"Dreaming About a Dream of Dreams"
29361,"TristEndo/Lovesick Weekend.vgz",TristEndo,"Lovesick Weekend"
28775,"TristEndo/Sleepless Nights.vgz",TristEndo,"Sleepless Nights"
5030,Tyr/RTB.vgz,Tyr,RTB
82014,"Undine/World of Metal Gray Color.vgz",Undine,"World of Metal Gray Color"
20963,"Unknown/After Burner - After Burner.vgz",Unknown,"After Burner - After Burner"
7251,"Unknown/Simon & Garfunkel - The Sound of Silence.vgz",Unknown,"Simon & Garfunkel - The Sound of Silence"
14675,"Unknown/Queen - Don't Stop Me Now.vgz",Unknown,"Queen - Don't Stop Me Now"
8648,"Unknown/Tetris (BPS) - Technotris.vgz",Unknown,"Tetris (BPS) - Technotris"
14323,"Unknown/Phil Collins - Another Day in Paradise.vgz",Unknown,"Phil Collins - Another Day in Paradise"
11248,"Unknown/Dragon Slayer - The Legend of Heroes II - Field.vgz",Unknown,"Dragon Slayer - The Legend of Heroes II - Field"
5244,"Unknown/Inspector Gadget - Theme.vgz",Unknown,"Inspector Gadget - Theme"
21455,"Unknown/2 Unlimited - Workaholic.vgz",Unknown,"2 Unlimited - Workaholic"
10565,Unknown/Ork.vgz,Unknown,Ork
3954,"Unknown/Bubble Bobble - Main Theme.vgz",Unknown,"Bubble Bobble - Main Theme"
9202,"Unknown/Beverly Hills Cop - Axel F.vgz",Unknown,"Beverly Hills Cop - Axel F"
18447,"Unknown/2 Unlimited - Get Ready for This.vgz",Unknown,"2 Unlimited - Get Ready for This"
3154,"Unknown/Pierre De Geyter - The Internationale.vgz",Unknown,"Pierre De Geyter - The Internationale"
7790,"Unknown/Traditional - Drunken Sailor.vgz",Unknown,"Traditional - Drunken Sailor"
37056,"Unknown/LoVe AnTi Polotion Doom.vgz",Unknown,"LoVe AnTi Polotion Doom"
6891,"Unknown/Eric Clapton - Tears in Heaven.vgz",Unknown,"Eric Clapton - Tears in Heaven"
10057,"Unknown/Mugen Senshi Valis II - Pearlmont Wink.vgz",Unknown,"Mugen Senshi Valis II - Pearlmont Wink"
27006,"Unknown/Metallica - One.vgz",Unknown,"Metallica - One"
6937,"Unknown/Cyndi Lauper - The Goonies 'R' Good Enough.vgz",Unknown,"Cyndi Lauper - The Goonies 'R' Good Enough"
4985,"Unknown/U.N. Squadron - Canyon ~ Round 5.vgz",Unknown,U
15895,"Unknown/Ambassadors of Funk - Supermarioland.vgz",Unknown,"Ambassadors of Funk - Supermarioland"
13993,"Unknown/The Beatles - Ob-La-Di, Ob-La-Da.vgz",Unknown,"The Beatles - Ob-La-Di, Ob-La-Da"
13400,"Unknown/Kylie Minogue - The Locomotion.vgz",Unknown,"Kylie Minogue - The Locomotion"
5039,"Unknown/John Lennon - Imagine.vgz",Unknown,"John Lennon - Imagine"
1816,"Unknown/Mission Impossible - Theme.vgz",Unknown,"Mission Impossible - Theme"
9735,"Unknown/The Beatles - Hey Jude.vgz",Unknown,"The Beatles - Hey Jude"
9012,"Unknown/Twin Cobra - Break A Leg! (Stage 1, 6).vgz",Unknown,"Twin Cobra - Break A Leg! (Stage 1, 6)"
8374,"Unknown/Fire Hawk - Mission 3.vgz",Unknown,"Fire Hawk - Mission 3"
3054,"Unknown/Star Wars - Main Title.vgz",Unknown,"Star Wars - Main Title"
5046,"Unknown/Michael Franks - Antonio's Song.vgz",Unknown,"Michael Franks - Antonio's Song"
4362,"Unknown/The Legend of Heroes III - Lost Woods.vgz",Unknown,"The Legend of Heroes III - Lost Woods"
18605,"Unknown/Vinnie Moore - Lifeforce.vgz",Unknown,"Vinnie Moore - Lifeforce"
11240,Unknown/Square.vgz,Unknown,Square
14860,"Unknown/Ys III - The Boy's Got Wings.vgz",Unknown,"Ys III - The Boy's Got Wings"
8230,"Unknown/OutRun - Passing Breeze.vgz",Unknown,"OutRun - Passing Breeze"
4088,"Unknown/The Terminator - Theme.vgz",Unknown,"The Terminator - Theme"
5529,"Unknown/Dragon Spirit - Cave Road.vgz",Unknown,"Dragon Spirit - Cave Road"
11616,Unknown/Mel.vgz,Unknown,Mel
4957,"Unknown/My Hero - Round 1.vgz",Unknown,"My Hero - Round 1"
16642,Unknown/Ooahh.vgz,Unknown,Ooahh
13849,Unknown/Zap.vgz,Unknown,Zap
5455,"Unknown/Sonic the Hedgehog - Green Hill Zone.vgz",Unknown,"Sonic the Hedgehog - Green Hill Zone"
13958,"Unknown/Wayne Kerr - Emag002.vgz",Unknown,"Wayne Kerr - Emag002"
22271,"Unknown/The Little Mermaid - Under the Sea.vgz",Unknown,"The Little Mermaid - Under the Sea"
14296,"Unknown/Pink Floyd - Another Brick in the Wall.vgz",Unknown,"Pink Floyd - Another Brick in the Wall"
4446,"Unknown/Jacques Offenbach - Infernal Galop.vgz",Unknown,"Jacques Offenbach - Infernal Galop"
8031,Unknown/Soom.vgz,Unknown,Soom
18280,"Unknown/Ys III - Ilberns Ruins.vgz",Unknown,"Ys III - Ilberns Ruins"
10364,"Unknown/Secret of Mana - Tell a Strange Tale.vgz",Unknown,"Secret of Mana - Tell a Strange Tale"
3557,"Unknown/Francisco Tarrega - Recuerdos de la Alhambra.vgz",Unknown,"Francisco Tarrega - Recuerdos de la Alhambra"
1655,uUni/Group.vgz,uUni,Group
20891,"VanDerNurd Music/Tree on Fire.vgz","VanDerNurd Music","Tree on Fire"
30342,"VileR/(That's a) Damn Shame.vgz",VileR,"(That's a) Damn Shame"
13981,"Vincent Voois/Electric (Wheel)chair.vgz","Vincent Voois","Electric (Wheel)chair"
9262,"vintaque/You Won the Game, What Next.vgz",vintaque,"You Won the Game, What Next"
29245,"Viper/Whitesnake - Crying in the Rain.vgz",Viper,"Whitesnake - Crying in the Rain"
69849,"Viper/Metallica - Master of Puppets.vgz",Viper,"Metallica - Master of Puppets"
14950,"Viper/Europe - Carrie.vgz",Viper,"Europe - Carrie"
19751,Viravax/Sayama.vgz,Viravax,Sayama
5085,Viraxor/Pneumonoblahblahblah.vgz,Viraxor,Pneumonoblahblahblah
22182,"Void/Scortia - Terania.vgz",Void,"Scortia - Terania"
24560,Void/Raster.vgz,Void,Raster
22326,Void/Hangover.vgz,Void,Hangover
20607,"Void/Jeroen Tel - Alloy Run.vgz",Void,"Jeroen Tel - Alloy Run"
13747,"Void/Mindflux BBS Intro Tune.vgz",Void,"Mindflux BBS Intro Tune"
45339,"Warlord/Error Loop.vgz",Warlord,"Error Loop"
29896,"Warlord/Fat Lizards.vgz",Warlord,"Fat Lizards"
55461,"Warlord/Sundown Wakeup.vgz",Warlord,"Sundown Wakeup"
52776,"Warlord/The Final Hour.vgz",Warlord,"The Final Hour"
32806,"Warlord/For Old Times.vgz",Warlord,"For Old Times"
35437,"Warlord/Wintersports 2052.vgz",Warlord,"Wintersports 2052"
21274,"Warlord/A Blib.vgz",Warlord,"A Blib"
12682,"Wayne Kerr/Spectrum.vgz","Wayne Kerr",Spectrum
15628,"Wayne Kerr/Emag001.vgz","Wayne Kerr",Emag001
4693,"Wayne Kerr/64ish.vgz","Wayne Kerr",64ish
2745,"Wayne Kerr/Mildred & Patty Hill - Happy Birthday to You.vgz","Wayne Kerr","Mildred & Patty Hill - Happy Birthday to You"
14339,"Wayne Kerr/Eurodisco.vgz","Wayne Kerr",Eurodisco
19521,"Wayne Kerr/Exposition.vgz","Wayne Kerr",Exposition
14811,"Wayne Kerr/Muppets.vgz","Wayne Kerr",Muppets
13873,"Wayne Kerr/DarkGen-2 Unused.vgz","Wayne Kerr","DarkGen-2 Unused"
11540,"Wayne Kerr/Emag002.vgz","Wayne Kerr",Emag002
18690,Weeppiko/Traceback.vgz,Weeppiko,Traceback
18745,"Weeppiko/Thunder Force IV - Space Walk.vgz",Weeppiko,"Thunder Force IV - Space Walk"
42961,"Weeppiko/Thunder Force IV - Metal Squad.vgz",Weeppiko,"Thunder Force IV - Metal Squad"
11914,"Weeppiko/Streets of Rage 3 - Dub Slash.vgz",Weeppiko,"Streets of Rage 3 - Dub Slash"
38807,"Weeppiko/MovieMovies1 - The Hero of Legend.vgz",Weeppiko,"MovieMovies1 - The Hero of Legend"
39399,"Weeppiko/Donkey Kong Country 2 - Stickerbush Symphony.vgz",Weeppiko,"Donkey Kong Country 2 - Stickerbush Symphony"
9749,"Weeppiko/Sonic the Hedgehog 3 & Knuckles - Flying Battery Zone Act 2.vgz",Weeppiko,"Sonic the Hedgehog 3 & Knuckles - Flying Battery Zone Act 2"
4478,"Weeppiko/Sonic Spinball - Options.vgz",Weeppiko,"Sonic Spinball - Options"
46366,"Weeppiko/Undertale - Another Medium.vgz",Weeppiko,"Undertale - Another Medium"
17464,"Weeppiko/Sonic the Hedgehog 3 & Knuckles - The Doomsday Zone.vgz",Weeppiko,"Sonic the Hedgehog 3 & Knuckles - The Doomsday Zone"
34683,"Weeppiko/Vapor Trail - Staff Roll.vgz",Weeppiko,"Vapor Trail - Staff Roll"
14647,"Weeppiko/Contra Hard Corps - The Foggy Cave in the Darkness.vgz",Weeppiko,"Contra Hard Corps - The Foggy Cave in the Darkness"
7574,"Weeppiko/Sonic the Hedgehog 2 - Oil Ocean Zone.vgz",Weeppiko,"Sonic the Hedgehog 2 - Oil Ocean Zone"
10740,"Weeppiko/Mega Man X - Storm Eagle.vgz",Weeppiko,"Mega Man X - Storm Eagle"
3602,"Weeppiko/Sonic the Hedgehog (8-bit) - Bridge Zone.vgz",Weeppiko,"Sonic the Hedgehog (8-bit) - Bridge Zone"
5888,"Weeppiko/The Sweet Light of a Candylier.vgz",Weeppiko,"The Sweet Light of a Candylier"
27611,"Weeppiko/Silver Surfer - Stage 1.vgz",Weeppiko,"Silver Surfer - Stage 1"
5045,"Weeppiko/Doom - At Doom's Gate (E1M1).vgz",Weeppiko,"Doom - At Doom's Gate (E1M1)"
21029,"Weeppiko/Quazar - Funky Stars.vgz",Weeppiko,"Quazar - Funky Stars"
8351,"Weeppiko/Sonic the Hedgehog (8-bit) - Bridge Zone [Alternate].vgz",Weeppiko,"Sonic the Hedgehog (8-bit) - Bridge Zone [Alternate]"
13706,"Weeppiko/Sonic the Hedgehog (8-bit) - Scrap Brain Zone.vgz",Weeppiko,"Sonic the Hedgehog (8-bit) - Scrap Brain Zone"
31845,"Weeppiko/JoJo's Bizarre Adventure - Fighting Gold.vgz",Weeppiko,"JoJo's Bizarre Adventure - Fighting Gold"
60314,"Weeppiko/Such a Sweetheart.vgz",Weeppiko,"Such a Sweetheart"
18128,"Weeppiko/The Legend of Zelda - A Link to the Past - Hyrule Castle.vgz",Weeppiko,"The Legend of Zelda - A Link to the Past - Hyrule Castle"
17780,"Weeppiko/Duke Nukem 3D - Grab Bag.vgz",Weeppiko,"Duke Nukem 3D - Grab Bag"
17037,"Weeppiko/Thunder Force IV - Stand Up Against Myself (Staff Roll).vgz",Weeppiko,"Thunder Force IV - Stand Up Against Myself (Staff Roll)"
42344,"Xanvier/Aladdin - Prince Ali.vgz",Xanvier,"Aladdin - Prince Ali"
39420,"Xanvier/Tiny Toon Adventures - Buster's Hidden Treasure - Grasslands.vgz",Xanvier,"Tiny Toon Adventures - Buster's Hidden Treasure - Grasslands"
46347,"Xanvier/Final Fantasy IX - Battle 1.vgz",Xanvier,"Final Fantasy IX - Battle 1"
12389,"Xaser/OPL NATiON.vgz",Xaser,"OPL NATiON"
7838,"Yamaha Corporation/Johann Strauss II - The Blue Danube.vgz","Yamaha Corporation","Johann Strauss II - The Blue Danube"
12232,"Yamaha Corporation/Ludwig van Beethoven - Symphony No. 9 in D Minor, Op. 125, IV - Finale (Ode to Joy).vgz","Yamaha Corporation","Ludwig van Beethoven - Symphony No"
5712,"Yamaha Corporation/Frederic Chopin - Nocturne in E-flat Major, Op. 9, No. 2.vgz","Yamaha Corporation","Frederic Chopin - Nocturne in E-flat Major, Op"
7373,"Yamaha Corporation/Traditional - Sur le Pont d'Avignon.vgz","Yamaha Corporation","Traditional - Sur le Pont d'Avignon"
13446,"Yamaha Corporation/Amilcare Ponchielli - La Gioconda - Dance of the Hours.vgz","Yamaha Corporation","Amilcare Ponchielli - La Gioconda - Dance of the Hours"
5429,"Yamaha Corporation/Franz Xaver Gruber - Silent Night.vgz","Yamaha Corporation","Franz Xaver Gruber - Silent Night"
10711,"Yamaha Corporation/Wolfgang Amadeus Mozart - Serenade No. 13 for Strings in G Major - Allegro (Eine Kleine Nachtmusik).vgz","Yamaha Corporation","Wolfgang Amadeus Mozart - Serenade No"
11151,"Yamaha Corporation/Toy Symphony - Allegro.vgz","Yamaha Corporation","Toy Symphony - Allegro"
19275,Yehar/Pehmo-Pop!.vgz,Yehar,Pehmo-Pop!
5678,"Ygor/Streets of Rage 2 - Revenge of Mr. X.vgz",Ygor,"Streets of Rage 2 - Revenge of Mr"
7246,"Ygor/That Funky Beat.vgz",Ygor,"That Funky Beat"
14747,"Ygor/Sunset Over the River.vgz",Ygor,"Sunset Over the River"
18514,"Ygor/The Moon Over the Sky.vgz",Ygor,"The Moon Over the Sky"
197530,"Yuzu/Rainbow Architecture.vgz",Yuzu,"Rainbow Architecture"
20631,"Yuzu/Yu Lib.vgz",Yuzu,"Yu Lib"
24103,"Zalza/My Dirty Old Adlib.vgz",Zalza,"My Dirty Old Adlib"
16606,"zenmaster7799 & gotoandplay/Zity.vgz","zenmaster7799 & gotoandplay",Zity
11804,"Zephyr/ClawZ - Sunk in Ink.vgz",Zephyr,"ClawZ - Sunk in Ink"
12716,Zephyr/MetaPhobe.vgz,Zephyr,MetaPhobe
51215,Zero/Shinespark.vgz,Zero,Shinespark
8685,"Zero/Fog on the Bluff.vgz",Zero,"Fog on the Bluff"
28761,"Zero/Magnolia Syndicate.vgz",Zero,"Magnolia Syndicate"
37023,"Zero/Rolling Green.vgz",Zero,"Rolling Green"
1466,"Zlew/Even Men Cry When the Ketchup Is Gone.vgz",Zlew,"Even Men Cry When the Ketchup Is Gone"
10511,"Zumi/Puyo Puyo - Brave of Puyo Puyo.vgz",Zumi,"Puyo Puyo - Brave of Puyo Puyo"
43963,"Zumi/Quake II - Quad Machine.vgz",Zumi,"Quake II - Quad Machine"
1221,"zzo38/Caverns of Zeux - Heaven.vgz",zzo38,"Caverns of Zeux - Heaven"
