file music-module	demos/groups/tbl/audio/misc/nao_backup.xm	1.44K	tbl/audio/misc/nao_backup.xm
file music-module	demos/groups/trepaan/music/don_t_touch_that_dog_.xm	68.71K	trepaan/music/don_t_touch_that_dog_.xm
file archive has-diz	graphics/groups/mistigris/1999-an_.xm_odyssey.zip	56.92M	mistigris/1999-an_.xm_odyssey.zip
file	mirrors/amigascne/Groups/A/Applause/Applause-Thing03.xms	764.17K	Groups/A/Applause/Applause-Thing03.xms
file	mirrors/amigascne/Groups/C/Cyborx/CYBORX-NemJudgementDay.XMS	211.26K	Groups/C/Cyborx/CYBORX-NemJudgementDay.XMS
file	mirrors/amigascne/Groups/D/Dai-DigitalArtists/DAI-MusicDisk4.xms	326.54K	Groups/D/Dai-DigitalArtists/DAI-MusicDisk4.xms
file	mirrors/amigascne/Groups/D/Dai-DigitalArtists/DAI-Regeneration[b].XMS	279.06K	Groups/D/Dai-DigitalArtists/DAI-Regeneration[b].XMS
file	mirrors/amigascne/Groups/D/Damage/DAMAGE&DTS.XMassDemo	321.21K	Groups/D/Damage/DAMAGE&DTS.XMassDemo
file	mirrors/amigascne/Groups/F/Flash_Production/FP-DigitalConcert1.XMS	497.55K	Groups/F/Flash_Production/FP-DigitalConcert1.XMS
file	mirrors/amigascne/Groups/G/Gnu_Design/GNU_DESIGN-OrmenDerKr0b.XMS	344.12K	Groups/G/Gnu_Design/GNU_DESIGN-OrmenDerKr0b.XMS
file	mirrors/amigascne/Groups/H/Hemoroids/HEMOROIDS-EndlessMelodiesA.xms	665.43K	Groups/H/Hemoroids/HEMOROIDS-EndlessMelodiesA.xms
file	mirrors/amigascne/Groups/H/Hemoroids/HEMOROIDS-EndlessMelodiesB.xms	760.27K	Groups/H/Hemoroids/HEMOROIDS-EndlessMelodiesB.xms
file	mirrors/amigascne/Groups/L/Lemon/LEMON-RinlkAPink.xms	616.75K	Groups/L/Lemon/LEMON-RinlkAPink.xms
file	mirrors/amigascne/Groups/P/Palace/Palace-PullingTHeTrigger.xms	192.84K	Groups/P/Palace/Palace-PullingTHeTrigger.xms
file	mirrors/amigascne/Groups/P/Parallax/PARALLAX-Meetro.xms	215.27K	Groups/P/Parallax/PARALLAX-Meetro.xms
file	mirrors/amigascne/Groups/P/Parallax/PARALLAX-Meetro1-0833.xms	215.27K	Groups/P/Parallax/PARALLAX-Meetro1-0833.xms
file	mirrors/amigascne/Groups/P/Parallax/PARALLAX-Metro2.XMS	165.34K	Groups/P/Parallax/PARALLAX-Metro2.XMS
file	mirrors/amigascne/Groups/Q/Quadriga/QUADRIGA-Classifieds1.xms	490.91K	Groups/Q/Quadriga/QUADRIGA-Classifieds1.xms
file	mirrors/amigascne/Groups/T/Trojans/TROJANS-TechnoTracks2.xms	486.04K	Groups/T/Trojans/TROJANS-TechnoTracks2.xms
file	mirrors/amigascne/Groups/U/Utopia_Productions/UTOPIA-TotalConfusion.XMS	559.27K	Groups/U/Utopia_Productions/UTOPIA-TotalConfusion.XMS
file music-module	mirrors/amigascne/Parties/Abduction-97/Music/Trip To Kaikaland.xm	923.08K	Parties/Abduction-97/Music/Trip To Kaikaland.xm
file music-module	mirrors/amigascne/Parties/Apocalypse2000/MultiCHMusi/01/uni-formity.xm	196.32K	Parties/Apocalypse2000/MultiCHMusi/01/uni-formity.xm
file music-module	mirrors/amigascne/Parties/Apocalypse2000/MultiCHMusi/02/InRain.xm	1.72M	Parties/Apocalypse2000/MultiCHMusi/02/InRain.xm
file music-module	mirrors/amigascne/Parties/Apocalypse2000/MultiCHMusi/08/game-action1.XM	572.16K	Parties/Apocalypse2000/MultiCHMusi/08/game-action1.XM
file music-module	mirrors/amigascne/Parties/Apocalypse2000/MultiCHMusi/09/symmetric.xm	840.60K	Parties/Apocalypse2000/MultiCHMusi/09/symmetric.xm
file music-module	mirrors/amigascne/Parties/Apocalypse2000/MultiCHMusi/13/feelstra.xm	1.23M	Parties/Apocalypse2000/MultiCHMusi/13/feelstra.xm
file music-module	mirrors/amigascne/Parties/Apocalypse2000/MultiCHMusi/16/telefon.xm	2.42M	Parties/Apocalypse2000/MultiCHMusi/16/telefon.xm
file music-module	mirrors/amigascne/Parties/Apocalypse2000/MultiCHMusi/17/VALHALLA.XM	1.78M	Parties/Apocalypse2000/MultiCHMusi/17/VALHALLA.XM
file music-module	mirrors/amigascne/Parties/Assembly2000/mch/computerese.xm	268.72K	Parties/Assembly2000/mch/computerese.xm
file music-module	mirrors/amigascne/Parties/Assembly2000/mch/freq.ency.xm	1.85M	Parties/Assembly2000/mch/freq.ency.xm
file music-module	mirrors/amigascne/Parties/Assembly2000/mch/Late Night Session.xm	1.85M	Parties/Assembly2000/mch/Late Night Session.xm
file music-module	mirrors/amigascne/Parties/Assembly2000/mch/Napol by dawn.xm	1.90M	Parties/Assembly2000/mch/Napol by dawn.xm
file music-module	mirrors/amigascne/Parties/Assembly2000/mch/Papa Funk goes lar.xm	694.90K	Parties/Assembly2000/mch/Papa Funk goes lar.xm
file music-module	mirrors/amigascne/Parties/Assembly2000/mch/shkjeesus.xm	964.78K	Parties/Assembly2000/mch/shkjeesus.xm
file music-module	mirrors/amigascne/Parties/Assembly2000/mch/The Day....xm	1.63M	Parties/Assembly2000/mch/The Day....xm
file music-module	mirrors/amigascne/Parties/Assembly2000/mch/Track-no-Stomach_t.xm	1.23M	Parties/Assembly2000/mch/Track-no-Stomach_t.xm
file music-module	mirrors/amigascne/Parties/Assembly2000/mch/turquoise.xm	966.21K	Parties/Assembly2000/mch/turquoise.xm
file	mirrors/amigascne/Parties/Assembly92/Others/WOIN-Ass92Slide.XMS	312.42K	Parties/Assembly92/Others/WOIN-Ass92Slide.XMS
file music-module	mirrors/amigascne/Parties/Gathering1996/Music/212 riser.xm	160.88K	Parties/Gathering1996/Music/212 riser.xm
file music-module	mirrors/amigascne/Parties/Gathering1996/Music/Acid Ego.xm	135.34K	Parties/Gathering1996/Music/Acid Ego.xm
file music-module	mirrors/amigascne/Parties/Gathering1996/Music/Back Beat Wall.xm	1.82M	Parties/Gathering1996/Music/Back Beat Wall.xm
file music-module	mirrors/amigascne/Parties/Gathering1996/Music/full pint left.xm	581.54K	Parties/Gathering1996/Music/full pint left.xm
file music-module	mirrors/amigascne/Parties/Gathering1996/Music/Gotta release.xm	560.11K	Parties/Gathering1996/Music/Gotta release.xm
file music-module	mirrors/amigascne/Parties/Gathering1996/Music/love train.xm	280.12K	Parties/Gathering1996/Music/love train.xm
file music-module	mirrors/amigascne/Parties/Gathering1996/Music/new steps of chang.xm	502.96K	Parties/Gathering1996/Music/new steps of chang.xm
file music-module	mirrors/amigascne/Parties/Gathering1996/Music/oo i need u now.xm	379.15K	Parties/Gathering1996/Music/oo i need u now.xm
file music-module	mirrors/amigascne/Parties/Gathering1996/Music/Teleportion.xm	519.84K	Parties/Gathering1996/Music/Teleportion.xm
file music-module	mirrors/amigascne/Parties/Gathering1997/Mods/+Korean Fantasies+.xm	287.25K	Parties/Gathering1997/Mods/+Korean Fantasies+.xm
file music-module	mirrors/amigascne/Parties/Gathering1997/Mods/clean air.xm	438.29K	Parties/Gathering1997/Mods/clean air.xm
file music-module	mirrors/amigascne/Parties/Gathering1997/Mods/frozend.xm	713.30K	Parties/Gathering1997/Mods/frozend.xm
file music-module	mirrors/amigascne/Parties/Gathering1997/Mods/notbad.xm	632.91K	Parties/Gathering1997/Mods/notbad.xm
file music-module	mirrors/amigascne/Parties/Gathering1997/Mods/plastic nudity.xm	499.52K	Parties/Gathering1997/Mods/plastic nudity.xm
file music-module	mirrors/amigascne/Parties/Gathering1997/Mods/rivendell.xm	448.69K	Parties/Gathering1997/Mods/rivendell.xm
file music-module	mirrors/amigascne/Parties/Gathering1997/Mods/Stativ....xm	874.62K	Parties/Gathering1997/Mods/Stativ....xm
file music-module	mirrors/amigascne/Parties/Gathering1997/Mods/stoned.xm	446.29K	Parties/Gathering1997/Mods/stoned.xm
file music-module	mirrors/amigascne/Parties/Gathering1997/Mods/sunset in africa.xm	417.84K	Parties/Gathering1997/Mods/sunset in africa.xm
file music-module	mirrors/amigascne/Parties/Gathering1997/Mods/The Experience.xm	424.32K	Parties/Gathering1997/Mods/The Experience.xm
file music-module	mirrors/amigascne/Parties/Gathering1997/Mods/World of Tolkien.xm	541.35K	Parties/Gathering1997/Mods/World of Tolkien.xm
file music-module	mirrors/amigascne/Parties/Gathering1997/Mods/wit_down.xm	410.12K	Parties/Gathering1997/Mods/wit_down.xm
file music-module	mirrors/amigascne/Parties/Gathering1998/music/brain forest.xm	917.90K	Parties/Gathering1998/music/brain forest.xm
file music-module	mirrors/amigascne/Parties/Gathering1998/music/flf-liqu.xm	959.52K	Parties/Gathering1998/music/flf-liqu.xm
file music-module	mirrors/amigascne/Parties/LTP2000/4Channel/Med_canelle.xm	211.41K	Parties/LTP2000/4Channel/Med_canelle.xm
file music-module	mirrors/amigascne/Parties/LTP2000/ChipMusic/10 keyboards dot 2.xm	9.76K	Parties/LTP2000/ChipMusic/10 keyboards dot 2.xm
file music-module	mirrors/amigascne/Parties/LTP2000/ChipMusic/clavivox.xm	9.98K	Parties/LTP2000/ChipMusic/clavivox.xm
file music-module	mirrors/amigascne/Parties/LTP2000/ChipMusic/Free_z_Bee Addicti.xm	9.71K	Parties/LTP2000/ChipMusic/Free_z_Bee Addicti.xm
file music-module	mirrors/amigascne/Parties/LTP2000/ChipMusic/funky bubbles.xm	9.51K	Parties/LTP2000/ChipMusic/funky bubbles.xm
file music-module	mirrors/amigascne/Parties/LTP2000/ChipMusic/Le poisson mort.xm	9.45K	Parties/LTP2000/ChipMusic/Le poisson mort.xm
file music-module	mirrors/amigascne/Parties/LTP2000/ChipMusic/Little sad  2ko_.xm	1.99K	Parties/LTP2000/ChipMusic/Little sad  2ko_.xm
file music-module	mirrors/amigascne/Parties/LTP2000/ChipMusic/PARTY.XM	9.61K	Parties/LTP2000/ChipMusic/PARTY.XM
file music-module	mirrors/amigascne/Parties/LTP2000/ChipMusic/REDMO2.XM	10.00K	Parties/LTP2000/ChipMusic/REDMO2.XM
file music-module	mirrors/amigascne/Parties/LTP2000/ChipMusic/Spooky_s ride.xm	9.69K	Parties/LTP2000/ChipMusic/Spooky_s ride.xm
file music-module	mirrors/amigascne/Parties/LTP2000/ChipMusic/Super Mario Cave.xm	10.00K	Parties/LTP2000/ChipMusic/Super Mario Cave.xm
file music-module	mirrors/amigascne/Parties/LTP2000/MultiChannel/-= i miss u =-.xm	875.99K	Parties/LTP2000/MultiChannel/-= i miss u =-.xm
file music-module	mirrors/amigascne/Parties/LTP2000/MultiChannel/Blur in my head_.xm	754.48K	Parties/LTP2000/MultiChannel/Blur in my head_.xm
file music-module	mirrors/amigascne/Parties/LTP2000/MultiChannel/la pluie qui conte.xm	833.76K	Parties/LTP2000/MultiChannel/la pluie qui conte.xm
file music-module	mirrors/amigascne/Parties/LTP2000/MultiChannel/lstscrts.xm	772.43K	Parties/LTP2000/MultiChannel/lstscrts.xm
file music-module	mirrors/amigascne/Parties/LTP2000/MultiChannel/Med_Houche.xm	237.85K	Parties/LTP2000/MultiChannel/Med_Houche.xm
file music-module	mirrors/amigascne/Parties/LTP2000/MultiChannel/No Way Out....xm	847.39K	Parties/LTP2000/MultiChannel/No Way Out....xm
file music-module	mirrors/amigascne/Parties/LTP2000/MultiChannel/POWERADE.XM	1.33M	Parties/LTP2000/MultiChannel/POWERADE.XM
file music-module	mirrors/amigascne/Parties/LTP2000/MultiChannel/Revival Project.xm	695.32K	Parties/LTP2000/MultiChannel/Revival Project.xm
file music-module	mirrors/amigascne/Parties/LTP2000/MultiChannel/_ popular droplet.xm	734.90K	Parties/LTP2000/MultiChannel/_ popular droplet.xm
file music-module	mirrors/amigascne/Parties/Remedy-97/Multi-Muz/01Phazes.xm	585.13K	Parties/Remedy-97/Multi-Muz/01Phazes.xm
file music-module	mirrors/amigascne/Parties/Remedy-97/Multi-Muz/03Vanity.xm	314.78K	Parties/Remedy-97/Multi-Muz/03Vanity.xm
file music-module	mirrors/amigascne/Parties/Remedy-97/Multi-Muz/04Wescoast.xm	1.55M	Parties/Remedy-97/Multi-Muz/04Wescoast.xm
file music-module	mirrors/amigascne/Parties/Remedy-97/Multi-Muz/05Bamboe.xm	353.67K	Parties/Remedy-97/Multi-Muz/05Bamboe.xm
file music-module	mirrors/amigascne/Parties/Remedy-97/Multi-Muz/06Vce_vad.xm	0.98M	Parties/Remedy-97/Multi-Muz/06Vce_vad.xm
file music-module	mirrors/amigascne/Parties/Remedy-97/Multi-Muz/07Back.xm	430.13K	Parties/Remedy-97/Multi-Muz/07Back.xm
file music-module	mirrors/amigascne/Parties/Remedy-97/Multi-Muz/08Cc_jsl.xm	518.02K	Parties/Remedy-97/Multi-Muz/08Cc_jsl.xm
file music-module	mirrors/amigascne/Parties/Remedy-97/Multi-Muz/09Rd_poke.xm	124.00K	Parties/Remedy-97/Multi-Muz/09Rd_poke.xm
file music-module	mirrors/amigascne/Parties/Remedy-97/Multi-Muz/10Infinity.xm	328.56K	Parties/Remedy-97/Multi-Muz/10Infinity.xm
file music-module	mirrors/amigascne/Parties/Remedy-97/Multi-Muz/11Slk-easy.xm	447.12K	Parties/Remedy-97/Multi-Muz/11Slk-easy.xm
file music-module	mirrors/amigascne/Parties/Remedy-97/Multi-Muz/12Nf-daft.xm	1.19M	Parties/Remedy-97/Multi-Muz/12Nf-daft.xm
file music-module	mirrors/amigascne/Parties/Remedy-97/Multi-Muz/13Relaxati.xm	971.51K	Parties/Remedy-97/Multi-Muz/13Relaxati.xm
file music-module	mirrors/amigascne/Parties/Remedy-97/Multi-Muz/14Tomat.xm	662.04K	Parties/Remedy-97/Multi-Muz/14Tomat.xm
file music-module	mirrors/amigascne/Parties/Remedy-97/Multi-Muz/15Mzd-sosw.xm	869.88K	Parties/Remedy-97/Multi-Muz/15Mzd-sosw.xm
file music-module	mirrors/amigascne/Parties/Remedy-97/Multi-Muz/16Nwk-soul.xm	1.06M	Parties/Remedy-97/Multi-Muz/16Nwk-soul.xm
file music-module	mirrors/amigascne/Parties/Remedy-97/Multi-Muz/17Rd_dust2.xm	437.81K	Parties/Remedy-97/Multi-Muz/17Rd_dust2.xm
file music-module	mirrors/amigascne/Parties/Remedy-97/Multi-Muz/18Playboy.xm	731.41K	Parties/Remedy-97/Multi-Muz/18Playboy.xm
file music-module	mirrors/amigascne/Parties/Remedy-97/Multi-Muz/19Crap.xm	619.34K	Parties/Remedy-97/Multi-Muz/19Crap.xm
file music-module	mirrors/amigascne/Parties/Remedy-97/Multi-Muz/20Broadcas.xm	840.79K	Parties/Remedy-97/Multi-Muz/20Broadcas.xm
file music-module	mirrors/amigascne/Parties/Saturne3-96/Modules/Cold Sensation.xm	346.23K	Parties/Saturne3-96/Modules/Cold Sensation.xm
file music-module	mirrors/amigascne/Parties/Saturne3-96/Modules/Sound of S.A.xm	308.70K	Parties/Saturne3-96/Modules/Sound of S.A.xm
file music-module	mirrors/amigascne/Parties/Saturne3-96/Modules/UnderTheSea.xm	799.37K	Parties/Saturne3-96/Modules/UnderTheSea.xm
file music-module	mirrors/amigascne/Parties/Symposium2000/MultiAlterMusic/Autumn in Budapest.xm	1.88M	Parties/Symposium2000/MultiAlterMusic/Autumn in Budapest.xm
file music-module	mirrors/amigascne/Parties/Symposium2000/MultiAlterMusic/blanquette_de_veau.xm	976.56K	Parties/Symposium2000/MultiAlterMusic/blanquette_de_veau.xm
file music-module	mirrors/amigascne/Parties/Symposium2000/MultiAlterMusic/chase.xm	1.12M	Parties/Symposium2000/MultiAlterMusic/chase.xm
file music-module	mirrors/amigascne/Parties/Symposium2000/MultiAlterMusic/I_ve a jazzy feeli.xm	1.01M	Parties/Symposium2000/MultiAlterMusic/I_ve a jazzy feeli.xm
file music-module	mirrors/amigascne/Parties/Symposium2000/MultiAlterMusic/Nine Millimeter.xm	811.37K	Parties/Symposium2000/MultiAlterMusic/Nine Millimeter.xm
file music-module	mirrors/amigascne/Parties/Symposium2000/MultiAlterMusic/robosq.xm	1.74M	Parties/Symposium2000/MultiAlterMusic/robosq.xm
file music-module	mirrors/amigascne/Parties/Symposium2000/MultiAlterMusic/shame.of.moqui.xm	1.52M	Parties/Symposium2000/MultiAlterMusic/shame.of.moqui.xm
file music-module	mirrors/amigascne/Parties/Symposium2000/MultiAlterMusic/time together.xm	1.45M	Parties/Symposium2000/MultiAlterMusic/time together.xm
file music-module	mirrors/amigascne/Parties/Symposium2000/MultiAlterMusic/_pondering.xm	946.26K	Parties/Symposium2000/MultiAlterMusic/_pondering.xm
file music-module	mirrors/amigascne/Parties/Symposium97/Mods/SCOUP2.XM	1.09M	Parties/Symposium97/Mods/SCOUP2.XM
file music-module	mirrors/amigascne/Parties/Symposium97/Mods/SCREAMER.XM	350.79K	Parties/Symposium97/Mods/SCREAMER.XM
file music-module	mirrors/amigascne/Parties/Symposium97/Mods/STA-HEAV.XM	643.18K	Parties/Symposium97/Mods/STA-HEAV.XM
file music-module	mirrors/amigascne/Parties/Symposium97/Mods/SUPERCOM.XM	336.85K	Parties/Symposium97/Mods/SUPERCOM.XM
file music-module	mirrors/amigascne/Parties/Symposium97/Mods/SUPERFLY.XM	798.27K	Parties/Symposium97/Mods/SUPERFLY.XM
file music-module	mirrors/amigascne/Parties/Symposium97/Mods/SunShine.xm	620.15K	Parties/Symposium97/Mods/SunShine.xm
file music-module	mirrors/amigascne/Parties/Symposium97/Mods/TF-XSTAT.XM	576.10K	Parties/Symposium97/Mods/TF-XSTAT.XM
file music-module	mirrors/amigascne/Parties/Symposium97/Multi/A Trip to Atlantis.XM	542.95K	Parties/Symposium97/Multi/A Trip to Atlantis.XM
file music-module	mirrors/amigascne/Parties/Symposium97/Multi/Above the skies.xm	322.35K	Parties/Symposium97/Multi/Above the skies.xm
file music-module	mirrors/amigascne/Parties/Symposium97/Multi/Angry_Youth.xm	187.92K	Parties/Symposium97/Multi/Angry_Youth.xm
file music-module	mirrors/amigascne/Parties/Symposium97/Multi/Artificial Babe.xm	602.30K	Parties/Symposium97/Multi/Artificial Babe.xm
file music-module	mirrors/amigascne/Parties/Symposium97/Multi/Back from Borobor.xm	579.56K	Parties/Symposium97/Multi/Back from Borobor.xm
file music-module	mirrors/amigascne/Parties/Symposium97/Multi/Breaking Shit_.xm	119.30K	Parties/Symposium97/Multi/Breaking Shit_.xm
file music-module	mirrors/amigascne/Parties/Symposium97/Multi/Cartoon_s WoRLD.xm	299.48K	Parties/Symposium97/Multi/Cartoon_s WoRLD.xm
file music-module	mirrors/amigascne/Parties/Symposium97/Multi/claws of cerberus.xm	382.15K	Parties/Symposium97/Multi/claws of cerberus.xm
file music-module	mirrors/amigascne/Parties/Symposium97/Multi/DALIFE.XM	553.42K	Parties/Symposium97/Multi/DALIFE.XM
file music-module	mirrors/amigascne/Parties/Symposium97/Multi/DUCKJAKO.XM	141.17K	Parties/Symposium97/Multi/DUCKJAKO.XM
file music-module	mirrors/amigascne/Parties/Symposium97/Multi/DXN-SSTH.XM	565.44K	Parties/Symposium97/Multi/DXN-SSTH.XM
file music-module	mirrors/amigascne/Parties/Symposium97/Multi/EgoME_.xm	277.44K	Parties/Symposium97/Multi/EgoME_.xm
file music-module	mirrors/amigascne/Parties/Symposium97/Multi/Endless Way.xm	239.41K	Parties/Symposium97/Multi/Endless Way.xm
file music-module	mirrors/amigascne/Parties/Symposium97/Multi/FOCUS.XM	931.11K	Parties/Symposium97/Multi/FOCUS.XM
file music-module	mirrors/amigascne/Parties/Symposium97/Multi/HEAVEN ABO.xm	419.98K	Parties/Symposium97/Multi/HEAVEN ABO.xm
file music-module	mirrors/amigascne/Parties/Symposium97/Multi/Head on.xm	406.24K	Parties/Symposium97/Multi/Head on.xm
file music-module	mirrors/amigascne/Parties/Symposium97/Multi/high on the sun.xm	864.06K	Parties/Symposium97/Multi/high on the sun.xm
file music-module	mirrors/amigascne/Parties/Symposium97/Multi/in Her Eyes.xm	294.34K	Parties/Symposium97/Multi/in Her Eyes.xm
file music-module	mirrors/amigascne/Parties/Symposium97/Multi/in the buck.xm	712.41K	Parties/Symposium97/Multi/in the buck.xm
file music-module	mirrors/amigascne/Parties/Symposium97/Multi/Lunatic Dreamscape.xm	304.39K	Parties/Symposium97/Multi/Lunatic Dreamscape.xm
file music-module	mirrors/amigascne/Parties/Symposium97/Multi/Natural Progressio.xm	726.30K	Parties/Symposium97/Multi/Natural Progressio.xm
file music-module	mirrors/amigascne/Parties/Symposium97/Multi/Sko der Danser.xm	841.50K	Parties/Symposium97/Multi/Sko der Danser.xm
file music-module	mirrors/amigascne/Parties/Symposium97/Multi/SunShine.xm	358.81K	Parties/Symposium97/Multi/SunShine.xm
file music-module	mirrors/amigascne/Parties/Symposium97/Multi/Synthetic Dub.xm	1.12M	Parties/Symposium97/Multi/Synthetic Dub.xm
file music-module	mirrors/amigascne/Parties/Symposium97/Multi/snapy music.xm	443.47K	Parties/Symposium97/Multi/snapy music.xm
file music-module	mirrors/amigascne/Parties/Symposium97/Multi/so much 4 symposiu.xm	282.31K	Parties/Symposium97/Multi/so much 4 symposiu.xm
file music-module	mirrors/amigascne/Parties/Symposium97/Multi/suMmer sKy.xm	816.38K	Parties/Symposium97/Multi/suMmer sKy.xm
file music-module	mirrors/amigascne/Parties/Symposium97/Multi/TALK TO AN ANGEL.xm	820.14K	Parties/Symposium97/Multi/TALK TO AN ANGEL.xm
file	mirrors/amigascne/Parties/The_Party1993/Demos/DAMAGE&DTS.XMassDemo	321.21K	Parties/The_Party1993/Demos/DAMAGE&DTS.XMassDemo
file archive	mirrors/amigascne/Parties/The_Party1993/Demos/SilconLtd.XMassWishes2.LHA	235.55K	Parties/The_Party1993/Demos/SilconLtd.XMassWishes2.LHA
file music-module	mirrors/amigascne/Parties/The_Party1995/Multichannel/Ancient Spirit.xm	650.68K	Parties/The_Party1995/Multichannel/Ancient Spirit.xm
file music-module	mirrors/amigascne/Parties/The_Party1995/Multichannel/I Remember.xm	269.81K	Parties/The_Party1995/Multichannel/I Remember.xm
file music-module	mirrors/amigascne/Parties/The_Party1995/Multichannel/Join my .. Univers.xm	663.81K	Parties/The_Party1995/Multichannel/Join my .. Univers.xm
file music-module	mirrors/amigascne/Parties/The_Party1995/Multichannel/jetze wird geschub.xm	648.04K	Parties/The_Party1995/Multichannel/jetze wird geschub.xm
file music-module	mirrors/amigascne/Parties/The_Party1995/Multichannel/My black rose...xm	289.09K	Parties/The_Party1995/Multichannel/My black rose...xm
file music-module	mirrors/amigascne/Parties/The_Party1995/Multichannel/PVCF of REFLEX.xm	587.50K	Parties/The_Party1995/Multichannel/PVCF of REFLEX.xm
file music-module	mirrors/amigascne/Parties/The_Party1995/Multichannel/Rain Symphony.xm	940.37K	Parties/The_Party1995/Multichannel/Rain Symphony.xm
file music-module	mirrors/amigascne/Parties/The_Party1995/Multichannel/Rawvibes.xm	549.20K	Parties/The_Party1995/Multichannel/Rawvibes.xm
file music-module	mirrors/amigascne/Parties/The_Party1995/Multichannel/Return of the King.xm	493.85K	Parties/The_Party1995/Multichannel/Return of the King.xm
file music-module	mirrors/amigascne/Parties/The_Party1995/Multichannel/Rushing to Nowhere.xm	430.01K	Parties/The_Party1995/Multichannel/Rushing to Nowhere.xm
file music-module	mirrors/amigascne/Parties/The_Party1995/Multichannel/Screem 4 Thirst_.xm	294.57K	Parties/The_Party1995/Multichannel/Screem 4 Thirst_.xm
file music-module	mirrors/amigascne/Parties/The_Party1995/Multichannel/Shades of Blue.xm	767.72K	Parties/The_Party1995/Multichannel/Shades of Blue.xm
file music-module	mirrors/amigascne/Parties/The_Party1995/Multichannel/Smooth Hymn _Part.xm	562.78K	Parties/The_Party1995/Multichannel/Smooth Hymn _Part.xm
file music-module	mirrors/amigascne/Parties/The_Party1995/Multichannel/Spaceman.xm	697.29K	Parties/The_Party1995/Multichannel/Spaceman.xm
file music-module	mirrors/amigascne/Parties/The_Party1995/Multichannel/snacks e gott.xm	679.93K	Parties/The_Party1995/Multichannel/snacks e gott.xm
file music-module	mirrors/amigascne/Parties/The_Party1995/Multichannel/The Warhead.xm	566.82K	Parties/The_Party1995/Multichannel/The Warhead.xm
file music-module	mirrors/amigascne/Parties/The_Party1995/Multichannel/ufopidtic.xm	537.40K	Parties/The_Party1995/Multichannel/ufopidtic.xm
file music-module	mirrors/amigascne/Parties/The_Party1995/Multichannel/Walking down my ba.xm	382.28K	Parties/The_Party1995/Multichannel/Walking down my ba.xm
file music-module	mirrors/amigascne/Parties/The_Party1995/Multichannel/When we rise 3_00.xm	696.98K	Parties/The_Party1995/Multichannel/When we rise 3_00.xm
file music-module	mirrors/amigascne/Parties/The_Party1995/Multichannel/Wisdom _ Euphoria.xm	704.26K	Parties/The_Party1995/Multichannel/Wisdom _ Euphoria.xm
file music-module	mirrors/amigascne/Parties/The_Party1995/Multichannel/Would you.xm	664.69K	Parties/The_Party1995/Multichannel/Would you.xm
file music-module	mirrors/amigascne/Parties/The_Party1995/Multichannel/Www2.xm	850.81K	Parties/The_Party1995/Multichannel/Www2.xm
file music-module	mirrors/amigascne/Parties/The_Party1995/Multichannel/Z_ by Trap.xm	701.09K	Parties/The_Party1995/Multichannel/Z_ by Trap.xm
file music-module	mirrors/amigascne/Parties/The_Party1996/4-channel/23/SEXITION.XM	162.85K	Parties/The_Party1996/4-channel/23/SEXITION.XM
file music-module	mirrors/amigascne/Parties/The_Party1998/4Channel/LiTtLe ChitTe.xm	673.91K	Parties/The_Party1998/4Channel/LiTtLe ChitTe.xm
file music-module	mirrors/amigascne/Parties/The_Party1998/Multi/All your ways....xm	1.17M	Parties/The_Party1998/Multi/All your ways....xm
file music-module	mirrors/amigascne/Parties/The_Party1998/Multi/Amnesia - 148bpm.xm	126.77K	Parties/The_Party1998/Multi/Amnesia - 148bpm.xm
file music-module	mirrors/amigascne/Parties/The_Party1998/Multi/above_myself.xm	782.31K	Parties/The_Party1998/Multi/above_myself.xm
file music-module	mirrors/amigascne/Parties/The_Party1998/Multi/atselouS.xm	363.55K	Parties/The_Party1998/Multi/atselouS.xm
file music-module	mirrors/amigascne/Parties/The_Party1998/Multi/Barcode Baby.xm	975.40K	Parties/The_Party1998/Multi/Barcode Baby.xm
file music-module	mirrors/amigascne/Parties/The_Party1998/Multi/Barry_s all good.xm	0.98M	Parties/The_Party1998/Multi/Barry_s all good.xm
file music-module	mirrors/amigascne/Parties/The_Party1998/Multi/Birth of a Soul.xm	0.97M	Parties/The_Party1998/Multi/Birth of a Soul.xm
file music-module	mirrors/amigascne/Parties/The_Party1998/Multi/Blood On Your Face.xm	960.53K	Parties/The_Party1998/Multi/Blood On Your Face.xm
file music-module	mirrors/amigascne/Parties/The_Party1998/Multi/chr5magv.xm	975.15K	Parties/The_Party1998/Multi/chr5magv.xm
file music-module	mirrors/amigascne/Parties/The_Party1998/Multi/disk574.xm	909.07K	Parties/The_Party1998/Multi/disk574.xm
file music-module	mirrors/amigascne/Parties/The_Party1998/Multi/EL DIABLO DON SALS.xm	975.29K	Parties/The_Party1998/Multi/EL DIABLO DON SALS.xm
file music-module	mirrors/amigascne/Parties/The_Party1998/Multi/Elfmagic.xm	307.58K	Parties/The_Party1998/Multi/Elfmagic.xm
file music-module	mirrors/amigascne/Parties/The_Party1998/Multi/Entired Fascinatio.xm	639.43K	Parties/The_Party1998/Multi/Entired Fascinatio.xm
file music-module	mirrors/amigascne/Parties/The_Party1998/Multi/Extravagance.xm	957.22K	Parties/The_Party1998/Multi/Extravagance.xm
file music-module	mirrors/amigascne/Parties/The_Party1998/Multi/Fear....xm	974.54K	Parties/The_Party1998/Multi/Fear....xm
file music-module	mirrors/amigascne/Parties/The_Party1998/Multi/Fever TP98.xm	149.37K	Parties/The_Party1998/Multi/Fever TP98.xm
file music-module	mirrors/amigascne/Parties/The_Party1998/Multi/Flying high.xm	918.76K	Parties/The_Party1998/Multi/Flying high.xm
file music-module	mirrors/amigascne/Parties/The_Party1998/Multi/feel the power.xm	1.00M	Parties/The_Party1998/Multi/feel the power.xm
file music-module	mirrors/amigascne/Parties/The_Party1998/Multi/fool_s day.xm	975.98K	Parties/The_Party1998/Multi/fool_s day.xm
file music-module	mirrors/amigascne/Parties/The_Party1998/Multi/french opening.xm	857.01K	Parties/The_Party1998/Multi/french opening.xm
file music-module	mirrors/amigascne/Parties/The_Party1998/Multi/Giant Leap.xm	632.22K	Parties/The_Party1998/Multi/Giant Leap.xm
file music-module	mirrors/amigascne/Parties/The_Party1998/Multi/Good Morning Aars.xm	573.23K	Parties/The_Party1998/Multi/Good Morning Aars.xm
file music-module	mirrors/amigascne/Parties/The_Party1998/Multi/Have 2 fly.xm	976.56K	Parties/The_Party1998/Multi/Have 2 fly.xm
file music-module	mirrors/amigascne/Parties/The_Party1998/Multi/Head Rush 604.xm	0.99M	Parties/The_Party1998/Multi/Head Rush 604.xm
file music-module	mirrors/amigascne/Parties/The_Party1998/Multi/He_s Back.xm	646.08K	Parties/The_Party1998/Multi/He_s Back.xm
file music-module	mirrors/amigascne/Parties/The_Party1998/Multi/he_s comming_.xm	458.79K	Parties/The_Party1998/Multi/he_s comming_.xm
file music-module	mirrors/amigascne/Parties/The_Party1998/Multi/ioniz5rm.xm	804.88K	Parties/The_Party1998/Multi/ioniz5rm.xm
file music-module	mirrors/amigascne/Parties/The_Party1998/Multi/jull ver IIIII.xm	233.22K	Parties/The_Party1998/Multi/jull ver IIIII.xm
file music-module	mirrors/amigascne/Parties/The_Party1998/Multi/Kids_.xm	954.97K	Parties/The_Party1998/Multi/Kids_.xm
file music-module	mirrors/amigascne/Parties/The_Party1998/Multi/Knock your brains.xm	953.69K	Parties/The_Party1998/Multi/Knock your brains.xm
file music-module	mirrors/amigascne/Parties/The_Party1998/Multi/khamos.xm	0.97M	Parties/The_Party1998/Multi/khamos.xm
file music-module	mirrors/amigascne/Parties/The_Party1998/Multi/Life after Christm.xm	947.32K	Parties/The_Party1998/Multi/Life after Christm.xm
file music-module	mirrors/amigascne/Parties/The_Party1998/Multi/Light years away.xm	538.51K	Parties/The_Party1998/Multi/Light years away.xm
file music-module	mirrors/amigascne/Parties/The_Party1998/Multi/Mallorze Sun_.xm	696.00K	Parties/The_Party1998/Multi/Mallorze Sun_.xm
file music-module	mirrors/amigascne/Parties/The_Party1998/Multi/METAMORPHOSIS_M+D.xm	962.71K	Parties/The_Party1998/Multi/METAMORPHOSIS_M+D.xm
file music-module	mirrors/amigascne/Parties/The_Party1998/Multi/Mechno.xm	1.11M	Parties/The_Party1998/Multi/Mechno.xm
file music-module	mirrors/amigascne/Parties/The_Party1998/Multi/Motivation - 5_02.xm	939.80K	Parties/The_Party1998/Multi/Motivation - 5_02.xm
file music-module	mirrors/amigascne/Parties/The_Party1998/Multi/Nature Watches 3 r.xm	162.28K	Parties/The_Party1998/Multi/Nature Watches 3 r.xm
file music-module	mirrors/amigascne/Parties/The_Party1998/Multi/Nlk___.xm	496.60K	Parties/The_Party1998/Multi/Nlk___.xm
file music-module	mirrors/amigascne/Parties/The_Party1998/Multi/nagash3d.xm	946.56K	Parties/The_Party1998/Multi/nagash3d.xm
file music-module	mirrors/amigascne/Parties/The_Party1998/Multi/needle  x - o.xm	0.97M	Parties/The_Party1998/Multi/needle  x - o.xm
file music-module	mirrors/amigascne/Parties/The_Party1998/Multi/orange9j.xm	945.28K	Parties/The_Party1998/Multi/orange9j.xm
file music-module	mirrors/amigascne/Parties/The_Party1998/Multi/Panical Affection.xm	725.28K	Parties/The_Party1998/Multi/Panical Affection.xm
file music-module	mirrors/amigascne/Parties/The_Party1998/Multi/Planned spontanity.xm	819.78K	Parties/The_Party1998/Multi/Planned spontanity.xm
file music-module	mirrors/amigascne/Parties/The_Party1998/Multi/Popcorn _98.xm	975.78K	Parties/The_Party1998/Multi/Popcorn _98.xm
file music-module	mirrors/amigascne/Parties/The_Party1998/Multi/Porno v1.01.xm	884.29K	Parties/The_Party1998/Multi/Porno v1.01.xm
file music-module	mirrors/amigascne/Parties/The_Party1998/Multi/page13_. - tp98.xm	961.70K	Parties/The_Party1998/Multi/page13_. - tp98.xm
file music-module	mirrors/amigascne/Parties/The_Party1998/Multi/pandan pl...xm	0.98M	Parties/The_Party1998/Multi/pandan pl...xm
file music-module	mirrors/amigascne/Parties/The_Party1998/Multi/partypung 3.11.xm	973.65K	Parties/The_Party1998/Multi/partypung 3.11.xm
file music-module	mirrors/amigascne/Parties/The_Party1998/Multi/Resonance   _3_00_.xm	955.08K	Parties/The_Party1998/Multi/Resonance   _3_00_.xm
file music-module	mirrors/amigascne/Parties/The_Party1998/Multi/Shake three _enuf_.xm	509.44K	Parties/The_Party1998/Multi/Shake three _enuf_.xm
file music-module	mirrors/amigascne/Parties/The_Party1998/Multi/Skogsfolket vaknar.xm	383.32K	Parties/The_Party1998/Multi/Skogsfolket vaknar.xm
file music-module	mirrors/amigascne/Parties/The_Party1998/Multi/Slow Groove.xm	948.70K	Parties/The_Party1998/Multi/Slow Groove.xm
file music-module	mirrors/amigascne/Parties/The_Party1998/Multi/Sphinx.xm	308.73K	Parties/The_Party1998/Multi/Sphinx.xm
file music-module	mirrors/amigascne/Parties/The_Party1998/Multi/Symphony of Sorrow.xm	505.45K	Parties/The_Party1998/Multi/Symphony of Sorrow.xm
file music-module	mirrors/amigascne/Parties/The_Party1998/Multi/stains.xm	1.00M	Parties/The_Party1998/Multi/stains.xm
file music-module	mirrors/amigascne/Parties/The_Party1998/Multi/subsonique dub.xm	951.34K	Parties/The_Party1998/Multi/subsonique dub.xm
file music-module	mirrors/amigascne/Parties/The_Party1998/Multi/superboat.xm	849.95K	Parties/The_Party1998/Multi/superboat.xm
file music-module	mirrors/amigascne/Parties/The_Party1998/Multi/The case.xm	1.10M	Parties/The_Party1998/Multi/The case.xm
file music-module	mirrors/amigascne/Parties/The_Party1998/Multi/The Projector Age.xm	0.97M	Parties/The_Party1998/Multi/The Projector Age.xm
file music-module	mirrors/amigascne/Parties/The_Party1998/Multi/The return of hiz..xm	1.00M	Parties/The_Party1998/Multi/The return of hiz..xm
file music-module	mirrors/amigascne/Parties/The_Party1998/Multi/Tranzformer _.xm	439.81K	Parties/The_Party1998/Multi/Tranzformer _.xm
file music-module	mirrors/amigascne/Parties/The_Party1998/Multi/Trip Into My Mind.xm	815.03K	Parties/The_Party1998/Multi/Trip Into My Mind.xm
file music-module	mirrors/amigascne/Parties/The_Party1998/Multi/the big 2000.xm	37.00K	Parties/The_Party1998/Multi/the big 2000.xm
file music-module	mirrors/amigascne/Parties/The_Party1998/Multi/the magician_s hou.xm	369.24K	Parties/The_Party1998/Multi/the magician_s hou.xm
file music-module	mirrors/amigascne/Parties/The_Party1998/Multi/trick6ra.xm	257.44K	Parties/The_Party1998/Multi/trick6ra.xm
file music-module	mirrors/amigascne/Parties/The_Party1998/Multi/vikings.xm	894.03K	Parties/The_Party1998/Multi/vikings.xm
file music-module	mirrors/amigascne/Parties/The_Party1998/Multi/Wondering.xm	380.17K	Parties/The_Party1998/Multi/Wondering.xm
file music-module	mirrors/amigascne/Parties/The_Party1998/Multi/zubs1ace.xm	921.80K	Parties/The_Party1998/Multi/zubs1ace.xm
file music-module	mirrors/amigascne/Parties/The_Party1998/Multi/_come to me_.xm	941.26K	Parties/The_Party1998/Multi/_come to me_.xm
file music-module	mirrors/amigascne/Parties/The_Party1998/Multi/_Shuffled_  by Fub.xm	660.29K	Parties/The_Party1998/Multi/_Shuffled_  by Fub.xm
file music-module	mirrors/amigascne/Parties/Ukonx2000/music/bOZMAN_Hurry Up.XM	1.10M	Parties/Ukonx2000/music/bOZMAN_Hurry Up.XM
file music-module	mirrors/amigascne/Parties/Ukonx2000/music/GOL - 2000Th_Element.xm	4.03M	Parties/Ukonx2000/music/GOL - 2000Th_Element.xm
file music-module	mirrors/amigascne/Parties/Ukonx2000/music/IX-openingthetribaldoor.xm	1.01M	Parties/Ukonx2000/music/IX-openingthetribaldoor.xm
file music-module	mirrors/amigascne/Parties/Ukonx2000/music/Leon_moa.xm	3.11M	Parties/Ukonx2000/music/Leon_moa.xm
file music-module	mirrors/amigascne/Parties/Ukonx2000/music/lou - CyberChase.xm	567.90K	Parties/Ukonx2000/music/lou - CyberChase.xm
file music-module	mirrors/amigascne/Parties/Ukonx2000/music/molotov - far from paris.xm	1.37M	Parties/Ukonx2000/music/molotov - far from paris.xm
file music-module	mirrors/amigascne/Parties/Ukonx2000/music/Over Time ! Home stress.xm	561.11K	Parties/Ukonx2000/music/Over Time ! Home stress.xm
file music-module	mirrors/amigascne/Parties/Ukonx2000/music/PleKtron - Soul'K'TroniK.xm	2.40M	Parties/Ukonx2000/music/PleKtron - Soul'K'TroniK.xm
file music-module	mirrors/amigascne/Parties/Ukonx2000/music/Rage - Taste.xm	1.04M	Parties/Ukonx2000/music/Rage - Taste.xm
file music-module	mirrors/amigascne/Parties/Ukonx2000/music/serial ROX - dont be sure.xm	0.98M	Parties/Ukonx2000/music/serial ROX - dont be sure.xm
file music-module	mirrors/amigascne/Parties/Ukonx2000/music/T-REX     Yoopa.xm	958.35K	Parties/Ukonx2000/music/T-REX     Yoopa.xm
file music-module	mirrors/flerp/DEMO.'98/Remedy.'98/music/aroma.xm	1.01M	DEMO.'98/Remedy.'98/music/aroma.xm
file music-module	mirrors/flerp/DEMO.'98/Remedy.'98/music/cz-enwld.xm	1.95M	DEMO.'98/Remedy.'98/music/cz-enwld.xm
file music-module	mirrors/flerp/DEMO.'98/Remedy.'98/music/devined.xm	1.16M	DEMO.'98/Remedy.'98/music/devined.xm
file music-module	mirrors/flerp/DEMO.'98/Remedy.'98/music/garden.xm	907.93K	DEMO.'98/Remedy.'98/music/garden.xm
file music-module	mirrors/flerp/DEMO.'98/Remedy.'98/music/heritage.xm	428.13K	DEMO.'98/Remedy.'98/music/heritage.xm
file music-module	mirrors/flerp/DEMO.'98/Remedy.'98/music/jazzdream.xm	1.24M	DEMO.'98/Remedy.'98/music/jazzdream.xm
file music-module	mirrors/flerp/DEMO.'98/Remedy.'98/music/loop_hf.xm	662.96K	DEMO.'98/Remedy.'98/music/loop_hf.xm
file music-module	mirrors/flerp/DEMO.'98/Remedy.'98/music/lyricsfromhell.xm	967.98K	DEMO.'98/Remedy.'98/music/lyricsfromhell.xm
file music-module	mirrors/flerp/DEMO.'98/Remedy.'98/music/makebomb.xm	1.74M	DEMO.'98/Remedy.'98/music/makebomb.xm
file music-module	mirrors/flerp/DEMO.'98/Remedy.'98/music/mrw-afro.xm	972.21K	DEMO.'98/Remedy.'98/music/mrw-afro.xm
file music-module	mirrors/flerp/DEMO.'98/Remedy.'98/music/nf-stven.xm	1.80M	DEMO.'98/Remedy.'98/music/nf-stven.xm
file music-module	mirrors/flerp/DEMO.'98/Remedy.'98/music/outofseq.xm	946.11K	DEMO.'98/Remedy.'98/music/outofseq.xm
file music-module	mirrors/flerp/DEMO.'98/Remedy.'98/music/overdone.xm	1.14M	DEMO.'98/Remedy.'98/music/overdone.xm
file music-module	mirrors/flerp/DEMO.'98/Remedy.'98/music/pd-tlm.xm	536.30K	DEMO.'98/Remedy.'98/music/pd-tlm.xm
file music-module	mirrors/flerp/DEMO.'98/Remedy.'98/music/santoori.xm	881.98K	DEMO.'98/Remedy.'98/music/santoori.xm
file music-module	mirrors/flerp/DEMO.'98/Remedy.'98/music/shakeit.xm	957.73K	DEMO.'98/Remedy.'98/music/shakeit.xm
file music-module	mirrors/flerp/DEMO.'98/Remedy.'98/music/si-jackpot.xm	920.65K	DEMO.'98/Remedy.'98/music/si-jackpot.xm
file music-module	mirrors/flerp/DEMO.'98/Remedy.'98/music/t&i-take.xm	904.59K	DEMO.'98/Remedy.'98/music/t&i-take.xm
file music-module	mirrors/flerp/DEMO.'98/Remedy.'98/music/treache.xm	772.31K	DEMO.'98/Remedy.'98/music/treache.xm
file music-module	mirrors/flerp/DEMO.'98/Romantica'98/mch/01/al-hazre.xm	496.24K	DEMO.'98/Romantica'98/mch/01/al-hazre.xm
file music-module	mirrors/flerp/DEMO.'98/Romantica'98/mch/02/zs-phobi.xm	1.19M	DEMO.'98/Romantica'98/mch/02/zs-phobi.xm
file music-module	mirrors/flerp/DEMO.'99/Ambience.'99/HardcoreMusic/rbi-keba.xm	1.06M	DEMO.'99/Ambience.'99/HardcoreMusic/rbi-keba.xm
file music-module	mirrors/flerp/DEMO.'99/Ambience.'99/HardcoreMusic/rd-carol.xm	1.36M	DEMO.'99/Ambience.'99/HardcoreMusic/rd-carol.xm
file music-module	mirrors/flerp/DEMO.'99/Ambience.'99/Multichannel/cold_for.xm	950.37K	DEMO.'99/Ambience.'99/Multichannel/cold_for.xm
file music-module	mirrors/flerp/DEMO.'99/Ambience.'99/Multichannel/dtn-cras.xm	747.37K	DEMO.'99/Ambience.'99/Multichannel/dtn-cras.xm
file music-module	mirrors/flerp/DEMO.'99/Ambience.'99/SurpriseMusic/pnm-forc.xm	45.54K	DEMO.'99/Ambience.'99/SurpriseMusic/pnm-forc.xm
file music-module	mirrors/flerp/DEMO.'99/TakeOver.'99/HouseMusic/after.xm	1.02M	DEMO.'99/TakeOver.'99/HouseMusic/after.xm
file music-module	mirrors/flerp/DEMO.'99/TakeOver.'99/HouseMusic/shiefing.xm	677.97K	DEMO.'99/TakeOver.'99/HouseMusic/shiefing.xm
file music-module	mirrors/flerp/DEMO.'99/TakeOver.'99/Multichannel/gatherin.xm	755.49K	DEMO.'99/TakeOver.'99/Multichannel/gatherin.xm
file music-module	mirrors/flerp/DEMO.'99/TakeOver.'99/Multichannel/robocop.xm	544.92K	DEMO.'99/TakeOver.'99/Multichannel/robocop.xm
file archive	mirrors/flerp/scene.amiga/Amiga.'93/TheParty.'93/demos/Damage+DTS.XMassDemo.lha	318.93K	scene.amiga/Amiga.'93/TheParty.'93/demos/Damage+DTS.XMassDemo.lha
file music-module	mirrors/flerp/scene.amiga/Amiga.'98/Amiganica'98/Multichannel/11/minareth.xm	829.24K	scene.amiga/Amiga.'98/Amiganica'98/Multichannel/11/minareth.xm
file music-module	mirrors/flerp/scene.amiga/Amiga.'98/Amiganica'98/Multichannel/12/fjazz.xm	194.41K	scene.amiga/Amiga.'98/Amiganica'98/Multichannel/12/fjazz.xm
file music-module	mirrors/flerp/scene.amiga/Amiga.'98/Amiganica'98/Multichannel/13/zsaru.xm	1.00M	scene.amiga/Amiga.'98/Amiganica'98/Multichannel/13/zsaru.xm
file music-module	mirrors/flerp/scene.amiga/Amiga.'98/Fuck-Ya.'98/Multichannel/3/DREAMS.XM	1.30M	scene.amiga/Amiga.'98/Fuck-Ya.'98/Multichannel/3/DREAMS.XM
file music-module	mirrors/flerp/scene.amiga/Amiga.'98/Fuck-Ya.'98/Multichannel/4/NekRomantica.XM	636.16K	scene.amiga/Amiga.'98/Fuck-Ya.'98/Multichannel/4/NekRomantica.XM
file music-module	mirrors/ftp_klosz_art_pl/distro/aion/AIN_SONG/SSONG.XM	337.08K	distro/aion/AIN_SONG/SSONG.XM
file music-module	mirrors/ftp_klosz_art_pl/distro/aion/AIN_SPAC/SPACEMAN.XM	138.00K	distro/aion/AIN_SPAC/SPACEMAN.XM
file music-module	mirrors/ftp_klosz_art_pl/distro/cloud9/BREAK_.XM	478.13K	distro/cloud9/BREAK_.XM
file music-module	mirrors/ftp_klosz_art_pl/distro/interror/soohy/IDEWKIME.XM	37.19K	distro/interror/soohy/IDEWKIME.XM
file music-module	mirrors/ftp_klosz_art_pl/distro/monar/music/marek/!indiana.xm	76.44K	distro/monar/music/marek/!indiana.xm
file music-module	mirrors/ftp_klosz_art_pl/distro/nsa/'niezywe.xm	163.06K	distro/nsa/'niezywe.xm
file music-module	mirrors/ftp_klosz_art_pl/distro/nsa/pioter_4chnl_modules/'glowa.xm	153.74K	distro/nsa/pioter_4chnl_modules/'glowa.xm
file music-module	mirrors/ftp_klosz_art_pl/distro/nsa/pioter_4chnl_modules/'loading.xm	158.76K	distro/nsa/pioter_4chnl_modules/'loading.xm
file music-module	mirrors/ftp_klosz_art_pl/distro/nsa/pioter_4chnl_modules/'master.xm	76.95K	distro/nsa/pioter_4chnl_modules/'master.xm
file music-module	mirrors/ftp_klosz_art_pl/distro/nsa/pioter_4chnl_modules/'niezywe.xm	31.50K	distro/nsa/pioter_4chnl_modules/'niezywe.xm
file music-module	mirrors/ftp_klosz_art_pl/distro/palsecam/other/YHN_ABBY.XM	66.08K	distro/palsecam/other/YHN_ABBY.XM
file music-module	mirrors/ftp_klosz_art_pl/distro/palsecam/other/YHN_PICE.XM	560.05K	distro/palsecam/other/YHN_PICE.XM
file music-module	mirrors/ftp_klosz_art_pl/distro/palsecam/other/YHN_SHOR.XM	69.97K	distro/palsecam/other/YHN_SHOR.XM
file music-module	mirrors/ftp_klosz_art_pl/distro/palsecam/other/YHN_VIRT.XM	284.23K	distro/palsecam/other/YHN_VIRT.XM
file music-module	mirrors/ftp_klosz_art_pl/incoming/--- Pozegnanie ze scena [cavell] ---/Pozegnanie.xm	2.68M	incoming/--- Pozegnanie ze scena [cavell] ---/Pozegnanie.xm
file music-module	mirrors/ftp_klosz_art_pl/mags/sinner/%233/!!!!sinner%233 press pack/SHERLOCK.XM	568.91K	mags/sinner/%233/!!!!sinner%233 press pack/SHERLOCK.XM
file music-module	mirrors/ftp_klosz_art_pl/parties/poland/xenium2021/msx_tracked/inadvance.xm	1.70M	parties/poland/xenium2021/msx_tracked/inadvance.xm
file music-module	mirrors/ftp_klosz_art_pl/parties/world/abduction98/mch/abearcal.xm	345.29K	parties/world/abduction98/mch/abearcal.xm
file music-module	mirrors/ftp_klosz_art_pl/parties/world/abduction98/mch/booster.xm	523.67K	parties/world/abduction98/mch/booster.xm
file music-module	mirrors/ftp_klosz_art_pl/parties/world/abduction98/mch/catchy.xm	0.96M	parties/world/abduction98/mch/catchy.xm
file music-module	mirrors/ftp_klosz_art_pl/parties/world/abduction98/mch/cns-eat.xm	422.42K	parties/world/abduction98/mch/cns-eat.xm
file music-module	mirrors/ftp_klosz_art_pl/parties/world/abduction98/mch/dc_smcm2.xm	0B	parties/world/abduction98/mch/dc_smcm2.xm
file music-module	mirrors/ftp_klosz_art_pl/parties/world/abduction98/mch/dem_noma.xm	0B	parties/world/abduction98/mch/dem_noma.xm
file music-module	mirrors/ftp_klosz_art_pl/parties/world/abduction98/mch/dream.xm	0B	parties/world/abduction98/mch/dream.xm
file music-module	mirrors/ftp_klosz_art_pl/parties/world/abduction98/mch/esophag.xm	0B	parties/world/abduction98/mch/esophag.xm
file music-module	mirrors/ftp_klosz_art_pl/parties/world/abduction98/mch/flp_llf.xm	0B	parties/world/abduction98/mch/flp_llf.xm
file music-module	mirrors/ftp_klosz_art_pl/parties/world/abduction98/mch/funky.xm	0B	parties/world/abduction98/mch/funky.xm
file music-module	mirrors/ftp_klosz_art_pl/parties/world/abduction98/mch/human.xm	0B	parties/world/abduction98/mch/human.xm
file music-module	mirrors/ftp_klosz_art_pl/parties/world/abduction98/mch/hurja.xm	0B	parties/world/abduction98/mch/hurja.xm
file music-module	mirrors/ftp_klosz_art_pl/parties/world/abduction98/mch/ihan.xm	0B	parties/world/abduction98/mch/ihan.xm
file music-module	mirrors/ftp_klosz_art_pl/parties/world/abduction98/mch/jng_danc.xm	0B	parties/world/abduction98/mch/jng_danc.xm
file music-module	mirrors/ftp_klosz_art_pl/parties/world/abduction98/mch/joint.xm	0B	parties/world/abduction98/mch/joint.xm
file music-module	mirrors/ftp_klosz_art_pl/parties/world/abduction98/mch/jzd-drea.xm	0B	parties/world/abduction98/mch/jzd-drea.xm
file music-module	mirrors/ftp_klosz_art_pl/parties/world/abduction98/mch/lc_a2051.xm	0B	parties/world/abduction98/mch/lc_a2051.xm
file music-module	mirrors/ftp_klosz_art_pl/parties/world/abduction98/mch/lo-ejec.xm	0B	parties/world/abduction98/mch/lo-ejec.xm
file music-module	mirrors/ftp_klosz_art_pl/parties/world/abduction98/mch/mind.xm	0B	parties/world/abduction98/mch/mind.xm
file music-module	mirrors/ftp_klosz_art_pl/parties/world/abduction98/mch/mj-bong.xm	0B	parties/world/abduction98/mch/mj-bong.xm
file music-module	mirrors/ftp_klosz_art_pl/parties/world/abduction98/mch/mmmbox.xm	0B	parties/world/abduction98/mch/mmmbox.xm
file music-module	mirrors/ftp_klosz_art_pl/parties/world/abduction98/mch/oceanic.xm	0B	parties/world/abduction98/mch/oceanic.xm
file music-module	mirrors/ftp_klosz_art_pl/parties/world/abduction98/mch/puoli.xm	0B	parties/world/abduction98/mch/puoli.xm
file music-module	mirrors/ftp_klosz_art_pl/parties/world/abduction98/mch/puttoo.xm	0B	parties/world/abduction98/mch/puttoo.xm
file music-module	mirrors/ftp_klosz_art_pl/parties/world/abduction98/mch/silent.xm	0B	parties/world/abduction98/mch/silent.xm
file music-module	mirrors/ftp_klosz_art_pl/parties/world/abduction98/mch/sotus.xm	0B	parties/world/abduction98/mch/sotus.xm
file music-module	mirrors/ftp_klosz_art_pl/parties/world/abduction98/mch/sp-jag.xm	0B	parties/world/abduction98/mch/sp-jag.xm
file music-module	mirrors/ftp_klosz_art_pl/parties/world/abduction98/mch/tmp_hevo.xm	0B	parties/world/abduction98/mch/tmp_hevo.xm
file music-module	mirrors/ftp_klosz_art_pl/parties/world/abduction98/mch/vauva.xm	0B	parties/world/abduction98/mch/vauva.xm
file music-module	mirrors/ftp_klosz_art_pl/parties/world/abduction98/mch/warriors.xm	0B	parties/world/abduction98/mch/warriors.xm
file music-module	mirrors/ftp_klosz_art_pl/parties/world/abduction98/mch/wotws_re.xm	0B	parties/world/abduction98/mch/wotws_re.xm
file music-module	mirrors/ftp_klosz_art_pl/parties/world/abduction98/mch/zg_sheis.xm	0B	parties/world/abduction98/mch/zg_sheis.xm
file music-module	mirrors/ftp_klosz_art_pl/parties/world/remedy98/multi-channel/01-aroma.xm	1.01M	parties/world/remedy98/multi-channel/01-aroma.xm
file music-module	mirrors/ftp_klosz_art_pl/parties/world/remedy98/multi-channel/02-cz-en.xm	1.95M	parties/world/remedy98/multi-channel/02-cz-en.xm
file music-module	mirrors/ftp_klosz_art_pl/parties/world/remedy98/multi-channel/03-devin.xm	1.16M	parties/world/remedy98/multi-channel/03-devin.xm
file music-module	mirrors/ftp_klosz_art_pl/parties/world/remedy98/multi-channel/04-garde.xm	907.93K	parties/world/remedy98/multi-channel/04-garde.xm
file music-module	mirrors/ftp_klosz_art_pl/parties/world/remedy98/multi-channel/05-helve.xm	967.98K	parties/world/remedy98/multi-channel/05-helve.xm
file music-module	mirrors/ftp_klosz_art_pl/parties/world/remedy98/multi-channel/06-herit.xm	428.13K	parties/world/remedy98/multi-channel/06-herit.xm
file music-module	mirrors/ftp_klosz_art_pl/parties/world/remedy98/multi-channel/08-loop_.xm	662.96K	parties/world/remedy98/multi-channel/08-loop_.xm
file music-module	mirrors/ftp_klosz_art_pl/parties/world/remedy98/multi-channel/09-makeb.xm	1.74M	parties/world/remedy98/multi-channel/09-makeb.xm
file music-module	mirrors/ftp_klosz_art_pl/parties/world/remedy98/multi-channel/10-mrw-a.xm	972.21K	parties/world/remedy98/multi-channel/10-mrw-a.xm
file music-module	mirrors/ftp_klosz_art_pl/parties/world/remedy98/multi-channel/12-out.xm	946.11K	parties/world/remedy98/multi-channel/12-out.xm
file music-module	mirrors/ftp_klosz_art_pl/parties/world/remedy98/multi-channel/13-overd.xm	1.17M	parties/world/remedy98/multi-channel/13-overd.xm
file music-module	mirrors/ftp_klosz_art_pl/parties/world/remedy98/multi-channel/14-pd-tl.xm	536.30K	parties/world/remedy98/multi-channel/14-pd-tl.xm
file music-module	mirrors/ftp_klosz_art_pl/parties/world/remedy98/multi-channel/16-santo.xm	881.98K	parties/world/remedy98/multi-channel/16-santo.xm
file music-module	mirrors/ftp_klosz_art_pl/parties/world/remedy98/multi-channel/17-shake.xm	957.73K	parties/world/remedy98/multi-channel/17-shake.xm
file music-module	mirrors/ftp_klosz_art_pl/parties/world/remedy98/multi-channel/18-sl-ja.xm	920.65K	parties/world/remedy98/multi-channel/18-sl-ja.xm
file music-module	mirrors/ftp_klosz_art_pl/parties/world/remedy98/multi-channel/19-tni-t.xm	904.59K	parties/world/remedy98/multi-channel/19-tni-t.xm
file music-module	mirrors/ftp_klosz_art_pl/parties/world/remedy98/multi-channel/20-treac.xm	772.31K	parties/world/remedy98/multi-channel/20-treac.xm
file text	mirrors/ftp_klosz_art_pl/parties/world/tg01/mmul/tg01_trackedmusic_stalefish_g00ber.xm.txt	71B	parties/world/tg01/mmul/tg01_trackedmusic_stalefish_g00ber.xm.txt
file archive	mirrors/ftp_klosz_art_pl/parties/world/tg01/mmul/tg01_trackedmusic_stalefish_g00ber.xm.zip	494.87K	parties/world/tg01/mmul/tg01_trackedmusic_stalefish_g00ber.xm.zip
file music-module	mirrors/ftp_klosz_art_pl/purgatory/!-LANS_PACK/didaque-remikz.xm	62.92K	purgatory/!-LANS_PACK/didaque-remikz.xm
file music-module	mirrors/ftp_klosz_art_pl/stuff/msx/bigyo/redroof.xm	25.57K	stuff/msx/bigyo/redroof.xm
file music-module	mirrors/ftp_klosz_art_pl/stuff/msx/bigyo/mkdir bigyo/redroof.xm	1.72M	stuff/msx/bigyo/mkdir bigyo/redroof.xm
file music-module	mirrors/ftp_klosz_art_pl/stuff/msx/cizio/Cizio_Ops.xm	236.00K	stuff/msx/cizio/Cizio_Ops.xm
file music-module	mirrors/ftp_klosz_art_pl/stuff/msx/cizio/Cizio_Ops_dobry.xm	1.70M	stuff/msx/cizio/Cizio_Ops_dobry.xm
file music-module	mirrors/ftp_klosz_art_pl/stuff/msx/cro/64_JMP.XM	9.50K	stuff/msx/cro/64_JMP.XM
file music-module	mirrors/ftp_klosz_art_pl/stuff/msx/cro/DREAD.XM	466.90K	stuff/msx/cro/DREAD.XM
file music-module	mirrors/ftp_klosz_art_pl/stuff/msx/cro/LDS.XM	104.23K	stuff/msx/cro/LDS.XM
file music-module	mirrors/ftp_klosz_art_pl/stuff/msx/cro/PSI_.XM	39.59K	stuff/msx/cro/PSI_.XM
file music-module	mirrors/ftp_klosz_art_pl/stuff/msx/cro/YELLOW_F.XM	378.74K	stuff/msx/cro/YELLOW_F.XM
file music-module	mirrors/ftp_klosz_art_pl/stuff/msx/czipy_rts/CHROOM.XM	82.15K	stuff/msx/czipy_rts/CHROOM.XM
file music-module	mirrors/ftp_klosz_art_pl/stuff/msx/czipy_rts/IGRY.XM	135.95K	stuff/msx/czipy_rts/IGRY.XM
file music-module	mirrors/ftp_klosz_art_pl/stuff/msx/czipy_rts/OBSTRUKC.XM	55.96K	stuff/msx/czipy_rts/OBSTRUKC.XM
file music-module	mirrors/ftp_klosz_art_pl/stuff/msx/demology/LOVE.XM	622.16K	stuff/msx/demology/LOVE.XM
file music-module	mirrors/ftp_klosz_art_pl/stuff/msx/digital/DIGITAL.XM	211.32K	stuff/msx/digital/DIGITAL.XM
file music-module	mirrors/ftp_klosz_art_pl/stuff/msx/diomatic/DARK_CIT.XM	861.33K	stuff/msx/diomatic/DARK_CIT.XM
file music-module	mirrors/ftp_klosz_art_pl/stuff/msx/diomatic/Drzwi_do.xm	1.18M	stuff/msx/diomatic/Drzwi_do.xm
file music-module	mirrors/ftp_klosz_art_pl/stuff/msx/diomatic/Elektros.xm	314.52K	stuff/msx/diomatic/Elektros.xm
file music-module	mirrors/ftp_klosz_art_pl/stuff/msx/diomatic/Elekt_mi.xm	682.14K	stuff/msx/diomatic/Elekt_mi.xm
file music-module	mirrors/ftp_klosz_art_pl/stuff/msx/diomatic/FLYFLYF2.XM	602.35K	stuff/msx/diomatic/FLYFLYF2.XM
file music-module	mirrors/ftp_klosz_art_pl/stuff/msx/diomatic/Grawitac.xm	507.58K	stuff/msx/diomatic/Grawitac.xm
file music-module	mirrors/ftp_klosz_art_pl/stuff/msx/diomatic/Halucyn.xm	426.30K	stuff/msx/diomatic/Halucyn.xm
file music-module	mirrors/ftp_klosz_art_pl/stuff/msx/diomatic/INVASION.XM	3.35M	stuff/msx/diomatic/INVASION.XM
file music-module	mirrors/ftp_klosz_art_pl/stuff/msx/diomatic/Mist_sw.xm	694.79K	stuff/msx/diomatic/Mist_sw.xm
file music-module	mirrors/ftp_klosz_art_pl/stuff/msx/diomatic/Nuna.xm	445.80K	stuff/msx/diomatic/Nuna.xm
file music-module	mirrors/ftp_klosz_art_pl/stuff/msx/diomatic/Sny.xm	260.26K	stuff/msx/diomatic/Sny.xm
file music-module	mirrors/ftp_klosz_art_pl/stuff/msx/diomatic/WALCZYK.XM	1.44M	stuff/msx/diomatic/WALCZYK.XM
file music-module	mirrors/ftp_klosz_art_pl/stuff/msx/diomatic/WHATS_GO.XM	2.07M	stuff/msx/diomatic/WHATS_GO.XM
file music-module	mirrors/ftp_klosz_art_pl/stuff/msx/diomatic/WIOCHA.XM	0B	stuff/msx/diomatic/WIOCHA.XM
file music-module	mirrors/ftp_klosz_art_pl/stuff/msx/diomatic/WIOCHA2.XM	289.44K	stuff/msx/diomatic/WIOCHA2.XM
file music-module	mirrors/ftp_klosz_art_pl/stuff/msx/diomatic/ambient/GOD_IS_E.XM	761.33K	stuff/msx/diomatic/ambient/GOD_IS_E.XM
file music-module	mirrors/ftp_klosz_art_pl/stuff/msx/diomatic/ambient/SPACE.XM	1.87M	stuff/msx/diomatic/ambient/SPACE.XM
file music-module	mirrors/ftp_klosz_art_pl/stuff/msx/diomatic/ambient/WHEN_YOU.XM	2.24M	stuff/msx/diomatic/ambient/WHEN_YOU.XM
file music-module	mirrors/ftp_klosz_art_pl/stuff/msx/diomatic/electro/ELECTRO-fixed2.XM	1.16M	stuff/msx/diomatic/electro/ELECTRO-fixed2.XM
file music-module	mirrors/ftp_klosz_art_pl/stuff/msx/diomatic/electro/ELECTRO.XM	0B	stuff/msx/diomatic/electro/ELECTRO.XM
file music-module	mirrors/ftp_klosz_art_pl/stuff/msx/diomatic/electro/ELECTROI.XM	2.60M	stuff/msx/diomatic/electro/ELECTROI.XM
file music-module	mirrors/ftp_klosz_art_pl/stuff/msx/diomatic/electro/ELECTRO_fixed.XM	0B	stuff/msx/diomatic/electro/ELECTRO_fixed.XM
file music-module	mirrors/ftp_klosz_art_pl/stuff/msx/diomatic/electro/FALLING_.XM	525.38K	stuff/msx/diomatic/electro/FALLING_.XM
file music-module	mirrors/ftp_klosz_art_pl/stuff/msx/diomatic/XM/2049-WAR.XM	2.83M	stuff/msx/diomatic/XM/2049-WAR.XM
file music-module	mirrors/ftp_klosz_art_pl/stuff/msx/diomatic/XM/2049B-WA.XM	1.79M	stuff/msx/diomatic/XM/2049B-WA.XM
file music-module	mirrors/ftp_klosz_art_pl/stuff/msx/diomatic/XM/DARK_CIT.XM	0B	stuff/msx/diomatic/XM/DARK_CIT.XM
file music-module	mirrors/ftp_klosz_art_pl/stuff/msx/diomatic/XM/DARK_CITy.XM	861.33K	stuff/msx/diomatic/XM/DARK_CITy.XM
file music-module	mirrors/ftp_klosz_art_pl/stuff/msx/diomatic/XM/INNYSWIA.XM	442.02K	stuff/msx/diomatic/XM/INNYSWIA.XM
file music-module	mirrors/ftp_klosz_art_pl/stuff/msx/diomatic/XM/NADCHODZ.XM	886.00K	stuff/msx/diomatic/XM/NADCHODZ.XM
file music-module	mirrors/ftp_klosz_art_pl/stuff/msx/diomatic/XM/NATURE.XM	32.50K	stuff/msx/diomatic/XM/NATURE.XM
file music-module	mirrors/ftp_klosz_art_pl/stuff/msx/diomatic/XM/NATURE2.XM	814.84K	stuff/msx/diomatic/XM/NATURE2.XM
file music-module	mirrors/ftp_klosz_art_pl/stuff/msx/diomatic/XM/NUNA.XM	445.81K	stuff/msx/diomatic/XM/NUNA.XM
file music-module	mirrors/ftp_klosz_art_pl/stuff/msx/diomatic/XM/OP_BLACK.XM	796.90K	stuff/msx/diomatic/XM/OP_BLACK.XM
file music-module	mirrors/ftp_klosz_art_pl/stuff/msx/diomatic/XM/RUNRUNRU.XM	0B	stuff/msx/diomatic/XM/RUNRUNRU.XM
file music-module	mirrors/ftp_klosz_art_pl/stuff/msx/diomatic/XM/SEA_RAY.XM	1.02M	stuff/msx/diomatic/XM/SEA_RAY.XM
file music-module	mirrors/ftp_klosz_art_pl/stuff/msx/diomatic/XM/SZKLANY_.XM	698.83K	stuff/msx/diomatic/XM/SZKLANY_.XM
file music-module	mirrors/ftp_klosz_art_pl/stuff/msx/diomatic/XM/THE_WAY.XM	1.72M	stuff/msx/diomatic/XM/THE_WAY.XM
file music-module	mirrors/ftp_klosz_art_pl/stuff/msx/diomatic/XM/WARRIORS.XM	2.83M	stuff/msx/diomatic/XM/WARRIORS.XM
file music-module	mirrors/ftp_klosz_art_pl/stuff/msx/diomatic/XM/WROTA.XM	910.23K	stuff/msx/diomatic/XM/WROTA.XM
file music-module	mirrors/ftp_klosz_art_pl/stuff/msx/gex/13yearsB.xm	114.65K	stuff/msx/gex/13yearsB.xm
file music-module	mirrors/ftp_klosz_art_pl/stuff/msx/gex/MAYBE.XM	128.25K	stuff/msx/gex/MAYBE.XM
file music-module	mirrors/ftp_klosz_art_pl/stuff/msx/glasz/4FRND.XM	555.71K	stuff/msx/glasz/4FRND.XM
file music-module	mirrors/ftp_klosz_art_pl/stuff/msx/glasz/gLasZ_staff/CIPCIU$.XM	166.78K	stuff/msx/glasz/gLasZ_staff/CIPCIU$.XM
file music-module	mirrors/ftp_klosz_art_pl/stuff/msx/glasz/gLasZ_staff/MATRIX.XM	666.76K	stuff/msx/glasz/gLasZ_staff/MATRIX.XM
file music-module	mirrors/ftp_klosz_art_pl/stuff/msx/jugi/dope_onward_ride.xm	628.90K	stuff/msx/jugi/dope_onward_ride.xm
file music-module	mirrors/ftp_klosz_art_pl/stuff/msx/jugi/dope_onward_ride_(party_version).xm	637.31K	stuff/msx/jugi/dope_onward_ride_(party_version).xm
file music-module	mirrors/ftp_klosz_art_pl/stuff/msx/jugi/gates_of_ixtlan.xm	549.67K	stuff/msx/jugi/gates_of_ixtlan.xm
file music-module	mirrors/ftp_klosz_art_pl/stuff/msx/jugi/inner_mountain_flame.xm	664.64K	stuff/msx/jugi/inner_mountain_flame.xm
file music-module	mirrors/ftp_klosz_art_pl/stuff/msx/kain/BACKUP.XM	350.50K	stuff/msx/kain/BACKUP.XM
file music-module	mirrors/ftp_klosz_art_pl/stuff/msx/kain/CZ29.XM	28.55K	stuff/msx/kain/CZ29.XM
file music-module	mirrors/ftp_klosz_art_pl/stuff/msx/kain/IGLY.XM	324.89K	stuff/msx/kain/IGLY.XM
file music-module	mirrors/ftp_klosz_art_pl/stuff/msx/keyg/90RAD.XM	58.54K	stuff/msx/keyg/90RAD.XM
file music-module	mirrors/ftp_klosz_art_pl/stuff/msx/keyg/ACAR.XM	25.36K	stuff/msx/keyg/ACAR.XM
file music-module	mirrors/ftp_klosz_art_pl/stuff/msx/keyg/COMPLEX.XM	6.26K	stuff/msx/keyg/COMPLEX.XM
file music-module	mirrors/ftp_klosz_art_pl/stuff/msx/keyg/EVERLEET.XM	82.68K	stuff/msx/keyg/EVERLEET.XM
file music-module	mirrors/ftp_klosz_art_pl/stuff/msx/keyg/geelteed.xm	17.74K	stuff/msx/keyg/geelteed.xm
file music-module	mirrors/ftp_klosz_art_pl/stuff/msx/keyg/INSPVIDG.XM	1.37K	stuff/msx/keyg/INSPVIDG.XM
file music-module	mirrors/ftp_klosz_art_pl/stuff/msx/keyg/INTROKAS.XM	60.47K	stuff/msx/keyg/INTROKAS.XM
file music-module	mirrors/ftp_klosz_art_pl/stuff/msx/keyg/keyg-8.xm	45.19K	stuff/msx/keyg/keyg-8.xm
file music-module	mirrors/ftp_klosz_art_pl/stuff/msx/keyg/LANDING.XM	4.45K	stuff/msx/keyg/LANDING.XM
file music-module	mirrors/ftp_klosz_art_pl/stuff/msx/keyg/LEGANS.XM	16.63K	stuff/msx/keyg/LEGANS.XM
file music-module	mirrors/ftp_klosz_art_pl/stuff/msx/keyg/MAKARONY.XM	29.53K	stuff/msx/keyg/MAKARONY.XM
file music-module	mirrors/ftp_klosz_art_pl/stuff/msx/keyg/MultiF.xm	98.95K	stuff/msx/keyg/MultiF.xm
file music-module	mirrors/ftp_klosz_art_pl/stuff/msx/keyg/mouth.xm	562.59K	stuff/msx/keyg/mouth.xm
file music-module	mirrors/ftp_klosz_art_pl/stuff/msx/keyg/ORDER.XM	1.08K	stuff/msx/keyg/ORDER.XM
file music-module	mirrors/ftp_klosz_art_pl/stuff/msx/keyg/SEVENTH.XM	67.00K	stuff/msx/keyg/SEVENTH.XM
file music-module	mirrors/ftp_klosz_art_pl/stuff/msx/keyg/SHORTCUT.XM	14.80K	stuff/msx/keyg/SHORTCUT.XM
file music-module	mirrors/ftp_klosz_art_pl/stuff/msx/keyg/shortfrm.xm	33.79K	stuff/msx/keyg/shortfrm.xm
file music-module	mirrors/ftp_klosz_art_pl/stuff/msx/keyg/THENEXT.XM	5.78K	stuff/msx/keyg/THENEXT.XM
file music-module	mirrors/ftp_klosz_art_pl/stuff/msx/keyg/ULOTKA.XM	20.63K	stuff/msx/keyg/ULOTKA.XM
file music-module	mirrors/ftp_klosz_art_pl/stuff/msx/keyg/WHERE.XM	7.99K	stuff/msx/keyg/WHERE.XM
file music-module	mirrors/ftp_klosz_art_pl/stuff/msx/keyg/WNEXCT.XM	39.65K	stuff/msx/keyg/WNEXCT.XM
file music-module	mirrors/ftp_klosz_art_pl/stuff/msx/keyg/1996/VERYFAST.XM	558.67K	stuff/msx/keyg/1996/VERYFAST.XM
file music-module	mirrors/ftp_klosz_art_pl/stuff/msx/keyg/1997/BUBU.XM	9.34K	stuff/msx/keyg/1997/BUBU.XM
file music-module	mirrors/ftp_klosz_art_pl/stuff/msx/keyg/1997/I'MGOIN3.XM	5.67K	stuff/msx/keyg/1997/I'MGOIN3.XM
file music-module	mirrors/ftp_klosz_art_pl/stuff/msx/keyg/1997/INFLOW.XM	892.20K	stuff/msx/keyg/1997/INFLOW.XM
file music-module	mirrors/ftp_klosz_art_pl/stuff/msx/keyg/1997/INTROKAS.XM	60.47K	stuff/msx/keyg/1997/INTROKAS.XM
file music-module	mirrors/ftp_klosz_art_pl/stuff/msx/keyg/1997/ITSALLSQ.XM	13.65K	stuff/msx/keyg/1997/ITSALLSQ.XM
file music-module	mirrors/ftp_klosz_art_pl/stuff/msx/keyg/1997/LIVEACT.XM	678.89K	stuff/msx/keyg/1997/LIVEACT.XM
file music-module	mirrors/ftp_klosz_art_pl/stuff/msx/keyg/1997/LOVELETE.XM	952.43K	stuff/msx/keyg/1997/LOVELETE.XM
file music-module	mirrors/ftp_klosz_art_pl/stuff/msx/keyg/1997/MOONECLI.XM	10.98K	stuff/msx/keyg/1997/MOONECLI.XM
file music-module	mirrors/ftp_klosz_art_pl/stuff/msx/keyg/1997/OMNITRON.XM	907.14K	stuff/msx/keyg/1997/OMNITRON.XM
file music-module	mirrors/ftp_klosz_art_pl/stuff/msx/keyg/1997/RESONANC.XM	7.01K	stuff/msx/keyg/1997/RESONANC.XM
file music-module	mirrors/ftp_klosz_art_pl/stuff/msx/keyg/1997/RESTRICT.XM	603.87K	stuff/msx/keyg/1997/RESTRICT.XM
file music-module	mirrors/ftp_klosz_art_pl/stuff/msx/keyg/1997/RULEZJA.XM	84.18K	stuff/msx/keyg/1997/RULEZJA.XM
file music-module	mirrors/ftp_klosz_art_pl/stuff/msx/keyg/1997/SENSITIV.XM	8.66K	stuff/msx/keyg/1997/SENSITIV.XM
file music-module	mirrors/ftp_klosz_art_pl/stuff/msx/keyg/1997/SWINKI3.XM	14.75K	stuff/msx/keyg/1997/SWINKI3.XM
file music-module	mirrors/ftp_klosz_art_pl/stuff/msx/keyg/1997/SZARYFAR.XM	22.74K	stuff/msx/keyg/1997/SZARYFAR.XM
file music-module	mirrors/ftp_klosz_art_pl/stuff/msx/keyg/1998/27SECAGO.XM	16.99K	stuff/msx/keyg/1998/27SECAGO.XM
file music-module	mirrors/ftp_klosz_art_pl/stuff/msx/keyg/1998/8.XM	45.19K	stuff/msx/keyg/1998/8.XM
file music-module	mirrors/ftp_klosz_art_pl/stuff/msx/keyg/1998/ALLISEE.XM	34.03K	stuff/msx/keyg/1998/ALLISEE.XM
file music-module	mirrors/ftp_klosz_art_pl/stuff/msx/keyg/1998/AURALLUV.XM	1.00M	stuff/msx/keyg/1998/AURALLUV.XM
file music-module	mirrors/ftp_klosz_art_pl/stuff/msx/keyg/1998/BOOOOOHM.XM	10.91K	stuff/msx/keyg/1998/BOOOOOHM.XM
file music-module	mirrors/ftp_klosz_art_pl/stuff/msx/keyg/1998/BULLPOW2.XM	2.23K	stuff/msx/keyg/1998/BULLPOW2.XM
file music-module	mirrors/ftp_klosz_art_pl/stuff/msx/keyg/1998/BULLPOWE.XM	4.14K	stuff/msx/keyg/1998/BULLPOWE.XM
file music-module	mirrors/ftp_klosz_art_pl/stuff/msx/keyg/1998/COMPLEX.XM	6.26K	stuff/msx/keyg/1998/COMPLEX.XM
file music-module	mirrors/ftp_klosz_art_pl/stuff/msx/keyg/1998/INSPVIDG.XM	1.37K	stuff/msx/keyg/1998/INSPVIDG.XM
file music-module	mirrors/ftp_klosz_art_pl/stuff/msx/keyg/1998/LEGANS.XM	16.63K	stuff/msx/keyg/1998/LEGANS.XM
file music-module	mirrors/ftp_klosz_art_pl/stuff/msx/keyg/1998/LIVEECT.XM	7.83K	stuff/msx/keyg/1998/LIVEECT.XM
file music-module	mirrors/ftp_klosz_art_pl/stuff/msx/keyg/1998/MAKARONY.XM	29.53K	stuff/msx/keyg/1998/MAKARONY.XM
file music-module	mirrors/ftp_klosz_art_pl/stuff/msx/keyg/1998/ONENOTE.XM	4.64K	stuff/msx/keyg/1998/ONENOTE.XM
file music-module	mirrors/ftp_klosz_art_pl/stuff/msx/keyg/1998/PARPE.XM	922.38K	stuff/msx/keyg/1998/PARPE.XM
file music-module	mirrors/ftp_klosz_art_pl/stuff/msx/keyg/1998/PJERDUT.XM	34.07K	stuff/msx/keyg/1998/PJERDUT.XM
file music-module	mirrors/ftp_klosz_art_pl/stuff/msx/keyg/1998/SEVENTH.XM	67.00K	stuff/msx/keyg/1998/SEVENTH.XM
file music-module	mirrors/ftp_klosz_art_pl/stuff/msx/keyg/1998/SIKI.XM	15.61K	stuff/msx/keyg/1998/SIKI.XM
file music-module	mirrors/ftp_klosz_art_pl/stuff/msx/keyg/1998/SIMPLICI.XM	28.02K	stuff/msx/keyg/1998/SIMPLICI.XM
file music-module	mirrors/ftp_klosz_art_pl/stuff/msx/keyg/1998/T-SHORT.XM	4.22K	stuff/msx/keyg/1998/T-SHORT.XM
file music-module	mirrors/ftp_klosz_art_pl/stuff/msx/keyg/1998/THENEXT.XM	5.78K	stuff/msx/keyg/1998/THENEXT.XM
file music-module	mirrors/ftp_klosz_art_pl/stuff/msx/keyg/1998/ULOTKA.XM	20.63K	stuff/msx/keyg/1998/ULOTKA.XM
file music-module	mirrors/ftp_klosz_art_pl/stuff/msx/keyg/1998/VOLUME.XM	9.30K	stuff/msx/keyg/1998/VOLUME.XM
file music-module	mirrors/ftp_klosz_art_pl/stuff/msx/keyg/1998/XXL.XM	7.88K	stuff/msx/keyg/1998/XXL.XM
file music-module	mirrors/ftp_klosz_art_pl/stuff/msx/keyg/1999/ACAR.XM	25.36K	stuff/msx/keyg/1999/ACAR.XM
file music-module	mirrors/ftp_klosz_art_pl/stuff/msx/keyg/1999/EVERLEET.XM	82.68K	stuff/msx/keyg/1999/EVERLEET.XM
file music-module	mirrors/ftp_klosz_art_pl/stuff/msx/keyg/1999/geelteed.xm	17.74K	stuff/msx/keyg/1999/geelteed.xm
file music-module	mirrors/ftp_klosz_art_pl/stuff/msx/keyg/1999/post01.xm	32.83K	stuff/msx/keyg/1999/post01.xm
file music-module	mirrors/ftp_klosz_art_pl/stuff/msx/keyg/1999/SKALDZI.XM	19.95K	stuff/msx/keyg/1999/SKALDZI.XM
file music-module	mirrors/ftp_klosz_art_pl/stuff/msx/keyg/1999/SQRTNZ.XM	30.63K	stuff/msx/keyg/1999/SQRTNZ.XM
file music-module	mirrors/ftp_klosz_art_pl/stuff/msx/keyg/1999/shortfrm.xm	33.79K	stuff/msx/keyg/1999/shortfrm.xm
file music-module	mirrors/ftp_klosz_art_pl/stuff/msx/keyg/2000/41pp.xm	34.43K	stuff/msx/keyg/2000/41pp.xm
file music-module	mirrors/ftp_klosz_art_pl/stuff/msx/keyg/2000/42ppua.xm	46.11K	stuff/msx/keyg/2000/42ppua.xm
file music-module	mirrors/ftp_klosz_art_pl/stuff/msx/keyg/2000/90RAD.XM	58.54K	stuff/msx/keyg/2000/90RAD.XM
file music-module	mirrors/ftp_klosz_art_pl/stuff/msx/keyg/2000/DP.XM	7.67K	stuff/msx/keyg/2000/DP.XM
file music-module	mirrors/ftp_klosz_art_pl/stuff/msx/keyg/2000/IGO4.XM	8.28K	stuff/msx/keyg/2000/IGO4.XM
file music-module	mirrors/ftp_klosz_art_pl/stuff/msx/keyg/2000/mouth.xm	562.59K	stuff/msx/keyg/2000/mouth.xm
file music-module	mirrors/ftp_klosz_art_pl/stuff/msx/keyg/2000/PLUSPLUS.XM	4.86K	stuff/msx/keyg/2000/PLUSPLUS.XM
file music-module	mirrors/ftp_klosz_art_pl/stuff/msx/keyg/2000/SHORTCUT.XM	14.80K	stuff/msx/keyg/2000/SHORTCUT.XM
file music-module	mirrors/ftp_klosz_art_pl/stuff/msx/keyg/2000/TEED.XM	8.80K	stuff/msx/keyg/2000/TEED.XM
file music-module	mirrors/ftp_klosz_art_pl/stuff/msx/keyg/2000/TENTHDAY.XM	24.26K	stuff/msx/keyg/2000/TENTHDAY.XM
file music-module	mirrors/ftp_klosz_art_pl/stuff/msx/keyg/2000/WNEXCT.XM	39.65K	stuff/msx/keyg/2000/WNEXCT.XM
file music-module	mirrors/ftp_klosz_art_pl/stuff/msx/keyg/2000/WNEXIT.XM	39.36K	stuff/msx/keyg/2000/WNEXIT.XM
file music-module	mirrors/ftp_klosz_art_pl/stuff/msx/keyg/2001/UN.XM	9.24K	stuff/msx/keyg/2001/UN.XM
file music-module	mirrors/ftp_klosz_art_pl/stuff/msx/keyg/keyG & una - help/HELP.XM	3.51K	stuff/msx/keyg/keyG & una - help/HELP.XM
file music-module	mirrors/ftp_klosz_art_pl/stuff/msx/ptr1/'radians.xm	124.00K	stuff/msx/ptr1/'radians.xm
file music-module	mirrors/ftp_klosz_art_pl/stuff/msx/ptr1/Bongocon.xm	593.95K	stuff/msx/ptr1/Bongocon.xm
file music-module	mirrors/ftp_klosz_art_pl/stuff/msx/ptr1/Dreamz.xm	385.55K	stuff/msx/ptr1/Dreamz.xm
file music-module	mirrors/ftp_klosz_art_pl/stuff/msx/ptr1/Flaugh.xm	614.13K	stuff/msx/ptr1/Flaugh.xm
file music-module	mirrors/ftp_klosz_art_pl/stuff/msx/ptr1/Funkymad.xm	25.42K	stuff/msx/ptr1/Funkymad.xm
file music-module	mirrors/ftp_klosz_art_pl/stuff/msx/ptr1/Its_good.xm	678.20K	stuff/msx/ptr1/Its_good.xm
file music-module	mirrors/ftp_klosz_art_pl/stuff/msx/ptr1/Learnin.xm	685.06K	stuff/msx/ptr1/Learnin.xm
file music-module	mirrors/ftp_klosz_art_pl/stuff/msx/ptr1/Makeit.xm	684.89K	stuff/msx/ptr1/Makeit.xm
file music-module	mirrors/ftp_klosz_art_pl/stuff/msx/ptr1/Noname.xm	46.62K	stuff/msx/ptr1/Noname.xm
file music-module	mirrors/ftp_klosz_art_pl/stuff/msx/ptr1/Nonmermx.xm	428.22K	stuff/msx/ptr1/Nonmermx.xm
file music-module	mirrors/ftp_klosz_art_pl/stuff/msx/ptr1/Nostalgi.xm	394.25K	stuff/msx/ptr1/Nostalgi.xm
file music-module	mirrors/ftp_klosz_art_pl/stuff/msx/ptr1/Notdsame.xm	645.69K	stuff/msx/ptr1/Notdsame.xm
file music-module	mirrors/ftp_klosz_art_pl/stuff/msx/ptr1/Oldskool.xm	351.50K	stuff/msx/ptr1/Oldskool.xm
file music-module	mirrors/ftp_klosz_art_pl/stuff/msx/ptr1/Slipkiss.xm	583.89K	stuff/msx/ptr1/Slipkiss.xm
file music-module	mirrors/ftp_klosz_art_pl/stuff/msx/ptr1/Sofar.xm	664.54K	stuff/msx/ptr1/Sofar.xm
file music-module	mirrors/ftp_klosz_art_pl/stuff/msx/raiden/CYBERPRO.XM	0.96M	stuff/msx/raiden/CYBERPRO.XM
file music-module	mirrors/ftp_klosz_art_pl/stuff/msx/raiden/PROPAGAN.XM	2.71M	stuff/msx/raiden/PROPAGAN.XM
file music-module	mirrors/ftp_klosz_art_pl/stuff/msx/raiden/WATPROOF.XM	1.06M	stuff/msx/raiden/WATPROOF.XM
file music-module	mirrors/ftp_klosz_art_pl/stuff/msx/scorpik/ANYTH2.XM	1.04M	stuff/msx/scorpik/ANYTH2.XM
file music-module	mirrors/ftp_klosz_art_pl/stuff/msx/scorpik/DREAM_R.XM	0.99M	stuff/msx/scorpik/DREAM_R.XM
file music-module	mirrors/ftp_klosz_art_pl/stuff/msx/scorpik/EPSYLOCY.XM	760.12K	stuff/msx/scorpik/EPSYLOCY.XM
file music-module	mirrors/ftp_klosz_art_pl/stuff/msx/scorpik/POZYTYWA.XM	10.22K	stuff/msx/scorpik/POZYTYWA.XM
file music-module	mirrors/ftp_klosz_art_pl/stuff/msx/thorin/BZYK.XM	473.50K	stuff/msx/thorin/BZYK.XM
file music-module	mirrors/ftp_klosz_art_pl/stuff/msx/thorin/SOE.XM	1.05M	stuff/msx/thorin/SOE.XM
file music-module	mirrors/ftp_klosz_art_pl/stuff/msx/traymuss/ROCK'98.XM	613.01K	stuff/msx/traymuss/ROCK'98.XM
file music-module	mirrors/ftp_klosz_art_pl/stuff/msx/traymuss/traymuss_reksio_i_koziolek.XM	31.28K	stuff/msx/traymuss/traymuss_reksio_i_koziolek.XM
file music-module	mirrors/ftp_klosz_art_pl/stuff/msx/unaware/BRAINLES.XM	40.74K	stuff/msx/unaware/BRAINLES.XM
file music-module	mirrors/ftp_klosz_art_pl/stuff/msx/unaware/CALLFROM.XM	29.87K	stuff/msx/unaware/CALLFROM.XM
file music-module	mirrors/ftp_klosz_art_pl/stuff/msx/unaware/CHECE.XM	50.78K	stuff/msx/unaware/CHECE.XM
file music-module	mirrors/ftp_klosz_art_pl/stuff/msx/unaware/DLA_ANNY.XM	47.17K	stuff/msx/unaware/DLA_ANNY.XM
file music-module	mirrors/ftp_klosz_art_pl/stuff/msx/unaware/MBOXCHIP.XM	28.39K	stuff/msx/unaware/MBOXCHIP.XM
file music-module	mirrors/ftp_klosz_art_pl/stuff/msx/unaware/NAP.XM	49.98K	stuff/msx/unaware/NAP.XM
file music-module	mirrors/ftp_klosz_art_pl/stuff/msx/unaware/SAMPLES.XM	1.12K	stuff/msx/unaware/SAMPLES.XM
file music-module	mirrors/ftp_klosz_art_pl/stuff/msx/unaware/stereophonik2001.xm	61.50K	stuff/msx/unaware/stereophonik2001.xm
file music-module	mirrors/ftp_klosz_art_pl/stuff/msx/unaware/THELIGHT.XM	49.71K	stuff/msx/unaware/THELIGHT.XM
file music-module	mirrors/ftp_klosz_art_pl/stuff/msx/unaware/UNTITLED.XM	25.84K	stuff/msx/unaware/UNTITLED.XM
file music-module	mirrors/ftp_klosz_art_pl/stuff/msx/various/ACAR.XM	25.31K	stuff/msx/various/ACAR.XM
file music-module	mirrors/ftp_klosz_art_pl/stuff/msx/various/CHECE.XM	50.78K	stuff/msx/various/CHECE.XM
file music-module	mirrors/ftp_klosz_art_pl/stuff/msx/various/DZIEN1.XM	19.00K	stuff/msx/various/DZIEN1.XM
file music-module	mirrors/ftp_klosz_art_pl/stuff/msx/various/interne2.xm	126.44K	stuff/msx/various/interne2.xm
file music-module	mirrors/ftp_klosz_art_pl/stuff/msx/various/internet.xm	126.46K	stuff/msx/various/internet.xm
file music-module	mirrors/ftp_klosz_art_pl/stuff/msx/various/kosmik.xm	4.00K	stuff/msx/various/kosmik.xm
file music-module	mirrors/ftp_klosz_art_pl/stuff/msx/various/krolik_ [koniecznie zessij!].xm	32.00K	stuff/msx/various/krolik_ [koniecznie zessij!].xm
file music-module	mirrors/ftp_klosz_art_pl/stuff/msx/various/marsmellow.xm	30.99K	stuff/msx/various/marsmellow.xm
file music-module	mirrors/ftp_klosz_art_pl/stuff/msx/various/techlink.xm	10.74K	stuff/msx/various/techlink.xm
file music-module	mirrors/ftp_klosz_art_pl/stuff/msx/various/YOLK2K_8.XM	1.01M	stuff/msx/various/YOLK2K_8.XM
file archive	mirrors/ftp_klosz_art_pl/stuff/msx/various/from grogon/next_to_fear.xm.zip	253.00K	stuff/msx/various/from grogon/next_to_fear.xm.zip
file archive	mirrors/ftp_klosz_art_pl/stuff/msx/various/from grogon/servant-mind.xm.zip	536.81K	stuff/msx/various/from grogon/servant-mind.xm.zip
file music-module	mirrors/ftp_klosz_art_pl/tn_contests/TN_Chip_Compo/222.XM	70.34K	tn_contests/TN_Chip_Compo/222.XM
file music-module	mirrors/ftp_klosz_art_pl/tn_contests/TN_Chip_Compo/42ppua.xm	46.11K	tn_contests/TN_Chip_Compo/42ppua.xm
file music-module	mirrors/ftp_klosz_art_pl/tn_contests/TN_Chip_Compo/GROOVEE.XM	21.72K	tn_contests/TN_Chip_Compo/GROOVEE.XM
file music-module	mirrors/hornet/music/contests/mc_winners/e-94956.xm	508.13K	music/contests/mc_winners/e-94956.xm
file music-module	mirrors/hornet/music/contests/mc_winners/m4r-jaun.xm	704.96K	music/contests/mc_winners/m4r-jaun.xm
file music-module	mirrors/hornet/music/contests/mc_winners/m4r-sout.xm	534.17K	music/contests/mc_winners/m4r-sout.xm
file music-module	mirrors/hornet/music/contests/mc_winners/m4v-ejec.xm	670.78K	music/contests/mc_winners/m4v-ejec.xm
file music-module	mirrors/hornet/music/contests/mc_winners/m4v-mank.xm	974.71K	music/contests/mc_winners/m4v-mank.xm
file music-module	mirrors/hornet/music/contests/mc_winners/m4v-over.xm	620.78K	music/contests/mc_winners/m4v-over.xm
file music-module	mirrors/hornet/music/contests/mc_winners/m4v-pool.xm	789.24K	music/contests/mc_winners/m4v-pool.xm
file music-module	mirrors/hornet/music/contests/mc_winners/m4v-surr.xm	953.35K	music/contests/mc_winners/m4v-surr.xm
file music-module	mirrors/hornet/music/contests/mc_winners/m4v-tien.xm	953.56K	music/contests/mc_winners/m4v-tien.xm
file music-module	mirrors/padua/Music/xm/skate_or_die.xm	1.72M	Music/xm/skate_or_die.xm
file music-module	mirrors/scenesp.org/2004/bcnparty100/fast music/backup.xm	346.24K	2004/bcnparty100/fast music/backup.xm
file music-module	mirrors/scenesp.org/2004/bcnparty100/fast music/Cuttre by JosSs.XM	298.64K	2004/bcnparty100/fast music/Cuttre by JosSs.XM
file music-module	mirrors/scenesp.org/2004/bcnparty100/fast music/fast_anus.xm	282.26K	2004/bcnparty100/fast music/fast_anus.xm
file music-module	mirrors/scenesp.org/2004/bcnparty100/fast music/WN&NK-YOMEVIACAGAENTOTUPUTAMADRE.XM	276.29K	2004/bcnparty100/fast music/WN&NK-YOMEVIACAGAENTOTUPUTAMADRE.XM
file music-module	mirrors/scenesp.org/2004/ifparty04/fastcodeguiado/diediaga/data/music.xm	41.42K	2004/ifparty04/fastcodeguiado/diediaga/data/music.xm
file music-module	mirrors/scenesp.org/2006/ifparty06/chiptune/JosSs - YesItsMe!!!.xm	10.00K	2006/ifparty06/chiptune/JosSs - YesItsMe!!!.xm
file music-module	mirrors/scenesp.org/compilations/modplanet/normal/bonuscd/artists/awesome/AWS_DEAD.XM	3.41M	compilations/modplanet/normal/bonuscd/artists/awesome/AWS_DEAD.XM
file music-module	mirrors/scenesp.org/compilations/modplanet/normal/bonuscd/artists/awesome/AWS_NWRK.XM	1.61M	compilations/modplanet/normal/bonuscd/artists/awesome/AWS_NWRK.XM
file music-module	mirrors/scenesp.org/compilations/modplanet/normal/bonuscd/artists/awesome/ancient stories (extended).xm	1.51M	compilations/modplanet/normal/bonuscd/artists/awesome/ancient stories (extended).xm
file music-module	mirrors/scenesp.org/compilations/modplanet/normal/bonuscd/artists/awesome/ancient stories (remix).xm	1.64M	compilations/modplanet/normal/bonuscd/artists/awesome/ancient stories (remix).xm
file music-module	mirrors/scenesp.org/compilations/modplanet/normal/bonuscd/artists/awesome/ancient stories.xm	825.30K	compilations/modplanet/normal/bonuscd/artists/awesome/ancient stories.xm
file music-module	mirrors/scenesp.org/compilations/modplanet/normal/bonuscd/artists/awesome/aurora.xm	1.07M	compilations/modplanet/normal/bonuscd/artists/awesome/aurora.xm
file music-module	mirrors/scenesp.org/compilations/modplanet/normal/bonuscd/artists/awesome/aws bea2.xm	1.00M	compilations/modplanet/normal/bonuscd/artists/awesome/aws bea2.xm
file music-module	mirrors/scenesp.org/compilations/modplanet/normal/bonuscd/artists/awesome/beachhead 1.xm	2.09M	compilations/modplanet/normal/bonuscd/artists/awesome/beachhead 1.xm
file music-module	mirrors/scenesp.org/compilations/modplanet/normal/bonuscd/artists/awesome/blue crystal.xm	974.49K	compilations/modplanet/normal/bonuscd/artists/awesome/blue crystal.xm
file music-module	mirrors/scenesp.org/compilations/modplanet/normal/bonuscd/artists/awesome/deep in your heart.xm	1.02M	compilations/modplanet/normal/bonuscd/artists/awesome/deep in your heart.xm
file music-module	mirrors/scenesp.org/compilations/modplanet/normal/bonuscd/artists/awesome/deep inside.xm	1.68M	compilations/modplanet/normal/bonuscd/artists/awesome/deep inside.xm
file music-module	mirrors/scenesp.org/compilations/modplanet/normal/bonuscd/artists/awesome/forever friends under 1mb.xm	925.76K	compilations/modplanet/normal/bonuscd/artists/awesome/forever friends under 1mb.xm
file music-module	mirrors/scenesp.org/compilations/modplanet/normal/bonuscd/artists/awesome/hispania by aws.xm	1.11M	compilations/modplanet/normal/bonuscd/artists/awesome/hispania by aws.xm
file music-module	mirrors/scenesp.org/compilations/modplanet/normal/bonuscd/artists/awesome/la fuga - end theme.xm	158.49K	compilations/modplanet/normal/bonuscd/artists/awesome/la fuga - end theme.xm
file music-module	mirrors/scenesp.org/compilations/modplanet/normal/bonuscd/artists/awesome/la fuga - main theme.xm	915.87K	compilations/modplanet/normal/bonuscd/artists/awesome/la fuga - main theme.xm
file music-module	mirrors/scenesp.org/compilations/modplanet/normal/bonuscd/artists/awesome/la fuga - the passage.xm	313.41K	compilations/modplanet/normal/bonuscd/artists/awesome/la fuga - the passage.xm
file music-module	mirrors/scenesp.org/compilations/modplanet/normal/bonuscd/artists/awesome/light waterfalls.xm	1.40M	compilations/modplanet/normal/bonuscd/artists/awesome/light waterfalls.xm
file music-module	mirrors/scenesp.org/compilations/modplanet/normal/bonuscd/artists/awesome/lonely earth.xm	1.36M	compilations/modplanet/normal/bonuscd/artists/awesome/lonely earth.xm
file music-module	mirrors/scenesp.org/compilations/modplanet/normal/bonuscd/artists/awesome/mr. k. puyo - credits screen.xm	500.55K	compilations/modplanet/normal/bonuscd/artists/awesome/mr. k. puyo - credits screen.xm
file music-module	mirrors/scenesp.org/compilations/modplanet/normal/bonuscd/artists/awesome/mr. k. puyo - fruit machine scene.xm	371.00K	compilations/modplanet/normal/bonuscd/artists/awesome/mr. k. puyo - fruit machine scene.xm
file music-module	mirrors/scenesp.org/compilations/modplanet/normal/bonuscd/artists/awesome/mr. k. puyo - main menu theme.xm	891.69K	compilations/modplanet/normal/bonuscd/artists/awesome/mr. k. puyo - main menu theme.xm
file music-module	mirrors/scenesp.org/compilations/modplanet/normal/bonuscd/artists/awesome/mr. k. puyo - main theme.xm	1.03M	compilations/modplanet/normal/bonuscd/artists/awesome/mr. k. puyo - main theme.xm
file music-module	mirrors/scenesp.org/compilations/modplanet/normal/bonuscd/artists/awesome/one and a half life.xm	1.38M	compilations/modplanet/normal/bonuscd/artists/awesome/one and a half life.xm
file music-module	mirrors/scenesp.org/compilations/modplanet/normal/bonuscd/artists/awesome/oxygene 9-jarreaws 2.xm	641.17K	compilations/modplanet/normal/bonuscd/artists/awesome/oxygene 9-jarreaws 2.xm
file music-module	mirrors/scenesp.org/compilations/modplanet/normal/bonuscd/artists/awesome/skalable chords.xm	820.20K	compilations/modplanet/normal/bonuscd/artists/awesome/skalable chords.xm
file music-module	mirrors/scenesp.org/compilations/modplanet/normal/bonuscd/artists/awesome/surprise attack 2.xm	3.46M	compilations/modplanet/normal/bonuscd/artists/awesome/surprise attack 2.xm
file music-module	mirrors/scenesp.org/compilations/modplanet/normal/bonuscd/artists/awesome/the dream engine.xm	3.49M	compilations/modplanet/normal/bonuscd/artists/awesome/the dream engine.xm
file music-module	mirrors/scenesp.org/compilations/modplanet/normal/bonuscd/artists/awesome/the peleas game.xm	816.02K	compilations/modplanet/normal/bonuscd/artists/awesome/the peleas game.xm
file music-module	mirrors/scenesp.org/compilations/modplanet/normal/bonuscd/artists/awesome/warner brothers theme.xm	430.73K	compilations/modplanet/normal/bonuscd/artists/awesome/warner brothers theme.xm
file music-module	mirrors/scenesp.org/compilations/modplanet/normal/bonuscd/artists/awesome/webber - the demo.xm	1.16M	compilations/modplanet/normal/bonuscd/artists/awesome/webber - the demo.xm
file music-module	mirrors/scenesp.org/compilations/modplanet/normal/bonuscd/artists/ayame/ayame-janfry_es_una-puta.xm	26.77K	compilations/modplanet/normal/bonuscd/artists/ayame/ayame-janfry_es_una-puta.xm
file music-module	mirrors/scenesp.org/compilations/modplanet/normal/bonuscd/artists/blue/dream of me.xm	758.26K	compilations/modplanet/normal/bonuscd/artists/blue/dream of me.xm
file music-module	mirrors/scenesp.org/compilations/modplanet/normal/bonuscd/artists/blue/spring jumping.xm	778.22K	compilations/modplanet/normal/bonuscd/artists/blue/spring jumping.xm
file music-module	mirrors/scenesp.org/compilations/modplanet/normal/bonuscd/artists/digital8/EwFoR5.xm	600.73K	compilations/modplanet/normal/bonuscd/artists/digital8/EwFoR5.xm
file music-module	mirrors/scenesp.org/compilations/modplanet/normal/bonuscd/artists/fermix/CRAZY.XM	531.09K	compilations/modplanet/normal/bonuscd/artists/fermix/CRAZY.XM
file music-module	mirrors/scenesp.org/compilations/modplanet/normal/bonuscd/artists/fireb0y/FORGIV EN.XM	692.08K	compilations/modplanet/normal/bonuscd/artists/fireb0y/FORGIV EN.XM
file music-module	mirrors/scenesp.org/compilations/modplanet/normal/bonuscd/artists/ham/Night in Damasco.XM	223.54K	compilations/modplanet/normal/bonuscd/artists/ham/Night in Damasco.XM
file music-module	mirrors/scenesp.org/compilations/modplanet/normal/bonuscd/artists/herotyc/HR-XMTR!.XM	48.57K	compilations/modplanet/normal/bonuscd/artists/herotyc/HR-XMTR!.XM
file music-module	mirrors/scenesp.org/compilations/modplanet/normal/bonuscd/artists/josss/alh'a'mama.xm	9.74K	compilations/modplanet/normal/bonuscd/artists/josss/alh'a'mama.xm
file music-module	mirrors/scenesp.org/compilations/modplanet/normal/bonuscd/artists/josss/beboppp.xm	1.37M	compilations/modplanet/normal/bonuscd/artists/josss/beboppp.xm
file music-module	mirrors/scenesp.org/compilations/modplanet/normal/bonuscd/artists/josss/billie jean.xm	35.21K	compilations/modplanet/normal/bonuscd/artists/josss/billie jean.xm
file music-module	mirrors/scenesp.org/compilations/modplanet/normal/bonuscd/artists/josss/brkn blues v (breaking blues in vietnam).xm	1.40M	compilations/modplanet/normal/bonuscd/artists/josss/brkn blues v (breaking blues in vietnam).xm
file music-module	mirrors/scenesp.org/compilations/modplanet/normal/bonuscd/artists/josss/Cph-iber_Final.xm	83.36K	compilations/modplanet/normal/bonuscd/artists/josss/Cph-iber_Final.xm
file music-module	mirrors/scenesp.org/compilations/modplanet/normal/bonuscd/artists/josss/chippikal.xm	49.42K	compilations/modplanet/normal/bonuscd/artists/josss/chippikal.xm
file music-module	mirrors/scenesp.org/compilations/modplanet/normal/bonuscd/artists/josss/chippyhappyloop.xm	23.20K	compilations/modplanet/normal/bonuscd/artists/josss/chippyhappyloop.xm
file music-module	mirrors/scenesp.org/compilations/modplanet/normal/bonuscd/artists/josss/da beat.xm	1.39M	compilations/modplanet/normal/bonuscd/artists/josss/da beat.xm
file music-module	mirrors/scenesp.org/compilations/modplanet/normal/bonuscd/artists/josss/decadentia.xm	4.23M	compilations/modplanet/normal/bonuscd/artists/josss/decadentia.xm
file music-module	mirrors/scenesp.org/compilations/modplanet/normal/bonuscd/artists/josss/eklipse.xm	35.96K	compilations/modplanet/normal/bonuscd/artists/josss/eklipse.xm
file music-module	mirrors/scenesp.org/compilations/modplanet/normal/bonuscd/artists/josss/funk off.xm	1.39M	compilations/modplanet/normal/bonuscd/artists/josss/funk off.xm
file music-module	mirrors/scenesp.org/compilations/modplanet/normal/bonuscd/artists/josss/JOS-2PI2.XM	21.70K	compilations/modplanet/normal/bonuscd/artists/josss/JOS-2PI2.XM
file music-module	mirrors/scenesp.org/compilations/modplanet/normal/bonuscd/artists/josss/JOS-JZNR.XM	877.90K	compilations/modplanet/normal/bonuscd/artists/josss/JOS-JZNR.XM
file music-module	mirrors/scenesp.org/compilations/modplanet/normal/bonuscd/artists/josss/JOSWIZYP.XM	4.00K	compilations/modplanet/normal/bonuscd/artists/josss/JOSWIZYP.XM
file music-module	mirrors/scenesp.org/compilations/modplanet/normal/bonuscd/artists/josss/Jos-Chpk_Ext.xm	50.09K	compilations/modplanet/normal/bonuscd/artists/josss/Jos-Chpk_Ext.xm
file music-module	mirrors/scenesp.org/compilations/modplanet/normal/bonuscd/artists/josss/Jos-dfln.XM	1.28M	compilations/modplanet/normal/bonuscd/artists/josss/Jos-dfln.XM
file music-module	mirrors/scenesp.org/compilations/modplanet/normal/bonuscd/artists/josss/Jos-dlrm.xm	374.51K	compilations/modplanet/normal/bonuscd/artists/josss/Jos-dlrm.xm
file music-module	mirrors/scenesp.org/compilations/modplanet/normal/bonuscd/artists/josss/Jos-Hddn.xm	72.71K	compilations/modplanet/normal/bonuscd/artists/josss/Jos-Hddn.xm
file music-module	mirrors/scenesp.org/compilations/modplanet/normal/bonuscd/artists/josss/Jos-Mrgs.xm	4.24M	compilations/modplanet/normal/bonuscd/artists/josss/Jos-Mrgs.xm
file music-module	mirrors/scenesp.org/compilations/modplanet/normal/bonuscd/artists/josss/Jos-msx.xm	125.19K	compilations/modplanet/normal/bonuscd/artists/josss/Jos-msx.xm
file music-module	mirrors/scenesp.org/compilations/modplanet/normal/bonuscd/artists/josss/Jos-Oass.xm	35.18K	compilations/modplanet/normal/bonuscd/artists/josss/Jos-Oass.xm
file music-module	mirrors/scenesp.org/compilations/modplanet/normal/bonuscd/artists/josss/Jos-Outf.xm	16.37K	compilations/modplanet/normal/bonuscd/artists/josss/Jos-Outf.xm
file music-module	mirrors/scenesp.org/compilations/modplanet/normal/bonuscd/artists/josss/Jos-orie.xm	93.32K	compilations/modplanet/normal/bonuscd/artists/josss/Jos-orie.xm
file music-module	mirrors/scenesp.org/compilations/modplanet/normal/bonuscd/artists/josss/Jos-Pixl.xm	47.11K	compilations/modplanet/normal/bonuscd/artists/josss/Jos-Pixl.xm
file music-module	mirrors/scenesp.org/compilations/modplanet/normal/bonuscd/artists/josss/Jos-Rdkl.xm	31.99K	compilations/modplanet/normal/bonuscd/artists/josss/Jos-Rdkl.xm
file music-module	mirrors/scenesp.org/compilations/modplanet/normal/bonuscd/artists/josss/Jos-Rmbr.XM	46.53K	compilations/modplanet/normal/bonuscd/artists/josss/Jos-Rmbr.XM
file music-module	mirrors/scenesp.org/compilations/modplanet/normal/bonuscd/artists/josss/Jos-rsrr_8bits.xm	1.40M	compilations/modplanet/normal/bonuscd/artists/josss/Jos-rsrr_8bits.xm
file music-module	mirrors/scenesp.org/compilations/modplanet/normal/bonuscd/artists/josss/Jos-Spnj.xm	37.14K	compilations/modplanet/normal/bonuscd/artists/josss/Jos-Spnj.xm
file music-module	mirrors/scenesp.org/compilations/modplanet/normal/bonuscd/artists/josss/Jos-xsSs.xm	41.63K	compilations/modplanet/normal/bonuscd/artists/josss/Jos-xsSs.xm
file music-module	mirrors/scenesp.org/compilations/modplanet/normal/bonuscd/artists/josss/Jos-yrtk.xm	10.00K	compilations/modplanet/normal/bonuscd/artists/josss/Jos-yrtk.xm
file music-module	mirrors/scenesp.org/compilations/modplanet/normal/bonuscd/artists/josss/Jos-Zcht.xm	10.00K	compilations/modplanet/normal/bonuscd/artists/josss/Jos-Zcht.xm
file music-module	mirrors/scenesp.org/compilations/modplanet/normal/bonuscd/artists/josss/JosSs - 10240bites.xm	10.00K	compilations/modplanet/normal/bonuscd/artists/josss/JosSs - 10240bites.xm
file music-module	mirrors/scenesp.org/compilations/modplanet/normal/bonuscd/artists/josss/JosSs - Breaking Blues in Vietnam.xm	1.75M	compilations/modplanet/normal/bonuscd/artists/josss/JosSs - Breaking Blues in Vietnam.xm
file music-module	mirrors/scenesp.org/compilations/modplanet/normal/bonuscd/artists/josss/JosSs - TekulaMekula.XM	31.85K	compilations/modplanet/normal/bonuscd/artists/josss/JosSs - TekulaMekula.XM
file music-module	mirrors/scenesp.org/compilations/modplanet/normal/bonuscd/artists/josss/JosSs - Testicular Injection(Ek version).xm	1.36M	compilations/modplanet/normal/bonuscd/artists/josss/JosSs - Testicular Injection(Ek version).xm
file music-module	mirrors/scenesp.org/compilations/modplanet/normal/bonuscd/artists/josss/JosSs - YesItsMe!!!.xm	10.00K	compilations/modplanet/normal/bonuscd/artists/josss/JosSs - YesItsMe!!!.xm
file music-module	mirrors/scenesp.org/compilations/modplanet/normal/bonuscd/artists/josss/j&n-mpss.xm	40.41K	compilations/modplanet/normal/bonuscd/artists/josss/j&n-mpss.xm
file music-module	mirrors/scenesp.org/compilations/modplanet/normal/bonuscd/artists/josss/kk.xm	220.51K	compilations/modplanet/normal/bonuscd/artists/josss/kk.xm
file music-module	mirrors/scenesp.org/compilations/modplanet/normal/bonuscd/artists/josss/magnetk grl.xm	1.80M	compilations/modplanet/normal/bonuscd/artists/josss/magnetk grl.xm
file music-module	mirrors/scenesp.org/compilations/modplanet/normal/bonuscd/artists/josss/orientalstuff.xm	93.32K	compilations/modplanet/normal/bonuscd/artists/josss/orientalstuff.xm
file music-module	mirrors/scenesp.org/compilations/modplanet/normal/bonuscd/artists/josss/paranoid-e.xm	350.80K	compilations/modplanet/normal/bonuscd/artists/josss/paranoid-e.xm
file music-module	mirrors/scenesp.org/compilations/modplanet/normal/bonuscd/artists/josss/rabada.xm	62.41K	compilations/modplanet/normal/bonuscd/artists/josss/rabada.xm
file music-module	mirrors/scenesp.org/compilations/modplanet/normal/bonuscd/artists/josss/rebuhito.xm	9.78K	compilations/modplanet/normal/bonuscd/artists/josss/rebuhito.xm
file music-module	mirrors/scenesp.org/compilations/modplanet/normal/bonuscd/artists/josss/resurrection.xm	1.39M	compilations/modplanet/normal/bonuscd/artists/josss/resurrection.xm
file music-module	mirrors/scenesp.org/compilations/modplanet/normal/bonuscd/artists/josss/smashing machine.xm	1.36M	compilations/modplanet/normal/bonuscd/artists/josss/smashing machine.xm
file music-module	mirrors/scenesp.org/compilations/modplanet/normal/bonuscd/artists/josss/starchip.xm	66.74K	compilations/modplanet/normal/bonuscd/artists/josss/starchip.xm
file music-module	mirrors/scenesp.org/compilations/modplanet/normal/bonuscd/artists/josss/sweet lullaby.xm	243.58K	compilations/modplanet/normal/bonuscd/artists/josss/sweet lullaby.xm
file music-module	mirrors/scenesp.org/compilations/modplanet/normal/bonuscd/artists/josss/the hero.xm	254.35K	compilations/modplanet/normal/bonuscd/artists/josss/the hero.xm
file music-module	mirrors/scenesp.org/compilations/modplanet/normal/bonuscd/artists/josss/y0p y0p.xm	685.91K	compilations/modplanet/normal/bonuscd/artists/josss/y0p y0p.xm
file music-module	mirrors/scenesp.org/compilations/modplanet/normal/bonuscd/artists/kmuland/Kmuland-CatchTheBigWave.xm	573.95K	compilations/modplanet/normal/bonuscd/artists/kmuland/Kmuland-CatchTheBigWave.xm
file music-module	mirrors/scenesp.org/compilations/modplanet/normal/bonuscd/artists/maverick/Mav_afy.XM	933.63K	compilations/modplanet/normal/bonuscd/artists/maverick/Mav_afy.XM
file music-module	mirrors/scenesp.org/compilations/modplanet/normal/bonuscd/artists/nork/1k9InLine.xm	1.74M	compilations/modplanet/normal/bonuscd/artists/nork/1k9InLine.xm
file music-module	mirrors/scenesp.org/compilations/modplanet/normal/bonuscd/artists/nork/frikada en re menor.xm	1.04M	compilations/modplanet/normal/bonuscd/artists/nork/frikada en re menor.xm
file music-module	mirrors/scenesp.org/compilations/modplanet/normal/bonuscd/artists/nork/nk-chronicsituation.xm	185.77K	compilations/modplanet/normal/bonuscd/artists/nork/nk-chronicsituation.xm
file music-module	mirrors/scenesp.org/compilations/modplanet/normal/bonuscd/artists/nork/nk-hipotesis.xm	32.71K	compilations/modplanet/normal/bonuscd/artists/nork/nk-hipotesis.xm
file music-module	mirrors/scenesp.org/compilations/modplanet/normal/bonuscd/artists/nork/nk-in a world of bitchs.XM	3.62K	compilations/modplanet/normal/bonuscd/artists/nork/nk-in a world of bitchs.XM
file music-module	mirrors/scenesp.org/compilations/modplanet/normal/bonuscd/artists/nork/nk-intronew.xm	34.49K	compilations/modplanet/normal/bonuscd/artists/nork/nk-intronew.xm
file music-module	mirrors/scenesp.org/compilations/modplanet/normal/bonuscd/artists/nork/nk-livinginmadrid.xm	343.45K	compilations/modplanet/normal/bonuscd/artists/nork/nk-livinginmadrid.xm
file music-module	mirrors/scenesp.org/compilations/modplanet/normal/bonuscd/artists/nork/nk-they havent got a job.XM	0.96M	compilations/modplanet/normal/bonuscd/artists/nork/nk-they havent got a job.XM
file music-module	mirrors/scenesp.org/compilations/modplanet/normal/bonuscd/artists/nork/nk-virtualsensat.xm	102.14K	compilations/modplanet/normal/bonuscd/artists/nork/nk-virtualsensat.xm
file music-module	mirrors/scenesp.org/compilations/modplanet/normal/bonuscd/artists/nork/nk-you have to explode.XM	6.67K	compilations/modplanet/normal/bonuscd/artists/nork/nk-you have to explode.XM
file music-module	mirrors/scenesp.org/compilations/modplanet/normal/bonuscd/artists/sdj/djobssesion.xm	57.55K	compilations/modplanet/normal/bonuscd/artists/sdj/djobssesion.xm
file music-module	mirrors/scenesp.org/compilations/modplanet/normal/bonuscd/artists/sergeeo/frikada en re menor.xm	1.04M	compilations/modplanet/normal/bonuscd/artists/sergeeo/frikada en re menor.xm
file music-module	mirrors/scenesp.org/compilations/modplanet/normal/bonuscd/artists/sergeeo/funk_infusion.xm	55.17K	compilations/modplanet/normal/bonuscd/artists/sergeeo/funk_infusion.xm
file music-module	mirrors/scenesp.org/compilations/modplanet/normal/bonuscd/artists/sergeeo/srg-mecl.xm	24.80K	compilations/modplanet/normal/bonuscd/artists/sergeeo/srg-mecl.xm
file music-module	mirrors/scenesp.org/compilations/modplanet/normal/bonuscd/artists/shock/-13-.XM	826.24K	compilations/modplanet/normal/bonuscd/artists/shock/-13-.XM
file music-module	mirrors/scenesp.org/compilations/modplanet/normal/bonuscd/artists/shock/-4-.XM	1.92M	compilations/modplanet/normal/bonuscd/artists/shock/-4-.XM
file music-module	mirrors/scenesp.org/compilations/modplanet/normal/bonuscd/artists/shock/-feel2com.xm	863.18K	compilations/modplanet/normal/bonuscd/artists/shock/-feel2com.xm
file music-module	mirrors/scenesp.org/compilations/modplanet/normal/bonuscd/artists/silenci/005 sceners demo sountrack-slc.xm	1.59M	compilations/modplanet/normal/bonuscd/artists/silenci/005 sceners demo sountrack-slc.xm
file music-module	mirrors/scenesp.org/compilations/modplanet/normal/bonuscd/artists/silenci/chords-slc.xm	413.20K	compilations/modplanet/normal/bonuscd/artists/silenci/chords-slc.xm
file music-module	mirrors/scenesp.org/compilations/modplanet/normal/bonuscd/artists/silenci/chords2-slc.xm	444.07K	compilations/modplanet/normal/bonuscd/artists/silenci/chords2-slc.xm
file music-module	mirrors/scenesp.org/compilations/modplanet/normal/bonuscd/artists/silenci/gingle bells rmx-slc.xm	387.13K	compilations/modplanet/normal/bonuscd/artists/silenci/gingle bells rmx-slc.xm
file music-module	mirrors/scenesp.org/compilations/modplanet/normal/bonuscd/artists/silenci/gran scener sountrack-slc.xm	905.64K	compilations/modplanet/normal/bonuscd/artists/silenci/gran scener sountrack-slc.xm
file music-module	mirrors/scenesp.org/compilations/modplanet/normal/bonuscd/artists/silenci/reverb-slc.xm	0.99M	compilations/modplanet/normal/bonuscd/artists/silenci/reverb-slc.xm
file music-module	mirrors/scenesp.org/compilations/modplanet/normal/bonuscd/artists/skyrep/carpe diem summertime.xm	1.36M	compilations/modplanet/normal/bonuscd/artists/skyrep/carpe diem summertime.xm
file music-module	mirrors/scenesp.org/compilations/modplanet/normal/bonuscd/artists/skyrep/lets do it.xm	2.23M	compilations/modplanet/normal/bonuscd/artists/skyrep/lets do it.xm
file music-module	mirrors/scenesp.org/compilations/modplanet/normal/bonuscd/artists/sole/music.xm	3.31M	compilations/modplanet/normal/bonuscd/artists/sole/music.xm
file music-module	mirrors/scenesp.org/compilations/modplanet/normal/bonuscd/artists/sole/sole_10y.xm	2.41M	compilations/modplanet/normal/bonuscd/artists/sole/sole_10y.xm
file music-module	mirrors/scenesp.org/compilations/modplanet/normal/bonuscd/artists/sole/sole_abr.xm	11.23K	compilations/modplanet/normal/bonuscd/artists/sole/sole_abr.xm
file music-module	mirrors/scenesp.org/compilations/modplanet/normal/bonuscd/artists/sole/sole_g1.xm	2.52M	compilations/modplanet/normal/bonuscd/artists/sole/sole_g1.xm
file music-module	mirrors/scenesp.org/compilations/modplanet/normal/bonuscd/artists/sole/sole_lon.xm	2.93M	compilations/modplanet/normal/bonuscd/artists/sole/sole_lon.xm
file music-module	mirrors/scenesp.org/compilations/modplanet/normal/bonuscd/artists/sole/sole_nam.xm	4.90M	compilations/modplanet/normal/bonuscd/artists/sole/sole_nam.xm
file music-module	mirrors/scenesp.org/compilations/modplanet/normal/bonuscd/artists/sole/sole_nl.xm	914.08K	compilations/modplanet/normal/bonuscd/artists/sole/sole_nl.xm
file music-module	mirrors/scenesp.org/compilations/modplanet/normal/bonuscd/artists/sole/sole_rel.xm	4.61M	compilations/modplanet/normal/bonuscd/artists/sole/sole_rel.xm
file music-module	mirrors/scenesp.org/compilations/modplanet/normal/bonuscd/artists/sole/sole_res16.xm	7.85M	compilations/modplanet/normal/bonuscd/artists/sole/sole_res16.xm
file music-module	mirrors/scenesp.org/compilations/modplanet/normal/bonuscd/artists/sole/sole_sho.xm	2.01M	compilations/modplanet/normal/bonuscd/artists/sole/sole_sho.xm
file music-module	mirrors/scenesp.org/compilations/modplanet/normal/bonuscd/artists/sole/sole_sun.xm	2.45M	compilations/modplanet/normal/bonuscd/artists/sole/sole_sun.xm
file music-module	mirrors/scenesp.org/compilations/modplanet/normal/bonuscd/artists/sole/sole_ul.xm	434.66K	compilations/modplanet/normal/bonuscd/artists/sole/sole_ul.xm
file music-module	mirrors/scenesp.org/compilations/modplanet/normal/bonuscd/artists/thepope/HiddenWisdom.xm	9.93K	compilations/modplanet/normal/bonuscd/artists/thepope/HiddenWisdom.xm
file music-module	mirrors/scenesp.org/compilations/modplanet/normal/bonuscd/artists/thepope/join2me.xm	8.17K	compilations/modplanet/normal/bonuscd/artists/thepope/join2me.xm
file music-module	mirrors/scenesp.org/compilations/modplanet/normal/bonuscd/artists/thepope/tuneup.xm	8.00K	compilations/modplanet/normal/bonuscd/artists/thepope/tuneup.xm
file music-module	mirrors/scenesp.org/compilations/modplanet/normal/bonuscd/artists/thepope/WUT_khk.xm	430.16K	compilations/modplanet/normal/bonuscd/artists/thepope/WUT_khk.xm
file music-module	mirrors/scenesp.org/compilations/modplanet/normal/bonuscd/artists/wally/ifparty04 by tlotb.xm	690.03K	compilations/modplanet/normal/bonuscd/artists/wally/ifparty04 by tlotb.xm
file music-module	mirrors/scenesp.org/compilations/modplanet/normal/bonuscd/artists/wally/the loser by tlotb.xm	1.47M	compilations/modplanet/normal/bonuscd/artists/wally/the loser by tlotb.xm
file music-module	mirrors/scenesp.org/compilations/modplanet/normal/bonuscd/artists/wizard/JOSWIZYP.XM	4.00K	compilations/modplanet/normal/bonuscd/artists/wizard/JOSWIZYP.XM
file music-module	mirrors/scenesp.org/compilations/modplanet/normal/bonuscd/artists/wizard/Never_Forget.xm	52.45K	compilations/modplanet/normal/bonuscd/artists/wizard/Never_Forget.xm
file music-module	mirrors/scenesp.org/compilations/modplanet/normal/bonuscd/artists/wizard/wiz_xms02.xm	62.60K	compilations/modplanet/normal/bonuscd/artists/wizard/wiz_xms02.xm
file music-module	mirrors/scenesp.org/compilations/modplanet/normal/bonuscd/artists/wonder/WND_MAN.XM	35.01K	compilations/modplanet/normal/bonuscd/artists/wonder/WND_MAN.XM
file music-module	mirrors/scenesp.org/compilations/modplanet/normal/bonuscd/demodulate/pc demos/decadentia by sector omega and stravaganza.xm	4.23M	compilations/modplanet/normal/bonuscd/demodulate/pc demos/decadentia by sector omega and stravaganza.xm
file music-module	mirrors/scenesp.org/compilations/modplanet/normal/bonuscd/demodulate/pc demos/demo bergidum by berdigum.xm	3.25M	compilations/modplanet/normal/bonuscd/demodulate/pc demos/demo bergidum by berdigum.xm
file music-module	mirrors/scenesp.org/compilations/modplanet/normal/bonuscd/demodulate/pc demos/ifparty04 by tlotb.xm	690.03K	compilations/modplanet/normal/bonuscd/demodulate/pc demos/ifparty04 by tlotb.xm
file music-module	mirrors/scenesp.org/compilations/modplanet/normal/bonuscd/demodulate/pc demos/navmo by rgba.xm	123.56K	compilations/modplanet/normal/bonuscd/demodulate/pc demos/navmo by rgba.xm
file music-module	mirrors/scenesp.org/compilations/modplanet/normal/bonuscd/demodulate/pc demos/rice lovers by hexeter.xm	321.97K	compilations/modplanet/normal/bonuscd/demodulate/pc demos/rice lovers by hexeter.xm
file music-module	mirrors/scenesp.org/compilations/modplanet/normal/bonuscd/demodulate/pc demos/supernecrofashion by necrostudios.xm	3.31M	compilations/modplanet/normal/bonuscd/demodulate/pc demos/supernecrofashion by necrostudios.xm
file music-module	mirrors/scenesp.org/compilations/modplanet/normal/bonuscd/demodulate/pc demos/the loser by tlotb.xm	1.47M	compilations/modplanet/normal/bonuscd/demodulate/pc demos/the loser by tlotb.xm
file music-module	mirrors/scenesp.org/compilations/modplanet/normal/bonuscd/demodulate/pc demos/universal by cid.xm	465.17K	compilations/modplanet/normal/bonuscd/demodulate/pc demos/universal by cid.xm
file music-module	mirrors/scenesp.org/compilations/modplanet/normal/bonuscd/demodulate/pc demos/xmas 2003 by dust inc.xm	44.89K	compilations/modplanet/normal/bonuscd/demodulate/pc demos/xmas 2003 by dust inc.xm
file music-module	mirrors/scenesp.org/compilations/modplanet/normal/bonuscd/demodulate/pc intros/2 fast 2 intro by zona neutra.xm	9.16K	compilations/modplanet/normal/bonuscd/demodulate/pc intros/2 fast 2 intro by zona neutra.xm
file music-module	mirrors/scenesp.org/compilations/modplanet/normal/bonuscd/demodulate/pc intros/6dof by necrostudios.xm	4.62K	compilations/modplanet/normal/bonuscd/demodulate/pc intros/6dof by necrostudios.xm
file music-module	mirrors/scenesp.org/compilations/modplanet/normal/bonuscd/demodulate/pc intros/a day at work by movedata.xm	24.42K	compilations/modplanet/normal/bonuscd/demodulate/pc intros/a day at work by movedata.xm
file music-module	mirrors/scenesp.org/compilations/modplanet/normal/bonuscd/demodulate/pc intros/abril by necrostudios.xm	11.23K	compilations/modplanet/normal/bonuscd/demodulate/pc intros/abril by necrostudios.xm
file music-module	mirrors/scenesp.org/compilations/modplanet/normal/bonuscd/demodulate/pc intros/character evolution by jazztyle and asynkro.xm	89.57K	compilations/modplanet/normal/bonuscd/demodulate/pc intros/character evolution by jazztyle and asynkro.xm
file music-module	mirrors/scenesp.org/compilations/modplanet/normal/bonuscd/demodulate/pc intros/coding style by rgba.xm	68.62K	compilations/modplanet/normal/bonuscd/demodulate/pc intros/coding style by rgba.xm
file music-module	mirrors/scenesp.org/compilations/modplanet/normal/bonuscd/demodulate/pc intros/crv by concept and polygon.xm	36.98K	compilations/modplanet/normal/bonuscd/demodulate/pc intros/crv by concept and polygon.xm
file music-module	mirrors/scenesp.org/compilations/modplanet/normal/bonuscd/demodulate/pc intros/cubes return by chip.xm	29.29K	compilations/modplanet/normal/bonuscd/demodulate/pc intros/cubes return by chip.xm
file music-module	mirrors/scenesp.org/compilations/modplanet/normal/bonuscd/demodulate/pc intros/durantroslide by iguana, tlotb and stravaganza.xm	35.01K	compilations/modplanet/normal/bonuscd/demodulate/pc intros/durantroslide by iguana, tlotb and stravaganza.xm
file music-module	mirrors/scenesp.org/compilations/modplanet/normal/bonuscd/demodulate/pc intros/euskal10invtro by concept.xm	90.86K	compilations/modplanet/normal/bonuscd/demodulate/pc intros/euskal10invtro by concept.xm
file music-module	mirrors/scenesp.org/compilations/modplanet/normal/bonuscd/demodulate/pc intros/from the ashes by concept.xm	26.80K	compilations/modplanet/normal/bonuscd/demodulate/pc intros/from the ashes by concept.xm
file music-module	mirrors/scenesp.org/compilations/modplanet/normal/bonuscd/demodulate/pc intros/helloword by hexeter.xm	51.26K	compilations/modplanet/normal/bonuscd/demodulate/pc intros/helloword by hexeter.xm
file music-module	mirrors/scenesp.org/compilations/modplanet/normal/bonuscd/demodulate/pc intros/infusion by dust inc.xm	55.55K	compilations/modplanet/normal/bonuscd/demodulate/pc intros/infusion by dust inc.xm
file music-module	mirrors/scenesp.org/compilations/modplanet/normal/bonuscd/demodulate/pc intros/intropezon by chip.xm	19.37K	compilations/modplanet/normal/bonuscd/demodulate/pc intros/intropezon by chip.xm
file music-module	mirrors/scenesp.org/compilations/modplanet/normal/bonuscd/demodulate/pc intros/never forget by collapse.xm	52.45K	compilations/modplanet/normal/bonuscd/demodulate/pc intros/never forget by collapse.xm
file music-module	mirrors/scenesp.org/compilations/modplanet/normal/bonuscd/demodulate/pc intros/null time by chip.xm	22.05K	compilations/modplanet/normal/bonuscd/demodulate/pc intros/null time by chip.xm
file music-module	mirrors/scenesp.org/compilations/modplanet/normal/bonuscd/demodulate/pc intros/obscenity by dust inc.xm	40.54K	compilations/modplanet/normal/bonuscd/demodulate/pc intros/obscenity by dust inc.xm
file music-module	mirrors/scenesp.org/compilations/modplanet/normal/bonuscd/demodulate/pc intros/paradise is coming by rgba.xm	136.43K	compilations/modplanet/normal/bonuscd/demodulate/pc intros/paradise is coming by rgba.xm
file music-module	mirrors/scenesp.org/compilations/modplanet/normal/bonuscd/demodulate/pc intros/pixeltropia by tpm.xm	44.53K	compilations/modplanet/normal/bonuscd/demodulate/pc intros/pixeltropia by tpm.xm
file music-module	mirrors/scenesp.org/compilations/modplanet/normal/bonuscd/demodulate/pc intros/random name here by collapse.xm	758.49K	compilations/modplanet/normal/bonuscd/demodulate/pc intros/random name here by collapse.xm
file music-module	mirrors/scenesp.org/compilations/modplanet/normal/bonuscd/demodulate/pc intros/resaka by chanka.xm	58.31K	compilations/modplanet/normal/bonuscd/demodulate/pc intros/resaka by chanka.xm
file music-module	mirrors/scenesp.org/compilations/modplanet/normal/bonuscd/demodulate/pc intros/rhythm by gum.xm	79.58K	compilations/modplanet/normal/bonuscd/demodulate/pc intros/rhythm by gum.xm
file music-module	mirrors/scenesp.org/compilations/modplanet/normal/bonuscd/demodulate/pc intros/traveller by gum.xm	32.12K	compilations/modplanet/normal/bonuscd/demodulate/pc intros/traveller by gum.xm
file music-module	mirrors/scenesp.org/compilations/modplanet/normal/bonuscd/demodulate/pc intros/white sense by solstice.xm	71.64K	compilations/modplanet/normal/bonuscd/demodulate/pc intros/white sense by solstice.xm
file music-module	mirrors/scenesp.org/compilations/modplanet/normal/bonuscd/demodulate/pc intros/work by movedata.xm	24.42K	compilations/modplanet/normal/bonuscd/demodulate/pc intros/work by movedata.xm
file music-module	mirrors/scenesp.org/compilations/modplanet/normal/bonuscd/demodulate/pc intros/xmas2002 by collapse.xm	62.60K	compilations/modplanet/normal/bonuscd/demodulate/pc intros/xmas2002 by collapse.xm
file music-module	mirrors/scenesp.org/compilations/modplanet/normal/bonuscd/demodulate/pc intros/xmastro 2002 by solstice.xm	49.17K	compilations/modplanet/normal/bonuscd/demodulate/pc intros/xmastro 2002 by solstice.xm
file music-module	mirrors/scenesp.org/compilations/modplanet/normal/bonuscd/demodulate/pc intros/xmastro2002 by askynkro.XM	48.57K	compilations/modplanet/normal/bonuscd/demodulate/pc intros/xmastro2002 by askynkro.XM
file music-module	mirrors/scenesp.org/compilations/modplanet/normal/bonuscd/modulez ohc/m1/Desert.xm	118.42K	compilations/modplanet/normal/bonuscd/modulez ohc/m1/Desert.xm
file music-module	mirrors/scenesp.org/compilations/modplanet/normal/bonuscd/modulez ohc/m3/Tribute.xm	222.27K	compilations/modplanet/normal/bonuscd/modulez ohc/m3/Tribute.xm
file music-module	mirrors/scenesp.org/compilations/modplanet/normal/bonuscd/modulez ohc/m4/GirisNo!.XM	477.19K	compilations/modplanet/normal/bonuscd/modulez ohc/m4/GirisNo!.XM
file music-module	mirrors/scenesp.org/compilations/modplanet/normal/bonuscd/modulez ohc/m6/Alcohol.xm	104.84K	compilations/modplanet/normal/bonuscd/modulez ohc/m6/Alcohol.xm
file music-module	mirrors/scenesp.org/compilations/modplanet/normal/bonuscd/modulez ohc/m6/chilling.xm	164.86K	compilations/modplanet/normal/bonuscd/modulez ohc/m6/chilling.xm
file music-module	mirrors/scenesp.org/compilations/modplanet/normal/bonuscd/modulez ohc/m6/drinki.XM	204.81K	compilations/modplanet/normal/bonuscd/modulez ohc/m6/drinki.XM
file music-module	mirrors/scenesp.org/compilations/modplanet/normal/bonuscd/modulez ohc/m6/PESCADU.XM	205.29K	compilations/modplanet/normal/bonuscd/modulez ohc/m6/PESCADU.XM
file music-module	mirrors/scenesp.org/compilations/modplanet/normal/bonuscd/modulez ohc/m7/Atomfing.xm	179.72K	compilations/modplanet/normal/bonuscd/modulez ohc/m7/Atomfing.xm
file music-module	mirrors/scenesp.org/compilations/modplanet/normal/bonuscd/modulez ohc/m7/DRumdream.XM	212.65K	compilations/modplanet/normal/bonuscd/modulez ohc/m7/DRumdream.XM
file music-module	mirrors/scenesp.org/compilations/modplanet/normal/bonuscd/modulez ohc/m7/Glider(please ENABLE repeat mode).xm	329.15K	compilations/modplanet/normal/bonuscd/modulez ohc/m7/Glider(please ENABLE repeat mode).xm
file music-module	mirrors/scenesp.org/compilations/modplanet/normal/bonuscd/modulez ohc/m8/JuaChuFri.XM	136.46K	compilations/modplanet/normal/bonuscd/modulez ohc/m8/JuaChuFri.XM
file music-module	mirrors/scenesp.org/compilations/modplanet/normal/bonuscd/modulez ohc/m9/aftertime.xm	167.74K	compilations/modplanet/normal/bonuscd/modulez ohc/m9/aftertime.xm
file music-module	mirrors/scenesp.org/compilations/modplanet/normal/bonuscd/modulez ohc/m9/sweet.xm	97.84K	compilations/modplanet/normal/bonuscd/modulez ohc/m9/sweet.xm
file music-module	mirrors/scenesp.org/compilations/modplanet/normal/bonuscd/modulez ohc/ma/LOKURA.XM	95.11K	compilations/modplanet/normal/bonuscd/modulez ohc/ma/LOKURA.XM
file music-module	mirrors/scenesp.org/compilations/modplanet/normal/bonuscd/pcmania and future music/AMAPIANO.XM	312.47K	compilations/modplanet/normal/bonuscd/pcmania and future music/AMAPIANO.XM
file music-module	mirrors/scenesp.org/compilations/modplanet/normal/bonuscd/pcmania and future music/Myth_of_Orion.xm	967.25K	compilations/modplanet/normal/bonuscd/pcmania and future music/Myth_of_Orion.xm
file music-module	mirrors/scenesp.org/compilations/modplanet/normal/bonuscd/pcmania and future music/djattack/ATK!_clr.xm	897.38K	compilations/modplanet/normal/bonuscd/pcmania and future music/djattack/ATK!_clr.xm
file music-module	mirrors/scenesp.org/compilations/modplanet/normal/bonuscd/pcmania and future music/djattack/ATK!_UP.xm	1.37M	compilations/modplanet/normal/bonuscd/pcmania and future music/djattack/ATK!_UP.xm
file music-module	mirrors/scenesp.org/compilations/modplanet/normal/bonuscd/pcmania and future music/djattack/Atk!_eng.xm	1.52M	compilations/modplanet/normal/bonuscd/pcmania and future music/djattack/Atk!_eng.xm
file music-module	mirrors/scenesp.org/compilations/modplanet/normal/bonuscd/pcmania and future music/djattack/atk!_rth.xm	1.56M	compilations/modplanet/normal/bonuscd/pcmania and future music/djattack/atk!_rth.xm
file music-module	mirrors/scenesp.org/compilations/modplanet/normal/bonuscd/pcmania and future music/djattack/Bmr_ad02.xm	2.62M	compilations/modplanet/normal/bonuscd/pcmania and future music/djattack/Bmr_ad02.xm
file music-module	mirrors/scenesp.org/compilations/modplanet/normal/bonuscd/pcmania and future music/djattack/ytk02x.xm	30.99K	compilations/modplanet/normal/bonuscd/pcmania and future music/djattack/ytk02x.xm
file music-module	mirrors/scenesp.org/compilations/modplanet/normal/bonuscd/pcmania and future music/djhulk/BACKUP.XM	1.21M	compilations/modplanet/normal/bonuscd/pcmania and future music/djhulk/BACKUP.XM
file music-module	mirrors/scenesp.org/compilations/modplanet/normal/bonuscd/pcmania and future music/djhulk/MT-HULK0.XM	1.70M	compilations/modplanet/normal/bonuscd/pcmania and future music/djhulk/MT-HULK0.XM
file music-module	mirrors/scenesp.org/compilations/modplanet/normal/bonuscd/pcmania and future music/djhulk/Mt-Hulk03.xm	1.61M	compilations/modplanet/normal/bonuscd/pcmania and future music/djhulk/Mt-Hulk03.xm
file music-module	mirrors/scenesp.org/compilations/modplanet/normal/bonuscd/pcmania and future music/djhulk/Mt-Hulk05.xm	3.41M	compilations/modplanet/normal/bonuscd/pcmania and future music/djhulk/Mt-Hulk05.xm
file music-module	mirrors/scenesp.org/compilations/modplanet/normal/bonuscd/pcmania and future music/djhulk/Mt-Hulk10.xm	3.23M	compilations/modplanet/normal/bonuscd/pcmania and future music/djhulk/Mt-Hulk10.xm
file music-module	mirrors/scenesp.org/compilations/modplanet/normal/bonuscd/pcmania and future music/djhulk/Mt-Hulk11.xm	3.24M	compilations/modplanet/normal/bonuscd/pcmania and future music/djhulk/Mt-Hulk11.xm
file music-module	mirrors/scenesp.org/compilations/modplanet/normal/bonuscd/pcmania and future music/djhulk/Mt-hulk07.xm	780.14K	compilations/modplanet/normal/bonuscd/pcmania and future music/djhulk/Mt-hulk07.xm
file music-module	mirrors/scenesp.org/compilations/modplanet/normal/bonuscd/pcmania and future music/djhulk/RIVA8BIT.XM	1.09M	compilations/modplanet/normal/bonuscd/pcmania and future music/djhulk/RIVA8BIT.XM
file music-module	mirrors/scenesp.org/compilations/modplanet/normal/bonuscd/pcmania and future music/djkike/DUBU100.XM	812.92K	compilations/modplanet/normal/bonuscd/pcmania and future music/djkike/DUBU100.XM
file music-module	mirrors/scenesp.org/compilations/modplanet/normal/bonuscd/pcmania and future music/djkike/DUBU101.XM	839.01K	compilations/modplanet/normal/bonuscd/pcmania and future music/djkike/DUBU101.XM
file music-module	mirrors/scenesp.org/compilations/modplanet/normal/bonuscd/pcmania and future music/djkike/DUBU102.XM	874.64K	compilations/modplanet/normal/bonuscd/pcmania and future music/djkike/DUBU102.XM
file music-module	mirrors/scenesp.org/compilations/modplanet/normal/bonuscd/pcmania and future music/djkike/DUBU99.XM	751.41K	compilations/modplanet/normal/bonuscd/pcmania and future music/djkike/DUBU99.XM
file music-module	mirrors/scenesp.org/compilations/modplanet/normal/bonuscd/pcmania and future music/masterdj/MASTER18.XM	526.28K	compilations/modplanet/normal/bonuscd/pcmania and future music/masterdj/MASTER18.XM
file music-module	mirrors/scenesp.org/compilations/modplanet/normal/bonuscd/pcmania and future music/masterdj/MASTER19.XM	834.46K	compilations/modplanet/normal/bonuscd/pcmania and future music/masterdj/MASTER19.XM
file music-module	mirrors/scenesp.org/compilations/modplanet/normal/bonuscd/pcmania and future music/masterdj/MASTER20.XM	0.96M	compilations/modplanet/normal/bonuscd/pcmania and future music/masterdj/MASTER20.XM
file music-module	mirrors/scenesp.org/compilations/modplanet/normal/bonuscd/pcmania and future music/masterdj/MASTER23.XM	659.01K	compilations/modplanet/normal/bonuscd/pcmania and future music/masterdj/MASTER23.XM
file music-module	mirrors/scenesp.org/compilations/modplanet/normal/bonuscd/pcmania and future music/ommadawn/CYBERFLY.XM	428.08K	compilations/modplanet/normal/bonuscd/pcmania and future music/ommadawn/CYBERFLY.XM
file music-module	mirrors/scenesp.org/compilations/modplanet/normal/bonuscd/pcmania and future music/ommadawn/DANCINGF.XM	534.46K	compilations/modplanet/normal/bonuscd/pcmania and future music/ommadawn/DANCINGF.XM
file music-module	mirrors/scenesp.org/compilations/modplanet/normal/bonuscd/pcmania and future music/rra/!!_MOVE_.XM	1.14M	compilations/modplanet/normal/bonuscd/pcmania and future music/rra/!!_MOVE_.XM
file music-module	mirrors/scenesp.org/compilations/modplanet/normal/bonuscd/pcmania and future music/rra/ANOTHER_.XM	1.38M	compilations/modplanet/normal/bonuscd/pcmania and future music/rra/ANOTHER_.XM
file music-module	mirrors/scenesp.org/compilations/modplanet/normal/bonuscd/pcmania and future music/rra/DREAMING.XM	717.21K	compilations/modplanet/normal/bonuscd/pcmania and future music/rra/DREAMING.XM
file music-module	mirrors/scenesp.org/compilations/modplanet/normal/bonuscd/pcmania and future music/rra/GET_ON_T.XM	667.91K	compilations/modplanet/normal/bonuscd/pcmania and future music/rra/GET_ON_T.XM
file music-module	mirrors/scenesp.org/compilations/modplanet/normal/bonuscd/pcmania and future music/rra/GET_OUT_.XM	792.50K	compilations/modplanet/normal/bonuscd/pcmania and future music/rra/GET_OUT_.XM
file music-module	mirrors/scenesp.org/compilations/modplanet/normal/bonuscd/pcmania and future music/rra/HEAR_THI.XM	2.64M	compilations/modplanet/normal/bonuscd/pcmania and future music/rra/HEAR_THI.XM
file music-module	mirrors/scenesp.org/compilations/modplanet/normal/bonuscd/pcmania and future music/rra/HIPNOTIC.XM	1.04M	compilations/modplanet/normal/bonuscd/pcmania and future music/rra/HIPNOTIC.XM
file music-module	mirrors/scenesp.org/compilations/modplanet/normal/bonuscd/pcmania and future music/rra/IN_D_HOU.XM	0.96M	compilations/modplanet/normal/bonuscd/pcmania and future music/rra/IN_D_HOU.XM
file music-module	mirrors/scenesp.org/compilations/modplanet/normal/bonuscd/pcmania and future music/rra/MKNT_SON.XM	1.29M	compilations/modplanet/normal/bonuscd/pcmania and future music/rra/MKNT_SON.XM
file music-module	mirrors/scenesp.org/compilations/modplanet/normal/bonuscd/pcmania and future music/rra/NIGHT_S2.XM	1.24M	compilations/modplanet/normal/bonuscd/pcmania and future music/rra/NIGHT_S2.XM
file music-module	mirrors/scenesp.org/compilations/modplanet/normal/bonuscd/pcmania and future music/rra/NIGHT_SE.XM	586.56K	compilations/modplanet/normal/bonuscd/pcmania and future music/rra/NIGHT_SE.XM
file music-module	mirrors/scenesp.org/compilations/modplanet/normal/bonuscd/pcmania and future music/rra/NO_MORE_.XM	1.81M	compilations/modplanet/normal/bonuscd/pcmania and future music/rra/NO_MORE_.XM
file music-module	mirrors/scenesp.org/compilations/modplanet/normal/bonuscd/pcmania and future music/rra/OXYGENE_.XM	2.05M	compilations/modplanet/normal/bonuscd/pcmania and future music/rra/OXYGENE_.XM
file music-module	mirrors/scenesp.org/compilations/modplanet/normal/bonuscd/pcmania and future music/rra/SPACE_ST.XM	1.66M	compilations/modplanet/normal/bonuscd/pcmania and future music/rra/SPACE_ST.XM
file music-module	mirrors/scenesp.org/compilations/modplanet/normal/bonuscd/pcmania and future music/rra/THE_FIRS.XM	465.49K	compilations/modplanet/normal/bonuscd/pcmania and future music/rra/THE_FIRS.XM
file music-module	mirrors/scenesp.org/compilations/modplanet/normal/bonuscd/pcmania and future music/themaster/ASF-RMX.XM	1.08M	compilations/modplanet/normal/bonuscd/pcmania and future music/themaster/ASF-RMX.XM
file music-module	mirrors/scenesp.org/compilations/modplanet/normal/bonuscd/pcmania and future music/themaster/MASTER14.XM	260.81K	compilations/modplanet/normal/bonuscd/pcmania and future music/themaster/MASTER14.XM
file music-module	mirrors/scenesp.org/compilations/modplanet/normal/bonuscd/pcmania and future music/unsleep/melodia.xm	607.73K	compilations/modplanet/normal/bonuscd/pcmania and future music/unsleep/melodia.xm
file	mirrors/scenesp.org/compilations/modplanet/normal/bonuscd/player/Bonjour, BS2000.xmpskin	20.04K	compilations/modplanet/normal/bonuscd/player/Bonjour, BS2000.xmpskin
file music-module	mirrors/scenesp.org/compilations/modplanet/normal/cd1/amiga artists/adrdesign/CS-PLAST.XM	588.96K	compilations/modplanet/normal/cd1/amiga artists/adrdesign/CS-PLAST.XM
file music-module	mirrors/scenesp.org/compilations/modplanet/normal/cd1/amiga artists/chip/RadicalT.xm	512.70K	compilations/modplanet/normal/cd1/amiga artists/chip/RadicalT.xm
file music-module	mirrors/scenesp.org/compilations/modplanet/normal/cd1/amiga artists/critical science/CS-PLAST.XM	588.96K	compilations/modplanet/normal/cd1/amiga artists/critical science/CS-PLAST.XM
file music-module	mirrors/scenesp.org/compilations/modplanet/normal/cd1/amiga artists/estrayk/INVTRO.XM	579.87K	compilations/modplanet/normal/cd1/amiga artists/estrayk/INVTRO.XM
file music-module	mirrors/scenesp.org/compilations/modplanet/normal/cd1/amiga artists/estrayk/Instance.xm	1.02M	compilations/modplanet/normal/cd1/amiga artists/estrayk/Instance.xm
file music-module	mirrors/scenesp.org/compilations/modplanet/normal/cd1/amiga artists/estrayk/SECOND.XM	703.92K	compilations/modplanet/normal/cd1/amiga artists/estrayk/SECOND.XM
file music-module	mirrors/scenesp.org/compilations/modplanet/normal/cd1/amiga artists/evelred/A LAND A CONQUEST.xm	1.06M	compilations/modplanet/normal/cd1/amiga artists/evelred/A LAND A CONQUEST.xm
file music-module	mirrors/scenesp.org/compilations/modplanet/normal/cd1/amiga artists/evelred/EXPEDITION TO PARADISE.xm	683.04K	compilations/modplanet/normal/cd1/amiga artists/evelred/EXPEDITION TO PARADISE.xm
file music-module	mirrors/scenesp.org/compilations/modplanet/normal/cd1/amiga artists/evelred/SHA.XM	778.40K	compilations/modplanet/normal/cd1/amiga artists/evelred/SHA.XM
file music-module	mirrors/scenesp.org/compilations/modplanet/normal/cd1/amiga artists/evelred/THE VOICE.xm	513.12K	compilations/modplanet/normal/cd1/amiga artists/evelred/THE VOICE.xm
file music-module	mirrors/scenesp.org/compilations/modplanet/normal/cd1/amiga artists/evelred/VALLEYOFCLOUDS.xm	802.82K	compilations/modplanet/normal/cd1/amiga artists/evelred/VALLEYOFCLOUDS.xm
file music-module	mirrors/scenesp.org/compilations/modplanet/normal/cd1/amiga artists/falan/goingup.xm	683.53K	compilations/modplanet/normal/cd1/amiga artists/falan/goingup.xm
file music-module	mirrors/scenesp.org/compilations/modplanet/normal/cd1/amiga artists/fireboy/Adoratio.xm	1.28M	compilations/modplanet/normal/cd1/amiga artists/fireboy/Adoratio.xm
file music-module	mirrors/scenesp.org/compilations/modplanet/normal/cd1/amiga artists/fireboy/Base.xm	450.56K	compilations/modplanet/normal/cd1/amiga artists/fireboy/Base.xm
file music-module	mirrors/scenesp.org/compilations/modplanet/normal/cd1/amiga artists/fireboy/Buenco.xm	679.09K	compilations/modplanet/normal/cd1/amiga artists/fireboy/Buenco.xm
file music-module	mirrors/scenesp.org/compilations/modplanet/normal/cd1/amiga artists/fireboy/Dragon.xm	686.19K	compilations/modplanet/normal/cd1/amiga artists/fireboy/Dragon.xm
file music-module	mirrors/scenesp.org/compilations/modplanet/normal/cd1/amiga artists/fireboy/Kntm0r.xm	331.32K	compilations/modplanet/normal/cd1/amiga artists/fireboy/Kntm0r.xm
file music-module	mirrors/scenesp.org/compilations/modplanet/normal/cd1/amiga artists/fireboy/NO_LIFE.xm	711.51K	compilations/modplanet/normal/cd1/amiga artists/fireboy/NO_LIFE.xm
file music-module	mirrors/scenesp.org/compilations/modplanet/normal/cd1/amiga artists/fireboy/Y NO PODIA SER.xm	586.58K	compilations/modplanet/normal/cd1/amiga artists/fireboy/Y NO PODIA SER.xm
file music-module	mirrors/scenesp.org/compilations/modplanet/normal/cd1/amiga artists/nork/BAZURA.XM	367.57K	compilations/modplanet/normal/cd1/amiga artists/nork/BAZURA.XM
file music-module	mirrors/scenesp.org/compilations/modplanet/normal/cd1/amiga artists/nork/Be_a_wav.xm	1.14M	compilations/modplanet/normal/cd1/amiga artists/nork/Be_a_wav.xm
file music-module	mirrors/scenesp.org/compilations/modplanet/normal/cd1/amiga artists/nork/BookOfDesire.xm	588.32K	compilations/modplanet/normal/cd1/amiga artists/nork/BookOfDesire.xm
file music-module	mirrors/scenesp.org/compilations/modplanet/normal/cd1/amiga artists/nork/DESIRE2.XM	1.03M	compilations/modplanet/normal/cd1/amiga artists/nork/DESIRE2.XM
file music-module	mirrors/scenesp.org/compilations/modplanet/normal/cd1/amiga artists/nork/FastNork98.xm	68.95K	compilations/modplanet/normal/cd1/amiga artists/nork/FastNork98.xm
file music-module	mirrors/scenesp.org/compilations/modplanet/normal/cd1/amiga artists/nork/FDSCENE.XM	1.35M	compilations/modplanet/normal/cd1/amiga artists/nork/FDSCENE.XM
file music-module	mirrors/scenesp.org/compilations/modplanet/normal/cd1/amiga artists/nork/IMPERIUM.XM	1.27M	compilations/modplanet/normal/cd1/amiga artists/nork/IMPERIUM.XM
file music-module	mirrors/scenesp.org/compilations/modplanet/normal/cd1/amiga artists/nork/nk-did u bring the packet.XM	0.98M	compilations/modplanet/normal/cd1/amiga artists/nork/nk-did u bring the packet.XM
file music-module	mirrors/scenesp.org/compilations/modplanet/normal/cd1/amiga artists/nork/OVERDOSE.XM	248.77K	compilations/modplanet/normal/cd1/amiga artists/nork/OVERDOSE.XM
file music-module	mirrors/scenesp.org/compilations/modplanet/normal/cd1/amiga artists/nork/xmas.xm	492.44K	compilations/modplanet/normal/cd1/amiga artists/nork/xmas.xm
file music-module	mirrors/scenesp.org/compilations/modplanet/normal/cd1/amiga artists/santo/TWOINONE.xm	950.62K	compilations/modplanet/normal/cd1/amiga artists/santo/TWOINONE.xm
file music-module	mirrors/scenesp.org/compilations/modplanet/normal/cd1/amiga artists/various/FIREBIRD HINOTORI.xm	186.88K	compilations/modplanet/normal/cd1/amiga artists/various/FIREBIRD HINOTORI.xm
file music-module	mirrors/scenesp.org/compilations/modplanet/normal/cd1/amiga artists/wavemaker/GOA.XM	262.43K	compilations/modplanet/normal/cd1/amiga artists/wavemaker/GOA.XM
file music-module	mirrors/scenesp.org/compilations/modplanet/normal/cd1/amiga artists/wavemaker/POWER-SH.XM	29.57K	compilations/modplanet/normal/cd1/amiga artists/wavemaker/POWER-SH.XM
file music-module	mirrors/scenesp.org/compilations/modplanet/normal/cd1/pc artists A-M/acidbeat/hollow.xm	27.91K	compilations/modplanet/normal/cd1/pc artists A-M/acidbeat/hollow.xm
file music-module	mirrors/scenesp.org/compilations/modplanet/normal/cd1/pc artists A-M/acidbeat/sun.xm	326.15K	compilations/modplanet/normal/cd1/pc artists A-M/acidbeat/sun.xm
file music-module	mirrors/scenesp.org/compilations/modplanet/normal/cd1/pc artists A-M/awesome/AFRICANO.XM	1.36M	compilations/modplanet/normal/cd1/pc artists A-M/awesome/AFRICANO.XM
file music-module	mirrors/scenesp.org/compilations/modplanet/normal/cd1/pc artists A-M/awesome/AWS_ADWH.XM	848.90K	compilations/modplanet/normal/cd1/pc artists A-M/awesome/AWS_ADWH.XM
file music-module	mirrors/scenesp.org/compilations/modplanet/normal/cd1/pc artists A-M/awesome/AWS_ANEW.XM	1.19M	compilations/modplanet/normal/cd1/pc artists A-M/awesome/AWS_ANEW.XM
file music-module	mirrors/scenesp.org/compilations/modplanet/normal/cd1/pc artists A-M/awesome/AWS_AQ16.XM	1.70M	compilations/modplanet/normal/cd1/pc artists A-M/awesome/AWS_AQ16.XM
file music-module	mirrors/scenesp.org/compilations/modplanet/normal/cd1/pc artists A-M/awesome/AWS_AQUA.XM	1.14M	compilations/modplanet/normal/cd1/pc artists A-M/awesome/AWS_AQUA.XM
file music-module	mirrors/scenesp.org/compilations/modplanet/normal/cd1/pc artists A-M/awesome/AWS_BEYO.XM	1.36M	compilations/modplanet/normal/cd1/pc artists A-M/awesome/AWS_BEYO.XM
file music-module	mirrors/scenesp.org/compilations/modplanet/normal/cd1/pc artists A-M/awesome/AWS_BOLE.XM	1.50M	compilations/modplanet/normal/cd1/pc artists A-M/awesome/AWS_BOLE.XM
file music-module	mirrors/scenesp.org/compilations/modplanet/normal/cd1/pc artists A-M/awesome/AWS_CAVE.XM	826.77K	compilations/modplanet/normal/cd1/pc artists A-M/awesome/AWS_CAVE.XM
file music-module	mirrors/scenesp.org/compilations/modplanet/normal/cd1/pc artists A-M/awesome/AWS_CHAS.XM	1.27M	compilations/modplanet/normal/cd1/pc artists A-M/awesome/AWS_CHAS.XM
file music-module	mirrors/scenesp.org/compilations/modplanet/normal/cd1/pc artists A-M/awesome/AWS_CYB.XM	5.69M	compilations/modplanet/normal/cd1/pc artists A-M/awesome/AWS_CYB.XM
file music-module	mirrors/scenesp.org/compilations/modplanet/normal/cd1/pc artists A-M/awesome/AWS_DAWN.XM	1.15M	compilations/modplanet/normal/cd1/pc artists A-M/awesome/AWS_DAWN.XM
file music-module	mirrors/scenesp.org/compilations/modplanet/normal/cd1/pc artists A-M/awesome/AWS_DEEP.XM	727.01K	compilations/modplanet/normal/cd1/pc artists A-M/awesome/AWS_DEEP.XM
file music-module	mirrors/scenesp.org/compilations/modplanet/normal/cd1/pc artists A-M/awesome/AWS_DEMO.XM	1.20M	compilations/modplanet/normal/cd1/pc artists A-M/awesome/AWS_DEMO.XM
file music-module	mirrors/scenesp.org/compilations/modplanet/normal/cd1/pc artists A-M/awesome/AWS_DESP.XM	1.76M	compilations/modplanet/normal/cd1/pc artists A-M/awesome/AWS_DESP.XM
file music-module	mirrors/scenesp.org/compilations/modplanet/normal/cd1/pc artists A-M/awesome/AWS_FAN2.XM	5.12M	compilations/modplanet/normal/cd1/pc artists A-M/awesome/AWS_FAN2.XM
file music-module	mirrors/scenesp.org/compilations/modplanet/normal/cd1/pc artists A-M/awesome/AWS_FANW.XM	0.99M	compilations/modplanet/normal/cd1/pc artists A-M/awesome/AWS_FANW.XM
file music-module	mirrors/scenesp.org/compilations/modplanet/normal/cd1/pc artists A-M/awesome/AWS_FAST.XM	1.63M	compilations/modplanet/normal/cd1/pc artists A-M/awesome/AWS_FAST.XM
file music-module	mirrors/scenesp.org/compilations/modplanet/normal/cd1/pc artists A-M/awesome/AWS_FIRE.XM	0.95M	compilations/modplanet/normal/cd1/pc artists A-M/awesome/AWS_FIRE.XM
file music-module	mirrors/scenesp.org/compilations/modplanet/normal/cd1/pc artists A-M/awesome/AWS_FORE.XM	1.24M	compilations/modplanet/normal/cd1/pc artists A-M/awesome/AWS_FORE.XM
file music-module	mirrors/scenesp.org/compilations/modplanet/normal/cd1/pc artists A-M/awesome/AWS_FP2K.XM	551.72K	compilations/modplanet/normal/cd1/pc artists A-M/awesome/AWS_FP2K.XM
file music-module	mirrors/scenesp.org/compilations/modplanet/normal/cd1/pc artists A-M/awesome/AWS_FUTU.XM	1.27M	compilations/modplanet/normal/cd1/pc artists A-M/awesome/AWS_FUTU.XM
file music-module	mirrors/scenesp.org/compilations/modplanet/normal/cd1/pc artists A-M/awesome/AWS_GALI.XM	0.97M	compilations/modplanet/normal/cd1/pc artists A-M/awesome/AWS_GALI.XM
file music-module	mirrors/scenesp.org/compilations/modplanet/normal/cd1/pc artists A-M/awesome/AWS_HARD.XM	904.32K	compilations/modplanet/normal/cd1/pc artists A-M/awesome/AWS_HARD.XM
file music-module	mirrors/scenesp.org/compilations/modplanet/normal/cd1/pc artists A-M/awesome/AWS_HOFM.XM	1.91M	compilations/modplanet/normal/cd1/pc artists A-M/awesome/AWS_HOFM.XM
file music-module	mirrors/scenesp.org/compilations/modplanet/normal/cd1/pc artists A-M/awesome/AWS_HOPE.XM	1.07M	compilations/modplanet/normal/cd1/pc artists A-M/awesome/AWS_HOPE.XM
file music-module	mirrors/scenesp.org/compilations/modplanet/normal/cd1/pc artists A-M/awesome/AWS_IAD8.XM	1.38M	compilations/modplanet/normal/cd1/pc artists A-M/awesome/AWS_IAD8.XM
file music-module	mirrors/scenesp.org/compilations/modplanet/normal/cd1/pc artists A-M/awesome/AWS_INAD.XM	2.48M	compilations/modplanet/normal/cd1/pc artists A-M/awesome/AWS_INAD.XM
file music-module	mirrors/scenesp.org/compilations/modplanet/normal/cd1/pc artists A-M/awesome/AWS_LAST.XM	1.06M	compilations/modplanet/normal/cd1/pc artists A-M/awesome/AWS_LAST.XM
file music-module	mirrors/scenesp.org/compilations/modplanet/normal/cd1/pc artists A-M/awesome/AWS_MAC1.XM	1.33M	compilations/modplanet/normal/cd1/pc artists A-M/awesome/AWS_MAC1.XM
file music-module	mirrors/scenesp.org/compilations/modplanet/normal/cd1/pc artists A-M/awesome/AWS_MAGI.XM	1.51M	compilations/modplanet/normal/cd1/pc artists A-M/awesome/AWS_MAGI.XM
file music-module	mirrors/scenesp.org/compilations/modplanet/normal/cd1/pc artists A-M/awesome/AWS_NEWS.XM	794.16K	compilations/modplanet/normal/cd1/pc artists A-M/awesome/AWS_NEWS.XM
file music-module	mirrors/scenesp.org/compilations/modplanet/normal/cd1/pc artists A-M/awesome/AWS_NITE.XM	1.00M	compilations/modplanet/normal/cd1/pc artists A-M/awesome/AWS_NITE.XM
file music-module	mirrors/scenesp.org/compilations/modplanet/normal/cd1/pc artists A-M/awesome/AWS_OUT.XM	0.96M	compilations/modplanet/normal/cd1/pc artists A-M/awesome/AWS_OUT.XM
file music-module	mirrors/scenesp.org/compilations/modplanet/normal/cd1/pc artists A-M/awesome/AWS_RAGE.XM	1.29M	compilations/modplanet/normal/cd1/pc artists A-M/awesome/AWS_RAGE.XM
file music-module	mirrors/scenesp.org/compilations/modplanet/normal/cd1/pc artists A-M/awesome/AWS_SEEK.XM	1.42M	compilations/modplanet/normal/cd1/pc artists A-M/awesome/AWS_SEEK.XM
file music-module	mirrors/scenesp.org/compilations/modplanet/normal/cd1/pc artists A-M/awesome/AWS_SOUL.XM	536.57K	compilations/modplanet/normal/cd1/pc artists A-M/awesome/AWS_SOUL.XM
file music-module	mirrors/scenesp.org/compilations/modplanet/normal/cd1/pc artists A-M/awesome/AWS_SPA2.XM	1.94M	compilations/modplanet/normal/cd1/pc artists A-M/awesome/AWS_SPA2.XM
file music-module	mirrors/scenesp.org/compilations/modplanet/normal/cd1/pc artists A-M/awesome/AWS_SPAC.XM	1.48M	compilations/modplanet/normal/cd1/pc artists A-M/awesome/AWS_SPAC.XM
file music-module	mirrors/scenesp.org/compilations/modplanet/normal/cd1/pc artists A-M/awesome/AWS_SURP.XM	2.20M	compilations/modplanet/normal/cd1/pc artists A-M/awesome/AWS_SURP.XM
file music-module	mirrors/scenesp.org/compilations/modplanet/normal/cd1/pc artists A-M/awesome/AWS_TVSH.XM	2.26M	compilations/modplanet/normal/cd1/pc artists A-M/awesome/AWS_TVSH.XM
file music-module	mirrors/scenesp.org/compilations/modplanet/normal/cd1/pc artists A-M/awesome/AWS_WAR2.XM	821.76K	compilations/modplanet/normal/cd1/pc artists A-M/awesome/AWS_WAR2.XM
file music-module	mirrors/scenesp.org/compilations/modplanet/normal/cd1/pc artists A-M/awesome/AWS_WBRS.XM	429.61K	compilations/modplanet/normal/cd1/pc artists A-M/awesome/AWS_WBRS.XM
file music-module	mirrors/scenesp.org/compilations/modplanet/normal/cd1/pc artists A-M/awesome/AW_CANON.XM	1.18M	compilations/modplanet/normal/cd1/pc artists A-M/awesome/AW_CANON.XM
file music-module	mirrors/scenesp.org/compilations/modplanet/normal/cd1/pc artists A-M/awesome/aws_anc2.xm	1.21M	compilations/modplanet/normal/cd1/pc artists A-M/awesome/aws_anc2.xm
file music-module	mirrors/scenesp.org/compilations/modplanet/normal/cd1/pc artists A-M/awesome/BCRYSTAL.XM	960.49K	compilations/modplanet/normal/cd1/pc artists A-M/awesome/BCRYSTAL.XM
file music-module	mirrors/scenesp.org/compilations/modplanet/normal/cd1/pc artists A-M/awesome/CHARIOTS.XM	564.81K	compilations/modplanet/normal/cd1/pc artists A-M/awesome/CHARIOTS.XM
file music-module	mirrors/scenesp.org/compilations/modplanet/normal/cd1/pc artists A-M/awesome/cancion.xm	1.12M	compilations/modplanet/normal/cd1/pc artists A-M/awesome/cancion.xm
file music-module	mirrors/scenesp.org/compilations/modplanet/normal/cd1/pc artists A-M/awesome/DAWNING.XM	0.97M	compilations/modplanet/normal/cd1/pc artists A-M/awesome/DAWNING.XM
file music-module	mirrors/scenesp.org/compilations/modplanet/normal/cd1/pc artists A-M/awesome/DEEP_IN_.XM	1.01M	compilations/modplanet/normal/cd1/pc artists A-M/awesome/DEEP_IN_.XM
file music-module	mirrors/scenesp.org/compilations/modplanet/normal/cd1/pc artists A-M/awesome/EIGHT_MO.XM	700.69K	compilations/modplanet/normal/cd1/pc artists A-M/awesome/EIGHT_MO.XM
file music-module	mirrors/scenesp.org/compilations/modplanet/normal/cd1/pc artists A-M/awesome/FOR_AN_E.XM	1.03M	compilations/modplanet/normal/cd1/pc artists A-M/awesome/FOR_AN_E.XM
file music-module	mirrors/scenesp.org/compilations/modplanet/normal/cd1/pc artists A-M/awesome/GENERATI.XM	0.96M	compilations/modplanet/normal/cd1/pc artists A-M/awesome/GENERATI.XM
file music-module	mirrors/scenesp.org/compilations/modplanet/normal/cd1/pc artists A-M/awesome/HISPANIA.XM	1.16M	compilations/modplanet/normal/cd1/pc artists A-M/awesome/HISPANIA.XM
file music-module	mirrors/scenesp.org/compilations/modplanet/normal/cd1/pc artists A-M/awesome/I'M_IN_R.XM	1.23M	compilations/modplanet/normal/cd1/pc artists A-M/awesome/I'M_IN_R.XM
file music-module	mirrors/scenesp.org/compilations/modplanet/normal/cd1/pc artists A-M/awesome/JUST_TWO.XM	1.12M	compilations/modplanet/normal/cd1/pc artists A-M/awesome/JUST_TWO.XM
file music-module	mirrors/scenesp.org/compilations/modplanet/normal/cd1/pc artists A-M/awesome/LA_FUGA2.XM	217.28K	compilations/modplanet/normal/cd1/pc artists A-M/awesome/LA_FUGA2.XM
file music-module	mirrors/scenesp.org/compilations/modplanet/normal/cd1/pc artists A-M/awesome/LA_FUGA5.XM	211.46K	compilations/modplanet/normal/cd1/pc artists A-M/awesome/LA_FUGA5.XM
file music-module	mirrors/scenesp.org/compilations/modplanet/normal/cd1/pc artists A-M/awesome/LA_FUGAM.XM	913.29K	compilations/modplanet/normal/cd1/pc artists A-M/awesome/LA_FUGAM.XM
file music-module	mirrors/scenesp.org/compilations/modplanet/normal/cd1/pc artists A-M/awesome/LA_FUGAY.XM	216.99K	compilations/modplanet/normal/cd1/pc artists A-M/awesome/LA_FUGAY.XM
file music-module	mirrors/scenesp.org/compilations/modplanet/normal/cd1/pc artists A-M/awesome/LET'S_GO.XM	1.18M	compilations/modplanet/normal/cd1/pc artists A-M/awesome/LET'S_GO.XM
file music-module	mirrors/scenesp.org/compilations/modplanet/normal/cd1/pc artists A-M/awesome/LIGHT_WA.XM	1.37M	compilations/modplanet/normal/cd1/pc artists A-M/awesome/LIGHT_WA.XM
file music-module	mirrors/scenesp.org/compilations/modplanet/normal/cd1/pc artists A-M/awesome/LIKE_A_D.XM	723.61K	compilations/modplanet/normal/cd1/pc artists A-M/awesome/LIKE_A_D.XM
file music-module	mirrors/scenesp.org/compilations/modplanet/normal/cd1/pc artists A-M/awesome/LONELY_E.XM	1.35M	compilations/modplanet/normal/cd1/pc artists A-M/awesome/LONELY_E.XM
file music-module	mirrors/scenesp.org/compilations/modplanet/normal/cd1/pc artists A-M/awesome/MAINGAME.XM	488.67K	compilations/modplanet/normal/cd1/pc artists A-M/awesome/MAINGAME.XM
file music-module	mirrors/scenesp.org/compilations/modplanet/normal/cd1/pc artists A-M/awesome/ONE_AND_.XM	1.29M	compilations/modplanet/normal/cd1/pc artists A-M/awesome/ONE_AND_.XM
file music-module	mirrors/scenesp.org/compilations/modplanet/normal/cd1/pc artists A-M/awesome/OXIDE-I1.XM	183.34K	compilations/modplanet/normal/cd1/pc artists A-M/awesome/OXIDE-I1.XM
file music-module	mirrors/scenesp.org/compilations/modplanet/normal/cd1/pc artists A-M/awesome/OXIDE-I2.XM	343.89K	compilations/modplanet/normal/cd1/pc artists A-M/awesome/OXIDE-I2.XM
file music-module	mirrors/scenesp.org/compilations/modplanet/normal/cd1/pc artists A-M/awesome/OXIDE-IB.XM	301.43K	compilations/modplanet/normal/cd1/pc artists A-M/awesome/OXIDE-IB.XM
file music-module	mirrors/scenesp.org/compilations/modplanet/normal/cd1/pc artists A-M/awesome/OXYGENE9.XM	690.03K	compilations/modplanet/normal/cd1/pc artists A-M/awesome/OXYGENE9.XM
file music-module	mirrors/scenesp.org/compilations/modplanet/normal/cd1/pc artists A-M/awesome/SECRET_L.XM	525.52K	compilations/modplanet/normal/cd1/pc artists A-M/awesome/SECRET_L.XM
file music-module	mirrors/scenesp.org/compilations/modplanet/normal/cd1/pc artists A-M/awesome/SHE'S_EI.XM	751.44K	compilations/modplanet/normal/cd1/pc artists A-M/awesome/SHE'S_EI.XM
file music-module	mirrors/scenesp.org/compilations/modplanet/normal/cd1/pc artists A-M/awesome/TECHN-O-.XM	1.15M	compilations/modplanet/normal/cd1/pc artists A-M/awesome/TECHN-O-.XM
file music-module	mirrors/scenesp.org/compilations/modplanet/normal/cd1/pc artists A-M/awesome/TEMA1.XM	815.85K	compilations/modplanet/normal/cd1/pc artists A-M/awesome/TEMA1.XM
file music-module	mirrors/scenesp.org/compilations/modplanet/normal/cd1/pc artists A-M/awesome/TEMA1_1.XM	2.36M	compilations/modplanet/normal/cd1/pc artists A-M/awesome/TEMA1_1.XM
file music-module	mirrors/scenesp.org/compilations/modplanet/normal/cd1/pc artists A-M/awesome/TEMA1_2.XM	971.89K	compilations/modplanet/normal/cd1/pc artists A-M/awesome/TEMA1_2.XM
file music-module	mirrors/scenesp.org/compilations/modplanet/normal/cd1/pc artists A-M/awesome/TEMA1_3.XM	929.37K	compilations/modplanet/normal/cd1/pc artists A-M/awesome/TEMA1_3.XM
file music-module	mirrors/scenesp.org/compilations/modplanet/normal/cd1/pc artists A-M/awesome/TEMAMENU.XM	577.50K	compilations/modplanet/normal/cd1/pc artists A-M/awesome/TEMAMENU.XM
file music-module	mirrors/scenesp.org/compilations/modplanet/normal/cd1/pc artists A-M/awesome/THOSE_WO.XM	778.76K	compilations/modplanet/normal/cd1/pc artists A-M/awesome/THOSE_WO.XM
file music-module	mirrors/scenesp.org/compilations/modplanet/normal/cd1/pc artists A-M/awesome/TOTAL_MA.XM	1.05M	compilations/modplanet/normal/cd1/pc artists A-M/awesome/TOTAL_MA.XM
file music-module	mirrors/scenesp.org/compilations/modplanet/normal/cd1/pc artists A-M/awesome/WORLD_OF.XM	1.32M	compilations/modplanet/normal/cd1/pc artists A-M/awesome/WORLD_OF.XM
file music-module	mirrors/scenesp.org/compilations/modplanet/normal/cd1/pc artists A-M/baktery/BACK.XM	708.76K	compilations/modplanet/normal/cd1/pc artists A-M/baktery/BACK.XM
file music-module	mirrors/scenesp.org/compilations/modplanet/normal/cd1/pc artists A-M/baktery/BD2.XM	2.34M	compilations/modplanet/normal/cd1/pc artists A-M/baktery/BD2.XM
file music-module	mirrors/scenesp.org/compilations/modplanet/normal/cd1/pc artists A-M/baktery/chanka2.xm	58.31K	compilations/modplanet/normal/cd1/pc artists A-M/baktery/chanka2.xm
file music-module	mirrors/scenesp.org/compilations/modplanet/normal/cd1/pc artists A-M/baktery/LOUDER.XM	2.28M	compilations/modplanet/normal/cd1/pc artists A-M/baktery/LOUDER.XM
file music-module	mirrors/scenesp.org/compilations/modplanet/normal/cd1/pc artists A-M/baktery/Loudemo.xm	1.31M	compilations/modplanet/normal/cd1/pc artists A-M/baktery/Loudemo.xm
file music-module	mirrors/scenesp.org/compilations/modplanet/normal/cd1/pc artists A-M/baktery/STREET.XM	358.62K	compilations/modplanet/normal/cd1/pc artists A-M/baktery/STREET.XM
file music-module	mirrors/scenesp.org/compilations/modplanet/normal/cd1/pc artists A-M/baktery/STREETDA.XM	432.48K	compilations/modplanet/normal/cd1/pc artists A-M/baktery/STREETDA.XM
file music-module	mirrors/scenesp.org/compilations/modplanet/normal/cd1/pc artists A-M/baktery/sea.xm	1.31M	compilations/modplanet/normal/cd1/pc artists A-M/baktery/sea.xm
file music-module	mirrors/scenesp.org/compilations/modplanet/normal/cd1/pc artists A-M/cubico/ALEHOUSE.XM	871.07K	compilations/modplanet/normal/cd1/pc artists A-M/cubico/ALEHOUSE.XM
file music-module	mirrors/scenesp.org/compilations/modplanet/normal/cd1/pc artists A-M/cubico/BITE.xm	0.99M	compilations/modplanet/normal/cd1/pc artists A-M/cubico/BITE.xm
file music-module	mirrors/scenesp.org/compilations/modplanet/normal/cd1/pc artists A-M/cubico/EP6INV.XM	878.83K	compilations/modplanet/normal/cd1/pc artists A-M/cubico/EP6INV.XM
file music-module	mirrors/scenesp.org/compilations/modplanet/normal/cd1/pc artists A-M/cubico/INFASHIO.XM	395.86K	compilations/modplanet/normal/cd1/pc artists A-M/cubico/INFASHIO.XM
file music-module	mirrors/scenesp.org/compilations/modplanet/normal/cd1/pc artists A-M/cubico/NOFORM.XM	875.25K	compilations/modplanet/normal/cd1/pc artists A-M/cubico/NOFORM.XM
file music-module	mirrors/scenesp.org/compilations/modplanet/normal/cd1/pc artists A-M/cubico/soundsto.xm	1.20M	compilations/modplanet/normal/cd1/pc artists A-M/cubico/soundsto.xm
file music-module	mirrors/scenesp.org/compilations/modplanet/normal/cd1/pc artists A-M/darkberry/BIRTH.XM	430.46K	compilations/modplanet/normal/cd1/pc artists A-M/darkberry/BIRTH.XM
file music-module	mirrors/scenesp.org/compilations/modplanet/normal/cd1/pc artists A-M/darkberry/MAYHE004.XM	515.76K	compilations/modplanet/normal/cd1/pc artists A-M/darkberry/MAYHE004.XM
file music-module	mirrors/scenesp.org/compilations/modplanet/normal/cd1/pc artists A-M/ddrey/L3ADDANC.XM	168.61K	compilations/modplanet/normal/cd1/pc artists A-M/ddrey/L3ADDANC.XM
file music-module	mirrors/scenesp.org/compilations/modplanet/normal/cd1/pc artists A-M/ddrey/MOD.XM	2.58M	compilations/modplanet/normal/cd1/pc artists A-M/ddrey/MOD.XM
file music-module	mirrors/scenesp.org/compilations/modplanet/normal/cd1/pc artists A-M/debugger/EC04.XM	281.67K	compilations/modplanet/normal/cd1/pc artists A-M/debugger/EC04.XM
file music-module	mirrors/scenesp.org/compilations/modplanet/normal/cd1/pc artists A-M/dem/CHILDREN.XM	728.02K	compilations/modplanet/normal/cd1/pc artists A-M/dem/CHILDREN.XM
file music-module	mirrors/scenesp.org/compilations/modplanet/normal/cd1/pc artists A-M/dem/COMPO.XM	849.34K	compilations/modplanet/normal/cd1/pc artists A-M/dem/COMPO.XM
file music-module	mirrors/scenesp.org/compilations/modplanet/normal/cd1/pc artists A-M/dem/GET16BIT.XM	0.97M	compilations/modplanet/normal/cd1/pc artists A-M/dem/GET16BIT.XM
file music-module	mirrors/scenesp.org/compilations/modplanet/normal/cd1/pc artists A-M/dem/SHA.XM	778.40K	compilations/modplanet/normal/cd1/pc artists A-M/dem/SHA.XM
file music-module	mirrors/scenesp.org/compilations/modplanet/normal/cd1/pc artists A-M/dem/SIMPMINT.XM	676.91K	compilations/modplanet/normal/cd1/pc artists A-M/dem/SIMPMINT.XM
file music-module	mirrors/scenesp.org/compilations/modplanet/normal/cd1/pc artists A-M/dem/TRIP.XM	1.01M	compilations/modplanet/normal/cd1/pc artists A-M/dem/TRIP.XM
file music-module	mirrors/scenesp.org/compilations/modplanet/normal/cd1/pc artists A-M/dem/UGOT2.XM	921.04K	compilations/modplanet/normal/cd1/pc artists A-M/dem/UGOT2.XM
file music-module	mirrors/scenesp.org/compilations/modplanet/normal/cd1/pc artists A-M/dem/VKTRSMIX.XM	1.04M	compilations/modplanet/normal/cd1/pc artists A-M/dem/VKTRSMIX.XM
file music-module	mirrors/scenesp.org/compilations/modplanet/normal/cd1/pc artists A-M/dvd/COSMO-P.XM	912.87K	compilations/modplanet/normal/cd1/pc artists A-M/dvd/COSMO-P.XM
file music-module	mirrors/scenesp.org/compilations/modplanet/normal/cd1/pc artists A-M/fx/CEIBE.XM	142.54K	compilations/modplanet/normal/cd1/pc artists A-M/fx/CEIBE.XM
file music-module	mirrors/scenesp.org/compilations/modplanet/normal/cd1/pc artists A-M/fx/FX!-ANGE.XM	601.50K	compilations/modplanet/normal/cd1/pc artists A-M/fx/FX!-ANGE.XM
file music-module	mirrors/scenesp.org/compilations/modplanet/normal/cd1/pc artists A-M/fx/FX!-BEGI.XM	555.61K	compilations/modplanet/normal/cd1/pc artists A-M/fx/FX!-BEGI.XM
file music-module	mirrors/scenesp.org/compilations/modplanet/normal/cd1/pc artists A-M/fx/FX!-BREA.XM	906.38K	compilations/modplanet/normal/cd1/pc artists A-M/fx/FX!-BREA.XM
file music-module	mirrors/scenesp.org/compilations/modplanet/normal/cd1/pc artists A-M/fx/FX!-PARA.XM	1.25M	compilations/modplanet/normal/cd1/pc artists A-M/fx/FX!-PARA.XM
file music-module	mirrors/scenesp.org/compilations/modplanet/normal/cd1/pc artists A-M/fx/FX!-RAMB.XM	1.96M	compilations/modplanet/normal/cd1/pc artists A-M/fx/FX!-RAMB.XM
file music-module	mirrors/scenesp.org/compilations/modplanet/normal/cd1/pc artists A-M/fx/FX!-REFL.XM	1.53M	compilations/modplanet/normal/cd1/pc artists A-M/fx/FX!-REFL.XM
file music-module	mirrors/scenesp.org/compilations/modplanet/normal/cd1/pc artists A-M/fx/FX!-SEAR.XM	1.07M	compilations/modplanet/normal/cd1/pc artists A-M/fx/FX!-SEAR.XM
file music-module	mirrors/scenesp.org/compilations/modplanet/normal/cd1/pc artists A-M/fx/FX!-SHAD.XM	1.08M	compilations/modplanet/normal/cd1/pc artists A-M/fx/FX!-SHAD.XM
file music-module	mirrors/scenesp.org/compilations/modplanet/normal/cd1/pc artists A-M/fx/FX!-STAT.XM	594.10K	compilations/modplanet/normal/cd1/pc artists A-M/fx/FX!-STAT.XM
file music-module	mirrors/scenesp.org/compilations/modplanet/normal/cd1/pc artists A-M/fx/FX!-UNUS.XM	791.32K	compilations/modplanet/normal/cd1/pc artists A-M/fx/FX!-UNUS.XM
file music-module	mirrors/scenesp.org/compilations/modplanet/normal/cd1/pc artists A-M/fx/Fx!-spir.xm	1.07M	compilations/modplanet/normal/cd1/pc artists A-M/fx/Fx!-spir.xm
file music-module	mirrors/scenesp.org/compilations/modplanet/normal/cd1/pc artists A-M/fx/fx!-ring.xm	509.14K	compilations/modplanet/normal/cd1/pc artists A-M/fx/fx!-ring.xm
file music-module	mirrors/scenesp.org/compilations/modplanet/normal/cd1/pc artists A-M/fx/tales.xm	1.36M	compilations/modplanet/normal/cd1/pc artists A-M/fx/tales.xm
file music-module	mirrors/scenesp.org/compilations/modplanet/normal/cd1/pc artists A-M/garrapatrackers/GDJ-BUT'.XM	689.73K	compilations/modplanet/normal/cd1/pc artists A-M/garrapatrackers/GDJ-BUT'.XM
file music-module	mirrors/scenesp.org/compilations/modplanet/normal/cd1/pc artists A-M/garrapatrackers/GDJ-SHAD.XM	634.53K	compilations/modplanet/normal/cd1/pc artists A-M/garrapatrackers/GDJ-SHAD.XM
file music-module	mirrors/scenesp.org/compilations/modplanet/normal/cd1/pc artists A-M/garrapatrackers/GDJ_AGNT.XM	1.09M	compilations/modplanet/normal/cd1/pc artists A-M/garrapatrackers/GDJ_AGNT.XM
file music-module	mirrors/scenesp.org/compilations/modplanet/normal/cd1/pc artists A-M/garrapatrackers/GDJ_CRSW.XM	2.42M	compilations/modplanet/normal/cd1/pc artists A-M/garrapatrackers/GDJ_CRSW.XM
file music-module	mirrors/scenesp.org/compilations/modplanet/normal/cd1/pc artists A-M/garrapatrackers/GDJ_DUCK.XM	906.63K	compilations/modplanet/normal/cd1/pc artists A-M/garrapatrackers/GDJ_DUCK.XM
file music-module	mirrors/scenesp.org/compilations/modplanet/normal/cd1/pc artists A-M/garrapatrackers/GDJ_FUNK.XM	469.48K	compilations/modplanet/normal/cd1/pc artists A-M/garrapatrackers/GDJ_FUNK.XM
file music-module	mirrors/scenesp.org/compilations/modplanet/normal/cd1/pc artists A-M/garrapatrackers/GDJ_MYST.XM	800.74K	compilations/modplanet/normal/cd1/pc artists A-M/garrapatrackers/GDJ_MYST.XM
file music-module	mirrors/scenesp.org/compilations/modplanet/normal/cd1/pc artists A-M/garrapatrackers/GDJ_PIT.XM	163.73K	compilations/modplanet/normal/cd1/pc artists A-M/garrapatrackers/GDJ_PIT.XM
file music-module	mirrors/scenesp.org/compilations/modplanet/normal/cd1/pc artists A-M/garrapatrackers/GDJ_POWE.XM	3.31M	compilations/modplanet/normal/cd1/pc artists A-M/garrapatrackers/GDJ_POWE.XM
file music-module	mirrors/scenesp.org/compilations/modplanet/normal/cd1/pc artists A-M/garrapatrackers/GDJ_WARA.XM	1.76M	compilations/modplanet/normal/cd1/pc artists A-M/garrapatrackers/GDJ_WARA.XM
file music-module	mirrors/scenesp.org/compilations/modplanet/normal/cd1/pc artists A-M/garrapatrackers/KIWOO.XM	595.33K	compilations/modplanet/normal/cd1/pc artists A-M/garrapatrackers/KIWOO.XM
file music-module	mirrors/scenesp.org/compilations/modplanet/normal/cd1/pc artists A-M/garrapatrackers/LER_BPSM.XM	34.95K	compilations/modplanet/normal/cd1/pc artists A-M/garrapatrackers/LER_BPSM.XM
file music-module	mirrors/scenesp.org/compilations/modplanet/normal/cd1/pc artists A-M/garrapatrackers/LER_CONJ.XM	947.88K	compilations/modplanet/normal/cd1/pc artists A-M/garrapatrackers/LER_CONJ.XM
file music-module	mirrors/scenesp.org/compilations/modplanet/normal/cd1/pc artists A-M/garrapatrackers/LER_SHRR.XM	26.51K	compilations/modplanet/normal/cd1/pc artists A-M/garrapatrackers/LER_SHRR.XM
file music-module	mirrors/scenesp.org/compilations/modplanet/normal/cd1/pc artists A-M/garrapatrackers/ler_16cr.xm	52.64K	compilations/modplanet/normal/cd1/pc artists A-M/garrapatrackers/ler_16cr.xm
file music-module	mirrors/scenesp.org/compilations/modplanet/normal/cd1/pc artists A-M/garrapatrackers/ler_micr.xm	25.03K	compilations/modplanet/normal/cd1/pc artists A-M/garrapatrackers/ler_micr.xm
file music-module	mirrors/scenesp.org/compilations/modplanet/normal/cd1/pc artists A-M/garrapatrackers/ler_nebu.xm	1.20M	compilations/modplanet/normal/cd1/pc artists A-M/garrapatrackers/ler_nebu.xm
file music-module	mirrors/scenesp.org/compilations/modplanet/normal/cd1/pc artists A-M/garrapatrackers/MERIOH'.XM	1.50M	compilations/modplanet/normal/cd1/pc artists A-M/garrapatrackers/MERIOH'.XM
file music-module	mirrors/scenesp.org/compilations/modplanet/normal/cd1/pc artists A-M/garrapatrackers/MIKRAINE.XM	784.93K	compilations/modplanet/normal/cd1/pc artists A-M/garrapatrackers/MIKRAINE.XM
file music-module	mirrors/scenesp.org/compilations/modplanet/normal/cd1/pc artists A-M/garrapatrackers/NAR_ANAW.XM	2.10M	compilations/modplanet/normal/cd1/pc artists A-M/garrapatrackers/NAR_ANAW.XM
file music-module	mirrors/scenesp.org/compilations/modplanet/normal/cd1/pc artists A-M/garrapatrackers/NAR_RITU.XM	1.42M	compilations/modplanet/normal/cd1/pc artists A-M/garrapatrackers/NAR_RITU.XM
file music-module	mirrors/scenesp.org/compilations/modplanet/normal/cd1/pc artists A-M/garrapatrackers/NEOZONO.XM	1.17M	compilations/modplanet/normal/cd1/pc artists A-M/garrapatrackers/NEOZONO.XM
file music-module	mirrors/scenesp.org/compilations/modplanet/normal/cd1/pc artists A-M/garrapatrackers/nar_4000.xm	39.06K	compilations/modplanet/normal/cd1/pc artists A-M/garrapatrackers/nar_4000.xm
file music-module	mirrors/scenesp.org/compilations/modplanet/normal/cd1/pc artists A-M/garrapatrackers/nar_burr.xm	22.45K	compilations/modplanet/normal/cd1/pc artists A-M/garrapatrackers/nar_burr.xm
file music-module	mirrors/scenesp.org/compilations/modplanet/normal/cd1/pc artists A-M/hyunkel/PALLO.XM	496.02K	compilations/modplanet/normal/cd1/pc artists A-M/hyunkel/PALLO.XM
file music-module	mirrors/scenesp.org/compilations/modplanet/normal/cd1/pc artists A-M/hyunkel/RUSH.XM	556.38K	compilations/modplanet/normal/cd1/pc artists A-M/hyunkel/RUSH.XM
file music-module	mirrors/scenesp.org/compilations/modplanet/normal/cd1/pc artists A-M/jm/CHIPOSO2.XM	25.26K	compilations/modplanet/normal/cd1/pc artists A-M/jm/CHIPOSO2.XM
file music-module	mirrors/scenesp.org/compilations/modplanet/normal/cd1/pc artists A-M/jm/PRUEBA19.XM	394.31K	compilations/modplanet/normal/cd1/pc artists A-M/jm/PRUEBA19.XM
file music-module	mirrors/scenesp.org/compilations/modplanet/normal/cd1/pc artists A-M/joice/AUTOMAT.XM	1.75M	compilations/modplanet/normal/cd1/pc artists A-M/joice/AUTOMAT.XM
file music-module	mirrors/scenesp.org/compilations/modplanet/normal/cd1/pc artists A-M/joice/JOICE_TF.XM	1.23M	compilations/modplanet/normal/cd1/pc artists A-M/joice/JOICE_TF.XM
file music-module	mirrors/scenesp.org/compilations/modplanet/normal/cd1/pc artists A-M/joice/JOICE_TWIYM.XM	1.07M	compilations/modplanet/normal/cd1/pc artists A-M/joice/JOICE_TWIYM.XM
file music-module	mirrors/scenesp.org/compilations/modplanet/normal/cd1/pc artists A-M/joice/MEKKON.XM	1.62M	compilations/modplanet/normal/cd1/pc artists A-M/joice/MEKKON.XM
file music-module	mirrors/scenesp.org/compilations/modplanet/normal/cd1/pc artists A-M/joice/technodr.XM	1.05M	compilations/modplanet/normal/cd1/pc artists A-M/joice/technodr.XM
file music-module	mirrors/scenesp.org/compilations/modplanet/normal/cd1/pc artists A-M/josss/chips/JOS-2PIR.XM	25.98K	compilations/modplanet/normal/cd1/pc artists A-M/josss/chips/JOS-2PIR.XM
file music-module	mirrors/scenesp.org/compilations/modplanet/normal/cd1/pc artists A-M/josss/chips/JOS-DR4K.XM	3.96K	compilations/modplanet/normal/cd1/pc artists A-M/josss/chips/JOS-DR4K.XM
file music-module	mirrors/scenesp.org/compilations/modplanet/normal/cd1/pc artists A-M/josss/chips/JOS-DUAL.XM	40.96K	compilations/modplanet/normal/cd1/pc artists A-M/josss/chips/JOS-DUAL.XM
file music-module	mirrors/scenesp.org/compilations/modplanet/normal/cd1/pc artists A-M/josss/chips/JOS-MDLR.XM	37.26K	compilations/modplanet/normal/cd1/pc artists A-M/josss/chips/JOS-MDLR.XM
file music-module	mirrors/scenesp.org/compilations/modplanet/normal/cd1/pc artists A-M/josss/chips/JOS-SSIN.XM	31.00K	compilations/modplanet/normal/cd1/pc artists A-M/josss/chips/JOS-SSIN.XM
file music-module	mirrors/scenesp.org/compilations/modplanet/normal/cd1/pc artists A-M/josss/chips/Jos-4Eve.xm	3.99K	compilations/modplanet/normal/cd1/pc artists A-M/josss/chips/Jos-4Eve.xm
file music-module	mirrors/scenesp.org/compilations/modplanet/normal/cd1/pc artists A-M/josss/chips/Jos-hurd.xm	11.15K	compilations/modplanet/normal/cd1/pc artists A-M/josss/chips/Jos-hurd.xm
file music-module	mirrors/scenesp.org/compilations/modplanet/normal/cd1/pc artists A-M/josss/chips/Jos-mini.xm	1.43K	compilations/modplanet/normal/cd1/pc artists A-M/josss/chips/Jos-mini.xm
file music-module	mirrors/scenesp.org/compilations/modplanet/normal/cd1/pc artists A-M/josss/chips/Jos-Yr_HMMM.XM	10.00K	compilations/modplanet/normal/cd1/pc artists A-M/josss/chips/Jos-Yr_HMMM.XM
file music-module	mirrors/scenesp.org/compilations/modplanet/normal/cd1/pc artists A-M/josss/chips/Josss - Billie Jean.xm	30.27K	compilations/modplanet/normal/cd1/pc artists A-M/josss/chips/Josss - Billie Jean.xm
file music-module	mirrors/scenesp.org/compilations/modplanet/normal/cd1/pc artists A-M/josss/chips/Josss - Fuck da Ripper.xm	41.88K	compilations/modplanet/normal/cd1/pc artists A-M/josss/chips/Josss - Fuck da Ripper.xm
file music-module	mirrors/scenesp.org/compilations/modplanet/normal/cd1/pc artists A-M/josss/chips/Josss - Happynext.xm	31.88K	compilations/modplanet/normal/cd1/pc artists A-M/josss/chips/Josss - Happynext.xm
file music-module	mirrors/scenesp.org/compilations/modplanet/normal/cd1/pc artists A-M/josss/chips/Josss - Indefection.xm	4.00K	compilations/modplanet/normal/cd1/pc artists A-M/josss/chips/Josss - Indefection.xm
file music-module	mirrors/scenesp.org/compilations/modplanet/normal/cd1/pc artists A-M/josss/mods/Jos-prpl.xm	366.77K	compilations/modplanet/normal/cd1/pc artists A-M/josss/mods/Jos-prpl.xm
file music-module	mirrors/scenesp.org/compilations/modplanet/normal/cd1/pc artists A-M/josss/the beginning series/Jos-htec_Beginning Series 8.xm	332.15K	compilations/modplanet/normal/cd1/pc artists A-M/josss/the beginning series/Jos-htec_Beginning Series 8.xm
file music-module	mirrors/scenesp.org/compilations/modplanet/normal/cd1/pc artists A-M/josss/the beginning series/Jos-mtrp_Beginning Series 7.xm	368.85K	compilations/modplanet/normal/cd1/pc artists A-M/josss/the beginning series/Jos-mtrp_Beginning Series 7.xm
file music-module	mirrors/scenesp.org/compilations/modplanet/normal/cd1/pc artists A-M/josss/xm/JOS-ANDR.XM	1.48M	compilations/modplanet/normal/cd1/pc artists A-M/josss/xm/JOS-ANDR.XM
file music-module	mirrors/scenesp.org/compilations/modplanet/normal/cd1/pc artists A-M/josss/xm/JOS-EPIC.XM	1.15M	compilations/modplanet/normal/cd1/pc artists A-M/josss/xm/JOS-EPIC.XM
file music-module	mirrors/scenesp.org/compilations/modplanet/normal/cd1/pc artists A-M/josss/xm/JOS-ETXE.XM	215.21K	compilations/modplanet/normal/cd1/pc artists A-M/josss/xm/JOS-ETXE.XM
file music-module	mirrors/scenesp.org/compilations/modplanet/normal/cd1/pc artists A-M/josss/xm/JOS-HVTR.XM	466.42K	compilations/modplanet/normal/cd1/pc artists A-M/josss/xm/JOS-HVTR.XM
file music-module	mirrors/scenesp.org/compilations/modplanet/normal/cd1/pc artists A-M/josss/xm/JOS-IMPR.XM	473.98K	compilations/modplanet/normal/cd1/pc artists A-M/josss/xm/JOS-IMPR.XM
file music-module	mirrors/scenesp.org/compilations/modplanet/normal/cd1/pc artists A-M/josss/xm/JOS-JMBO.XM	437.88K	compilations/modplanet/normal/cd1/pc artists A-M/josss/xm/JOS-JMBO.XM
file music-module	mirrors/scenesp.org/compilations/modplanet/normal/cd1/pc artists A-M/josss/xm/JOS-JZNR.XM	877.90K	compilations/modplanet/normal/cd1/pc artists A-M/josss/xm/JOS-JZNR.XM
file music-module	mirrors/scenesp.org/compilations/modplanet/normal/cd1/pc artists A-M/josss/xm/JOS-LOKO.XM	144.73K	compilations/modplanet/normal/cd1/pc artists A-M/josss/xm/JOS-LOKO.XM
file music-module	mirrors/scenesp.org/compilations/modplanet/normal/cd1/pc artists A-M/josss/xm/JOS-LOVE.XM	289.53K	compilations/modplanet/normal/cd1/pc artists A-M/josss/xm/JOS-LOVE.XM
file music-module	mirrors/scenesp.org/compilations/modplanet/normal/cd1/pc artists A-M/josss/xm/JOS-MBCH.XM	2.17M	compilations/modplanet/normal/cd1/pc artists A-M/josss/xm/JOS-MBCH.XM
file music-module	mirrors/scenesp.org/compilations/modplanet/normal/cd1/pc artists A-M/josss/xm/JOS-MLNM.XM	386.87K	compilations/modplanet/normal/cd1/pc artists A-M/josss/xm/JOS-MLNM.XM
file music-module	mirrors/scenesp.org/compilations/modplanet/normal/cd1/pc artists A-M/josss/xm/JOS-PBOX.XM	712.88K	compilations/modplanet/normal/cd1/pc artists A-M/josss/xm/JOS-PBOX.XM
file music-module	mirrors/scenesp.org/compilations/modplanet/normal/cd1/pc artists A-M/josss/xm/JOS-RMNC.XM	329.66K	compilations/modplanet/normal/cd1/pc artists A-M/josss/xm/JOS-RMNC.XM
file music-module	mirrors/scenesp.org/compilations/modplanet/normal/cd1/pc artists A-M/josss/xm/JOS-SMMR.XM	562.06K	compilations/modplanet/normal/cd1/pc artists A-M/josss/xm/JOS-SMMR.XM
file music-module	mirrors/scenesp.org/compilations/modplanet/normal/cd1/pc artists A-M/josss/xm/JOS-SWTG.XM	148.70K	compilations/modplanet/normal/cd1/pc artists A-M/josss/xm/JOS-SWTG.XM
file music-module	mirrors/scenesp.org/compilations/modplanet/normal/cd1/pc artists A-M/josss/xm/JOS-UNIV.XM	501.00K	compilations/modplanet/normal/cd1/pc artists A-M/josss/xm/JOS-UNIV.XM
file music-module	mirrors/scenesp.org/compilations/modplanet/normal/cd1/pc artists A-M/josss/xm/JOS-VIG1.XM	916.38K	compilations/modplanet/normal/cd1/pc artists A-M/josss/xm/JOS-VIG1.XM
file music-module	mirrors/scenesp.org/compilations/modplanet/normal/cd1/pc artists A-M/josss/xm/Jos-angl.xm	1.10M	compilations/modplanet/normal/cd1/pc artists A-M/josss/xm/Jos-angl.xm
file music-module	mirrors/scenesp.org/compilations/modplanet/normal/cd1/pc artists A-M/josss/xm/Jos-aprl.xm	2.43M	compilations/modplanet/normal/cd1/pc artists A-M/josss/xm/Jos-aprl.xm
file music-module	mirrors/scenesp.org/compilations/modplanet/normal/cd1/pc artists A-M/josss/xm/Jos-bin.xm	927.76K	compilations/modplanet/normal/cd1/pc artists A-M/josss/xm/Jos-bin.xm
file music-module	mirrors/scenesp.org/compilations/modplanet/normal/cd1/pc artists A-M/josss/xm/Jos-crhr.xm	436.68K	compilations/modplanet/normal/cd1/pc artists A-M/josss/xm/Jos-crhr.xm
file music-module	mirrors/scenesp.org/compilations/modplanet/normal/cd1/pc artists A-M/josss/xm/Jos-dlrm.xm	374.51K	compilations/modplanet/normal/cd1/pc artists A-M/josss/xm/Jos-dlrm.xm
file music-module	mirrors/scenesp.org/compilations/modplanet/normal/cd1/pc artists A-M/josss/xm/Jos-drmm.xm	825.11K	compilations/modplanet/normal/cd1/pc artists A-M/josss/xm/Jos-drmm.xm
file music-module	mirrors/scenesp.org/compilations/modplanet/normal/cd1/pc artists A-M/josss/xm/Jos-flng.xm	713.24K	compilations/modplanet/normal/cd1/pc artists A-M/josss/xm/Jos-flng.xm
file music-module	mirrors/scenesp.org/compilations/modplanet/normal/cd1/pc artists A-M/josss/xm/Jos-Hrlq.xm	126.29K	compilations/modplanet/normal/cd1/pc artists A-M/josss/xm/Jos-Hrlq.xm
file music-module	mirrors/scenesp.org/compilations/modplanet/normal/cd1/pc artists A-M/josss/xm/Jos-mgnt_Gate.xm	1.33M	compilations/modplanet/normal/cd1/pc artists A-M/josss/xm/Jos-mgnt_Gate.xm
file music-module	mirrors/scenesp.org/compilations/modplanet/normal/cd1/pc artists A-M/josss/xm/Jos-Nostromo.xm	1.04M	compilations/modplanet/normal/cd1/pc artists A-M/josss/xm/Jos-Nostromo.xm
file music-module	mirrors/scenesp.org/compilations/modplanet/normal/cd1/pc artists A-M/marathon-man/DIGITAL.XM	231.30K	compilations/modplanet/normal/cd1/pc artists A-M/marathon-man/DIGITAL.XM
file music-module	mirrors/scenesp.org/compilations/modplanet/normal/cd1/pc artists A-M/marathon-man/DIGITAL2.XM	298.68K	compilations/modplanet/normal/cd1/pc artists A-M/marathon-man/DIGITAL2.XM
file music-module	mirrors/scenesp.org/compilations/modplanet/normal/cd1/pc artists A-M/marathon-man/DIGITAL3.XM	398.97K	compilations/modplanet/normal/cd1/pc artists A-M/marathon-man/DIGITAL3.XM
file music-module	mirrors/scenesp.org/compilations/modplanet/normal/cd1/pc artists A-M/marathon-man/KNOCKALB.XM	197.99K	compilations/modplanet/normal/cd1/pc artists A-M/marathon-man/KNOCKALB.XM
file music-module	mirrors/scenesp.org/compilations/modplanet/normal/cd1/pc artists A-M/marathon-man/NOVICE8.XM	209.48K	compilations/modplanet/normal/cd1/pc artists A-M/marathon-man/NOVICE8.XM
file music-module	mirrors/scenesp.org/compilations/modplanet/normal/cd1/pc artists A-M/marathon-man/SATURN2.XM	265.45K	compilations/modplanet/normal/cd1/pc artists A-M/marathon-man/SATURN2.XM
file music-module	mirrors/scenesp.org/compilations/modplanet/normal/cd1/pc artists A-M/marathon-man/SATURN3.XM	197.01K	compilations/modplanet/normal/cd1/pc artists A-M/marathon-man/SATURN3.XM
file music-module	mirrors/scenesp.org/compilations/modplanet/normal/cd1/pc artists A-M/marathon-man/SATURNII.XM	230.22K	compilations/modplanet/normal/cd1/pc artists A-M/marathon-man/SATURNII.XM
file music-module	mirrors/scenesp.org/compilations/modplanet/normal/cd1/pc artists A-M/maverick/MAV_CELT.XM	1.06M	compilations/modplanet/normal/cd1/pc artists A-M/maverick/MAV_CELT.XM
file music-module	mirrors/scenesp.org/compilations/modplanet/normal/cd1/pc artists A-M/maverick/THE_EYES.XM	1.30M	compilations/modplanet/normal/cd1/pc artists A-M/maverick/THE_EYES.XM
file music-module	mirrors/scenesp.org/compilations/modplanet/normal/cd1/pc artists A-M/mentat/HYPNO001.XM	599.87K	compilations/modplanet/normal/cd1/pc artists A-M/mentat/HYPNO001.XM
file music-module	mirrors/scenesp.org/compilations/modplanet/normal/cd1/pc artists A-M/mentat/M-CHLDRN.XM	0.99M	compilations/modplanet/normal/cd1/pc artists A-M/mentat/M-CHLDRN.XM
file music-module	mirrors/scenesp.org/compilations/modplanet/normal/cd2/demodulate/pc demos/21st century digital boy by spanish lords.xm	0.96M	compilations/modplanet/normal/cd2/demodulate/pc demos/21st century digital boy by spanish lords.xm
file music-module	mirrors/scenesp.org/compilations/modplanet/normal/cd2/demodulate/pc demos/aicme by savage.xm	940.71K	compilations/modplanet/normal/cd2/demodulate/pc demos/aicme by savage.xm
file music-module	mirrors/scenesp.org/compilations/modplanet/normal/cd2/demodulate/pc demos/antichrist by wavemasters.xm	1.75M	compilations/modplanet/normal/cd2/demodulate/pc demos/antichrist by wavemasters.xm
file music-module	mirrors/scenesp.org/compilations/modplanet/normal/cd2/demodulate/pc demos/arroutada9 invtro by centosis.xm	262.43K	compilations/modplanet/normal/cd2/demodulate/pc demos/arroutada9 invtro by centosis.xm
file music-module	mirrors/scenesp.org/compilations/modplanet/normal/cd2/demodulate/pc demos/chanka of time by chanka.xm	1.31M	compilations/modplanet/normal/cd2/demodulate/pc demos/chanka of time by chanka.xm
file music-module	mirrors/scenesp.org/compilations/modplanet/normal/cd2/demodulate/pc demos/comeback by base.xm	7.89K	compilations/modplanet/normal/cd2/demodulate/pc demos/comeback by base.xm
file music-module	mirrors/scenesp.org/compilations/modplanet/normal/cd2/demodulate/pc demos/como el cangrejo by tlotb.xm	518.96K	compilations/modplanet/normal/cd2/demodulate/pc demos/como el cangrejo by tlotb.xm
file music-module	mirrors/scenesp.org/compilations/modplanet/normal/cd2/demodulate/pc demos/dawn by chanka.xm	374.92K	compilations/modplanet/normal/cd2/demodulate/pc demos/dawn by chanka.xm
file music-module	mirrors/scenesp.org/compilations/modplanet/normal/cd2/demodulate/pc demos/durango party 1 invtro by rgba.xm	675.19K	compilations/modplanet/normal/cd2/demodulate/pc demos/durango party 1 invtro by rgba.xm
file music-module	mirrors/scenesp.org/compilations/modplanet/normal/cd2/demodulate/pc demos/dusk by savage.xm	167.36K	compilations/modplanet/normal/cd2/demodulate/pc demos/dusk by savage.xm
file music-module	mirrors/scenesp.org/compilations/modplanet/normal/cd2/demodulate/pc demos/euskal 9 invtro by chanka.xm	579.87K	compilations/modplanet/normal/cd2/demodulate/pc demos/euskal 9 invtro by chanka.xm
file music-module	mirrors/scenesp.org/compilations/modplanet/normal/cd2/demodulate/pc demos/euskal party 10 invtro by concept.xm	90.86K	compilations/modplanet/normal/cd2/demodulate/pc demos/euskal party 10 invtro by concept.xm
file music-module	mirrors/scenesp.org/compilations/modplanet/normal/cd2/demodulate/pc demos/euskal party 6 invtro by mcd.xm	878.83K	compilations/modplanet/normal/cd2/demodulate/pc demos/euskal party 6 invtro by mcd.xm
file music-module	mirrors/scenesp.org/compilations/modplanet/normal/cd2/demodulate/pc demos/exodus by dosis.xm	161.97K	compilations/modplanet/normal/cd2/demodulate/pc demos/exodus by dosis.xm
file music-module	mirrors/scenesp.org/compilations/modplanet/normal/cd2/demodulate/pc demos/fallasparty00 invtro by wild bits.xm	551.72K	compilations/modplanet/normal/cd2/demodulate/pc demos/fallasparty00 invtro by wild bits.xm
file music-module	mirrors/scenesp.org/compilations/modplanet/normal/cd2/demodulate/pc demos/flying the matrix by kernel panik.xm	960.48K	compilations/modplanet/normal/cd2/demodulate/pc demos/flying the matrix by kernel panik.xm
file music-module	mirrors/scenesp.org/compilations/modplanet/normal/cd2/demodulate/pc demos/fucking version by kernel panik.xm	912.46K	compilations/modplanet/normal/cd2/demodulate/pc demos/fucking version by kernel panik.xm
file music-module	mirrors/scenesp.org/compilations/modplanet/normal/cd2/demodulate/pc demos/helloworld by hexeter.xm	51.26K	compilations/modplanet/normal/cd2/demodulate/pc demos/helloworld by hexeter.xm
file music-module	mirrors/scenesp.org/compilations/modplanet/normal/cd2/demodulate/pc demos/human life by gods maze.xm	2.58M	compilations/modplanet/normal/cd2/demodulate/pc demos/human life by gods maze.xm
file music-module	mirrors/scenesp.org/compilations/modplanet/normal/cd2/demodulate/pc demos/hypnotic by exobit.xm	599.95K	compilations/modplanet/normal/cd2/demodulate/pc demos/hypnotic by exobit.xm
file music-module	mirrors/scenesp.org/compilations/modplanet/normal/cd2/demodulate/pc demos/inrush by the cucmakers.xm	556.38K	compilations/modplanet/normal/cd2/demodulate/pc demos/inrush by the cucmakers.xm
file music-module	mirrors/scenesp.org/compilations/modplanet/normal/cd2/demodulate/pc demos/inshalus by null.xm	1.45M	compilations/modplanet/normal/cd2/demodulate/pc demos/inshalus by null.xm
file music-module	mirrors/scenesp.org/compilations/modplanet/normal/cd2/demodulate/pc demos/kron by hansa.xm	1.23M	compilations/modplanet/normal/cd2/demodulate/pc demos/kron by hansa.xm
file music-module	mirrors/scenesp.org/compilations/modplanet/normal/cd2/demodulate/pc demos/locomotion by tcm.xm	898.25K	compilations/modplanet/normal/cd2/demodulate/pc demos/locomotion by tcm.xm
file music-module	mirrors/scenesp.org/compilations/modplanet/normal/cd2/demodulate/pc demos/mayhem 1 by incognita.xm	759.88K	compilations/modplanet/normal/cd2/demodulate/pc demos/mayhem 1 by incognita.xm
file music-module	mirrors/scenesp.org/compilations/modplanet/normal/cd2/demodulate/pc demos/mayhem 2 by incognita.xm	515.76K	compilations/modplanet/normal/cd2/demodulate/pc demos/mayhem 2 by incognita.xm
file music-module	mirrors/scenesp.org/compilations/modplanet/normal/cd2/demodulate/pc demos/never more by centolos and dosis.xm	102.14K	compilations/modplanet/normal/cd2/demodulate/pc demos/never more by centolos and dosis.xm
file music-module	mirrors/scenesp.org/compilations/modplanet/normal/cd2/demodulate/pc demos/ngon 1 by senco.xm	1.02M	compilations/modplanet/normal/cd2/demodulate/pc demos/ngon 1 by senco.xm
file music-module	mirrors/scenesp.org/compilations/modplanet/normal/cd2/demodulate/pc demos/ngon 2 by senco.xm	230.07K	compilations/modplanet/normal/cd2/demodulate/pc demos/ngon 2 by senco.xm
file music-module	mirrors/scenesp.org/compilations/modplanet/normal/cd2/demodulate/pc demos/no form by requiem.xm	875.25K	compilations/modplanet/normal/cd2/demodulate/pc demos/no form by requiem.xm
file music-module	mirrors/scenesp.org/compilations/modplanet/normal/cd2/demodulate/pc demos/novice level by mcd.xm	117.30K	compilations/modplanet/normal/cd2/demodulate/pc demos/novice level by mcd.xm
file music-module	mirrors/scenesp.org/compilations/modplanet/normal/cd2/demodulate/pc demos/overdose by centolos and dosis.xm	248.77K	compilations/modplanet/normal/cd2/demodulate/pc demos/overdose by centolos and dosis.xm
file music-module	mirrors/scenesp.org/compilations/modplanet/normal/cd2/demodulate/pc demos/pallo perox 9 by the cuc makers.xm	496.02K	compilations/modplanet/normal/cd2/demodulate/pc demos/pallo perox 9 by the cuc makers.xm
file music-module	mirrors/scenesp.org/compilations/modplanet/normal/cd2/demodulate/pc demos/rad by incognita.xm	0.99M	compilations/modplanet/normal/cd2/demodulate/pc demos/rad by incognita.xm
file music-module	mirrors/scenesp.org/compilations/modplanet/normal/cd2/demodulate/pc demos/revenge by base.xm	243.23K	compilations/modplanet/normal/cd2/demodulate/pc demos/revenge by base.xm
file music-module	mirrors/scenesp.org/compilations/modplanet/normal/cd2/demodulate/pc demos/rot by dosis.xm	185.77K	compilations/modplanet/normal/cd2/demodulate/pc demos/rot by dosis.xm
file music-module	mirrors/scenesp.org/compilations/modplanet/normal/cd2/demodulate/pc demos/santatro by centosis.xm	492.44K	compilations/modplanet/normal/cd2/demodulate/pc demos/santatro by centosis.xm
file music-module	mirrors/scenesp.org/compilations/modplanet/normal/cd2/demodulate/pc demos/sh2o4 by tlotb.XM	421.03K	compilations/modplanet/normal/cd2/demodulate/pc demos/sh2o4 by tlotb.XM
file music-module	mirrors/scenesp.org/compilations/modplanet/normal/cd2/demodulate/pc demos/sheer heartk attack by tlotb.xm	778.40K	compilations/modplanet/normal/cd2/demodulate/pc demos/sheer heartk attack by tlotb.xm
file music-module	mirrors/scenesp.org/compilations/modplanet/normal/cd2/demodulate/pc demos/stimulation saturation by unknown.xm	421.22K	compilations/modplanet/normal/cd2/demodulate/pc demos/stimulation saturation by unknown.xm
file music-module	mirrors/scenesp.org/compilations/modplanet/normal/cd2/demodulate/pc demos/taboadas 98 invtro by dosis.xm	75.99K	compilations/modplanet/normal/cd2/demodulate/pc demos/taboadas 98 invtro by dosis.xm
file music-module	mirrors/scenesp.org/compilations/modplanet/normal/cd2/demodulate/pc demos/webber 1 by wild bits.xm	1.20M	compilations/modplanet/normal/cd2/demodulate/pc demos/webber 1 by wild bits.xm
file music-module	mirrors/scenesp.org/compilations/modplanet/normal/cd2/demodulate/pc demos/webber 2 by wild bits.xm	429.61K	compilations/modplanet/normal/cd2/demodulate/pc demos/webber 2 by wild bits.xm
file music-module	mirrors/scenesp.org/compilations/modplanet/normal/cd2/demodulate/pc demos/womb by dosis and centolos.xm	343.45K	compilations/modplanet/normal/cd2/demodulate/pc demos/womb by dosis and centolos.xm
file music-module	mirrors/scenesp.org/compilations/modplanet/normal/cd2/demodulate/pc diskmags/ceibe%232 2 by centosis.xm	142.54K	compilations/modplanet/normal/cd2/demodulate/pc diskmags/ceibe%232 2 by centosis.xm
file music-module	mirrors/scenesp.org/compilations/modplanet/normal/cd2/demodulate/pc diskmags/exilium%231 by sliders.xm	487.61K	compilations/modplanet/normal/cd2/demodulate/pc diskmags/exilium%231 by sliders.xm
file music-module	mirrors/scenesp.org/compilations/modplanet/normal/cd2/demodulate/pc intros/00 by tcm.xm	31.43K	compilations/modplanet/normal/cd2/demodulate/pc intros/00 by tcm.xm
file music-module	mirrors/scenesp.org/compilations/modplanet/normal/cd2/demodulate/pc intros/cocain by phymosis.xm	73.37K	compilations/modplanet/normal/cd2/demodulate/pc intros/cocain by phymosis.xm
file music-module	mirrors/scenesp.org/compilations/modplanet/normal/cd2/demodulate/pc intros/djobsession by nova.xm	57.55K	compilations/modplanet/normal/cd2/demodulate/pc intros/djobsession by nova.xm
file music-module	mirrors/scenesp.org/compilations/modplanet/normal/cd2/demodulate/pc intros/fake2 by zipi, zape, zepo.xm	34.49K	compilations/modplanet/normal/cd2/demodulate/pc intros/fake2 by zipi, zape, zepo.xm
file music-module	mirrors/scenesp.org/compilations/modplanet/normal/cd2/demodulate/pc intros/hollow by dsk.xm	27.91K	compilations/modplanet/normal/cd2/demodulate/pc intros/hollow by dsk.xm
file music-module	mirrors/scenesp.org/compilations/modplanet/normal/cd2/demodulate/pc intros/life by glue.xm	26.57K	compilations/modplanet/normal/cd2/demodulate/pc intros/life by glue.xm
file music-module	mirrors/scenesp.org/compilations/modplanet/normal/cd2/demodulate/pc intros/octopussy to the party by centolos.xm	29.95K	compilations/modplanet/normal/cd2/demodulate/pc intros/octopussy to the party by centolos.xm
file music-module	mirrors/scenesp.org/compilations/modplanet/normal/cd2/demodulate/pc intros/physikaine by chanka team.xm	973.24K	compilations/modplanet/normal/cd2/demodulate/pc intros/physikaine by chanka team.xm
file music-module	mirrors/scenesp.org/compilations/modplanet/normal/cd2/demodulate/pc intros/rare by genesis.xm	32.71K	compilations/modplanet/normal/cd2/demodulate/pc intros/rare by genesis.xm
file music-module	mirrors/scenesp.org/compilations/modplanet/normal/cd2/demodulate/pc intros/rexakka by chanka.xm	58.31K	compilations/modplanet/normal/cd2/demodulate/pc intros/rexakka by chanka.xm
file music-module	mirrors/scenesp.org/compilations/modplanet/normal/cd2/demodulate/pc intros/white sense by solstice.xm	71.64K	compilations/modplanet/normal/cd2/demodulate/pc intros/white sense by solstice.xm
file music-module	mirrors/scenesp.org/compilations/modplanet/normal/cd2/demodulate/pc intros/www by tcm.xm	41.16K	compilations/modplanet/normal/cd2/demodulate/pc intros/www by tcm.xm
file music-module	mirrors/scenesp.org/compilations/modplanet/normal/cd2/misc/chipcorner/BK-21NWU.XM	47.03K	compilations/modplanet/normal/cd2/misc/chipcorner/BK-21NWU.XM
file music-module	mirrors/scenesp.org/compilations/modplanet/normal/cd2/misc/chipcorner/DB_CHP12.XM	28.62K	compilations/modplanet/normal/cd2/misc/chipcorner/DB_CHP12.XM
file music-module	mirrors/scenesp.org/compilations/modplanet/normal/cd2/misc/chipcorner/DB_CHP16.XM	17.80K	compilations/modplanet/normal/cd2/misc/chipcorner/DB_CHP16.XM
file music-module	mirrors/scenesp.org/compilations/modplanet/normal/cd2/misc/chipcorner/db_chp15.xm	31.17K	compilations/modplanet/normal/cd2/misc/chipcorner/db_chp15.xm
file music-module	mirrors/scenesp.org/compilations/modplanet/normal/cd2/misc/chipcorner/LER_BPSM.XM	34.95K	compilations/modplanet/normal/cd2/misc/chipcorner/LER_BPSM.XM
file music-module	mirrors/scenesp.org/compilations/modplanet/normal/cd2/misc/chipcorner/LER_SHRR.XM	26.51K	compilations/modplanet/normal/cd2/misc/chipcorner/LER_SHRR.XM
file music-module	mirrors/scenesp.org/compilations/modplanet/normal/cd2/misc/chipcorner/ler_16cr.xm	52.64K	compilations/modplanet/normal/cd2/misc/chipcorner/ler_16cr.xm
file music-module	mirrors/scenesp.org/compilations/modplanet/normal/cd2/misc/chipcorner/ler_micr.xm	25.03K	compilations/modplanet/normal/cd2/misc/chipcorner/ler_micr.xm
file music-module	mirrors/scenesp.org/compilations/modplanet/normal/cd2/misc/chipcorner/nar_4000.xm	39.06K	compilations/modplanet/normal/cd2/misc/chipcorner/nar_4000.xm
file music-module	mirrors/scenesp.org/compilations/modplanet/normal/cd2/misc/chipcorner/nar_burr.xm	22.45K	compilations/modplanet/normal/cd2/misc/chipcorner/nar_burr.xm
file music-module	mirrors/scenesp.org/compilations/modplanet/normal/cd2/misc/future music/DX_TTI2.XM	948.99K	compilations/modplanet/normal/cd2/misc/future music/DX_TTI2.XM
file music-module	mirrors/scenesp.org/compilations/modplanet/normal/cd2/misc/future music/D_BEFOGV.XM	1.64M	compilations/modplanet/normal/cd2/misc/future music/D_BEFOGV.XM
file music-module	mirrors/scenesp.org/compilations/modplanet/normal/cd2/misc/future music/ESTRATOS.XM	596.26K	compilations/modplanet/normal/cd2/misc/future music/ESTRATOS.XM
file music-module	mirrors/scenesp.org/compilations/modplanet/normal/cd2/misc/future music/ET_DREAM.XM	367.14K	compilations/modplanet/normal/cd2/misc/future music/ET_DREAM.XM
file music-module	mirrors/scenesp.org/compilations/modplanet/normal/cd2/misc/future music/EXEGESIS.XM	1.38M	compilations/modplanet/normal/cd2/misc/future music/EXEGESIS.XM
file music-module	mirrors/scenesp.org/compilations/modplanet/normal/cd2/misc/future music/MISTYC.XM	943.52K	compilations/modplanet/normal/cd2/misc/future music/MISTYC.XM
file music-module	mirrors/scenesp.org/compilations/modplanet/normal/cd2/misc/future music/Mt-Hulk03.xm	1.61M	compilations/modplanet/normal/cd2/misc/future music/Mt-Hulk03.xm
file music-module	mirrors/scenesp.org/compilations/modplanet/normal/cd2/misc/future music/Mt-Hulk11.xm	3.24M	compilations/modplanet/normal/cd2/misc/future music/Mt-Hulk11.xm
file music-module	mirrors/scenesp.org/compilations/modplanet/normal/cd2/misc/future music/Mt-hulk07.xm	780.14K	compilations/modplanet/normal/cd2/misc/future music/Mt-hulk07.xm
file music-module	mirrors/scenesp.org/compilations/modplanet/normal/cd2/misc/future music/OPENMIND.XM	2.80M	compilations/modplanet/normal/cd2/misc/future music/OPENMIND.XM
file music-module	mirrors/scenesp.org/compilations/modplanet/normal/cd2/misc/future music/SENSATIO.XM	1.88M	compilations/modplanet/normal/cd2/misc/future music/SENSATIO.XM
file music-module	mirrors/scenesp.org/compilations/modplanet/normal/cd2/misc/future music/SMILEN.XM	2.27M	compilations/modplanet/normal/cd2/misc/future music/SMILEN.XM
file music-module	mirrors/scenesp.org/compilations/modplanet/normal/cd2/music disks/pc/fuzzion - ofFlimitS v1.1 linux/audio/00.xm	31.43K	compilations/modplanet/normal/cd2/music disks/pc/fuzzion - ofFlimitS v1.1 linux/audio/00.xm
file music-module	mirrors/scenesp.org/compilations/modplanet/normal/cd2/music disks/pc/fuzzion - ofFlimitS v1.1 linux/audio/cocain.xm	73.37K	compilations/modplanet/normal/cd2/music disks/pc/fuzzion - ofFlimitS v1.1 linux/audio/cocain.xm
file music-module	mirrors/scenesp.org/compilations/modplanet/normal/cd2/music disks/pc/fuzzion - ofFlimitS v1.1 linux/audio/djobs.xm	57.55K	compilations/modplanet/normal/cd2/music disks/pc/fuzzion - ofFlimitS v1.1 linux/audio/djobs.xm
file music-module	mirrors/scenesp.org/compilations/modplanet/normal/cd2/music disks/pc/fuzzion - ofFlimitS v1.1 linux/audio/fake2.xm	34.49K	compilations/modplanet/normal/cd2/music disks/pc/fuzzion - ofFlimitS v1.1 linux/audio/fake2.xm
file music-module	mirrors/scenesp.org/compilations/modplanet/normal/cd2/music disks/pc/fuzzion - ofFlimitS v1.1 linux/audio/hollow.xm	27.91K	compilations/modplanet/normal/cd2/music disks/pc/fuzzion - ofFlimitS v1.1 linux/audio/hollow.xm
file music-module	mirrors/scenesp.org/compilations/modplanet/normal/cd2/music disks/pc/fuzzion - ofFlimitS v1.1 linux/audio/nk-hipot.xm	32.71K	compilations/modplanet/normal/cd2/music disks/pc/fuzzion - ofFlimitS v1.1 linux/audio/nk-hipot.xm
file music-module	mirrors/scenesp.org/compilations/modplanet/normal/cd2/music disks/pc/fuzzion - ofFlimitS v1.1 linux/audio/octopuss.xm	29.95K	compilations/modplanet/normal/cd2/music disks/pc/fuzzion - ofFlimitS v1.1 linux/audio/octopuss.xm
file music-module	mirrors/scenesp.org/compilations/modplanet/normal/cd2/music disks/pc/fuzzion - ofFlimitS v1.1 linux/audio/physikaine.xm	973.24K	compilations/modplanet/normal/cd2/music disks/pc/fuzzion - ofFlimitS v1.1 linux/audio/physikaine.xm
file music-module	mirrors/scenesp.org/compilations/modplanet/normal/cd2/music disks/pc/fuzzion - ofFlimitS v1.1 linux/audio/www.xm	41.16K	compilations/modplanet/normal/cd2/music disks/pc/fuzzion - ofFlimitS v1.1 linux/audio/www.xm
file music-module	mirrors/scenesp.org/compilations/modplanet/normal/cd2/music disks/pc/fuzzion - ofFlimitS v1.1 linux/audio/v1.2/Live.xm	26.57K	compilations/modplanet/normal/cd2/music disks/pc/fuzzion - ofFlimitS v1.1 linux/audio/v1.2/Live.xm
file music-module	mirrors/scenesp.org/compilations/modplanet/normal/cd2/music disks/pc/fuzzion - ofFlimitS v1.1 win/audio/00.xm	31.43K	compilations/modplanet/normal/cd2/music disks/pc/fuzzion - ofFlimitS v1.1 win/audio/00.xm
file music-module	mirrors/scenesp.org/compilations/modplanet/normal/cd2/music disks/pc/fuzzion - ofFlimitS v1.1 win/audio/cocain.xm	73.37K	compilations/modplanet/normal/cd2/music disks/pc/fuzzion - ofFlimitS v1.1 win/audio/cocain.xm
file music-module	mirrors/scenesp.org/compilations/modplanet/normal/cd2/music disks/pc/fuzzion - ofFlimitS v1.1 win/audio/djobs.xm	57.55K	compilations/modplanet/normal/cd2/music disks/pc/fuzzion - ofFlimitS v1.1 win/audio/djobs.xm
file music-module	mirrors/scenesp.org/compilations/modplanet/normal/cd2/music disks/pc/fuzzion - ofFlimitS v1.1 win/audio/fake2.xm	34.49K	compilations/modplanet/normal/cd2/music disks/pc/fuzzion - ofFlimitS v1.1 win/audio/fake2.xm
file music-module	mirrors/scenesp.org/compilations/modplanet/normal/cd2/music disks/pc/fuzzion - ofFlimitS v1.1 win/audio/hollow.xm	27.91K	compilations/modplanet/normal/cd2/music disks/pc/fuzzion - ofFlimitS v1.1 win/audio/hollow.xm
file music-module	mirrors/scenesp.org/compilations/modplanet/normal/cd2/music disks/pc/fuzzion - ofFlimitS v1.1 win/audio/nk-hipot.xm	32.71K	compilations/modplanet/normal/cd2/music disks/pc/fuzzion - ofFlimitS v1.1 win/audio/nk-hipot.xm
file music-module	mirrors/scenesp.org/compilations/modplanet/normal/cd2/music disks/pc/fuzzion - ofFlimitS v1.1 win/audio/octopuss.xm	29.95K	compilations/modplanet/normal/cd2/music disks/pc/fuzzion - ofFlimitS v1.1 win/audio/octopuss.xm
file music-module	mirrors/scenesp.org/compilations/modplanet/normal/cd2/music disks/pc/fuzzion - ofFlimitS v1.1 win/audio/physikaine.xm	973.24K	compilations/modplanet/normal/cd2/music disks/pc/fuzzion - ofFlimitS v1.1 win/audio/physikaine.xm
file music-module	mirrors/scenesp.org/compilations/modplanet/normal/cd2/music disks/pc/fuzzion - ofFlimitS v1.1 win/audio/www.xm	41.16K	compilations/modplanet/normal/cd2/music disks/pc/fuzzion - ofFlimitS v1.1 win/audio/www.xm
file music-module	mirrors/scenesp.org/compilations/modplanet/normal/cd2/music disks/pc/fuzzion - ofFlimitS v1.1 win/audio/v1.2/life.xm	26.57K	compilations/modplanet/normal/cd2/music disks/pc/fuzzion - ofFlimitS v1.1 win/audio/v1.2/life.xm
file music-module	mirrors/scenesp.org/compilations/modplanet/normal/cd2/music disks/pc/fuzzion - ofFlimitS v1.1 win/audio/v1.2/rexakka.xm	58.31K	compilations/modplanet/normal/cd2/music disks/pc/fuzzion - ofFlimitS v1.1 win/audio/v1.2/rexakka.xm
file music-module	mirrors/scenesp.org/compilations/modplanet/normal/cd2/music disks/pc/modulez - modaddiction%231/modules ripped/Jos-Nostromo.xm	1.04M	compilations/modplanet/normal/cd2/music disks/pc/modulez - modaddiction%231/modules ripped/Jos-Nostromo.xm
file music-module	mirrors/scenesp.org/compilations/modplanet/normal/cd2/music disks/pc/music massage special %23 sml/ancient stories 2/aws_anc2.xm	1.21M	compilations/modplanet/normal/cd2/music disks/pc/music massage special %23 sml/ancient stories 2/aws_anc2.xm
file music-module	mirrors/scenesp.org/compilations/modplanet/normal/cd2/music disks/pc/music massage special %23 sml/celtic days/mav_celt.xm	1.06M	compilations/modplanet/normal/cd2/music disks/pc/music massage special %23 sml/celtic days/mav_celt.xm
file music-module	mirrors/scenesp.org/compilations/modplanet/normal/cd2/music disks/pc/music massage special %23 sml/reflections/fx!-refl.xm	1.53M	compilations/modplanet/normal/cd2/music disks/pc/music massage special %23 sml/reflections/fx!-refl.xm
file music-module	mirrors/scenesp.org/compilations/modplanet/normal/cd2/pc artists N-Z/naiad/GEN-RATE.XM	0.96M	compilations/modplanet/normal/cd2/pc artists N-Z/naiad/GEN-RATE.XM
file music-module	mirrors/scenesp.org/compilations/modplanet/normal/cd2/pc artists N-Z/naiad/worldofv.XM	1.32M	compilations/modplanet/normal/cd2/pc artists N-Z/naiad/worldofv.XM
file music-module	mirrors/scenesp.org/compilations/modplanet/normal/cd2/pc artists N-Z/naif/GREEN_EY.XM	581.24K	compilations/modplanet/normal/cd2/pc artists N-Z/naif/GREEN_EY.XM
file music-module	mirrors/scenesp.org/compilations/modplanet/normal/cd2/pc artists N-Z/naif/KLOPR_VA.XM	163.91K	compilations/modplanet/normal/cd2/pc artists N-Z/naif/KLOPR_VA.XM
file music-module	mirrors/scenesp.org/compilations/modplanet/normal/cd2/pc artists N-Z/naif/NF-RONAL.XM	0.98M	compilations/modplanet/normal/cd2/pc artists N-Z/naif/NF-RONAL.XM
file music-module	mirrors/scenesp.org/compilations/modplanet/normal/cd2/pc artists N-Z/naif/NW-ZAMPA.XM	763.68K	compilations/modplanet/normal/cd2/pc artists N-Z/naif/NW-ZAMPA.XM
file music-module	mirrors/scenesp.org/compilations/modplanet/normal/cd2/pc artists N-Z/neno/NENOREVL.XM	1.12M	compilations/modplanet/normal/cd2/pc artists N-Z/neno/NENOREVL.XM
file music-module	mirrors/scenesp.org/compilations/modplanet/normal/cd2/pc artists N-Z/noisyman/21ST.xm	0.96M	compilations/modplanet/normal/cd2/pc artists N-Z/noisyman/21ST.xm
file music-module	mirrors/scenesp.org/compilations/modplanet/normal/cd2/pc artists N-Z/noisyman/banda_sonora.xm	912.46K	compilations/modplanet/normal/cd2/pc artists N-Z/noisyman/banda_sonora.xm
file music-module	mirrors/scenesp.org/compilations/modplanet/normal/cd2/pc artists N-Z/noisyman/MOVIMIEN.XM	531.80K	compilations/modplanet/normal/cd2/pc artists N-Z/noisyman/MOVIMIEN.XM
file music-module	mirrors/scenesp.org/compilations/modplanet/normal/cd2/pc artists N-Z/noisyman/PTFINAL.XM	523.64K	compilations/modplanet/normal/cd2/pc artists N-Z/noisyman/PTFINAL.XM
file music-module	mirrors/scenesp.org/compilations/modplanet/normal/cd2/pc artists N-Z/noisyman/SOUNDTR2.XM	1.91M	compilations/modplanet/normal/cd2/pc artists N-Z/noisyman/SOUNDTR2.XM
file music-module	mirrors/scenesp.org/compilations/modplanet/normal/cd2/pc artists N-Z/orko/MAYHE001.XM	759.88K	compilations/modplanet/normal/cd2/pc artists N-Z/orko/MAYHE001.XM
file music-module	mirrors/scenesp.org/compilations/modplanet/normal/cd2/pc artists N-Z/overflow/AFRICANO.XM	1.36M	compilations/modplanet/normal/cd2/pc artists N-Z/overflow/AFRICANO.XM
file music-module	mirrors/scenesp.org/compilations/modplanet/normal/cd2/pc artists N-Z/poy/EIGEN.XM	461.82K	compilations/modplanet/normal/cd2/pc artists N-Z/poy/EIGEN.XM
file music-module	mirrors/scenesp.org/compilations/modplanet/normal/cd2/pc artists N-Z/poy/KEETMP.XM	369.89K	compilations/modplanet/normal/cd2/pc artists N-Z/poy/KEETMP.XM
file music-module	mirrors/scenesp.org/compilations/modplanet/normal/cd2/pc artists N-Z/poy/OPOPPER2.XM	96.30K	compilations/modplanet/normal/cd2/pc artists N-Z/poy/OPOPPER2.XM
file music-module	mirrors/scenesp.org/compilations/modplanet/normal/cd2/pc artists N-Z/poy/REZIC.XM	163.30K	compilations/modplanet/normal/cd2/pc artists N-Z/poy/REZIC.XM
file music-module	mirrors/scenesp.org/compilations/modplanet/normal/cd2/pc artists N-Z/poy/U-SCREW.XM	150.28K	compilations/modplanet/normal/cd2/pc artists N-Z/poy/U-SCREW.XM
file music-module	mirrors/scenesp.org/compilations/modplanet/normal/cd2/pc artists N-Z/poy/VAFENT.XM	217.94K	compilations/modplanet/normal/cd2/pc artists N-Z/poy/VAFENT.XM
file music-module	mirrors/scenesp.org/compilations/modplanet/normal/cd2/pc artists N-Z/psyche/N-LEVEL2.XM	286.85K	compilations/modplanet/normal/cd2/pc artists N-Z/psyche/N-LEVEL2.XM
file music-module	mirrors/scenesp.org/compilations/modplanet/normal/cd2/pc artists N-Z/sace2/CELESTIA.XM	17.83K	compilations/modplanet/normal/cd2/pc artists N-Z/sace2/CELESTIA.XM
file music-module	mirrors/scenesp.org/compilations/modplanet/normal/cd2/pc artists N-Z/sace2/CHIPTUNE.XM	16.03K	compilations/modplanet/normal/cd2/pc artists N-Z/sace2/CHIPTUNE.XM
file music-module	mirrors/scenesp.org/compilations/modplanet/normal/cd2/pc artists N-Z/sace2/D6BCHIP.XM	31.15K	compilations/modplanet/normal/cd2/pc artists N-Z/sace2/D6BCHIP.XM
file music-module	mirrors/scenesp.org/compilations/modplanet/normal/cd2/pc artists N-Z/sace2/SACE2 - 15k Chip Track.xm	13.32K	compilations/modplanet/normal/cd2/pc artists N-Z/sace2/SACE2 - 15k Chip Track.xm
file music-module	mirrors/scenesp.org/compilations/modplanet/normal/cd2/pc artists N-Z/sace2/SACE2 - Aire Magnetico 1995.XM	9.58K	compilations/modplanet/normal/cd2/pc artists N-Z/sace2/SACE2 - Aire Magnetico 1995.XM
file music-module	mirrors/scenesp.org/compilations/modplanet/normal/cd2/pc artists N-Z/sace2/SACE2 - ANGELS.XM	580.24K	compilations/modplanet/normal/cd2/pc artists N-Z/sace2/SACE2 - ANGELS.XM
file music-module	mirrors/scenesp.org/compilations/modplanet/normal/cd2/pc artists N-Z/sace2/SACE2 - CHIP 2TRACK.XM	13.48K	compilations/modplanet/normal/cd2/pc artists N-Z/sace2/SACE2 - CHIP 2TRACK.XM
file music-module	mirrors/scenesp.org/compilations/modplanet/normal/cd2/pc artists N-Z/sace2/SACE2 - Electro track - 1995 - 210BPM.XM	494.99K	compilations/modplanet/normal/cd2/pc artists N-Z/sace2/SACE2 - Electro track - 1995 - 210BPM.XM
file music-module	mirrors/scenesp.org/compilations/modplanet/normal/cd2/pc artists N-Z/sace2/SACE2 - INTROG2 1995.XM	24.92K	compilations/modplanet/normal/cd2/pc artists N-Z/sace2/SACE2 - INTROG2 1995.XM
file music-module	mirrors/scenesp.org/compilations/modplanet/normal/cd2/pc artists N-Z/sace2/SACE2 - LIQUIDO Magnetico.XM	13.36K	compilations/modplanet/normal/cd2/pc artists N-Z/sace2/SACE2 - LIQUIDO Magnetico.XM
file music-module	mirrors/scenesp.org/compilations/modplanet/normal/cd2/pc artists N-Z/sace2/SACE2 - MUSIQUE.XM	506.06K	compilations/modplanet/normal/cd2/pc artists N-Z/sace2/SACE2 - MUSIQUE.XM
file music-module	mirrors/scenesp.org/compilations/modplanet/normal/cd2/pc artists N-Z/sace2/SACE2 - PRO5 - 1994.XM	815.55K	compilations/modplanet/normal/cd2/pc artists N-Z/sace2/SACE2 - PRO5 - 1994.XM
file music-module	mirrors/scenesp.org/compilations/modplanet/normal/cd2/pc artists N-Z/sace2/SACE2 - REPORT2.XM	764.24K	compilations/modplanet/normal/cd2/pc artists N-Z/sace2/SACE2 - REPORT2.XM
file music-module	mirrors/scenesp.org/compilations/modplanet/normal/cd2/pc artists N-Z/sace2/SACE2 - Wintermute Old intro music - 1995.xm	22.17K	compilations/modplanet/normal/cd2/pc artists N-Z/sace2/SACE2 - Wintermute Old intro music - 1995.xm
file music-module	mirrors/scenesp.org/compilations/modplanet/normal/cd2/pc artists N-Z/samplemind/BLAST.xm	205.47K	compilations/modplanet/normal/cd2/pc artists N-Z/samplemind/BLAST.xm
file music-module	mirrors/scenesp.org/compilations/modplanet/normal/cd2/pc artists N-Z/samplemind/MAIDEN.XM	1.22M	compilations/modplanet/normal/cd2/pc artists N-Z/samplemind/MAIDEN.XM
file music-module	mirrors/scenesp.org/compilations/modplanet/normal/cd2/pc artists N-Z/samplemind/SHIVAKISSES.xm	716.10K	compilations/modplanet/normal/cd2/pc artists N-Z/samplemind/SHIVAKISSES.xm
file music-module	mirrors/scenesp.org/compilations/modplanet/normal/cd2/pc artists N-Z/samplemind/STDDEMO.XM	430.31K	compilations/modplanet/normal/cd2/pc artists N-Z/samplemind/STDDEMO.XM
file music-module	mirrors/scenesp.org/compilations/modplanet/normal/cd2/pc artists N-Z/sergeeo/Limbo.xm	226.52K	compilations/modplanet/normal/cd2/pc artists N-Z/sergeeo/Limbo.xm
file music-module	mirrors/scenesp.org/compilations/modplanet/normal/cd2/pc artists N-Z/sergiodj/1941.XM	238.39K	compilations/modplanet/normal/cd2/pc artists N-Z/sergiodj/1941.XM
file music-module	mirrors/scenesp.org/compilations/modplanet/normal/cd2/pc artists N-Z/sergiodj/A-S_HELL.XM	1.18M	compilations/modplanet/normal/cd2/pc artists N-Z/sergiodj/A-S_HELL.XM
file music-module	mirrors/scenesp.org/compilations/modplanet/normal/cd2/pc artists N-Z/sergiodj/BLACK_LI.XM	541.61K	compilations/modplanet/normal/cd2/pc artists N-Z/sergiodj/BLACK_LI.XM
file music-module	mirrors/scenesp.org/compilations/modplanet/normal/cd2/pc artists N-Z/sergiodj/HARDCORE.XM	0.98M	compilations/modplanet/normal/cd2/pc artists N-Z/sergiodj/HARDCORE.XM
file music-module	mirrors/scenesp.org/compilations/modplanet/normal/cd2/pc artists N-Z/sergiodj/HOLA_SOY.XM	620.06K	compilations/modplanet/normal/cd2/pc artists N-Z/sergiodj/HOLA_SOY.XM
file music-module	mirrors/scenesp.org/compilations/modplanet/normal/cd2/pc artists N-Z/sergiodj/KANNON_D.XM	1.20M	compilations/modplanet/normal/cd2/pc artists N-Z/sergiodj/KANNON_D.XM
file music-module	mirrors/scenesp.org/compilations/modplanet/normal/cd2/pc artists N-Z/sergiodj/LAST.XM	41.40K	compilations/modplanet/normal/cd2/pc artists N-Z/sergiodj/LAST.XM
file music-module	mirrors/scenesp.org/compilations/modplanet/normal/cd2/pc artists N-Z/sergiodj/OXYGEN7-.XM	268.74K	compilations/modplanet/normal/cd2/pc artists N-Z/sergiodj/OXYGEN7-.XM
file music-module	mirrors/scenesp.org/compilations/modplanet/normal/cd2/pc artists N-Z/sergiodj/PIANILLO.XM	556.53K	compilations/modplanet/normal/cd2/pc artists N-Z/sergiodj/PIANILLO.XM
file music-module	mirrors/scenesp.org/compilations/modplanet/normal/cd2/pc artists N-Z/sergiodj/SDJ_JMIX.XM	887.96K	compilations/modplanet/normal/cd2/pc artists N-Z/sergiodj/SDJ_JMIX.XM
file music-module	mirrors/scenesp.org/compilations/modplanet/normal/cd2/pc artists N-Z/sergiodj/SDJ_OCLU.XM	752.98K	compilations/modplanet/normal/cd2/pc artists N-Z/sergiodj/SDJ_OCLU.XM
file music-module	mirrors/scenesp.org/compilations/modplanet/normal/cd2/pc artists N-Z/sergiodj/SONGLIFE.XM	943.20K	compilations/modplanet/normal/cd2/pc artists N-Z/sergiodj/SONGLIFE.XM
file music-module	mirrors/scenesp.org/compilations/modplanet/normal/cd2/pc artists N-Z/sergiodj/SPECIES.XM	455.29K	compilations/modplanet/normal/cd2/pc artists N-Z/sergiodj/SPECIES.XM
file music-module	mirrors/scenesp.org/compilations/modplanet/normal/cd2/pc artists N-Z/sergiodj/TRANKA_D.XM	127.25K	compilations/modplanet/normal/cd2/pc artists N-Z/sergiodj/TRANKA_D.XM
file music-module	mirrors/scenesp.org/compilations/modplanet/normal/cd2/pc artists N-Z/silenci/CHORDS6F.XM	0.97M	compilations/modplanet/normal/cd2/pc artists N-Z/silenci/CHORDS6F.XM
file music-module	mirrors/scenesp.org/compilations/modplanet/normal/cd2/pc artists N-Z/silenci/Chords.xm	415.76K	compilations/modplanet/normal/cd2/pc artists N-Z/silenci/Chords.xm
file music-module	mirrors/scenesp.org/compilations/modplanet/normal/cd2/pc artists N-Z/silenci/QUIETNOT.XM	248.53K	compilations/modplanet/normal/cd2/pc artists N-Z/silenci/QUIETNOT.XM
file music-module	mirrors/scenesp.org/compilations/modplanet/normal/cd2/pc artists N-Z/silenci/fasts/FASTSIL.XM	690.34K	compilations/modplanet/normal/cd2/pc artists N-Z/silenci/fasts/FASTSIL.XM
file music-module	mirrors/scenesp.org/compilations/modplanet/normal/cd2/pc artists N-Z/silenci/fasts/SILECHI2.XM	9.99K	compilations/modplanet/normal/cd2/pc artists N-Z/silenci/fasts/SILECHI2.XM
file music-module	mirrors/scenesp.org/compilations/modplanet/normal/cd2/pc artists N-Z/skynet/antimatte.XM	596.00K	compilations/modplanet/normal/cd2/pc artists N-Z/skynet/antimatte.XM
file music-module	mirrors/scenesp.org/compilations/modplanet/normal/cd2/pc artists N-Z/skynet/PAULA.XM	443.65K	compilations/modplanet/normal/cd2/pc artists N-Z/skynet/PAULA.XM
file music-module	mirrors/scenesp.org/compilations/modplanet/normal/cd2/pc artists N-Z/slaanesh/RV_PART2.XM	272.15K	compilations/modplanet/normal/cd2/pc artists N-Z/slaanesh/RV_PART2.XM
file music-module	mirrors/scenesp.org/compilations/modplanet/normal/cd2/pc artists N-Z/smash/AICME.XM	940.71K	compilations/modplanet/normal/cd2/pc artists N-Z/smash/AICME.XM
file music-module	mirrors/scenesp.org/compilations/modplanet/normal/cd2/pc artists N-Z/smash/ONE_SEC.XM	609.02K	compilations/modplanet/normal/cd2/pc artists N-Z/smash/ONE_SEC.XM
file music-module	mirrors/scenesp.org/compilations/modplanet/normal/cd2/pc artists N-Z/snaked/ANJARA.XM	1.22M	compilations/modplanet/normal/cd2/pc artists N-Z/snaked/ANJARA.XM
file music-module	mirrors/scenesp.org/compilations/modplanet/normal/cd2/pc artists N-Z/snaked/EYES.XM	406.63K	compilations/modplanet/normal/cd2/pc artists N-Z/snaked/EYES.XM
file music-module	mirrors/scenesp.org/compilations/modplanet/normal/cd2/pc artists N-Z/snaked/Falcon.xm	2.15M	compilations/modplanet/normal/cd2/pc artists N-Z/snaked/Falcon.xm
file music-module	mirrors/scenesp.org/compilations/modplanet/normal/cd2/pc artists N-Z/snaked/INNOVA2.XM	578.65K	compilations/modplanet/normal/cd2/pc artists N-Z/snaked/INNOVA2.XM
file music-module	mirrors/scenesp.org/compilations/modplanet/normal/cd2/pc artists N-Z/snaked/JOES.XM	960.33K	compilations/modplanet/normal/cd2/pc artists N-Z/snaked/JOES.XM
file music-module	mirrors/scenesp.org/compilations/modplanet/normal/cd2/pc artists N-Z/snaked/LEGEND2.XM	1.09M	compilations/modplanet/normal/cd2/pc artists N-Z/snaked/LEGEND2.XM
file music-module	mirrors/scenesp.org/compilations/modplanet/normal/cd2/pc artists N-Z/snaked/OTTO4.XM	1.17M	compilations/modplanet/normal/cd2/pc artists N-Z/snaked/OTTO4.XM
file music-module	mirrors/scenesp.org/compilations/modplanet/normal/cd2/pc artists N-Z/snaked/RARO.XM	1.30M	compilations/modplanet/normal/cd2/pc artists N-Z/snaked/RARO.XM
file music-module	mirrors/scenesp.org/compilations/modplanet/normal/cd2/pc artists N-Z/snaked/Stxmerch.xm	1.46M	compilations/modplanet/normal/cd2/pc artists N-Z/snaked/Stxmerch.xm
file music-module	mirrors/scenesp.org/compilations/modplanet/normal/cd2/pc artists N-Z/sonar/RAGE.XM	1.26M	compilations/modplanet/normal/cd2/pc artists N-Z/sonar/RAGE.XM
file music-module	mirrors/scenesp.org/compilations/modplanet/normal/cd2/pc artists N-Z/stephan/ILOVESWE.XM	10.00K	compilations/modplanet/normal/cd2/pc artists N-Z/stephan/ILOVESWE.XM
file music-module	mirrors/scenesp.org/compilations/modplanet/normal/cd2/pc artists N-Z/thalassa/THA_BACK.XM	1.40M	compilations/modplanet/normal/cd2/pc artists N-Z/thalassa/THA_BACK.XM
file music-module	mirrors/scenesp.org/compilations/modplanet/normal/cd2/pc artists N-Z/thalassa/THA_DARK.XM	1.44M	compilations/modplanet/normal/cd2/pc artists N-Z/thalassa/THA_DARK.XM
file music-module	mirrors/scenesp.org/compilations/modplanet/normal/cd2/pc artists N-Z/thalassa/THA_FREE.XM	2.06M	compilations/modplanet/normal/cd2/pc artists N-Z/thalassa/THA_FREE.XM
file music-module	mirrors/scenesp.org/compilations/modplanet/normal/cd2/pc artists N-Z/thalassa/THA_LET.XM	2.77M	compilations/modplanet/normal/cd2/pc artists N-Z/thalassa/THA_LET.XM
file music-module	mirrors/scenesp.org/compilations/modplanet/normal/cd2/pc artists N-Z/thalassa/THA_NEWB.XM	967.71K	compilations/modplanet/normal/cd2/pc artists N-Z/thalassa/THA_NEWB.XM
file music-module	mirrors/scenesp.org/compilations/modplanet/normal/cd2/pc artists N-Z/thalassa/THA_SARI.XM	1.44M	compilations/modplanet/normal/cd2/pc artists N-Z/thalassa/THA_SARI.XM
file music-module	mirrors/scenesp.org/compilations/modplanet/normal/cd2/pc artists N-Z/thalassa/THA_SOL.XM	1.26M	compilations/modplanet/normal/cd2/pc artists N-Z/thalassa/THA_SOL.XM
file music-module	mirrors/scenesp.org/compilations/modplanet/normal/cd2/pc artists N-Z/thalassa/THA_SYNT.XM	3.47M	compilations/modplanet/normal/cd2/pc artists N-Z/thalassa/THA_SYNT.XM
file music-module	mirrors/scenesp.org/compilations/modplanet/normal/cd2/pc artists N-Z/thalassa/THA_TANG.XM	2.23M	compilations/modplanet/normal/cd2/pc artists N-Z/thalassa/THA_TANG.XM
file music-module	mirrors/scenesp.org/compilations/modplanet/normal/cd2/pc artists N-Z/thalassa/THA_TRIP.XM	1.38M	compilations/modplanet/normal/cd2/pc artists N-Z/thalassa/THA_TRIP.XM
file music-module	mirrors/scenesp.org/compilations/modplanet/normal/cd2/pc artists N-Z/thalassa/Tha_cl97.xm	276.84K	compilations/modplanet/normal/cd2/pc artists N-Z/thalassa/Tha_cl97.xm
file music-module	mirrors/scenesp.org/compilations/modplanet/normal/cd2/pc artists N-Z/thalassa/Tha_fren.xm	1.30M	compilations/modplanet/normal/cd2/pc artists N-Z/thalassa/Tha_fren.xm
file music-module	mirrors/scenesp.org/compilations/modplanet/normal/cd2/pc artists N-Z/thalassa/Tha_natu.xm	1.40M	compilations/modplanet/normal/cd2/pc artists N-Z/thalassa/Tha_natu.xm
file music-module	mirrors/scenesp.org/compilations/modplanet/normal/cd2/pc artists N-Z/thalassa/Tha_thre.xm	594.67K	compilations/modplanet/normal/cd2/pc artists N-Z/thalassa/Tha_thre.xm
file music-module	mirrors/scenesp.org/compilations/modplanet/normal/cd2/pc artists N-Z/various/808STYLE.XM	771.86K	compilations/modplanet/normal/cd2/pc artists N-Z/various/808STYLE.XM
file music-module	mirrors/scenesp.org/compilations/modplanet/normal/cd2/pc artists N-Z/various/FOETUS.XM	420.85K	compilations/modplanet/normal/cd2/pc artists N-Z/various/FOETUS.XM
file music-module	mirrors/scenesp.org/compilations/modplanet/normal/cd2/pc artists N-Z/various/IMPED.XM	684.94K	compilations/modplanet/normal/cd2/pc artists N-Z/various/IMPED.XM
file music-module	mirrors/scenesp.org/compilations/modplanet/normal/cd2/pc artists N-Z/various/Live.xm	26.57K	compilations/modplanet/normal/cd2/pc artists N-Z/various/Live.xm
file music-module	mirrors/scenesp.org/compilations/modplanet/normal/cd2/pc artists N-Z/various/MODULA2.XM	450.03K	compilations/modplanet/normal/cd2/pc artists N-Z/various/MODULA2.XM
file music-module	mirrors/scenesp.org/compilations/modplanet/normal/cd2/pc artists N-Z/wally/ALLIOLI2.XM	609.08K	compilations/modplanet/normal/cd2/pc artists N-Z/wally/ALLIOLI2.XM
file music-module	mirrors/scenesp.org/compilations/modplanet/normal/cd2/pc artists N-Z/wally/BEATA.XM	815.20K	compilations/modplanet/normal/cd2/pc artists N-Z/wally/BEATA.XM
file music-module	mirrors/scenesp.org/compilations/modplanet/normal/cd2/pc artists N-Z/wally/BOREDOME.XM	525.32K	compilations/modplanet/normal/cd2/pc artists N-Z/wally/BOREDOME.XM
file music-module	mirrors/scenesp.org/compilations/modplanet/normal/cd2/pc artists N-Z/wally/CLOUDS_O.XM	530.12K	compilations/modplanet/normal/cd2/pc artists N-Z/wally/CLOUDS_O.XM
file music-module	mirrors/scenesp.org/compilations/modplanet/normal/cd2/pc artists N-Z/wally/FUCKUP_E.XM	29.25K	compilations/modplanet/normal/cd2/pc artists N-Z/wally/FUCKUP_E.XM
file music-module	mirrors/scenesp.org/compilations/modplanet/normal/cd2/pc artists N-Z/wally/GUAKA.XM	205.69K	compilations/modplanet/normal/cd2/pc artists N-Z/wally/GUAKA.XM
file music-module	mirrors/scenesp.org/compilations/modplanet/normal/cd2/pc artists N-Z/wally/HUMMING_.XM	874.88K	compilations/modplanet/normal/cd2/pc artists N-Z/wally/HUMMING_.XM
file music-module	mirrors/scenesp.org/compilations/modplanet/normal/cd2/pc artists N-Z/wally/ILLESCA2.XM	518.96K	compilations/modplanet/normal/cd2/pc artists N-Z/wally/ILLESCA2.XM
file music-module	mirrors/scenesp.org/compilations/modplanet/normal/cd2/pc artists N-Z/wally/IN_TEN_T.XM	874.22K	compilations/modplanet/normal/cd2/pc artists N-Z/wally/IN_TEN_T.XM
file music-module	mirrors/scenesp.org/compilations/modplanet/normal/cd2/pc artists N-Z/wally/ibetterq.XM	900.96K	compilations/modplanet/normal/cd2/pc artists N-Z/wally/ibetterq.XM
file music-module	mirrors/scenesp.org/compilations/modplanet/normal/cd2/pc artists N-Z/wally/JARL_IN_.XM	565.08K	compilations/modplanet/normal/cd2/pc artists N-Z/wally/JARL_IN_.XM
file music-module	mirrors/scenesp.org/compilations/modplanet/normal/cd2/pc artists N-Z/wally/LET_ME_C.XM	869.61K	compilations/modplanet/normal/cd2/pc artists N-Z/wally/LET_ME_C.XM
file music-module	mirrors/scenesp.org/compilations/modplanet/normal/cd2/pc artists N-Z/wally/Nasty_pebreras.xm	688.97K	compilations/modplanet/normal/cd2/pc artists N-Z/wally/Nasty_pebreras.xm
file music-module	mirrors/scenesp.org/compilations/modplanet/normal/cd2/pc artists N-Z/wally/NW-ZAMPA.XM	763.68K	compilations/modplanet/normal/cd2/pc artists N-Z/wally/NW-ZAMPA.XM
file music-module	mirrors/scenesp.org/compilations/modplanet/normal/cd2/pc artists N-Z/wally/REMAINS_.XM	35.45K	compilations/modplanet/normal/cd2/pc artists N-Z/wally/REMAINS_.XM
file music-module	mirrors/scenesp.org/compilations/modplanet/normal/cd2/pc artists N-Z/wonder/AICME.XM	940.71K	compilations/modplanet/normal/cd2/pc artists N-Z/wonder/AICME.XM
file music-module	mirrors/scenesp.org/compilations/modplanet/normal/cd2/pc artists N-Z/wonder/bcn01inv.xm	35.72K	compilations/modplanet/normal/cd2/pc artists N-Z/wonder/bcn01inv.xm
file music-module	mirrors/scenesp.org/compilations/modplanet/normal/cd2/pc artists N-Z/yero/CPTIN001.XM	90.86K	compilations/modplanet/normal/cd2/pc artists N-Z/yero/CPTIN001.XM
file music-module	mirrors/scenesp.org/compilations/modplanet/normal/cd2/pc artists N-Z/yero/CPT_ANGS.XM	1.03M	compilations/modplanet/normal/cd2/pc artists N-Z/yero/CPT_ANGS.XM
file music-module	mirrors/scenesp.org/compilations/modplanet/normal/cd2/pc artists N-Z/yero/Jos-Yr_HMMM.XM	10.00K	compilations/modplanet/normal/cd2/pc artists N-Z/yero/Jos-Yr_HMMM.XM
file music-module	mirrors/scenesp.org/compilations/modplanet/normal/cd2/pc artists N-Z/yero/XMAS.XM	360.11K	compilations/modplanet/normal/cd2/pc artists N-Z/yero/XMAS.XM
file music-module	mirrors/scenesp.org/compilations/modplanet/normal/cd2/pc artists N-Z/yero/yr_tdr.xm	31.61K	compilations/modplanet/normal/cd2/pc artists N-Z/yero/yr_tdr.xm
file music-module	mirrors/scenesp.org/compilations/modplanet/normal/cd2/pc artists N-Z/zombie/ENDSUCKS.XM	336.43K	compilations/modplanet/normal/cd2/pc artists N-Z/zombie/ENDSUCKS.XM
file music-module	mirrors/scenesp.org/compilations/modplanet/normal/cd2/pc artists N-Z/zombie/LIVEAT99.XM	351.12K	compilations/modplanet/normal/cd2/pc artists N-Z/zombie/LIVEAT99.XM
file music-module	mirrors/scenesp.org/compilations/modplanet/normal/cd2/pc artists N-Z/zombie/NOSOMOSN.XM	733.18K	compilations/modplanet/normal/cd2/pc artists N-Z/zombie/NOSOMOSN.XM
file music-module	mirrors/scenesp.org/compilations/modplanet/normal/cd2/pc artists N-Z/zombie/ULTIMATE.XM	561.79K	compilations/modplanet/normal/cd2/pc artists N-Z/zombie/ULTIMATE.XM
file music-module	mirrors/scenesp.org/compilations/modplanet/normal/cd2/pc artists N-Z/zombie/VAICHEBO.XM	481.15K	compilations/modplanet/normal/cd2/pc artists N-Z/zombie/VAICHEBO.XM
file music-module	mirrors/scenesp.org/modulez/atma/dq1overworld.xm	3.65K	modulez/atma/dq1overworld.xm
file music-module	mirrors/scenesp.org/modulez/atma/dq2overworld.xm	4.03K	modulez/atma/dq2overworld.xm
file music-module	mirrors/scenesp.org/modulez/atma/ff1castle.xm	7.17K	modulez/atma/ff1castle.xm
file music-module	mirrors/scenesp.org/modulez/bitl/btl_flowers.xm	80.88K	modulez/bitl/btl_flowers.xm
file music-module	mirrors/scenesp.org/modulez/bitl/btl_wchip.xm	16.54K	modulez/bitl/btl_wchip.xm
file music-module	mirrors/scenesp.org/modulez/bitl/Cloudslk.xm	53.02K	modulez/bitl/Cloudslk.xm
file music-module	mirrors/scenesp.org/modulez/bitl/flathers.xm	82.59K	modulez/bitl/flathers.xm
file music-module	mirrors/scenesp.org/modulez/bitl/Heypurpl.xm	84.13K	modulez/bitl/Heypurpl.xm
file music-module	mirrors/scenesp.org/modulez/bitl/nova.xm	59.34K	modulez/bitl/nova.xm
file music-module	mirrors/scenesp.org/modulez/bitl/remedy_bitl.xm	24.00K	modulez/bitl/remedy_bitl.xm
file music-module	mirrors/scenesp.org/modulez/bitl/summer.xm	39.03K	modulez/bitl/summer.xm
file music-module	mirrors/scenesp.org/modulez/b_knox/Baron Knoxburry - klag on the drag.xm	43.17K	modulez/b_knox/Baron Knoxburry - klag on the drag.xm
file music-module	mirrors/scenesp.org/modulez/b_knox/b-knox - island grime.xm	23.43K	modulez/b_knox/b-knox - island grime.xm
file music-module	mirrors/scenesp.org/modulez/CRASOCVM/NEURO.XM	349.40K	modulez/CRASOCVM/NEURO.XM
file music-module	mirrors/scenesp.org/modulez/Crizz/artificial.xm	51.63K	modulez/Crizz/artificial.xm
file music-module	mirrors/scenesp.org/modulez/Crizz/DJC_IFUL.XM	3.69M	modulez/Crizz/DJC_IFUL.XM
file music-module	mirrors/scenesp.org/modulez/Crizz/FF_BBLE.XM	36.52K	modulez/Crizz/FF_BBLE.XM
file music-module	mirrors/scenesp.org/modulez/Crizz/FF_Blzpg.xm	54.94K	modulez/Crizz/FF_Blzpg.xm
file music-module	mirrors/scenesp.org/modulez/Crizz/Ff-pnoia.xm	70.33K	modulez/Crizz/Ff-pnoia.xm
file music-module	mirrors/scenesp.org/modulez/Crizz/Ff-ycook.xm	18.98K	modulez/Crizz/Ff-ycook.xm
file music-module	mirrors/scenesp.org/modulez/Crizz/Ff_bman2.xm	32.72K	modulez/Crizz/Ff_bman2.xm
file music-module	mirrors/scenesp.org/modulez/Crizz/Ff_Cgtm.xm	36.76K	modulez/Crizz/Ff_Cgtm.xm
file music-module	mirrors/scenesp.org/modulez/Crizz/Ff_Rc&Rk.xm	50.62K	modulez/Crizz/Ff_Rc&Rk.xm
file music-module	mirrors/scenesp.org/modulez/Crizz/Funky Fish & Strobe - stoned on mothpowder.xm	33.00K	modulez/Crizz/Funky Fish & Strobe - stoned on mothpowder.xm
file music-module	mirrors/scenesp.org/modulez/cyborgjeff/HOUSE4.XM	820.90K	modulez/cyborgjeff/HOUSE4.XM
file music-module	mirrors/scenesp.org/modulez/darnok/the_first.xm	23.51K	modulez/darnok/the_first.xm
file music-module	mirrors/scenesp.org/modulez/dualtrax/ap&dt_s2.xm	71.27K	modulez/dualtrax/ap&dt_s2.xm
file music-module	mirrors/scenesp.org/modulez/dualtrax/ap&dt_s3.xm	100.82K	modulez/dualtrax/ap&dt_s3.xm
file music-module	mirrors/scenesp.org/modulez/dualtrax/DT_ANTIF.XM	20.41K	modulez/dualtrax/DT_ANTIF.XM
file music-module	mirrors/scenesp.org/modulez/dualtrax/DT_CHEM.XM	350.66K	modulez/dualtrax/DT_CHEM.XM
file music-module	mirrors/scenesp.org/modulez/dualtrax/DT_CRACK.XM	15.63K	modulez/dualtrax/DT_CRACK.XM
file music-module	mirrors/scenesp.org/modulez/dualtrax/DT_KEYG.XM	16.72K	modulez/dualtrax/DT_KEYG.XM
file music-module	mirrors/scenesp.org/modulez/dualtrax/DT_ORN5.XM	29.91K	modulez/dualtrax/DT_ORN5.XM
file music-module	mirrors/scenesp.org/modulez/dualtrax/DT_PEACH.XM	39.68K	modulez/dualtrax/DT_PEACH.XM
file music-module	mirrors/scenesp.org/modulez/dualtrax/DT_RADI.XM	50.71K	modulez/dualtrax/DT_RADI.XM
file music-module	mirrors/scenesp.org/modulez/dualtrax/DT_TZ.XM	16.02K	modulez/dualtrax/DT_TZ.XM
file music-module	mirrors/scenesp.org/modulez/dualtrax/Dt_ornsf.XM	29.70K	modulez/dualtrax/Dt_ornsf.XM
file music-module	mirrors/scenesp.org/modulez/dualtrax/dtbzl_bots.XM	34.76K	modulez/dualtrax/dtbzl_bots.XM
file music-module	mirrors/scenesp.org/modulez/dualtrax/dtbzl_wh.xm	40.30K	modulez/dualtrax/dtbzl_wh.xm
file music-module	mirrors/scenesp.org/modulez/dualtrax/dtmoh_xmas04.xm	20.46K	modulez/dualtrax/dtmoh_xmas04.xm
file music-module	mirrors/scenesp.org/modulez/dualtrax/dtpd_df.xm	22.76K	modulez/dualtrax/dtpd_df.xm
file music-module	mirrors/scenesp.org/modulez/dualtrax/dt_8bit.xm	48.31K	modulez/dualtrax/dt_8bit.xm
file music-module	mirrors/scenesp.org/modulez/dualtrax/dt_again.xm	32.88K	modulez/dualtrax/dt_again.xm
file music-module	mirrors/scenesp.org/modulez/dualtrax/dt_blh.xm	42.95K	modulez/dualtrax/dt_blh.xm
file music-module	mirrors/scenesp.org/modulez/dualtrax/dt_core.xm	23.02K	modulez/dualtrax/dt_core.xm
file music-module	mirrors/scenesp.org/modulez/dualtrax/dt_cvsp.xm	61.34K	modulez/dualtrax/dt_cvsp.xm
file music-module	mirrors/scenesp.org/modulez/dualtrax/dt_dope.xm	34.88K	modulez/dualtrax/dt_dope.xm
file music-module	mirrors/scenesp.org/modulez/dualtrax/dt_Game1.xm	24.24K	modulez/dualtrax/dt_Game1.xm
file music-module	mirrors/scenesp.org/modulez/dualtrax/dt_intr2.xm	20.51K	modulez/dualtrax/dt_intr2.xm
file music-module	mirrors/scenesp.org/modulez/dualtrax/dt_orn%233.xm	29.09K	modulez/dualtrax/dt_orn%233.xm
file music-module	mirrors/scenesp.org/modulez/dualtrax/dt_orn%234.xm	40.10K	modulez/dualtrax/dt_orn%234.xm
file music-module	mirrors/scenesp.org/modulez/dualtrax/dt_sac.xm	14.71K	modulez/dualtrax/dt_sac.xm
file music-module	mirrors/scenesp.org/modulez/dualtrax/dt_shine.xm	18.35K	modulez/dualtrax/dt_shine.xm
file music-module	mirrors/scenesp.org/modulez/dualtrax/dt_what.xm	13.85K	modulez/dualtrax/dt_what.xm
file music-module	mirrors/scenesp.org/modulez/dualtrax/dt_wrd-v.xm	72.04K	modulez/dualtrax/dt_wrd-v.xm
file music-module	mirrors/scenesp.org/modulez/dualtrax/MRD_D01.XM	73.71K	modulez/dualtrax/MRD_D01.XM
file music-module	mirrors/scenesp.org/modulez/dualtrax/mktdt_04.xm	8.03K	modulez/dualtrax/mktdt_04.xm
file music-module	mirrors/scenesp.org/modulez/eadez/ASDESU.XM	930.13K	modulez/eadez/ASDESU.XM
file music-module	mirrors/scenesp.org/modulez/eadez/EL LIT2.XM	788.46K	modulez/eadez/EL LIT2.XM
file music-module	mirrors/scenesp.org/modulez/eadez/EXTU.xm	348.85K	modulez/eadez/EXTU.xm
file music-module	mirrors/scenesp.org/modulez/Fedayn/Elec2.xm	84.98K	modulez/Fedayn/Elec2.xm
file music-module	mirrors/scenesp.org/modulez/Fermix/CRAZY.XM	531.09K	modulez/Fermix/CRAZY.XM
file music-module	mirrors/scenesp.org/modulez/fireb0y/ADORA TIO.XM	1.28M	modulez/fireb0y/ADORA TIO.XM
file music-module	mirrors/scenesp.org/modulez/fireb0y/FORGIV EN.XM	692.08K	modulez/fireb0y/FORGIV EN.XM
file music-module	mirrors/scenesp.org/modulez/Grimm/Grimm - ALM.xm	125.89K	modulez/Grimm/Grimm - ALM.xm
file music-module	mirrors/scenesp.org/modulez/hexahoney/hexh_banta_podo.xm	3.49K	modulez/hexahoney/hexh_banta_podo.xm
file music-module	mirrors/scenesp.org/modulez/hexahoney/hexh_request_armor.xm	20.49K	modulez/hexahoney/hexh_request_armor.xm
file music-module	mirrors/scenesp.org/modulez/hexahoney/hexh_suck_my_d.xm	26.19K	modulez/hexahoney/hexh_suck_my_d.xm
file music-module	mirrors/scenesp.org/modulez/Jakim/(^^,).xm	28.70K	modulez/Jakim/(^^,).xm
file music-module	mirrors/scenesp.org/modulez/Jakim/069.xm	1.50M	modulez/Jakim/069.xm
file music-module	mirrors/scenesp.org/modulez/Jakim/acemanofspades.xm	2.06M	modulez/Jakim/acemanofspades.xm
file music-module	mirrors/scenesp.org/modulez/Jakim/bezsensu.xm	195.67K	modulez/Jakim/bezsensu.xm
file music-module	mirrors/scenesp.org/modulez/Jakim/bicik.xm	73.57K	modulez/Jakim/bicik.xm
file music-module	mirrors/scenesp.org/modulez/Jakim/braindead.xm	470.75K	modulez/Jakim/braindead.xm
file music-module	mirrors/scenesp.org/modulez/Jakim/braindefect.xm	962.72K	modulez/Jakim/braindefect.xm
file music-module	mirrors/scenesp.org/modulez/Jakim/chippie2.xm	145.69K	modulez/Jakim/chippie2.xm
file music-module	mirrors/scenesp.org/modulez/Jakim/clasic.xm	34.94K	modulez/Jakim/clasic.xm
file music-module	mirrors/scenesp.org/modulez/Jakim/deathamplify.xm	636.79K	modulez/Jakim/deathamplify.xm
file music-module	mirrors/scenesp.org/modulez/Jakim/dngnatic.xm	60.69K	modulez/Jakim/dngnatic.xm
file music-module	mirrors/scenesp.org/modulez/Jakim/doitpatternstyle.xm	275.17K	modulez/Jakim/doitpatternstyle.xm
file music-module	mirrors/scenesp.org/modulez/Jakim/dxm.xm	1.27M	modulez/Jakim/dxm.xm
file music-module	mirrors/scenesp.org/modulez/Jakim/emotracking.xm	94.15K	modulez/Jakim/emotracking.xm
file music-module	mirrors/scenesp.org/modulez/Jakim/enter.xm	2.33K	modulez/Jakim/enter.xm
file music-module	mirrors/scenesp.org/modulez/Jakim/epica4.xm	1.13M	modulez/Jakim/epica4.xm
file music-module	mirrors/scenesp.org/modulez/Jakim/error.txt.xm	9.45K	modulez/Jakim/error.txt.xm
file music-module	mirrors/scenesp.org/modulez/Jakim/fautumn.xm	104.99K	modulez/Jakim/fautumn.xm
file music-module	mirrors/scenesp.org/modulez/Jakim/fight.xm	307.00K	modulez/Jakim/fight.xm
file music-module	mirrors/scenesp.org/modulez/Jakim/flamewar.xm	99.56K	modulez/Jakim/flamewar.xm
file music-module	mirrors/scenesp.org/modulez/Jakim/galatea.xm	1.24M	modulez/Jakim/galatea.xm
file music-module	mirrors/scenesp.org/modulez/Jakim/gradient.xm	199.77K	modulez/Jakim/gradient.xm
file music-module	mirrors/scenesp.org/modulez/Jakim/gurumeditation.xm	21.43K	modulez/Jakim/gurumeditation.xm
file music-module	mirrors/scenesp.org/modulez/Jakim/heaven.xm	167.59K	modulez/Jakim/heaven.xm
file music-module	mirrors/scenesp.org/modulez/Jakim/hungry.xm	14.52K	modulez/Jakim/hungry.xm
file music-module	mirrors/scenesp.org/modulez/Jakim/jeez.xm	679.71K	modulez/Jakim/jeez.xm
file music-module	mirrors/scenesp.org/modulez/Jakim/klos.xm	358.26K	modulez/Jakim/klos.xm
file music-module	mirrors/scenesp.org/modulez/Jakim/lazytune.xm	22.65K	modulez/Jakim/lazytune.xm
file music-module	mirrors/scenesp.org/modulez/Jakim/mcb.xm	403.03K	modulez/Jakim/mcb.xm
file music-module	mirrors/scenesp.org/modulez/Jakim/mod.undjazz.xm	340.87K	modulez/Jakim/mod.undjazz.xm
file music-module	mirrors/scenesp.org/modulez/Jakim/moddysee.xm	1.21M	modulez/Jakim/moddysee.xm
file music-module	mirrors/scenesp.org/modulez/Jakim/moogie_in_cinema.xm	73.05K	modulez/Jakim/moogie_in_cinema.xm
file music-module	mirrors/scenesp.org/modulez/Jakim/msc.xm	9.35K	modulez/Jakim/msc.xm
file music-module	mirrors/scenesp.org/modulez/Jakim/muzgokochas.xm	1.71M	modulez/Jakim/muzgokochas.xm
file music-module	mirrors/scenesp.org/modulez/Jakim/myway.xm	1.21M	modulez/Jakim/myway.xm
file music-module	mirrors/scenesp.org/modulez/Jakim/nessie.xm	16.88K	modulez/Jakim/nessie.xm
file music-module	mirrors/scenesp.org/modulez/Jakim/nonejm.xm	202.67K	modulez/Jakim/nonejm.xm
file music-module	mirrors/scenesp.org/modulez/Jakim/no_idea.xm	46.20K	modulez/Jakim/no_idea.xm
file music-module	mirrors/scenesp.org/modulez/Jakim/over-jazzed.xm	2.05M	modulez/Jakim/over-jazzed.xm
file music-module	mirrors/scenesp.org/modulez/Jakim/piano_on_the_floor.xm	69.62K	modulez/Jakim/piano_on_the_floor.xm
file music-module	mirrors/scenesp.org/modulez/Jakim/rag.xm	73.05K	modulez/Jakim/rag.xm
file music-module	mirrors/scenesp.org/modulez/Jakim/rag2.xm	68.23K	modulez/Jakim/rag2.xm
file music-module	mirrors/scenesp.org/modulez/Jakim/rapeshape.xm	42.55K	modulez/Jakim/rapeshape.xm
file music-module	mirrors/scenesp.org/modulez/Jakim/running.xm	730.78K	modulez/Jakim/running.xm
file music-module	mirrors/scenesp.org/modulez/Jakim/running2.xm	1.30M	modulez/Jakim/running2.xm
file music-module	mirrors/scenesp.org/modulez/Jakim/shyzofrenia.xm	731.67K	modulez/Jakim/shyzofrenia.xm
file music-module	mirrors/scenesp.org/modulez/Jakim/smplck.xm	818.87K	modulez/Jakim/smplck.xm
file music-module	mirrors/scenesp.org/modulez/Jakim/snow.xm	118.75K	modulez/Jakim/snow.xm
file music-module	mirrors/scenesp.org/modulez/Jakim/undergrounds.xm	716.22K	modulez/Jakim/undergrounds.xm
file music-module	mirrors/scenesp.org/modulez/Jakim/upadl.xm	31.21K	modulez/Jakim/upadl.xm
file music-module	mirrors/scenesp.org/modulez/Jakim/voodkapeople.xm	1.84M	modulez/Jakim/voodkapeople.xm
file music-module	mirrors/scenesp.org/modulez/Jakim/wearealiens.xm	687.41K	modulez/Jakim/wearealiens.xm
file music-module	mirrors/scenesp.org/modulez/Jakim/worm.xm	565.74K	modulez/Jakim/worm.xm
file music-module	mirrors/scenesp.org/modulez/Jakim/wormhole.xm	1.11M	modulez/Jakim/wormhole.xm
file music-module	mirrors/scenesp.org/modulez/Jakim/wt3journey.xm	1.23M	modulez/Jakim/wt3journey.xm
file music-module	mirrors/scenesp.org/modulez/Jakim/wt3theme.xm	1.84M	modulez/Jakim/wt3theme.xm
file music-module	mirrors/scenesp.org/modulez/Jakim/wwtlwabith.xm	1.72M	modulez/Jakim/wwtlwabith.xm
file music-module	mirrors/scenesp.org/modulez/Jerry/american dream.xm	808.92K	modulez/Jerry/american dream.xm
file music-module	mirrors/scenesp.org/modulez/Jerry/back in time.xm	2.52M	modulez/Jerry/back in time.xm
file music-module	mirrors/scenesp.org/modulez/Jerry/blurred imaginations.xm	1.48M	modulez/Jerry/blurred imaginations.xm
file music-module	mirrors/scenesp.org/modulez/Jerry/christmas eve.xm	32.99K	modulez/Jerry/christmas eve.xm
file music-module	mirrors/scenesp.org/modulez/Jerry/darkmind.xm	3.32M	modulez/Jerry/darkmind.xm
file music-module	mirrors/scenesp.org/modulez/Jerry/darkside.xm	3.38M	modulez/Jerry/darkside.xm
file music-module	mirrors/scenesp.org/modulez/Jerry/distorted mind.xm	959.54K	modulez/Jerry/distorted mind.xm
file music-module	mirrors/scenesp.org/modulez/Jerry/funky people!.xm	401.68K	modulez/Jerry/funky people!.xm
file music-module	mirrors/scenesp.org/modulez/Jerry/inventional love.xm	1.81M	modulez/Jerry/inventional love.xm
file music-module	mirrors/scenesp.org/modulez/Jerry/little aquarius.xm	1.04M	modulez/Jerry/little aquarius.xm
file music-module	mirrors/scenesp.org/modulez/Jerry/millennium.xm	33.36K	modulez/Jerry/millennium.xm
file music-module	mirrors/scenesp.org/modulez/Jerry/obsolescent.xm	0.95M	modulez/Jerry/obsolescent.xm
file music-module	mirrors/scenesp.org/modulez/Jerry/starbreeze.xm	1.59M	modulez/Jerry/starbreeze.xm
file music-module	mirrors/scenesp.org/modulez/Jerry/susified.xm	2.98M	modulez/Jerry/susified.xm
file music-module	mirrors/scenesp.org/modulez/Jerry/the assault - first stage.xm	718.45K	modulez/Jerry/the assault - first stage.xm
file music-module	mirrors/scenesp.org/modulez/Jerry/the assault - second stage.xm	1.29M	modulez/Jerry/the assault - second stage.xm
file music-module	mirrors/scenesp.org/modulez/Jerry/the milky way.xm	91.12K	modulez/Jerry/the milky way.xm
file music-module	mirrors/scenesp.org/modulez/Jerry/vice versa.xm	196.40K	modulez/Jerry/vice versa.xm
file music-module	mirrors/scenesp.org/modulez/Jerry/western comfort.xm	1.60M	modulez/Jerry/western comfort.xm
file music-module	mirrors/scenesp.org/modulez/jobro/Anthem.xm	9.45K	modulez/jobro/Anthem.xm
file music-module	mirrors/scenesp.org/modulez/jobro/Behind the night.XM	768.85K	modulez/jobro/Behind the night.XM
file music-module	mirrors/scenesp.org/modulez/jobro/Breaj_Apart.XM	278.38K	modulez/jobro/Breaj_Apart.XM
file music-module	mirrors/scenesp.org/modulez/jobro/DAWN.XM	602.29K	modulez/jobro/DAWN.XM
file music-module	mirrors/scenesp.org/modulez/jobro/jobro_-_Best_served_chilled.xm	167.57K	modulez/jobro/jobro_-_Best_served_chilled.xm
file music-module	mirrors/scenesp.org/modulez/jobro/jobro_-_Unspecified_delivery.xm	13.63K	modulez/jobro/jobro_-_Unspecified_delivery.xm
file music-module	mirrors/scenesp.org/modulez/jobro/Prospect.XM	4.88M	modulez/jobro/Prospect.XM
file music-module	mirrors/scenesp.org/modulez/jobro/The_shape_of_things_to_come.XM	406.36K	modulez/jobro/The_shape_of_things_to_come.XM
file music-module	mirrors/scenesp.org/modulez/jobro/Until we meet again.XM	367.70K	modulez/jobro/Until we meet again.XM
file music-module	mirrors/scenesp.org/modulez/joule/joule-christian fairytales.xm	23.40K	modulez/joule/joule-christian fairytales.xm
file music-module	mirrors/scenesp.org/modulez/jvk/jvk_anoxia.xm	488.62K	modulez/jvk/jvk_anoxia.xm
file music-module	mirrors/scenesp.org/modulez/jvk/jvk_base.xm	33.92K	modulez/jvk/jvk_base.xm
file music-module	mirrors/scenesp.org/modulez/jvk/jvk_chips.xm	13.00K	modulez/jvk/jvk_chips.xm
file music-module	mirrors/scenesp.org/modulez/jvk/jvk_cornchips.xm	11.95K	modulez/jvk/jvk_cornchips.xm
file music-module	mirrors/scenesp.org/modulez/jvk/jvk_modlr.xm	495.62K	modulez/jvk/jvk_modlr.xm
file music-module	mirrors/scenesp.org/modulez/jvk/jvk_money.xm	30.85K	modulez/jvk/jvk_money.xm
file music-module	mirrors/scenesp.org/modulez/jvk/jvk_ninja.xm	15.38K	modulez/jvk/jvk_ninja.xm
file music-module	mirrors/scenesp.org/modulez/jvk/jvk_polyphony.xm	30.31K	modulez/jvk/jvk_polyphony.xm
file music-module	mirrors/scenesp.org/modulez/jvk/jvk_survival.xm	11.11K	modulez/jvk/jvk_survival.xm
file music-module	mirrors/scenesp.org/modulez/jvk/jvk_toejam.xm	28.29K	modulez/jvk/jvk_toejam.xm
file music-module	mirrors/scenesp.org/modulez/ko0x/brownandsweet5.xm	34.82K	modulez/ko0x/brownandsweet5.xm
file music-module	mirrors/scenesp.org/modulez/ko0x/ko0x_-_among the stars.xm	97.86K	modulez/ko0x/ko0x_-_among the stars.xm
file music-module	mirrors/scenesp.org/modulez/ko0x/ko0x_-_Snowman's_Land.xm	89.34K	modulez/ko0x/ko0x_-_Snowman's_Land.xm
file music-module	mirrors/scenesp.org/modulez/ko0x/ko0x_-_without_you.xm	62.63K	modulez/ko0x/ko0x_-_without_you.xm
file music-module	mirrors/scenesp.org/modulez/ko0x/ko0x_-_zenon.xm	54.40K	modulez/ko0x/ko0x_-_zenon.xm
file music-module	mirrors/scenesp.org/modulez/lafarge/cerror&lafarge_teameurope.xm	43.40K	modulez/lafarge/cerror&lafarge_teameurope.xm
file music-module	mirrors/scenesp.org/modulez/lafarge/lf_2prrm.xm	19.65K	modulez/lafarge/lf_2prrm.xm
file music-module	mirrors/scenesp.org/modulez/lafarge/lf_goodt.xm	12.56K	modulez/lafarge/lf_goodt.xm
file music-module	mirrors/scenesp.org/modulez/lafarge/lf_hotscn.xm	15.74K	modulez/lafarge/lf_hotscn.xm
file music-module	mirrors/scenesp.org/modulez/lafarge/lf_ttn1.xm	106.67K	modulez/lafarge/lf_ttn1.xm
file music-module	mirrors/scenesp.org/modulez/lafarge/lf_ttn4.xm	9.80K	modulez/lafarge/lf_ttn4.xm
file music-module	mirrors/scenesp.org/modulez/lafarge/lf_ttn5.xm	29.37K	modulez/lafarge/lf_ttn5.xm
file music-module	mirrors/scenesp.org/modulez/lamb/among_the_stars.xm	3.91K	modulez/lamb/among_the_stars.xm
file music-module	mirrors/scenesp.org/modulez/lamb/autumn_rain.xm	1.46K	modulez/lamb/autumn_rain.xm
file music-module	mirrors/scenesp.org/modulez/lamb/day_and_night.xm	29.30K	modulez/lamb/day_and_night.xm
file music-module	mirrors/scenesp.org/modulez/lamb/dom.xm	11.72K	modulez/lamb/dom.xm
file music-module	mirrors/scenesp.org/modulez/lamb/elfia_piesn.xm	14.65K	modulez/lamb/elfia_piesn.xm
file music-module	mirrors/scenesp.org/modulez/lamb/faerie_realm.xm	9.76K	modulez/lamb/faerie_realm.xm
file music-module	mirrors/scenesp.org/modulez/lamb/farewell_tears.xm	1.76K	modulez/lamb/farewell_tears.xm
file music-module	mirrors/scenesp.org/modulez/lamb/in_your_arms.xm	14.94K	modulez/lamb/in_your_arms.xm
file music-module	mirrors/scenesp.org/modulez/lamb/janosik.xm	9.76K	modulez/lamb/janosik.xm
file music-module	mirrors/scenesp.org/modulez/lamb/lightbeam.xm	31.99K	modulez/lamb/lightbeam.xm
file music-module	mirrors/scenesp.org/modulez/lamb/loneliness.xm	22.46K	modulez/lamb/loneliness.xm
file music-module	mirrors/scenesp.org/modulez/lamb/memoirs.xm	7.52K	modulez/lamb/memoirs.xm
file music-module	mirrors/scenesp.org/modulez/lamb/midnight.xm	46.88K	modulez/lamb/midnight.xm
file music-module	mirrors/scenesp.org/modulez/lamb/mind_validator.xm	27.34K	modulez/lamb/mind_validator.xm
file music-module	mirrors/scenesp.org/modulez/lamb/mus_hinther_oom.xm	39.06K	modulez/lamb/mus_hinther_oom.xm
file music-module	mirrors/scenesp.org/modulez/lamb/platki_sniegu.xm	4.75K	modulez/lamb/platki_sniegu.xm
file music-module	mirrors/scenesp.org/modulez/lamb/setting_sun.xm	29.30K	modulez/lamb/setting_sun.xm
file music-module	mirrors/scenesp.org/modulez/lamb/syksyinen_lehti.xm	8.69K	modulez/lamb/syksyinen_lehti.xm
file music-module	mirrors/scenesp.org/modulez/lamb/the_notebook.xm	31.99K	modulez/lamb/the_notebook.xm
file music-module	mirrors/scenesp.org/modulez/mano/%23000000 space.xm	33.10K	modulez/mano/%23000000 space.xm
file archive	mirrors/scenesp.org/modulez/meanall/ampheta-wi-tamine.xm.zip	766.84K	modulez/meanall/ampheta-wi-tamine.xm.zip
file archive	mirrors/scenesp.org/modulez/meanall/anna.xm.zip	218.48K	modulez/meanall/anna.xm.zip
file archive	mirrors/scenesp.org/modulez/meanall/apotheosis.xm.zip	119.73K	modulez/meanall/apotheosis.xm.zip
file archive	mirrors/scenesp.org/modulez/meanall/deep.xm.zip	531.45K	modulez/meanall/deep.xm.zip
file archive	mirrors/scenesp.org/modulez/meanall/dummy_the_idiot.xm.zip	102.09K	modulez/meanall/dummy_the_idiot.xm.zip
file archive	mirrors/scenesp.org/modulez/meanall/horror_street.xm.zip	353.79K	modulez/meanall/horror_street.xm.zip
file archive	mirrors/scenesp.org/modulez/meanall/infernal_thinks.xm.zip	160.24K	modulez/meanall/infernal_thinks.xm.zip
file archive	mirrors/scenesp.org/modulez/meanall/jam_session_number_one.xm.zip	102.76K	modulez/meanall/jam_session_number_one.xm.zip
file archive	mirrors/scenesp.org/modulez/meanall/underwater_odyssey.xm.zip	238.14K	modulez/meanall/underwater_odyssey.xm.zip
file music-module	mirrors/scenesp.org/modulez/meez/ANTI2FUL.XM	38.02K	modulez/meez/ANTI2FUL.XM
file music-module	mirrors/scenesp.org/modulez/meez/butterfly.XM	332.93K	modulez/meez/butterfly.XM
file music-module	mirrors/scenesp.org/modulez/meez/Shuv_ful.xm	27.94K	modulez/meez/Shuv_ful.xm
file music-module	mirrors/scenesp.org/modulez/michu/068.xm	14.14K	modulez/michu/068.xm
file music-module	mirrors/scenesp.org/modulez/michu/a little flower.xm	4.00K	modulez/michu/a little flower.xm
file music-module	mirrors/scenesp.org/modulez/michu/bakery.xm	38.67K	modulez/michu/bakery.xm
file music-module	mirrors/scenesp.org/modulez/michu/black.xm	0.96M	modulez/michu/black.xm
file music-module	mirrors/scenesp.org/modulez/michu/brudas.xm	277.28K	modulez/michu/brudas.xm
file music-module	mirrors/scenesp.org/modulez/michu/Crackin.xm	10.14K	modulez/michu/Crackin.xm
file music-module	mirrors/scenesp.org/modulez/michu/castle.xm	0.98K	modulez/michu/castle.xm
file music-module	mirrors/scenesp.org/modulez/michu/chiptro1.xm	34.74K	modulez/michu/chiptro1.xm
file music-module	mirrors/scenesp.org/modulez/michu/chiptro2.xm	14.59K	modulez/michu/chiptro2.xm
file music-module	mirrors/scenesp.org/modulez/michu/dualtime.xm	19.96K	modulez/michu/dualtime.xm
file music-module	mirrors/scenesp.org/modulez/michu/e-c.xm	32.48K	modulez/michu/e-c.xm
file music-module	mirrors/scenesp.org/modulez/michu/fantaz.xm	227.78K	modulez/michu/fantaz.xm
file music-module	mirrors/scenesp.org/modulez/michu/floating.xm	1.74M	modulez/michu/floating.xm
file music-module	mirrors/scenesp.org/modulez/michu/forgotten.xm	125.04K	modulez/michu/forgotten.xm
file music-module	mirrors/scenesp.org/modulez/michu/grookles chips.xm	38.28K	modulez/michu/grookles chips.xm
file music-module	mirrors/scenesp.org/modulez/michu/hump.xm	24.25K	modulez/michu/hump.xm
file music-module	mirrors/scenesp.org/modulez/michu/industrial.xm	375.91K	modulez/michu/industrial.xm
file music-module	mirrors/scenesp.org/modulez/michu/introtune.xm	27.39K	modulez/michu/introtune.xm
file music-module	mirrors/scenesp.org/modulez/michu/Jupiter_2.XM	24.55K	modulez/michu/Jupiter_2.XM
file music-module	mirrors/scenesp.org/modulez/michu/Kocmouch.xm	18.80K	modulez/michu/Kocmouch.xm
file music-module	mirrors/scenesp.org/modulez/michu/kernel.xm	16.56K	modulez/michu/kernel.xm
file music-module	mirrors/scenesp.org/modulez/michu/kiwi.xm	51.82K	modulez/michu/kiwi.xm
file music-module	mirrors/scenesp.org/modulez/michu/kiwi2.xm	27.33K	modulez/michu/kiwi2.xm
file music-module	mirrors/scenesp.org/modulez/michu/Like a Bird.xm	14.05K	modulez/michu/Like a Bird.xm
file music-module	mirrors/scenesp.org/modulez/michu/last.xm	15.99K	modulez/michu/last.xm
file music-module	mirrors/scenesp.org/modulez/michu/liftoff.xm	27.44K	modulez/michu/liftoff.xm
file music-module	mirrors/scenesp.org/modulez/michu/lvl1.xm	137.00K	modulez/michu/lvl1.xm
file music-module	mirrors/scenesp.org/modulez/michu/MichU - Jupiter.xm	8.11K	modulez/michu/MichU - Jupiter.xm
file music-module	mirrors/scenesp.org/modulez/michu/MichU - No Name Song.xm	85.02K	modulez/michu/MichU - No Name Song.xm
file music-module	mirrors/scenesp.org/modulez/michu/MichU - Saturday trip.xm	79.53K	modulez/michu/MichU - Saturday trip.xm
file music-module	mirrors/scenesp.org/modulez/michu/memory.xm	179.90K	modulez/michu/memory.xm
file music-module	mirrors/scenesp.org/modulez/michu/modek.xm	386.07K	modulez/michu/modek.xm
file music-module	mirrors/scenesp.org/modulez/michu/moogie.xm	428.45K	modulez/michu/moogie.xm
file music-module	mirrors/scenesp.org/modulez/michu/moogie_in_new_york.xm	796.54K	modulez/michu/moogie_in_new_york.xm
file music-module	mirrors/scenesp.org/modulez/michu/moutains.xm	434.28K	modulez/michu/moutains.xm
file music-module	mirrors/scenesp.org/modulez/michu/nico.xm	644.33K	modulez/michu/nico.xm
file music-module	mirrors/scenesp.org/modulez/michu/pita.xm	32.50K	modulez/michu/pita.xm
file music-module	mirrors/scenesp.org/modulez/michu/random.xm	19.99K	modulez/michu/random.xm
file music-module	mirrors/scenesp.org/modulez/michu/reboot.xm	29.42K	modulez/michu/reboot.xm
file music-module	mirrors/scenesp.org/modulez/michu/set.xm	32.86K	modulez/michu/set.xm
file music-module	mirrors/scenesp.org/modulez/michu/sex.xm	13.91K	modulez/michu/sex.xm
file music-module	mirrors/scenesp.org/modulez/michu/st2.xm	385.88K	modulez/michu/st2.xm
file music-module	mirrors/scenesp.org/modulez/michu/stardust.xm	21.75K	modulez/michu/stardust.xm
file music-module	mirrors/scenesp.org/modulez/michu/summer.xm	56.96K	modulez/michu/summer.xm
file music-module	mirrors/scenesp.org/modulez/michu/summerjob.xm	40.31K	modulez/michu/summerjob.xm
file music-module	mirrors/scenesp.org/modulez/michu/survivors.xm	50.83K	modulez/michu/survivors.xm
file music-module	mirrors/scenesp.org/modulez/michu/tejhno.xm	656.57K	modulez/michu/tejhno.xm
file music-module	mirrors/scenesp.org/modulez/michu/unknown.xm	18.31K	modulez/michu/unknown.xm
file music-module	mirrors/scenesp.org/modulez/michu/Wizard Land.xm	702.78K	modulez/michu/Wizard Land.xm
file music-module	mirrors/scenesp.org/modulez/migraine/mg_klein.XM	21.67K	modulez/migraine/mg_klein.XM
file music-module	mirrors/scenesp.org/modulez/migraine/mg_mrmon.XM	30.50K	modulez/migraine/mg_mrmon.XM
file music-module	mirrors/scenesp.org/modulez/migraine/mg_s4lif.xm	29.34K	modulez/migraine/mg_s4lif.xm
file music-module	mirrors/scenesp.org/modulez/mrgamer/MRGANET.XM	953.14K	modulez/mrgamer/MRGANET.XM
file music-module	mirrors/scenesp.org/modulez/mrgamer/MRGANNA.XM	433.20K	modulez/mrgamer/MRGANNA.XM
file music-module	mirrors/scenesp.org/modulez/mrgamer/MRGBACK.XM	810.80K	modulez/mrgamer/MRGBACK.XM
file music-module	mirrors/scenesp.org/modulez/mrgamer/MRGBEUT.XM	826.34K	modulez/mrgamer/MRGBEUT.XM
file music-module	mirrors/scenesp.org/modulez/mrgamer/MRGBLACK.XM	22.14K	modulez/mrgamer/MRGBLACK.XM
file music-module	mirrors/scenesp.org/modulez/mrgamer/MRGCHAN.XM	217.58K	modulez/mrgamer/MRGCHAN.XM
file music-module	mirrors/scenesp.org/modulez/mrgamer/MRGCHAR.XM	1.05M	modulez/mrgamer/MRGCHAR.XM
file music-module	mirrors/scenesp.org/modulez/mrgamer/MRGCHCO.XM	59.12K	modulez/mrgamer/MRGCHCO.XM
file music-module	mirrors/scenesp.org/modulez/mrgamer/MRGCHEX2.XM	4.90K	modulez/mrgamer/MRGCHEX2.XM
file music-module	mirrors/scenesp.org/modulez/mrgamer/MRGCHIP2.XM	113.31K	modulez/mrgamer/MRGCHIP2.XM
file music-module	mirrors/scenesp.org/modulez/mrgamer/MRGCHRIS.XM	20.00K	modulez/mrgamer/MRGCHRIS.XM
file music-module	mirrors/scenesp.org/modulez/mrgamer/MRGCOMP.XM	73.11K	modulez/mrgamer/MRGCOMP.XM
file music-module	mirrors/scenesp.org/modulez/mrgamer/MRGCRUIS.XM	345.72K	modulez/mrgamer/MRGCRUIS.XM
file music-module	mirrors/scenesp.org/modulez/mrgamer/MRGCUBI.XM	53.30K	modulez/mrgamer/MRGCUBI.XM
file music-module	mirrors/scenesp.org/modulez/mrgamer/MRGDAMP.XM	65.19K	modulez/mrgamer/MRGDAMP.XM
file music-module	mirrors/scenesp.org/modulez/mrgamer/MRGDANCE.XM	1.09M	modulez/mrgamer/MRGDANCE.XM
file music-module	mirrors/scenesp.org/modulez/mrgamer/MRGDANS.XM	31.15K	modulez/mrgamer/MRGDANS.XM
file music-module	mirrors/scenesp.org/modulez/mrgamer/MRGDEMEN.XM	24.70K	modulez/mrgamer/MRGDEMEN.XM
file music-module	mirrors/scenesp.org/modulez/mrgamer/MRGDIZT.XM	202.34K	modulez/mrgamer/MRGDIZT.XM
file music-module	mirrors/scenesp.org/modulez/mrgamer/MRGDURGH.XM	909.35K	modulez/mrgamer/MRGDURGH.XM
file music-module	mirrors/scenesp.org/modulez/mrgamer/MRGELEC.XM	77.25K	modulez/mrgamer/MRGELEC.XM
file music-module	mirrors/scenesp.org/modulez/mrgamer/MRGEND.XM	20.98K	modulez/mrgamer/MRGEND.XM
file music-module	mirrors/scenesp.org/modulez/mrgamer/MRGFOR.XM	1.08M	modulez/mrgamer/MRGFOR.XM
file music-module	mirrors/scenesp.org/modulez/mrgamer/MRGFRIEN.XM	429.87K	modulez/mrgamer/MRGFRIEN.XM
file music-module	mirrors/scenesp.org/modulez/mrgamer/MRGFUNK.XM	14.73K	modulez/mrgamer/MRGFUNK.XM
file music-module	mirrors/scenesp.org/modulez/mrgamer/MRGFUNK2.XM	11.91K	modulez/mrgamer/MRGFUNK2.XM
file music-module	mirrors/scenesp.org/modulez/mrgamer/MRGFURE.XM	2.94K	modulez/mrgamer/MRGFURE.XM
file music-module	mirrors/scenesp.org/modulez/mrgamer/MRGGAME.XM	66.14K	modulez/mrgamer/MRGGAME.XM
file music-module	mirrors/scenesp.org/modulez/mrgamer/MRGGMVI.XM	60.72K	modulez/mrgamer/MRGGMVI.XM
file music-module	mirrors/scenesp.org/modulez/mrgamer/MRGHOEST.XM	64.28K	modulez/mrgamer/MRGHOEST.XM
file music-module	mirrors/scenesp.org/modulez/mrgamer/MRGHURT.XM	184.14K	modulez/mrgamer/MRGHURT.XM
file music-module	mirrors/scenesp.org/modulez/mrgamer/MRGIC.XM	67.08K	modulez/mrgamer/MRGIC.XM
file music-module	mirrors/scenesp.org/modulez/mrgamer/MRGIDA.XM	467.80K	modulez/mrgamer/MRGIDA.XM
file music-module	mirrors/scenesp.org/modulez/mrgamer/MRGINTR.XM	800.51K	modulez/mrgamer/MRGINTR.XM
file music-module	mirrors/scenesp.org/modulez/mrgamer/MRGINTRO.XM	23.83K	modulez/mrgamer/MRGINTRO.XM
file music-module	mirrors/scenesp.org/modulez/mrgamer/MRGJAZZ.XM	1.48M	modulez/mrgamer/MRGJAZZ.XM
file music-module	mirrors/scenesp.org/modulez/mrgamer/MRGKLI2.XM	421.44K	modulez/mrgamer/MRGKLI2.XM
file music-module	mirrors/scenesp.org/modulez/mrgamer/MRGLAVI.XM	102.74K	modulez/mrgamer/MRGLAVI.XM
file music-module	mirrors/scenesp.org/modulez/mrgamer/MRGLOOP.XM	83.54K	modulez/mrgamer/MRGLOOP.XM
file music-module	mirrors/scenesp.org/modulez/mrgamer/MRGMYSTI.XM	1.10M	modulez/mrgamer/MRGMYSTI.XM
file music-module	mirrors/scenesp.org/modulez/mrgamer/MRGOLD.XM	116.25K	modulez/mrgamer/MRGOLD.XM
file music-module	mirrors/scenesp.org/modulez/mrgamer/MRGOSKAR.XM	103.13K	modulez/mrgamer/MRGOSKAR.XM
file music-module	mirrors/scenesp.org/modulez/mrgamer/MRGPAIN.XM	666.50K	modulez/mrgamer/MRGPAIN.XM
file music-module	mirrors/scenesp.org/modulez/mrgamer/MRGPLICK.XM	54.23K	modulez/mrgamer/MRGPLICK.XM
file music-module	mirrors/scenesp.org/modulez/mrgamer/MRGPROD.XM	102.90K	modulez/mrgamer/MRGPROD.XM
file music-module	mirrors/scenesp.org/modulez/mrgamer/MRGRESP.XM	80.42K	modulez/mrgamer/MRGRESP.XM
file music-module	mirrors/scenesp.org/modulez/mrgamer/MRGSHOR6.XM	53.32K	modulez/mrgamer/MRGSHOR6.XM
file music-module	mirrors/scenesp.org/modulez/mrgamer/MRGSINUS.XM	8.95K	modulez/mrgamer/MRGSINUS.XM
file music-module	mirrors/scenesp.org/modulez/mrgamer/MRGSLAET.XM	1.40M	modulez/mrgamer/MRGSLAET.XM
file music-module	mirrors/scenesp.org/modulez/mrgamer/MRGSPAC2.XM	2.42M	modulez/mrgamer/MRGSPAC2.XM
file music-module	mirrors/scenesp.org/modulez/mrgamer/MRGSPNV2.XM	163.12K	modulez/mrgamer/MRGSPNV2.XM
file music-module	mirrors/scenesp.org/modulez/mrgamer/MRGTECTO.XM	220.10K	modulez/mrgamer/MRGTECTO.XM
file music-module	mirrors/scenesp.org/modulez/mrgamer/MRGTEQQ.XM	187.71K	modulez/mrgamer/MRGTEQQ.XM
file music-module	mirrors/scenesp.org/modulez/mrgamer/MRGTHERE.XM	423.11K	modulez/mrgamer/MRGTHERE.XM
file music-module	mirrors/scenesp.org/modulez/mrgamer/MRGTIUO.XM	40.33K	modulez/mrgamer/MRGTIUO.XM
file music-module	mirrors/scenesp.org/modulez/mrgamer/MRGZELD.XM	14.39K	modulez/mrgamer/MRGZELD.XM
file music-module	mirrors/scenesp.org/modulez/mrgamer/Mrgall.xm	1.02M	modulez/mrgamer/Mrgall.xm
file music-module	mirrors/scenesp.org/modulez/mrgamer/Mrgspnvd.xm	140.21K	modulez/mrgamer/Mrgspnvd.xm
file music-module	mirrors/scenesp.org/modulez/nagz/ngz-hses.xm	10.98K	modulez/nagz/ngz-hses.xm
file archive	mirrors/scenesp.org/modulez/nefelim/dn-anno_domini-mpt.xm.zip	373.07K	modulez/nefelim/dn-anno_domini-mpt.xm.zip
file archive	mirrors/scenesp.org/modulez/nefelim/dn-byte_lullaby.xm.zip	52.82K	modulez/nefelim/dn-byte_lullaby.xm.zip
file archive	mirrors/scenesp.org/modulez/nefelim/dn-elude.xm.zip	2.18M	modulez/nefelim/dn-elude.xm.zip
file archive	mirrors/scenesp.org/modulez/nefelim/dn-gateway_architecture.xm.zip	13.48K	modulez/nefelim/dn-gateway_architecture.xm.zip
file archive	mirrors/scenesp.org/modulez/nefelim/dn-heavens.xm.zip	2.28M	modulez/nefelim/dn-heavens.xm.zip
file archive	mirrors/scenesp.org/modulez/nefelim/dn-ijtbg_tmdc.xm.zip	2.67M	modulez/nefelim/dn-ijtbg_tmdc.xm.zip
file archive	mirrors/scenesp.org/modulez/nefelim/dn-one_ordinal_day.xm.zip	21.17K	modulez/nefelim/dn-one_ordinal_day.xm.zip
file archive	mirrors/scenesp.org/modulez/nefelim/dn-phmix.xm.zip	587.79K	modulez/nefelim/dn-phmix.xm.zip
file archive	mirrors/scenesp.org/modulez/nefelim/dn-rfuel.xm.zip	756.71K	modulez/nefelim/dn-rfuel.xm.zip
file archive	mirrors/scenesp.org/modulez/nefelim/dn-rsong.xm.zip	843.55K	modulez/nefelim/dn-rsong.xm.zip
file archive	mirrors/scenesp.org/modulez/nefelim/dn-ruthelis-mpt.xm.zip	1.02M	modulez/nefelim/dn-ruthelis-mpt.xm.zip
file archive	mirrors/scenesp.org/modulez/nefelim/dn-snow_rain-fix.xm.zip	759.04K	modulez/nefelim/dn-snow_rain-fix.xm.zip
file archive	mirrors/scenesp.org/modulez/nefelim/dn-star_fall.xm.rar	161.57K	modulez/nefelim/dn-star_fall.xm.rar
file archive	mirrors/scenesp.org/modulez/nefelim/dn-tka-lose.xm.zip	84.46K	modulez/nefelim/dn-tka-lose.xm.zip
file archive	mirrors/scenesp.org/modulez/nefelim/dn-tka-menu.xm.zip	1.50M	modulez/nefelim/dn-tka-menu.xm.zip
file archive	mirrors/scenesp.org/modulez/nefelim/dn-tka-wmap.xm.zip	707.71K	modulez/nefelim/dn-tka-wmap.xm.zip
file archive	mirrors/scenesp.org/modulez/nefelim/dn-tka-xari.xm.zip	1.43M	modulez/nefelim/dn-tka-xari.xm.zip
file archive	mirrors/scenesp.org/modulez/nefelim/dn-vily.xm.zip	24.05K	modulez/nefelim/dn-vily.xm.zip
file archive	mirrors/scenesp.org/modulez/nefelim/dn-xgoal.xm.zip	1.18M	modulez/nefelim/dn-xgoal.xm.zip
file archive	mirrors/scenesp.org/modulez/nefelim/dn_gvf-oksana-mpt.xm.zip	0.96M	modulez/nefelim/dn_gvf-oksana-mpt.xm.zip
file archive	mirrors/scenesp.org/modulez/nefelim/gvf_dn-iren.xm.zip	495.79K	modulez/nefelim/gvf_dn-iren.xm.zip
file music-module	mirrors/scenesp.org/modulez/nula/BEERY.XM	3.89K	modulez/nula/BEERY.XM
file music-module	mirrors/scenesp.org/modulez/nula/i_dont.xm	4.00K	modulez/nula/i_dont.xm
file music-module	mirrors/scenesp.org/modulez/nula/MACGYVER.XM	89.91K	modulez/nula/MACGYVER.XM
file music-module	mirrors/scenesp.org/modulez/nula/marast_i.xm	70.71K	modulez/nula/marast_i.xm
file music-module	mirrors/scenesp.org/modulez/nula/SPARCZCI.XM	329.17K	modulez/nula/SPARCZCI.XM
file music-module	mirrors/scenesp.org/modulez/nula/sadko.xm	7.71K	modulez/nula/sadko.xm
file music-module	mirrors/scenesp.org/modulez/nula/the_drop.xm	62.45K	modulez/nula/the_drop.xm
file music-module	mirrors/scenesp.org/modulez/null1024/doomedTechnicMecha.xm	137.45K	modulez/null1024/doomedTechnicMecha.xm
file music-module	mirrors/scenesp.org/modulez/null1024/dot_D_slash_S_.xm	18.90K	modulez/null1024/dot_D_slash_S_.xm
file music-module	mirrors/scenesp.org/modulez/null1024/humanitarius.xm	192.08K	modulez/null1024/humanitarius.xm
file music-module	mirrors/scenesp.org/modulez/null1024/humanitarius2.xm	190.83K	modulez/null1024/humanitarius2.xm
file music-module	mirrors/scenesp.org/modulez/null1024/humanitarius3.xm	213.50K	modulez/null1024/humanitarius3.xm
file music-module	mirrors/scenesp.org/modulez/null1024/raveOfTheMadman.xm	339.50K	modulez/null1024/raveOfTheMadman.xm
file music-module	mirrors/scenesp.org/modulez/Okeanos/Antitartre.xm	28.47K	modulez/Okeanos/Antitartre.xm
file music-module	mirrors/scenesp.org/modulez/Okeanos/CAPITAINE_FLAM.xm	76.74K	modulez/Okeanos/CAPITAINE_FLAM.xm
file music-module	mirrors/scenesp.org/modulez/Okeanos/DeProfundis.xm	34.24K	modulez/Okeanos/DeProfundis.xm
file music-module	mirrors/scenesp.org/modulez/Okeanos/dzwonek swobody.xm	28.48K	modulez/Okeanos/dzwonek swobody.xm
file music-module	mirrors/scenesp.org/modulez/Okeanos/Frenchip.xm	10.39K	modulez/Okeanos/Frenchip.xm
file music-module	mirrors/scenesp.org/modulez/Okeanos/Funny_House.xm	41.04K	modulez/Okeanos/Funny_House.xm
file music-module	mirrors/scenesp.org/modulez/Okeanos/fish land.xm	44.07K	modulez/Okeanos/fish land.xm
file music-module	mirrors/scenesp.org/modulez/Okeanos/IKKISTHEME.xm	262.67K	modulez/Okeanos/IKKISTHEME.xm
file music-module	mirrors/scenesp.org/modulez/Okeanos/JazzFusion_Mood.xm	289.06K	modulez/Okeanos/JazzFusion_Mood.xm
file music-module	mirrors/scenesp.org/modulez/Okeanos/Kanji attack.xm	261.30K	modulez/Okeanos/Kanji attack.xm
file music-module	mirrors/scenesp.org/modulez/Okeanos/La pesca milagrosa!.xm	25.70K	modulez/Okeanos/La pesca milagrosa!.xm
file music-module	mirrors/scenesp.org/modulez/Okeanos/Like an e-bird.xm	36.90K	modulez/Okeanos/Like an e-bird.xm
file music-module	mirrors/scenesp.org/modulez/Okeanos/Money_Burns.xm	215.65K	modulez/Okeanos/Money_Burns.xm
file music-module	mirrors/scenesp.org/modulez/Okeanos/MouthTrap-InGame1.xm	30.63K	modulez/Okeanos/MouthTrap-InGame1.xm
file music-module	mirrors/scenesp.org/modulez/Okeanos/MouthTrap-InGame2.xm	24.99K	modulez/Okeanos/MouthTrap-InGame2.xm
file music-module	mirrors/scenesp.org/modulez/Okeanos/psychedelic waves.xm	20.67K	modulez/Okeanos/psychedelic waves.xm
file music-module	mirrors/scenesp.org/modulez/Okeanos/Rising Sun.xm	200.36K	modulez/Okeanos/Rising Sun.xm
file music-module	mirrors/scenesp.org/modulez/Okeanos/Spring Dreams.xm	31.07K	modulez/Okeanos/Spring Dreams.xm
file music-module	mirrors/scenesp.org/modulez/Okeanos/s0ftdrink0verdose.xm	50.75K	modulez/Okeanos/s0ftdrink0verdose.xm
file music-module	mirrors/scenesp.org/modulez/Okeanos/trapdoor_megamix.xm	95.41K	modulez/Okeanos/trapdoor_megamix.xm
file music-module	mirrors/scenesp.org/modulez/ogge/O&Z_LEMM.xm	60.80K	modulez/ogge/O&Z_LEMM.xm
file music-module	mirrors/scenesp.org/modulez/ogge/ogg-compdest.xm	26.93K	modulez/ogge/ogg-compdest.xm
file music-module	mirrors/scenesp.org/modulez/ogge/ogg-cumshot_lane.xm	25.39K	modulez/ogge/ogg-cumshot_lane.xm
file music-module	mirrors/scenesp.org/modulez/ogge/ogg-kuken.xm	35.76K	modulez/ogge/ogg-kuken.xm
file music-module	mirrors/scenesp.org/modulez/ogge/ogg-ss.xm	41.68K	modulez/ogge/ogg-ss.xm
file music-module	mirrors/scenesp.org/modulez/ogge/ogg-vaeder.xm	46.17K	modulez/ogge/ogg-vaeder.xm
file music-module	mirrors/scenesp.org/modulez/ogge/ogg_dp.xm	25.22K	modulez/ogge/ogg_dp.xm
file music-module	mirrors/scenesp.org/modulez/ogge/rpseas.xm	40.46K	modulez/ogge/rpseas.xm
file music-module	mirrors/scenesp.org/modulez/ogge/w_mcrs.xm	22.58K	modulez/ogge/w_mcrs.xm
file music-module	mirrors/scenesp.org/modulez/P4V14N_LOV3/CHIPPA.xm	817.33K	modulez/P4V14N_LOV3/CHIPPA.xm
file music-module	mirrors/scenesp.org/modulez/P4V14N_LOV3/GRINGILIA.xm	197.99K	modulez/P4V14N_LOV3/GRINGILIA.xm
file music-module	mirrors/scenesp.org/modulez/P4V14N_LOV3/gringle.xm	95.60K	modulez/P4V14N_LOV3/gringle.xm
file music-module	mirrors/scenesp.org/modulez/P4V14N_LOV3/KASZANKA.xm	564.55K	modulez/P4V14N_LOV3/KASZANKA.xm
file music-module	mirrors/scenesp.org/modulez/P4V14N_LOV3/MANIAC.xm	36.23K	modulez/P4V14N_LOV3/MANIAC.xm
file music-module	mirrors/scenesp.org/modulez/P4V14N_LOV3/Spermpetum.xm	665.28K	modulez/P4V14N_LOV3/Spermpetum.xm
file music-module	mirrors/scenesp.org/modulez/Phonolith303/LFO-TEST.xm	1.45K	modulez/Phonolith303/LFO-TEST.xm
file music-module	mirrors/scenesp.org/modulez/Phonolith303/LFO2TEST.xm	1.59K	modulez/Phonolith303/LFO2TEST.xm
file music-module	mirrors/scenesp.org/modulez/Phonolith303/PNL303_ACE_ID.xm	38.25K	modulez/Phonolith303/PNL303_ACE_ID.xm
file music-module	mirrors/scenesp.org/modulez/Phonolith303/PNL303_ALLEIN.xm	2.58M	modulez/Phonolith303/PNL303_ALLEIN.xm
file music-module	mirrors/scenesp.org/modulez/Phonolith303/PNL303_Fremen.xm	48.19K	modulez/Phonolith303/PNL303_Fremen.xm
file music-module	mirrors/scenesp.org/modulez/Phonolith303/PNL303_Fremen15-013.xm	47.22K	modulez/Phonolith303/PNL303_Fremen15-013.xm
file music-module	mirrors/scenesp.org/modulez/Phonolith303/PNL303_Fremix43.xm	464.89K	modulez/Phonolith303/PNL303_Fremix43.xm
file music-module	mirrors/scenesp.org/modulez/Phonolith303/PNL303_GOA1-033.xm	180.55K	modulez/Phonolith303/PNL303_GOA1-033.xm
file music-module	mirrors/scenesp.org/modulez/Phonolith303/PNL303_HARDKISS.xm	125.90K	modulez/Phonolith303/PNL303_HARDKISS.xm
file music-module	mirrors/scenesp.org/modulez/Phonolith303/PNL303_LUCY16.xm	628.37K	modulez/Phonolith303/PNL303_LUCY16.xm
file music-module	mirrors/scenesp.org/modulez/Phonolith303/PNL303_Nailed05.xm	169.52K	modulez/Phonolith303/PNL303_Nailed05.xm
file music-module	mirrors/scenesp.org/modulez/Phonolith303/PNL303_Nailed20.xm	484.68K	modulez/Phonolith303/PNL303_Nailed20.xm
file music-module	mirrors/scenesp.org/modulez/Phonolith303/PNL303_Nailed21.xm	1.40M	modulez/Phonolith303/PNL303_Nailed21.xm
file music-module	mirrors/scenesp.org/modulez/Phonolith303/PNL303_SAMX.xm	86.88K	modulez/Phonolith303/PNL303_SAMX.xm
file music-module	mirrors/scenesp.org/modulez/Phonolith303/PNL303_VISIONS08.xm	484.60K	modulez/Phonolith303/PNL303_VISIONS08.xm
file music-module	mirrors/scenesp.org/modulez/Phonolith303/PNL303_WINSND.xm	2.23M	modulez/Phonolith303/PNL303_WINSND.xm
file music-module	mirrors/scenesp.org/modulez/Phonolith303/playback.xm	1.04K	modulez/Phonolith303/playback.xm
file music-module	mirrors/scenesp.org/modulez/Phonolith303/VIB-TEST.XM	1.29K	modulez/Phonolith303/VIB-TEST.XM
file music-module	mirrors/scenesp.org/modulez/phibxr/ph-echoes.xm	2.21M	modulez/phibxr/ph-echoes.xm
file music-module	mirrors/scenesp.org/modulez/phibxr/ph-galaxy.xm	27.28K	modulez/phibxr/ph-galaxy.xm
file music-module	mirrors/scenesp.org/modulez/phibxr/ph-rlyeh.xm	267.72K	modulez/phibxr/ph-rlyeh.xm
file archive	mirrors/scenesp.org/modulez/pluks/pk_rosita.xm.zip	743.07K	modulez/pluks/pk_rosita.xm.zip
file music-module	mirrors/scenesp.org/modulez/roshomusic/BEEPO.XM	6.41K	modulez/roshomusic/BEEPO.XM
file music-module	mirrors/scenesp.org/modulez/roshomusic/ENERGY.XM	132.68K	modulez/roshomusic/ENERGY.XM
file music-module	mirrors/scenesp.org/modulez/Shinobi/Al Paloma everkliner.xm	30.40K	modulez/Shinobi/Al Paloma everkliner.xm
file music-module	mirrors/scenesp.org/modulez/Shinobi/Another Way.xm	410.93K	modulez/Shinobi/Another Way.xm
file music-module	mirrors/scenesp.org/modulez/Shinobi/As.xm	176.21K	modulez/Shinobi/As.xm
file music-module	mirrors/scenesp.org/modulez/Shinobi/astrophilia.xm	95.31K	modulez/Shinobi/astrophilia.xm
file music-module	mirrors/scenesp.org/modulez/Shinobi/cryogenic tale.xm	305.74K	modulez/Shinobi/cryogenic tale.xm
file music-module	mirrors/scenesp.org/modulez/Shinobi/Dream Accelerator.xm	546.63K	modulez/Shinobi/Dream Accelerator.xm
file music-module	mirrors/scenesp.org/modulez/Shinobi/Electric droplets.xm	448.59K	modulez/Shinobi/Electric droplets.xm
file music-module	mirrors/scenesp.org/modulez/Shinobi/Holointerference.xm	1.02M	modulez/Shinobi/Holointerference.xm
file music-module	mirrors/scenesp.org/modulez/Shinobi/Lacedon.xm	3.71M	modulez/Shinobi/Lacedon.xm
file music-module	mirrors/scenesp.org/modulez/Shinobi/modulator.xm	12.82K	modulez/Shinobi/modulator.xm
file music-module	mirrors/scenesp.org/modulez/Shinobi/Neon Caravane.xm	1.26M	modulez/Shinobi/Neon Caravane.xm
file music-module	mirrors/scenesp.org/modulez/Shinobi/One step ahead.xm	22.43K	modulez/Shinobi/One step ahead.xm
file music-module	mirrors/scenesp.org/modulez/Shinobi/Pfandflasche.xm	8.35K	modulez/Shinobi/Pfandflasche.xm
file music-module	mirrors/scenesp.org/modulez/Shinobi/Polygon Icycle.xm	26.50K	modulez/Shinobi/Polygon Icycle.xm
file music-module	mirrors/scenesp.org/modulez/Shinobi/Robodoc.xm	74.31K	modulez/Shinobi/Robodoc.xm
file music-module	mirrors/scenesp.org/modulez/Shinobi/SAKUGARD.XM	1.95M	modulez/Shinobi/SAKUGARD.XM
file music-module	mirrors/scenesp.org/modulez/Shinobi/Sog.xm	16.13K	modulez/Shinobi/Sog.xm
file music-module	mirrors/scenesp.org/modulez/Shinobi/STARCHAS.XM	51.28K	modulez/Shinobi/STARCHAS.XM
file music-module	mirrors/scenesp.org/modulez/Str0be/AmpliStrobe-PassionField_final.xm	96.13K	modulez/Str0be/AmpliStrobe-PassionField_final.xm
file music-module	mirrors/scenesp.org/modulez/Str0be/strobe-bunny_needs_a_hugv101.xm	665.45K	modulez/Str0be/strobe-bunny_needs_a_hugv101.xm
file music-module	mirrors/scenesp.org/modulez/shyz/shyz_-_keep_walking.xm	1.19M	modulez/shyz/shyz_-_keep_walking.xm
file music-module	mirrors/scenesp.org/modulez/shyz/the_likeness.xm	62.41K	modulez/shyz/the_likeness.xm
file music-module	mirrors/scenesp.org/modulez/skuter/among the stars.xm	3.91K	modulez/skuter/among the stars.xm
file music-module	mirrors/scenesp.org/modulez/skuter/autumn rain.xm	1.46K	modulez/skuter/autumn rain.xm
file music-module	mirrors/scenesp.org/modulez/skuter/day and night.xm	29.30K	modulez/skuter/day and night.xm
file music-module	mirrors/scenesp.org/modulez/skuter/dom.xm	11.72K	modulez/skuter/dom.xm
file music-module	mirrors/scenesp.org/modulez/skuter/ebony owl netsuke.xm	26.37K	modulez/skuter/ebony owl netsuke.xm
file music-module	mirrors/scenesp.org/modulez/skuter/elfia piesn.xm	14.65K	modulez/skuter/elfia piesn.xm
file music-module	mirrors/scenesp.org/modulez/skuter/faerie realm.xm	9.76K	modulez/skuter/faerie realm.xm
file music-module	mirrors/scenesp.org/modulez/skuter/farewell tears.xm	1.76K	modulez/skuter/farewell tears.xm
file music-module	mirrors/scenesp.org/modulez/skuter/in your arms.xm	14.94K	modulez/skuter/in your arms.xm
file music-module	mirrors/scenesp.org/modulez/skuter/janosik.xm	9.76K	modulez/skuter/janosik.xm
file music-module	mirrors/scenesp.org/modulez/skuter/lightbeam.xm	31.99K	modulez/skuter/lightbeam.xm
file music-module	mirrors/scenesp.org/modulez/skuter/loneliness.xm	22.46K	modulez/skuter/loneliness.xm
file music-module	mirrors/scenesp.org/modulez/skuter/memoirs.xm	7.52K	modulez/skuter/memoirs.xm
file music-module	mirrors/scenesp.org/modulez/skuter/midnight.xm	46.88K	modulez/skuter/midnight.xm
file music-module	mirrors/scenesp.org/modulez/skuter/mind validator.xm	27.34K	modulez/skuter/mind validator.xm
file music-module	mirrors/scenesp.org/modulez/skuter/mus hinther oom.xm	39.06K	modulez/skuter/mus hinther oom.xm
file music-module	mirrors/scenesp.org/modulez/skuter/platki sniegu.xm	4.75K	modulez/skuter/platki sniegu.xm
file music-module	mirrors/scenesp.org/modulez/skuter/setting sun.xm	28.32K	modulez/skuter/setting sun.xm
file music-module	mirrors/scenesp.org/modulez/skuter/syksyinen lehti.xm	8.69K	modulez/skuter/syksyinen lehti.xm
file music-module	mirrors/scenesp.org/modulez/skuter/the notebook.xm	31.99K	modulez/skuter/the notebook.xm
file music-module	mirrors/scenesp.org/modulez/svenzzon/sv_alpha.xm	34.88K	modulez/svenzzon/sv_alpha.xm
file music-module	mirrors/scenesp.org/modulez/svenzzon/sv_chip2.xm	9.48K	modulez/svenzzon/sv_chip2.xm
file music-module	mirrors/scenesp.org/modulez/svenzzon/sv_chipn.xm	54.96K	modulez/svenzzon/sv_chipn.xm
file music-module	mirrors/scenesp.org/modulez/svenzzon/sv_dbc10.xm	26.78K	modulez/svenzzon/sv_dbc10.xm
file music-module	mirrors/scenesp.org/modulez/svenzzon/sv_evoke.xm	16.39K	modulez/svenzzon/sv_evoke.xm
file music-module	mirrors/scenesp.org/modulez/svenzzon/sv_flimb.xm	20.81K	modulez/svenzzon/sv_flimb.xm
file music-module	mirrors/scenesp.org/modulez/svenzzon/sv_flink.xm	50.65K	modulez/svenzzon/sv_flink.xm
file music-module	mirrors/scenesp.org/modulez/svenzzon/sv_gradu.xm	37.56K	modulez/svenzzon/sv_gradu.xm
file music-module	mirrors/scenesp.org/modulez/svenzzon/sv_happy.xm	30.84K	modulez/svenzzon/sv_happy.xm
file music-module	mirrors/scenesp.org/modulez/svenzzon/sv_outl.xm	74.36K	modulez/svenzzon/sv_outl.xm
file music-module	mirrors/scenesp.org/modulez/svenzzon/sv_outl2.xm	30.67K	modulez/svenzzon/sv_outl2.xm
file music-module	mirrors/scenesp.org/modulez/svenzzon/sv_phroz.xm	38.54K	modulez/svenzzon/sv_phroz.xm
file music-module	mirrors/scenesp.org/modulez/svenzzon/sv_quart.xm	46.58K	modulez/svenzzon/sv_quart.xm
file music-module	mirrors/scenesp.org/modulez/svenzzon/sv_sac01.xm	25.49K	modulez/svenzzon/sv_sac01.xm
file music-module	mirrors/scenesp.org/modulez/svenzzon/sv_sac02.xm	21.94K	modulez/svenzzon/sv_sac02.xm
file music-module	mirrors/scenesp.org/modulez/svenzzon/sv_sac03.xm	19.09K	modulez/svenzzon/sv_sac03.xm
file music-module	mirrors/scenesp.org/modulez/svenzzon/sv_sac04.xm	30.76K	modulez/svenzzon/sv_sac04.xm
file music-module	mirrors/scenesp.org/modulez/svenzzon/sv_sac05.xm	6.84K	modulez/svenzzon/sv_sac05.xm
file music-module	mirrors/scenesp.org/modulez/svenzzon/sv_sprin.xm	21.34K	modulez/svenzzon/sv_sprin.xm
file music-module	mirrors/scenesp.org/modulez/svenzzon/sv_thero.xm	67.87K	modulez/svenzzon/sv_thero.xm
file music-module	mirrors/scenesp.org/modulez/svenzzon/sv_webpi.xm	16.24K	modulez/svenzzon/sv_webpi.xm
file music-module	mirrors/scenesp.org/modulez/svenzzon/sv_ztech.xm	33.61K	modulez/svenzzon/sv_ztech.xm
file music-module	mirrors/scenesp.org/modulez/troll/troll_-_piraternas_resa.xm	15.45K	modulez/troll/troll_-_piraternas_resa.xm
file music-module	mirrors/scenesp.org/modulez/troll/troll_-_sommarchip.xm	17.11K	modulez/troll/troll_-_sommarchip.xm
file music-module	mirrors/scenesp.org/modulez/Vision/OceaRain.xm	835.55K	modulez/Vision/OceaRain.xm
file music-module	mirrors/scenesp.org/modulez/volk/brokenpiece.xm	372.03K	modulez/volk/brokenpiece.xm
file music-module	mirrors/scenesp.org/modulez/volk/ColdlyWalking.xm	61.80K	modulez/volk/ColdlyWalking.xm
file music-module	mirrors/scenesp.org/modulez/volk/culturalmoai.xm	427.87K	modulez/volk/culturalmoai.xm
file music-module	mirrors/scenesp.org/modulez/volk/Drumntrance.xm	425.20K	modulez/volk/Drumntrance.xm
file music-module	mirrors/scenesp.org/modulez/volk/Fragments.xm	232.41K	modulez/volk/Fragments.xm
file music-module	mirrors/scenesp.org/modulez/volk/kijkbox1.xm	322.03K	modulez/volk/kijkbox1.xm
file music-module	mirrors/scenesp.org/modulez/volk/lizzard.xm	519.25K	modulez/volk/lizzard.xm
file music-module	mirrors/scenesp.org/modulez/volk/Oceandive.xm	22.56K	modulez/volk/Oceandive.xm
file music-module	mirrors/scenesp.org/modulez/XBALL/1-4 One.xm	362.93K	modulez/XBALL/1-4 One.xm
file music-module	mirrors/scenesp.org/modulez/XBALL/Baptizzzst.xm	908.78K	modulez/XBALL/Baptizzzst.xm
file music-module	mirrors/scenesp.org/modulez/XBALL/Brilliant Disguise.xm	339.53K	modulez/XBALL/Brilliant Disguise.xm
file music-module	mirrors/scenesp.org/modulez/XBALL/Corridor.xm	219.92K	modulez/XBALL/Corridor.xm
file music-module	mirrors/scenesp.org/modulez/XBALL/E v e r y t h i n g.xm	501.68K	modulez/XBALL/E v e r y t h i n g.xm
file music-module	mirrors/scenesp.org/modulez/XBALL/I don't like myself... .xm	645.19K	modulez/XBALL/I don't like myself... .xm
file music-module	mirrors/scenesp.org/modulez/XBALL/Luminess.xm	318.99K	modulez/XBALL/Luminess.xm
file music-module	mirrors/scenesp.org/modulez/XBALL/Mind Warp 4.xm	276.34K	modulez/XBALL/Mind Warp 4.xm
file music-module	mirrors/scenesp.org/modulez/XBALL/O'ne kkream for u.xm	359.44K	modulez/XBALL/O'ne kkream for u.xm
file music-module	mirrors/scenesp.org/modulez/XBALL/Panama Way.xm	0.99M	modulez/XBALL/Panama Way.xm
file music-module	mirrors/the_scene_archives/The_Scene_Archives_Vol_05/Disks_are_in_Here/Disks_4752_To_4800/4797-4798-Assem_96_Music/ORBITING.XM	841.62K	The_Scene_Archives_Vol_05/Disks_are_in_Here/Disks_4752_To_4800/4797-4798-Assem_96_Music/ORBITING.XM
file music-module	mirrors/the_scene_archives/The_Scene_Archives_Vol_05/Disks_are_in_Here/Disks_4752_To_4800/4797-4798-Assem_96_Music/SUBCONS.XM	777.98K	The_Scene_Archives_Vol_05/Disks_are_in_Here/Disks_4752_To_4800/4797-4798-Assem_96_Music/SUBCONS.XM
file music-module	mirrors/the_scene_archives/The_Scene_Archives_Vol_05/Disks_are_in_Here/Disks_4752_To_4800/4797-4798-Assem_96_Music/WHEN.XM	505.37K	The_Scene_Archives_Vol_05/Disks_are_in_Here/Disks_4752_To_4800/4797-4798-Assem_96_Music/WHEN.XM
file archive has-diz	music/artists/benjam/benjam_beyondbrokendreams.xm.zip	16.43K	benjam/benjam_beyondbrokendreams.xm.zip
file archive has-diz	music/artists/benjam/benjam_konfituere.xm.zip	168.10K	benjam/benjam_konfituere.xm.zip
file archive has-diz	music/artists/benjam/benjam_tum99.xm.zip	325.91K	benjam/benjam_tum99.xm.zip
file	music/artists/blackf/fb.xmp	97B	blackf/fb.xmp
file music-module	music/artists/carlos/1.xm	4.04K	carlos/1.xm
file music-module	music/artists/carlos/100.xm	925.07K	carlos/100.xm
file music-module	music/artists/carlos/303.xm	586.96K	carlos/303.xm
file music-module	music/artists/carlos/4ch.xm	446.40K	carlos/4ch.xm
file music-module	music/artists/carlos/8k.xm	28.35K	carlos/8k.xm
file music-module	music/artists/carlos/99.xm	1.23M	carlos/99.xm
file music-module	music/artists/carlos/abrand.xm	0.97M	carlos/abrand.xm
file music-module	music/artists/carlos/all.xm	3.52M	carlos/all.xm
file music-module	music/artists/carlos/ambihauz.xm	534.03K	carlos/ambihauz.xm
file music-module	music/artists/carlos/anima2.xm	7.90M	carlos/anima2.xm
file music-module	music/artists/carlos/autumn.xm	1.88M	carlos/autumn.xm
file music-module	music/artists/carlos/autumnleaves.xm	4.79M	carlos/autumnleaves.xm
file music-module	music/artists/carlos/azz.xm	276.70K	carlos/azz.xm
file music-module	music/artists/carlos/bachshit.xm	6.64M	carlos/bachshit.xm
file music-module	music/artists/carlos/backup.xm	621.93K	carlos/backup.xm
file music-module	music/artists/carlos/bazz.xm	578.02K	carlos/bazz.xm
file music-module	music/artists/carlos/beauty3.xm	4.81M	carlos/beauty3.xm
file music-module	music/artists/carlos/bencaven.xm	275.06K	carlos/bencaven.xm
file music-module	music/artists/carlos/benkilla.xm	517.21K	carlos/benkilla.xm
file music-module	music/artists/carlos/bentcop.xm	846.86K	carlos/bentcop.xm
file music-module	music/artists/carlos/bitch.xm	1.10M	carlos/bitch.xm
file music-module	music/artists/carlos/blue.xm	0.96M	carlos/blue.xm
file music-module	music/artists/carlos/blues.xm	587.86K	carlos/blues.xm
file music-module	music/artists/carlos/bocifunk.xm	530.12K	carlos/bocifunk.xm
file music-module	music/artists/carlos/bodyandsoul.xm	4.80M	carlos/bodyandsoul.xm
file music-module	music/artists/carlos/bos2s.xm	3.04M	carlos/bos2s.xm
file music-module	music/artists/carlos/boss.xm	1.25M	carlos/boss.xm
file music-module	music/artists/carlos/bossa.xm	0.97M	carlos/bossa.xm
file music-module	music/artists/carlos/bpest.xm	779.18K	carlos/bpest.xm
file music-module	music/artists/carlos/bukas.xm	1.02M	carlos/bukas.xm
file music-module	music/artists/carlos/buko.xm	1.40M	carlos/buko.xm
file music-module	music/artists/carlos/b_p-autm.xm	234.13K	carlos/b_p-autm.xm
file music-module	music/artists/carlos/b_p-neve.xm	909.74K	carlos/b_p-neve.xm
file music-module	music/artists/carlos/b_p-regi.xm	731.82K	carlos/b_p-regi.xm
file music-module	music/artists/carlos/b_p_autm.xm	234.13K	carlos/b_p_autm.xm
file music-module	music/artists/carlos/b_p_neve.xm	909.74K	carlos/b_p_neve.xm
file music-module	music/artists/carlos/b_p_regi.xm	731.82K	carlos/b_p_regi.xm
file music-module	music/artists/carlos/c.xm	971.86K	carlos/c.xm
file music-module	music/artists/carlos/c2.xm	5.34M	carlos/c2.xm
file music-module	music/artists/carlos/c64killer.xm	519.26K	carlos/c64killer.xm
file music-module	music/artists/carlos/cafe.xm	611.18K	carlos/cafe.xm
file music-module	music/artists/carlos/cassio.xm	2.94M	carlos/cassio.xm
file music-module	music/artists/carlos/cassio2.xm	2.97M	carlos/cassio2.xm
file music-module	music/artists/carlos/celebr8.xm	360.58K	carlos/celebr8.xm
file music-module	music/artists/carlos/chick.xm	6.51M	carlos/chick.xm
file music-module	music/artists/carlos/chip.xm	4.86K	carlos/chip.xm
file music-module	music/artists/carlos/copacaba.xm	416.25K	carlos/copacaba.xm
file music-module	music/artists/carlos/dal1.xm	0.95M	carlos/dal1.xm
file music-module	music/artists/carlos/dal2.xm	0.96M	carlos/dal2.xm
file music-module	music/artists/carlos/dallam.xm	457.09K	carlos/dallam.xm
file music-module	music/artists/carlos/dallas.xm	497.64K	carlos/dallas.xm
file music-module	music/artists/carlos/demo.xm	0.96M	carlos/demo.xm
file music-module	music/artists/carlos/demo3.xm	1.03M	carlos/demo3.xm
file music-module	music/artists/carlos/djservic.xm	461.51K	carlos/djservic.xm
file music-module	music/artists/carlos/dob.xm	937.22K	carlos/dob.xm
file music-module	music/artists/carlos/dob2.xm	719.21K	carlos/dob2.xm
file music-module	music/artists/carlos/dobalap.xm	4.80M	carlos/dobalap.xm
file music-module	music/artists/carlos/dobb.xm	697.37K	carlos/dobb.xm
file music-module	music/artists/carlos/doinit.xm	1.86M	carlos/doinit.xm
file music-module	music/artists/carlos/doinit2.xm	1.86M	carlos/doinit2.xm
file music-module	music/artists/carlos/draqlah.xm	374.69K	carlos/draqlah.xm
file music-module	music/artists/carlos/dream.xm	543.76K	carlos/dream.xm
file music-module	music/artists/carlos/duplikum.xm	394.57K	carlos/duplikum.xm
file music-module	music/artists/carlos/f2os.xm	783.82K	carlos/f2os.xm
file music-module	music/artists/carlos/fakefunk.xm	1.05M	carlos/fakefunk.xm
file music-module	music/artists/carlos/fanki.xm	318.37K	carlos/fanki.xm
file music-module	music/artists/carlos/felho.xm	1.57M	carlos/felho.xm
file music-module	music/artists/carlos/fnight.xm	462.54K	carlos/fnight.xm
file music-module	music/artists/carlos/fox_last.xm	664.84K	carlos/fox_last.xm
file music-module	music/artists/carlos/funk.xm	25.50K	carlos/funk.xm
file music-module	music/artists/carlos/funker.xm	817.20K	carlos/funker.xm
file music-module	music/artists/carlos/funkmp2.xm	7.27M	carlos/funkmp2.xm
file music-module	music/artists/carlos/funkmp3.xm	5.26M	carlos/funkmp3.xm
file music-module	music/artists/carlos/funkshit.xm	489.52K	carlos/funkshit.xm
file music-module	music/artists/carlos/funky.xm	111.95K	carlos/funky.xm
file music-module	music/artists/carlos/funky3.xm	548.66K	carlos/funky3.xm
file music-module	music/artists/carlos/fuvos.xm	403.08K	carlos/fuvos.xm
file music-module	music/artists/carlos/f_jimmy.xm	323.00K	carlos/f_jimmy.xm
file music-module	music/artists/carlos/gabbbah.xm	474.20K	carlos/gabbbah.xm
file music-module	music/artists/carlos/gabber.xm	169.12K	carlos/gabber.xm
file music-module	music/artists/carlos/girl.xm	385.57K	carlos/girl.xm
file music-module	music/artists/carlos/girl2f.xm	4.30M	carlos/girl2f.xm
file music-module	music/artists/carlos/girlf.xm	4.07M	carlos/girlf.xm
file music-module	music/artists/carlos/girlf3.xm	2.80M	carlos/girlf3.xm
file music-module	music/artists/carlos/gitar.xm	484.66K	carlos/gitar.xm
file music-module	music/artists/carlos/grandpa.xm	2.16M	carlos/grandpa.xm
file music-module	music/artists/carlos/gumuska.xm	750.71K	carlos/gumuska.xm
file music-module	music/artists/carlos/halvany.xm	911.46K	carlos/halvany.xm
file music-module	music/artists/carlos/hangmp3.xm	553.96K	carlos/hangmp3.xm
file music-module	music/artists/carlos/hangulat.xm	553.96K	carlos/hangulat.xm
file music-module	music/artists/carlos/hb.xm	2.89M	carlos/hb.xm
file music-module	music/artists/carlos/hidden.xm	111.25K	carlos/hidden.xm
file music-module	music/artists/carlos/houbaze.xm	666.56K	carlos/houbaze.xm
file music-module	music/artists/carlos/house.xm	732.75K	carlos/house.xm
file music-module	music/artists/carlos/house_ii.xm	315.06K	carlos/house_ii.xm
file music-module	music/artists/carlos/housvibe.xm	376.32K	carlos/housvibe.xm
file music-module	music/artists/carlos/hypnohop.xm	468.71K	carlos/hypnohop.xm
file music-module	music/artists/carlos/igenlame.xm	790.08K	carlos/igenlame.xm
file music-module	music/artists/carlos/igor.xm	3.34M	carlos/igor.xm
file music-module	music/artists/carlos/infinity.xm	343.49K	carlos/infinity.xm
file music-module	music/artists/carlos/inloveinvain.xm	4.79M	carlos/inloveinvain.xm
file music-module	music/artists/carlos/instinct.xm	484.78K	carlos/instinct.xm
file music-module	music/artists/carlos/intro.xm	56.09K	carlos/intro.xm
file music-module	music/artists/carlos/intro2.xm	68.79K	carlos/intro2.xm
file music-module	music/artists/carlos/intro3.xm	78.79K	carlos/intro3.xm
file music-module	music/artists/carlos/involve.xm	480.73K	carlos/involve.xm
file music-module	music/artists/carlos/jatek.xm	1.54M	carlos/jatek.xm
file music-module	music/artists/carlos/jazzin.xm	3.93M	carlos/jazzin.xm
file music-module	music/artists/carlos/jazzin2.xm	3.93M	carlos/jazzin2.xm
file music-module	music/artists/carlos/jazzshit.xm	6.64M	carlos/jazzshit.xm
file music-module	music/artists/carlos/jazzt2.xm	347.27K	carlos/jazzt2.xm
file music-module	music/artists/carlos/jazztact.xm	279.03K	carlos/jazztact.xm
file music-module	music/artists/carlos/jelek.xm	4.80M	carlos/jelek.xm
file music-module	music/artists/carlos/john.xm	3.03M	carlos/john.xm
file music-module	music/artists/carlos/johnnie.xm	44.66K	carlos/johnnie.xm
file music-module	music/artists/carlos/jungle.xm	691.74K	carlos/jungle.xm
file music-module	music/artists/carlos/k.xm	2.44M	carlos/k.xm
file music-module	music/artists/carlos/kalt.xm	2.25M	carlos/kalt.xm
file music-module	music/artists/carlos/kiserl2.xm	2.25M	carlos/kiserl2.xm
file music-module	music/artists/carlos/kiserlet.xm	3.69M	carlos/kiserlet.xm
file music-module	music/artists/carlos/km.xm	177.61K	carlos/km.xm
file music-module	music/artists/carlos/komplex.xm	881.59K	carlos/komplex.xm
file music-module	music/artists/carlos/lam4.xm	926.66K	carlos/lam4.xm
file music-module	music/artists/carlos/lame.xm	775.26K	carlos/lame.xm
file music-module	music/artists/carlos/lanten.xm	4.81M	carlos/lanten.xm
file music-module	music/artists/carlos/lanten2.xm	4.81M	carlos/lanten2.xm
file music-module	music/artists/carlos/latinlo.xm	1.93M	carlos/latinlo.xm
file music-module	music/artists/carlos/latinlov.xm	1.93M	carlos/latinlov.xm
file music-module	music/artists/carlos/lazybass.xm	704.45K	carlos/lazybass.xm
file music-module	music/artists/carlos/lazyboy.xm	795.16K	carlos/lazyboy.xm
file music-module	music/artists/carlos/lostin.xm	443.93K	carlos/lostin.xm
file music-module	music/artists/carlos/lostin2.xm	804.57K	carlos/lostin2.xm
file music-module	music/artists/carlos/ltnspir.xm	779.89K	carlos/ltnspir.xm
file music-module	music/artists/carlos/mandula.xm	712.11K	carlos/mandula.xm
file music-module	music/artists/carlos/mayday3.xm	457.33K	carlos/mayday3.xm
file music-module	music/artists/carlos/metro.xm	774.44K	carlos/metro.xm
file music-module	music/artists/carlos/metro2.xm	902.08K	carlos/metro2.xm
file music-module	music/artists/carlos/missio4n.xm	944.26K	carlos/missio4n.xm
file music-module	music/artists/carlos/monica.xm	1.02M	carlos/monica.xm
file music-module	music/artists/carlos/monica17.xm	1.92M	carlos/monica17.xm
file music-module	music/artists/carlos/monte.xm	861.86K	carlos/monte.xm
file music-module	music/artists/carlos/morbid.xm	381.17K	carlos/morbid.xm
file music-module	music/artists/carlos/myfoolishheart.xm	4.80M	carlos/myfoolishheart.xm
file music-module	music/artists/carlos/myhouse.xm	657.21K	carlos/myhouse.xm
file music-module	music/artists/carlos/nemtudom.xm	962.91K	carlos/nemtudom.xm
file music-module	music/artists/carlos/nightime.xm	281.63K	carlos/nightime.xm
file music-module	music/artists/carlos/nujazz.xm	2.85M	carlos/nujazz.xm
file music-module	music/artists/carlos/object1.xm	310.99K	carlos/object1.xm
file music-module	music/artists/carlos/overtherainbow.xm	4.79M	carlos/overtherainbow.xm
file music-module	music/artists/carlos/pack.xm	19.27K	carlos/pack.xm
file music-module	music/artists/carlos/pangae2a.xm	3.34M	carlos/pangae2a.xm
file music-module	music/artists/carlos/pangaea.xm	553.52K	carlos/pangaea.xm
file music-module	music/artists/carlos/photo.xm	424.12K	carlos/photo.xm
file music-module	music/artists/carlos/pillango.xm	168.40K	carlos/pillango.xm
file music-module	music/artists/carlos/raga.xm	3.48M	carlos/raga.xm
file music-module	music/artists/carlos/raga2.xm	1.50M	carlos/raga2.xm
file music-module	music/artists/carlos/rage.xm	749.22K	carlos/rage.xm
file music-module	music/artists/carlos/regi.xm	591.18K	carlos/regi.xm
file music-module	music/artists/carlos/rejnbo.xm	1.94M	carlos/rejnbo.xm
file music-module	music/artists/carlos/rockfos.xm	1.69M	carlos/rockfos.xm
file music-module	music/artists/carlos/roll.xm	377.94K	carlos/roll.xm
file music-module	music/artists/carlos/rossz.xm	829.88K	carlos/rossz.xm
file music-module	music/artists/carlos/rossz2.xm	835.91K	carlos/rossz2.xm
file music-module	music/artists/carlos/sea.xm	689.67K	carlos/sea.xm
file music-module	music/artists/carlos/shii.xm	759.12K	carlos/shii.xm
file music-module	music/artists/carlos/shit.xm	2.97M	carlos/shit.xm
file music-module	music/artists/carlos/shitrock.xm	934.54K	carlos/shitrock.xm
file music-module	music/artists/carlos/sitt.xm	2.14M	carlos/sitt.xm
file music-module	music/artists/carlos/skm.xm	787.65K	carlos/skm.xm
file music-module	music/artists/carlos/sky.xm	657.85K	carlos/sky.xm
file music-module	music/artists/carlos/so_what.xm	465.08K	carlos/so_what.xm
file music-module	music/artists/carlos/speed.xm	297.96K	carlos/speed.xm
file music-module	music/artists/carlos/spinit.xm	343.85K	carlos/spinit.xm
file music-module	music/artists/carlos/spinit2.xm	375.02K	carlos/spinit2.xm
file music-module	music/artists/carlos/stars.xm	391.92K	carlos/stars.xm
file music-module	music/artists/carlos/susu2.xm	3.73M	carlos/susu2.xm
file music-module	music/artists/carlos/susu3.xm	3.73M	carlos/susu3.xm
file music-module	music/artists/carlos/swetgirl.xm	495.80K	carlos/swetgirl.xm
file music-module	music/artists/carlos/syja.xm	428.86K	carlos/syja.xm
file music-module	music/artists/carlos/szappan.xm	3.88M	carlos/szappan.xm
file music-module	music/artists/carlos/szappan2.xm	2.45M	carlos/szappan2.xm
file music-module	music/artists/carlos/szunnyog.xm	21.17K	carlos/szunnyog.xm
file music-module	music/artists/carlos/szunyog.xm	228.75K	carlos/szunyog.xm
file music-module	music/artists/carlos/takeit.xm	604.86K	carlos/takeit.xm
file music-module	music/artists/carlos/tax_last.xm	439.51K	carlos/tax_last.xm
file music-module	music/artists/carlos/teatime.xm	374.82K	carlos/teatime.xm
file music-module	music/artists/carlos/tek.xm	478.21K	carlos/tek.xm
file music-module	music/artists/carlos/thief.xm	462.78K	carlos/thief.xm
file music-module	music/artists/carlos/toy.xm	691.05K	carlos/toy.xm
file music-module	music/artists/carlos/trabant.xm	469.95K	carlos/trabant.xm
file music-module	music/artists/carlos/triste.xm	1.26M	carlos/triste.xm
file music-module	music/artists/carlos/ugynok.xm	36.94K	carlos/ugynok.xm
file music-module	music/artists/carlos/vesztes.xm	923.12K	carlos/vesztes.xm
file music-module	music/artists/carlos/vinyl.xm	607.39K	carlos/vinyl.xm
file music-module	music/artists/carlos/viva.xm	292.57K	carlos/viva.xm
file music-module	music/artists/carlos/vosztok.xm	1.13M	carlos/vosztok.xm
file music-module	music/artists/carlos/waltz.xm	82.24K	carlos/waltz.xm
file music-module	music/artists/carlos/whisky2.xm	0.98M	carlos/whisky2.xm
file music-module	music/artists/carlos/will.xm	976.56K	carlos/will.xm
file music-module	music/artists/carlos/worksong.xm	615.95K	carlos/worksong.xm
file music-module	music/artists/carlos/wrong.xm	553.09K	carlos/wrong.xm
file music-module	music/artists/carlos/y.xm	602.03K	carlos/y.xm
file music-module	music/artists/carlos/yremix.xm	633.12K	carlos/yremix.xm
file music-module	music/artists/carlos/z.xm	1.00M	carlos/z.xm
file music-module	music/artists/carlos/zongi.xm	206.05K	carlos/zongi.xm
file music-module	music/artists/carlos/zsaru.xm	1.00M	carlos/zsaru.xm
file music-module	music/artists/cerror/n_gen_01.xm	33.76K	cerror/n_gen_01.xm
file music-module	music/artists/cerror/n_gen_02.xm	39.67K	cerror/n_gen_02.xm
file music-module	music/artists/cerror/n_gen_03.xm	25.71K	cerror/n_gen_03.xm
file music-module	music/artists/cerror/n_gen_04.xm	17.03K	cerror/n_gen_04.xm
file music-module	music/artists/cyberc/autoexec.xm	181.36K	cyberc/autoexec.xm
file music-module	music/artists/cyberc/cc_jvla.xm	2.22M	cyberc/cc_jvla.xm
file music-module	music/artists/cyberc/cc_peace.xm	1.37M	cyberc/cc_peace.xm
file music-module	music/artists/djzip/1997/dance.xm	526.95K	djzip/1997/dance.xm
file music-module	music/artists/djzip/1997/km_voic.xm	364.62K	djzip/1997/km_voic.xm
file music-module	music/artists/djzip/1997/reality.xm	1.01M	djzip/1997/reality.xm
file music-module	music/artists/djzip/1998/aqualog.xm	633.36K	djzip/1998/aqualog.xm
file music-module	music/artists/djzip/1998/bluedog.xm	430.66K	djzip/1998/bluedog.xm
file music-module	music/artists/djzip/1998/coffee.xm	650.07K	djzip/1998/coffee.xm
file music-module	music/artists/djzip/1998/djz_lbfu.xm	609.21K	djzip/1998/djz_lbfu.xm
file music-module	music/artists/djzip/1998/djz_make.xm	1.01M	djzip/1998/djz_make.xm
file music-module	music/artists/djzip/1998/djz_poof.xm	194.86K	djzip/1998/djz_poof.xm
file music-module	music/artists/djzip/1998/djz_tetr.xm	409.69K	djzip/1998/djz_tetr.xm
file music-module	music/artists/djzip/1998/fiskbull.xm	9.70K	djzip/1998/fiskbull.xm
file music-module	music/artists/djzip/1998/km_druid.xm	325.49K	djzip/1998/km_druid.xm
file music-module	music/artists/djzip/1998/k_bvibe.xm	828.91K	djzip/1998/k_bvibe.xm
file music-module	music/artists/djzip/1998/k_garden.xm	907.93K	djzip/1998/k_garden.xm
file music-module	music/artists/djzip/1998/portals.xm	385.37K	djzip/1998/portals.xm
file music-module	music/artists/djzip/1998/pyjamas.xm	573.61K	djzip/1998/pyjamas.xm
file music-module	music/artists/djzip/1999/k_delic.xm	952.89K	djzip/1999/k_delic.xm
file music-module	music/artists/djzip/1999/zipp_30mincompo.xm	248.30K	djzip/1999/zipp_30mincompo.xm
file music-module	music/artists/djzip/1999/zipp_chillcompo02.xm	217.27K	djzip/1999/zipp_chillcompo02.xm
file music-module	music/artists/djzip/1999/zipp_chillcompo10.xm	34.33K	djzip/1999/zipp_chillcompo10.xm
file music-module	music/artists/djzip/1999/zipp_chipndale08.xm	35.52K	djzip/1999/zipp_chipndale08.xm
file music-module	music/artists/djzip/1999/zipp_chipndale10.xm	25.36K	djzip/1999/zipp_chipndale10.xm
file music-module	music/artists/djzip/1999/zipp_chipndale11.xm	20.62K	djzip/1999/zipp_chipndale11.xm
file music-module	music/artists/doennes/dnsftm.xm	701.28K	doennes/dnsftm.xm
file music-module	music/artists/doennes/dnsudkmf.xm	163.45K	doennes/dnsudkmf.xm
file music-module	music/artists/fby/pc_fasttracker/ethnika.xm	749.54K	fby/pc_fasttracker/ethnika.xm
file music-module	music/artists/fby/pc_fasttracker/lamu_urusei_yatsura.xm	281.13K	fby/pc_fasttracker/lamu_urusei_yatsura.xm
file music-module	music/artists/fby/pc_fasttracker/morningafter.xm	653.18K	fby/pc_fasttracker/morningafter.xm
file music-module	music/artists/fby/pc_fasttracker/strangeflower.xm	976.56K	fby/pc_fasttracker/strangeflower.xm
file music-module	music/artists/fby/pc_fasttracker/sunshine.xm	585.94K	fby/pc_fasttracker/sunshine.xm
file music-module	music/artists/fby/pc_fasttracker/undersea.xm	799.48K	fby/pc_fasttracker/undersea.xm
file music-module	music/artists/maf/claped.xm	477.74K	maf/claped.xm
file music-module	music/artists/maf/cocoon_land.xm	360.11K	maf/cocoon_land.xm
file music-module	music/artists/maf/coredp22.xm	1.04M	maf/coredp22.xm
file music-module	music/artists/maf/mafland.xm	1.20M	maf/mafland.xm
file music-module	music/artists/md/appelxm/appel1.xm	2.11M	md/appelxm/appel1.xm
file music-module	music/artists/md/appelxm/appel10.xm	4.77M	md/appelxm/appel10.xm
file music-module	music/artists/md/appelxm/appel11.xm	1.26M	md/appelxm/appel11.xm
file music-module	music/artists/md/appelxm/appel2.xm	2.04M	md/appelxm/appel2.xm
file music-module	music/artists/md/appelxm/appel3.xm	2.83M	md/appelxm/appel3.xm
file music-module	music/artists/md/appelxm/appel4.xm	3.22M	md/appelxm/appel4.xm
file music-module	music/artists/md/appelxm/appel5.xm	0.99M	md/appelxm/appel5.xm
file music-module	music/artists/md/appelxm/appel6.xm	2.34M	md/appelxm/appel6.xm
file music-module	music/artists/md/appelxm/appel7.xm	5.23M	md/appelxm/appel7.xm
file music-module	music/artists/md/appelxm/appel8.xm	1.81M	md/appelxm/appel8.xm
file music-module	music/artists/md/appelxm/appel9.xm	2.81M	md/appelxm/appel9.xm
file music-module	music/artists/mellow-d/appelxm/appel1.xm	2.11M	mellow-d/appelxm/appel1.xm
file music-module	music/artists/mellow-d/appelxm/appel10.xm	4.77M	mellow-d/appelxm/appel10.xm
file music-module	music/artists/mellow-d/appelxm/appel11.xm	1.26M	mellow-d/appelxm/appel11.xm
file music-module	music/artists/mellow-d/appelxm/appel2.xm	2.04M	mellow-d/appelxm/appel2.xm
file music-module	music/artists/mellow-d/appelxm/appel3.xm	2.83M	mellow-d/appelxm/appel3.xm
file music-module	music/artists/mellow-d/appelxm/appel4.xm	3.22M	mellow-d/appelxm/appel4.xm
file music-module	music/artists/mellow-d/appelxm/appel5.xm	0.99M	mellow-d/appelxm/appel5.xm
file music-module	music/artists/mellow-d/appelxm/appel6.xm	2.34M	mellow-d/appelxm/appel6.xm
file music-module	music/artists/mellow-d/appelxm/appel7.xm	5.23M	mellow-d/appelxm/appel7.xm
file music-module	music/artists/mellow-d/appelxm/appel8.xm	1.81M	mellow-d/appelxm/appel8.xm
file music-module	music/artists/mellow-d/appelxm/appel9.xm	2.81M	mellow-d/appelxm/appel9.xm
file music-module	music/artists/radix/chiptune/2000/coop2000.xm	3.66M	radix/chiptune/2000/coop2000.xm
file	music/artists/radix/mp3/2009/Leandi/sfp08flac_files.xml	2.51K	radix/mp3/2009/Leandi/sfp08flac_files.xml
file	music/artists/radix/mp3/2009/Leandi/sfp08flac_meta.xml	2.09K	radix/mp3/2009/Leandi/sfp08flac_meta.xml
file music-module	music/artists/realsmokers/lifedrive.xm	825.34K	realsmokers/lifedrive.xm
file music-module	music/artists/stinger/janus.xm	106.01K	stinger/janus.xm
file music-module	music/artists/t-101/tnt_att.xm	687.96K	t-101/tnt_att.xm
file archive	music/artists/ultrasyd/ultrasydx3chbidule.xm.zip	4.61K	ultrasyd/ultrasydx3chbidule.xm.zip
file archive	music/artists/ultrasyd/ultrasydxabstract_tracking.xm.zip	9.59K	ultrasyd/ultrasydxabstract_tracking.xm.zip
file archive	music/artists/ultrasyd/ultrasydxhappy.xm.zip	24.04K	ultrasyd/ultrasydxhappy.xm.zip
file archive	music/artists/ultrasyd/ultrasydxpizza.xm.zip	7.14K	ultrasyd/ultrasydxpizza.xm.zip
file archive	music/artists/ultrasyd/ultrasydxsss.xm.zip	3.20K	ultrasyd/ultrasydxsss.xm.zip
file archive	music/artists/willbe/modules/singles/willbe-dripdropgame.xm.zip	1.40M	willbe/modules/singles/willbe-dripdropgame.xm.zip
file music-module	music/artists/xavier/shades.xm	944.88K	xavier/shades.xm
file music-module	music/artists/zipp/1997/dance.xm	526.95K	zipp/1997/dance.xm
file music-module	music/artists/zipp/1997/km_voic.xm	364.62K	zipp/1997/km_voic.xm
file music-module	music/artists/zipp/1997/reality.xm	1.01M	zipp/1997/reality.xm
file music-module	music/artists/zipp/1998/aqualog.xm	633.36K	zipp/1998/aqualog.xm
file music-module	music/artists/zipp/1998/bluedog.xm	430.66K	zipp/1998/bluedog.xm
file music-module	music/artists/zipp/1998/coffee.xm	650.07K	zipp/1998/coffee.xm
file music-module	music/artists/zipp/1998/djz_lbfu.xm	609.21K	zipp/1998/djz_lbfu.xm
file music-module	music/artists/zipp/1998/djz_make.xm	1.01M	zipp/1998/djz_make.xm
file music-module	music/artists/zipp/1998/djz_poof.xm	194.86K	zipp/1998/djz_poof.xm
file music-module	music/artists/zipp/1998/djz_tetr.xm	409.69K	zipp/1998/djz_tetr.xm
file music-module	music/artists/zipp/1998/fiskbull.xm	9.70K	zipp/1998/fiskbull.xm
file music-module	music/artists/zipp/1998/km_druid.xm	325.49K	zipp/1998/km_druid.xm
file music-module	music/artists/zipp/1998/k_bvibe.xm	828.91K	zipp/1998/k_bvibe.xm
file music-module	music/artists/zipp/1998/k_garden.xm	907.93K	zipp/1998/k_garden.xm
file music-module	music/artists/zipp/1998/portals.xm	385.37K	zipp/1998/portals.xm
file music-module	music/artists/zipp/1998/pyjamas.xm	573.61K	zipp/1998/pyjamas.xm
file music-module	music/artists/zipp/1999/k_delic.xm	952.89K	zipp/1999/k_delic.xm
file music-module	music/artists/zipp/1999/zipp_30mincompo.xm	248.30K	zipp/1999/zipp_30mincompo.xm
file music-module	music/artists/zipp/1999/zipp_chillcompo02.xm	217.27K	zipp/1999/zipp_chillcompo02.xm
file music-module	music/artists/zipp/1999/zipp_chillcompo10.xm	34.33K	zipp/1999/zipp_chillcompo10.xm
file music-module	music/artists/zipp/1999/zipp_chipndale08.xm	35.52K	zipp/1999/zipp_chipndale08.xm
file music-module	music/artists/zipp/1999/zipp_chipndale10.xm	25.36K	zipp/1999/zipp_chipndale10.xm
file music-module	music/artists/zipp/1999/zipp_chipndale11.xm	20.62K	zipp/1999/zipp_chipndale11.xm
file music-module	music/compos/chill11/mangoman.xm	407.72K	chill11/mangoman.xm
file music-module	music/compos/chill19/ch19_smp.xm	724.29K	chill19/ch19_smp.xm
file music-module	music/compos/explosive26/chiptune_music/this_is_not_a_chip.xm	29.87K	explosive26/chiptune_music/this_is_not_a_chip.xm
file music-module	music/compos/explosive26/combined_music/displace3---xavi-alexander-kelleesh24-.xm	576.00K	explosive26/combined_music/displace3---xavi-alexander-kelleesh24-.xm
file music-module	music/compos/explosive26/remix/mptk.xm	519.38K	explosive26/remix/mptk.xm
file music-module	music/compos/extensive_chip_compo/silent_-_blinky_intro.xm	31.17K	extensive_chip_compo/silent_-_blinky_intro.xm
file archive has-diz	music/disks/1999-an_.xm_odyssey.zip	56.92M	1999-an_.xm_odyssey.zip
file music-module	music/groups/cyberpunk/cp1_shoc.xm	2.33M	cyberpunk/cp1_shoc.xm
file music-module	music/groups/flange/2002/mr.d-bvinstaller.xm	68.05K	flange/2002/mr.d-bvinstaller.xm
file music-module	music/groups/flange/2002/mr.d-snowflakes.xm	648.58K	flange/2002/mr.d-snowflakes.xm
file music-module	music/groups/gravemotion/silence/backhell.xm	643.79K	gravemotion/silence/backhell.xm
file music-module	music/groups/gravemotion/silence/chamber.xm	588.93K	gravemotion/silence/chamber.xm
file music-module	music/groups/gravemotion/silence/chamber2.xm	631.91K	gravemotion/silence/chamber2.xm
file music-module	music/groups/gravemotion/silence/coffin.xm	410.67K	gravemotion/silence/coffin.xm
file music-module	music/groups/gravemotion/silence/downtown.xm	367.72K	gravemotion/silence/downtown.xm
file music-module	music/groups/gravemotion/silence/downtown2.xm	378.62K	gravemotion/silence/downtown2.xm
file music-module	music/groups/gravemotion/silence/gr2003fm.xm	18.22K	gravemotion/silence/gr2003fm.xm
file music-module	music/groups/gravemotion/silence/gravem2.xm	655.08K	gravemotion/silence/gravem2.xm
file music-module	music/groups/gravemotion/silence/gravem3.xm	911.80K	gravemotion/silence/gravem3.xm
file music-module	music/groups/gravemotion/silence/gravem4.xm	916.93K	gravemotion/silence/gravem4.xm
file music-module	music/groups/gravemotion/silence/gravemzk.xm	655.02K	gravemotion/silence/gravemzk.xm
file music-module	music/groups/gravemotion/silence/heavygr.xm	390.78K	gravemotion/silence/heavygr.xm
file music-module	music/groups/gravemotion/silence/heavygr2.xm	410.50K	gravemotion/silence/heavygr2.xm
file music-module	music/groups/gravemotion/silence/hell.xm	661.89K	gravemotion/silence/hell.xm
file music-module	music/groups/gravemotion/silence/hell20.xm	662.67K	gravemotion/silence/hell20.xm
file music-module	music/groups/gravemotion/silence/hell3.xm	650.77K	gravemotion/silence/hell3.xm
file music-module	music/groups/gravemotion/silence/hell4.xm	682.72K	gravemotion/silence/hell4.xm
file music-module	music/groups/gravemotion/silence/repost.xm	374.88K	gravemotion/silence/repost.xm
file music-module	music/groups/gravemotion/silence/repost2.xm	375.16K	gravemotion/silence/repost2.xm
file music-module	music/groups/gravemotion/to_die_in_moscow/gm-damned2.xm	290.07K	gravemotion/to_die_in_moscow/gm-damned2.xm
file music-module	music/groups/gravemotion/to_die_in_moscow/gm-downtown2-lsv.xm	258.73K	gravemotion/to_die_in_moscow/gm-downtown2-lsv.xm
file music-module	music/groups/gravemotion/to_die_in_moscow/gm-moscow5am-se.xm	453.92K	gravemotion/to_die_in_moscow/gm-moscow5am-se.xm
file music-module	music/groups/gravemotion/to_die_in_moscow/gm-moscow5am.xm	453.90K	gravemotion/to_die_in_moscow/gm-moscow5am.xm
file music-module	music/groups/gravemotion/to_die_in_moscow/gm-mystery2.xm	477.04K	gravemotion/to_die_in_moscow/gm-mystery2.xm
file music-module	music/groups/gravemotion/to_die_in_moscow/gm-mystery3.xm	526.87K	gravemotion/to_die_in_moscow/gm-mystery3.xm
file music-module	music/groups/gravemotion/to_die_in_moscow/gm-negation_of_reality.xm	431.32K	gravemotion/to_die_in_moscow/gm-negation_of_reality.xm
file music-module	music/groups/gravemotion/to_die_in_moscow/gm-ode_to_domir_suxx.xm	1.44M	gravemotion/to_die_in_moscow/gm-ode_to_domir_suxx.xm
file music-module	music/groups/mephtik/mephtik_2/infey-facca.xm	104.04K	mephtik/mephtik_2/infey-facca.xm
file music-module	music/groups/mephtik/mephtik_2/infey-september_11th..xm	325.09K	mephtik/mephtik_2/infey-september_11th..xm
file music-module	music/groups/scientific/old_releases/(scientific_002)_maverick-escape_from_reality.xm	2.89M	scientific/old_releases/(scientific_002)_maverick-escape_from_reality.xm
file music-module	music/groups/scientific/old_releases/(scientific_002)_mentz-this.xm	1.54M	scientific/old_releases/(scientific_002)_mentz-this.xm
file music-module	music/groups/scientific/old_releases/(scientific_003)_tyree-solitude.xm	1.90M	scientific/old_releases/(scientific_003)_tyree-solitude.xm
file music-module	music/groups/sound_alliance/1995/abit.xm	92.97K	sound_alliance/1995/abit.xm
file music-module	music/groups/sound_alliance/1995/assasin.xm	241.29K	sound_alliance/1995/assasin.xm
file music-module	music/groups/sound_alliance/1995/bitch.xm	530.59K	sound_alliance/1995/bitch.xm
file music-module	music/groups/sound_alliance/1995/bodyc.xm	180.74K	sound_alliance/1995/bodyc.xm
file music-module	music/groups/sound_alliance/1995/candyman.xm	1.61M	sound_alliance/1995/candyman.xm
file music-module	music/groups/sound_alliance/1995/cores!.xm	130.17K	sound_alliance/1995/cores!.xm
file music-module	music/groups/sound_alliance/1995/dark-mix.xm	618.53K	sound_alliance/1995/dark-mix.xm
file music-module	music/groups/sound_alliance/1995/dark301.xm	680.11K	sound_alliance/1995/dark301.xm
file music-module	music/groups/sound_alliance/1995/devast.xm	243.58K	sound_alliance/1995/devast.xm
file music-module	music/groups/sound_alliance/1995/dontmove.xm	436.75K	sound_alliance/1995/dontmove.xm
file music-module	music/groups/sound_alliance/1995/dreamthm.xm	382.92K	sound_alliance/1995/dreamthm.xm
file music-module	music/groups/sound_alliance/1995/dunno.xm	131.12K	sound_alliance/1995/dunno.xm
file music-module	music/groups/sound_alliance/1995/einde.xm	293.52K	sound_alliance/1995/einde.xm
file music-module	music/groups/sound_alliance/1995/energize.xm	523.26K	sound_alliance/1995/energize.xm
file music-module	music/groups/sound_alliance/1995/euhja.xm	89.48K	sound_alliance/1995/euhja.xm
file music-module	music/groups/sound_alliance/1995/factotum.xm	277.10K	sound_alliance/1995/factotum.xm
file music-module	music/groups/sound_alliance/1995/fatal.xm	215.95K	sound_alliance/1995/fatal.xm
file music-module	music/groups/sound_alliance/1995/hardcore.xm	814.54K	sound_alliance/1995/hardcore.xm
file music-module	music/groups/sound_alliance/1995/junglevi.xm	1.58M	sound_alliance/1995/junglevi.xm
file music-module	music/groups/sound_alliance/1995/magic.xm	392.41K	sound_alliance/1995/magic.xm
file music-module	music/groups/sound_alliance/1995/manga666.xm	1.96M	sound_alliance/1995/manga666.xm
file music-module	music/groups/sound_alliance/1995/psycho.xm	917.26K	sound_alliance/1995/psycho.xm
file music-module	music/groups/sound_alliance/1995/relax.xm	1.35M	sound_alliance/1995/relax.xm
file music-module	music/groups/sound_alliance/1995/restrict.xm	182.68K	sound_alliance/1995/restrict.xm
file music-module	music/groups/sound_alliance/1995/ryonicmi.xm	358.54K	sound_alliance/1995/ryonicmi.xm
file music-module	music/groups/sound_alliance/1995/spacepig.xm	346.99K	sound_alliance/1995/spacepig.xm
file music-module	music/groups/sound_alliance/1995/strange.xm	151.22K	sound_alliance/1995/strange.xm
file music-module	music/groups/sound_alliance/1995/thabeat.xm	270.23K	sound_alliance/1995/thabeat.xm
file music-module	music/groups/sound_alliance/1995/trance.xm	224.78K	sound_alliance/1995/trance.xm
file music-module	music/groups/sound_alliance/1995/trancmov.xm	131.06K	sound_alliance/1995/trancmov.xm
file music-module	music/groups/sound_alliance/1995/vibes.xm	363.65K	sound_alliance/1995/vibes.xm
file music-module	music/groups/sound_alliance/1995/www.xm	545.42K	sound_alliance/1995/www.xm
file music-module	music/groups/sound_alliance/1995/yezzz.xm	236.37K	sound_alliance/1995/yezzz.xm
file music-module	music/groups/streamline/stinger/janus.xm	106.01K	streamline/stinger/janus.xm
file	parties/1992/assembly92/misc/woin-ass92slide.xms	312.42K	assembly92/misc/woin-ass92slide.xms
file music-module	parties/1997/ahm-meet97/mmul/2drago.xm	6.68K	ahm-meet97/mmul/2drago.xm
file music-module	parties/1997/ahm-meet97/mmul/5floppy.xm	284.20K	ahm-meet97/mmul/5floppy.xm
file music-module	parties/1997/buenzli97b/mmul/(mv)crea.xm	894.64K	buenzli97b/mmul/(mv)crea.xm
file music-module	parties/1997/buenzli97b/mmul/bb_sand.xm	421.56K	buenzli97b/mmul/bb_sand.xm
file music-module	parties/1997/buenzli97b/mmul/coc-unic.xm	139.97K	buenzli97b/mmul/coc-unic.xm
file music-module	parties/1997/buenzli97b/mmul/dream.xm	937.67K	buenzli97b/mmul/dream.xm
file music-module	parties/1997/buenzli97b/mmul/fever.xm	140.16K	buenzli97b/mmul/fever.xm
file music-module	parties/1997/buenzli97b/mmul/frazzle.xm	1.02M	buenzli97b/mmul/frazzle.xm
file music-module	parties/1997/buenzli97b/surprise/bb_obs~1.xm	38.68K	buenzli97b/surprise/bb_obs~1.xm
file music-module	parties/1997/pool-position97/mch/scrd.xm	923.02K	pool-position97/mch/scrd.xm
file music-module	parties/1998/remedy98/mmul/01-aroma.xm	1.01M	remedy98/mmul/01-aroma.xm
file music-module	parties/1998/remedy98/mmul/02-cz-enwld.xm	1.95M	remedy98/mmul/02-cz-enwld.xm
file music-module	parties/1998/remedy98/mmul/03-devined.xm	1.16M	remedy98/mmul/03-devined.xm
file music-module	parties/1998/remedy98/mmul/04-garde.xm	907.93K	remedy98/mmul/04-garde.xm
file music-module	parties/1998/remedy98/mmul/04-garden.xm	907.93K	remedy98/mmul/04-garden.xm
file music-module	parties/1998/remedy98/mmul/05-helvete.xm	967.98K	remedy98/mmul/05-helvete.xm
file music-module	parties/1998/remedy98/mmul/06-heritage.xm	428.13K	remedy98/mmul/06-heritage.xm
file music-module	parties/1998/remedy98/mmul/07-jazzdrm.xm	1.24M	remedy98/mmul/07-jazzdrm.xm
file music-module	parties/1998/remedy98/mmul/08-loop_hf.xm	662.96K	remedy98/mmul/08-loop_hf.xm
file music-module	parties/1998/remedy98/mmul/09-makebomb.xm	1.74M	remedy98/mmul/09-makebomb.xm
file music-module	parties/1998/remedy98/mmul/10-mrw-afro.xm	972.21K	remedy98/mmul/10-mrw-afro.xm
file music-module	parties/1998/remedy98/mmul/11-nf-stven.xm	1.80M	remedy98/mmul/11-nf-stven.xm
file music-module	parties/1998/remedy98/mmul/12-out.xm	946.11K	remedy98/mmul/12-out.xm
file music-module	parties/1998/remedy98/mmul/13-overdone.xm	1.17M	remedy98/mmul/13-overdone.xm
file music-module	parties/1998/remedy98/mmul/14-pd-tlm.xm	536.30K	remedy98/mmul/14-pd-tlm.xm
file music-module	parties/1998/remedy98/mmul/16-santoori.xm	881.98K	remedy98/mmul/16-santoori.xm
file music-module	parties/1998/remedy98/mmul/17-shakeit.xm	957.73K	remedy98/mmul/17-shakeit.xm
file music-module	parties/1998/remedy98/mmul/18-sl-jack.xm	920.65K	remedy98/mmul/18-sl-jack.xm
file music-module	parties/1998/remedy98/mmul/19-tni-take.xm	904.59K	remedy98/mmul/19-tni-take.xm
file music-module	parties/1998/remedy98/mmul/20-treach.xm	772.31K	remedy98/mmul/20-treach.xm
file music-module	parties/1998/takeover98/house/beat.xm	969.12K	takeover98/house/beat.xm
file music-module	parties/1999/ambience99/m4ch/blob.xm	351.57K	ambience99/m4ch/blob.xm
file music-module	parties/1999/ambience99/mmul/hardcore/rbi-keba.xm	1.06M	ambience99/mmul/hardcore/rbi-keba.xm
file music-module	parties/1999/ambience99/mmul/hardcore/rd-carol.xm	1.36M	ambience99/mmul/hardcore/rd-carol.xm
file music-module	parties/1999/ambience99/mmul/house/cko-spoq.xm	849.90K	ambience99/mmul/house/cko-spoq.xm
file music-module	parties/1999/ambience99/mmul/house/edison.xm	1.60M	ambience99/mmul/house/edison.xm
file music-module	parties/1999/ambience99/mmul/house/par-bgng.xm	1.90M	ambience99/mmul/house/par-bgng.xm
file music-module has-diz	parties/1999/ambience99/mmul/house/prophet5.xm	1.91M	ambience99/mmul/house/prophet5.xm
file music-module	parties/1999/ambience99/mmul/normal/cold_for.xm	950.37K	ambience99/mmul/normal/cold_for.xm
file music-module	parties/1999/ambience99/mmul/normal/dtn-cras.xm	747.37K	ambience99/mmul/normal/dtn-cras.xm
file music-module	parties/1999/ambience99/surprise/music/pnm-forc.xm	45.54K	ambience99/surprise/music/pnm-forc.xm
file music-module	parties/1999/ambience99/wild/geil-of2.xm	2.13M	ambience99/wild/geil-of2.xm
file music-module	parties/1999/hype99/mmul/tracker-hballad.xm	178.13K	hype99/mmul/tracker-hballad.xm
file music-module	parties/1999/takeover99/music/house/after.xm	1.02M	takeover99/music/house/after.xm
file music-module	parties/1999/takeover99/music/house/shiefing.xm	677.97K	takeover99/music/house/shiefing.xm
file music-module	parties/1999/takeover99/music/mmul/gatherin.xm	755.49K	takeover99/music/mmul/gatherin.xm
file music-module	parties/1999/takeover99/music/mmul/robocop.xm	544.92K	takeover99/music/mmul/robocop.xm
file music-module	parties/2001/apocalypse01/mmul/snoozing.xm	306.48K	apocalypse01/mmul/snoozing.xm
file music-module	parties/2001/mekkasymposium01/mmul/slow/response_-_dark_eternity.xm	111.00K	mekkasymposium01/mmul/slow/response_-_dark_eternity.xm
file archive has-diz	parties/2001/thegathering01/mmul/tg01_trackedmusic_stalefish_g00ber.xm.zip	494.87K	thegathering01/mmul/tg01_trackedmusic_stalefish_g00ber.xm.zip
file music-module	parties/2002/euskal10/mmul/josss_aki_-_da_feelin.xm	1.28M	euskal10/mmul/josss_aki_-_da_feelin.xm
file music-module	parties/2002/phat02/digimusic/melnizz_-_sex_slave.xm	2.58M	phat02/digimusic/melnizz_-_sex_slave.xm
file music-module	parties/2002/phat02/digimusic/raver_-_aqok.xm	521.38K	phat02/digimusic/raver_-_aqok.xm
file music-module	parties/2002/sota02/music/hope.xm	1.24M	sota02/music/hope.xm
file music-module	parties/2002/sota02/music/thepurechase1.xm	6.77M	sota02/music/thepurechase1.xm
file music-module	parties/2002/sota02/vocalmusic/talking_bout_the_revolution.xm	1.10M	sota02/vocalmusic/talking_bout_the_revolution.xm
file archive has-diz	parties/2003/alchimie03/mmul/back_to_ze_stars.xm.zip	484.73K	alchimie03/mmul/back_to_ze_stars.xm.zip
file archive has-diz	parties/2003/alchimie03/mmul/pure-song.xm.zip	347.35K	alchimie03/mmul/pure-song.xm.zip
file music-module	parties/2003/delirium03/music_multichannel/kokesz_-_gagarin.xm	1.46M	delirium03/music_multichannel/kokesz_-_gagarin.xm
file music-module	parties/2003/icecube03/mp3/finnish_amiga_group_-_ei_elaemaeae.xm	2.38M	icecube03/mp3/finnish_amiga_group_-_ei_elaemaeae.xm
file music-stream	parties/2004/breakpoint04/mmul/dt_8bit.xm.ogg	2.25M	breakpoint04/mmul/dt_8bit.xm.ogg
file music-stream	parties/2004/breakpoint04/mmul/holdon.xm.ogg	3.13M	breakpoint04/mmul/holdon.xm.ogg
file music-module	parties/2005/buenzli05/mmul/dorfkrueppel_-_insertion_of_screwdriver_into_penis.xm	113.24K	buenzli05/mmul/dorfkrueppel_-_insertion_of_screwdriver_into_penis.xm
file music-module	parties/2005/compusphere05/chip_module/gouafhg_rt.xm	20.94K	compusphere05/chip_module/gouafhg_rt.xm
file archive	parties/2005/dreamhack05/mmul/tracked__nobles_(tracked)-_m0_use.xm.zip	4.50M	dreamhack05/mmul/tracked__nobles_(tracked)-_m0_use.xm.zip
file archive	parties/2005/dreamhack05/mmul/tracked__piksel(tracked)-bo.xm.zip	5.63M	dreamhack05/mmul/tracked__piksel(tracked)-bo.xm.zip
file archive	parties/2005/dreamhack05/mmul/tracked__rapid(tracked)-fisk_i_bamba_chip.xm.zip	10.73M	dreamhack05/mmul/tracked__rapid(tracked)-fisk_i_bamba_chip.xm.zip
file archive	parties/2005/dreamhack05/mmul/tracked__sc00by_p4radox(tracked)-tyroleralen.xm.zip	13.98M	dreamhack05/mmul/tracked__sc00by_p4radox(tracked)-tyroleralen.xm.zip
file archive	parties/2005/dreamhack05/mmul/tracked__sutek(tracked)-gd_natchip.xm.zip	10.22M	dreamhack05/mmul/tracked__sutek(tracked)-gd_natchip.xm.zip
file archive	parties/2005/dreamhack05/mmul/tracked__tjc(tracked)-pikzel-cancer.xm.zip	15.26M	dreamhack05/mmul/tracked__tjc(tracked)-pikzel-cancer.xm.zip
file archive	parties/2005/dreamhack05/mmul/tracked__treetrallen(tracked)-skanelasse.xm.zip	19.53M	dreamhack05/mmul/tracked__treetrallen(tracked)-skanelasse.xm.zip
file music-module	parties/2005/krangparty11/music_oldskool/erix-rofl.xm	1.98M	krangparty11/music_oldskool/erix-rofl.xm
file archive	parties/2007/birdie07/mmul/_bachler-i_ar_igen.xm.zip	246.41K	birdie07/mmul/_bachler-i_ar_igen.xm.zip
file music-module	parties/2007/evoke07/tinymusic/doc_k_-_f_style.xm	48.92K	evoke07/tinymusic/doc_k_-_f_style.xm
file music-module	parties/2007/evoke07/tinymusic/rebb-piirtosamplet.xm	18.76K	evoke07/tinymusic/rebb-piirtosamplet.xm
file music-module	parties/2008/altparty08/1ch_tracker/i_can_has_drums_by_little_bitchard.xm	62.53K	altparty08/1ch_tracker/i_can_has_drums_by_little_bitchard.xm
file music-module	parties/2008/altparty08/1ch_tracker/kerttu_by_lemody.xm	34.63K	altparty08/1ch_tracker/kerttu_by_lemody.xm
file music-module	parties/2008/altparty08/1ch_tracker/lemoon_by_505.xm	63.72K	altparty08/1ch_tracker/lemoon_by_505.xm
file music-module	parties/2008/altparty08/1ch_tracker/rykfeelings_by_ferrara__phobos_team.xm	47.74K	altparty08/1ch_tracker/rykfeelings_by_ferrara__phobos_team.xm
file music-module	parties/2008/altparty08/1ch_tracker/snaresucker_by_serpentdrainstorm.xm	9.81K	altparty08/1ch_tracker/snaresucker_by_serpentdrainstorm.xm
file music-module	parties/2008/assembly08/extreme/music/the_orbiting_by_ion__grandma.xm	26.77K	assembly08/extreme/music/the_orbiting_by_ion__grandma.xm
file music-module	parties/2009/alchimie09/musique/ace.xm	6.35M	alchimie09/musique/ace.xm
file archive	parties/2009/breakpoint09/mmul_unofficial/greeksfairletssong.xm.zip	260.08K	breakpoint09/mmul_unofficial/greeksfairletssong.xm.zip
file music-module	parties/2009/evoke09/tinymusic/kmitu.xm	31.96K	evoke09/tinymusic/kmitu.xm
file music-module	parties/2009/grepgreen09/music_fast/anala_fontanorgasmer_feat_adolf.xm	74.94K	grepgreen09/music_fast/anala_fontanorgasmer_feat_adolf.xm
file music-module	parties/2009/grepgreen09/music_wild/spiwurcore.xm	322.70K	grepgreen09/music_wild/spiwurcore.xm
file music-module	parties/2010/chaosconstructions10/oldschool_tiny_music/btl_haos.xm	63.54K	chaosconstructions10/oldschool_tiny_music/btl_haos.xm
file music-module	parties/2010/farmfest10/mmul/augustweekend.xm	3.15M	farmfest10/mmul/augustweekend.xm
file music-module	parties/2010/farmfest10/mmul/farmfill.xm	93.16K	farmfest10/mmul/farmfill.xm
file music-module	parties/2010/farmfest10/mmul/force.xm	272.15K	farmfest10/mmul/force.xm
file music-module	parties/2010/farmfest10/mmul/zeropolysommar.xm	51.76K	farmfest10/mmul/zeropolysommar.xm
file music-module	parties/2010/solskogen10/music_oldskool/smashing_pixels_duck-xaq_2010.xm	112.76K	solskogen10/music_oldskool/smashing_pixels_duck-xaq_2010.xm
file music-module	parties/2010/solskogen10/music_oldskool/spexzter-darklite-myggen_liker_blod.xm	52.11K	solskogen10/music_oldskool/spexzter-darklite-myggen_liker_blod.xm
file archive	parties/2010/sundown10/oldskool/mmul/zalza_-_shade.xm.zip	15.20K	sundown10/oldskool/mmul/zalza_-_shade.xm.zip
file music-module	parties/2010/tum10/music_tracked/trapdoor_chiptune_mix.xm	97.03K	tum10/music_tracked/trapdoor_chiptune_mix.xm
file music-module	parties/2011/altparty11/music_tracker/ion7.xm	38.22K	altparty11/music_tracker/ion7.xm
file archive	parties/2011/birdie11/fast_tracking/bittin.xm.zip	49.77K	birdie11/fast_tracking/bittin.xm.zip
file archive	parties/2011/birdie11/fast_tracking/dunz0r.xm.zip	49.51K	birdie11/fast_tracking/dunz0r.xm.zip
file archive	parties/2011/birdie11/fast_tracking/frost.xm.zip	49.73K	birdie11/fast_tracking/frost.xm.zip
file archive	parties/2011/birdie11/fast_tracking/hyperuk.xm.zip	49.91K	birdie11/fast_tracking/hyperuk.xm.zip
file archive	parties/2011/birdie11/fast_tracking/joule.xm.zip	49.79K	birdie11/fast_tracking/joule.xm.zip
file archive	parties/2011/birdie11/fast_tracking/lithis.xm.zip	49.46K	birdie11/fast_tracking/lithis.xm.zip
file archive	parties/2011/birdie11/fast_tracking/lusius.xm.zip	49.80K	birdie11/fast_tracking/lusius.xm.zip
file archive	parties/2011/birdie11/fast_tracking/malmen.xm.zip	49.64K	birdie11/fast_tracking/malmen.xm.zip
file archive	parties/2011/birdie11/fast_tracking/topatise.xm.zip	49.63K	birdie11/fast_tracking/topatise.xm.zip
file archive	parties/2011/birdie11/fast_tracking/xenoduck.xm.zip	49.64K	birdie11/fast_tracking/xenoduck.xm.zip
file archive	parties/2011/birdie11/fast_tracking/template/template.xm.zip	49.55K	birdie11/fast_tracking/template/template.xm.zip
file music-module	parties/2011/edison11/music_oldschool/malmen-sun_rocket.xm	276.75K	edison11/music_oldschool/malmen-sun_rocket.xm
file music-module	parties/2011/edison11/music_oldschool/stinsen-edivision.xm	18.79K	edison11/music_oldschool/stinsen-edivision.xm
file music-module	parties/2011/evoke11/tinymusic/finallyarrivedatevoke.xm	26.31K	evoke11/tinymusic/finallyarrivedatevoke.xm
file music-module	parties/2011/grep11/music_fastgabber/15_babianer_slaass_om_en_leksa.xm	202.08K	grep11/music_fastgabber/15_babianer_slaass_om_en_leksa.xm
file music-module	parties/2011/instanssi11/music/pilipalit_ei_lopu_by_dark_raccoons.xm	92.71K	instanssi11/music/pilipalit_ei_lopu_by_dark_raccoons.xm
file music-module	parties/2011/revision11/music_tracked/fegolhuzz_-_vibes_from_past.xm	68.14K	revision11/music_tracked/fegolhuzz_-_vibes_from_past.xm
file music-module	parties/2011/revision11/music_tracked/rbr_thebrokencar.xm	38.20K	revision11/music_tracked/rbr_thebrokencar.xm
file music-module	parties/2011/revision11/music_tracked/sarvikuono.xm	15.86K	revision11/music_tracked/sarvikuono.xm
file music-module	parties/2011/sunrise11/music_freestyle/xyce_sans_titre.xm	85.44K	sunrise11/music_freestyle/xyce_sans_titre.xm
file music-module	parties/2011/tum11/music_tracked/dja-ufo_mod.xm	1.03M	tum11/music_tracked/dja-ufo_mod.xm
file music-module	parties/2011/tum11/music_tracked/side-effect.xm	1.33M	tum11/music_tracked/side-effect.xm
file music-module	parties/2011/tum11/music_tracked/skyrunner-creepy_sleepy_eerie.xm	927.31K	tum11/music_tracked/skyrunner-creepy_sleepy_eerie.xm
file music-module	parties/2011/tum11/music_tracked/sunspire_-_three-dimensional_parasites_final.xm	1.09M	tum11/music_tracked/sunspire_-_three-dimensional_parasites_final.xm
file music-module	parties/2011/vip11/mmul/jayblood-chipsongjeffrey.xm	18.47K	vip11/mmul/jayblood-chipsongjeffrey.xm
file music-module	parties/2012/chaosconstructions12/multichannel_traditional_music/life_2_33.xm	2.69M	chaosconstructions12/multichannel_traditional_music/life_2_33.xm
file music-module	parties/2012/demodays12/music/challenger.xm	1.49M	demodays12/music/challenger.xm
file music-module	parties/2012/edison12/oldschool_tracked_music/brandon_walsh_-_red_bulldozer.xm	869.78K	edison12/oldschool_tracked_music/brandon_walsh_-_red_bulldozer.xm
file music-module	parties/2012/edison12/oldschool_tracked_music/dolphin_-_the_bee.xm	150.30K	edison12/oldschool_tracked_music/dolphin_-_the_bee.xm
file music-module	parties/2012/edison12/oldschool_tracked_music/flz-stockholm_sunset.xm	54.24K	edison12/oldschool_tracked_music/flz-stockholm_sunset.xm
file music-module	parties/2012/edison12/oldschool_tracked_music/hu-perpl.xm	1.08M	edison12/oldschool_tracked_music/hu-perpl.xm
file music-module	parties/2012/edison12/oldschool_tracked_music/p_rabbit_-_dr._latrin.xm	893.34K	edison12/oldschool_tracked_music/p_rabbit_-_dr._latrin.xm
file music-module	parties/2012/edison12/oldschool_tracked_music/stinsens_fontaen.xm	538.94K	edison12/oldschool_tracked_music/stinsens_fontaen.xm
file music-module	parties/2012/edison12/oldschool_tracked_music/what_is_sound.xm	86.69K	edison12/oldschool_tracked_music/what_is_sound.xm
file archive	parties/2012/evoke12/tiny_music/brandon_walsh_-_chip_house_doskpop_love.xm.zip	63.67K	evoke12/tiny_music/brandon_walsh_-_chip_house_doskpop_love.xm.zip
file music-module	parties/2012/evoke12/tiny_music/dreamfarter_fwx.xm	25.03K	evoke12/tiny_music/dreamfarter_fwx.xm
file music-module	parties/2012/outline12/music/radix_xyce_-_rainbow_dash_.xm	108.79K	outline12/music/radix_xyce_-_rainbow_dash_.xm
file music-module	parties/2012/revision12/tracked_music/serpent_-_titless.xm	180.46K	revision12/tracked_music/serpent_-_titless.xm
file music-module	parties/2012/revision12/tracked_music/zf_alanya_spring.xm	125.05K	revision12/tracked_music/zf_alanya_spring.xm
file music-module	parties/2012/solskogen12/music_oldskool/brandon_walsh_-_to_norway_with_love.xm	406.61K	solskogen12/music_oldskool/brandon_walsh_-_to_norway_with_love.xm
file music-module	parties/2012/solskogen12/music_oldskool/spexzter---oh-no---i-fucked-my-uncle-shemale-again.xm	30.17K	solskogen12/music_oldskool/spexzter---oh-no---i-fucked-my-uncle-shemale-again.xm
file music-module	parties/2012/sundown12/multichannel_tracked_music/t_sos.xm	1.35M	sundown12/multichannel_tracked_music/t_sos.xm
file archive	parties/2012/trsac12/music_oldschool/malmen_and_coda_-_holding_danishes.xm.zip	38.55K	trsac12/music_oldschool/malmen_and_coda_-_holding_danishes.xm.zip
file music-module	parties/2012/tum12/music_tracked/42_jello_street.xm	29.01K	tum12/music_tracked/42_jello_street.xm
file music-module	parties/2013/birdie13/fourchan_tracked_music/flz-rememberthetightones.xm	27.90K	birdie13/fourchan_tracked_music/flz-rememberthetightones.xm
file music-module	parties/2013/birdie13/fourchan_tracked_music/hu-snigl.xm	115.98K	birdie13/fourchan_tracked_music/hu-snigl.xm
file music-module	parties/2013/birdie13/fourchan_tracked_music/wiklund-girl_next_door.xm	49.37K	birdie13/fourchan_tracked_music/wiklund-girl_next_door.xm
file music-module	parties/2013/birdie13/tracked_music/dunz0r_-_amfetamin-hambo.xm	1.27M	birdie13/tracked_music/dunz0r_-_amfetamin-hambo.xm
file music-module	parties/2013/birdie13/tracked_music/flz-epic_patterns.xm	73.18K	birdie13/tracked_music/flz-epic_patterns.xm
file music-module	parties/2013/birdie13/tracked_music/hu-name.xm	1.36M	birdie13/tracked_music/hu-name.xm
file music-module	parties/2013/birdie13/tracked_music/joule_malmen-one_way_heart.xm	204.54K	birdie13/tracked_music/joule_malmen-one_way_heart.xm
file music-module	parties/2013/birdie13/tracked_music/soundwav3_den_spartanska_oskulden.xm	12.25K	birdie13/tracked_music/soundwav3_den_spartanska_oskulden.xm
file music-module	parties/2013/birdie13/tracked_music/topatisen_-_den_finska_altanen.xm	1.26M	birdie13/tracked_music/topatisen_-_den_finska_altanen.xm
file music-module	parties/2013/chaosconstructions13/multichannel_traditional_music/make_the_music.xm	1.36M	chaosconstructions13/multichannel_traditional_music/make_the_music.xm
file music-module	parties/2013/demodays13/music/malmen_-_cocos_cocos.xm	260.87K	demodays13/music/malmen_-_cocos_cocos.xm
file music-module	parties/2013/dreamhack_summer13/mmul/alien_prospect.xm	4.92M	dreamhack_summer13/mmul/alien_prospect.xm
file music-module	parties/2013/edison13/oldschool_tracked_music/algar_-_im_leaving_this_world_tonight.xm	113.44K	edison13/oldschool_tracked_music/algar_-_im_leaving_this_world_tonight.xm
file music-module	parties/2013/edison13/oldschool_tracked_music/flz-mums.xm	83.75K	edison13/oldschool_tracked_music/flz-mums.xm
file music-module	parties/2013/edison13/oldschool_tracked_music/gusse___loonie_-_cracked_nostalgia_-_compo_version.xm	16.88K	edison13/oldschool_tracked_music/gusse___loonie_-_cracked_nostalgia_-_compo_version.xm
file music-module	parties/2013/edison13/oldschool_tracked_music/retro___malmen___hyperunknown_-_tranquilty.xm	553.81K	edison13/oldschool_tracked_music/retro___malmen___hyperunknown_-_tranquilty.xm
file music-module	parties/2013/endoftheworld13/music/escape_from_mountain_gate_by_t-101.xm	935.81K	endoftheworld13/music/escape_from_mountain_gate_by_t-101.xm
file music-module	parties/2013/evoke13/mmul_onesample/jakob_bienenhalm_-_haesslich.xm	4.69M	evoke13/mmul_onesample/jakob_bienenhalm_-_haesslich.xm
file music-module	parties/2013/fap13/music_hippoplayer/cock.xm	471.37K	fap13/music_hippoplayer/cock.xm
file music-module	parties/2013/fap13/music_hippoplayer/suburb2.xm	75.43K	fap13/music_hippoplayer/suburb2.xm
file music-module	parties/2013/flashback13/music_streamed/pk_lz0_15.xm	35.18K	flashback13/music_streamed/pk_lz0_15.xm
file music-module	parties/2013/flashback13/music_tracked/niobyte_jazz_swing.xm	1.80M	flashback13/music_tracked/niobyte_jazz_swing.xm
file music-module	parties/2013/flashback13/music_tracked/niobyte_winter_solstice.xm	1.65M	flashback13/music_tracked/niobyte_winter_solstice.xm
file music-module	parties/2013/flashback13/music_tracked/peak_aussieaussieaussieaussie.xm	81.39K	flashback13/music_tracked/peak_aussieaussieaussieaussie.xm
file music-module	parties/2013/revision13/tracked_music/881bytes.xm	881B	revision13/tracked_music/881bytes.xm
file music-module	parties/2013/revision13/tracked_music/crystal_knights.xm	1.15M	revision13/tracked_music/crystal_knights.xm
file music-module	parties/2013/revision13/tracked_music/lroy_and_serpent_-_fantaisie_en_azerty.xm	129.20K	revision13/tracked_music/lroy_and_serpent_-_fantaisie_en_azerty.xm
file music-module	parties/2013/revision13/tracked_music/mind_prisonner.xm	877.34K	revision13/tracked_music/mind_prisonner.xm
file music-module	parties/2013/revision13/tracked_music/mystra-zico.xm	104.43K	revision13/tracked_music/mystra-zico.xm
file music-module	parties/2013/revision13/tracked_music/xtrium_lnx_-_jumping_beans.xm	61.41K	revision13/tracked_music/xtrium_lnx_-_jumping_beans.xm
file music-module	parties/2013/rewired13/music/fritske-nds_thing.xm	507.26K	rewired13/music/fritske-nds_thing.xm
file music-module	parties/2013/sundown13/tracked_music/xo-sat.xm	1.46M	sundown13/tracked_music/xo-sat.xm
file music-module	parties/2013/tum13/tracked_music/malmen_-_badger_lizard.xm	130.12K	tum13/tracked_music/malmen_-_badger_lizard.xm
file music-module	parties/2013/tum13/tracked_music/serpent_-_xmas_workhours_pls.xm	33.31K	tum13/tracked_music/serpent_-_xmas_workhours_pls.xm
file music-module	parties/2014/birdie14/music_tracked/0313_wiklund_-_her_smile.xm	342.37K	birdie14/music_tracked/0313_wiklund_-_her_smile.xm
file music-module	parties/2014/birdie14/music_tracked/0332_xenoduck_-_jag_har_ingen_fisk.xm	98.78K	birdie14/music_tracked/0332_xenoduck_-_jag_har_ingen_fisk.xm
file music-module	parties/2014/birdie14/music_tracked/0398_fsfreak_-_milwakuee.xm	454.65K	birdie14/music_tracked/0398_fsfreak_-_milwakuee.xm
file music-module	parties/2014/birdie14/music_tracked/0466_algar_-_happy_holidays.xm	194.73K	birdie14/music_tracked/0466_algar_-_happy_holidays.xm
file music-module	parties/2014/birdie14/music_tracked/0478_malmen__joule_-_reality_boy.xm	159.01K	birdie14/music_tracked/0478_malmen__joule_-_reality_boy.xm
file music-module	parties/2014/birdie14/music_tracked/0485_qlint_-_planet_bubblegum.xm	127.40K	birdie14/music_tracked/0485_qlint_-_planet_bubblegum.xm
file music-module	parties/2014/birdie14/music_tracked/0493_hyperunknown_-_tabula_rasa.xm	1.13M	birdie14/music_tracked/0493_hyperunknown_-_tabula_rasa.xm
file music-module	parties/2014/birdie14/music_tracked_4ch/0318_wiklund_-_hoffmans_potion.xm	113.44K	birdie14/music_tracked_4ch/0318_wiklund_-_hoffmans_potion.xm
file music-module	parties/2014/birdie14/music_tracked_4ch/0334_xenoduck_-_vad___4_kanaler.xm	57.84K	birdie14/music_tracked_4ch/0334_xenoduck_-_vad___4_kanaler.xm
file music-module	parties/2014/birdie14/music_tracked_4ch/0443_joule__obbe_-_princess_levitation.xm	55.78K	birdie14/music_tracked_4ch/0443_joule__obbe_-_princess_levitation.xm
file music-module	parties/2014/birdie14/music_tracked_4ch/0472_algar_-_ninja_on_speed.xm	52.98K	birdie14/music_tracked_4ch/0472_algar_-_ninja_on_speed.xm
file music-module	parties/2014/birdie14/music_tracked_4ch/0482_qlint_-_forevent_horizon.xm	54.15K	birdie14/music_tracked_4ch/0482_qlint_-_forevent_horizon.xm
file music-module	parties/2014/birdie14/music_tracked_4ch/0489_hyperunknown_-_everytime.xm	126.71K	birdie14/music_tracked_4ch/0489_hyperunknown_-_everytime.xm
file music-module	parties/2014/deadline14/music_tracked/crm_inspire_2.xm	36.96K	deadline14/music_tracked/crm_inspire_2.xm
file music-module	parties/2014/deadline14/music_tracked/eha-maximale_erfrischung.xm	2.00M	deadline14/music_tracked/eha-maximale_erfrischung.xm
file music-module	parties/2014/deadline14/music_tracked/shinobi_-_rayleigh_scattering.xm	2.01M	deadline14/music_tracked/shinobi_-_rayleigh_scattering.xm
file music-module	parties/2014/dreamhack_summer14/music/strego-efterfest.xm	236.16K	dreamhack_summer14/music/strego-efterfest.xm
file music-module	parties/2014/edison14/oldschool_tracked_music/bubbles_opt.xm	443.36K	edison14/oldschool_tracked_music/bubbles_opt.xm
file music-module	parties/2014/edison14/oldschool_tracked_music/hehu.xm	835.84K	edison14/oldschool_tracked_music/hehu.xm
file music-module	parties/2014/edison14/oldschool_tracked_music/jaghatartradgardsslang.xm	350.11K	edison14/oldschool_tracked_music/jaghatartradgardsslang.xm
file music-module	parties/2014/edison14/oldschool_tracked_music/topatisen_-_amiga.xm	6.92M	edison14/oldschool_tracked_music/topatisen_-_amiga.xm
file music-module	parties/2014/gerp14/music_chiptune/flz-ranelid_kickers_6channel.xm	27.07K	gerp14/music_chiptune/flz-ranelid_kickers_6channel.xm
file music-module	parties/2014/gerp14/music_chiptune/micronesia.xm	31.77K	gerp14/music_chiptune/micronesia.xm
file music-module	parties/2014/ghettoscene14/combined_tracked_music/serpent_-_joulukohellus3.xm	40.54K	ghettoscene14/combined_tracked_music/serpent_-_joulukohellus3.xm
file music-module	parties/2014/outline14/music_newschool_streaming/malmen_xyce_sourire.xm	173.83K	outline14/music_newschool_streaming/malmen_xyce_sourire.xm
file music-module	parties/2014/payback14/music_tracked/t-101_salute.xm	451.60K	payback14/music_tracked/t-101_salute.xm
file music-module	parties/2014/payback14/music_tracked/yestohc.xm	175.12K	payback14/music_tracked/yestohc.xm
file music-module	parties/2014/revision14/music_tracked/alk_mr_z_xyce_titan_feetwiggler.xm	225.34K	revision14/music_tracked/alk_mr_z_xyce_titan_feetwiggler.xm
file music-module	parties/2015/birdie15/music_tracked/0581_algar_-_lust_for_life.xm	139.90K	birdie15/music_tracked/0581_algar_-_lust_for_life.xm
file music-module	parties/2015/birdie15/music_tracked/0605_xenoduck_-_musiker_sokes.xm	1.61M	birdie15/music_tracked/0605_xenoduck_-_musiker_sokes.xm
file music-module	parties/2015/birdie15/music_tracked/0609_dlewen_-_lazy_cat.xm	235.24K	birdie15/music_tracked/0609_dlewen_-_lazy_cat.xm
file music-module	parties/2015/cc_winter15/multichannel_music/synth_that_way.xm	58.96K	cc_winter15/multichannel_music/synth_that_way.xm
file music-module	parties/2015/evoke15/tracked_music_rob_is_jarig_remix/bitch_rob_is_a_hustla.xm	140.29K	evoke15/tracked_music_rob_is_jarig_remix/bitch_rob_is_a_hustla.xm
file music-module	parties/2015/evoke15/tracked_music_rob_is_jarig_remix/jam-s_vs_aardbei_-_rob_is_grumpy.xm	146.73K	evoke15/tracked_music_rob_is_jarig_remix/jam-s_vs_aardbei_-_rob_is_grumpy.xm
file music-module	parties/2015/evoke15/tracked_music_rob_is_jarig_remix/jarigremix15.xm	123.32K	evoke15/tracked_music_rob_is_jarig_remix/jarigremix15.xm
file music-module	parties/2015/jml15v/gabber_music/kaunis_espanjalainen_tyttoe-not_enough_drugs.xm	16.51K	jml15v/gabber_music/kaunis_espanjalainen_tyttoe-not_enough_drugs.xm
file music-module	parties/2015/nordlicht15/music_tracked/tenfour-taste_of_1985_passion_fruit.xm	1.97M	nordlicht15/music_tracked/tenfour-taste_of_1985_passion_fruit.xm
file music-module	parties/2015/outline15/music_newschool/mode13h.xm	1.00M	outline15/music_newschool/mode13h.xm
file music-module	parties/2015/outline15/music_newschool/my_time_with_mim.xm	149.54K	outline15/music_newschool/my_time_with_mim.xm
file music-module	parties/2015/payback15/tracked_music/slowhard.xm	217.98K	payback15/tracked_music/slowhard.xm
file music-module	parties/2015/simulaatio15/tiny_music/beaver_fever.xm	63.62K	simulaatio15/tiny_music/beaver_fever.xm
file music-module	parties/2015/solskogen15/music_oldskool/bbqblues.xm	340.43K	solskogen15/music_oldskool/bbqblues.xm
file music-module	parties/2015/trsac15/music_oldschool/satan-says-wooph.xm	1.81M	trsac15/music_oldschool/satan-says-wooph.xm
file music-module	parties/2015/trsac15/music_oldschool/windows.xm	769.88K	trsac15/music_oldschool/windows.xm
file music-module	parties/2016/edison16/oldschool_tracked_music/qlint_-_evil_castle.xm	1.72M	edison16/oldschool_tracked_music/qlint_-_evil_castle.xm
file music-module	parties/2016/edison16/oldschool_tracked_music/snore.xm	474.33K	edison16/oldschool_tracked_music/snore.xm
file music-module	parties/2016/nordlicht16/tracked_music/jakub.xm	1.87M	nordlicht16/tracked_music/jakub.xm
file music-module	parties/2016/revision16/tracked_music/flz-franz_sansisco.xm	67.36K	revision16/tracked_music/flz-franz_sansisco.xm
file music-module	parties/2016/revision16/tracked_music/skyrunner_curryqueen.xm	1.90M	revision16/tracked_music/skyrunner_curryqueen.xm
file music-module	parties/2016/riverwash16/wild_animation/nothing.xm	689.53K	riverwash16/wild_animation/nothing.xm
file archive	parties/2016/solskogen16/music_oldskool/chilled_eks-emm.xm.zip	14.63K	solskogen16/music_oldskool/chilled_eks-emm.xm.zip
file archive	parties/2016/solskogen16/music_oldskool/continuum-constans.xm.zip	106.05K	solskogen16/music_oldskool/continuum-constans.xm.zip
file music-module	parties/2016/sundown16/music_tracked/deathboy_spaceinvaders_08.xm	675.93K	sundown16/music_tracked/deathboy_spaceinvaders_08.xm
file music-module	parties/2016/sundown16/music_tracked/serpent_-_continuation.xm	100.85K	sundown16/music_tracked/serpent_-_continuation.xm
file music-module	parties/2017/alchimie17/mp3/ace-dreamchaser-xii.xm	4.64M	alchimie17/mp3/ace-dreamchaser-xii.xm
file music-module	parties/2017/edison17/oldschool_tracked_music/dunz0r_vs_nebi-kvas_eller_chard_bass.xm	389.87K	edison17/oldschool_tracked_music/dunz0r_vs_nebi-kvas_eller_chard_bass.xm
file music-module	parties/2017/edison17/oldschool_tracked_music/qlint_-_dos_nintendos_com_.xm	54.23K	edison17/oldschool_tracked_music/qlint_-_dos_nintendos_com_.xm
file music-module	parties/2017/euskal17/music_multichannel/ham-our_mechanical_hands.xm	202.83K	euskal17/music_multichannel/ham-our_mechanical_hands.xm
file music-stream	parties/2017/outline17/newschool_music/roccow_en_de_jongens_met_de_zwarte_schoenen.xm.wav	52.74M	outline17/newschool_music/roccow_en_de_jongens_met_de_zwarte_schoenen.xm.wav
file music-module	parties/2017/syntax17/tracked_music/winter_in_obatem5-serkul_.xm	253.52K	syntax17/tracked_music/winter_in_obatem5-serkul_.xm
file music-module	parties/2017/uc8/music_shitmusic/thump4uc8_by_harvey.xm	894.79K	uc8/music_shitmusic/thump4uc8_by_harvey.xm
file music-module	parties/2018/assembly18/tracked_music/arpeggiojorssia_kansalle_by_paokala.xm	29.76K	assembly18/tracked_music/arpeggiojorssia_kansalle_by_paokala.xm
file music-module	parties/2018/assembly18/tracked_music/nes_things_by_jarsk1e.xm	109.35K	assembly18/tracked_music/nes_things_by_jarsk1e.xm
file music-module	parties/2018/assembly18/tracked_music/straightbackward_by_roz___fit___byterapers.xm	1.13M	assembly18/tracked_music/straightbackward_by_roz___fit___byterapers.xm
file music-module	parties/2018/compusphere18/chip_music/chiptobesquare.xm	27.22K	compusphere18/chip_music/chiptobesquare.xm
file music-module	parties/2018/compusphere18/chip_music/zabutom---loopit4ever.xm	18.77K	compusphere18/chip_music/zabutom---loopit4ever.xm
file music-module	parties/2018/compusphere18/newschool_music/-welcome.xm	871.65K	compusphere18/newschool_music/-welcome.xm
file music-module	parties/2018/deadline18/tracked_music/scoodywoo2.xm	1.37M	deadline18/tracked_music/scoodywoo2.xm
file music-module	parties/2018/deadline18/tracked_music/syksy_tulee_42.xm	914.55K	deadline18/tracked_music/syksy_tulee_42.xm
file music-module	parties/2018/nordlicht18/tracked_music/crm_runrunbosse.xm	34.05K	nordlicht18/tracked_music/crm_runrunbosse.xm
file music-module	parties/2018/nova18/oldschool_music/deathboy_dfclt_12.xm	1.82M	nova18/oldschool_music/deathboy_dfclt_12.xm
file music-module	parties/2018/nova18/oldschool_music/junosix_-_cracktro_18.xm	23.62K	nova18/oldschool_music/junosix_-_cracktro_18.xm
file music-module	parties/2018/simulaatio18/listening_music/roz-worldbuilder.xm	0.98M	simulaatio18/listening_music/roz-worldbuilder.xm
file music-module	parties/2019/assembly19/tracked_music/dr._fily_s_funky_fireplanet_escape.xm	32.00K	assembly19/tracked_music/dr._fily_s_funky_fireplanet_escape.xm
file music-module	parties/2019/assembly19/tracked_music/escape_from_desert_planet.xm	819.02K	assembly19/tracked_music/escape_from_desert_planet.xm
file music-module	parties/2019/assembly19/tracked_music/kilopolis.xm	832.07K	assembly19/tracked_music/kilopolis.xm
file music-module	parties/2019/assembly19/tracked_music/left_behind.xm	454.88K	assembly19/tracked_music/left_behind.xm
file music-module	parties/2019/assembly19/tracked_music/metalstorm.xm	878.39K	assembly19/tracked_music/metalstorm.xm
file music-module	parties/2019/assembly19/tracked_music/parking_lot_in_space.xm	1.67M	assembly19/tracked_music/parking_lot_in_space.xm
file music-module	parties/2019/birdie19/fast_tracking/b2arminbastavanivarldem.xm	66.60K	birdie19/fast_tracking/b2arminbastavanivarldem.xm
file music-module	parties/2019/birdie19/fast_tracking/donz0rarminmammavarf__r.xm	66.97K	birdie19/fast_tracking/donz0rarminmammavarf__r.xm
file music-module	parties/2019/birdie19/fast_tracking/dunz0r.avi.xm	66.81K	birdie19/fast_tracking/dunz0r.avi.xm
file music-module	parties/2019/birdie19/fast_tracking/dunz0r.ru.xm	67.07K	birdie19/fast_tracking/dunz0r.ru.xm
file music-module	parties/2019/birdie19/fast_tracking/dunz0r.se-och.dunzor.se-har-ipv6-ocksa.xm	68.07K	birdie19/fast_tracking/dunz0r.se-och.dunzor.se-har-ipv6-ocksa.xm
file music-module	parties/2019/birdie19/fast_tracking/dunz0r.se.xm	70.31K	birdie19/fast_tracking/dunz0r.se.xm
file music-module	parties/2019/birdie19/fast_tracking/dunz0rfangir03.xm	68.08K	birdie19/fast_tracking/dunz0rfangir03.xm
file music-module	parties/2019/birdie19/fast_tracking/dunzor.onion.xm	67.19K	birdie19/fast_tracking/dunzor.onion.xm
file music-module	parties/2019/birdie19/fast_tracking/dunzor.sefungerarocks__.xm	66.82K	birdie19/fast_tracking/dunzor.sefungerarocks__.xm
file music-module	parties/2019/birdie19/fast_tracking/latrindunz.xm	66.88K	birdie19/fast_tracking/latrindunz.xm
file music-module	parties/2019/birdie19/fast_tracking/nagonhargjortenwikiombingolotto.xm	67.24K	birdie19/fast_tracking/nagonhargjortenwikiombingolotto.xm
file music-module	parties/2019/birdie19/fast_tracking/stompa_med_dunz0r.se.xm	67.37K	birdie19/fast_tracking/stompa_med_dunz0r.se.xm
file music-module	parties/2019/birdie19/fast_tracking/_xx_ayeluvgapehorn_n0sc0p3_luk4zz_x_x420.xm	67.10K	birdie19/fast_tracking/_xx_ayeluvgapehorn_n0sc0p3_luk4zz_x_x420.xm
file music-module	parties/2019/birdie19/tracked_music/dunz0r-gelnns_ostfisk.xm	319.51K	birdie19/tracked_music/dunz0r-gelnns_ostfisk.xm
file music-module	parties/2019/brownbirdie19/tracked_music/fsfreak_-_blastboy_and_nitroninja_-_try_again_-game_over-.xm	104.34K	brownbirdie19/tracked_music/fsfreak_-_blastboy_and_nitroninja_-_try_again_-game_over-.xm
file music-module	parties/2019/brownbirdie19/tracked_music/galnagrodorqljulmix.xm	257.51K	brownbirdie19/tracked_music/galnagrodorqljulmix.xm
file music-module	parties/2019/brownbirdie19/tracked_music/memory.xm	81.05K	brownbirdie19/tracked_music/memory.xm
file music-module	parties/2019/chaosconstructions19/multichannel_traditional_music/light_force_striker.xm	2.77M	chaosconstructions19/multichannel_traditional_music/light_force_striker.xm
file music-module	parties/2019/deadline19/tracked_music/treasure_of_pleasure.xm	1.29M	deadline19/tracked_music/treasure_of_pleasure.xm
file music-module	parties/2019/deadline19/tracked_music/yomaru_kasuga_-_blueteddybear.xm	543.28K	deadline19/tracked_music/yomaru_kasuga_-_blueteddybear.xm
file music-module	parties/2019/demosplash19/freestyle_music/beyond_the_sunshine.xm	2.09M	demosplash19/freestyle_music/beyond_the_sunshine.xm
file music-module	parties/2019/edison19/oldschool_music/edison2019.xm	1.75K	edison19/oldschool_music/edison2019.xm
file music-module	parties/2019/flashback19/music_tracked/8bm---system-override.xm	224.28K	flashback19/music_tracked/8bm---system-override.xm
file music-module	parties/2019/flashback19/music_tracked/baggage-disaster.xm	887.56K	flashback19/music_tracked/baggage-disaster.xm
file music-module	parties/2019/flashback19/music_tracked/peter-horsley---workjam.xm	265.11K	flashback19/music_tracked/peter-horsley---workjam.xm
file music-module	parties/2019/flashback19/music_tracked/roz-fit-byterapers---breakdown.xm	1.51M	flashback19/music_tracked/roz-fit-byterapers---breakdown.xm
file music-module	parties/2019/revision19/tracked-music/orreborre_-_uppgivet.xm	24.36K	revision19/tracked-music/orreborre_-_uppgivet.xm
file music-module	parties/2019/skeneklubi19/music/j9_perce.xm	1.85M	skeneklubi19/music/j9_perce.xm
file music-module	parties/2019/trsac19/music_oldschool/ft03_2019_trsac2.xm	2.12M	trsac19/music_oldschool/ft03_2019_trsac2.xm
file music-module	parties/2019/vortex19/music/donebydoing.xm	1.55M	vortex19/music/donebydoing.xm
file music-module	parties/2020/assembly20/music_tracked/cat_afterm.xm	1.72M	assembly20/music_tracked/cat_afterm.xm
file music-module	parties/2020/assembly20/music_tracked/polarstern_brutalism.xm	1.90M	assembly20/music_tracked/polarstern_brutalism.xm
file music-module	parties/2020/assembly_winter20/tracked_music/angerkoski-by-roz-fit-byterapers.xm	1.35M	assembly_winter20/tracked_music/angerkoski-by-roz-fit-byterapers.xm
file music-module	parties/2020/assembly_winter20/tracked_music/ram-vs-ravan-by-adkd.xm	1.88M	assembly_winter20/tracked_music/ram-vs-ravan-by-adkd.xm
file music-module	parties/2020/assembly_winter20/tracked_music/remote-control-ninja-battery-failure-by-rawargon.xm	203.11K	assembly_winter20/tracked_music/remote-control-ninja-battery-failure-by-rawargon.xm
file music-module	parties/2020/assembly_winter20/tracked_music/stay-cool-daddy-o-by-e-ghtbm.xm	795.97K	assembly_winter20/tracked_music/stay-cool-daddy-o-by-e-ghtbm.xm
file archive	parties/2020/birdie20/tracked_music/dunz0r-bonzi_buddy.xm.tar.gz	2.06K	birdie20/tracked_music/dunz0r-bonzi_buddy.xm.tar.gz
file archive	parties/2020/birdie20/tracked_music/eightbm-colour_spectrum.xm.tar.gz	0.96M	birdie20/tracked_music/eightbm-colour_spectrum.xm.tar.gz
file archive	parties/2020/birdie20/tracked_music/xinux_-_pheochromocytomata.xm.tar.gz	864B	birdie20/tracked_music/xinux_-_pheochromocytomata.xm.tar.gz
file archive	parties/2020/birdie20/tracked_music/znurre-torsk.xm.tar.gz	217.31K	birdie20/tracked_music/znurre-torsk.xm.tar.gz
file music-module	parties/2020/brownbirdie20/tracked_music/robotboi-by-fsfreak.xm	396.28K	brownbirdie20/tracked_music/robotboi-by-fsfreak.xm
file music-module	parties/2020/brownbirdie20/tracked_music/torsk-2-by-znurre.xm	272.90K	brownbirdie20/tracked_music/torsk-2-by-znurre.xm
file music-module	parties/2020/chaosconstructionswinter20/invitation_music/sunday_room_full_of_stars.xm	1.76M	chaosconstructionswinter20/invitation_music/sunday_room_full_of_stars.xm
file music-module	parties/2020/edison20/live-music-duel/live-music-duel-final/jor-el_robinson_music_duel.xm	16.04K	edison20/live-music-duel/live-music-duel-final/jor-el_robinson_music_duel.xm
file music-module	parties/2020/edison20/live-music-duel/live-music-duel-semifinal-1/jor-el_beach_theme_edison.xm	18.64K	edison20/live-music-duel/live-music-duel-semifinal-1/jor-el_beach_theme_edison.xm
file music-module	parties/2020/edison20/oldschool-tracked-music/edison2020_kiltar_och_turturduvar.xm	24.16K	edison20/oldschool-tracked-music/edison2020_kiltar_och_turturduvar.xm
file music-module	parties/2020/edison20/oldschool-tracked-music/good_enough.xm	310.54K	edison20/oldschool-tracked-music/good_enough.xm
file music-module	parties/2020/edison20/oldschool-tracked-music/qlint---bloodsncrips.xm	105.75K	edison20/oldschool-tracked-music/qlint---bloodsncrips.xm
file music-module	parties/2020/edison20/oldschool-tracked-music/zyggote.xm	1.73M	edison20/oldschool-tracked-music/zyggote.xm
file music-module	parties/2020/euskal20/music_multichannel/govatsapadam_-_x-prezz_2_lotus_feet.xm	1.07M	euskal20/music_multichannel/govatsapadam_-_x-prezz_2_lotus_feet.xm
file music-module	parties/2020/fieldfx20/music/farshort.xm	7.49M	fieldfx20/music/farshort.xm
file music-module	parties/2020/outline20/music/adkd_-_bali_underground.xm	868.79K	outline20/music/adkd_-_bali_underground.xm
file music-module	parties/2020/outline20/music/pator-deep_breaths.xm	508.73K	outline20/music/pator-deep_breaths.xm
file music-module	parties/2020/pancake_conference20/remixed_mod/icouldnthearthis.xm	63.98K	pancake_conference20/remixed_mod/icouldnthearthis.xm
file music-module	parties/2020/syntax20/tracked_music/a-1000-years-of-darkness-by-wacek-of-arise.xm	0.99M	syntax20/tracked_music/a-1000-years-of-darkness-by-wacek-of-arise.xm
file music-module	parties/2020/syntax20/tracked_music/lilienthals-aparatum.xm	408.60K	syntax20/tracked_music/lilienthals-aparatum.xm
file music-module	parties/2020/syntax20/tracked_music/pselodux---syntaxis.xm	593.83K	syntax20/tracked_music/pselodux---syntaxis.xm
file music-module	parties/2021/assembly_winter21/tracked_music/cetaceans.xm	649.87K	assembly_winter21/tracked_music/cetaceans.xm
file music-module	parties/2021/assembly_winter21/tracked_music/ce_la_vie.xm	196.30K	assembly_winter21/tracked_music/ce_la_vie.xm
file music-module	parties/2021/assembly_winter21/tracked_music/i_dream_about_the_wires.xm	1.91M	assembly_winter21/tracked_music/i_dream_about_the_wires.xm
file music-module	parties/2021/assembly_winter21/tracked_music/jarsk1e_-_dub_man_ii.xm	37.39K	assembly_winter21/tracked_music/jarsk1e_-_dub_man_ii.xm
file music-module	parties/2021/assembly_winter21/tracked_music/mpxvm_adkd_-_snow_down_v3.xm	1.23M	assembly_winter21/tracked_music/mpxvm_adkd_-_snow_down_v3.xm
file music-module	parties/2021/brownbirdie21/tracked_music/brown-notes-from-fyrisskolan-by-med-eller-utan-mazzariner.xm	341.73K	brownbirdie21/tracked_music/brown-notes-from-fyrisskolan-by-med-eller-utan-mazzariner.xm
file music-module	parties/2021/brownbirdie21/tracked_music/getkaramellen-by-bosse-harram.xm	343.81K	brownbirdie21/tracked_music/getkaramellen-by-bosse-harram.xm
file music-module	parties/2021/brownbirdie21/tracked_music/kavvan-4-the-quest-for-peace-by-fsfreak.xm	3.05M	brownbirdie21/tracked_music/kavvan-4-the-quest-for-peace-by-fsfreak.xm
file music-module	parties/2021/brownbirdie21/tracked_music/torsk-54-by-znurre.xm	272.64K	brownbirdie21/tracked_music/torsk-54-by-znurre.xm
file music-module	parties/2021/deadline21/tracked_music/dream.xm	1.75M	deadline21/tracked_music/dream.xm
file music-module	parties/2021/deadline21/tracked_music/polytope.xm	15.12K	deadline21/tracked_music/polytope.xm
file music-module	parties/2021/deadline21/tracked_music/rp-donny-the-diskowboy.xm	319.45K	deadline21/tracked_music/rp-donny-the-diskowboy.xm
file archive	parties/2021/jml21/tracker_national_anthem/j9-kemio.xm.zip	673.43K	jml21/tracker_national_anthem/j9-kemio.xm.zip
file music-module	parties/2021/shadow_party21/music_tracked/all-my-circuits-...-supercharged-.xm	623.64K	shadow_party21/music_tracked/all-my-circuits-...-supercharged-.xm
file music-module	parties/2021/silvester21/music/i_hate_clowns2.xm	221.41K	silvester21/music/i_hate_clowns2.xm
file music-module	parties/2021/syntax21/tracked_music/djqueso_-_cold_cut_house_2_fixed.xm	88.84K	syntax21/tracked_music/djqueso_-_cold_cut_house_2_fixed.xm
file music-module	parties/2021/syntax21/tracked_music/krdn_rbl_flvr.xm	0.97M	syntax21/tracked_music/krdn_rbl_flvr.xm
file music-module	parties/2021/syntax21/tracked_music/pselodux---fractured-opus-theme.xm	909.38K	syntax21/tracked_music/pselodux---fractured-opus-theme.xm
file music-module	parties/2021/syntax21/tracked_music/turbobabian-trimmed.xm	740.31K	syntax21/tracked_music/turbobabian-trimmed.xm
file music-module	parties/2021/tokyodemofest21/music/kazpulse_swinginscat.xm	535.70K	tokyodemofest21/music/kazpulse_swinginscat.xm
file music-module	parties/2021/xenium21/msx_tracked/inadvance.xm	1.70M	xenium21/msx_tracked/inadvance.xm
file music-module	parties/2022/assembly_summer22/tracked_music/jarsk1e_-_nes__bass.xm	417.82K	assembly_summer22/tracked_music/jarsk1e_-_nes__bass.xm
file music-module	parties/2022/birdie22/tracked_music/dieter_motwurst-kl__fdj__rsdisco.xm	432.21K	birdie22/tracked_music/dieter_motwurst-kl__fdj__rsdisco.xm
file music-module	parties/2022/birdie22/tracked_music/psychad-wiki.xm	235.86K	birdie22/tracked_music/psychad-wiki.xm
file music-module	parties/2022/birdie22/tracked_music/revenge_of_murgur-zpiff.xm	42.74K	birdie22/tracked_music/revenge_of_murgur-zpiff.xm
file music-module	parties/2022/brownbirdie22/fast_sandstorm_remix/061-sandstorm.xm	3.07K	brownbirdie22/fast_sandstorm_remix/061-sandstorm.xm
file music-module	parties/2022/brownbirdie22/tracked_music/glitchpoop.xm	41.33K	brownbirdie22/tracked_music/glitchpoop.xm
file music-module	parties/2022/brownbirdie22/tracked_music/song-smokeshyps-level.xm	321.38K	brownbirdie22/tracked_music/song-smokeshyps-level.xm
file music-module	parties/2022/demosplash22/audio/an_error_occurred.xm	1.19M	demosplash22/audio/an_error_occurred.xm
file music-module	parties/2022/edison22/tracked-music/ducklight---30sec-without-listening.xm	70.66K	edison22/tracked-music/ducklight---30sec-without-listening.xm
file music-module	parties/2022/edison22/tracked-music/fsfreak_-_concrete_skeletons.xm	1.41M	edison22/tracked-music/fsfreak_-_concrete_skeletons.xm
file music-module	parties/2022/edison22/tracked-music/gbmonkeylove.xm	920.36K	edison22/tracked-music/gbmonkeylove.xm
file music-module	parties/2022/edison22/tracked-music/hu-night.xm	7.00M	edison22/tracked-music/hu-night.xm
file music-module	parties/2022/edison22/tracked-music/jorel_edison2022.xm	2.64M	edison22/tracked-music/jorel_edison2022.xm
file music-module	parties/2022/edison22/tracked-music/krdn_getdwn_behave.xm	3.48M	edison22/tracked-music/krdn_getdwn_behave.xm
file music-module	parties/2022/edison22/tracked-music/qlint_jungleattack.xm	195.40K	edison22/tracked-music/qlint_jungleattack.xm
file music-module	parties/2022/edison22/tracked-music/sad_song.xm	763.11K	edison22/tracked-music/sad_song.xm
file music-module	parties/2022/edison22/tracked-music/unipressive2ch.xm	2.47M	edison22/tracked-music/unipressive2ch.xm
file music-module	parties/2022/evoke22/mmul/kingshit.xm	115.53K	evoke22/mmul/kingshit.xm
file music-module	parties/2022/evoke22/mmul/okeanos_kings_of_the_jazzground.xm	82.63K	evoke22/mmul/okeanos_kings_of_the_jazzground.xm
file music-module	parties/2022/evoke22/mmul/the-raccoon-of-evoke.xm	100.41K	evoke22/mmul/the-raccoon-of-evoke.xm
file music-module	parties/2022/evoke22/mmul/triace_kings_of_the_broken_playground_patter-ntzntz.xm	151.04K	evoke22/mmul/triace_kings_of_the_broken_playground_patter-ntzntz.xm
file music-module	parties/2022/fieldfx22/music/gabberzwerg.xm	4.00K	fieldfx22/music/gabberzwerg.xm
file music-module	parties/2022/jml22/tracker_music/v-synyt-pauke-by-naetti-tyttoe.xm	628.09K	jml22/tracker_music/v-synyt-pauke-by-naetti-tyttoe.xm
file music-module	parties/2022/revision22/tracked-music/broke.xm	1.24M	revision22/tracked-music/broke.xm
file music-module	parties/2022/revision22/tracked-music/fngl-crspng.xm	202.27K	revision22/tracked-music/fngl-crspng.xm
file music-module	parties/2022/revision22/tracked-music/roz-lonelies.xm	964.37K	revision22/tracked-music/roz-lonelies.xm
file music-module	parties/2022/revision22/tracked-music/takeshi_kovac's_purgatory.xm	1.91M	revision22/tracked-music/takeshi_kovac's_purgatory.xm
file music-module	parties/2022/shadowparty22/music_tracked/itsabomb.xm	475.64K	shadowparty22/music_tracked/itsabomb.xm
file music-module	parties/2022/trsac22/oldschool-music/adkd_working_on_it.xm	0.97M	trsac22/oldschool-music/adkd_working_on_it.xm
file music-module	parties/2022/trsac22/oldschool-music/kaktusen---skalle.xm	1.44M	trsac22/oldschool-music/kaktusen---skalle.xm
file music-module	parties/2022/trsac22/oldschool-music/krdn_dcn_dbr.xm	1.95M	trsac22/oldschool-music/krdn_dcn_dbr.xm
file music-module	parties/2022/trsac22/oldschool-music/morbid-desires.xm	1.66M	trsac22/oldschool-music/morbid-desires.xm
file music-module	parties/2022/zenta22/tracked-music/rule5.xm	55.02K	zenta22/tracked-music/rule5.xm
file music-module	parties/2023/assembly_summer23/tracked-music/fight_by_sonjay-beats-with-prototype.xm	0.97M	assembly_summer23/tracked-music/fight_by_sonjay-beats-with-prototype.xm
file music-module	parties/2023/birdie23/tracked_music/archangel---aladdins-dojjor.xm	626.10K	birdie23/tracked_music/archangel---aladdins-dojjor.xm
file music-module	parties/2023/birdie23/tracked_music/dunz0r---gabbah-tiiime.xm	18.62M	birdie23/tracked_music/dunz0r---gabbah-tiiime.xm
file music-module	parties/2023/birdie23/tracked_music/edvind---tumultet-p--l-dbilsgatan.xm	178.42K	birdie23/tracked_music/edvind---tumultet-p--l-dbilsgatan.xm
file music-module	parties/2023/birdie23/tracked_music/fsfreak---track00.xm	442.51K	birdie23/tracked_music/fsfreak---track00.xm
file music-module	parties/2023/birdie23/tracked_music/michan---r-det-d-r-snor-eller--r-det-vaniljs-s.xm	2.11M	birdie23/tracked_music/michan---r-det-d-r-snor-eller--r-det-vaniljs-s.xm
file music-module	parties/2023/birdie23/tracked_music/slaze-defiance-desire---rex-lacerta.xm	1.40M	birdie23/tracked_music/slaze-defiance-desire---rex-lacerta.xm
file music-module	parties/2023/birdie23/tracked_music/xinux---gryl.xm	2.08M	birdie23/tracked_music/xinux---gryl.xm
file music-module	parties/2023/birdie23/tracked_music/zpiff---knulfur.xm	96.43K	birdie23/tracked_music/zpiff---knulfur.xm
file music-module	parties/2023/blackbirdie23/tracked_music/zingo.xm	353.91K	blackbirdie23/tracked_music/zingo.xm
file music-module	parties/2023/brownbirdie23/tracked_music/a-winner-is-you-by-fsfreak.xm	393.31K	brownbirdie23/tracked_music/a-winner-is-you-by-fsfreak.xm
file music-module	parties/2023/brownbirdie23/tracked_music/chitsu-o-nameru-by-hyperunknown-noice.xm	1.72M	brownbirdie23/tracked_music/chitsu-o-nameru-by-hyperunknown-noice.xm
file music-module	parties/2023/brownbirdie23/tracked_music/skr-pig-by-mihien.xm	6.81M	brownbirdie23/tracked_music/skr-pig-by-mihien.xm
file music-module	parties/2023/deadline23/tracked_music/eha-code.xm	1.28M	deadline23/tracked_music/eha-code.xm
file music-module	parties/2023/edison23/tracked-music/krdn_still_cntd.xm	3.51M	edison23/tracked-music/krdn_still_cntd.xm
file music-module	parties/2023/edison23/tracked-music/qlint_murder_party_85.xm	1.76M	edison23/tracked-music/qlint_murder_party_85.xm
file music-module	parties/2023/skrolli23/wild/supisydet_by_vurpo.xm	1.24M	skrolli23/wild/supisydet_by_vurpo.xm
file music-module	parties/2023/trsac23/oldschool-music/krdn_shape-up.xm	1.91M	trsac23/oldschool-music/krdn_shape-up.xm
file music-module	parties/2024/brownbirdie24/fast_1_minut_ladda_upp_vad_ni_vill/creepy-goats-by-hyperunknown.xm	2.03M	brownbirdie24/fast_1_minut_ladda_upp_vad_ni_vill/creepy-goats-by-hyperunknown.xm
file music-module	parties/2024/brownbirdie24/tracked_music/skitn-diga-tankar-by-brf-dr-paren.xm	0.99M	brownbirdie24/tracked_music/skitn-diga-tankar-by-brf-dr-paren.xm
file music-module	parties/2024/brownbirdie24/tracked_music/smk-hittar-inte-munspelet-by-slidmuren.xm	1.29M	brownbirdie24/tracked_music/smk-hittar-inte-munspelet-by-slidmuren.xm
file music-module	parties/2024/brownbirdie24/tracked_music/znurre-anthem-by-fsfreak.xm	1.39M	brownbirdie24/tracked_music/znurre-anthem-by-fsfreak.xm
file music-module	parties/2024/deadline24/tracked_music/potcfdk_-_bay_5.xm	215.28K	deadline24/tracked_music/potcfdk_-_bay_5.xm
file music-module	parties/2025/assembly_summer25/fast-music/blips_by_gimle.xm	402.13K	assembly_summer25/fast-music/blips_by_gimle.xm
file music-module	parties/2025/birdie25/tracked_music/broken-tracker.xm	3.44M	birdie25/tracked_music/broken-tracker.xm
file music-module	parties/2025/birdie25/tracked_music/endorfin.xm	15.39K	birdie25/tracked_music/endorfin.xm
file music-module	parties/2025/birdie25/tracked_music/fsfreak_-_blastboy_and_nitroninja_-_upgrade_shop.xm	1.39M	birdie25/tracked_music/fsfreak_-_blastboy_and_nitroninja_-_upgrade_shop.xm
file music-module	parties/2025/brownbirdie25/fast_hudik_radio_98_5/dunz0r-facerape-ja.xm	12.10M	brownbirdie25/fast_hudik_radio_98_5/dunz0r-facerape-ja.xm
file music-module	parties/2025/brownbirdie25/fast_hudik_radio_98_5/nytamin-jagboridelsbo.xm	707.14K	brownbirdie25/fast_hudik_radio_98_5/nytamin-jagboridelsbo.xm
file music-module	parties/2025/brownbirdie25/tracked_music/apotea-tigerbalsam.xm	8.88M	brownbirdie25/tracked_music/apotea-tigerbalsam.xm
file music-module	parties/2025/brownbirdie25/tracked_music/hyperunknown-arpspoofing.xm	473.93K	brownbirdie25/tracked_music/hyperunknown-arpspoofing.xm
file music-module	parties/2025/brownbirdie25/tracked_music/hyperunknown-hevosenlihahahalol.xm	2.90M	brownbirdie25/tracked_music/hyperunknown-hevosenlihahahalol.xm
file music-module	parties/2025/brownbirdie25/tracked_music/lokasnt-90s-forever.xm	96.18K	brownbirdie25/tracked_music/lokasnt-90s-forever.xm
file music-module	parties/2025/brownbirdie25/tracked_music/lokasnt-small-size.xm	1.93K	brownbirdie25/tracked_music/lokasnt-small-size.xm
file music-module	parties/2025/brownbirdie25/tracked_music/lokasnt-the-other-side.xm	215.80K	brownbirdie25/tracked_music/lokasnt-the-other-side.xm
file music-module	parties/2025/brownbirdie25/wild/lokasnt-bounce.xm	51.90K	brownbirdie25/wild/lokasnt-bounce.xm
file music-module	parties/2025/compusphere25/chip_music/zabutom-broken-words.xm	30.54K	compusphere25/chip_music/zabutom-broken-words.xm
file music-module	parties/2025/compusphere25/new_school_music/zabutom-between-two-stars.xm	289.57K	compusphere25/new_school_music/zabutom-between-two-stars.xm
file music-module	parties/2025/compusphere25/tracked_4_channel_music/zabutom-endless-melody.xm	233.21K	compusphere25/tracked_4_channel_music/zabutom-endless-melody.xm
file music-module	parties/2025/deadline25/tracked_music/marbl-cheesecake---burn-t-out.xm	469.11K	deadline25/tracked_music/marbl-cheesecake---burn-t-out.xm
file music-module	parties/2025/dream21025/tracked_music/murloc013---vodka-korpiklaani-cover-.xm	56.85K	dream21025/tracked_music/murloc013---vodka-korpiklaani-cover-.xm
file music-module	parties/2025/edison25/tracked_music/crrdnn_nvatiin.xm	1.91M	edison25/tracked_music/crrdnn_nvatiin.xm
file music-module	parties/2025/edison25/tracked_music/gr0gg0_-_hard_seltzer.xm	279.89K	edison25/tracked_music/gr0gg0_-_hard_seltzer.xm
file music-module	parties/2025/edison25/tracked_music/immersive_fragments.xm	66.11K	edison25/tracked_music/immersive_fragments.xm
file music-module	parties/2025/edison25/tracked_music/qlint_at_the_top_of_the_mountain.xm	2.28M	edison25/tracked_music/qlint_at_the_top_of_the_mountain.xm
file music-module	parties/2025/edison25/tracked_music/takashi_s_castle.xm	39.62K	edison25/tracked_music/takashi_s_castle.xm
file music-module	parties/2025/evoke25/mmul_jazz/a_while.xm	3.26M	evoke25/mmul_jazz/a_while.xm
file music-module	parties/2025/evoke25/mmul_jazz/dma-sc_-_lightened_mind.xm	2.06M	evoke25/mmul_jazz/dma-sc_-_lightened_mind.xm
file music-module	parties/2025/evoke25/mmul_jazz/jazz-03.xm	2.53M	evoke25/mmul_jazz/jazz-03.xm
file music-module	parties/2026/68k_inside26/music/qumran_dknation_clink_veggienburg.xm	7.82K	68k_inside26/music/qumran_dknation_clink_veggienburg.xm
file music-module	parties/2026/birdie26/tracked_music/en-gaong-utanfoer-allianshallen.xm	82.96K	birdie26/tracked_music/en-gaong-utanfoer-allianshallen.xm
file music-module	parties/2026/birdie26/tracked_music/qumran---candyland.xm	478.68K	birdie26/tracked_music/qumran---candyland.xm
file music-module	parties/2026/birdie26/tracked_music/starligh.xm	73.33K	birdie26/tracked_music/starligh.xm
file music-module	parties/2026/outline26/music/candyland.xm	478.68K	outline26/music/candyland.xm
file music-module	parties/2026/revision26/tracked-music/skiesareyours.xm	1.02M	revision26/tracked-music/skiesareyours.xm
file archive	parties/2026/roma.exe26/composita/01.dxn_spcl.xm.zip	650.54K	roma.exe26/composita/01.dxn_spcl.xm.zip
file archive	parties/2026/roma.exe26/composita/04.the_fall.xm.zip	532.01K	roma.exe26/composita/04.the_fall.xm.zip
