https://www.cpc-power.com/YM/Arche%20du%20Captain%20Blood%20%281988%29%28Ere%20Informatique%29.ym	2
https://www.cpc-power.com/YM/Venusis%20Planet%20%281989%29%28Black%20System%29%28Luc%20Guillaume%29.ym	3
https://www.cpc-power.com/YM/The%20Real%20Destruction%20Of%20Iris%20%281989%29%28Amstar%20%26%20Cpc%29%28Luc%20Guillaume%29.ym	4
https://www.cpc-power.com/YM/Zaxon%20%281991%29%28Crack%27n%27Rom%29%28Zig%20Zag%29.ym	7
https://www.cpc-power.com/YM/Xor%20%281987%29%28Astral%20Software%29.ym	8
https://www.cpc-power.com/YM/The%20Wombles%20%281990%29%28Alternative%20Software%29%28Paul%20Hiley%29.ym	11
https://www.cpc-power.com/YM/Werewolves%20Of%20London%20%281987%29%28Ariolasoft%29.ym	12
https://www.cpc-power.com/YM/Balling%20%281991%29%28Micro%20News%29%28Claude%20Le%20Moulec%29%28Basic%29.ym	14
https://www.cpc-power.com/YM/Triple%20Comando%20%281988%29%28Dro%20Soft%29%28Cesar%20Astudillo%29.ym	20
https://www.cpc-power.com/YM/Le%20Tresor%20D%27Ali%20Gator%20%281991%29%28Lankhor%29%28Claude%20Le%20Moullec%29%28Basic%29.ym	21
https://www.cpc-power.com/YM/Tombstowne%20%281985%29%28AmSoft%29.ym	23
https://www.cpc-power.com/YM/Throne%20Of%20Fire%20%281987%29%28Melbourne%20House%29.ym	26
https://www.cpc-power.com/YM/Tetris%20II%201-2%20%281991%29%28Public%20Domain%29.ym	28
https://www.cpc-power.com/YM/Tetris%20II%202-2%20%281991%29%28Public%20Domain%29.ym	28
https://www.cpc-power.com/YM/Super%20Tripper%20%281985%29%28Indescomp%29.ym	33
https://www.cpc-power.com/YM/Super%20Tetris%20Game%20%281997%29%28Frequency%29%28ST-Module%29.ym	34
https://www.cpc-power.com/YM/Super%20Tetris%20Intro%20%281997%29%28Frequency%29%28ST-Module%29.ym	34
https://www.cpc-power.com/YM/Super%20Tetris%20Menu%20%281997%29%28Frequency%29%28ST-Module%29.ym	34
https://www.cpc-power.com/YM/Subbuteo%20-%20The%20Computer%20Game%20%281991%29%28Goliath%20Games%29.ym	35
https://www.cpc-power.com/YM/Strip%20Takin%20-%20Intro%20%2819xx%29%28Public%20Domain%29.ym	36
https://www.cpc-power.com/YM/Animated%20Strip%20Poker%201-5%20%281985%29%28Knight%20Soft%29%28Basic%29.ym	37
https://www.cpc-power.com/YM/Animated%20Strip%20Poker%202-5%20%281985%29%28Knight%20Soft%29%28Basic%29.ym	37
https://www.cpc-power.com/YM/Animated%20Strip%20Poker%203-5%20%281985%29%28Knight%20Soft%29%28Basic%29.ym	37
https://www.cpc-power.com/YM/Animated%20Strip%20Poker%204-5%20%281985%29%28Knight%20Soft%29%28Basic%29.ym	37
https://www.cpc-power.com/YM/Animated%20Strip%20Poker%205-5%20%281985%29%28Knight%20Soft%29%28Basic%29.ym	37
https://www.cpc-power.com/YM/Strip%20Poker%20-%20Intro%20%281985%29%28CORE%29%28Gilles%20Blancon%29%28Basic%29.ym	38
https://www.cpc-power.com/YM/Strip%20Poker%20-%20Cheat%20%281985%29%28CORE%29%28Gilles%20Blancon%29%28Basic%29.ym	38
https://www.cpc-power.com/YM/Strip%20Ball%20%281995%29%28Public%20Domain%29%28Basic%29.ym	39
https://www.cpc-power.com/YM/Barbarian%201-3%20%281987%29%28Palace%20Software%29%28Richard%20Joseph%29.ym	40
https://www.cpc-power.com/YM/Barbarian%202-3%20%281987%29%28Palace%20Software%29%28Richard%20Joseph%29.ym	40
https://www.cpc-power.com/YM/Barbarian%203-3%20%281987%29%28Palace%20Software%29%28Richard%20Joseph%29.ym	40
https://www.cpc-power.com/YM/Trantor%20-%20The%20Last%20Stormtrooper%201-3%20%281987%29%28US%20Gold%29%28David%20Whittaker%29.ym	41
https://www.cpc-power.com/YM/Trantor%20-%20The%20Last%20Stormtrooper%202-3%20%281987%29%28US%20Gold%29%28David%20Whittaker%29.ym	41
https://www.cpc-power.com/YM/Trantor%20-%20The%20Last%20Stormtrooper%203-3%20%281987%29%28US%20Gold%29%28David%20Whittaker%29.ym	41
https://www.cpc-power.com/YM/Sos%20100%201-3%20%281988%29%28Amstrad%20Cent%20Pour%20Cent%29%28Alain%20Massoumipour%29%28Basic%29.ym	46
https://www.cpc-power.com/YM/Sos%20100%202-3%20%281988%29%28Amstrad%20Cent%20Pour%20Cent%29%28Alain%20Massoumipour%29%28Basic%29.ym	46
https://www.cpc-power.com/YM/Sos%20100%203-3%20%281988%29%28Amstrad%20Cent%20Pour%20Cent%29%28Alain%20Massoumipour%29%28Basic%29.ym	46
https://www.cpc-power.com/YM/Solomon%27s%20Key%203%20-%20Credits%20%281994%29%28Public%20Domain%29%28Eliot%29%28ST-128%20Module%29.ym	47
https://www.cpc-power.com/YM/Solomon%27s%20Key%203%20-%20End%20%281994%29%28Public%20Domain%29%28Eliot%29%28ST-128%20Module%29.ym	47
https://www.cpc-power.com/YM/Solomon%27s%20Key%203%20-%20InGame%20%281994%29%28Public%20Domain%29%28Eliot%29%28ST-128%20Module%29.ym	47
https://www.cpc-power.com/YM/Solomon%27s%20Key%203%20-%20Menu%20%281994%29%28Public%20Domain%29%28Eliot%29%28ST-128%20Module%29.ym	47
https://www.cpc-power.com/YM/Skywar%201-2%20%281993%29%28CPC%20Infos%29%28LH%20Guillaume%29.ym	50
https://www.cpc-power.com/YM/Skywar%202-2%20%281993%29%28CPC%20Infos%29%28LH%20Guillaume%29.ym	50
https://www.cpc-power.com/YM/Sir%20Fred%20%281986%29%28Mister%20Chip%29.ym	51
https://www.cpc-power.com/YM/Exolon%20%281987%29%28Hewson%29%28Raffaele%20Cecco%29.ym	54
https://www.cpc-power.com/YM/Cybernoid%201-2%20%281988%29%28Hewson%29%28Dave%20Rogers%29%28JDR%20Sound%20Driver%29.ym	55
https://www.cpc-power.com/YM/Cybernoid%202-2%20%281988%29%28Hewson%29%28Dave%20Rogers%29%28JDR%20Sound%20Driver%29.ym	55
https://www.cpc-power.com/YM/Cybernoid%202%20%281988%29%28Hewson%29%28Dave%20Rogers%29%28JDR%20Sound%20Driver%29.ym	56
https://www.cpc-power.com/YM/Ship%20%281988%29%28System%204%20de%20Espana%29.ym	57
https://www.cpc-power.com/YM/Sepulcri%20%281986%29%28Ariolasoft%29.ym	58
https://www.cpc-power.com/YM/Push%20-%20Intro%20%281995%29%28Public%20Domain%29%28Eliot%29%28ST-128%20Module%29.ym	63
https://www.cpc-power.com/YM/Push%20-%20Menu%20%281995%29%28Public%20Domain%29%28Eliot%29%28ST-128%20Module%29.ym	63
https://www.cpc-power.com/YM/Push%20-%20InGame%20%281995%29%28Public%20Domain%29%28Eliot%29%28ST-128%20Module%29.ym	63
https://www.cpc-power.com/YM/Plumpy%20%281990%29%28CPC%20Infos%29%28Duffy%29%28Music%20Pro%29.ym	64
https://www.cpc-power.com/YM/Paranoia%201-3%20%281994%29%28Power%20System%29%28Epsilon%29.ym	66
https://www.cpc-power.com/YM/Paranoia%202-3%20%281994%29%28Power%20System%29%28Epsilon%29.ym	66
https://www.cpc-power.com/YM/Paranoia%203-3%20%281994%29%28Power%20System%29%28Epsilon%29.ym	66
https://www.cpc-power.com/YM/Out%20of%20this%20World%20%281987%29%28Bettertech%20Limited%29%28Jason%20C%20Brooke%29.ym	68
https://www.cpc-power.com/YM/Ninja%20Massacre%201-7%20%281989%29%28Codemasters%29.ym	70
https://www.cpc-power.com/YM/Ninja%20Massacre%202-7%20%281989%29%28Codemasters%29.ym	70
https://www.cpc-power.com/YM/Ninja%20Massacre%203-7%20%281989%29%28Codemasters%29.ym	70
https://www.cpc-power.com/YM/Ninja%20Massacre%204-7%20%281989%29%28Codemasters%29.ym	70
https://www.cpc-power.com/YM/Ninja%20Massacre%205-7%20%281989%29%28Codemasters%29.ym	70
https://www.cpc-power.com/YM/Ninja%20Massacre%206-7%20%281989%29%28Codemasters%29.ym	70
https://www.cpc-power.com/YM/Ninja%20Massacre%207-7%20%281989%29%28Codemasters%29.ym	70
https://www.cpc-power.com/YM/Nether%20Earth%20%281987%29%28Icon%20Design%20Ltd%29.ym	71
https://www.cpc-power.com/YM/The%20Mystery%20Of%20Arkham%20Manor%20%281987%29%28Melbourne%20House%29%28Dave%20Kelly%29.ym	72
https://www.cpc-power.com/YM/Moulinsart%20%281987%29%28Bretagne%20Edit%20presse%29%28Alex%20Autrou%29.ym	75
https://www.cpc-power.com/YM/Les%20Mondes%20Paralleles%20-%20Intro%20%281993%29%28Public%20Domain%29.ym	76
https://www.cpc-power.com/YM/Les%20Mondes%20Paralleles%20-%20InGame%201%20%281993%29%28Public%20Domain%29.ym	76
https://www.cpc-power.com/YM/Les%20Mondes%20Paralleles%20-%20InGame%202%20%281993%29%28Public%20Domain%29.ym	76
https://www.cpc-power.com/YM/Les%20Mondes%20Paralleles%20-%20InGame%203%20%281993%29%28Public%20Domain%29.ym	76
https://www.cpc-power.com/YM/Megablasters%20Before%20Game%20%281994%29%28OdieSoft%29%28Kangaroo%20Music%29%28ST-Module%29.ym	81
https://www.cpc-power.com/YM/Megablasters%20Ingame%20%281994%29%28OdieSoft%29%28Kangaroo%20Music%29%28ST-Module%29.ym	81
https://www.cpc-power.com/YM/Megablasters%20Level%20%281994%29%28OdieSoft%29%28Kangaroo%20Music%29%28ST-Module%29.ym	81
https://www.cpc-power.com/YM/Megablasters%20Menu%20%281994%29%28OdieSoft%29%28Kangaroo%20Music%29%28ST-Module%29.ym	81
https://www.cpc-power.com/YM/Megablasters%20Presentation%20%281994%29%28OdieSoft%29%28Kangaroo%20Music%29%28ST-Module%29.ym	81
https://www.cpc-power.com/YM/Astro%20Marine%20Corps%20Part%201%201-4%20%281989%29%28Dinamic%29%28Jose%20A.%20Martin%29.ym	83
https://www.cpc-power.com/YM/Astro%20Marine%20Corps%20Part%201%202-4%20%281989%29%28Dinamic%29%28Jose%20A.%20Martin%29.ym	83
https://www.cpc-power.com/YM/Astro%20Marine%20Corps%20Part%201%203-4%20%281989%29%28Dinamic%29%28Jose%20A.%20Martin%29.ym	83
https://www.cpc-power.com/YM/Astro%20Marine%20Corps%20Part%201%204-4%20%281989%29%28Dinamic%29%28Jose%20A.%20Martin%29.ym	83
https://www.cpc-power.com/YM/Astro%20Marine%20Corps%20Part%202%201-4%20%281989%29%28Dinamic%29%28Jose%20A.%20Martin%29.ym	83
https://www.cpc-power.com/YM/Astro%20Marine%20Corps%20Part%202%202-4%20%281989%29%28Dinamic%29%28Jose%20A.%20Martin%29.ym	83
https://www.cpc-power.com/YM/Astro%20Marine%20Corps%20Part%202%203-4%20%281989%29%28Dinamic%29%28Jose%20A.%20Martin%29.ym	83
https://www.cpc-power.com/YM/Astro%20Marine%20Corps%20Part%202%204-4%20%281989%29%28Dinamic%29%28Jose%20A.%20Martin%29.ym	83
https://www.cpc-power.com/YM/Equinox%20%281986%29%28Mikro-Gen%29.ym	84
https://www.cpc-power.com/YM/Lazertag%201-2%20%281987%29%28US%20Gold%29%28Jason%20C%20Brooke%29.ym	85
https://www.cpc-power.com/YM/Lazertag%202-2%20%281987%29%28US%20Gold%29%28Jason%20C%20Brooke%29.ym	85
https://www.cpc-power.com/YM/Who%20Dares%20Wins%20II%20%281985%29%28Alligata%20Software%29.ym	87
https://www.cpc-power.com/YM/L%27Aigle%20D%27Or%20%281986%29%28Loriciels%29%28Basic%29.ym	88
https://www.cpc-power.com/YM/L%27Aigle%20D%27or%20-%20Le%20Retour%20%281992%29%28Loriciels%29%28Michel%20WINOGRADOFF%29.ym	89
https://www.cpc-power.com/YM/Amelie%20Minuit%20%281985%29%28Ere%20Informatique%29%28Basic%29.ym	90
https://www.cpc-power.com/YM/Army%20Moves%20Part%201%20%281986%29%28Dinamic%29%28Manuel%20Cubedo%29.ym	94
https://www.cpc-power.com/YM/Army%20Moves%20Part%202%20%281986%29%28Dinamic%29%28Manuel%20Cubedo%29.ym	94
https://www.cpc-power.com/YM/Phantis%201-2%20%281987%29%28Dinamic%29%28Javier%20Cubedo%29.ym	95
https://www.cpc-power.com/YM/Phantis%202-2%20%281987%29%28Dinamic%29%28Javier%20Cubedo%29.ym	95
https://www.cpc-power.com/YM/Turbo%20Girl%20%281988%29%28Dinamic%20Software%29.ym	96
https://www.cpc-power.com/YM/Ramparts%201-4%20%281987%29%28US%20Gold%29%28Mark%20Cooksey%29.ym	97
https://www.cpc-power.com/YM/Ramparts%202-4%20%281987%29%28US%20Gold%29%28Mark%20Cooksey%29.ym	97
https://www.cpc-power.com/YM/Ramparts%203-4%20%281987%29%28US%20Gold%29%28Mark%20Cooksey%29.ym	97
https://www.cpc-power.com/YM/Ramparts%204-4%20%281987%29%28US%20Gold%29%28Mark%20Cooksey%29.ym	97
https://www.cpc-power.com/YM/Chase%20HQ%201-4%20%281989%29%28Ocean%20Software%29%28Jonathan%20Dunn%29%20%28zx%20spectrum%29.ym	100
https://www.cpc-power.com/YM/Chase%20HQ%202-4%20%281989%29%28Ocean%20Software%29%28Jonathan%20Dunn%29%20%28zx%20spectrum%29.ym	100
https://www.cpc-power.com/YM/Chase%20HQ%203-4%20%281989%29%28Ocean%20Software%29%28Jonathan%20Dunn%29%20%28zx%20spectrum%29.ym	100
https://www.cpc-power.com/YM/Chase%20HQ%204-4%20%281989%29%28Ocean%20Software%29%28Jonathan%20Dunn%29%20%28zx%20spectrum%29.ym	100
https://www.cpc-power.com/YM/Wec%20Le%20Mans%201-5%20%281988%29%28Imagine%29%28Jonathan%20Dunn%29.ym	101
https://www.cpc-power.com/YM/Wec%20Le%20Mans%202-5%20%281988%29%28Imagine%29%28Jonathan%20Dunn%29.ym	101
https://www.cpc-power.com/YM/Wec%20Le%20Mans%203-5%20%281988%29%28Imagine%29%28Jonathan%20Dunn%29.ym	101
https://www.cpc-power.com/YM/Wec%20Le%20Mans%204-5%20%281988%29%28Imagine%29%28Jonathan%20Dunn%29.ym	101
https://www.cpc-power.com/YM/Wec%20Le%20Mans%205-5%20%281988%29%28Imagine%29%28Jonathan%20Dunn%29.ym	101
https://www.cpc-power.com/YM/Wonder%20Boy%201-4%20%281987%29%28Activision%29.ym	102
https://www.cpc-power.com/YM/Wonder%20Boy%202-4%20%281987%29%28Activision%29.ym	102
https://www.cpc-power.com/YM/Wonder%20Boy%203-4%20%281987%29%28Activision%29.ym	102
https://www.cpc-power.com/YM/Wonder%20Boy%204-4%20%281987%29%28Activision%29.ym	102
https://www.cpc-power.com/YM/Commando%201-3%20%281986%29%28Elite%20System%20Ltd%29%28Rob%20Hubbard%29.ym	103
https://www.cpc-power.com/YM/Commando%202-3%20%281986%29%28Elite%20System%20Ltd%29%28Rob%20Hubbard%29.ym	103
https://www.cpc-power.com/YM/Commando%203-3%20%281986%29%28Elite%20System%20Ltd%29%28Rob%20Hubbard%29.ym	103
https://www.cpc-power.com/YM/The%20Willow%20Pattern%20Adventure%20%281985%29%28Firebird%29.ym	105
https://www.cpc-power.com/YM/Saboteur%202%20%281987%29%28Durell%20Software%29%28Rob%20Hubbard%29.ym	106
https://www.cpc-power.com/YM/Deflektor%20%281987%29%28Vortex%20Software%29%28Ben%20Daglish%29.ym	107
https://www.cpc-power.com/YM/Victory%20Road%201-4%20%281988%29%28Imagine%29%28Jonathan%20Dunn%29.ym	109
https://www.cpc-power.com/YM/Victory%20Road%202-4%20%281988%29%28Imagine%29%28Jonathan%20Dunn%29.ym	109
https://www.cpc-power.com/YM/Victory%20Road%203-4%20%281988%29%28Imagine%29%28Jonathan%20Dunn%29.ym	109
https://www.cpc-power.com/YM/Victory%20Road%204-4%20%281988%29%28Imagine%29%28Jonathan%20Dunn%29.ym	109
https://www.cpc-power.com/YM/Narc%20%281990%29%28Ocean%20Software%29%28Tiny%20Williams%29.ym	110
https://www.cpc-power.com/YM/Turbo%20Cup%20%281988%29%28Loriciels%29%28Michel%20Winogradoff%29.ym	111
https://www.cpc-power.com/YM/New%20Zealand%20Story%201-9%20%281989%29%28Ocean%20Software%29%28Jonathan%20Dunn%29.ym	112
https://www.cpc-power.com/YM/New%20Zealand%20Story%202-9%20%281989%29%28Ocean%20Software%29%28Jonathan%20Dunn%29.ym	112
https://www.cpc-power.com/YM/New%20Zealand%20Story%203-9%20%281989%29%28Ocean%20Software%29%28Jonathan%20Dunn%29.ym	112
https://www.cpc-power.com/YM/New%20Zealand%20Story%204-9%20%281989%29%28Ocean%20Software%29%28Jonathan%20Dunn%29.ym	112
https://www.cpc-power.com/YM/New%20Zealand%20Story%205-9%20%281989%29%28Ocean%20Software%29%28Jonathan%20Dunn%29.ym	112
https://www.cpc-power.com/YM/New%20Zealand%20Story%206-9%20%281989%29%28Ocean%20Software%29%28Jonathan%20Dunn%29.ym	112
https://www.cpc-power.com/YM/New%20Zealand%20Story%207-9%20%281989%29%28Ocean%20Software%29%28Jonathan%20Dunn%29.ym	112
https://www.cpc-power.com/YM/New%20Zealand%20Story%208-9%20%281989%29%28Ocean%20Software%29%28Jonathan%20Dunn%29.ym	112
https://www.cpc-power.com/YM/New%20Zealand%20Story%209-9%20%281989%29%28Ocean%20Software%29%28Jonathan%20Dunn%29.ym	112
https://www.cpc-power.com/YM/Ninja%20Warriors%20%281989%29%28The%20Sales%20Curve%29%28Tiny%20Williams%29.ym	113
https://www.cpc-power.com/YM/Ninja%20Spirit%201-7%20%281990%29%28Activision%29%28Paul%20Hiley%29.ym	114
https://www.cpc-power.com/YM/Ninja%20Spirit%202-7%20%281990%29%28Activision%29%28Paul%20Hiley%29.ym	114
https://www.cpc-power.com/YM/Ninja%20Spirit%203-7%20%281990%29%28Activision%29%28Paul%20Hiley%29.ym	114
https://www.cpc-power.com/YM/Ninja%20Spirit%204-7%20%281990%29%28Activision%29%28Paul%20Hiley%29.ym	114
https://www.cpc-power.com/YM/Ninja%20Spirit%205-7%20%281990%29%28Activision%29%28Paul%20Hiley%29.ym	114
https://www.cpc-power.com/YM/Ninja%20Spirit%206-7%20%281990%29%28Activision%29%28Paul%20Hiley%29.ym	114
https://www.cpc-power.com/YM/Ninja%20Spirit%207-7%20%281990%29%28Activision%29%28Paul%20Hiley%29.ym	114
https://www.cpc-power.com/YM/Ironman%20Ivan%20Stewart%27s%20Super%20Off%20Road%20%281990%29%28Virgin%20Games%29.ym	115
https://www.cpc-power.com/YM/Target%20Renegade%20InGame%20Intro%20Music%20%281988%29%28Imagine%20Software%29%28Gary%20Biasillo%29.ym	116
https://www.cpc-power.com/YM/Target%20Renegade%20Menu%20Music%20%281988%29%28Imagine%20Software%29%28Gary%20Biasillo%29.ym	116
https://www.cpc-power.com/YM/Target%20Renegade%20InGame%201%20Music%20%281988%29%28Imagine%20Software%29%28Gary%20Biasillo%29.ym	116
https://www.cpc-power.com/YM/Target%20Renegade%20InGame%202%20Music%20%281988%29%28Imagine%20Software%29%28Gary%20Biasillo%29.ym	116
https://www.cpc-power.com/YM/Target%20Renegade%20InGame%203%20Music%20%281988%29%28Imagine%20Software%29%28Gary%20Biasillo%29.ym	116
https://www.cpc-power.com/YM/Target%20Renegade%20InGame%204%20Music%20%281988%29%28Imagine%20Software%29%28Gary%20Biasillo%29.ym	116
https://www.cpc-power.com/YM/Target%20Renegade%20InGame%205%20Music%20%281988%29%28Imagine%20Software%29%28Gary%20Biasillo%29.ym	116
https://www.cpc-power.com/YM/Alien%208%20%281985%29%28Ultimate%20Play%20the%20Game%29.ym	118
https://www.cpc-power.com/YM/Skweek%20-%20InGame%201%20%281989%29%28Loriciels%29%28Michel%20Winogradoff%29.ym	119
https://www.cpc-power.com/YM/Skweek%20-%20InGame%202%20%281989%29%28Loriciels%29%28Michel%20Winogradoff%29.ym	119
https://www.cpc-power.com/YM/Skweek%20-%20Game%20Over%20%281989%29%28Loriciels%29%28Michel%20Winogradoff%29.ym	119
https://www.cpc-power.com/YM/Jackal%20%281986%29%28Konami%29.ym	120
https://www.cpc-power.com/YM/Slap%20Fight%201-2%20%281986%29%28Imagine%29.ym	124
https://www.cpc-power.com/YM/Slap%20Fight%202-2%20%281986%29%28Imagine%29.ym	124
https://www.cpc-power.com/YM/Brave%20Starr%20%281987%29%28US%20Gold%29%28David%20Whittaker%29.ym	126
https://www.cpc-power.com/YM/Ball%20Breaker%201%20%26%202%20%281987%29%28CRL%20Software%29%28Jay%20Derrett%29.ym	127
https://www.cpc-power.com/YM/Rolling%20Thunder%20%281987%29%28US%20Gold%29.ym	128
https://www.cpc-power.com/YM/After%20the%20War%20%281989%29%28Dinamic%29%28Mac%29.ym	130
https://www.cpc-power.com/YM/All%20Point%20Bulletin%201-8%20%281989%29%28Domark%29%28David%20Whittaker%29.ym	131
https://www.cpc-power.com/YM/All%20Point%20Bulletin%202-8%20%281989%29%28Domark%29%28David%20Whittaker%29.ym	131
https://www.cpc-power.com/YM/All%20Point%20Bulletin%203-8%20%281989%29%28Domark%29%28David%20Whittaker%29.ym	131
https://www.cpc-power.com/YM/All%20Point%20Bulletin%204-8%20%281989%29%28Domark%29%28David%20Whittaker%29.ym	131
https://www.cpc-power.com/YM/All%20Point%20Bulletin%205-8%20%281989%29%28Domark%29%28David%20Whittaker%29.ym	131
https://www.cpc-power.com/YM/All%20Point%20Bulletin%206-8%20%281989%29%28Domark%29%28David%20Whittaker%29.ym	131
https://www.cpc-power.com/YM/All%20Point%20Bulletin%207-8%20%281989%29%28Domark%29%28David%20Whittaker%29.ym	131
https://www.cpc-power.com/YM/All%20Point%20Bulletin%208-8%20%281989%29%28Domark%29%28David%20Whittaker%29.ym	131
https://www.cpc-power.com/YM/Afteroids%20%281988%29%28Zigurat%29.ym	132
https://www.cpc-power.com/YM/Afterburner%201-2%20%281988%29%28Activision%29%28Jon%20Paul%20Eldridge%29.ym	133
https://www.cpc-power.com/YM/Afterburner%202-2%20%281988%29%28Activision%29%28Jon%20Paul%20Eldridge%29.ym	133
https://www.cpc-power.com/YM/Batman%203%20-%20The%20Movie%201-8%20%281989%29%28Ocean%20Software%29%28Matthew%20Cannon%29.ym	135
https://www.cpc-power.com/YM/Batman%203%20-%20The%20Movie%202-8%20%281989%29%28Ocean%20Software%29%28Matthew%20Cannon%29.ym	135
https://www.cpc-power.com/YM/Batman%203%20-%20The%20Movie%203-8%20%281989%29%28Ocean%20Software%29%28Matthew%20Cannon%29.ym	135
https://www.cpc-power.com/YM/Batman%203%20-%20The%20Movie%204-8%20%281989%29%28Ocean%20Software%29%28Matthew%20Cannon%29.ym	135
https://www.cpc-power.com/YM/Batman%203%20-%20The%20Movie%205-8%20%281989%29%28Ocean%20Software%29%28Matthew%20Cannon%29.ym	135
https://www.cpc-power.com/YM/Batman%203%20-%20The%20Movie%206-8%20%281989%29%28Ocean%20Software%29%28Matthew%20Cannon%29.ym	135
https://www.cpc-power.com/YM/Batman%203%20-%20The%20Movie%207-8%20%281989%29%28Ocean%20Software%29%28Matthew%20Cannon%29.ym	135
https://www.cpc-power.com/YM/Batman%203%20-%20The%20Movie%208-8%20%281989%29%28Ocean%20Software%29%28Matthew%20Cannon%29.ym	135
https://www.cpc-power.com/YM/Deliverance%201-2%20%281991%29%28Hewson%29%28Dave%20Rogers%29.ym	136
https://www.cpc-power.com/YM/Deliverance%202-2%20%281991%29%28Hewson%29%28Dave%20Rogers%29.ym	136
https://www.cpc-power.com/YM/Stormlord%201-3%20%281989%29%28Hewson%29%28Dave%20Rogers%29.ym	137
https://www.cpc-power.com/YM/Stormlord%202-3%20%281989%29%28Hewson%29%28Dave%20Rogers%29.ym	137
https://www.cpc-power.com/YM/Stormlord%203-3%20%281989%29%28Hewson%29%28Dave%20Rogers%29.ym	137
https://www.cpc-power.com/YM/North%20%26%20South%201-6%20%281988%29%28Infogrames%29%28Joe%20Mc%20Alby%29.ym	138
https://www.cpc-power.com/YM/North%20%26%20South%202-6%20%281988%29%28Infogrames%29%28Joe%20Mc%20Alby%29.ym	138
https://www.cpc-power.com/YM/North%20%26%20South%203-6%20%281988%29%28Infogrames%29%28Joe%20Mc%20Alby%29.ym	138
https://www.cpc-power.com/YM/North%20%26%20South%204-6%20%281988%29%28Infogrames%29%28Joe%20Mc%20Alby%29.ym	138
https://www.cpc-power.com/YM/North%20%26%20South%205-6%20%281988%29%28Infogrames%29%28Joe%20Mc%20Alby%29.ym	138
https://www.cpc-power.com/YM/North%20%26%20South%206-6%20%281988%29%28Infogrames%29%28Joe%20Mc%20Alby%29.ym	138
https://www.cpc-power.com/YM/Asphalt%20%281987%29%28Ubi%20Soft%29%28Philippe%20Marchiset%29.ym	139
https://www.cpc-power.com/YM/Dick%20Tracy%20%281990%29%28Titus%29.ym	140
https://www.cpc-power.com/YM/Zox%202099%20%281987%29%28Loriciels%29%28Jean-Philippe%20Biscay%29.ym	141
https://www.cpc-power.com/YM/Fighting%20Warrior%20%281985%29%28Studio%20B%20Ltd%29.ym	142
https://www.cpc-power.com/YM/Antiriad%20%281987%29%28Palace%20Software%29%28Richard%20Joseph%29.ym	143
https://www.cpc-power.com/YM/Gryzor%201-2%20%281987%29%28Ocean%20Software%29%28Jason%20C%20Brooke%29.ym	144
https://www.cpc-power.com/YM/Gryzor%202-2%20%281987%29%28Ocean%20Software%29%28Jason%20C%20Brooke%29.ym	144
https://www.cpc-power.com/YM/Road%20Runner%20And%20Wile%20E.%20Coyote%20%281991%29%28Hi-Tec%20Software%29%28Sean%20Conran%29.ym	145
https://www.cpc-power.com/YM/Renegade%201-34%20%281987%29%28Imagine%29%28Fred%20Gray%29.ym	146
https://www.cpc-power.com/YM/Renegade%202-34%20%281987%29%28Imagine%29%28Fred%20Gray%29.ym	146
https://www.cpc-power.com/YM/Renegade%204-34%20%281987%29%28Imagine%29%28Fred%20Gray%29.ym	146
https://www.cpc-power.com/YM/Renegade%205-34%20%281987%29%28Imagine%29%28Fred%20Gray%29.ym	146
https://www.cpc-power.com/YM/Renegade%206-34%20%281987%29%28Imagine%29%28Fred%20Gray%29.ym	146
https://www.cpc-power.com/YM/Renegade%207-34%20%281987%29%28Imagine%29%28Fred%20Gray%29.ym	146
https://www.cpc-power.com/YM/Renegade%209-34%20%281987%29%28Imagine%29%28Fred%20Gray%29.ym	146
https://www.cpc-power.com/YM/Renegade%2016-34%20%281987%29%28Imagine%29%28Fred%20Gray%29.ym	146
https://www.cpc-power.com/YM/Renegade%2018-34%20%281987%29%28Imagine%29%28Fred%20Gray%29.ym	146
https://www.cpc-power.com/YM/Renegade%2025-34%20%281987%29%28Imagine%29%28Fred%20Gray%29.ym	146
https://www.cpc-power.com/YM/Renegade%2029-34%20%281987%29%28Imagine%29%28Fred%20Gray%29.ym	146
https://www.cpc-power.com/YM/Renegade%203%20-%20The%20Final%20Chapter%201-9%20%281989%29%28Ocean%20Software%29%28Jonathan%20Dunn%29.ym	147
https://www.cpc-power.com/YM/Renegade%203%20-%20The%20Final%20Chapter%202-9%20%281989%29%28Ocean%20Software%29%28Jonathan%20Dunn%29.ym	147
https://www.cpc-power.com/YM/Renegade%203%20-%20The%20Final%20Chapter%203-9%20%281989%29%28Ocean%20Software%29%28Jonathan%20Dunn%29.ym	147
https://www.cpc-power.com/YM/Renegade%203%20-%20The%20Final%20Chapter%204-9%20%281989%29%28Ocean%20Software%29%28Jonathan%20Dunn%29.ym	147
https://www.cpc-power.com/YM/Renegade%203%20-%20The%20Final%20Chapter%205-9%20%281989%29%28Ocean%20Software%29%28Jonathan%20Dunn%29.ym	147
https://www.cpc-power.com/YM/Renegade%203%20-%20The%20Final%20Chapter%206-9%20%281989%29%28Ocean%20Software%29%28Jonathan%20Dunn%29.ym	147
https://www.cpc-power.com/YM/Renegade%203%20-%20The%20Final%20Chapter%207-9%20%281989%29%28Ocean%20Software%29%28Jonathan%20Dunn%29.ym	147
https://www.cpc-power.com/YM/Renegade%203%20-%20The%20Final%20Chapter%208-9%20%281989%29%28Ocean%20Software%29%28Jonathan%20Dunn%29.ym	147
https://www.cpc-power.com/YM/Renegade%203%20-%20The%20Final%20Chapter%209-9%20%281989%29%28Ocean%20Software%29%28Jonathan%20Dunn%29.ym	147
https://www.cpc-power.com/YM/Zynaps%20%281987%29%28Hewson%29%28Dave%20Rogers%29.ym	148
https://www.cpc-power.com/YM/Manchester%20United%20Football%20Club%20%281990%29%28Krisalis%20Software%29%28Ben%20Daglish%29.ym	151
https://www.cpc-power.com/YM/Malefices%20%281992%29%28Public%20Domain%29%28Basic%29.ym	152
https://www.cpc-power.com/YM/Malefices%20-%20Game%20Over%20%281992%29%28Public%20Domain%29%28Basic%29.ym	152
https://www.cpc-power.com/YM/Long-Way%20Intro%20%281988%29%28Amstrad%20Cent%20Pour%20Cent%29%28Alain%20Massoumipour%29.ym	153
https://www.cpc-power.com/YM/Long-Way%20%281988%29%28Amstrad%20Cent%20Pour%20Cent%29%28Alain%20Massoumipour%29.ym	153
https://www.cpc-power.com/YM/Logistic%201-2%20%281993%29%28Fraggle%20of%20MOPS%29%28ST-Module%29.ym	154
https://www.cpc-power.com/YM/Logistic%202-2%20%281993%29%28Fraggle%20of%20MOPS%29%28ST-Module%29.ym	154
https://www.cpc-power.com/YM/Kenny%20Dalglish%20Soccer%20Match%20%281990%29%28Impressions%29.ym	161
https://www.cpc-power.com/YM/Jump%20Mania%20%281993%29%28MOPS%29%28Fraggle%29.ym	163
https://www.cpc-power.com/YM/Jaws%201-3%20%281987%29%28Screen%207%29.ym	165
https://www.cpc-power.com/YM/Jaws%202-3%20%281987%29%28Screen%207%29.ym	165
https://www.cpc-power.com/YM/Jaws%203-3%20%281987%29%28Screen%207%29.ym	165
https://www.cpc-power.com/YM/Jahangir%20Khan%20World%20Championship%20Squash%201-4%20%281991%29%28Krisalis%29.ym	166
https://www.cpc-power.com/YM/Jahangir%20Khan%20World%20Championship%20Squash%202-4%20%281991%29%28Krisalis%29.ym	166
https://www.cpc-power.com/YM/Jahangir%20Khan%20World%20Championship%20Squash%203-4%20%281991%29%28Krisalis%29.ym	166
https://www.cpc-power.com/YM/Jahangir%20Khan%20World%20Championship%20Squash%204-4%20%281991%29%28Krisalis%29.ym	166
https://www.cpc-power.com/YM/International%20Ninja%20Rabbits%20%281992%29%28Micro%20Value%29.ym	168
https://www.cpc-power.com/YM/Indoor%20Sports%20%281987%29%28Design%20Star%20Consultants%29.ym	171
https://www.cpc-power.com/YM/Indoor%20Soccer%20-%20Menu%20%281986%29%28Magnificent%207%29%28Graham%20Nunn%29.ym	172
https://www.cpc-power.com/YM/How%20To%20Be%20A%20Complete%20Bastard%20%281987%29%28Virgin%20Games%29.ym	175
https://www.cpc-power.com/YM/Hot%20Shot%20%281988%29%28Maxwell%20Technology%29.ym	176
https://www.cpc-power.com/YM/High%20Steel%201-5%20%281989%29%28Alternative%20Software%29.ym	178
https://www.cpc-power.com/YM/High%20Steel%202-5%20%281989%29%28Alternative%20Software%29.ym	178
https://www.cpc-power.com/YM/High%20Steel%203-5%20%281989%29%28Alternative%20Software%29.ym	178
https://www.cpc-power.com/YM/High%20Steel%204-5%20%281989%29%28Alternative%20Software%29.ym	178
https://www.cpc-power.com/YM/High%20Steel%205-5%20%281989%29%28Alternative%20Software%29.ym	178
https://www.cpc-power.com/YM/High%20Epidemy%20%281988%29%28FIL%29.ym	179
https://www.cpc-power.com/YM/1001%20BC%20A%20Mediterranean%20Odyssey%20%281986%29%28Ere%20Informatique%29%28Antonio%20Vivaldi%29%28Basic%29.ym	180
https://www.cpc-power.com/YM/11%20A%20Side%20Soccer%201-2%20%281989%29%28Codemasters%29%28David%20Whittaker%29.ym	182
https://www.cpc-power.com/YM/11%20A%20Side%20Soccer%202-2%20%281989%29%28Codemasters%29%28David%20Whittaker%29.ym	182
https://www.cpc-power.com/YM/180%20Darts%201-3%20%281986%29%28Codemasters%29%28Jason%20C.%20Brooke%29.ym	183
https://www.cpc-power.com/YM/180%20Darts%202-3%20%281986%29%28Codemasters%29%28Jason%20C.%20Brooke%29.ym	183
https://www.cpc-power.com/YM/180%20Darts%203-3%20%281986%29%28Codemasters%29%28Jason%20C.%20Brooke%29.ym	183
https://www.cpc-power.com/YM/1942%20%281986%29%28Elite%20System%20Ltd.%29%28Mark%20Cooksey%29.ym	185
https://www.cpc-power.com/YM/1943%201-2%20%281988%29%28U.S.%20Gold%29%28Jason%20C.%20Brooke%29%28JCB%20Sound%20Module%29.ym	186
https://www.cpc-power.com/YM/1943%202-2%20%281988%29%28U.S.%20Gold%29%28Jason%20C.%20Brooke%29%28JCB%20Sound%20Module%29.ym	186
https://www.cpc-power.com/YM/1st%20Division%20Manager%201-3%20%281992%29%28Codemasters%29%28Lyndon%20Sharp%29.ym	187
https://www.cpc-power.com/YM/1st%20Division%20Manager%202-3%20%281992%29%28Codemasters%29%28Lyndon%20Sharp%29.ym	187
https://www.cpc-power.com/YM/1st%20Division%20Manager%203-3%20%281992%29%28Codemasters%29%28Lyndon%20Sharp%29.ym	187
https://www.cpc-power.com/YM/20000%20Avant%20J.C.%20%281987%29%28Chip%29.ym	188
https://www.cpc-power.com/YM/Las%20tres%20luces%20de%20Glaurung%20%281986%29%28Erbe%20Software%29.ym	193
https://www.cpc-power.com/YM/3d%20Boxing%20%281985%29%28Amsoft%29.ym	194
https://www.cpc-power.com/YM/3D%20Fight%201-2%20%281985%29%28Loriciels%29%28Michel%20Winogradoff%29.ym	195
https://www.cpc-power.com/YM/3D%20Fight%202-2%20%281985%29%28Loriciels%29%28Michel%20Winogradoff%29.ym	195
https://www.cpc-power.com/YM/Heartland%20%281986%29%28Odin%20Computer%20Graphics%29.ym	198
https://www.cpc-power.com/YM/3D%20Snooker%20%281990%29%28Players%20Premier%29%28Sonic%20Graffiti%20%26%20Andy%20Severn%29.ym	202
https://www.cpc-power.com/YM/3d%20Starfighter%20%281987%29%28Codemasters%29%28Jon%20Paul%20Eldridge%29.ym	204
https://www.cpc-power.com/YM/3D%20Stunt%20Rider%20%281985%29%28Amsoft%29.ym	206
https://www.cpc-power.com/YM/3D%20Time%20Trek%20%281985%29%28Anirog%20Software%29.ym	208
https://www.cpc-power.com/YM/3DC%20-%20Menu%20%281987%29%28Elite%20Systems%29.ym	211
https://www.cpc-power.com/YM/3DC%20-%20Other%20%281987%29%28Elite%20Systems%29.ym	211
https://www.cpc-power.com/YM/4x4%20OffRoad%20Racing%20%281988%29%28Epyx%29.ym	212
https://www.cpc-power.com/YM/Le%205eme%20Axe%20%281985%29%28Loriciels%29.ym	213
https://www.cpc-power.com/YM/International%207%20Card%20Stud%20%281986%29%28Martech%29.ym	214
https://www.cpc-power.com/YM/720%20%281988%29%28US%20Gold%29.ym	215
https://www.cpc-power.com/YM/750cc%20Grand%20Prix%20%281989%29%28Codemasters%29.ym	216
https://www.cpc-power.com/YM/A%20320%20%281988%29%28Loriciels%29.ym	217
https://www.cpc-power.com/YM/A%20Question%20Of%20Sport%201-4%20%281988%29%28Elite%20System%20Ltd%29%28Mark%20Cooksey%29.ym	218
https://www.cpc-power.com/YM/A%20Question%20Of%20Sport%202-4%20%281988%29%28Elite%20System%20Ltd%29%28Mark%20Cooksey%29.ym	218
https://www.cpc-power.com/YM/A%20Question%20Of%20Sport%203-4%20%281988%29%28Elite%20System%20Ltd%29%28Mark%20Cooksey%29.ym	218
https://www.cpc-power.com/YM/A%20Question%20Of%20Sport%204-4%20%281988%29%28Elite%20System%20Ltd%29%28Mark%20Cooksey%29.ym	218
https://www.cpc-power.com/YM/A%20View%20to%20a%20Kill%20%281985%29%28Domark%29.ym	219
https://www.cpc-power.com/YM/A%20View%20to%20a%20Kill%20Intro%20%281985%29%28Domark%29.ym	219
https://www.cpc-power.com/YM/Thing%20%281988%29%28Players%29%28Andy%20Severn%29.ym	220
https://www.cpc-power.com/YM/Abadia%20del%20Crimen%20%281988%29%28Opera%20Soft%29.ym	222
https://www.cpc-power.com/YM/Absurdity%20%281985%29%28Cobra%20Soft%29%28Basic%29.ym	223
https://www.cpc-power.com/YM/Action%20Service%20%281988%29%28Cobra%20Soft%29%28Music%20Pro%29.ym	230
https://www.cpc-power.com/YM/Addams%20Family%201-2%20%281991%29%28Ocean%20Software%29%28Jonathan%20Dunn%29.ym	232
https://www.cpc-power.com/YM/Addams%20Family%202-2%20%281991%29%28Ocean%20Software%29%28Jonathan%20Dunn%29.ym	232
https://www.cpc-power.com/YM/Adidas%20Championship%20Football%201-3%20%281990%29%28Ocean%20Software%29%28Matthew%20Cannon%29.ym	233
https://www.cpc-power.com/YM/Adidas%20Championship%20Football%202-3%20%281990%29%28Ocean%20Software%29%28Matthew%20Cannon%29.ym	233
https://www.cpc-power.com/YM/Adidas%20Championship%20Football%203-3%20%281990%29%28Ocean%20Software%29%28Matthew%20Cannon%29.ym	233
https://www.cpc-power.com/YM/Adidas%20Championship%20Tie%20Break%20%281990%29%28Ocean%20Software%29%28Tiny%20Williams%29.ym	234
https://www.cpc-power.com/YM/Advanced%20Pinbal%20Simulator%201-3%20%281988%29%28Codemasters%29%28Jon%20Paul%20Eldridge%29.ym	237
https://www.cpc-power.com/YM/Advanced%20Pinbal%20Simulator%202-3%20%281988%29%28Codemasters%29%28Jon%20Paul%20Eldridge%29.ym	237
https://www.cpc-power.com/YM/Advanced%20Pinbal%20Simulator%203-3%20%281988%29%28Codemasters%29%28Jon%20Paul%20Eldridge%29.ym	237
https://www.cpc-power.com/YM/Advanced%20Tactical%20Figther%20%281988%29%28Digital%20Integration%29.ym	238
https://www.cpc-power.com/YM/Agent%20XII%20%281987%29%28Mastertronic%29%28Timothy%20Follin%29.ym	244
https://www.cpc-power.com/YM/Agent%20XII%20Level%203%20%281987%29%28Mastertronic%29%28Timothy%20Follin%29.ym	244
https://www.cpc-power.com/YM/Airwolf%20%281985%29%28Amsoft%29.ym	248
https://www.cpc-power.com/YM/Airwolf%202%201-3%20%281987%29%28Hit%20Pack%29.ym	249
https://www.cpc-power.com/YM/Airwolf%202%202-3%20%281987%29%28Hit%20Pack%29.ym	249
https://www.cpc-power.com/YM/Airwolf%202%203-3%20%281987%29%28Hit%20Pack%29.ym	249
https://www.cpc-power.com/YM/Alien%20%281985%29%28Amsoft%29.ym	250
https://www.cpc-power.com/YM/Alien%20Storm%201-4%20%281991%29%28U.S.%20Gold%29.ym	255
https://www.cpc-power.com/YM/Alien%20Storm%202-4%20%281991%29%28U.S.%20Gold%29.ym	255
https://www.cpc-power.com/YM/Alien%20Storm%203-4%20%281991%29%28U.S.%20Gold%29.ym	255
https://www.cpc-power.com/YM/Alien%20Storm%204-4%20%281991%29%28U.S.%20Gold%29.ym	255
https://www.cpc-power.com/YM/Alien%20Syndrome%20%281987%29%28Ace%29.ym	256
https://www.cpc-power.com/YM/Aliens%201-2%20%281986%29%28Electric%20Dreams%29.ym	257
https://www.cpc-power.com/YM/Aliens%202-2%20%281986%29%28Electric%20Dreams%29.ym	257
https://www.cpc-power.com/YM/Alive%20%281991%29%28Lankhor%29%28Basic%29.ym	258
https://www.cpc-power.com/YM/Alphakhor%20%281989%29%28Loriciels%29%28Guy%20Poli%29%28Basic%29.ym	260
https://www.cpc-power.com/YM/Altered%20Beast%201-5%20%281989%29%28Activision%29.ym	262
https://www.cpc-power.com/YM/Altered%20Beast%204-5%20%281989%29%28Activision%29.ym	262
https://www.cpc-power.com/YM/Altered%20Beast%205-5%20%281989%29%28Activision%29.ym	262
https://www.cpc-power.com/YM/Alternative%20World%20Games%20-%20Intro%20%281988%29%28Gremlin%20Graphics%29%28Ben%20Daglish%29.ym	263
https://www.cpc-power.com/YM/Alternative%20World%20Games%20-%20Choose%20Country%201-18%20%281988%29%28Gremlin%20Graphics%29%28Ben%20Daglish%29.ym	263
https://www.cpc-power.com/YM/Alternative%20World%20Games%20-%20Choose%20Country%202-18%20%281988%29%28Gremlin%20Graphics%29%28Ben%20Daglish%29.ym	263
https://www.cpc-power.com/YM/Alternative%20World%20Games%20-%20Choose%20Country%203-18%20%281988%29%28Gremlin%20Graphics%29%28Ben%20Daglish%29.ym	263
https://www.cpc-power.com/YM/Alternative%20World%20Games%20-%20Choose%20Country%204-18%20%281988%29%28Gremlin%20Graphics%29%28Ben%20Daglish%29.ym	263
https://www.cpc-power.com/YM/Alternative%20World%20Games%20-%20Choose%20Country%205-18%20%281988%29%28Gremlin%20Graphics%29%28Ben%20Daglish%29.ym	263
https://www.cpc-power.com/YM/Alternative%20World%20Games%20-%20Choose%20Country%206-18%20%281988%29%28Gremlin%20Graphics%29%28Ben%20Daglish%29.ym	263
https://www.cpc-power.com/YM/Alternative%20World%20Games%20-%20Choose%20Country%207-18%20%281988%29%28Gremlin%20Graphics%29%28Ben%20Daglish%29.ym	263
https://www.cpc-power.com/YM/Alternative%20World%20Games%20-%20Choose%20Country%208-18%20%281988%29%28Gremlin%20Graphics%29%28Ben%20Daglish%29.ym	263
https://www.cpc-power.com/YM/Alternative%20World%20Games%20-%20Choose%20Country%209-18%20%281988%29%28Gremlin%20Graphics%29%28Ben%20Daglish%29.ym	263
https://www.cpc-power.com/YM/Alternative%20World%20Games%20-%20Choose%20Country%2010-18%20%281988%29%28Gremlin%20Graphics%29%28Ben%20Daglish%29.ym	263
https://www.cpc-power.com/YM/Alternative%20World%20Games%20-%20Choose%20Country%2011-18%20%281988%29%28Gremlin%20Graphics%29%28Ben%20Daglish%29.ym	263
https://www.cpc-power.com/YM/Alternative%20World%20Games%20-%20Choose%20Country%2012-18%20%281988%29%28Gremlin%20Graphics%29%28Ben%20Daglish%29.ym	263
https://www.cpc-power.com/YM/Alternative%20World%20Games%20-%20Choose%20Country%2013-18%20%281988%29%28Gremlin%20Graphics%29%28Ben%20Daglish%29.ym	263
https://www.cpc-power.com/YM/Alternative%20World%20Games%20-%20Choose%20Country%2014-18%20%281988%29%28Gremlin%20Graphics%29%28Ben%20Daglish%29.ym	263
https://www.cpc-power.com/YM/Alternative%20World%20Games%20-%20Choose%20Country%2015-18%20%281988%29%28Gremlin%20Graphics%29%28Ben%20Daglish%29.ym	263
https://www.cpc-power.com/YM/Alternative%20World%20Games%20-%20Choose%20Country%2016-18%20%281988%29%28Gremlin%20Graphics%29%28Ben%20Daglish%29.ym	263
https://www.cpc-power.com/YM/Alternative%20World%20Games%20-%20Choose%20Country%2018-18%20%281988%29%28Gremlin%20Graphics%29%28Ben%20Daglish%29.ym	263
https://www.cpc-power.com/YM/Amaurote%201-8%20%281987%29%28Mastertronic%29%28David%20Whittaker%29.ym	264
https://www.cpc-power.com/YM/Amaurote%202-8%20%281987%29%28Mastertronic%29%28David%20Whittaker%29.ym	264
https://www.cpc-power.com/YM/Amaurote%203-8%20%281987%29%28Mastertronic%29%28David%20Whittaker%29.ym	264
https://www.cpc-power.com/YM/Amaurote%204-8%20%281987%29%28Mastertronic%29%28David%20Whittaker%29.ym	264
https://www.cpc-power.com/YM/Amaurote%205-8%20%281987%29%28Mastertronic%29%28David%20Whittaker%29.ym	264
https://www.cpc-power.com/YM/Amaurote%206-8%20%281987%29%28Mastertronic%29%28David%20Whittaker%29.ym	264
https://www.cpc-power.com/YM/Amaurote%207-8%20%281987%29%28Mastertronic%29%28David%20Whittaker%29.ym	264
https://www.cpc-power.com/YM/Amaurote%208-8%20%281987%29%28Mastertronic%29%28David%20Whittaker%29.ym	264
https://www.cpc-power.com/YM/La%20Formule%20%281986%29%28Infogrames%29%28Charles%20Callet%29%28Music%20Pro%29.ym	265
https://www.cpc-power.com/YM/Fire%20Ant%20%281984%29%28Mogul%29.ym	269
https://www.cpc-power.com/YM/American%20Turbo%20King%201-3%20%281989%29%28Mastertronic%29%28David%20Whittaker%29.ym	270
https://www.cpc-power.com/YM/American%20Turbo%20King%202-3%20%281989%29%28Mastertronic%29%28David%20Whittaker%29.ym	270
https://www.cpc-power.com/YM/American%20Turbo%20King%203-3%20%281989%29%28Mastertronic%29%28David%20Whittaker%29.ym	270
https://www.cpc-power.com/YM/Anarchy%201-2%20%281988%29%28Hewson%29%28Dave%20Rogers%29.ym	276
https://www.cpc-power.com/YM/Anarchy%202-2%20%281988%29%28Hewson%29%28Dave%20Rogers%29.ym	276
https://www.cpc-power.com/YM/Andy%20Cap%20%281987%29%28Mirrorsoft%29%28Jason%20C.%20Brooke%29.ym	279
https://www.cpc-power.com/YM/Angleball%20%281987%29%28Mastertronic%29.ym	281
https://www.cpc-power.com/YM/Everyone%27s%20A%20Wally%20-%20Meet%20The%20Gang%20%281985%29%28Mikrogen%29.ym	283
https://www.cpc-power.com/YM/Apocalypse%20%281988%29%28Ere%20Informatique%29%28G%20Saviard%29%28Basic%29.ym	284
https://www.cpc-power.com/YM/The%20Apprentice%20%281986%29%28Mastertronic%29.ym	285
https://www.cpc-power.com/YM/Arachnophobia%201-3%20%281991%29%28Titus%29.ym	288
https://www.cpc-power.com/YM/Arachnophobia%202-3%20%281991%29%28Titus%29.ym	288
https://www.cpc-power.com/YM/Arachnophobia%203-3%20%281991%29%28Titus%29.ym	288
https://www.cpc-power.com/YM/Arcade%20Flight%20Simulator%20%281989%29%28Codemasters%29%28David%20Whittaker%29.ym	289
https://www.cpc-power.com/YM/Emlyn%20Hughes%20Arcade%20Quiz%201-9%20%281991%29%28Audiogenic%20Software%20Ltd%29%28David%20Whittaker%29.ym	291
https://www.cpc-power.com/YM/Emlyn%20Hughes%20Arcade%20Quiz%202-9%20%281991%29%28Audiogenic%20Software%20Ltd%29%28David%20Whittaker%29.ym	291
https://www.cpc-power.com/YM/Emlyn%20Hughes%20Arcade%20Quiz%203-9%20%281991%29%28Audiogenic%20Software%20Ltd%29%28David%20Whittaker%29.ym	291
https://www.cpc-power.com/YM/Emlyn%20Hughes%20Arcade%20Quiz%204-9%20%281991%29%28Audiogenic%20Software%20Ltd%29%28David%20Whittaker%29.ym	291
https://www.cpc-power.com/YM/Emlyn%20Hughes%20Arcade%20Quiz%205-9%20%281991%29%28Audiogenic%20Software%20Ltd%29%28David%20Whittaker%29.ym	291
https://www.cpc-power.com/YM/Emlyn%20Hughes%20Arcade%20Quiz%206-9%20%281991%29%28Audiogenic%20Software%20Ltd%29%28David%20Whittaker%29.ym	291
https://www.cpc-power.com/YM/Emlyn%20Hughes%20Arcade%20Quiz%207-9%20%281991%29%28Audiogenic%20Software%20Ltd%29%28David%20Whittaker%29.ym	291
https://www.cpc-power.com/YM/Emlyn%20Hughes%20Arcade%20Quiz%208-9%20%281991%29%28Audiogenic%20Software%20Ltd%29%28David%20Whittaker%29.ym	291
https://www.cpc-power.com/YM/Emlyn%20Hughes%20Arcade%20Quiz%209-9%20%281991%29%28Audiogenic%20Software%20Ltd%29%28David%20Whittaker%29.ym	291
https://www.cpc-power.com/YM/Arcade%20Trivia%20Quiz%20Simulator%201-11%20%281989%29%28Zeppelin%20Games%29%28Paul%20Hiley%29.ym	292
https://www.cpc-power.com/YM/Arcade%20Trivia%20Quiz%20Simulator%202-11%20%281989%29%28Zeppelin%20Games%29%28Paul%20Hiley%29.ym	292
https://www.cpc-power.com/YM/Arcade%20Trivia%20Quiz%20Simulator%203-11%20%281989%29%28Zeppelin%20Games%29%28Paul%20Hiley%29.ym	292
https://www.cpc-power.com/YM/Arcade%20Trivia%20Quiz%20Simulator%204-11%20%281989%29%28Zeppelin%20Games%29%28Paul%20Hiley%29.ym	292
https://www.cpc-power.com/YM/Arcade%20Trivia%20Quiz%20Simulator%205-11%20%281989%29%28Zeppelin%20Games%29%28Paul%20Hiley%29.ym	292
https://www.cpc-power.com/YM/Arcade%20Trivia%20Quiz%20Simulator%206-11%20%281989%29%28Zeppelin%20Games%29%28Paul%20Hiley%29.ym	292
https://www.cpc-power.com/YM/Arcade%20Trivia%20Quiz%20Simulator%207-11%20%281989%29%28Zeppelin%20Games%29%28Paul%20Hiley%29.ym	292
https://www.cpc-power.com/YM/Arcade%20Trivia%20Quiz%20Simulator%208-11%20%281989%29%28Zeppelin%20Games%29%28Paul%20Hiley%29.ym	292
https://www.cpc-power.com/YM/Arcade%20Trivia%20Quiz%20Simulator%209-11%20%281989%29%28Zeppelin%20Games%29%28Paul%20Hiley%29.ym	292
https://www.cpc-power.com/YM/Arcade%20Trivia%20Quiz%20Simulator%2010-11%20%281989%29%28Zeppelin%20Games%29%28Paul%20Hiley%29.ym	292
https://www.cpc-power.com/YM/Arcade%20Trivia%20Quiz%20Simulator%2011-11%20%281989%29%28Zeppelin%20Games%29%28Paul%20Hiley%29.ym	292
https://www.cpc-power.com/YM/Arkanoid%201-8%20%281987%29%28Ocean%20Software%29%28Martin%20Galway%29.ym	298
https://www.cpc-power.com/YM/Arkanoid%202-8%20%281987%29%28Ocean%20Software%29%28Martin%20Galway%29.ym	298
https://www.cpc-power.com/YM/Arkanoid%203-8%20%281987%29%28Ocean%20Software%29%28Martin%20Galway%29.ym	298
https://www.cpc-power.com/YM/Arkanoid%204-8%20%281987%29%28Ocean%20Software%29%28Martin%20Galway%29.ym	298
https://www.cpc-power.com/YM/Arkanoid%205-8%20%281987%29%28Ocean%20Software%29%28Martin%20Galway%29.ym	298
https://www.cpc-power.com/YM/Arkanoid%206-8%20%281987%29%28Ocean%20Software%29%28Martin%20Galway%29.ym	298
https://www.cpc-power.com/YM/Arkanoid%207-8%20%281987%29%28Ocean%20Software%29%28Martin%20Galway%29.ym	298
https://www.cpc-power.com/YM/Arkanoid%208-8%20%281987%29%28Ocean%20Software%29%28Martin%20Galway%29.ym	298
https://www.cpc-power.com/YM/Arkanoid%202%20-%20Revenge%20of%20Doh%201-5%20%281987%29%28Imagine%29%28Gary%20Biasillo%29.ym	299
https://www.cpc-power.com/YM/Arkanoid%202%20-%20Revenge%20of%20Doh%202-5%20%281987%29%28Imagine%29%28Gary%20Biasillo%29.ym	299
https://www.cpc-power.com/YM/Arkanoid%202%20-%20Revenge%20of%20Doh%203-5%20%281987%29%28Imagine%29%28Gary%20Biasillo%29.ym	299
https://www.cpc-power.com/YM/Arkanoid%202%20-%20Revenge%20of%20Doh%204-5%20%281987%29%28Imagine%29%28Gary%20Biasillo%29.ym	299
https://www.cpc-power.com/YM/Arkanoid%202%20-%20Revenge%20of%20Doh%205-5%20%281987%29%28Imagine%29%28Gary%20Biasillo%29.ym	299
https://www.cpc-power.com/YM/Arkos%20%281987%29%28Zigurat%29.ym	300
https://www.cpc-power.com/YM/The%20Armageddon%20Man%20%281987%29%28Martech%29.ym	301
https://www.cpc-power.com/YM/Artura%20%281988%29%28Gremlin%20Graphics%29%28Ben%20Daglish%29.ym	303
https://www.cpc-power.com/YM/Assault%20Course%20%281990%29%28Players%29%28Sonic%20Graffiti%29.ym	306
https://www.cpc-power.com/YM/Asterix%20En%20La%20India%20%281988%29%28Coktel%20Vision%29.ym	309
https://www.cpc-power.com/YM/Atahualpa%20%281985%29%28Transoft%29.ym	313
https://www.cpc-power.com/YM/Atahualpa%20-%20Game%20Over%20%281985%29%28Transoft%29.ym	313
https://www.cpc-power.com/YM/Athlete%20%281986%29%28Microids%29.ym	316
https://www.cpc-power.com/YM/Atlantis%20%281985%29%28Anirog%20Software%29.ym	317
https://www.cpc-power.com/YM/Edd%20the%20Duck%201-8%20%281990%29%28Impulse%29%28Sound%20Images%29.ym	318
https://www.cpc-power.com/YM/Edd%20the%20Duck%202-8%20%281990%29%28Impulse%29%28Sound%20Images%29.ym	318
https://www.cpc-power.com/YM/Edd%20the%20Duck%203-8%20%281990%29%28Impulse%29%28Sound%20Images%29.ym	318
https://www.cpc-power.com/YM/Edd%20the%20Duck%204-8%20%281990%29%28Impulse%29%28Sound%20Images%29.ym	318
https://www.cpc-power.com/YM/Edd%20the%20Duck%205-8%20%281990%29%28Impulse%29%28Sound%20Images%29.ym	318
https://www.cpc-power.com/YM/Edd%20the%20Duck%206-8%20%281990%29%28Impulse%29%28Sound%20Images%29.ym	318
https://www.cpc-power.com/YM/Edd%20the%20Duck%207-8%20%281990%29%28Impulse%29%28Sound%20Images%29.ym	318
https://www.cpc-power.com/YM/Edd%20the%20Duck%208-8%20%281990%29%28Impulse%29%28Sound%20Images%29.ym	318
https://www.cpc-power.com/YM/Atom%20Ant%20%281990%29%28Hi-Tec%20Software%29.ym	319
https://www.cpc-power.com/YM/Atomic%20Driver%20%281988%29%28Loriciels%29%28Jean-Philippe%20Biscay%29.ym	321
https://www.cpc-power.com/YM/Atomic%20Fiction%20%281987%29%28Chip%29%28Emmanuel%20Miesch%29.ym	322
https://www.cpc-power.com/YM/Atrog%20%281988%29%28Zafiro%20Software%29%28Nacho%20Garcia%29.ym	324
https://www.cpc-power.com/YM/Duel%202000%20%281986%29%28Coktel%20Vision%29%28Basic%29.ym	326
https://www.cpc-power.com/YM/Attentat%20%281986%29%28Rainbow%20Production%29%28Philippe%20Marchiset%29%28Basic%29.ym	327
https://www.cpc-power.com/YM/ATV%20Simulator%201-4%20%281988%29%28Codemasters%29%28David%20Whittaker%29.ym	328
https://www.cpc-power.com/YM/ATV%20Simulator%202-4%20%281988%29%28Codemasters%29%28David%20Whittaker%29.ym	328
https://www.cpc-power.com/YM/ATV%20Simulator%203-4%20%281988%29%28Codemasters%29%28David%20Whittaker%29.ym	328
https://www.cpc-power.com/YM/ATV%20Simulator%204-4%20%281988%29%28Codemasters%29%28David%20Whittaker%29.ym	328
https://www.cpc-power.com/YM/Au%20Revoir%20Monty%20%281987%29%28Gremlin%20Graphics%29%28Rob%20Hubbard%20and%20Ben%20Daglish%29.ym	329
https://www.cpc-power.com/YM/Aussie%20Games%201-4%20%281990%29%28US%20Gold%29%28David%20Whittaker%29.ym	330
https://www.cpc-power.com/YM/Aussie%20Games%202-4%20%281990%29%28US%20Gold%29%28David%20Whittaker%29.ym	330
https://www.cpc-power.com/YM/Aussie%20Games%203-4%20%281990%29%28US%20Gold%29%28David%20Whittaker%29.ym	330
https://www.cpc-power.com/YM/Aussie%20Games%204-4%20%281990%29%28US%20Gold%29%28David%20Whittaker%29.ym	330
https://www.cpc-power.com/YM/Avenger%20%281986%29%28Gremlin%20Graphics%29%28Ben%20Daglish%29.ym	333
https://www.cpc-power.com/YM/Les%20Aventures%20De%20Moktar%201-3%20%281992%29%28Titus%29.ym	338
https://www.cpc-power.com/YM/Les%20Aventures%20De%20Moktar%202-3%20%281992%29%28Titus%29.ym	338
https://www.cpc-power.com/YM/Les%20Aventures%20De%20Moktar%203-3%20%281992%29%28Titus%29.ym	338
https://www.cpc-power.com/YM/Back%20To%20Reality%20%281988%29%28Mastertronic%29.ym	342
https://www.cpc-power.com/YM/Back%20To%20The%20Future%201-2%20%281986%29%28Activision%29.ym	343
https://www.cpc-power.com/YM/Back%20To%20The%20Future%202-2%20%281986%29%28Activision%29.ym	343
https://www.cpc-power.com/YM/Back%20To%20The%20Future%201-3%20%281986%29%28Activision%29.ym	343
https://www.cpc-power.com/YM/Back%20To%20The%20Future%202%201-6%20%281990%29%28Image%20Works%29%28David%20Whittaker%29.ym	344
https://www.cpc-power.com/YM/Back%20To%20The%20Future%202%202-6%20%281990%29%28Image%20Works%29%28David%20Whittaker%29.ym	344
https://www.cpc-power.com/YM/Back%20To%20The%20Future%202%203-6%20%281990%29%28Image%20Works%29%28David%20Whittaker%29.ym	344
https://www.cpc-power.com/YM/Back%20To%20The%20Future%202%204-6%20%281990%29%28Image%20Works%29%28David%20Whittaker%29.ym	344
https://www.cpc-power.com/YM/Back%20To%20The%20Future%202%205-6%20%281990%29%28Image%20Works%29%28David%20Whittaker%29.ym	344
https://www.cpc-power.com/YM/Back%20To%20The%20Future%202%206-6%20%281990%29%28Image%20Works%29%28David%20Whittaker%29.ym	344
https://www.cpc-power.com/YM/Back%20To%20The%20Future%20III%20-%20Intro%20%281990%29%28Image%20Works%29.ym	345
https://www.cpc-power.com/YM/Back%20To%20The%20Future%20III%20-%20InGame%201-7%20%281990%29%28Image%20Works%29.ym	345
https://www.cpc-power.com/YM/Back%20To%20The%20Future%20III%20-%20InGame%202-7%20%281990%29%28Image%20Works%29.ym	345
https://www.cpc-power.com/YM/Back%20To%20The%20Future%20III%20-%20InGame%203-7%20%281990%29%28Image%20Works%29.ym	345
https://www.cpc-power.com/YM/Back%20To%20The%20Future%20III%20-%20InGame%204-7%20%281990%29%28Image%20Works%29.ym	345
https://www.cpc-power.com/YM/Back%20To%20The%20Future%20III%20-%20InGame%205-7%20%281990%29%28Image%20Works%29.ym	345
https://www.cpc-power.com/YM/Back%20To%20The%20Future%20III%20-%20InGame%206-7%20%281990%29%28Image%20Works%29.ym	345
https://www.cpc-power.com/YM/Back%20To%20The%20Future%20III%20-%20InGame%207-7%20%281990%29%28Image%20Works%29.ym	345
https://www.cpc-power.com/YM/Back%20To%20The%20Golden%20Age%20%281991%29%28UBI%20Soft%29.ym	346
https://www.cpc-power.com/YM/Bacterik%20Dream%20-%20Menu%20%281987%29%28Chip%29%28Benoit%20Varasse%29.ym	348
https://www.cpc-power.com/YM/Bacterik%20Dream%20-%20InGame%20%281987%29%28Chip%29%28Benoit%20Varasse%29.ym	348
https://www.cpc-power.com/YM/Bactron%20%281986%29%28Loriciels%29%28Michel%20Winogradoff%29.ym	349
https://www.cpc-power.com/YM/Dragon%20Ninja%201-3%20%281988%29%28Imagine%29%28Jonathan%20Dunn%29.ym	350
https://www.cpc-power.com/YM/Dragon%20Ninja%202-3%20%281988%29%28Imagine%29%28Jonathan%20Dunn%29.ym	350
https://www.cpc-power.com/YM/Dragon%20Ninja%203-3%20%281988%29%28Imagine%29%28Jonathan%20Dunn%29.ym	350
https://www.cpc-power.com/YM/Badlands%201-4%20%281990%29%28Tengen%29.ym	353
https://www.cpc-power.com/YM/Badlands%202-4%20%281990%29%28Tengen%29.ym	353
https://www.cpc-power.com/YM/Badlands%203-4%20%281990%29%28Tengen%29.ym	353
https://www.cpc-power.com/YM/Badlands%204-4%20%281990%29%28Tengen%29.ym	353
https://www.cpc-power.com/YM/Ballblazer%20%281986%29%28Activision%29.ym	359
https://www.cpc-power.com/YM/Ball%20Crazy%20%281987%29%28Mastertronic%29.ym	361
https://www.cpc-power.com/YM/Bangers%20%26%20Mash%20%281992%29%28Alternative%20Software%29%28Paul%20Bellamy%29.ym	362
https://www.cpc-power.com/YM/Basil%20the%20Great%20Mouse%20Detective%20%281987%29%28Gremlin%20Graphics%29%28Ben%20Daglish%29.ym	365
https://www.cpc-power.com/YM/The%20Adventures%20Of%20Bond...%20Basildon%20Bond%20%281985%29%28Probe%20Software%29.ym	366
https://www.cpc-power.com/YM/Batman%20The%20Caped%20Crusader%201-4%20%281988%29%28Ocean%20Software%29.ym	368
https://www.cpc-power.com/YM/Batman%20The%20Caped%20Crusader%202-4%20%281988%29%28Ocean%20Software%29.ym	368
https://www.cpc-power.com/YM/Batman%20The%20Caped%20Crusader%203-4%20%281988%29%28Ocean%20Software%29.ym	368
https://www.cpc-power.com/YM/Batman%20The%20Caped%20Crusader%204-4%20%281988%29%28Ocean%20Software%29.ym	368
https://www.cpc-power.com/YM/Battle%20Command%20%281991%29%28Ocean%20Software%29%28Jonathan%20Dunn%29.ym	370
https://www.cpc-power.com/YM/Battle%20Of%20The%20Planets%20%281986%29%28Mikrogen%29.ym	374
https://www.cpc-power.com/YM/Battle%20Valley%20%281989%29%28Hewson%29%28Dave%20Rogers%29%28JDR%20Sound%20Driver%29.ym	376
https://www.cpc-power.com/YM/Best%20Of%20The%20Best%20-%20Kick%20Boxing%20Gold%20Edition%20%281991%29%28Loriciels%29%28Michel%20Winogradoff%29.ym	384
https://www.cpc-power.com/YM/Beverly%20Hills%20Cop%20%281990%29%28Tynesoft%29%28David%20Whittaker%29.ym	386
https://www.cpc-power.com/YM/Biggles%20%281986%29%28Mirrorsoft%29.ym	391
https://www.cpc-power.com/YM/Bigtop%20Barney%20%281986%29%28Players%29.ym	392
https://www.cpc-power.com/YM/Billy%20La%20Banlieue%20%281986%29%28Loriciels%29%28Jean-Philippe%20Biscay%29.ym	393
https://www.cpc-power.com/YM/Billy%20La%20Banlieue%202%20%281987%29%28Loriciels%29%28Jean-Philippe%20Biscay%29.ym	394
https://www.cpc-power.com/YM/Birdie%20%281987%29%28Ere%20Informatique%29%28Philippe%20Marchiset%29%28Basic%29.ym	399
https://www.cpc-power.com/YM/Chamonix%20Challenge%20%281987%29%28Infogrames%29%28Charles%20Callet%29%28Music%20Pro%29.ym	400
https://www.cpc-power.com/YM/Devilry%20II%20-%20Intro%20%281989%29%28Public%20Domain%29%28Basic%29.ym	401
https://www.cpc-power.com/YM/Devilry%20II%20-%20End%20%281989%29%28Public%20Domain%29%28Basic%29.ym	401
https://www.cpc-power.com/YM/Black%20Beard%20%281988%29%28Topo%20Soft%29%28Cesar%20Astudillo%29.ym	402
https://www.cpc-power.com/YM/Double%20Dragon%20II%20-%20The%20Revenge%20%281989%29%28Dro%20Soft%29.ym	404
https://www.cpc-power.com/YM/Black%20Tiger%201-4%20%281989%29%28U.S.%20Gold%29.ym	405
https://www.cpc-power.com/YM/Black%20Tiger%202-4%20%281989%29%28U.S.%20Gold%29.ym	405
https://www.cpc-power.com/YM/Black%20Tiger%203-4%20%281989%29%28U.S.%20Gold%29.ym	405
https://www.cpc-power.com/YM/Black%20Tiger%204-4%20%281989%29%28U.S.%20Gold%29.ym	405
https://www.cpc-power.com/YM/Blagger%20%281984%29%28Amsoft%29.ym	407
https://www.cpc-power.com/YM/Blasteroids%201-2%20%281989%29%28Image%20Works%29%28Ben%20Daglish%29.ym	408
https://www.cpc-power.com/YM/Blasteroids%202-2%20%281989%29%28Image%20Works%29%28Ben%20Daglish%29.ym	408
https://www.cpc-power.com/YM/Demineur%20%281993%29%28GPA%29%28Tom%20et%20Jerry%29%28ST-Module%29.ym	411
https://www.cpc-power.com/YM/Blood%20Brothers%20%281998%29%28Gremlin%20Graphics%29%28S%20Leighton%29.ym	412
https://www.cpc-power.com/YM/Blood%20Valley%20Intro%20%281987%29%28Gremlin%20Graphics%20Software%29.ym	413
https://www.cpc-power.com/YM/Blood%20Valley%20%281987%29%28Gremlin%20Graphics%20Software%29.ym	413
https://www.cpc-power.com/YM/L%27affaire%20Ravenhood%20%281993%29%28Public%20Domain%29%28Bruno%20Fonters%29%28Basic%29.ym	414
https://www.cpc-power.com/YM/Affaire%20Santa%20Fe%20Cabane%20%281988%29%28Infogrames%29%28Charles%20Callet%29%28Music%20Pro%29.ym	415
https://www.cpc-power.com/YM/Affaire%20Santa%20Fe%20Chasseur%20Pueblo%20%281988%29%28Infogrames%29%28Charles%20Callet%29%28Music%20Pro%29.ym	415
https://www.cpc-power.com/YM/Affaire%20Santa%20Fe%20Desert%20%281988%29%28Infogrames%29%28Charles%20Callet%29%28Music%20Pro%29.ym	415
https://www.cpc-power.com/YM/Affaire%20Santa%20Fe%20Gold%20%281988%29%28Infogrames%29%28Charles%20Callet%29%28Music%20Pro%29.ym	415
https://www.cpc-power.com/YM/Affaire%20Santa%20Fe%20Indien%20%281988%29%28Infogrames%29%28Charles%20Callet%29%28Music%20Pro%29.ym	415
https://www.cpc-power.com/YM/Affaire%20Santa%20Fe%20Jugement%20%281988%29%28Infogrames%29%28Charles%20Callet%29%28Music%20Pro%29.ym	415
https://www.cpc-power.com/YM/Affaire%20Santa%20Fe%20Montagne%20%281988%29%28Infogrames%29%28Charles%20Callet%29%28Music%20Pro%29.ym	415
https://www.cpc-power.com/YM/Affaire%20Santa%20Fe%20Reno%20%281988%29%28Infogrames%29%28Charles%20Callet%29%28Music%20Pro%29.ym	415
https://www.cpc-power.com/YM/Affaire%20Santa%20Fe%20Sherif%20%281988%29%28Infogrames%29%28Charles%20Callet%29%28Music%20Pro%29.ym	415
https://www.cpc-power.com/YM/Affaire%20Santa%20Fe%20Trappeur%20%281988%29%28Infogrames%29%28Charles%20Callet%29%28Music%20Pro%29.ym	415
https://www.cpc-power.com/YM/Affaire%20Santa%20Fe%20Village%20%281988%29%28Infogrames%29%28Charles%20Callet%29%28Music%20Pro%29.ym	415
https://www.cpc-power.com/YM/Alex%20Higgins%20World%20Pool%20%281985%29%28Amsoft%29%28Chris%20Hunt%29.ym	419
https://www.cpc-power.com/YM/Alex%20Higgins%20World%20Snooker%20%281985%29%28Amsoft%29%28Chris%20Hunt%29.ym	420
https://www.cpc-power.com/YM/Au%20Nom%20De%20L%27hermine%20%281987%29%28Coktel%20Vision%29.ym	423
https://www.cpc-power.com/YM/Barry%20Mc%20Guigan%27s%20Boxing%203-4%20%281985%29%28Activision%29.ym	425
https://www.cpc-power.com/YM/Barry%20Mc%20Guigan%27s%20Boxing%204-4%20%281985%29%28Activision%29.ym	425
https://www.cpc-power.com/YM/Beyond%20the%20Ice%20Palace%201-2%20%281988%29%28Elite%20System%20Ltd%29%28David%20Whittaker%29.ym	426
https://www.cpc-power.com/YM/Beyond%20the%20Ice%20Palace%202-2%20%281988%29%28Elite%20System%20Ltd%29%28David%20Whittaker%29.ym	426
https://www.cpc-power.com/YM/L%27Anneau%20De%20Zengara%20%281987%29%28UBI%20Soft%29.ym	427
https://www.cpc-power.com/YM/Blueberry%20%281988%29%28Coktel%20Vision%29.ym	430
https://www.cpc-power.com/YM/The%20Blue%20Crystal%20%281985%29%28Rainbow%20Arts%29%28The%20Very%20Cherry%20Chuckle%20Gang%29%28Basic%29.ym	431
https://www.cpc-power.com/YM/Blue%20War%20%281986%29%28Free%20Game%20Blot%29%28Basic%29.ym	432
https://www.cpc-power.com/YM/The%20Blues%20Brothers%20-%20Intro%20%281991%29%28Titus%29.ym	433
https://www.cpc-power.com/YM/The%20Blues%20Brothers%20-%20InGame%20%281991%29%28Titus%29.ym	433
https://www.cpc-power.com/YM/Bmx%20Freestyle%201-3%20%281988%29%28Codemasters%29%28David%20Whittaker%29.ym	434
https://www.cpc-power.com/YM/Bmx%20Freestyle%202-3%20%281988%29%28Codemasters%29%28David%20Whittaker%29.ym	434
https://www.cpc-power.com/YM/Bmx%20Freestyle%203-3%20%281988%29%28Codemasters%29%28David%20Whittaker%29.ym	434
https://www.cpc-power.com/YM/Bmx%20Simulator%201-3%20%281987%29%28Codemasters%29%28The%20Oliver%20Twins%29.ym	435
https://www.cpc-power.com/YM/Bmx%20Simulator%202-3%20%281987%29%28Codemasters%29%28The%20Oliver%20Twins%29.ym	435
https://www.cpc-power.com/YM/Bmx%20Simulator%203-3%20%281987%29%28Codemasters%29%28The%20Oliver%20Twins%29.ym	435
https://www.cpc-power.com/YM/Bmx%20Simulator%202%201-7%20%281989%29%28Codemasters%29%28David%20Whittaker%29.ym	436
https://www.cpc-power.com/YM/Bmx%20Simulator%202%202-7%20%281989%29%28Codemasters%29%28David%20Whittaker%29.ym	436
https://www.cpc-power.com/YM/Bmx%20Simulator%202%203-7%20%281989%29%28Codemasters%29%28David%20Whittaker%29.ym	436
https://www.cpc-power.com/YM/Bmx%20Simulator%202%204-7%20%281989%29%28Codemasters%29%28David%20Whittaker%29.ym	436
https://www.cpc-power.com/YM/Bmx%20Simulator%202%205-7%20%281989%29%28Codemasters%29%28David%20Whittaker%29.ym	436
https://www.cpc-power.com/YM/Bmx%20Simulator%202%206-7%20%281989%29%28Codemasters%29%28David%20Whittaker%29.ym	436
https://www.cpc-power.com/YM/Bmx%20Simulator%202%207-7%20%281989%29%28Codemasters%29%28David%20Whittaker%29.ym	436
https://www.cpc-power.com/YM/Lee%20Enfield%20Tournament%20of%20Death%20%281990%29%28Players%20Premier%29%28Charles%20Callet%29%28Music%20Pro%29.ym	437
https://www.cpc-power.com/YM/Bob%20Morane%20-%20Chevalerie%20%281987%29%28Infogrammes%29%28Charles%20Callet%29%28Music%20Pro%29.ym	437
https://www.cpc-power.com/YM/Bob%20Morane%20-%20Jungle%20%281987%29%28Infogrames%29%28Charles%20Callet%29%28Music%20Pro%29.ym	438
https://www.cpc-power.com/YM/Bob%20Morane%20-%20Ocean%20%281988%29%28Infogrammes%29%28Charles%20Callet%29%28Music%20Pro%29.ym	439
https://www.cpc-power.com/YM/Bob%20Morane%20-%20Science%20Fiction%20%281988%29%28Infogrammes%29%28Charles%20Callet%29%28Music%20Pro%29.ym	440
https://www.cpc-power.com/YM/Bob%20Winner%20%281986%29%28Loriciels%29%28Michel%20Winogradoff%29.ym	441
https://www.cpc-power.com/YM/Bobo%20%281988%29%28Infogrames%29%28Charles%20CALLET%29.ym	443
https://www.cpc-power.com/YM/Bobo%20Level%201%20%281988%29%28Infogrames%29%28Charles%20Callet%29.ym	443
https://www.cpc-power.com/YM/Bobo%20Level%202%20%281988%29%28Infogrames%29%28Charles%20Callet%29.ym	443
https://www.cpc-power.com/YM/Bobo%20Level%203%20%281988%29%28Infogrames%29%28Charles%20Callet%29.ym	443
https://www.cpc-power.com/YM/Bobo%20Level%204%20%281988%29%28Infogrames%29%28Charles%20Callet%29.ym	443
https://www.cpc-power.com/YM/Bobo%20Level%205%20%281988%29%28Infogrames%29%28Charles%20Callet%29.ym	443
https://www.cpc-power.com/YM/Bobo%20Pursuit%20%281988%29%28Infogrames%29%28Charles%20Callet%29.ym	443
https://www.cpc-power.com/YM/Bob%27s%20Full%20House%201-5%20%281988%29%28Createl%29%28Tiny%20Williams%29.ym	444
https://www.cpc-power.com/YM/Bob%27s%20Full%20House%202-5%20%281988%29%28Createl%29%28Tiny%20Williams%29.ym	444
https://www.cpc-power.com/YM/Bob%27s%20Full%20House%203-5%20%281988%29%28Createl%29%28Tiny%20Williams%29.ym	444
https://www.cpc-power.com/YM/Bob%27s%20Full%20House%204-5%20%281988%29%28Createl%29%28Tiny%20Williams%29.ym	444
https://www.cpc-power.com/YM/Bob%27s%20Full%20House%205-5%20%281988%29%28Createl%29%28Tiny%20Williams%29.ym	444
https://www.cpc-power.com/YM/Bobsleigh%20%281987%29%28Digital%20Integration%29.ym	445
https://www.cpc-power.com/YM/Bomb%20Scare%20%281986%29%28Firebird%29%28Melvyn%20Wright%29%28Tape%20Loader%29.ym	450
https://www.cpc-power.com/YM/Danger%20Mouse%20In%20Double%20Trouble%20%281985%29%28Alternative%20Software%29.ym	451
https://www.cpc-power.com/YM/Danger%20Mouse%20In%20Makin%20Whoopee%20%281985%29%28Alternative%20Software%29.ym	452
https://www.cpc-power.com/YM/Bonanza%20Bros%20%281991%29%28U.S.%20Gold%29.ym	454
https://www.cpc-power.com/YM/Booty%20%281986%29%28Firebird%29.ym	458
https://www.cpc-power.com/YM/Bosconian%2087%201-3%20%281987%29%28Mastertronic%29%28Jason%20C%20Brooke%29.ym	459
https://www.cpc-power.com/YM/Bosconian%2087%202-3%20%281987%29%28Mastertronic%29%28Jason%20C%20Brooke%29.ym	459
https://www.cpc-power.com/YM/Bosconian%2087%203-3%20%281987%29%28Mastertronic%29%28Jason%20C%20Brooke%29.ym	459
https://www.cpc-power.com/YM/Boulder%20Dash%20%281984%29%28Mirrorsoft%29.ym	460
https://www.cpc-power.com/YM/Crystal%20Mission%20%281991%29%28Public%20Domain%29%28Face%20Hugger%29.ym	461
https://www.cpc-power.com/YM/Boulder%20Dash%203%20%281984%29%28First%20Star%20Software%29.ym	462
https://www.cpc-power.com/YM/Bounder%20%281986%29%28Gremlin%20Graphics%29%28C.Kerry%20%26%20P.Jackson%29.ym	464
https://www.cpc-power.com/YM/Bounty%20Hunter%201-3%20%281989%29%28Codemasters%20Software%29%28Lyndon%20Sharp%29.ym	466
https://www.cpc-power.com/YM/Bounty%20Hunter%202-3%20%281989%29%28Codemasters%20Software%29%28Lyndon%20Sharp%29.ym	466
https://www.cpc-power.com/YM/Bounty%20Hunter%203-3%20%281989%29%28Codemasters%20Software%29%28Lyndon%20Sharp%29.ym	466
https://www.cpc-power.com/YM/Boy%20Racer%20%281987%28Alligata%20Software%29.ym	468
https://www.cpc-power.com/YM/Brainache%201-4%20%281987%29%28Codemasters%29%28Jon%20Paul%20Eldridge%29.ym	469
https://www.cpc-power.com/YM/Brainache%202-4%20%281987%29%28Codemasters%29%28Jon%20Paul%20Eldridge%29.ym	469
https://www.cpc-power.com/YM/Brainache%203-4%20%281987%29%28Codemasters%29%28Jon%20Paul%20Eldridge%29.ym	469
https://www.cpc-power.com/YM/Brainache%204-4%20%281987%29%28Codemasters%29%28Jon%20Paul%20Eldridge%29.ym	469
https://www.cpc-power.com/YM/Brainstorm%20%281986%29%28Firebird%29.ym	470
https://www.cpc-power.com/YM/Brian%20Bloodaxe%20%281985%29%28The%20Edge%29%28Charles%20Bystram%29.ym	473
https://www.cpc-power.com/YM/Bride%20Of%20Frankenstein%20%281987%29%28Ariolasoft%29.ym	475
https://www.cpc-power.com/YM/Croco%20Magneto%20%281989%29%28Croco%20News%29.ym	476
https://www.cpc-power.com/YM/Bridge%20It%20%281984%29%28Amsoft%29%28Basic%29.ym	477
https://www.cpc-power.com/YM/Crazy%20Snake%20%281992%29%28Public%20Domain%29%28ST-Module%29.ym	479
https://www.cpc-power.com/YM/Crazy%20Snake%20-%20InGame%20%281992%29%28Public%20Domain%29%28ST-Module%29.ym	479
https://www.cpc-power.com/YM/Bronx%20%281989%29%28Dinamic%29%28Pablo%20Toledo%29.ym	480
https://www.cpc-power.com/YM/Bronx%20Street%20Cop%201-4%20%281989%29%28Mastertronic%29%28David%20Whittaker%29.ym	481
https://www.cpc-power.com/YM/Bronx%20Street%20Cop%202-4%20%281989%29%28Mastertronic%29%28David%20Whittaker%29.ym	481
https://www.cpc-power.com/YM/Bronx%20Street%20Cop%203-4%20%281989%29%28Mastertronic%29%28David%20Whittaker%29.ym	481
https://www.cpc-power.com/YM/Bronx%20Street%20Cop%204-4%20%281989%29%28Mastertronic%29%28David%20Whittaker%29.ym	481
https://www.cpc-power.com/YM/Bruce%20Lee%20%281984%29%28U.S.%20Gold%29.ym	482
https://www.cpc-power.com/YM/Buffalo%20Bill%27s%20Wild%20West%20Show%201-6%20%281989%29%28Tynesoft%29%28David%20Whittaker%29.ym	487
https://www.cpc-power.com/YM/Buffalo%20Bill%27s%20Wild%20West%20Show%202-6%20%281989%29%28Tynesoft%29%28David%20Whittaker%29.ym	487
https://www.cpc-power.com/YM/Buffalo%20Bill%27s%20Wild%20West%20Show%203-6%20%281989%29%28Tynesoft%29%28David%20Whittaker%29.ym	487
https://www.cpc-power.com/YM/Buffalo%20Bill%27s%20Wild%20West%20Show%204-6%20%281989%29%28Tynesoft%29%28David%20Whittaker%29.ym	487
https://www.cpc-power.com/YM/Buffalo%20Bill%27s%20Wild%20West%20Show%205-6%20%281989%29%28Tynesoft%29%28David%20Whittaker%29.ym	487
https://www.cpc-power.com/YM/Buffalo%20Bill%27s%20Wild%20West%20Show%206-6%20%281989%29%28Tynesoft%29%28David%20Whittaker%29.ym	487
https://www.cpc-power.com/YM/Buggy%20Boy%20%281987%29%28Elite%20Systems%29.ym	489
https://www.cpc-power.com/YM/Crazy%20Ball%20%281993%29%28CPC%20Infos%29%28M%20Lisic%29.ym	491
https://www.cpc-power.com/YM/Builderland%20%281991%29%28Loriciels%29%28Michel%20Winogradoff%29%28Basic%29.ym	493
https://www.cpc-power.com/YM/Bumpy%20%281989%29%28Loriciels%29%28Michel%20Winogradoff%29.ym	499
https://www.cpc-power.com/YM/Bumpy%27s%20Arcade%20Fantasy%20%281992%29%28Loriciels%29%28Michel%20Winogradoff%29.ym	500
https://www.cpc-power.com/YM/Burglar%20%281991%29%28Lankhor%29%28Fenyx%20Kell%29%28Basic%29.ym	503
https://www.cpc-power.com/YM/Butcher%20Hill%201-4%20%281988%29%28Gremlin%20Graphics%29%28Ben%20Daglish%29.ym	505
https://www.cpc-power.com/YM/Butcher%20Hill%202-4%20%281988%29%28Gremlin%20Graphics%29%28Ben%20Daglish%29.ym	505
https://www.cpc-power.com/YM/Butcher%20Hill%203-4%20%281988%29%28Gremlin%20Graphics%29%28Ben%20Daglish%29.ym	505
https://www.cpc-power.com/YM/Butcher%20Hill%204-4%20%281988%29%28Gremlin%20Graphics%29%28Ben%20Daglish%29.ym	505
https://www.cpc-power.com/YM/Cabal%20%281988%29%28Ocean%20Software%29%28Keith%20Tinman%29.ym	506
https://www.cpc-power.com/YM/Camelot%20Warriors%20%281986%29%28Dinamic%20Software%29.ym	509
https://www.cpc-power.com/YM/Captain%20America%20-%20Defies%20The%20Doom%20Tube%20%281987%29%28Go%21%29%28Anthony%20Lees%29.ym	515
https://www.cpc-power.com/YM/Captain%20Kidd%20%281985%29%28MC%20Lothlorien%29%28Basic%29.ym	517
https://www.cpc-power.com/YM/Captain%20Planet%20%281990%29%28Mindscape%29.ym	518
https://www.cpc-power.com/YM/Carmen%20San%20Diego%20%281990%29%28Broderbund%20France%29%28Luc%20Guillaume%29.ym	521
https://www.cpc-power.com/YM/Catastrophes%20-%20Ile%20Infernale%20%281985%29%28Amsoft%29.ym	527
https://www.cpc-power.com/YM/Catch%2023%20%281987%29%28Software%20Communications%20Ltd.%29.ym	528
https://www.cpc-power.com/YM/Cauldron%202%20%281986%29%28Palace%20Software%29%28Richard%20Joseph%29.ym	530
https://www.cpc-power.com/YM/Cavemania%201-4%20%281991%29%28Atlantis%20Software%29%28Total%20Kaos%29.ym	531
https://www.cpc-power.com/YM/Cavemania%202-4%20%281991%29%28Atlantis%20Software%29%28Total%20Kaos%29.ym	531
https://www.cpc-power.com/YM/Cavemania%203-4%20%281991%29%28Atlantis%20Software%29%28Total%20Kaos%29.ym	531
https://www.cpc-power.com/YM/Cavemania%204-4%20%281991%29%28Atlantis%20Software%29%28Total%20Kaos%29.ym	531
https://www.cpc-power.com/YM/Cerberus%201-3%20%281986%29%28Players%29.ym	534
https://www.cpc-power.com/YM/Cerberus%202-3%20%281986%29%28Players%29.ym	534
https://www.cpc-power.com/YM/Cerberus%203-3%20%281986%29%28Players%29.ym	534
https://www.cpc-power.com/YM/Chain%20Reaction%20%281988%29%28Durell%20Software%29.ym	536
https://www.cpc-power.com/YM/Challenge%20of%20the%20Gobots%20%281987%29%28Ariolasoft%29.ym	537
https://www.cpc-power.com/YM/Championship%20Jet%20Ski%20Simulator%201-3%20%281989%29%28Codemasters%29%28Jon%20Paul%20Eldridge%29.ym	539
https://www.cpc-power.com/YM/Championship%20Jet%20Ski%20Simulator%202-3%20%281989%29%28Codemasters%29%28Jon%20Paul%20Eldridge%29.ym	539
https://www.cpc-power.com/YM/Championship%20Jet%20Ski%20Simulator%203-3%20%281989%29%28Codemasters%29%28Jon%20Paul%20Eldridge%29.ym	539
https://www.cpc-power.com/YM/Charlie%20Chaplin%201-2%20%281987%29%28U.S.Gold%29.ym	541
https://www.cpc-power.com/YM/Charlie%20Chaplin%202-2%20%281987%29%28U.S.Gold%29.ym	541
https://www.cpc-power.com/YM/Charly%20Diams%20%281987%29%28Loriciels%29%28Jean-Philippe%20Biscay%29.ym	542
https://www.cpc-power.com/YM/Chevy%20Chase%20%281991%29%28Hi%20Tec%20Software%29.ym	546
https://www.cpc-power.com/YM/Chicago%27s%2030%20%281988%29%28Topo%20Soft%29%28Cesar%20Astudillo%29.ym	547
https://www.cpc-power.com/YM/Chickin%20Chase%201-7%20%281985%29%28Firebird%29.ym	550
https://www.cpc-power.com/YM/Chickin%20Chase%202-7%20%281985%29%28Firebird%29.ym	550
https://www.cpc-power.com/YM/Chickin%20Chase%203-7%20%281985%29%28Firebird%29.ym	550
https://www.cpc-power.com/YM/Chickin%20Chase%204-7%20%281985%29%28Firebird%29.ym	550
https://www.cpc-power.com/YM/Chickin%20Chase%205-7%20%281985%29%28Firebird%29.ym	550
https://www.cpc-power.com/YM/Chickin%20Chase%206-7%20%281985%29%28Firebird%29.ym	550
https://www.cpc-power.com/YM/Chickin%20Chase%207-7%20%281985%29%28Firebird%29.ym	550
https://www.cpc-power.com/YM/Chiller%20%281985%29%28Mastertronic%29.ym	553
https://www.cpc-power.com/YM/Chimera%20%281985%29%28Firebird%29.ym	554
https://www.cpc-power.com/YM/Chips%20Challenge%201-12%20%281990%29%28Epyx%29%28David%20Whittaker%29.ym	555
https://www.cpc-power.com/YM/Chips%20Challenge%202-12%20%281990%29%28Epyx%29%28David%20Whittaker%29.ym	555
https://www.cpc-power.com/YM/Chips%20Challenge%203-12%20%281990%29%28Epyx%29%28David%20Whittaker%29.ym	555
https://www.cpc-power.com/YM/Chips%20Challenge%204-12%20%281990%29%28Epyx%29%28David%20Whittaker%29.ym	555
https://www.cpc-power.com/YM/Chips%20Challenge%205-12%20%281990%29%28Epyx%29%28David%20Whittaker%29.ym	555
https://www.cpc-power.com/YM/Chips%20Challenge%206-12%20%281990%29%28Epyx%29%28David%20Whittaker%29.ym	555
https://www.cpc-power.com/YM/Chips%20Challenge%207-12%20%281990%29%28Epyx%29%28David%20Whittaker%29.ym	555
https://www.cpc-power.com/YM/Chips%20Challenge%208-12%20%281990%29%28Epyx%29%28David%20Whittaker%29.ym	555
https://www.cpc-power.com/YM/Chips%20Challenge%209-12%20%281990%29%28Epyx%29%28David%20Whittaker%29.ym	555
https://www.cpc-power.com/YM/Chips%20Challenge%2010-12%20%281990%29%28Epyx%29%28David%20Whittaker%29.ym	555
https://www.cpc-power.com/YM/Chips%20Challenge%2011-12%20%281990%29%28Epyx%29%28David%20Whittaker%29.ym	555
https://www.cpc-power.com/YM/Chips%20Challenge%2012-12%20%281990%29%28Epyx%29%28David%20Whittaker%29.ym	555
https://www.cpc-power.com/YM/La%20Chose%20De%20Grotemburg%20%281987%29%28Ubi%20Soft%29%28Xavier%20Talgorn%29.ym	558
https://www.cpc-power.com/YM/Chubby%20Gristle%20%281988%29%28Grandslam%29%28Ben%20Daglish%29.ym	561
https://www.cpc-power.com/YM/Circus%20Games%201-5%20%281989%29%28Tynesoft%29%28David%20Whittaker%29.ym	566
https://www.cpc-power.com/YM/Circus%20Games%202-5%20%281989%29%28Tynesoft%29%28David%20Whittaker%29.ym	566
https://www.cpc-power.com/YM/Circus%20Games%203-5%20%281989%29%28Tynesoft%29%28David%20Whittaker%29.ym	566
https://www.cpc-power.com/YM/Circus%20Games%204-5%20%281989%29%28Tynesoft%29%28David%20Whittaker%29.ym	566
https://www.cpc-power.com/YM/Circus%20Games%205-5%20%281989%29%28Tynesoft%29%28David%20Whittaker%29.ym	566
https://www.cpc-power.com/YM/Cisco%20Heat%201-3%20%281991%29%28Image%20Works%29.ym	567
https://www.cpc-power.com/YM/Cisco%20Heat%202-3%20%281991%29%28Image%20Works%29.ym	567
https://www.cpc-power.com/YM/Cisco%20Heat%203-3%20%281991%29%28Image%20Works%29.ym	567
https://www.cpc-power.com/YM/Clash%20%281987%29%28Ere%20Informatique%29%28Philippe%20Marchiset%29%28Basic%29.ym	569
https://www.cpc-power.com/YM/Classic%20Invaders%20%281986%29%28Bubble%20Bus%20Software%29.ym	572
https://www.cpc-power.com/YM/Classic%20Invaders%20HighScore%20%281986%29%28Bubble%20Bus%20Software%29.ym	572
https://www.cpc-power.com/YM/Classic%20Invaders%20InGame%20%281986%29%28Bubble%20Bus%20Software%29.ym	572
https://www.cpc-power.com/YM/Classic%20Muncher%20%281987%29%28Bubble%20Bus%20Software%29.ym	573
https://www.cpc-power.com/YM/Classic%20Muncher%20-%20Game%20Over%20%281987%29%28Bubble%20Bus%20Software%29.ym	573
https://www.cpc-power.com/YM/Clever%20%26%20Smart%20%281987%29%28Magic%20Bytes%29.ym	577
https://www.cpc-power.com/YM/Mortadela%20y%20Filemon%202%20%281990%29%28Animagic%29%28Pablo%20Toledo%29.ym	578
https://www.cpc-power.com/YM/Cobra%20Stallone%20%281987%29%28Ocean%20Software%29.ym	583
https://www.cpc-power.com/YM/Cobra%27s%20Arc%201-3%20%281986%29%28Dinamic%20Software%29.ym	586
https://www.cpc-power.com/YM/Cobra%27s%20Arc%202-3%20%281986%29%28Dinamic%20Software%29.ym	586
https://www.cpc-power.com/YM/Cobra%27s%20Arc%203-3%20%281986%29%28Dinamic%20Software%29.ym	586
https://www.cpc-power.com/YM/Coliseum%20%281988%29%28Topo%20Soft%29.ym	589
https://www.cpc-power.com/YM/Colossus%204%20Bridge%20%281986%29%28CDS%20Software%20LTD%29.ym	592
https://www.cpc-power.com/YM/Comando%20Quatro%20%281989%29%28Zigurat%29.ym	594
https://www.cpc-power.com/YM/Comando%20Tracer%20%281988%29%28Dinamic%29%28Javier%20Cubedo%29.ym	595
https://www.cpc-power.com/YM/Combat%20School%201-10%20%281987%29%28Ocean%20Software%29%28Jason%20C%20Brooke%29.ym	597
https://www.cpc-power.com/YM/Combat%20School%202-10%20%281987%29%28Ocean%20Software%29%28Jason%20C%20Brooke%29.ym	597
https://www.cpc-power.com/YM/Combat%20School%203-10%20%281987%29%28Ocean%20Software%29%28Jason%20C%20Brooke%29.ym	597
https://www.cpc-power.com/YM/Combat%20School%204-10%20%281987%29%28Ocean%20Software%29%28Jason%20C%20Brooke%29.ym	597
https://www.cpc-power.com/YM/Combat%20School%205-10%20%281987%29%28Ocean%20Software%29%28Jason%20C%20Brooke%29.ym	597
https://www.cpc-power.com/YM/Combat%20School%206-10%20%281987%29%28Ocean%20Software%29%28Jason%20C%20Brooke%29.ym	597
https://www.cpc-power.com/YM/Combat%20School%207-10%20%281987%29%28Ocean%20Software%29%28Jason%20C%20Brooke%29.ym	597
https://www.cpc-power.com/YM/Combat%20School%208-10%20%281987%29%28Ocean%20Software%29%28Jason%20C%20Brooke%29.ym	597
https://www.cpc-power.com/YM/Combat%20School%209-10%20%281987%29%28Ocean%20Software%29%28Jason%20C%20Brooke%29.ym	597
https://www.cpc-power.com/YM/Combat%20School%2010-10%20%281987%29%28Ocean%20Software%29%28Jason%20C%20Brooke%29.ym	597
https://www.cpc-power.com/YM/The%20Comet%20Game%20%281987%29%28Firebird%29%28Melvyn%20Wright%29%28Tape%20Loader%29.ym	599
https://www.cpc-power.com/YM/Space%20Invasion%201-3%20%281986%29%28Elite%20System%20Ltd%29%28Rob%20Hubbard%29.ym	601
https://www.cpc-power.com/YM/Space%20Invasion%202-3%20%281986%29%28Elite%20System%20Ltd%29%28Rob%20Hubbard%29.ym	601
https://www.cpc-power.com/YM/Space%20Invasion%203-3%20%281986%29%28Elite%20System%20Ltd%29%28Rob%20Hubbard%29.ym	601
https://www.cpc-power.com/YM/Conspiration%20De%20L%27An%20III%20%281988%29%28Ubi%20Soft%29%28Music%20Pro%29.ym	605
https://www.cpc-power.com/YM/Contamination%201-2%20%281985%29%28Ere%20Informatique%29%28Marc%20Olivier%29.ym	606
https://www.cpc-power.com/YM/Contamination%202-2%20%281985%29%28Ere%20Informatique%29%28Marc%20Olivier%29.ym	606
https://www.cpc-power.com/YM/Continental%20Circus%201-13%20%281989%29%28Mastertronic%29%28Ben%20Daglish%29.ym	607
https://www.cpc-power.com/YM/Continental%20Circus%202-13%20%281989%29%28Mastertronic%29%28Ben%20Daglish%29.ym	607
https://www.cpc-power.com/YM/Continental%20Circus%203-13%20%281989%29%28Mastertronic%29%28Ben%20Daglish%29.ym	607
https://www.cpc-power.com/YM/Continental%20Circus%204-13%20%281989%29%28Mastertronic%29%28Ben%20Daglish%29.ym	607
https://www.cpc-power.com/YM/Continental%20Circus%205-13%20%281989%29%28Mastertronic%29%28Ben%20Daglish%29.ym	607
https://www.cpc-power.com/YM/Continental%20Circus%206-13%20%281989%29%28Mastertronic%29%28Ben%20Daglish%29.ym	607
https://www.cpc-power.com/YM/Continental%20Circus%207-13%20%281989%29%28Mastertronic%29%28Ben%20Daglish%29.ym	607
https://www.cpc-power.com/YM/Continental%20Circus%208-13%20%281989%29%28Mastertronic%29%28Ben%20Daglish%29.ym	607
https://www.cpc-power.com/YM/Continental%20Circus%209-13%20%281989%29%28Mastertronic%29%28Ben%20Daglish%29.ym	607
https://www.cpc-power.com/YM/Continental%20Circus%2010-13%20%281989%29%28Mastertronic%29%28Ben%20Daglish%29.ym	607
https://www.cpc-power.com/YM/Continental%20Circus%2011-13%20%281989%29%28Mastertronic%29%28Ben%20Daglish%29.ym	607
https://www.cpc-power.com/YM/Continental%20Circus%2012-13%20%281989%29%28Mastertronic%29%28Ben%20Daglish%29.ym	607
https://www.cpc-power.com/YM/Continental%20Circus%2013-13%20%281989%29%28Mastertronic%29%28Ben%20Daglish%29.ym	607
https://www.cpc-power.com/YM/Cop-Out%20%281986%29%28Mikrogen%29.ym	609
https://www.cpc-power.com/YM/Corsarios%20%281988%29%28Opera%20Soft%29.ym	612
https://www.cpc-power.com/YM/Cosa%20Nostra%20%281986%29%28Opera%20Soft%29.ym	613
https://www.cpc-power.com/YM/Cosmic%20Shock%20Absurber%20%281987%29%28Martech%29.ym	616
https://www.cpc-power.com/YM/Costa%20Capers%20-%20InGame%20%281985%29%28Firebird%29.ym	617
https://www.cpc-power.com/YM/Costa%20Capers%20-%20Menu%20%281985%29%28Firebird%29.ym	617
https://www.cpc-power.com/YM/Count%20Duckula%20%281989%29%28Alternative%20Software%20Ltd%29.ym	618
https://www.cpc-power.com/YM/Count%20Duckula%202%20%281992%29%28Alternative%20Software%20Ltd%29.ym	619
https://www.cpc-power.com/YM/Cowboy%20Kidz%20%281990%29%28Byte%20Back%29.ym	622
https://www.cpc-power.com/YM/Crackdown%201-9%20%281990%29%28US%20Gold%29.ym	624
https://www.cpc-power.com/YM/Crackdown%202-9%20%281990%29%28US%20Gold%29.ym	624
https://www.cpc-power.com/YM/Crackdown%203-9%20%281990%29%28US%20Gold%29.ym	624
https://www.cpc-power.com/YM/Crackdown%204-9%20%281990%29%28US%20Gold%29.ym	624
https://www.cpc-power.com/YM/Crackdown%205-9%20%281990%29%28US%20Gold%29.ym	624
https://www.cpc-power.com/YM/Crackdown%206-9%20%281990%29%28US%20Gold%29.ym	624
https://www.cpc-power.com/YM/Crackdown%207-9%20%281990%29%28US%20Gold%29.ym	624
https://www.cpc-power.com/YM/Crackdown%208-9%20%281990%29%28US%20Gold%29.ym	624
https://www.cpc-power.com/YM/Crackdown%209-9%20%281990%29%28US%20Gold%29.ym	624
https://www.cpc-power.com/YM/Crafton%20%26%20Xunk%20%281986%29%28Ere%20Informatique%29%28Jean%20Louis%20Valero%29.ym	625
https://www.cpc-power.com/YM/L%27Ange%20De%20Cristal%20%281988%29%28Ere%20Informatique%29.ym	626
https://www.cpc-power.com/YM/Crash%20Garrett%20%281987%29%28Ere%20Informatique%29%28Philippe%20Ulrich%29%28Basic%29.ym	628
https://www.cpc-power.com/YM/Cray-5%20%281987%29%28Topo%20Soft%29%28Cesar%20Astudillo%29.ym	629
https://www.cpc-power.com/YM/Crazy%20Shot%20%281989%29%28Loriciels%29%28Michel%20Winogradoff%29.ym	634
https://www.cpc-power.com/YM/Le%20Crepuscule%20Du%20Naja%20%281987%29%28Chip%29.ym	636
https://www.cpc-power.com/YM/Crime%20Busters%20%281988%29%28Players%29%28E.%20Covell%29%28Basic%29.ym	638
https://www.cpc-power.com/YM/Critical%20Mass%20%281985%29%28Durell%20Software%29.ym	639
https://www.cpc-power.com/YM/La%20Crypte%20Des%20Maudits%20%281991%29%28Lankhor%29.ym	640
https://www.cpc-power.com/YM/Crystal%20Kingdown%20Dizzy%201-4%20%281992%29%28Codemasters%29.ym	642
https://www.cpc-power.com/YM/Crystal%20Kingdown%20Dizzy%202-4%20%281992%29%28Codemasters%29.ym	642
https://www.cpc-power.com/YM/Crystal%20Kingdown%20Dizzy%203-4%20%281992%29%28Codemasters%29.ym	642
https://www.cpc-power.com/YM/Crystal%20Kingdown%20Dizzy%204-4%20%281992%29%28Codemasters%29.ym	642
https://www.cpc-power.com/YM/Cyberball%20-%20Footballer%20in%20the%2021st%20Century%201-7%20%281990%29%28Domark%29%28Ben%20Daglish%29.ym	647
https://www.cpc-power.com/YM/Cyberball%20-%20Footballer%20in%20the%2021st%20Century%202-7%20%281990%29%28Domark%29%28Ben%20Daglish%29.ym	647
https://www.cpc-power.com/YM/Cyberball%20-%20Footballer%20in%20the%2021st%20Century%203-7%20%281990%29%28Domark%29%28Ben%20Daglish%29.ym	647
https://www.cpc-power.com/YM/Cyberball%20-%20Footballer%20in%20the%2021st%20Century%204-7%20%281990%29%28Domark%29%28Ben%20Daglish%29.ym	647
https://www.cpc-power.com/YM/Cyberball%20-%20Footballer%20in%20the%2021st%20Century%205-7%20%281990%29%28Domark%29%28Ben%20Daglish%29.ym	647
https://www.cpc-power.com/YM/Cyberball%20-%20Footballer%20in%20the%2021st%20Century%206-7%20%281990%29%28Domark%29%28Ben%20Daglish%29.ym	647
https://www.cpc-power.com/YM/Cyberball%20-%20Footballer%20in%20the%2021st%20Century%207-7%20%281990%29%28Domark%29%28Ben%20Daglish%29.ym	647
https://www.cpc-power.com/YM/Cyberbig%20%281990%29%28Animagic%29.ym	648
https://www.cpc-power.com/YM/Bubbler%20%281987%29%28Ultimate%20Play%20the%20Game%29.ym	651
https://www.cpc-power.com/YM/Daley%20Thompson%27s%20Olympic%20Challenge%201-3%20%281988%29%28Ocean%20Software%29%28Jonathan%20Dunn%29.ym	660
https://www.cpc-power.com/YM/Daley%20Thompson%27s%20Olympic%20Challenge%202-3%20%281988%29%28Ocean%20Software%29%28Jonathan%20Dunn%29.ym	660
https://www.cpc-power.com/YM/Daley%20Thompson%27s%20Olympic%20Challenge%203-3%20%281988%29%28Ocean%20Software%29%28Jonathan%20Dunn%29.ym	660
https://www.cpc-power.com/YM/Daley%20Thompson%27s%20Super%20Test%20-%20Game%20Over%20%281985%29%28Ocean%20Software%29.ym	661
https://www.cpc-power.com/YM/Daley%20Thompson%27s%20Super%20Test%20-%20Loose%20A%20Life%20%281985%29%28Ocean%20Software%29.ym	661
https://www.cpc-power.com/YM/Daley%20Thompson%27s%20Super%20Test%20-%20Menu%20%281985%29%28Ocean%20Software%29.ym	661
https://www.cpc-power.com/YM/Daley%20Thompson%27s%20Super%20Test%20-%20Next%20Event%20%281985%29%28Ocean%20Software%29.ym	661
https://www.cpc-power.com/YM/Daley%20Thompson%27s%20Super%20Test%20-%20Start%20Event%20%281985%29%28Ocean%20Software%29.ym	661
https://www.cpc-power.com/YM/Breakdown%20%281990%29%28Amstrad%20Cent%20Pour%20Cent%29%28Sebastien%20Demazure%29.ym	665
https://www.cpc-power.com/YM/Breakdown%20End%20Game%20%281990%29%28Amstrad%20Cent%20Pour%20Cent%29%28Sebastien%20Demazure%29.ym	665
https://www.cpc-power.com/YM/Dan%20Silver%20-%20Le%20Dernier%20Espoir%20%281988%29%28MBC%20Informatique%29.ym	669
https://www.cpc-power.com/YM/Dark%20Century%201-3%20%281990%29%28Titus%29.ym	672
https://www.cpc-power.com/YM/Dark%20Century%202-3%20%281990%29%28Titus%29.ym	672
https://www.cpc-power.com/YM/Dark%20Century%203-3%20%281990%29%28Titus%29.ym	672
https://www.cpc-power.com/YM/Dark%20Fusion%20%281988%29%28Gremlin%20Graphics%29%28Ben%20Daglish%29.ym	673
https://www.cpc-power.com/YM/Darkman%201-4%20%281990%29%28Ocean%20Software%29%28Jonathan%20Dunn%29.ym	679
https://www.cpc-power.com/YM/Darkman%202-4%20%281990%29%28Ocean%20Software%29%28Jonathan%20Dunn%29.ym	679
https://www.cpc-power.com/YM/Darkman%203-4%20%281990%29%28Ocean%20Software%29%28Jonathan%20Dunn%29.ym	679
https://www.cpc-power.com/YM/Darkman%204-4%20%281990%29%28Ocean%20Software%29%28Jonathan%20Dunn%29.ym	679
https://www.cpc-power.com/YM/Darts%20%281986%29%28Alligata%20Software%29.ym	680
https://www.cpc-power.com/YM/Deadly%20Evil%20%281990%29%28Players%20Premier%29%28Sonic%20Graffiti%20and%20Andy%20Severn%29.ym	686
https://www.cpc-power.com/YM/Death%20Pit%20%281985%29%28Durell%20Software%29.ym	688
https://www.cpc-power.com/YM/Death%20Stalker%201-4%20%281988%29%28Codemasters%29%28David%20Whittaker%29.ym	689
https://www.cpc-power.com/YM/Death%20Stalker%202-4%20%281988%29%28Codemasters%29%28David%20Whittaker%29.ym	689
https://www.cpc-power.com/YM/Death%20Stalker%203-4%20%281988%29%28Codemasters%29%28David%20Whittaker%29.ym	689
https://www.cpc-power.com/YM/Death%20Stalker%204-4%20%281988%29%28Codemasters%29%28David%20Whittaker%29.ym	689
https://www.cpc-power.com/YM/Death%20Wish%203%20%281987%29%28Gremlin%20Graphics%29%28Ben%20Daglish%29.ym	690
https://www.cpc-power.com/YM/Deathsville%20%281986%29%28Bubble%20Bus%20Software%29%28Paul%20Midcalf%29.ym	692
https://www.cpc-power.com/YM/Deep%20Strike%20%281985%29%28Durell%20Software%29.ym	694
https://www.cpc-power.com/YM/The%20Deep%20%281989%29%28US%20Gold%29.ym	695
https://www.cpc-power.com/YM/Defcom%20%281986%29%28Quicksilva%29%28David%20Whittaker%29.ym	696
https://www.cpc-power.com/YM/Defender%20Of%20The%20Crown%20THEME%20%281989%29%28Ubi%20Soft%29%28Gregory%20Clement%29.ym	699
https://www.cpc-power.com/YM/Defender%20Of%20The%20Crown%20FINAL%20%281989%29%28Ubi%20Soft%29%28Gregory%20Clement%29.ym	699
https://www.cpc-power.com/YM/Defender%20Of%20The%20Crown%20ROBIN%20%281989%29%28Ubi%20Soft%29%28Gregory%20Clement%29.ym	699
https://www.cpc-power.com/YM/Defenders%20of%20the%20Earth%201-3%20%281990%29%28Enigma%20Variations%20Ltd%29.ym	700
https://www.cpc-power.com/YM/Defenders%20of%20the%20Earth%202-3%20%281990%29%28Enigma%20Variations%20Ltd%29.ym	700
https://www.cpc-power.com/YM/Defenders%20of%20the%20Earth%203-3%20%281990%29%28Enigma%20Variations%20Ltd%29.ym	700
https://www.cpc-power.com/YM/Big%20Screen%20Hero%20%281988%29%28SkySlip%20Computers%29%28A%20Nettleton%29.ym	701
https://www.cpc-power.com/YM/Demon%27s%20Revenge%20%281987%29%28Firebird%29.ym	703
https://www.cpc-power.com/YM/La%20Derniere%20Mission%20%281988%29%28MBC%20Informatique%29%28Music%20Pro%29.ym	705
https://www.cpc-power.com/YM/Desolator%20-%20Halls%20Of%20Kyros%20%281987%29%28US%20Gold%29.ym	707
https://www.cpc-power.com/YM/Gunsmoke%20%281987%29%28Topo%20Soft%29%28Cesar%20Astudillo%29.ym	708
https://www.cpc-power.com/YM/Desperado%202%20%281991%29%28Topo%20Soft%29%28Angel%20Martinez%29.ym	709
https://www.cpc-power.com/YM/Despotik%20Design%20%281987%29%28Ere%29.ym	710
https://www.cpc-power.com/YM/Les%20Dieux%20De%20La%20Mer%20%281987%29%28Infogrames%29%28Charles%20Callet%29%28Music%20Pro%29.ym	718
https://www.cpc-power.com/YM/Disc%20%281990%29%28Loriciels%29%28Michel%20Winogradoff%29%28Basic%29.ym	721
https://www.cpc-power.com/YM/Dizzy%20-%20Down%20The%20Rapids%201-2%20%281991%29%28Codemasters%29%28Allister%20Brimble%29.ym	724
https://www.cpc-power.com/YM/Dizzy%20-%20Down%20The%20Rapids%202-2%20%281991%29%28Codemasters%29%28Allister%20Brimble%29.ym	724
https://www.cpc-power.com/YM/Dizzy%20%21%20-%20Amstrad%20Action%20Special%20Edtion%201-2%20%281988%29%28Codemasters%20Software%29%28Jon%20Paul%20ELDRIDGE%29.ym	725
https://www.cpc-power.com/YM/Dizzy%20%21%20-%20Amstrad%20Action%20Special%20Edtion%202-2%20%281988%29%28Codemasters%20Software%29%28Jon%20Paul%20ELDRIDGE%29.ym	725
https://www.cpc-power.com/YM/Dizzy%20%21%20-%20The%20Ultimate%20Cartoon%20Adventure%201-2%20%281988%29%28Codemasters%20Software%29%28Jon%20Paul%20ELDRIDGE%29.ym	725
https://www.cpc-power.com/YM/Dizzy%20%21%20-%20The%20Ultimate%20Cartoon%20Adventure%202-2%20%281988%29%28Codemasters%20Software%29%28Jon%20Paul%20ELDRIDGE%29.ym	725
https://www.cpc-power.com/YM/Treasure%20Island%20Dizzy%201-5%20%281989%29%28Codemasters%29%28David%20Whittaker%29.ym	726
https://www.cpc-power.com/YM/Treasure%20Island%20Dizzy%202-5%20%281989%29%28Codemasters%29%28David%20Whittaker%29.ym	726
https://www.cpc-power.com/YM/Treasure%20Island%20Dizzy%203-5%20%281989%29%28Codemasters%29%28David%20Whittaker%29.ym	726
https://www.cpc-power.com/YM/Treasure%20Island%20Dizzy%204-5%20%281989%29%28Codemasters%29%28David%20Whittaker%29.ym	726
https://www.cpc-power.com/YM/Treasure%20Island%20Dizzy%205-5%20%281989%29%28Codemasters%29%28David%20Whittaker%29.ym	726
https://www.cpc-power.com/YM/Fantasy%20World%20Dizzy%201-7%20%281989%29%28Codemasters%29%28The%20Oliver%20Twins%29.ym	727
https://www.cpc-power.com/YM/Fantasy%20World%20Dizzy%202-7%20%281989%29%28Codemasters%29%28The%20Oliver%20Twins%29.ym	727
https://www.cpc-power.com/YM/Fantasy%20World%20Dizzy%203-7%20%281989%29%28Codemasters%29%28The%20Oliver%20Twins%29.ym	727
https://www.cpc-power.com/YM/Fantasy%20World%20Dizzy%204-7%20%281989%29%28Codemasters%29%28The%20Oliver%20Twins%29.ym	727
https://www.cpc-power.com/YM/Fantasy%20World%20Dizzy%205-7%20%281989%29%28Codemasters%29%28The%20Oliver%20Twins%29.ym	727
https://www.cpc-power.com/YM/Fantasy%20World%20Dizzy%206-7%20%281989%29%28Codemasters%29%28The%20Oliver%20Twins%29.ym	727
https://www.cpc-power.com/YM/Fantasy%20World%20Dizzy%207-7%20%281989%29%28Codemasters%29%28The%20Oliver%20Twins%29.ym	727
https://www.cpc-power.com/YM/Magicland%20Dizzy%20%281990%29%28Codemasters%29.ym	728
https://www.cpc-power.com/YM/Spellbound%20Dizzy%20%281991%29%28Codemasters%29%28Allister%20Brimble%29.ym	729
https://www.cpc-power.com/YM/Dizzy%20-%20Prince%20of%20the%20Yolkfolk%20%281991%29%28Codemasters%29%28The%20Oliver%20Twins%29.ym	730
https://www.cpc-power.com/YM/DJ%20Puff%201-5%20%281992%29%28Codemasters%29%28Allister%20Brimble%29.ym	732
https://www.cpc-power.com/YM/DJ%20Puff%202-5%20%281992%29%28Codemasters%29%28Allister%20Brimble%29.ym	732
https://www.cpc-power.com/YM/DJ%20Puff%203-5%20%281992%29%28Codemasters%29%28Allister%20Brimble%29.ym	732
https://www.cpc-power.com/YM/DJ%20Puff%204-5%20%281992%29%28Codemasters%29%28Allister%20Brimble%29.ym	732
https://www.cpc-power.com/YM/DJ%20Puff%205-5%20%281992%29%28Codemasters%29%28Allister%20Brimble%29.ym	732
https://www.cpc-power.com/YM/Eden%20Blues%20%281985%29%28Ere%29%28Philippe%20Ulrich%29.ym	744
https://www.cpc-power.com/YM/Doppleganger%20%281985%29%28Alligata%20Software%29.ym	746
https://www.cpc-power.com/YM/Double%20Dragon%201-3%20%281988%29%28Mastertronic%29%28Steve%20Barrett%29%28RDA%20Player%29.ym	750
https://www.cpc-power.com/YM/Double%20Dragon%202-3%20%281988%29%28Mastertronic%29%28Steve%20Barrett%29%28RDA%20Player%29.ym	750
https://www.cpc-power.com/YM/Double%20Dragon%203-3%20%281988%29%28Mastertronic%29%28Steve%20Barrett%29%28RDA%20Player%29.ym	750
https://www.cpc-power.com/YM/Double%20Dragon%202%20-%20The%20Revenge%201-3%20%281989%29%28Mastertronic%29%28Steve%20Barrett%29%28RDA%20Player%29.ym	751
https://www.cpc-power.com/YM/Double%20Dragon%202%20-%20The%20Revenge%202-3%20%281989%29%28Mastertronic%29%28Steve%20Barrett%29%28RDA%20Player%29.ym	751
https://www.cpc-power.com/YM/Double%20Dragon%202%20-%20The%20Revenge%203-3%20%281989%29%28Mastertronic%29%28Steve%20Barrett%29%28RDA%20Player%29.ym	751
https://www.cpc-power.com/YM/Dr%20Jackle%20And%20Mr%20Wide%20%281987%29%28Mastertronic%29%28Ian%20Thomas%29.ym	755
https://www.cpc-power.com/YM/Dragon%20Spirit%20%281989%29%28Domark%29%28Dave_Kelly%29.ym	760
https://www.cpc-power.com/YM/Samurai%20%281990%29%28Black%20System%29%28Luc%20Guillaume%29.ym	761
https://www.cpc-power.com/YM/Pirate%20%281990%29%28Black%20System%29%28Luc%20Guillaume%29.ym	762
https://www.cpc-power.com/YM/Dragon%27s%20Lair%201-9%20%281986%29%28Software%20Projects%29%28Colin%20Porch%29.ym	764
https://www.cpc-power.com/YM/Dragon%27s%20Lair%202-9%20%281986%29%28Software%20Projects%29%28Colin%20Porch%29.ym	764
https://www.cpc-power.com/YM/Dragon%27s%20Lair%203-9%20%281986%29%28Software%20Projects%29%28Colin%20Porch%29.ym	764
https://www.cpc-power.com/YM/Dragon%27s%20Lair%204-9%20%281986%29%28Software%20Projects%29%28Colin%20Porch%29.ym	764
https://www.cpc-power.com/YM/Dragon%27s%20Lair%205-9%20%281986%29%28Software%20Projects%29%28Colin%20Porch%29.ym	764
https://www.cpc-power.com/YM/Dragon%27s%20Lair%206-9%20%281986%29%28Software%20Projects%29%28Colin%20Porch%29.ym	764
https://www.cpc-power.com/YM/Dragon%27s%20Lair%207-9%20%281986%29%28Software%20Projects%29%28Colin%20Porch%29.ym	764
https://www.cpc-power.com/YM/Dragon%27s%20Lair%208-9%20%281986%29%28Software%20Projects%29%28Colin%20Porch%29.ym	764
https://www.cpc-power.com/YM/Dragon%27s%20Lair%209-9%20%281986%29%28Software%20Projects%29%28Colin%20Porch%29.ym	764
https://www.cpc-power.com/YM/Dragon%27s%20Lair%202%20-%20Escape%20from%20Singe%27s%20Castle%201-17%20%281987%29%28Software%20Projects%29%28Rob%20Hubbard%29.ym	765
https://www.cpc-power.com/YM/Dragon%27s%20Lair%202%20-%20Escape%20from%20Singe%27s%20Castle%202-17%20%281987%29%28Software%20Projects%29%28Rob%20Hubbard%29.ym	765
https://www.cpc-power.com/YM/Dragon%27s%20Lair%202%20-%20Escape%20from%20Singe%27s%20Castle%203-17%20%281987%29%28Software%20Projects%29%28Rob%20Hubbard%29.ym	765
https://www.cpc-power.com/YM/Dragon%27s%20Lair%202%20-%20Escape%20from%20Singe%27s%20Castle%204-17%20%281987%29%28Software%20Projects%29%28Rob%20Hubbard%29.ym	765
https://www.cpc-power.com/YM/Dragon%27s%20Lair%202%20-%20Escape%20from%20Singe%27s%20Castle%205-17%20%281987%29%28Software%20Projects%29%28Rob%20Hubbard%29.ym	765
https://www.cpc-power.com/YM/Dragon%27s%20Lair%202%20-%20Escape%20from%20Singe%27s%20Castle%206-17%20%281987%29%28Software%20Projects%29%28Rob%20Hubbard%29.ym	765
https://www.cpc-power.com/YM/Dragon%27s%20Lair%202%20-%20Escape%20from%20Singe%27s%20Castle%207-17%20%281987%29%28Software%20Projects%29%28Rob%20Hubbard%29.ym	765
https://www.cpc-power.com/YM/Dragon%27s%20Lair%202%20-%20Escape%20from%20Singe%27s%20Castle%208-17%20%281987%29%28Software%20Projects%29%28Rob%20Hubbard%29.ym	765
https://www.cpc-power.com/YM/Dragon%27s%20Lair%202%20-%20Escape%20from%20Singe%27s%20Castle%209-17%20%281987%29%28Software%20Projects%29%28Rob%20Hubbard%29.ym	765
https://www.cpc-power.com/YM/Dragon%27s%20Lair%202%20-%20Escape%20from%20Singe%27s%20Castle%2010-17%20%281987%29%28Software%20Projects%29%28Rob%20Hubbard%29.ym	765
https://www.cpc-power.com/YM/Dragon%27s%20Lair%202%20-%20Escape%20from%20Singe%27s%20Castle%2011-17%20%281987%29%28Software%20Projects%29%28Rob%20Hubbard%29.ym	765
https://www.cpc-power.com/YM/Dragon%27s%20Lair%202%20-%20Escape%20from%20Singe%27s%20Castle%2012-17%20%281987%29%28Software%20Projects%29%28Rob%20Hubbard%29.ym	765
https://www.cpc-power.com/YM/Dragon%27s%20Lair%202%20-%20Escape%20from%20Singe%27s%20Castle%2013-17%20%281987%29%28Software%20Projects%29%28Rob%20Hubbard%29.ym	765
https://www.cpc-power.com/YM/Dragon%27s%20Lair%202%20-%20Escape%20from%20Singe%27s%20Castle%2014-17%20%281987%29%28Software%20Projects%29%28Rob%20Hubbard%29.ym	765
https://www.cpc-power.com/YM/Dragon%27s%20Lair%202%20-%20Escape%20from%20Singe%27s%20Castle%2015-17%20%281987%29%28Software%20Projects%29%28Rob%20Hubbard%29.ym	765
https://www.cpc-power.com/YM/Dragon%27s%20Lair%202%20-%20Escape%20from%20Singe%27s%20Castle%2016-17%20%281987%29%28Software%20Projects%29%28Rob%20Hubbard%29.ym	765
https://www.cpc-power.com/YM/Dragon%27s%20Lair%202%20-%20Escape%20from%20Singe%27s%20Castle%2017-17%20%281987%29%28Software%20Projects%29%28Rob%20Hubbard%29.ym	765
https://www.cpc-power.com/YM/Ninja%20%281990%29%28Black%20System%29%28Luc%20Guillaume%29.ym	766
https://www.cpc-power.com/YM/Drazen%20Petrovic%20Basket%20%281989%29%28Topo%20Soft%29%28Cesar%20Astudillo%29.ym	770
https://www.cpc-power.com/YM/Druid%20%281986%29%28Firebird%29%28Melvyn%20Wright%29%28Tape%20Loader%29.ym	773
https://www.cpc-power.com/YM/Duet%20%281986%29%28Elite%20Systems%29%28Mark%20COOKSEY%29.ym	775
https://www.cpc-power.com/YM/Dustin%20%281986%29%28Dinamic%29%28Manuel%20Cubedo%29.ym	779
https://www.cpc-power.com/YM/Dynamic%20Duo%201-5%20%281988%29%28Firebird%29%28David%20Whittaker%29.ym	781
https://www.cpc-power.com/YM/Dynamic%20Duo%202-5%20%281988%29%28Firebird%29%28David%20Whittaker%29.ym	781
https://www.cpc-power.com/YM/Dynamic%20Duo%203-5%20%281988%29%28Firebird%29%28David%20Whittaker%29.ym	781
https://www.cpc-power.com/YM/Dynamic%20Duo%204-5%20%281988%29%28Firebird%29%28David%20Whittaker%29.ym	781
https://www.cpc-power.com/YM/Dynamic%20Duo%205-5%20%281988%29%28Firebird%29%28David%20Whittaker%29.ym	781
https://www.cpc-power.com/YM/Dynasty%20Wars%201-3%20%281990%29%28Capcom%29.ym	787
https://www.cpc-power.com/YM/Dynasty%20Wars%202-3%20%281990%29%28Capcom%29.ym	787
https://www.cpc-power.com/YM/Dynasty%20Wars%203-3%20%281990%29%28Capcom%29.ym	787
https://www.cpc-power.com/YM/Eagles%20Rider%20%281990%29%28Microids%29%28Claude%20Abromond%29.ym	788
https://www.cpc-power.com/YM/The%20Last%20Race%20%281989%29%28Black%20System%29%28Luc%20Guillaume%29.ym	790
https://www.cpc-power.com/YM/JT%2037%20%281990%29%28Black%20System%29%28Luc%20Guillaume%29.ym	791
https://www.cpc-power.com/YM/The%20Eidolon%20%281986%29%28Activision%29.ym	792
https://www.cpc-power.com/YM/Electric%20Wonderland%20%281986%29%28Ere%20Informatique%29.ym	794
https://www.cpc-power.com/YM/Hagar%20%281989%29%28Black%20System%29%28Luc%20Guillaume%29.ym	796
https://www.cpc-power.com/YM/Elektra%20Glide%201-4%20%281986%29%28English%20Software%29.ym	797
https://www.cpc-power.com/YM/Elektra%20Glide%202-4%20%281986%29%28English%20Software%29.ym	797
https://www.cpc-power.com/YM/Elektra%20Glide%203-4%20%281986%29%28English%20Software%29.ym	797
https://www.cpc-power.com/YM/Elektra%20Glide%204-4%20%281986%29%28English%20Software%29.ym	797
https://www.cpc-power.com/YM/Elevator%20Action%20%281987%29%28Quicksilva%29%28David%20Whittaker%29.ym	798
https://www.cpc-power.com/YM/Elidon%20%281985%29%28Orpheus%29.ym	799
https://www.cpc-power.com/YM/Eliminator%201-5%20%281988%29%28Hewson%29%28Nick%20Jones%29.ym	800
https://www.cpc-power.com/YM/Eliminator%202-5%20%281988%29%28Hewson%29%28Nick%20Jones%29.ym	800
https://www.cpc-power.com/YM/Eliminator%203-5%20%281988%29%28Hewson%29%28Nick%20Jones%29.ym	800
https://www.cpc-power.com/YM/Eliminator%204-5%20%281988%29%28Hewson%29%28Nick%20Jones%29.ym	800
https://www.cpc-power.com/YM/Eliminator%205-5%20%281988%29%28Hewson%29%28Nick%20Jones%29.ym	800
https://www.cpc-power.com/YM/Elite%20%281986%29%28Firebird%29.ym	801
https://www.cpc-power.com/YM/Elven%20Warrior%20%281989%29%28Player%29%28Sonic%20Graffiti%20and%20Andy%20Severn%29.ym	802
https://www.cpc-power.com/YM/E-Motion%201-3%20%281990%29%28US%20Gold%29.ym	806
https://www.cpc-power.com/YM/E-Motion%202-3%20%281990%29%28US%20Gold%29.ym	806
https://www.cpc-power.com/YM/E-Motion%203-3%20%281990%29%28US%20Gold%29.ym	806
https://www.cpc-power.com/YM/Star%20Wars%20-%20The%20Empire%20Strikes%20Back%201-9%20%281988%29%28Domark%29%28David%20Whittaker%29.ym	808
https://www.cpc-power.com/YM/Star%20Wars%20-%20The%20Empire%20Strikes%20Back%202-9%20%281988%29%28Domark%29%28David%20Whittaker%29.ym	808
https://www.cpc-power.com/YM/Star%20Wars%20-%20The%20Empire%20Strikes%20Back%203-9%20%281988%29%28Domark%29%28David%20Whittaker%29.ym	808
https://www.cpc-power.com/YM/Star%20Wars%20-%20The%20Empire%20Strikes%20Back%204-9%20%281988%29%28Domark%29%28David%20Whittaker%29.ym	808
https://www.cpc-power.com/YM/Star%20Wars%20-%20The%20Empire%20Strikes%20Back%205-9%20%281988%29%28Domark%29%28David%20Whittaker%29.ym	808
https://www.cpc-power.com/YM/Star%20Wars%20-%20The%20Empire%20Strikes%20Back%206-9%20%281988%29%28Domark%29%28David%20Whittaker%29.ym	808
https://www.cpc-power.com/YM/Star%20Wars%20-%20The%20Empire%20Strikes%20Back%207-9%20%281988%29%28Domark%29%28David%20Whittaker%29.ym	808
https://www.cpc-power.com/YM/Star%20Wars%20-%20The%20Empire%20Strikes%20Back%208-9%20%281988%29%28Domark%29%28David%20Whittaker%29.ym	808
https://www.cpc-power.com/YM/Star%20Wars%20-%20The%20Empire%20Strikes%20Back%209-9%20%281988%29%28Domark%29%28David%20Whittaker%29.ym	808
https://www.cpc-power.com/YM/Enchanted%20%281989%29%28Positive%29%28Alberto%20Sampler%29.ym	809
https://www.cpc-power.com/YM/Energy%20Warrior%20%281987%29%281001%20Limited%29%28Gary%20Vine%29.ym	813
https://www.cpc-power.com/YM/El%20Enigma%20De%20Aceps%20%281986%29%28Ace%20Software%29.ym	814
https://www.cpc-power.com/YM/Good%20Moon%20%281990%29%28Black%20System%29%28Luc%20Guillaume%29.ym	819
https://www.cpc-power.com/YM/Fleche%20%281989%29%28Black%20System%29%28Luc%20Guillaume%29.ym	821
https://www.cpc-power.com/YM/Fire%20Land%20%281992%29%28Black%20System%29%28Luc%20Guillaume%29.ym	823
https://www.cpc-power.com/YM/Escape%20from%20Planet%20of%20Robot%20Monsters%20%281990%29%28Domark%29%28Ben%20Daglish%29.ym	827
https://www.cpc-power.com/YM/DCA%20%281991%29%28Black%20System%29%28Luc%20Guillaume%29.ym	828
https://www.cpc-power.com/YM/La%20Espada%20Sagrada%20%281990%29%28Topo%20Soft%29%28TPM%29.ym	829
https://www.cpc-power.com/YM/Espionage%20%281988%29%28Grandslam%29%28Source%29.ym	830
https://www.cpc-power.com/YM/Dark%20Power%20%281989%29%28Black%20System%29%28Luc%20Guillaume%29.ym	833
https://www.cpc-power.com/YM/Cosmos%20%281989%29%28Black%20System%29%28Luc%20Guillaume%29.ym	834
https://www.cpc-power.com/YM/Coliseum%20%281990%29%28Black%20System%29%28Luc%20Guillaume%29.ym	835
https://www.cpc-power.com/YM/Zone%20Part%201%20%281989%29%28Black%20System%29%28Luc%20Guillaume%29.ym	836
https://www.cpc-power.com/YM/Zone%20Part%202%20%281989%29%28Black%20System%29%28Luc%20Guillaume%29.ym	836
https://www.cpc-power.com/YM/Evil%20Donjon%20%281989%29%28Genesis%20Soft%29%28Sylvestre%20Campin%29%28Basic%29.ym	837
https://www.cpc-power.com/YM/Exit%20%281988%29%28Ubi%20Soft%29.ym	839
https://www.cpc-power.com/YM/Nanako%20Descends%20To%20Hell%20-%20Intro%20%282009%29%28The%20Mojon%20Twins%29.ym	841
https://www.cpc-power.com/YM/Nanako%20Descends%20To%20Hell%20-%20InGame%20%282009%29%28The%20Mojon%20Twins%29.ym	841
https://www.cpc-power.com/YM/Nanako%20Descends%20To%20Hell%20-%20Game%20Over%20%282009%29%28The%20Mojon%20Twins%29.ym	841
https://www.cpc-power.com/YM/Exterminator%201-7%20%281991%29%28Audiogenic%29%28David%20Whittaker%29.ym	844
https://www.cpc-power.com/YM/Exterminator%202-7%20%281991%29%28Audiogenic%29%28David%20Whittaker%29.ym	844
https://www.cpc-power.com/YM/Exterminator%203-7%20%281991%29%28Audiogenic%29%28David%20Whittaker%29.ym	844
https://www.cpc-power.com/YM/Exterminator%204-7%20%281991%29%28Audiogenic%29%28David%20Whittaker%29.ym	844
https://www.cpc-power.com/YM/Exterminator%205-7%20%281991%29%28Audiogenic%29%28David%20Whittaker%29.ym	844
https://www.cpc-power.com/YM/Exterminator%206-7%20%281991%29%28Audiogenic%29%28David%20Whittaker%29.ym	844
https://www.cpc-power.com/YM/Exterminator%207-7%20%281991%29%28Audiogenic%29%28David%20Whittaker%29.ym	844
https://www.cpc-power.com/YM/Extreme%20%281991%29%28Digital%20Integration%29.ym	845
https://www.cpc-power.com/YM/Eye%20%281988%29%28Endurance%20Games%29.ym	846
https://www.cpc-power.com/YM/Eye%20Spy%20%281985%29%28English%20Software%29.ym	847
https://www.cpc-power.com/YM/F-16%20Fighting%20Falcon%201-2%20%281989%29%28Mastertronic%29.ym	851
https://www.cpc-power.com/YM/F-16%20Fighting%20Falcon%202-2%20%281989%29%28Mastertronic%29.ym	851
https://www.cpc-power.com/YM/Fairlight%20-%20A%20Prelude%20%281986%29%28Edge%29.ym	853
https://www.cpc-power.com/YM/Fairlight%20-%20A%20Trail%20Of%20Darkness%20%281986%29%28Edge%29.ym	854
https://www.cpc-power.com/YM/The%20Fantastic%20Voyage%20%281985%29%28Amsoft%29%28J.%20R.%20Edmonds%29.ym	857
https://www.cpc-power.com/YM/Fast%20Food%20Dizzy%201-6%20%281989%29%28Codemasters%29%28The%20Oliver%20Twins%29.ym	861
https://www.cpc-power.com/YM/Fast%20Food%20Dizzy%202-6%20%281989%29%28Codemasters%29%28The%20Oliver%20Twins%29.ym	861
https://www.cpc-power.com/YM/Fast%20Food%20Dizzy%203-6%20%281989%29%28Codemasters%29%28The%20Oliver%20Twins%29.ym	861
https://www.cpc-power.com/YM/Fast%20Food%20Dizzy%204-6%20%281989%29%28Codemasters%29%28The%20Oliver%20Twins%29.ym	861
https://www.cpc-power.com/YM/Fast%20Food%20Dizzy%205-6%20%281989%29%28Codemasters%29%28The%20Oliver%20Twins%29.ym	861
https://www.cpc-power.com/YM/Fast%20Food%20Dizzy%206-6%20%281989%29%28Codemasters%29%28The%20Oliver%20Twins%29.ym	861
https://www.cpc-power.com/YM/Official%20Father%20Christmas%20%281989%29%28Alternative%20Software%29.ym	862
https://www.cpc-power.com/YM/Fer%20%26%20Flamme%20%281986%29%28Ubi%20Soft%29%28Basic%29.ym	864
https://www.cpc-power.com/YM/Fernandez%20Must%20Die%20%281988%29%28Image%20Works%29%28Jason%20C%20Brooke%29.ym	865
https://www.cpc-power.com/YM/Basket%20Master%20%281987%29%28Dinamic%29%28Manuel%20CUBEDO%29.ym	866
https://www.cpc-power.com/YM/Feud%201-2%20%281987%29%28Bulldog%20Software%29%28David%20Whittaker%29.ym	867
https://www.cpc-power.com/YM/Feud%202-2%20%281987%29%28Bulldog%20Software%29%28David%20Whittaker%29.ym	867
https://www.cpc-power.com/YM/Fiendish%20Freddy%27s%20%281989%29%28Mindscape%29.ym	868
https://www.cpc-power.com/YM/The%20Fifth%20Quadrant%20%281987%29%28Bubble%20Bus%20Software%29%28Paul%20Midcalf%29.ym	869
https://www.cpc-power.com/YM/Fighter%20Bomber%20%281990%29%28Activision%29.ym	870
https://www.cpc-power.com/YM/Fighting%20Soccer%201-9%20%281989%29%28Activision%29.ym	873
https://www.cpc-power.com/YM/Fighting%20Soccer%202-9%20%281989%29%28Activision%29.ym	873
https://www.cpc-power.com/YM/Fighting%20Soccer%203-9%20%281989%29%28Activision%29.ym	873
https://www.cpc-power.com/YM/Fighting%20Soccer%204-9%20%281989%29%28Activision%29.ym	873
https://www.cpc-power.com/YM/Fighting%20Soccer%205-9%20%281989%29%28Activision%29.ym	873
https://www.cpc-power.com/YM/Fighting%20Soccer%206-9%20%281989%29%28Activision%29.ym	873
https://www.cpc-power.com/YM/Fighting%20Soccer%207-9%20%281989%29%28Activision%29.ym	873
https://www.cpc-power.com/YM/Fighting%20Soccer%208-9%20%281989%29%28Activision%29.ym	873
https://www.cpc-power.com/YM/Fighting%20Soccer%209-9%20%281989%29%28Activision%29.ym	873
https://www.cpc-power.com/YM/Final%20Fight%201-2%20%281991%29%28US%20Gold%29.ym	875
https://www.cpc-power.com/YM/Final%20Fight%202-2%20%281991%29%28US%20Gold%29.ym	875
https://www.cpc-power.com/YM/Finders%20Keepers%20%281985%29%28Mastertronic%29.ym	877
https://www.cpc-power.com/YM/Fire%20%281990%29%28New%20Deal%20Productions%29%28Luc%20Guillaume%29.ym	878
https://www.cpc-power.com/YM/Fire%20%26%20Forget%20II%20-%20Intro%20%281990%29%28Titus%29%28Christophe%20Fevre%29.ym	880
https://www.cpc-power.com/YM/Fire%20%26%20Forget%20II%20-%20InGame%20%281990%29%28Titus%29%28Christophe%20Fevre%29.ym	880
https://www.cpc-power.com/YM/Fire%20%26%20Forget%20II%20-%20Game%20Over%20%281990%29%28Titus%29%28Christophe%20Fevre%29.ym	880
https://www.cpc-power.com/YM/Fireman%20Sam%20%281991%29%28Prism%20Art%20-%20Design%29.ym	881
https://www.cpc-power.com/YM/FireTrap%20%281987%29%28Activision%29.ym	884
https://www.cpc-power.com/YM/Shoot%20%281990%29%28Black%20System%29%28Luc%20Guillaume%29.ym	887
https://www.cpc-power.com/YM/Five%20A%20Side%20Footy%20-%20European%20Five%20A%20Side%20%281988%29%28Firebird%29.ym	888
https://www.cpc-power.com/YM/5%20a%20Side%20Soccer%20%281986%29%28Mastertronic%29%28Rob%20Hubbard%29.ym	889
https://www.cpc-power.com/YM/Flash%20Gordon%201-2%20%281988%29%28Mastertronic%29%28Rob%20Hubbard%20%26%20Tiny%20Williams%29.ym	891
https://www.cpc-power.com/YM/Flash%20Gordon%202-2%20%281988%29%28Mastertronic%29%28Rob%20Hubbard%20%26%20Tiny%20Williams%29.ym	891
https://www.cpc-power.com/YM/Flight%20Path%20737%20%281984%29%28Anirog%20Software%29%28S.%20J.%20Dann%29%28Basic%29.ym	892
https://www.cpc-power.com/YM/Flimbo%27s%20Quest%201-4%20%281990%29%28System%203%20Ltd%29.ym	893
https://www.cpc-power.com/YM/Flimbo%27s%20Quest%202-4%20%281990%29%28System%203%20Ltd%29.ym	893
https://www.cpc-power.com/YM/Flimbo%27s%20Quest%203-4%20%281990%29%28System%203%20Ltd%29.ym	893
https://www.cpc-power.com/YM/Flimbo%27s%20Quest%204-4%20%281990%29%28System%203%20Ltd%29.ym	893
https://www.cpc-power.com/YM/Yabba%20Dabba%20Doo%21%20-%20Flintstones%201-5%20%281986%29%28Quicksilva%29.ym	894
https://www.cpc-power.com/YM/Yabba%20Dabba%20Doo%21%20-%20Flintstones%202-5%20%281986%29%28Quicksilva%29.ym	894
https://www.cpc-power.com/YM/Yabba%20Dabba%20Doo%21%20-%20Flintstones%203-5%20%281986%29%28Quicksilva%29.ym	894
https://www.cpc-power.com/YM/Yabba%20Dabba%20Doo%21%20-%20Flintstones%204-5%20%281986%29%28Quicksilva%29.ym	894
https://www.cpc-power.com/YM/Yabba%20Dabba%20Doo%21%20-%20Flintstones%205-5%20%281986%29%28Quicksilva%29.ym	894
https://www.cpc-power.com/YM/Fly%20Spy%20%281987%29%28Mastertronic%29.ym	895
https://www.cpc-power.com/YM/Flying%20Shark%201-3%20%281987%29%28Firebird%29%28Steve%20Turner%29.ym	896
https://www.cpc-power.com/YM/Flying%20Shark%202-3%20%281987%29%28Firebird%29%28Steve%20Turner%29.ym	896
https://www.cpc-power.com/YM/Flying%20Shark%203-3%20%281987%29%28Firebird%29%28Steve%20Turner%29.ym	896
https://www.cpc-power.com/YM/Sport%20%281989%29%28Black%20System%29%28Luc%20Guillaume%29.ym	897
https://www.cpc-power.com/YM/Footballer%20Of%20The%20Year%20%281986%29%28Gremlin%20Graphics%29.ym	903
https://www.cpc-power.com/YM/Footballer%20Of%20The%20Year%202%201-4%20%281989%29%28Gremlin%20Graphics%29%28Ben%20Daglish%29.ym	904
https://www.cpc-power.com/YM/Footballer%20Of%20The%20Year%202%202-4%20%281989%29%28Gremlin%20Graphics%29%28Ben%20Daglish%29.ym	904
https://www.cpc-power.com/YM/Footballer%20Of%20The%20Year%202%203-4%20%281989%29%28Gremlin%20Graphics%29%28Ben%20Daglish%29.ym	904
https://www.cpc-power.com/YM/Footballer%20Of%20The%20Year%202%204-4%20%281989%29%28Gremlin%20Graphics%29%28Ben%20Daglish%29.ym	904
https://www.cpc-power.com/YM/Formula%201%20Simulator%20%281985%29%28Mastertronic%29.ym	909
https://www.cpc-power.com/YM/Forteresse%20%281987%29%28Loriciels%29%28Richardo%20Navarro%29.ym	910
https://www.cpc-power.com/YM/Freddy%20Hardest%20%281987%29%28Dinamic%29%28Javier%20y%20Manuel%20Cubedo%29.ym	916
https://www.cpc-power.com/YM/Bio%20Spheres%20%281987%29%28Silverbird%29.ym	918
https://www.cpc-power.com/YM/Bio%20Spheres%20-%20Game%20Over%20%281987%29%28Silverbird%29.ym	918
https://www.cpc-power.com/YM/Bio%20Spheres%20-%20InGame%20%281987%29%28Silverbird%29.ym	918
https://www.cpc-power.com/YM/Frost%20Byte%20%281986%29%28Mikrogen%29.ym	925
https://www.cpc-power.com/YM/Fruit%20Machine%20Simulator%201-4%20%281988%29%28Codemasters%29%28Jon%20Paul%20Eldridge%29.ym	928
https://www.cpc-power.com/YM/Fruit%20Machine%20Simulator%202-4%20%281988%29%28Codemasters%29%28Jon%20Paul%20Eldridge%29.ym	928
https://www.cpc-power.com/YM/Fruit%20Machine%20Simulator%203-4%20%281988%29%28Codemasters%29%28Jon%20Paul%20Eldridge%29.ym	928
https://www.cpc-power.com/YM/Fruit%20Machine%20Simulator%204-4%20%281988%29%28Codemasters%29%28Jon%20Paul%20Eldridge%29.ym	928
https://www.cpc-power.com/YM/Fruit%20Machine%202%20Simulator%201-9%20%281990%29%28Codemasters%29%28David%20Whittaker%29.ym	929
https://www.cpc-power.com/YM/Fruit%20Machine%202%20Simulator%202-9%20%281990%29%28Codemasters%29%28David%20Whittaker%29.ym	929
https://www.cpc-power.com/YM/Fruit%20Machine%202%20Simulator%203-9%20%281990%29%28Codemasters%29%28David%20Whittaker%29.ym	929
https://www.cpc-power.com/YM/Fruit%20Machine%202%20Simulator%204-9%20%281990%29%28Codemasters%29%28David%20Whittaker%29.ym	929
https://www.cpc-power.com/YM/Fruit%20Machine%202%20Simulator%205-9%20%281990%29%28Codemasters%29%28David%20Whittaker%29.ym	929
https://www.cpc-power.com/YM/Fruit%20Machine%202%20Simulator%206-9%20%281990%29%28Codemasters%29%28David%20Whittaker%29.ym	929
https://www.cpc-power.com/YM/Fruit%20Machine%202%20Simulator%207-9%20%281990%29%28Codemasters%29%28David%20Whittaker%29.ym	929
https://www.cpc-power.com/YM/Fruit%20Machine%202%20Simulator%208-9%20%281990%29%28Codemasters%29%28David%20Whittaker%29.ym	929
https://www.cpc-power.com/YM/Fruit%20Machine%202%20Simulator%209-9%20%281990%29%28Codemasters%29%28David%20Whittaker%29.ym	929
https://www.cpc-power.com/YM/Fruity%20Frank%20%281984%29%28Kuma%20Computers%29.ym	930
https://www.cpc-power.com/YM/Fugitif%20%281991%29%28Lankhor%29%28Laurent%20Mollard%29.ym	931
https://www.cpc-power.com/YM/Future%20Knight%20%281986%29%28Gremlin%20Graphics%29.ym	936
https://www.cpc-power.com/YM/Future%20Shock%20%281987%29%28Tynesoft%29%28Ian%20Waugh%29.ym	937
https://www.cpc-power.com/YM/Gabrielle%20%281987%29%28UBI%20Soft%29%28Remy%20Lanne%29.ym	938
https://www.cpc-power.com/YM/Galaxy%20Force%201-7%20%281988%29%28Activision%29%28Paul%20HILEY%29.ym	944
https://www.cpc-power.com/YM/Galaxy%20Force%202-7%20%281988%29%28Activision%29%28Paul%20HILEY%29.ym	944
https://www.cpc-power.com/YM/Galaxy%20Force%203-7%20%281988%29%28Activision%29%28Paul%20HILEY%29.ym	944
https://www.cpc-power.com/YM/Galaxy%20Force%204-7%20%281988%29%28Activision%29%28Paul%20HILEY%29.ym	944
https://www.cpc-power.com/YM/Galaxy%20Force%205-7%20%281988%29%28Activision%29%28Paul%20HILEY%29.ym	944
https://www.cpc-power.com/YM/Galaxy%20Force%206-7%20%281988%29%28Activision%29%28Paul%20HILEY%29.ym	944
https://www.cpc-power.com/YM/Galaxy%20Force%207-7%20%281988%29%28Activision%29%28Paul%20HILEY%29.ym	944
https://www.cpc-power.com/YM/Galletron%20%281987%29%28Mastertronic%29.ym	946
https://www.cpc-power.com/YM/Galivan%20%281986%29%28Ocean%20Software%29.ym	947
https://www.cpc-power.com/YM/Beach%20Buggy%20Simulator%20%281987%29%28Silverbird%29.ym	952
https://www.cpc-power.com/YM/Garfield%20-%20Winter%27s%20Tail%20%281989%29%28The%20Edge%29.ym	955
https://www.cpc-power.com/YM/Gary%20Linekers%20Hotshot%20%281988%29%28Gremlin%20Graphics%29%28Ben%20Daglish%29.ym	956
https://www.cpc-power.com/YM/Gary%20Linekers%20Super%20Skills%201-3%20%281988%29%28Gremlin%20Graphics%29%28Ben%20Daglish%29.ym	957
https://www.cpc-power.com/YM/Gary%20Linekers%20Super%20Skills%202-3%20%281988%29%28Gremlin%20Graphics%29%28Ben%20Daglish%29.ym	957
https://www.cpc-power.com/YM/Gary%20Linekers%20Super%20Skills%203-3%20%281988%29%28Gremlin%20Graphics%29%28Ben%20Daglish%29.ym	957
https://www.cpc-power.com/YM/Gauntlet%20%281985%29%28US%20Gold%29%28Ben%20Daglish%29.ym	960
https://www.cpc-power.com/YM/Gauntlet%202%20%281986%29%28US%20Gold%29.ym	961
https://www.cpc-power.com/YM/Gauntlet%203%201-6%20%281990%29%28Tengen%29%28Geof%20%26%20Tim%20Follin%29.ym	962
https://www.cpc-power.com/YM/Gauntlet%203%202-6%20%281990%29%28Tengen%29%28Geof%20%26%20Tim%20Follin%29.ym	962
https://www.cpc-power.com/YM/Gauntlet%203%203-6%20%281990%29%28Tengen%29%28Geof%20%26%20Tim%20Follin%29.ym	962
https://www.cpc-power.com/YM/Gauntlet%203%204-6%20%281990%29%28Tengen%29%28Geof%20%26%20Tim%20Follin%29.ym	962
https://www.cpc-power.com/YM/Gauntlet%203%205-6%20%281990%29%28Tengen%29%28Geof%20%26%20Tim%20Follin%29.ym	962
https://www.cpc-power.com/YM/Gauntlet%203%206-6%20%281990%29%28Tengen%29%28Geof%20%26%20Tim%20Follin%29.ym	962
https://www.cpc-power.com/YM/Gazza%202%201-4%20%281990%29%28Empire%29%28David%20Whittaker%29.ym	965
https://www.cpc-power.com/YM/Gazza%202%202-4%20%281990%29%28Empire%29%28David%20Whittaker%29.ym	965
https://www.cpc-power.com/YM/Gazza%202%203-4%20%281990%29%28Empire%29%28David%20Whittaker%29.ym	965
https://www.cpc-power.com/YM/Gazza%202%204-4%20%281990%29%28Empire%29%28David%20Whittaker%29.ym	965
https://www.cpc-power.com/YM/Gee%20Bee%20Air%20Rally%20%281987%29%28Activision%29.ym	966
https://www.cpc-power.com/YM/Gemini%20Wing%201-2%20%281989%29%28The%20Sales%20Curve%29%28Barry%20Leitch%29.ym	967
https://www.cpc-power.com/YM/Gemini%20Wing%202-2%20%281989%29%28The%20Sales%20Curve%29%28Barry%20Leitch%29.ym	967
https://www.cpc-power.com/YM/Ghost%20Hunters%20%281986%29%28Codemasters%20Software%29.ym	971
https://www.cpc-power.com/YM/Ghostbusters%20%281985%29%28Activision%29.ym	972
https://www.cpc-power.com/YM/Ghostbusters%20-%20K7%20Version%20%281985%29%28Activision%29.ym	972
https://www.cpc-power.com/YM/Ghostbuster%202%201-5%20%281989%29%28Activision%29%28David%20Whittaker%29.ym	973
https://www.cpc-power.com/YM/Ghostbuster%202%202-5%20%281989%29%28Activision%29%28David%20Whittaker%29.ym	973
https://www.cpc-power.com/YM/Ghostbuster%202%203-5%20%281989%29%28Activision%29%28David%20Whittaker%29.ym	973
https://www.cpc-power.com/YM/Ghostbuster%202%204-5%20%281989%29%28Activision%29%28David%20Whittaker%29.ym	973
https://www.cpc-power.com/YM/Ghostbuster%202%205-5%20%281989%29%28Activision%29%28David%20Whittaker%29.ym	973
https://www.cpc-power.com/YM/Ghost%27n%27Goblins%20%281986%29%28Elite%20System%20Ltd%29%28David%20Whittaker%29.ym	974
https://www.cpc-power.com/YM/Ghouls%27n%27Ghosts%201-5%20%281989%29%28US%20Gold%29%28Tim%20Follin%29.ym	976
https://www.cpc-power.com/YM/Ghouls%27n%27Ghosts%202-5%20%281989%29%28US%20Gold%29%28Tim%20Follin%29.ym	976
https://www.cpc-power.com/YM/Ghouls%27n%27Ghosts%203-5%20%281989%29%28US%20Gold%29%28Tim%20Follin%29.ym	976
https://www.cpc-power.com/YM/Ghouls%27n%27Ghosts%204-5%20%281989%29%28US%20Gold%29%28Tim%20Follin%29.ym	976
https://www.cpc-power.com/YM/Ghouls%27n%27Ghosts%205-5%20%281989%29%28US%20Gold%29%28Tim%20Follin%29.ym	976
https://www.cpc-power.com/YM/GI%20Hero%20%281988%29%28Firebird%29%28Dave%20Rogers%29%28JDR%20Sound%20Driver%29.ym	977
https://www.cpc-power.com/YM/Gilbert%20Escape%20from%20Drill%201-3%20%281989%29%28Again%20Again%29%28David%20Whittaker%29.ym	978
https://www.cpc-power.com/YM/Gilbert%20Escape%20from%20Drill%202-3%20%281989%29%28Again%20Again%29%28David%20Whittaker%29.ym	978
https://www.cpc-power.com/YM/Gilbert%20Escape%20from%20Drill%203-3%20%281989%29%28Again%20Again%29%28David%20Whittaker%29.ym	978
https://www.cpc-power.com/YM/Gladiator%20%281986%29%28Domark%29.ym	980
https://www.cpc-power.com/YM/Glider%20Rider%201-3%20%281986%29%28Quicksilva%29%28David%20Whittaker%29.ym	983
https://www.cpc-power.com/YM/Glider%20Rider%202-3%20%281986%29%28Quicksilva%29%28David%20Whittaker%29.ym	983
https://www.cpc-power.com/YM/Glider%20Rider%203-3%20%281986%29%28Quicksilva%29%28David%20Whittaker%29.ym	983
https://www.cpc-power.com/YM/G-Loc%20R360%20%281991%29%28US%20Gold%29.ym	984
https://www.cpc-power.com/YM/Golden%20Axe%201-2%20%281990%29%28Mastertronic%29%28Tiny%20Williams%29.ym	987
https://www.cpc-power.com/YM/Golden%20Axe%202-2%20%281990%29%28Mastertronic%29%28Tiny%20Williams%29.ym	987
https://www.cpc-power.com/YM/Golden%20Basket%20%281990%29%28Opera%20Soft%29.ym	988
https://www.cpc-power.com/YM/Gonzzalezz%20-%20Phase%201%20%281989%29%28Opera%20Soft%29.ym	991
https://www.cpc-power.com/YM/Gonzzalezz%20-%20Phase%202%20%281989%29%28Opera%20Soft%29.ym	991
https://www.cpc-power.com/YM/The%20Goonies%20%281986%29%28US%20Gold%29.ym	993
https://www.cpc-power.com/YM/Grand%20Prix%20Simulator%201-2%20%281987%29%28Codemasters%29%28John-Paul%20Eldrige%29.ym	1001
https://www.cpc-power.com/YM/Grand%20Prix%20Simulator%202-2%20%281987%29%28Codemasters%29%28John-Paul%20Eldrige%29.ym	1001
https://www.cpc-power.com/YM/Grand%20Prix%20Simulator%202%201-5%20%281989%29%28CodeMasters%29%28David%20Whittaker%29.ym	1002
https://www.cpc-power.com/YM/Grand%20Prix%20Simulator%202%202-5%20%281989%29%28CodeMasters%29%28David%20Whittaker%29.ym	1002
https://www.cpc-power.com/YM/Grand%20Prix%20Simulator%202%203-5%20%281989%29%28CodeMasters%29%28David%20Whittaker%29.ym	1002
https://www.cpc-power.com/YM/Grand%20Prix%20Simulator%202%204-5%20%281989%29%28CodeMasters%29%28David%20Whittaker%29.ym	1002
https://www.cpc-power.com/YM/Grand%20Prix%20Simulator%202%205-5%20%281989%29%28CodeMasters%29%28David%20Whittaker%29.ym	1002
https://www.cpc-power.com/YM/Great%20Courts%20%281989%29%28Ubi%20Soft%29%28Nick%20Jones%29.ym	1004
https://www.cpc-power.com/YM/Basun%20%281986%29%28Multicrom%29.ym	1005
https://www.cpc-power.com/YM/Great%20Gurianos%201-2%20%281987%29%28Hit%20Pack%29%28David%20Perry%29.ym	1008
https://www.cpc-power.com/YM/Great%20Gurianos%202-2%20%281987%29%28Hit%20Pack%29%28David%20Perry%29.ym	1008
https://www.cpc-power.com/YM/Green%20Beret%20-%20Intro%20%281986%29%28Ocean%20Software%29.ym	1009
https://www.cpc-power.com/YM/Green%20Beret%20-%20InGame%20%281986%29%28Ocean%20Software%29.ym	1009
https://www.cpc-power.com/YM/Grell%20and%20Falla%201-2%20%281992%29%28Codemasters%29%28Allister%20Brimble%29.ym	1011
https://www.cpc-power.com/YM/Grell%20and%20Falla%202-2%20%281992%29%28Codemasters%29%28Allister%20Brimble%29.ym	1011
https://www.cpc-power.com/YM/Gremlins%20-%20The%20Adventure%20-%20Amiga%20Music%20%281985%29%28Adventure%20International%29%28Esau%20of%20Tracktor%29%28StArkos%29.ym	1012
https://www.cpc-power.com/YM/Greyfell%20%281987%29%28Starlight%20Software%29.ym	1014
https://www.cpc-power.com/YM/Guardians%20%281991%29%28Loriciels%29%28Michel%20Winogradoff%29.ym	1022
https://www.cpc-power.com/YM/Axys%20The%20Last%20Batlle%20%281991%29%28CPC%20Infos%29.ym	1028
https://www.cpc-power.com/YM/Gunfright%20%281985%29%28ACG%29%28Tim%20%26%20Chris%20Stamper%29.ym	1031
https://www.cpc-power.com/YM/Gutter%20%281985%29%28Ere%20Informatique%29%28Jean-Philippe%20Biscay%29.ym	1034
https://www.cpc-power.com/YM/Guzzler%20-%20InGame%201%20%281986%29%28Players%29%28Kevin%20Parker%29.ym	1035
https://www.cpc-power.com/YM/Guzzler%20-%20InGame%202%20%281986%29%28Players%29%28Kevin%20Parker%29.ym	1035
https://www.cpc-power.com/YM/Guzzler%20-%20InGame%203%20%281986%29%28Players%29%28Kevin%20Parker%29.ym	1035
https://www.cpc-power.com/YM/Guzzler%20-%20InGame%204%20%281986%29%28Players%29%28Kevin%20Parker%29.ym	1035
https://www.cpc-power.com/YM/Guzzler%20-%20Lost%20One%20Life%20%281986%29%28Players%29%28Kevin%20Parker%29.ym	1035
https://www.cpc-power.com/YM/Guzzler%20-%20Game%20Over%20%281986%29%28Players%29%28Kevin%20Parker%29.ym	1035
https://www.cpc-power.com/YM/Gyroscope%201-5%20%281986%29%28Melbourne%20House%29.ym	1036
https://www.cpc-power.com/YM/Gyroscope%202-5%20%281986%29%28Melbourne%20House%29.ym	1036
https://www.cpc-power.com/YM/Gyroscope%203-5%20%281986%29%28Melbourne%20House%29.ym	1036
https://www.cpc-power.com/YM/Gyroscope%204-5%20%281986%29%28Melbourne%20House%29.ym	1036
https://www.cpc-power.com/YM/Gyroscope%205-5%20%281986%29%28Melbourne%20House%29.ym	1036
https://www.cpc-power.com/YM/Hammer%20Boy%201-2%20%281991%29%28Dinamic%29.ym	1043
https://www.cpc-power.com/YM/Hammer%20Boy%202-2%20%281991%29%28Dinamic%29.ym	1043
https://www.cpc-power.com/YM/Hammer%20Boy%202%201-2%20%281991%29%28Dinamic%29.ym	1043
https://www.cpc-power.com/YM/Hammer%20Boy%202%202-2%20%281991%29%28Dinamic%29.ym	1043
https://www.cpc-power.com/YM/Han%20D%27Islande%20%281988%29%28Loriciels%29%28Basic%29.ym	1046
https://www.cpc-power.com/YM/Le%20Septieme%20Continent%20%281987%29%28Public%20Domain%29%28Ludovic%20Deplanque%29%28Basic%29.ym	1047
https://www.cpc-power.com/YM/Hard%20Drivin%27%201-2%20%281989%29%28Domark%29%28Ben%20Daglish%29.ym	1054
https://www.cpc-power.com/YM/Hard%20Drivin%27%202-2%20%281989%29%28Domark%29%28Ben%20Daglish%29.ym	1054
https://www.cpc-power.com/YM/Harricana%20%281990%29%28Loriciels%29%28Michel%20Winogradoff%29.ym	1056
https://www.cpc-power.com/YM/Harry%20%26%20Harry%20-%20La%20Boite%20De%20Rajmahal%20%281986%29%28Ere%29.ym	1058
https://www.cpc-power.com/YM/Harry%20%26%20Harry%20-%20Mission%20Torpedo%20%281986%29%28Ere%29.ym	1059
https://www.cpc-power.com/YM/Harvey%20Headbanger%20Tape%20Musical%20Loader%20%281986%29%28Firebird%29%28Melvyn%20Wright%29%28Tape%20Loader%29.ym	1060
https://www.cpc-power.com/YM/Hate%20%281989%29%28Vortex%20Software%29%28Ben%20Daglish%29.ym	1061
https://www.cpc-power.com/YM/Hawk%20Storm%201-5%20%281990%29%28Players%29%28Sonic%20Graffiti%29.ym	1065
https://www.cpc-power.com/YM/Hawk%20Storm%202-5%20%281990%29%28Players%29%28Sonic%20Graffiti%29.ym	1065
https://www.cpc-power.com/YM/Hawk%20Storm%203-5%20%281990%29%28Players%29%28Sonic%20Graffiti%29.ym	1065
https://www.cpc-power.com/YM/Hawk%20Storm%204-5%20%281990%29%28Players%29%28Sonic%20Graffiti%29.ym	1065
https://www.cpc-power.com/YM/Hawk%20Storm%205-5%20%281990%29%28Players%29%28Sonic%20Graffiti%29.ym	1065
https://www.cpc-power.com/YM/Head%20Over%20Heels%20%281987%29%28Ocean%20Software%29.ym	1066
https://www.cpc-power.com/YM/Heavy%20Metal%20%281990%29%28US%20Gold%29%28Jason%20C%20Brooke%29%28JCB%20Sound%20Module%29.ym	1067
https://www.cpc-power.com/YM/Heavy%20on%20the%20Magic%20%281986%29%28Gargoyle%20Games%29.ym	1068
https://www.cpc-power.com/YM/Helichopper%20%281986%29%28Firebird%29%28Melvyn%20Wright%29%28Tape%20Loader%29.ym	1069
https://www.cpc-power.com/YM/Helter%20Skelter%20%281990%29%28Audiogenic%20Software%20Ltd%29%28David%20Whittaker%29.ym	1071
https://www.cpc-power.com/YM/Herbert%27s%20Dummy%20Run%20%281986%29%28Mikro-Gen%29.ym	1072
https://www.cpc-power.com/YM/Hercules%20-%20Slayer%20Of%20The%20Damned%20%281988%29%28Gremlin%20Graphics%20Software%29.ym	1073
https://www.cpc-power.com/YM/Hero%20Of%20The%20Golden%20Talisman%20%281987%29%28Mastertronic%29.ym	1077
https://www.cpc-power.com/YM/Hero%20Quest%201-3%20%281991%29%28Gremlin%20Graphics%29%28Barry%20Leitch%29.ym	1078
https://www.cpc-power.com/YM/Hero%20Quest%202-3%20%281991%29%28Gremlin%20Graphics%29%28Barry%20Leitch%29.ym	1078
https://www.cpc-power.com/YM/Hero%20Quest%203-3%20%281991%29%28Gremlin%20Graphics%29%28Barry%20Leitch%29.ym	1078
https://www.cpc-power.com/YM/Heroes%20of%20the%20Lance%20%281998%29%28US%20Gold%29%28Ben%20Daglish%29.ym	1081
https://www.cpc-power.com/YM/Highlander%20%281986%29%28Ocean%20Software%29%28Crwth%20and%20Steve%20Calvert%29.ym	1084
https://www.cpc-power.com/YM/Hold-Up%20%281984%29%28Ere%20Informatique%29.ym	1098
https://www.cpc-power.com/YM/Hollywood%20Or%20Bust%20%281986%29%28Mastertronic%29.ym	1100
https://www.cpc-power.com/YM/Holocauste%20%281988%29%28MBC%20Informatique%29.ym	1102
https://www.cpc-power.com/YM/Home%20Runner%20%281984%29%28Britannia%20Software%29.ym	1103
https://www.cpc-power.com/YM/Hopper%20Copper%20%281989%29%28Firebird%29%28Jason%20C%20Brooke%29%28JCB%20Sound%20Module%29.ym	1105
https://www.cpc-power.com/YM/Hoppin%27%20Mad%201-2%20%281988%29%28Elite%20System%20Ltd%29.ym	1106
https://www.cpc-power.com/YM/Hoppin%27%20Mad%202-2%20%281988%29%28Elite%20System%20Ltd%29.ym	1106
https://www.cpc-power.com/YM/Hostage%20InGame%201-3%20%281990%29%28Infogrames%29%28Mc%20Alby%29.ym	1109
https://www.cpc-power.com/YM/Hostage%20InGame%202-3%20%281990%29%28Infogrames%29%28Mc%20Alby%29.ym	1109
https://www.cpc-power.com/YM/Hostage%20InGame%203-3%20%281990%29%28Infogrames%29%28Mc%20Alby%29.ym	1109
https://www.cpc-power.com/YM/Hot%20Rod%201-7%20%281989%29%28Activision%29%28Paul%20HILEY%29.ym	1110
https://www.cpc-power.com/YM/Hot%20Rod%202-7%20%281989%29%28Activision%29%28Paul%20HILEY%29.ym	1110
https://www.cpc-power.com/YM/Hot%20Rod%203-7%20%281989%29%28Activision%29%28Paul%20HILEY%29.ym	1110
https://www.cpc-power.com/YM/Hot%20Rod%204-7%20%281989%29%28Activision%29%28Paul%20HILEY%29.ym	1110
https://www.cpc-power.com/YM/Hot%20Rod%205-7%20%281989%29%28Activision%29%28Paul%20HILEY%29.ym	1110
https://www.cpc-power.com/YM/Hot%20Rod%206-7%20%281989%29%28Activision%29%28Paul%20HILEY%29.ym	1110
https://www.cpc-power.com/YM/Hot%20Rod%207-7%20%281989%29%28Activision%29%28Paul%20HILEY%29.ym	1110
https://www.cpc-power.com/YM/House%20Of%20Usher%20%281984%29%28Anirog%20Software%29.ym	1112
https://www.cpc-power.com/YM/Human%20Killing%20Machine%201-3%20%281989%29%28US%20Gold%29.ym	1115
https://www.cpc-power.com/YM/Human%20Killing%20Machine%202-3%20%281989%29%28US%20Gold%29.ym	1115
https://www.cpc-power.com/YM/Human%20Killing%20Machine%203-3%20%281989%29%28US%20Gold%29.ym	1115
https://www.cpc-power.com/YM/Humphrey%20%281988%29%28Zigurat%29.ym	1116
https://www.cpc-power.com/YM/Hundra%20%281987%29%28Dinamic%29%28Javier%20Cubedo%29.ym	1120
https://www.cpc-power.com/YM/The%20Hunt%20For%20Red%20October%20%281990%29%28Grandslam%29%28A.%20V.%20M.%29.ym	1121
https://www.cpc-power.com/YM/Hurlements%20%281988%29%28Ubi%20Soft%29%28Xavier%20Talgorn%29.ym	1123
https://www.cpc-power.com/YM/Huxley%20Pig%20%281990%29%28Alternative%20Software%29%28Paul%20Bellamy%29.ym	1125
https://www.cpc-power.com/YM/Hydra%20%281990%29%28Domark%29%28Chris%20SCUDDS%29.ym	1127
https://www.cpc-power.com/YM/Hydrofool%201-10%20%281987%29%28FTL%29%28Rob%20Hubbard%29.ym	1128
https://www.cpc-power.com/YM/Hydrofool%202-10%20%281987%29%28FTL%29%28Rob%20Hubbard%29.ym	1128
https://www.cpc-power.com/YM/Hydrofool%203-10%20%281987%29%28FTL%29%28Rob%20Hubbard%29.ym	1128
https://www.cpc-power.com/YM/Hydrofool%204-10%20%281987%29%28FTL%29%28Rob%20Hubbard%29.ym	1128
https://www.cpc-power.com/YM/Hydrofool%205-10%20%281987%29%28FTL%29%28Rob%20Hubbard%29.ym	1128
https://www.cpc-power.com/YM/Hydrofool%206-10%20%281987%29%28FTL%29%28Rob%20Hubbard%29.ym	1128
https://www.cpc-power.com/YM/Hydrofool%207-10%20%281987%29%28FTL%29%28Rob%20Hubbard%29.ym	1128
https://www.cpc-power.com/YM/Hydrofool%208-10%20%281987%29%28FTL%29%28Rob%20Hubbard%29.ym	1128
https://www.cpc-power.com/YM/Hydrofool%209-10%20%281987%29%28FTL%29%28Rob%20Hubbard%29.ym	1128
https://www.cpc-power.com/YM/Hydrofool%2010-10%20%281987%29%28FTL%29%28Rob%20Hubbard%29.ym	1128
https://www.cpc-power.com/YM/Hyperbowl%20%281986%29%28Mastertronic%29%28David%20Whittaker%29.ym	1130
https://www.cpc-power.com/YM/I%2C%20Ball%20%281987%29%28Firebird%29.ym	1132
https://www.cpc-power.com/YM/I%2C%20Ball%20II%20-%20Quest%20For%20The%20Past%20%281987%29%28Firebird%29.ym	1133
https://www.cpc-power.com/YM/Ice%20Breaker%20%281990%29%28Topo%20Soft%29.ym	1135
https://www.cpc-power.com/YM/Icon%20Jon%20%281986%29%28Mirrorsoft%29.ym	1137
https://www.cpc-power.com/YM/Ikari%20Warrior%20%281986%29%28Elite%20System%20Ltd%29%28David%20Sher%29.ym	1138
https://www.cpc-power.com/YM/L%27ile%20-%20Intro%20%281991%29%28Ubi%20Soft%29%28Alain%20Massoumipour%29%28Basic%29.ym	1140
https://www.cpc-power.com/YM/L%27ile%20-%20Turn%20Disk%20%281991%29%28Ubi%20Soft%29%28Alain%20Massoumipour%29%28Basic%29.ym	1140
https://www.cpc-power.com/YM/L%27ile%20%281991%29%28Ubi%20Soft%29%28Alain%20Massoumipour%29%28Basic%29.ym	1140
https://www.cpc-power.com/YM/L%27ile%20-%20Fin%20%281988%29%28Ubi%20Soft%29%28Alain%20Massoumipour%29%28Basic%29.ym	1140
https://www.cpc-power.com/YM/Impossamole%20%281990%29%28Gremlin%20Graphics%29%28Ben%20Daglish%29.ym	1144
https://www.cpc-power.com/YM/Indiana%20Jones%20and%20the%20Fate%20of%20Atlantis%20%281993%29%28Lucasfilm%20Games%29%28Martin%20Walker%29.ym	1151
https://www.cpc-power.com/YM/Indiana%20Jones%20and%20the%20Last%20Crusade%201-3%20%281989%29%28Lucasfilm%20Games%29%28Mark%20Tait%29.ym	1152
https://www.cpc-power.com/YM/Indiana%20Jones%20and%20the%20Last%20Crusade%202-3%20%281989%29%28Lucasfilm%20Games%29%28Mark%20Tait%29.ym	1152
https://www.cpc-power.com/YM/Indiana%20Jones%20and%20the%20Last%20Crusade%203-3%20%281989%29%28Lucasfilm%20Games%29%28Mark%20Tait%29.ym	1152
https://www.cpc-power.com/YM/Indiana%20Jones%20And%20The%20Temple%20Of%20Doom%20%281987%29%28U.S.Gold%29.ym	1153
https://www.cpc-power.com/YM/Indoor%20Soccer%201-4%20%281989%29%28Codemasters%29%28David%20Whittaker%29.ym	1155
https://www.cpc-power.com/YM/Indoor%20Soccer%202-4%20%281989%29%28Codemasters%29%28David%20Whittaker%29.ym	1155
https://www.cpc-power.com/YM/Indoor%20Soccer%203-4%20%281989%29%28Codemasters%29%28David%20Whittaker%29.ym	1155
https://www.cpc-power.com/YM/Indoor%20Soccer%204-4%20%281989%29%28Codemasters%29%28David%20Whittaker%29.ym	1155
https://www.cpc-power.com/YM/Inertie%20%281987%29%28UBI%20Soft%29%28Xavier%20TALGORN%29%28Basic%29.ym	1156
https://www.cpc-power.com/YM/Infection%201-2%20%281989%29%28Mastertronic%29%28David%20Whittaker%29.ym	1157
https://www.cpc-power.com/YM/Infection%202-2%20%281989%29%28Mastertronic%29%28David%20Whittaker%29.ym	1157
https://www.cpc-power.com/YM/Infernal%20House%20-%20Introduction%20%281991%29%28Lankhor%29%28Christophe%20Lajoux%29%28Basic%29.ym	1158
https://www.cpc-power.com/YM/Infernal%20House%20-%20Game%20Over%201%20%281991%29%28Lankhor%29%28Christophe%20Lajoux%29%28Basic%29.ym	1158
https://www.cpc-power.com/YM/Infernal%20House%20-%20Game%20Over%202%20%281991%29%28Lankhor%29%28Christophe%20Lajoux%29%28Basic%29.ym	1158
https://www.cpc-power.com/YM/Infernal%20House%20-%20Game%20Over%203%20%281991%29%28Lankhor%29%28Christophe%20Lajoux%29%28Basic%29.ym	1158
https://www.cpc-power.com/YM/Infernal%20House%20-%20End%20%281991%29%28Lankhor%29%28Christophe%20Lajoux%29%28Basic%29.ym	1158
https://www.cpc-power.com/YM/Infernal%20Runner%20%281985%29%28Loriciels%29%28Michel%20Winogradoff%29%28Basic%29.ym	1159
https://www.cpc-power.com/YM/Mage%20%281988%29%28Black%20System%29%28Luc%20Guillaume%29%28Basic%29.ym	1160
https://www.cpc-power.com/YM/Los%20Inhumanos%20%281990%29%28Delta%20Soft%29.ym	1162
https://www.cpc-power.com/YM/Interchange%201-2%20%281991%29%28Hi-Tec%20Software%29%28Dave%20Spicer%29%28Naff%20Z80%20Music%20Player%20v2.0%29.ym	1164
https://www.cpc-power.com/YM/Interchange%202-2%20%281991%29%28Hi-Tec%20Software%29%28Dave%20Spicer%29%28Naff%20Z80%20Music%20Player%20v2.0%29.ym	1164
https://www.cpc-power.com/YM/International%203D%20Tennis%201-3%20%281990%29%28Palace%20Software%29%28Richard%20Joseph%29.ym	1165
https://www.cpc-power.com/YM/International%203D%20Tennis%202-3%20%281990%29%28Palace%20Software%29%28Richard%20Joseph%29.ym	1165
https://www.cpc-power.com/YM/International%203D%20Tennis%203-3%20%281990%29%28Palace%20Software%29%28Richard%20Joseph%29.ym	1165
https://www.cpc-power.com/YM/International%20Karate%20%281986%29%28Endurance%20Games%29%28J%20Cosby%29.ym	1166
https://www.cpc-power.com/YM/International%20Rugby%20Simulator%201-4%20%281988%29%28Codemasters%29%28David%20Whittaker%29.ym	1170
https://www.cpc-power.com/YM/International%20Rugby%20Simulator%202-4%20%281988%29%28Codemasters%29%28David%20Whittaker%29.ym	1170
https://www.cpc-power.com/YM/International%20Rugby%20Simulator%203-4%20%281988%29%28Codemasters%29%28David%20Whittaker%29.ym	1170
https://www.cpc-power.com/YM/International%20Rugby%20Simulator%204-4%20%281988%29%28Codemasters%29%28David%20Whittaker%29.ym	1170
https://www.cpc-power.com/YM/International%20Speedway%201-2%20%281988%29%28Silverbird%29%28David%20Whittaker%29.ym	1171
https://www.cpc-power.com/YM/International%20Speedway%202-2%20%281988%29%28Silverbird%29%28David%20Whittaker%29.ym	1171
https://www.cpc-power.com/YM/Into%20Oblivion%20%281986%29%28Mastertronic%29.ym	1172
https://www.cpc-power.com/YM/Into%20The%20Eagle%27s%20Nest%20%281987%29%28Pandora%29.ym	1173
https://www.cpc-power.com/YM/Zub%201-8%20%281986%29%28Mad%20Games%29%28David%20Whittaker%29.ym	1174
https://www.cpc-power.com/YM/Zub%202-8%20%281986%29%28Mad%20Games%29%28David%20Whittaker%29.ym	1174
https://www.cpc-power.com/YM/Zub%203-8%20%281986%29%28Mad%20Games%29%28David%20Whittaker%29.ym	1174
https://www.cpc-power.com/YM/Zub%204-8%20%281986%29%28Mad%20Games%29%28David%20Whittaker%29.ym	1174
https://www.cpc-power.com/YM/Zub%205-8%20%281986%29%28Mad%20Games%29%28David%20Whittaker%29.ym	1174
https://www.cpc-power.com/YM/Zub%206-8%20%281986%29%28Mad%20Games%29%28David%20Whittaker%29.ym	1174
https://www.cpc-power.com/YM/Zub%207-8%20%281986%29%28Mad%20Games%29%28David%20Whittaker%29.ym	1174
https://www.cpc-power.com/YM/Zub%208-8%20%281986%29%28Mad%20Games%29%28David%20Whittaker%29.ym	1174
https://www.cpc-power.com/YM/Iron%20Lord%20Intro%20%281990%29%28Ubi%20Soft%29%28Clement%20Gregory%29.ym	1178
https://www.cpc-power.com/YM/Iron%20Lord%20Menu%20%281990%29%28Ubi%20Soft%29%28Clement%20Gregory%29.ym	1178
https://www.cpc-power.com/YM/Iron%20Lord%20Action%20%281990%29%28Ubi%20Soft%29%28Clement%20Gregory%29.ym	1178
https://www.cpc-power.com/YM/Isoleur%20%281985%29%28Sprites%29%28Basic%29.ym	1181
https://www.cpc-power.com/YM/Incredible%20Shrinking%20Sphere%201-3%20%281989%29%28Electric%20Dreams%20Software%29%28Jon%20Paul%20S%20Eldridge%29.ym	1182
https://www.cpc-power.com/YM/Incredible%20Shrinking%20Sphere%202-3%20%281989%29%28Electric%20Dreams%20Software%29%28Jon%20Paul%20S%20Eldridge%29.ym	1182
https://www.cpc-power.com/YM/Incredible%20Shrinking%20Sphere%203-3%20%281989%29%28Electric%20Dreams%20Software%29%28Jon%20Paul%20S%20Eldridge%29.ym	1182
https://www.cpc-power.com/YM/Italian%20Supercar%201-4%20%281990%29%28Codemasters%29%28Lyndon%20SHARP%29.ym	1183
https://www.cpc-power.com/YM/Italian%20Supercar%202-4%20%281990%29%28Codemasters%29%28Lyndon%20SHARP%29.ym	1183
https://www.cpc-power.com/YM/Italian%20Supercar%203-4%20%281990%29%28Codemasters%29%28Lyndon%20SHARP%29.ym	1183
https://www.cpc-power.com/YM/Italian%20Supercar%204-4%20%281990%29%28Codemasters%29%28Lyndon%20SHARP%29.ym	1183
https://www.cpc-power.com/YM/Italy%201990%201-4%20%281990%29%28US%20Gold%29%28Mike%20Davies%29.ym	1184
https://www.cpc-power.com/YM/Italy%201990%202-4%20%281990%29%28US%20Gold%29%28Mike%20Davies%29.ym	1184
https://www.cpc-power.com/YM/Italy%201990%203-4%20%281990%29%28US%20Gold%29%28Mike%20Davies%29.ym	1184
https://www.cpc-power.com/YM/Italy%201990%204-4%20%281990%29%28US%20Gold%29%28Mike%20Davies%29.ym	1184
https://www.cpc-power.com/YM/Italy%201990%20-%20Winners%20Edition%201-4%20%281990%29%28US%20Gold%29%28Mike%20Davies%29.ym	1185
https://www.cpc-power.com/YM/Italy%201990%20-%20Winners%20Edition%202-4%20%281990%29%28US%20Gold%29%28Mike%20Davies%29.ym	1185
https://www.cpc-power.com/YM/Italy%201990%20-%20Winners%20Edition%203-4%20%281990%29%28US%20Gold%29%28Mike%20Davies%29.ym	1185
https://www.cpc-power.com/YM/Italy%201990%20-%20Winners%20Edition%204-4%20%281990%29%28US%20Gold%29%28Mike%20Davies%29.ym	1185
https://www.cpc-power.com/YM/Iznogoud%20%281987%29%28Infogrames%29%28Charles%20Callet%29%28Music%20Pro%29.ym	1187
https://www.cpc-power.com/YM/Jack%20the%20Nipper%201-4%20%281986%29%28Gremlin%20Graphics%29%28Ben%20Daglish%29.ym	1190
https://www.cpc-power.com/YM/Jack%20the%20Nipper%202-4%20%281986%29%28Gremlin%20Graphics%29%28Ben%20Daglish%29.ym	1190
https://www.cpc-power.com/YM/Jack%20the%20Nipper%203-4%20%281986%29%28Gremlin%20Graphics%29%28Ben%20Daglish%29.ym	1190
https://www.cpc-power.com/YM/Jack%20the%20Nipper%204-4%20%281986%29%28Gremlin%20Graphics%29%28Ben%20Daglish%29.ym	1190
https://www.cpc-power.com/YM/Jack%20the%20Nipper%202%20-%20Coconut%20Capers%201-5%20%281987%29%28Gremlin%20Graphics%29%28Ben%20Daglish%29.ym	1191
https://www.cpc-power.com/YM/Jack%20the%20Nipper%202%20-%20Coconut%20Capers%202-5%20%281987%29%28Gremlin%20Graphics%29%28Ben%20Daglish%29.ym	1191
https://www.cpc-power.com/YM/Jack%20the%20Nipper%202%20-%20Coconut%20Capers%203-5%20%281987%29%28Gremlin%20Graphics%29%28Ben%20Daglish%29.ym	1191
https://www.cpc-power.com/YM/Jack%20the%20Nipper%202%20-%20Coconut%20Capers%204-5%20%281987%29%28Gremlin%20Graphics%29%28Ben%20Daglish%29.ym	1191
https://www.cpc-power.com/YM/Jack%20the%20Nipper%202%20-%20Coconut%20Capers%205-5%20%281987%29%28Gremlin%20Graphics%29%28Ben%20Daglish%29.ym	1191
https://www.cpc-power.com/YM/Jai-Alai%20%281990%29%28Opera%20Sport%29.ym	1193
https://www.cpc-power.com/YM/Jail%20Break%20%281986%29%28Konami%29%28David%20Whittaker%29.ym	1194
https://www.cpc-power.com/YM/James%20Debug%20-%20Le%20Mystere%20De%20L%27Ile%20Perdue%20%281986%29%28Coktel%20Vision%29%28Basic%29.ym	1196
https://www.cpc-power.com/YM/Jammin%20%281985%29%28Amsoft%29.ym	1198
https://www.cpc-power.com/YM/Jaws%20-%20Le%20Dernier%20Etalon%20%281988%29%28MBC%20Informatique%29.ym	1199
https://www.cpc-power.com/YM/Jet%20Bike%20Simulator%201-3%20%281988%29%28Codemasters%20Software%29%28Jon%20Paul%20ELDRIDGE%29.ym	1200
https://www.cpc-power.com/YM/Jet%20Bike%20Simulator%202-3%20%281988%29%28Codemasters%20Software%29%28Jon%20Paul%20ELDRIDGE%29.ym	1200
https://www.cpc-power.com/YM/Jet%20Bike%20Simulator%203-3%20%281988%29%28Codemasters%20Software%29%28Jon%20Paul%20ELDRIDGE%29.ym	1200
https://www.cpc-power.com/YM/Jet-Boot%20Jack%20-%201-3%20%281984%29%28Amsoft%29%28Colin%20J%20Hughes%29.ym	1201
https://www.cpc-power.com/YM/Jet-Boot%20Jack%20-%202-3%20%281984%29%28Amsoft%29%28Colin%20J%20Hughes%29.ym	1201
https://www.cpc-power.com/YM/Jet-Boot%20Jack%20-%203-3%20%281984%29%28Amsoft%29%28Colin%20J%20Hughes%29.ym	1201
https://www.cpc-power.com/YM/Zorro%20%281985%29%28U.S.Gold%29.ym	1202
https://www.cpc-power.com/YM/Jet%20Set%20Willy%20-%20The%20Final%20Frontier%20%281985%29%28Software%20Projects%29.ym	1204
https://www.cpc-power.com/YM/Jetsons%201-2%20%281991%29%28Hi-Tec%20Software%29.ym	1205
https://www.cpc-power.com/YM/Jetsons%202-2%20%281991%29%28Hi-Tec%20Software%29.ym	1205
https://www.cpc-power.com/YM/Zone%20Trooper%201-4%20%281988%29%28Gamebusters%29%28Nigel%20Pritchard%29.ym	1206
https://www.cpc-power.com/YM/Zone%20Trooper%202-4%20%281988%29%28Gamebusters%29%28Nigel%20Pritchard%29.ym	1206
https://www.cpc-power.com/YM/Zone%20Trooper%203-4%20%281988%29%28Gamebusters%29%28Nigel%20Pritchard%29.ym	1206
https://www.cpc-power.com/YM/Zone%20Trooper%204-4%20%281988%29%28Gamebusters%29%28Nigel%20Pritchard%29.ym	1206
https://www.cpc-power.com/YM/Joe%20Blade%201-2%20%281987%29%28Players%29%28Gary%20BIASILLO%29.ym	1214
https://www.cpc-power.com/YM/Joe%20Blade%202-2%20%281987%29%28Players%29%28Gary%20BIASILLO%29.ym	1214
https://www.cpc-power.com/YM/Joe%20Blade%203%20%281989%29%28Players%29.ym	1216
https://www.cpc-power.com/YM/Zona%200%20%281991%29%28Topo%20Soft%29%28Lords%20of%20the%20sound%29.ym	1220
https://www.cpc-power.com/YM/Jump%20Jet%20%281985%29%28Anirog%20Software%29.ym	1224
https://www.cpc-power.com/YM/Croc%27%20Madam%27%20%281985%29%28Bug%20Byte%29%28J%C3%A9r%C3%B4me%20Gelin%29%28Basic%29.ym	1225
https://www.cpc-power.com/YM/Jungle%20Warfare%201-3%20%281989%29%28Mastertronic%29.ym	1226
https://www.cpc-power.com/YM/Jungle%20Warfare%202-3%20%281989%29%28Mastertronic%29.ym	1226
https://www.cpc-power.com/YM/Jungle%20Warfare%203-3%20%281989%29%28Mastertronic%29.ym	1226
https://www.cpc-power.com/YM/Jungle%20Warrior%20%281990%29%28Zigurat%29%28Lete%29.ym	1227
https://www.cpc-power.com/YM/Kane%20%281986%29%28Mastertronic%29.ym	1229
https://www.cpc-power.com/YM/Karnov%20%281988%29%28Activision%29%28Rob%20Nicholson%29.ym	1232
https://www.cpc-power.com/YM/Kentucky%20Racing%20%281990%29%28Alternative%20Software%29.ym	1236
https://www.cpc-power.com/YM/Kettle%20%281986%29%28Alligata%20Software%29.ym	1237
https://www.cpc-power.com/YM/Zombi%20%281986%29%28UBI%20Soft%29%28Philippe%20Marchiset%29.ym	1239
https://www.cpc-power.com/YM/Killer%20Ring%20%281987%29%28Ariolasoft%29%28We%20Music%29.ym	1247
https://www.cpc-power.com/YM/Killing%20Fist%20V2%20%281992%29%28Silmarils%29%28Weee%29.ym	1248
https://www.cpc-power.com/YM/Klax%201-8%20%281990%29%28Domark%29%28Ben%20Daglish%29.ym	1254
https://www.cpc-power.com/YM/Klax%202-8%20%281990%29%28Domark%29%28Ben%20Daglish%29.ym	1254
https://www.cpc-power.com/YM/Klax%203-8%20%281990%29%28Domark%29%28Ben%20Daglish%29.ym	1254
https://www.cpc-power.com/YM/Klax%204-8%20%281990%29%28Domark%29%28Ben%20Daglish%29.ym	1254
https://www.cpc-power.com/YM/Klax%205-8%20%281990%29%28Domark%29%28Ben%20Daglish%29.ym	1254
https://www.cpc-power.com/YM/Klax%206-8%20%281990%29%28Domark%29%28Ben%20Daglish%29.ym	1254
https://www.cpc-power.com/YM/Klax%207-8%20%281990%29%28Domark%29%28Ben%20Daglish%29.ym	1254
https://www.cpc-power.com/YM/Klax%208-8%20%281990%29%28Domark%29%28Ben%20Daglish%29.ym	1254
https://www.cpc-power.com/YM/Knight%20Games%201-9%20%281986%29%28English%20Software%29%28David%20Whittaker%29.ym	1257
https://www.cpc-power.com/YM/Knight%20Games%202-9%20%281986%29%28English%20Software%29%28David%20Whittaker%29.ym	1257
https://www.cpc-power.com/YM/Knight%20Games%203-9%20%281986%29%28English%20Software%29%28David%20Whittaker%29.ym	1257
https://www.cpc-power.com/YM/Knight%20Games%204-9%20%281986%29%28English%20Software%29%28David%20Whittaker%29.ym	1257
https://www.cpc-power.com/YM/Knight%20Games%205-9%20%281986%29%28English%20Software%29%28David%20Whittaker%29.ym	1257
https://www.cpc-power.com/YM/Knight%20Games%206-9%20%281986%29%28English%20Software%29%28David%20Whittaker%29.ym	1257
https://www.cpc-power.com/YM/Knight%20Games%207-9%20%281986%29%28English%20Software%29%28David%20Whittaker%29.ym	1257
https://www.cpc-power.com/YM/Knight%20Games%208-9%20%281986%29%28English%20Software%29%28David%20Whittaker%29.ym	1257
https://www.cpc-power.com/YM/Knight%20Games%209-9%20%281986%29%28English%20Software%29%28David%20Whittaker%29.ym	1257
https://www.cpc-power.com/YM/Knight%20Rider%20%281986%29%28Ocean%20Software%29.ym	1259
https://www.cpc-power.com/YM/Knight%20Tyme%20%281986%29%28Mastertronic%29%28David%20Jones%29.ym	1260
https://www.cpc-power.com/YM/Kong%20Strikes%20Back%20%281985%29%28Ocean%20Software%29%28Martin%20Galway%29.ym	1265
https://www.cpc-power.com/YM/Koronis%20Rift%20%281987%29%28Activision%29.ym	1267
https://www.cpc-power.com/YM/Krakout%201-2%20%281987%29%28Gremlin%20Graphics%29%28Ben%20Daglish%29.ym	1268
https://www.cpc-power.com/YM/Krakout%202-2%20%281987%29%28Gremlin%20Graphics%29%28Ben%20Daglish%29.ym	1268
https://www.cpc-power.com/YM/The%20Krypton%20Factor%20%281987%29%28Domark%29%28Dave%20Kelly%29.ym	1269
https://www.cpc-power.com/YM/Kung-Fu%20%281986%29%28Bug-Byte%29.ym	1270
https://www.cpc-power.com/YM/Kwik%20Snax%20Dizzy%201-6%20%281990%29%28Codemasters%29%28Lyndon%20SHARP%29.ym	1273
https://www.cpc-power.com/YM/Kwik%20Snax%20Dizzy%202-6%20%281990%29%28Codemasters%29%28Lyndon%20SHARP%29.ym	1273
https://www.cpc-power.com/YM/Kwik%20Snax%20Dizzy%203-6%20%281990%29%28Codemasters%29%28Lyndon%20SHARP%29.ym	1273
https://www.cpc-power.com/YM/Kwik%20Snax%20Dizzy%204-6%20%281990%29%28Codemasters%29%28Lyndon%20SHARP%29.ym	1273
https://www.cpc-power.com/YM/Kwik%20Snax%20Dizzy%205-6%20%281990%29%28Codemasters%29%28Lyndon%20SHARP%29.ym	1273
https://www.cpc-power.com/YM/Kwik%20Snax%20Dizzy%206-6%20%281990%29%28Codemasters%29%28Lyndon%20SHARP%29.ym	1273
https://www.cpc-power.com/YM/Last%20Duel%201-3%20%281988%29%28Capcom%29.ym	1278
https://www.cpc-power.com/YM/Last%20Duel%202-3%20%281988%29%28Capcom%29.ym	1278
https://www.cpc-power.com/YM/Last%20Duel%203-3%20%281988%29%28Capcom%29.ym	1278
https://www.cpc-power.com/YM/Last%20V8%20%281986%29%28Mastertronic%29%28Rob%20Hubbard%29.ym	1282
https://www.cpc-power.com/YM/Ziggurat%20%281988%29%28Ariolasoft%29.ym	1283
https://www.cpc-power.com/YM/Lawn%20Tennis%201-3%20%281987%29%28Mastertronic%29%28Jason%20C%20Brooke%29.ym	1284
https://www.cpc-power.com/YM/Lawn%20Tennis%202-3%20%281987%29%28Mastertronic%29%28Jason%20C%20Brooke%29.ym	1284
https://www.cpc-power.com/YM/Lawn%20Tennis%203-3%20%281987%29%28Mastertronic%29%28Jason%20C%20Brooke%29.ym	1284
https://www.cpc-power.com/YM/Legend%20of%20Kage%20%281987%29%28Imagine%29.ym	1290
https://www.cpc-power.com/YM/Lemmings%201-14%20%281992%29%28Psygnosis%29%28Sound%20Images%29.ym	1293
https://www.cpc-power.com/YM/Lemmings%202-14%20%281992%29%28Psygnosis%29%28Sound%20Images%29.ym	1293
https://www.cpc-power.com/YM/Lemmings%203-14%20%281992%29%28Psygnosis%29%28Sound%20Images%29.ym	1293
https://www.cpc-power.com/YM/Lemmings%204-14%20%281992%29%28Psygnosis%29%28Sound%20Images%29.ym	1293
https://www.cpc-power.com/YM/Lemmings%205-14%20%281992%29%28Psygnosis%29%28Sound%20Images%29.ym	1293
https://www.cpc-power.com/YM/Lemmings%206-14%20%281992%29%28Psygnosis%29%28Sound%20Images%29.ym	1293
https://www.cpc-power.com/YM/Lemmings%207-14%20%281992%29%28Psygnosis%29%28Sound%20Images%29.ym	1293
https://www.cpc-power.com/YM/Lemmings%208-14%20%281992%29%28Psygnosis%29%28Sound%20Images%29.ym	1293
https://www.cpc-power.com/YM/Lemmings%209-14%20%281992%29%28Psygnosis%29%28Sound%20Images%29.ym	1293
https://www.cpc-power.com/YM/Lemmings%2010-14%20%281992%29%28Psygnosis%29%28Sound%20Images%29.ym	1293
https://www.cpc-power.com/YM/Lemmings%2011-14%20%281992%29%28Psygnosis%29%28Sound%20Images%29.ym	1293
https://www.cpc-power.com/YM/Lemmings%2012-14%20%281992%29%28Psygnosis%29%28Sound%20Images%29.ym	1293
https://www.cpc-power.com/YM/Lemmings%2013-14%20%281992%29%28Psygnosis%29%28Sound%20Images%29.ym	1293
https://www.cpc-power.com/YM/Lemmings%2014-14%20%281992%29%28Psygnosis%29%28Sound%20Images%29.ym	1293
https://www.cpc-power.com/YM/Leviathan%201-2%20%281987%29%28English%20Software%29%28David%20Whittaker%29.ym	1295
https://www.cpc-power.com/YM/Leviathan%202-2%20%281987%29%28English%20Software%29%28David%20Whittaker%29.ym	1295
https://www.cpc-power.com/YM/Licence%20to%20Kill%201-5%20%281989%29%28Domark%29.ym	1296
https://www.cpc-power.com/YM/Licence%20to%20Kill%202-5%20%281989%29%28Domark%29.ym	1296
https://www.cpc-power.com/YM/Licence%20to%20Kill%203-5%20%281989%29%28Domark%29.ym	1296
https://www.cpc-power.com/YM/Licence%20to%20Kill%204-5%20%281989%29%28Domark%29.ym	1296
https://www.cpc-power.com/YM/Licence%20to%20Kill%205-5%20%281989%29%28Domark%29.ym	1296
https://www.cpc-power.com/YM/Light%20Corridor%201-13%20%281990%29%28Infogrames%29%28Sound%20Images%29.ym	1299
https://www.cpc-power.com/YM/Light%20Corridor%202-13%20%281990%29%28Infogrames%29%28Sound%20Images%29.ym	1299
https://www.cpc-power.com/YM/Light%20Corridor%203-13%20%281990%29%28Infogrames%29%28Sound%20Images%29.ym	1299
https://www.cpc-power.com/YM/Light%20Corridor%204-13%20%281990%29%28Infogrames%29%28Sound%20Images%29.ym	1299
https://www.cpc-power.com/YM/Light%20Corridor%206-13%20%281990%29%28Infogrames%29%28Sound%20Images%29.ym	1299
https://www.cpc-power.com/YM/Light%20Corridor%207-13%20%281990%29%28Infogrames%29%28Sound%20Images%29.ym	1299
https://www.cpc-power.com/YM/Light%20Corridor%208-13%20%281990%29%28Infogrames%29%28Sound%20Images%29.ym	1299
https://www.cpc-power.com/YM/Light%20Corridor%209-13%20%281990%29%28Infogrames%29%28Sound%20Images%29.ym	1299
https://www.cpc-power.com/YM/Light%20Corridor%2010-13%20%281990%29%28Infogrames%29%28Sound%20Images%29.ym	1299
https://www.cpc-power.com/YM/Light%20Corridor%2011-13%20%281990%29%28Infogrames%29%28Sound%20Images%29.ym	1299
https://www.cpc-power.com/YM/Light%20Corridor%2012-13%20%281990%29%28Infogrames%29%28Sound%20Images%29.ym	1299
https://www.cpc-power.com/YM/Light%20Corridor%2013-13%20%281990%29%28Infogrames%29%28Sound%20Images%29.ym	1299
https://www.cpc-power.com/YM/Line%20of%20Fire%201-2%20%281990%29%28US%20Gold%29.ym	1302
https://www.cpc-power.com/YM/Line%20of%20Fire%202-2%20%281990%29%28US%20Gold%29.ym	1302
https://www.cpc-power.com/YM/Little%20Puff%20In%20Dragonland%20%281989%29%28Codemasters%29%28Dave%20Kelly%29.ym	1304
https://www.cpc-power.com/YM/Live%20%26%20Let%20Die%201-2%20%281988%29%28Domark%29%28Mark%20Cooksey%29.ym	1305
https://www.cpc-power.com/YM/Live%20%26%20Let%20Die%202-2%20%281988%29%28Domark%29%28Mark%20Cooksey%29.ym	1305
https://www.cpc-power.com/YM/Liverpool%201-4%20%281990%29%28Grandslam%29.ym	1306
https://www.cpc-power.com/YM/Liverpool%202-4%20%281990%29%28Grandslam%29.ym	1306
https://www.cpc-power.com/YM/Liverpool%203-4%20%281990%29%28Grandslam%29.ym	1306
https://www.cpc-power.com/YM/Liverpool%204-4%20%281990%29%28Grandslam%29.ym	1306
https://www.cpc-power.com/YM/007%20-%20The%20Living%20Daylights%201-4%20%281987%29%28Domark%29%28David%20Whittaker%29.ym	1307
https://www.cpc-power.com/YM/007%20-%20The%20Living%20Daylights%202-4%20%281987%29%28Domark%29%28David%20Whittaker%29.ym	1307
https://www.cpc-power.com/YM/007%20-%20The%20Living%20Daylights%203-4%20%281987%29%28Domark%29%28David%20Whittaker%29.ym	1307
https://www.cpc-power.com/YM/007%20-%20The%20Living%20Daylights%204-4%20%281987%29%28Domark%29%28David%20Whittaker%29.ym	1307
https://www.cpc-power.com/YM/Livingstone%20%281987%29%28Opera%20Soft%29.ym	1308
https://www.cpc-power.com/YM/Livingstone%20Supongo%20II%20%281989%29%28Opera%20Soft%29.ym	1309
https://www.cpc-power.com/YM/Lone%20Wolf%20%281991%29%28Audiogenic%20Software%29%28David%20Whittaker%29.ym	1312
https://www.cpc-power.com/YM/Loopz%201-21%20%281991%29%28Audiogenic%20Software%29%28David%20Whittaker%29.ym	1313
https://www.cpc-power.com/YM/Loopz%202-21%20%281991%29%28Audiogenic%20Software%29%28David%20Whittaker%29.ym	1313
https://www.cpc-power.com/YM/Loopz%203-21%20%281991%29%28Audiogenic%20Software%29%28David%20Whittaker%29.ym	1313
https://www.cpc-power.com/YM/Loopz%204-21%20%281991%29%28Audiogenic%20Software%29%28David%20Whittaker%29.ym	1313
https://www.cpc-power.com/YM/Loopz%205-21%20%281991%29%28Audiogenic%20Software%29%28David%20Whittaker%29.ym	1313
https://www.cpc-power.com/YM/Loopz%206-21%20%281991%29%28Audiogenic%20Software%29%28David%20Whittaker%29.ym	1313
https://www.cpc-power.com/YM/Loopz%207-21%20%281991%29%28Audiogenic%20Software%29%28David%20Whittaker%29.ym	1313
https://www.cpc-power.com/YM/Loopz%208-21%20%281991%29%28Audiogenic%20Software%29%28David%20Whittaker%29.ym	1313
https://www.cpc-power.com/YM/Loopz%209-21%20%281991%29%28Audiogenic%20Software%29%28David%20Whittaker%29.ym	1313
https://www.cpc-power.com/YM/Loopz%2010-21%20%281991%29%28Audiogenic%20Software%29%28David%20Whittaker%29.ym	1313
https://www.cpc-power.com/YM/Loopz%2011-21%20%281991%29%28Audiogenic%20Software%29%28David%20Whittaker%29.ym	1313
https://www.cpc-power.com/YM/Loopz%2012-21%20%281991%29%28Audiogenic%20Software%29%28David%20Whittaker%29.ym	1313
https://www.cpc-power.com/YM/Loopz%2013-21%20%281991%29%28Audiogenic%20Software%29%28David%20Whittaker%29.ym	1313
https://www.cpc-power.com/YM/Loopz%2014-21%20%281991%29%28Audiogenic%20Software%29%28David%20Whittaker%29.ym	1313
https://www.cpc-power.com/YM/Loopz%2015-21%20%281991%29%28Audiogenic%20Software%29%28David%20Whittaker%29.ym	1313
https://www.cpc-power.com/YM/Loopz%2016-21%20%281991%29%28Audiogenic%20Software%29%28David%20Whittaker%29.ym	1313
https://www.cpc-power.com/YM/Loopz%2017-21%20%281991%29%28Audiogenic%20Software%29%28David%20Whittaker%29.ym	1313
https://www.cpc-power.com/YM/Loopz%2018-21%20%281991%29%28Audiogenic%20Software%29%28David%20Whittaker%29.ym	1313
https://www.cpc-power.com/YM/Loopz%2019-21%20%281991%29%28Audiogenic%20Software%29%28David%20Whittaker%29.ym	1313
https://www.cpc-power.com/YM/Loopz%2020-21%20%281991%29%28Audiogenic%20Software%29%28David%20Whittaker%29.ym	1313
https://www.cpc-power.com/YM/Loopz%2021-21%20%281991%29%28Audiogenic%20Software%29%28David%20Whittaker%29.ym	1313
https://www.cpc-power.com/YM/Lop%20Ears%20%281991%29%28Players%29%28Sonic%20Graffiti%29.ym	1314
https://www.cpc-power.com/YM/Lorna%20%281990%29%28Top%20Soft%29%28TPM%29.ym	1317
https://www.cpc-power.com/YM/Lost%20Caves%20and%20the%20Doom%20Tomb%201-4%20%281989%29%28Players%29.ym	1318
https://www.cpc-power.com/YM/Lost%20Caves%20and%20the%20Doom%20Tomb%202-4%20%281989%29%28Players%29.ym	1318
https://www.cpc-power.com/YM/Lost%20Caves%20and%20the%20Doom%20Tomb%203-4%20%281989%29%28Players%29.ym	1318
https://www.cpc-power.com/YM/Lost%20Caves%20and%20the%20Doom%20Tomb%204-4%20%281989%29%28Players%29.ym	1318
https://www.cpc-power.com/YM/Zarxas%20%281987%29%28Chip%29%28Emmanuel%20Miesch%29.ym	1319
https://www.cpc-power.com/YM/Lotus%20Esprit%20Turbo%20Challenge%201-3%20%281990%29%28Gremlin%20Graphics%29%28Ben%20Daglish%29.ym	1320
https://www.cpc-power.com/YM/Lotus%20Esprit%20Turbo%20Challenge%202-3%20%281990%29%28Gremlin%20Graphics%29%28Ben%20Daglish%29.ym	1320
https://www.cpc-power.com/YM/Lotus%20Esprit%20Turbo%20Challenge%203-3%20%281990%29%28Gremlin%20Graphics%29%28Ben%20Daglish%29.ym	1320
https://www.cpc-power.com/YM/Zap%27T%27Balls%20-%20The%20Advanced%20Edition%20%281992%29%28Elmsoft%20Game%20Service%29%28Weee%29.ym	1322
https://www.cpc-power.com/YM/Zap%27T%27Balls%20-%20The%20Advanced%20Edition%20Intro%20%281992%29%28Elmsoft%20Game%20Service%29%28Beta%20Soft%20Cologne%29%28ST-Module%29.ym	1322
https://www.cpc-power.com/YM/Zap%27T%27Balls%20-%20The%20Advanced%20Edition%20Loading%20%281992%29%28Elmsoft%20Game%20Service%29%28Beta%20Soft%20Cologne%29%28ST-Module%29.ym	1322
https://www.cpc-power.com/YM/Zap%27T%27Balls%20-%20The%20Advanced%20Edition%20Menu%20%281992%29%28Elmsoft%20Game%20Service%29%28Beta%20Soft%20Cologne%29%28ST-Module%29.ym	1322
https://www.cpc-power.com/YM/MGT%20-%20Magnetik%20Tank%20%281986%29%28Loriciels%29%28Xavier%20Talgorn%29.ym	1323
https://www.cpc-power.com/YM/Macadam%20Bumper%201-8%20%281985%29%28PSS%20%26%20Ere%20Informatique%29.ym	1324
https://www.cpc-power.com/YM/Macadam%20Bumper%202-8%20%281985%29%28PSS%20%26%20Ere%20Informatique%29.ym	1324
https://www.cpc-power.com/YM/Macadam%20Bumper%203-8%20%281985%29%28PSS%20%26%20Ere%20Informatique%29.ym	1324
https://www.cpc-power.com/YM/Macadam%20Bumper%204-8%20%281985%29%28PSS%20%26%20Ere%20Informatique%29.ym	1324
https://www.cpc-power.com/YM/Macadam%20Bumper%205-8%20%281985%29%28PSS%20%26%20Ere%20Informatique%29.ym	1324
https://www.cpc-power.com/YM/Macadam%20Bumper%206-8%20%281985%29%28PSS%20%26%20Ere%20Informatique%29.ym	1324
https://www.cpc-power.com/YM/Macadam%20Bumper%207-8%20%281985%29%28PSS%20%26%20Ere%20Informatique%29.ym	1324
https://www.cpc-power.com/YM/Macadam%20Bumper%208-8%20%281985%29%28PSS%20%26%20Ere%20Informatique%29.ym	1324
https://www.cpc-power.com/YM/Mach%203%20%281987%29%28Loriciels%29%28Michel%20Winogradoff%29.ym	1325
https://www.cpc-power.com/YM/Madmix%20%281988%29%28Topo%20Soft%29%28Camilona%29.ym	1327
https://www.cpc-power.com/YM/Madmix%202%20%281988%29%28Topo%20Soft%29.ym	1328
https://www.cpc-power.com/YM/Madballs%201-2%20%281987%29%28Ocean%20Software%29%28Jason%20C.%20Brooke%29.ym	1329
https://www.cpc-power.com/YM/Madballs%202-2%20%281987%29%28Ocean%20Software%29%28Jason%20C.%20Brooke%29.ym	1329
https://www.cpc-power.com/YM/Maffia%20-%20Intro%20%281990%29%28E.S.A.T.%20Software%29%28Frederick%20Calastreme%29.ym	1331
https://www.cpc-power.com/YM/Maffia%20-%20Menu%20%281990%29%28E.S.A.T.%20Software%29%28Frederick%20Calastreme%29.ym	1331
https://www.cpc-power.com/YM/Mag%20Max%20%281986%29%28Imagine%29.ym	1332
https://www.cpc-power.com/YM/Zap%27T%27Balls%20%281992%29%28CPC%20Amstrad%20International%29%28Weee%29.ym	1333
https://www.cpc-power.com/YM/Le%20Maitre%20Absolu%20%281989%29%28Ubi%20Soft%29.ym	1336
https://www.cpc-power.com/YM/Le%20Maitre%20Des%20Ames%20%281987%29%28Ubi%20Soft%29.ym	1337
https://www.cpc-power.com/YM/La%20Malediction%20De%20Thaar%20%281985%29%28Coktel%20Vision%29%28Basic%29.ym	1338
https://www.cpc-power.com/YM/La%20Malediction%20%281991%29%28Lankhor%29%28Fabien%20Privat%29%28Basic%29.ym	1339
https://www.cpc-power.com/YM/Mange%20Cailloux%20%281987%29%28Ubi%20Soft%29%28Christophe%20Marechal%29.ym	1344
https://www.cpc-power.com/YM/Mange%20Cailloux%20-%20TRSI%20Cracktro%20%281987%29%28Ubi%20Soft%29%28Raft%29%28StArkos%29.ym	1344
https://www.cpc-power.com/YM/Manhattan%2095%20%281986%29%28UBI%20Soft%29%28Henri%20Bittner%29.ym	1345
https://www.cpc-power.com/YM/Manic%20Miner%20%281984%29%28Software%20Projects%29.ym	1347
https://www.cpc-power.com/YM/Maracaibo%20%281986%29%28Loriciels%29.ym	1352
https://www.cpc-power.com/YM/Marauder%20%281988%29%28Hewson%29%28Dave%20Rogers%29%28DR%20Sound%20Driver%208.0%29.ym	1353
https://www.cpc-power.com/YM/Le%20Maraudeur%201-2%20%281989%29%28Ubi%20Soft%29%28Gr%C3%A9gory%20Cl%C3%A9ment%29.ym	1354
https://www.cpc-power.com/YM/Mask%20%281987%29%28Gremlin%20Graphics%29%28Ben%20Daglish%29.ym	1364
https://www.cpc-power.com/YM/Mask%20Two%20%281988%29%28Gremlin%20Graphics%29%28Ben%20Daglish%29.ym	1365
https://www.cpc-power.com/YM/Masque%20%281986%29%28Ubi%20Soft%29%28Philippe%20Marchiset%29%28Basic%29.ym	1366
https://www.cpc-power.com/YM/Master%20Of%20The%20Lamps%201-12%20%281985%29%28Activision%29.ym	1370
https://www.cpc-power.com/YM/Master%20Of%20The%20Lamps%202-12%20%281985%29%28Activision%29.ym	1370
https://www.cpc-power.com/YM/Master%20Of%20The%20Lamps%203-12%20%281985%29%28Activision%29.ym	1370
https://www.cpc-power.com/YM/Master%20Of%20The%20Lamps%204-12%20%281985%29%28Activision%29.ym	1370
https://www.cpc-power.com/YM/Master%20Of%20The%20Lamps%205-12%20%281985%29%28Activision%29.ym	1370
https://www.cpc-power.com/YM/Master%20Of%20The%20Lamps%206-12%20%281985%29%28Activision%29.ym	1370
https://www.cpc-power.com/YM/Master%20Of%20The%20Lamps%207-12%20%281985%29%28Activision%29.ym	1370
https://www.cpc-power.com/YM/Master%20Of%20The%20Lamps%208-12%20%281985%29%28Activision%29.ym	1370
https://www.cpc-power.com/YM/Master%20Of%20The%20Lamps%209-12%20%281985%29%28Activision%29.ym	1370
https://www.cpc-power.com/YM/Master%20Of%20The%20Lamps%2010-12%20%281985%29%28Activision%29.ym	1370
https://www.cpc-power.com/YM/Master%20Of%20The%20Lamps%2011-12%20%281985%29%28Activision%29.ym	1370
https://www.cpc-power.com/YM/Master%20Of%20The%20Lamps%2012-12%20%281985%29%28Activision%29.ym	1370
https://www.cpc-power.com/YM/Master%20of%20the%20Universe%20%281987%29%28Gremlin%20Graphics%29%28Ben%20Daglish%29.ym	1371
https://www.cpc-power.com/YM/Mata%20Hari%20%281988%29%28Loriciels%29%28Jean-Philippe%20Biscay%29.ym	1372
https://www.cpc-power.com/YM/Match%20Day%201-3%20%281985%29%28Ocean%20Software%29.ym	1374
https://www.cpc-power.com/YM/Match%20Day%202-3%20%281985%29%28Ocean%20Software%29.ym	1374
https://www.cpc-power.com/YM/Match%20Day%203-3%20%281985%29%28Ocean%20Software%29.ym	1374
https://www.cpc-power.com/YM/Max%20Headroom%201-6%20%281986%29%28Quicksilva%29.ym	1377
https://www.cpc-power.com/YM/Max%20Headroom%202-6%20%281986%29%28Quicksilva%29.ym	1377
https://www.cpc-power.com/YM/Max%20Headroom%203-6%20%281986%29%28Quicksilva%29.ym	1377
https://www.cpc-power.com/YM/Max%20Headroom%204-6%20%281986%29%28Quicksilva%29.ym	1377
https://www.cpc-power.com/YM/Max%20Headroom%205-6%20%281986%29%28Quicksilva%29.ym	1377
https://www.cpc-power.com/YM/Max%20Headroom%206-6%20%281986%29%28Quicksilva%29.ym	1377
https://www.cpc-power.com/YM/Yogi%20Bear%20%26%20Friends%20In%20The%20Greed%20Monster%20%281990%29%28Hi-Tec%20Software%29%28Sean%20Conran%29.ym	1378
https://www.cpc-power.com/YM/Maze%20Mania%201-4%20%281989%29%28Hewson%29.ym	1379
https://www.cpc-power.com/YM/Maze%20Mania%202-4%20%281989%29%28Hewson%29.ym	1379
https://www.cpc-power.com/YM/Maze%20Mania%203-4%20%281989%29%28Hewson%29.ym	1379
https://www.cpc-power.com/YM/Maze%20Mania%204-4%20%281989%29%28Hewson%29.ym	1379
https://www.cpc-power.com/YM/Mazie%20%281988%29%28Zeppelin%20Games%29.ym	1380
https://www.cpc-power.com/YM/Mega%20Apocalypse%20%281988%29%28Martech%29%28Jason%20C%20Brooke%29.ym	1381
https://www.cpc-power.com/YM/Mega%20Phoenix%20%281991%29%28Dinamic%29%28Jose%20A%20Martin%29.ym	1382
https://www.cpc-power.com/YM/Yogi%20Bear%201-3%20%281987%29%28Piranha%29.ym	1383
https://www.cpc-power.com/YM/Yogi%20Bear%202-3%20%281987%29%28Piranha%29.ym	1383
https://www.cpc-power.com/YM/Yogi%20Bear%203-3%20%281987%29%28Piranha%29.ym	1383
https://www.cpc-power.com/YM/Meganova%20%281988%29%28Dinamic%29.ym	1386
https://www.cpc-power.com/YM/Megawar%20Intro%20%281990%29%28Black%20System%29%28Luc%20Guillaume%29.ym	1387
https://www.cpc-power.com/YM/Megawar%20Menu%20%281990%29%28Black%20System%29%28Luc%20Guillaume%29.ym	1387
https://www.cpc-power.com/YM/Le%20Syndrome%20%281986%29%28Alligata%20Software%29.ym	1388
https://www.cpc-power.com/YM/M%27Enfin%20%281987%29%28UBI%20Soft%29%28Philippe%20Marchiset%29%28Basic%29.ym	1390
https://www.cpc-power.com/YM/Mercs%201-2%20%281991%29%28U.S.%20Gold%29.ym	1393
https://www.cpc-power.com/YM/Mercs%202-2%20%281991%29%28U.S.%20Gold%29.ym	1393
https://www.cpc-power.com/YM/Mermaid%20Madness%201-4%20%281986%29%28Electric%20Dreams%29%28Fred%20Gray%29.ym	1394
https://www.cpc-power.com/YM/Mermaid%20Madness%202-4%20%281986%29%28Electric%20Dreams%29%28Fred%20Gray%29.ym	1394
https://www.cpc-power.com/YM/Mermaid%20Madness%203-4%20%281986%29%28Electric%20Dreams%29%28Fred%20Gray%29.ym	1394
https://www.cpc-power.com/YM/Mermaid%20Madness%204-4%20%281986%29%28Electric%20Dreams%29%28Fred%20Gray%29.ym	1394
https://www.cpc-power.com/YM/Metaplex%20%281988%29%28Addictive%20Games%29%28Mark%20Alexander%29.ym	1397
https://www.cpc-power.com/YM/Metro%202018%20%281985%29%28Initiel%29%28Basic%29.ym	1398
https://www.cpc-power.com/YM/Metro%20Cross%201-8%20%281987%29%28US%20Gold%29.ym	1399
https://www.cpc-power.com/YM/Metro%20Cross%202-8%20%281987%29%28US%20Gold%29.ym	1399
https://www.cpc-power.com/YM/Metro%20Cross%203-8%20%281987%29%28US%20Gold%29.ym	1399
https://www.cpc-power.com/YM/Metro%20Cross%204-8%20%281987%29%28US%20Gold%29.ym	1399
https://www.cpc-power.com/YM/Metro%20Cross%205-8%20%281987%29%28US%20Gold%29.ym	1399
https://www.cpc-power.com/YM/Metro%20Cross%206-8%20%281987%29%28US%20Gold%29.ym	1399
https://www.cpc-power.com/YM/Metro%20Cross%207-8%20%281987%29%28US%20Gold%29.ym	1399
https://www.cpc-power.com/YM/Metro%20Cross%208-8%20%281987%29%28US%20Gold%29.ym	1399
https://www.cpc-power.com/YM/Metropolis%20%281989%29%28Topo%20Soft%29%28Gominolas%29.ym	1401
https://www.cpc-power.com/YM/Meurtres%20A%20Venise%20%281988%29%28Cobra%20Soft%29%28MusicPro%29.ym	1403
https://www.cpc-power.com/YM/Meurtres%20En%20Serie%20%281987%29%28Cobra%20Soft%29.ym	1404
https://www.cpc-power.com/YM/Miami%20Dice%20%281986%29%28Bug%20Byte%29.ym	1409
https://www.cpc-power.com/YM/Miami%20Vice%20%281986%29%28Ocean%20Software%29.ym	1410
https://www.cpc-power.com/YM/Michel%20Futbol%20Master%20Super%20Skills%20%281989%29%28Dinamic%20Software%29.ym	1411
https://www.cpc-power.com/YM/Mickey%20Mouse%20%281988%29%28Gremlin%20Graphics%29%28Ben%20Daglish%29.ym	1412
https://www.cpc-power.com/YM/Micro%20Mouse%20Goes%20De-bugging%201-2%20%281989%29%28Virgin%20Mastertronic%29%28P%20Tonge%29.ym	1413
https://www.cpc-power.com/YM/Micro%20Mouse%20Goes%20De-bugging%202-2%20%281989%29%28Virgin%20Mastertronic%29%28P%20Tonge%29.ym	1413
https://www.cpc-power.com/YM/Microprose%20Soccer%201-4%20%281989%29%28Microprose%20Software%29.ym	1416
https://www.cpc-power.com/YM/Microprose%20Soccer%202-2%20%281989%29%28Microprose%20Software%29.ym	1416
https://www.cpc-power.com/YM/Microprose%20Soccer%203-4%20%281989%29%28Microprose%20Software%29.ym	1416
https://www.cpc-power.com/YM/Microprose%20Soccer%204-4%20%281989%29%28Microprose%20Software%29.ym	1416
https://www.cpc-power.com/YM/Midnight%20Resistance%20%281990%29%28Ocean%20Software%29%28Keith%20Tinman%29.ym	1417
https://www.cpc-power.com/YM/Mig%2029%20Fighter%201-3%20%281989%29%28Codemasters%29%28Paul%20Hiley%29.ym	1418
https://www.cpc-power.com/YM/Mig%2029%20Fighter%202-3%20%281989%29%28Codemasters%29%28Paul%20Hiley%29.ym	1418
https://www.cpc-power.com/YM/Mig%2029%20Fighter%203-3%20%281989%29%28Codemasters%29%28Paul%20Hiley%29.ym	1418
https://www.cpc-power.com/YM/Migbusters%20%281990%29%28Players%29.ym	1419
https://www.cpc-power.com/YM/Mikie%20%281986%29%28Imagine%29.ym	1422
https://www.cpc-power.com/YM/Milk%20Race%201-3%20%281987%29%28Mastertronics%29%28David%20Whittaker%29.ym	1423
https://www.cpc-power.com/YM/Milk%20Race%202-3%20%281987%29%28Mastertronics%29%28David%20Whittaker%29.ym	1423
https://www.cpc-power.com/YM/Milk%20Race%203-3%20%281987%29%28Mastertronics%29%28David%20Whittaker%29.ym	1423
https://www.cpc-power.com/YM/Yie%20Ar%20Kung-Fu%20-%20Before%20Game%20%281985%29%28Ocean%20Software%29.ym	1425
https://www.cpc-power.com/YM/Yie%20Ar%20Kung-Fu%20-%20InGame%20%281985%29%28Ocean%20Software%29.ym	1425
https://www.cpc-power.com/YM/Yie%20Ar%20Kung-Fu%20-%20End%20Game%20%281985%29%28Ocean%20Software%29.ym	1425
https://www.cpc-power.com/YM/Mindtrap%20%281989%29%28Mastertronic%29%28Vojislav%20Mihailovic%29%28Basic%29.ym	1429
https://www.cpc-power.com/YM/Mission%20II%20%281987%29%28Gasoline%20Software%29%28Lionel%20Roux%29%28Basic%29.ym	1431
https://www.cpc-power.com/YM/Xyphoes%20Fantasy%201-6%20%281991%29%28Silmarils%29%28Emmanuel%20Lary%29.ym	1433
https://www.cpc-power.com/YM/Xyphoes%20Fantasy%202-6%20%281991%29%28Silmarils%29%28Emmanuel%20Lary%29.ym	1433
https://www.cpc-power.com/YM/Xyphoes%20Fantasy%203-6%20%281991%29%28Silmarils%29%28Emmanuel%20Lary%29.ym	1433
https://www.cpc-power.com/YM/Xyphoes%20Fantasy%204-6%20%281991%29%28Silmarils%29%28Emmanuel%20Lary%29.ym	1433
https://www.cpc-power.com/YM/Xyphoes%20Fantasy%205-6%20%281991%29%28Silmarils%29%28Emmanuel%20Lary%29.ym	1433
https://www.cpc-power.com/YM/Xyphoes%20Fantasy%206-6%20%281991%29%28Silmarils%29%28Emmanuel%20Lary%29.ym	1433
https://www.cpc-power.com/YM/Mission%20%281987%29%28Loriciels%29%28Michel%20Winogradoff%29%28Basic%29.ym	1437
https://www.cpc-power.com/YM/Mission%20Omega%20%281986%29%28Mind%20Games%29.ym	1438
https://www.cpc-power.com/YM/Mobile%20Man%20%281990%29%28Loriciels%29%28Jean-Philippe%20Biscay%29.ym	1440
https://www.cpc-power.com/YM/Mokowe%20%281990%29%28Lankhor%29%28Music%20Pro%29.ym	1441
https://www.cpc-power.com/YM/Xybots%201-2%20%281989%29%28Tengen%29%28Ben%20Daglish%29.ym	1444
https://www.cpc-power.com/YM/Xybots%202-2%20%281989%29%28Tengen%29%28Ben%20Daglish%29.ym	1444
https://www.cpc-power.com/YM/Monopolic%20%281985%29%28Free%20Game%20Blot%29%28JM%20Sixt%29%28Basic%29.ym	1445
https://www.cpc-power.com/YM/Monte%20Carlo%20Casino%201-5%20%281990%29%28Codemasters%29%28David%20Whittaker%29.ym	1450
https://www.cpc-power.com/YM/Monte%20Carlo%20Casino%202-5%20%281990%29%28Codemasters%29%28David%20Whittaker%29.ym	1450
https://www.cpc-power.com/YM/Monte%20Carlo%20Casino%203-5%20%281990%29%28Codemasters%29%28David%20Whittaker%29.ym	1450
https://www.cpc-power.com/YM/Monte%20Carlo%20Casino%204-5%20%281990%29%28Codemasters%29%28David%20Whittaker%29.ym	1450
https://www.cpc-power.com/YM/Monte%20Carlo%20Casino%205-5%20%281990%29%28Codemasters%29%28David%20Whittaker%29.ym	1450
https://www.cpc-power.com/YM/Monty%20on%20the%20Run%201-2%20%281986%29%28Gremlin%20Graphics%29%28Ben%20Daglish%29.ym	1452
https://www.cpc-power.com/YM/Monty%20on%20the%20Run%202-2%20%281986%29%28Gremlin%20Graphics%29%28Ben%20Daglish%29.ym	1452
https://www.cpc-power.com/YM/Monty%20Python%27s%20Flying%20Circus%20%281990%29%28Virgin%20Games%29.ym	1453
https://www.cpc-power.com/YM/Moon%20Blaster%20%281990%29%28Loriciel%29%28Michel%20Winogradoff%29.ym	1455
https://www.cpc-power.com/YM/Moontorc%20%281991%29%28Atlantis%20Software%29%28Total%20Kaos%29.ym	1458
https://www.cpc-power.com/YM/Moonwalker%20%281990%29%28U.S.%20Gold%29.ym	1459
https://www.cpc-power.com/YM/Mot%20%281989%29%28Opera%20Soft%29.ym	1462
https://www.cpc-power.com/YM/Moto%20Cross%20Simulator%201-4%20%281989%29%28Codemasters%29.ym	1463
https://www.cpc-power.com/YM/Moto%20Cross%20Simulator%202-4%20%281989%29%28Codemasters%29.ym	1463
https://www.cpc-power.com/YM/Moto%20Cross%20Simulator%203-4%20%281989%29%28Codemasters%29.ym	1463
https://www.cpc-power.com/YM/Moto%20Cross%20Simulator%204-4%20%281989%29%28Codemasters%29.ym	1463
https://www.cpc-power.com/YM/Motor%20Massacre%201-5%20%281988%29%28Gremlin%20Graphics%29%28Ben%20Daglish%29.ym	1464
https://www.cpc-power.com/YM/Motor%20Massacre%202-5%20%281988%29%28Gremlin%20Graphics%29%28Ben%20Daglish%29.ym	1464
https://www.cpc-power.com/YM/Motor%20Massacre%203-5%20%281988%29%28Gremlin%20Graphics%29%28Ben%20Daglish%29.ym	1464
https://www.cpc-power.com/YM/Motor%20Massacre%204-5%20%281988%29%28Gremlin%20Graphics%29%28Ben%20Daglish%29.ym	1464
https://www.cpc-power.com/YM/Motor%20Massacre%205-5%20%281988%29%28Gremlin%20Graphics%29%28Ben%20Daglish%29.ym	1464
https://www.cpc-power.com/YM/Xenophobe%20%281989%29%28MicroStyle%29.ym	1466
https://www.cpc-power.com/YM/Xenophobe%20Game%20%281989%29%28MicroStyle%29.ym	1466
https://www.cpc-power.com/YM/Motos%201-5%20%281987%29%28Mastertronic%29%28Jason%20C%20Brooke%29.ym	1467
https://www.cpc-power.com/YM/Motos%202-5%20%281987%29%28Mastertronic%29%28Jason%20C%20Brooke%29.ym	1467
https://www.cpc-power.com/YM/Motos%203-5%20%281987%29%28Mastertronic%29%28Jason%20C%20Brooke%29.ym	1467
https://www.cpc-power.com/YM/Motos%204-5%20%281987%29%28Mastertronic%29%28Jason%20C%20Brooke%29.ym	1467
https://www.cpc-power.com/YM/Motos%205-5%20%281987%29%28Mastertronic%29%28Jason%20C%20Brooke%29.ym	1467
https://www.cpc-power.com/YM/Mountain%20Bike%20Simulator%201-4%20%281991%29%28Codemasters%29.ym	1469
https://www.cpc-power.com/YM/Mountain%20Bike%20Simulator%202-4%20%281991%29%28Codemasters%29.ym	1469
https://www.cpc-power.com/YM/Mountain%20Bike%20Simulator%203-4%20%281991%29%28Codemasters%29.ym	1469
https://www.cpc-power.com/YM/Mountain%20Bike%20Simulator%204-4%20%281991%29%28Codemasters%29.ym	1469
https://www.cpc-power.com/YM/Mountie%20Mick%27s%20Death%20Ride%20%281987%29%28Ariolasoft%29%28We%20Music%29.ym	1471
https://www.cpc-power.com/YM/Moving%20Target%201-4%20%281989%29%28Players%20Premier%29.ym	1473
https://www.cpc-power.com/YM/Moving%20Target%202-4%20%281989%29%28Players%20Premier%29.ym	1473
https://www.cpc-power.com/YM/Moving%20Target%203-4%20%281989%29%28Players%20Premier%29.ym	1473
https://www.cpc-power.com/YM/Moving%20Target%204-4%20%281989%29%28Players%20Premier%29.ym	1473
https://www.cpc-power.com/YM/Mr%20Freeze%20%281984%29%28Firebird%29.ym	1474
https://www.cpc-power.com/YM/Mr%20Heli%201-5%20%281989%29%28Firebird%29.ym	1475
https://www.cpc-power.com/YM/Mr%20Heli%202-5%20%281989%29%28Firebird%29.ym	1475
https://www.cpc-power.com/YM/Mr%20Heli%203-5%20%281989%29%28Firebird%29.ym	1475
https://www.cpc-power.com/YM/Mr%20Heli%204-5%20%281989%29%28Firebird%29.ym	1475
https://www.cpc-power.com/YM/Mr%20Heli%205-5%20%281989%29%28Firebird%29.ym	1475
https://www.cpc-power.com/YM/Mr%20Pingo%201-4%20%281986%29%28Rainbow%20Arts%29.ym	1476
https://www.cpc-power.com/YM/Mr%20Pingo%202-4%20%281986%29%28Rainbow%20Arts%29.ym	1476
https://www.cpc-power.com/YM/Mr%20Pingo%203-4%20%281986%29%28Rainbow%20Arts%29.ym	1476
https://www.cpc-power.com/YM/Mr%20Pingo%204-4%20%281986%29%28Rainbow%20Arts%29.ym	1476
https://www.cpc-power.com/YM/Xenon%201-3%20%281988%29%28Melbourne%20House%29%28David%20Whittaker%29.ym	1478
https://www.cpc-power.com/YM/Xenon%202-3%20%281988%29%28Melbourne%20House%29%28David%20Whittaker%29.ym	1478
https://www.cpc-power.com/YM/Xenon%203-3%20%281988%29%28Melbourne%20House%29%28David%20Whittaker%29.ym	1478
https://www.cpc-power.com/YM/Munsters%20%281989%29%28Tiger%20Developments%29%28Ben%20Daglish%29.ym	1484
https://www.cpc-power.com/YM/Mutant%20Fortress%20%281989%29%28Players%20Premier%29%28Andy%20Severn%29.ym	1489
https://www.cpc-power.com/YM/Mutant%20Monty%20%281984%29%28Artic%20Computing%29.ym	1490
https://www.cpc-power.com/YM/Mutants%20%281987%29%28Ocean%20Software%29.ym	1491
https://www.cpc-power.com/YM/Le%20Mystere%20De%20Kikekankoi%20-%20Intro%20%281985%29%28Loriciels%29%28Basic%29.ym	1492
https://www.cpc-power.com/YM/Le%20Mystere%20De%20Kikekankoi%20-%20Game%20Over%20%281985%29%28Loriciels%29%28Basic%29.ym	1492
https://www.cpc-power.com/YM/Mystical%201-2%20%281990%29%28Infogrames%29.ym	1494
https://www.cpc-power.com/YM/Mythos%20%281990%29%28Opera%20Soft%29.ym	1496
https://www.cpc-power.com/YM/Navy%20Moves%20%281988%29%28Dinamic%29%28Fernando%20Cubedo%29.ym	1498
https://www.cpc-power.com/YM/Nebulus%20%281988%29%28Hewson%29%28Dave%20Rogers%29%28Sound%20Driver%205.0%29.ym	1499
https://www.cpc-power.com/YM/Nemesis%20%281986%29%28Imagine%29.ym	1502
https://www.cpc-power.com/YM/Nemesis%20The%20Warlock%20%281987%29%28Martech%29%28Rob%20Hubbard%29.ym	1504
https://www.cpc-power.com/YM/Netherworld%20%281988%29%28Hewson%29%28Dave%20Rogers%29%28Sound%20Driver%20v11.0%29.ym	1505
https://www.cpc-power.com/YM/Neverending%20Story%20%281985%29%28Ocean%20Software%29%28Fred%20Gray%29.ym	1506
https://www.cpc-power.com/YM/New%20York%20Warriors%20%281990%29%28Virgin%20Games%29%28Steve%20Barrett%29.ym	1507
https://www.cpc-power.com/YM/Nexus%20%281986%29%28Nexus%29.ym	1509
https://www.cpc-power.com/YM/Nigel%20Mansell%20World%20Championship%201-6%20%281992%29%28Gremlin%20Graphics%29.ym	1512
https://www.cpc-power.com/YM/Nigel%20Mansell%20World%20Championship%202-6%20%281992%29%28Gremlin%20Graphics%29.ym	1512
https://www.cpc-power.com/YM/Nigel%20Mansell%20World%20Championship%203-6%20%281992%29%28Gremlin%20Graphics%29.ym	1512
https://www.cpc-power.com/YM/Nigel%20Mansell%20World%20Championship%204-6%20%281992%29%28Gremlin%20Graphics%29.ym	1512
https://www.cpc-power.com/YM/Nigel%20Mansell%20World%20Championship%205-6%20%281992%29%28Gremlin%20Graphics%29.ym	1512
https://www.cpc-power.com/YM/Nigel%20Mansell%20World%20Championship%206-6%20%281992%29%28Gremlin%20Graphics%29.ym	1512
https://www.cpc-power.com/YM/Night%20Breed%20%281990%29%28Ocean%20Software%29.ym	1514
https://www.cpc-power.com/YM/Night%20Hunter%20%281990%29%28UBI%20Soft%29%28Christian%20Morel%20BAHLER%29.ym	1516
https://www.cpc-power.com/YM/Night%20Shade%20%281985%29%28Ultimate%20Play%20the%20Game%29.ym	1518
https://www.cpc-power.com/YM/Night%20Shift%20%281990%29%28U.S.Gold%29%28Uncle%20Art%29.ym	1519
https://www.cpc-power.com/YM/Ninja%20Hamster%20%281987%29%28CRL%20Group%29%28Jay%20Derrett%29.ym	1523
https://www.cpc-power.com/YM/Ninja%20Master%201-2%20%281986%29%28Firebird%29.ym	1524
https://www.cpc-power.com/YM/Ninja%20Master%202-2%20%281986%29%28Firebird%29.ym	1524
https://www.cpc-power.com/YM/Ninja%20Scooter%20Simulator%20%281987%29%28Sysoft%29.ym	1525
https://www.cpc-power.com/YM/No%20Exit%20%281990%29%28Ubi%20Soft%29%28MDO%29%28Music%20Pro%29.ym	1526
https://www.cpc-power.com/YM/Nodes%20Of%20Yesod%20-%200%20%281986%29%28Odin%20Computer%20Graphics%29.ym	1528
https://www.cpc-power.com/YM/Nodes%20Of%20Yesod%20-%201%20%281986%29%28Odin%20Computer%20Graphics%29.ym	1528
https://www.cpc-power.com/YM/North%20Star%201-2%20%281988%29%28Gremlin%20Software%29%28Ben%20Daglish%29.ym	1533
https://www.cpc-power.com/YM/North%20Star%202-2%20%281988%29%28Gremlin%20Software%29%28Ben%20Daglish%29.ym	1533
https://www.cpc-power.com/YM/Nosferatu%20The%20Vampyre%20%281986%29%28Piranha%29.ym	1534
https://www.cpc-power.com/YM/WWF%20Wrestlemania%20%281991%29%28Ocean%20Software%29%28Sean%20Conran%29.ym	1535
https://www.cpc-power.com/YM/Obliterator%201-2%20%281988%29%28Melbourne%20House%29%28Paul%20Murray%29.ym	1542
https://www.cpc-power.com/YM/Obliterator%202-2%20%281988%29%28Melbourne%20House%29%28Paul%20Murray%29.ym	1542
https://www.cpc-power.com/YM/Beach%20Volley%201-5%20%281989%29%28Ocean%20Software%29.ym	1544
https://www.cpc-power.com/YM/Beach%20Volley%202-5%20%281989%29%28Ocean%20Software%29.ym	1544
https://www.cpc-power.com/YM/Beach%20Volley%203-5%20%281989%29%28Ocean%20Software%29.ym	1544
https://www.cpc-power.com/YM/Beach%20Volley%204-5%20%281989%29%28Ocean%20Software%29.ym	1544
https://www.cpc-power.com/YM/Beach%20Volley%205-5%20%281989%29%28Ocean%20Software%29.ym	1544
https://www.cpc-power.com/YM/Ocean%20Conqueror%201-3%20%281988%29%28Hewson%29.ym	1545
https://www.cpc-power.com/YM/Ocean%20Conqueror%202-3%20%281988%29%28Hewson%29.ym	1545
https://www.cpc-power.com/YM/Ocean%20Conqueror%203-3%20%281988%29%28Hewson%29.ym	1545
https://www.cpc-power.com/YM/Octoplex%201-2%20%281989%29%28Mastertronic%29%28Tiny%20Williams%29.ym	1546
https://www.cpc-power.com/YM/Octoplex%202-2%20%281989%29%28Mastertronic%29%28Tiny%20Williams%29.ym	1546
https://www.cpc-power.com/YM/L%27Oeil%20De%20Set%20%281987%29%28UBI%20Soft%29%28Xavier%20Talgorn%29.ym	1547
https://www.cpc-power.com/YM/Oh%20Mummy%20%281984%29%28Amsoft%29.ym	1549
https://www.cpc-power.com/YM/Ole%20Toro%20%281985%29%28Dinamic%20Software%29%28Ignacio%20Bergareche%29.ym	1554
https://www.cpc-power.com/YM/Olli%20and%20Lissa%203%20-%20The%20Candlelight%20Adventure%20%281989%29%28Codemasters%29%28Gerry%20Danison%29.ym	1556
https://www.cpc-power.com/YM/Omeyad%20%281989%29%28Ubi%20Soft%29.ym	1561
https://www.cpc-power.com/YM/One%20%281986%29%28Titus%29.ym	1566
https://www.cpc-power.com/YM/One%20Man%20%26%20His%20Droid%20%281985%29%28Mastertronic%29%28Rob%20Hubbard%29.ym	1567
https://www.cpc-power.com/YM/Operation%20Gunship%201-5%20%281989%29%28Codemasters%29%28David%20Whittaker%29.ym	1569
https://www.cpc-power.com/YM/Operation%20Gunship%202-5%20%281989%29%28Codemasters%29%28David%20Whittaker%29.ym	1569
https://www.cpc-power.com/YM/Operation%20Gunship%203-5%20%281989%29%28Codemasters%29%28David%20Whittaker%29.ym	1569
https://www.cpc-power.com/YM/Operation%20Gunship%204-5%20%281989%29%28Codemasters%29%28David%20Whittaker%29.ym	1569
https://www.cpc-power.com/YM/Operation%20Gunship%205-5%20%281989%29%28Codemasters%29%28David%20Whittaker%29.ym	1569
https://www.cpc-power.com/YM/Operation%20Hanoi%20-%20InGame%201%20%281990%29%28Players%20Premier%29.ym	1570
https://www.cpc-power.com/YM/Operation%20Hanoi%20-%20InGame%202%20%281990%29%28Players%20Premier%29.ym	1570
https://www.cpc-power.com/YM/Operation%20Hanoi%20-%20InGame%203%20%281990%29%28Players%20Premier%29.ym	1570
https://www.cpc-power.com/YM/Operation%20Hormuz%20%281988%29%28Again%20Again%29.ym	1571
https://www.cpc-power.com/YM/Operation%20Thunderbolt%201-3%20%281989%29%28Ocean%20Software%29%28Jonathan%20Dunn%29.ym	1573
https://www.cpc-power.com/YM/Operation%20Thunderbolt%202-3%20%281989%29%28Ocean%20Software%29%28Jonathan%20Dunn%29.ym	1573
https://www.cpc-power.com/YM/Operation%20Thunderbolt%203-3%20%281989%29%28Ocean%20Software%29%28Jonathan%20Dunn%29.ym	1573
https://www.cpc-power.com/YM/Operation%20Wolf%201-4%20%281988%29%28Ocean%20Software%29%28Jonathan%20Dunn%29.ym	1574
https://www.cpc-power.com/YM/Operation%20Wolf%202-4%20%281988%29%28Ocean%20Software%29%28Jonathan%20Dunn%29.ym	1574
https://www.cpc-power.com/YM/Operation%20Wolf%203-4%20%281988%29%28Ocean%20Software%29%28Jonathan%20Dunn%29.ym	1574
https://www.cpc-power.com/YM/Operation%20Wolf%204-4%20%281988%29%28Ocean%20Software%29%28Jonathan%20Dunn%29.ym	1574
https://www.cpc-power.com/YM/Oriental%20Games%20%281990%29%28Microprose%29.ym	1575
https://www.cpc-power.com/YM/Orphee%20-%20Voyage%20Aux%20Enfers%20-%20Intro%20%281985%29%28Loriciels%29.ym	1577
https://www.cpc-power.com/YM/Orphee%20-%20Voyage%20Aux%20Enfers%20-%20InGame%20%281985%29%28Loriciels%29.ym	1577
https://www.cpc-power.com/YM/Orphee%20-%20Voyage%20Aux%20Enfers%20-%20End%20Game%20%281985%29%28Loriciels%29.ym	1577
https://www.cpc-power.com/YM/Out%20Run%201-3%20%281986%29%28US%20Gold%29%28Jason%20C%20Brooke%29.ym	1580
https://www.cpc-power.com/YM/Out%20Run%202-3%20%281986%29%28US%20Gold%29%28Jason%20C%20Brooke%29.ym	1580
https://www.cpc-power.com/YM/Out%20Run%203-3%20%281986%29%28US%20Gold%29%28Jason%20C%20Brooke%29.ym	1580
https://www.cpc-power.com/YM/Outrun%20Europa%20%281991%29%28US%20Gold%29%28Krisalis%20Software%29.ym	1581
https://www.cpc-power.com/YM/Out%20Board%20%281990%29%28Loriciels%29%28Michel%20Winogradoff%29%28Basic%29.ym	1582
https://www.cpc-power.com/YM/Outlaw%201-5%20%281990%29%28Players%29.ym	1583
https://www.cpc-power.com/YM/Outlaw%202-5%20%281990%29%28Players%29.ym	1583
https://www.cpc-power.com/YM/Outlaw%203-5%20%281990%29%28Players%29.ym	1583
https://www.cpc-power.com/YM/Outlaw%204-5%20%281990%29%28Players%29.ym	1583
https://www.cpc-power.com/YM/Outlaw%205-5%20%281990%29%28Players%29.ym	1583
https://www.cpc-power.com/YM/Overlander%201-5%20%281988%29%28Elite%20System%20Ltd.%29%28Mark%20Cooksey%29.ym	1584
https://www.cpc-power.com/YM/Overlander%202-5%20%281988%29%28Elite%20System%20Ltd.%29%28Mark%20Cooksey%29.ym	1584
https://www.cpc-power.com/YM/Overlander%203-5%20%281988%29%28Elite%20System%20Ltd.%29%28Mark%20Cooksey%29.ym	1584
https://www.cpc-power.com/YM/Overlander%204-5%20%281988%29%28Elite%20System%20Ltd.%29%28Mark%20Cooksey%29.ym	1584
https://www.cpc-power.com/YM/Overlander%205-5%20%281988%29%28Elite%20System%20Ltd.%29%28Mark%20Cooksey%29.ym	1584
https://www.cpc-power.com/YM/Oxphar%20%281987%29%28Ere%20Informatique%29.ym	1587
https://www.cpc-power.com/YM/P-47%20Freedom%20Fighter%20%281989%29%28Firebird%29.ym	1588
https://www.cpc-power.com/YM/Pacific%201-2%20%281986%29%28Ere%20Informatique%29.ym	1589
https://www.cpc-power.com/YM/Pacific%202-2%20%281986%29%28Ere%20Informatique%29.ym	1589
https://www.cpc-power.com/YM/Pac-Land%20%281989%29%28Grandslam%29.ym	1590
https://www.cpc-power.com/YM/Pac-Mania%201-4%20%281988%29%28Grandslam%29%28Ben%20Daglish%29.ym	1591
https://www.cpc-power.com/YM/Pac-Mania%202-4%20%281988%29%28Grandslam%29%28Ben%20Daglish%29.ym	1591
https://www.cpc-power.com/YM/Pac-Mania%203-4%20%281988%29%28Grandslam%29%28Ben%20Daglish%29.ym	1591
https://www.cpc-power.com/YM/Pac-Mania%204-4%20%281988%29%28Grandslam%29%28Ben%20Daglish%29.ym	1591
https://www.cpc-power.com/YM/Le%20Pacte%20-%20Presentation%20%281986%29%28Loriciels%29%28Eric%20Chahi%29.ym	1592
https://www.cpc-power.com/YM/Paladin%20%281987%29%28Bubble%20Bus%20Software%29.ym	1594
https://www.cpc-power.com/YM/Panic%20Dizzy%20%281991%29%28Codemasters%20Software%29.ym	1596
https://www.cpc-power.com/YM/Panza%20Kick%20Boxing%20%281990%29%28Loriciels%29%28Michel%20Winogradoff%29.ym	1597
https://www.cpc-power.com/YM/Paperboy%202%20%281991%29%28Minscape%29%28Tiny%20Williams%29.ym	1599
https://www.cpc-power.com/YM/Paragliding%20Simulation%20%281991%29%28Loriciels%29%28Jean-Philippe%20Biscay%29.ym	1603
https://www.cpc-power.com/YM/Paris-Dakar%20%281988%29%28Zigurat%29.ym	1605
https://www.cpc-power.com/YM/Park%20Patrol%20-%20Menu%20%281986%29%28Firebird%29.ym	1606
https://www.cpc-power.com/YM/Park%20Patrol%20-%20InGame%20%281986%29%28Firebird%29.ym	1606
https://www.cpc-power.com/YM/Le%20Passager%20Du%20Temps%20%281987%29%28Ere%20Informatique%29.ym	1607
https://www.cpc-power.com/YM/Passagers%20du%20Vent%201%20%281986%29%28Infogrammes%29%28Charles%20Callet%29%28Music%20Pro%29.ym	1608
https://www.cpc-power.com/YM/Passagers%20du%20Vent%20Episode%203%20%281986%29%28Infogrammes%29%28Charles%20Callet%29%28Music%20Pro%29.ym	1608
https://www.cpc-power.com/YM/Passagers%20du%20Vent%20Episode%204%20like%20Episode%202%20%281986%29%28Infogrammes%29%28Charles%20Callet%29%28Music%20Pro%29.ym	1608
https://www.cpc-power.com/YM/Passagers%20du%20Vent%20Episode%206%20%281986%29%28Infogrames%29%28Charles%20Callet%29%28Music%20Pro%29.ym	1608
https://www.cpc-power.com/YM/Passagers%20du%20Vent%20Episode%207%20%281986%29%28Infogrammes%29%28Charles%20Callet%29%28Music%20Pro%29.ym	1608
https://www.cpc-power.com/YM/Passagers%20du%20Vent%20Episode%208%20like%20Episode%205%20%281986%29%28Infogrammes%29%28Charles%20Callet%29%28Music%20Pro%29.ym	1608
https://www.cpc-power.com/YM/Passagers%20du%20Vent%20Episode%209%20%281986%29%28Infogrames%29%28Charles%20Callet%29.ym	1608
https://www.cpc-power.com/YM/Passagers%20du%20Vent%202%20%281987%29%28Infogrames%29.ym	1609
https://www.cpc-power.com/YM/Passing%20Shot%201-5%20%281988%29%28Mirrorsoft%29.ym	1610
https://www.cpc-power.com/YM/Passing%20Shot%202-5%20%281988%29%28Mirrorsoft%29.ym	1610
https://www.cpc-power.com/YM/Passing%20Shot%203-5%20%281988%29%28Mirrorsoft%29.ym	1610
https://www.cpc-power.com/YM/Passing%20Shot%204-5%20%281988%29%28Mirrorsoft%29.ym	1610
https://www.cpc-power.com/YM/Passing%20Shot%205-5%20%281988%29%28Mirrorsoft%29.ym	1610
https://www.cpc-power.com/YM/Pasteman%20Pat%201-12%20%281988%29%28Firebird%29.ym	1611
https://www.cpc-power.com/YM/Pasteman%20Pat%202-12%20%281988%29%28Firebird%29.ym	1611
https://www.cpc-power.com/YM/Pasteman%20Pat%203-12%20%281988%29%28Firebird%29.ym	1611
https://www.cpc-power.com/YM/Pasteman%20Pat%204-12%20%281988%29%28Firebird%29.ym	1611
https://www.cpc-power.com/YM/Pasteman%20Pat%205-12%20%281988%29%28Firebird%29.ym	1611
https://www.cpc-power.com/YM/Pasteman%20Pat%206-12%20%281988%29%28Firebird%29.ym	1611
https://www.cpc-power.com/YM/Pasteman%20Pat%207-12%20%281988%29%28Firebird%29.ym	1611
https://www.cpc-power.com/YM/Pasteman%20Pat%208-12%20%281988%29%28Firebird%29.ym	1611
https://www.cpc-power.com/YM/Pasteman%20Pat%209-12%20%281988%29%28Firebird%29.ym	1611
https://www.cpc-power.com/YM/Pasteman%20Pat%2010-12%20%281988%29%28Firebird%29.ym	1611
https://www.cpc-power.com/YM/Pasteman%20Pat%2011-12%20%281988%29%28Firebird%29.ym	1611
https://www.cpc-power.com/YM/Pasteman%20Pat%2012-12%20%281988%29%28Firebird%29.ym	1611
https://www.cpc-power.com/YM/Penggy%20%281987%29%28Chip%29.ym	1616
https://www.cpc-power.com/YM/Perico%20Delgado%20Maillot%20Amarillo%20%281989%29%28Topo%20Soft%29%28Cesar%20Astudillo%29.ym	1620
https://www.cpc-power.com/YM/Peter%20Beardsley%27s%20International%20Football%20%281988%29%28Grandslam%29.ym	1622
https://www.cpc-power.com/YM/Peter%20Packrat%201-3%20%281988%29%28Firebird%29.ym	1623
https://www.cpc-power.com/YM/Peter%20Packrat%202-3%20%281988%29%28Firebird%29.ym	1623
https://www.cpc-power.com/YM/Peter%20Packrat%203-3%20%281988%29%28Firebird%29.ym	1623
https://www.cpc-power.com/YM/Peur%20Sur%20Amityville%20%281987%29%28UBI%20Soft%29%28Xavier%20Talgorn%29.ym	1626
https://www.cpc-power.com/YM/Phantom%20Club%20%281988%29%28Ocean%20Software%29.ym	1628
https://www.cpc-power.com/YM/Pharaon%20%281987%29%28Loriciels%29.ym	1630
https://www.cpc-power.com/YM/Pick%27N%20Pile%20-%20Menu%20%281990%29%28Ubi%20Soft%29.ym	1634
https://www.cpc-power.com/YM/Pick%27N%20Pile%20-%20Game%20Over%20%281990%29%28Ubi%20Soft%29.ym	1634
https://www.cpc-power.com/YM/Pink%20Panther%201-4%20%281988%29%28Magic%20Bytes%29.ym	1639
https://www.cpc-power.com/YM/Pink%20Panther%202-4%20%281988%29%28Magic%20Bytes%29.ym	1639
https://www.cpc-power.com/YM/Pink%20Panther%203-4%20%281988%29%28Magic%20Bytes%29.ym	1639
https://www.cpc-power.com/YM/Pink%20Panther%204-4%20%281988%29%28Magic%20Bytes%29.ym	1639
https://www.cpc-power.com/YM/Pit-Fighter%20%281991%29%28Domark%29%28Matt%20Furniss%29.ym	1645
https://www.cpc-power.com/YM/World%20Cup%20Challenge%201-3%20%281990%29%28Players%29.ym	1646
https://www.cpc-power.com/YM/World%20Cup%20Challenge%202-3%20%281990%29%28Players%29.ym	1646
https://www.cpc-power.com/YM/World%20Cup%20Challenge%203-3%20%281990%29%28Players%29.ym	1646
https://www.cpc-power.com/YM/Plateforme%20%281988%29%28MBC%20Informatique%29%28Charles%20Callet%29%28Music%20Pro%29.ym	1649
https://www.cpc-power.com/YM/Platoon%201-3%20%281987%29%28Ocean%20Software%29%28David%20Whittaker%29.ym	1650
https://www.cpc-power.com/YM/Platoon%202-3%20%281987%29%28Ocean%20Software%29%28David%20Whittaker%29.ym	1650
https://www.cpc-power.com/YM/Platoon%203-3%20%281987%29%28Ocean%20Software%29%28David%20Whittaker%29.ym	1650
https://www.cpc-power.com/YM/Platoon%20Level%202%201-3%20%281987%29%28Ocean%20Software%29%28David%20Whittaker%29.ym	1650
https://www.cpc-power.com/YM/Platoon%20Level%202%202-3%20%281987%29%28Ocean%20Software%29%28David%20Whittaker%29.ym	1650
https://www.cpc-power.com/YM/Platoon%20Level%202%203-3%20%281987%29%28Ocean%20Software%29%28David%20Whittaker%29.ym	1650
https://www.cpc-power.com/YM/Platoon%20Level%203%201-2%20%281987%29%28Ocean%20Software%29%28David%20Whittaker%29.ym	1650
https://www.cpc-power.com/YM/Platoon%20Level%203%202-2%20%281987%29%28Ocean%20Software%29%28David%20Whittaker%29.ym	1650
https://www.cpc-power.com/YM/World%20Class%20Rugby%20%281991%29%28Audiogenic%20Software%29%28David%20Whittaker%29.ym	1653
https://www.cpc-power.com/YM/The%20Plot%20%281987%29%28Firebird%29.ym	1655
https://www.cpc-power.com/YM/El%20Poder%20Oscuro%20%281988%29%28Zigurat%29.ym	1657
https://www.cpc-power.com/YM/Pogostick%20Olympics%20%281987%29%28Firebird%29.ym	1658
https://www.cpc-power.com/YM/Poli%20Diaz%20Boxeo%20%281990%29%28Opera%20Soft%29.ym	1660
https://www.cpc-power.com/YM/World%20Championship%20Soccer%201-2%20%281990%29%28Elite%20Systems%29.ym	1661
https://www.cpc-power.com/YM/World%20Championship%20Soccer%202-2%20%281990%29%28Elite%20Systems%29.ym	1661
https://www.cpc-power.com/YM/Poogaboo%20%281991%29%28Opera%20Soft%29%28Angel%20Zarazaga%29.ym	1662
https://www.cpc-power.com/YM/Postman%20Pat%20-%20The%20Computer%20Game%20%281988%29%28Alternative%20Software%29.ym	1671
https://www.cpc-power.com/YM/Postman%20Pat%202%20%281989%29%28Alternative%20Software%29.ym	1672
https://www.cpc-power.com/YM/Postman%20Pat%203%20%281992%29%28Alternative%20Software%29.ym	1673
https://www.cpc-power.com/YM/Potsworth%201-4%20%281992%29%28Hi%20Tech%29%28Mark%20Cooksey%29.ym	1674
https://www.cpc-power.com/YM/Potsworth%202-4%20%281992%29%28Hi%20Tech%29%28Mark%20Cooksey%29.ym	1674
https://www.cpc-power.com/YM/Potsworth%203-4%20%281992%29%28Hi%20Tech%29%28Mark%20Cooksey%29.ym	1674
https://www.cpc-power.com/YM/Potsworth%204-4%20%281992%29%28Hi%20Tech%29%28Mark%20Cooksey%29.ym	1674
https://www.cpc-power.com/YM/Pouvoir%20%281986%29%28Loriciels%29%28Michel%20Winogradoff%29%28Basic%29.ym	1675
https://www.cpc-power.com/YM/Power%20Drift%20%281989%29%28Activision%29%28Dave%20Lowe%29.ym	1678
https://www.cpc-power.com/YM/Predator%20%281988%29%28Activision%29.ym	1679
https://www.cpc-power.com/YM/Predator%202%20%281991%29%28Image%20Works%29%28Tiny%20Williams%29.ym	1680
https://www.cpc-power.com/YM/Prehistorik%20%281991%29%28Titus%29%28Charles%20Goodwin%29.ym	1681
https://www.cpc-power.com/YM/Prehistorik%20II%20-%20Intro%20%281993%29%28Titus%29%28Olivier%20Mayer%29%28ST-Module%29.ym	1682
https://www.cpc-power.com/YM/Prehistorik%20II%20-%20InGame%20%281993%29%28Titus%29%28Weee%29%28ST-Module%29.ym	1682
https://www.cpc-power.com/YM/Prison%20Riot%201-4%20%281990%29%28Players%29.ym	1685
https://www.cpc-power.com/YM/Prison%20Riot%202-4%20%281990%29%28Players%29.ym	1685
https://www.cpc-power.com/YM/Prison%20Riot%203-4%20%281990%29%28Players%29.ym	1685
https://www.cpc-power.com/YM/Prison%20Riot%204-4%20%281990%29%28Players%29.ym	1685
https://www.cpc-power.com/YM/Pro%20Bmx%20Simulator%20Standard%201-9%20%281988%29%28Codemasters%29%28David%20Whittaker%29.ym	1687
https://www.cpc-power.com/YM/Pro%20Bmx%20Simulator%20Standard%202-9%20%281988%29%28Codemasters%29%28David%20Whittaker%29.ym	1687
https://www.cpc-power.com/YM/Pro%20Bmx%20Simulator%20Standard%203-9%20%281988%29%28Codemasters%29%28David%20Whittaker%29.ym	1687
https://www.cpc-power.com/YM/Pro%20Bmx%20Simulator%20Standard%204-9%20%281988%29%28Codemasters%29%28David%20Whittaker%29.ym	1687
https://www.cpc-power.com/YM/Pro%20Bmx%20Simulator%20Standard%205-9%20%281988%29%28Codemasters%29%28David%20Whittaker%29.ym	1687
https://www.cpc-power.com/YM/Pro%20Bmx%20Simulator%20Standard%206-9%20%281988%29%28Codemasters%29%28David%20Whittaker%29.ym	1687
https://www.cpc-power.com/YM/Pro%20Bmx%20Simulator%20Standard%207-9%20%281988%29%28Codemasters%29%28David%20Whittaker%29.ym	1687
https://www.cpc-power.com/YM/Pro%20Bmx%20Simulator%20Standard%208-9%20%281988%29%28Codemasters%29%28David%20Whittaker%29.ym	1687
https://www.cpc-power.com/YM/Pro%20Bmx%20Simulator%20Standard%209-9%20%281988%29%28Codemasters%29%28David%20Whittaker%29.ym	1687
https://www.cpc-power.com/YM/Pro%20Golf%20Simulator%201-3%20%281990%29%28Codemaseters%29%28Lyndon%20Sharp%29.ym	1689
https://www.cpc-power.com/YM/Pro%20Golf%20Simulator%202-3%20%281990%29%28Codemaseters%29%28Lyndon%20Sharp%29.ym	1689
https://www.cpc-power.com/YM/Pro%20Golf%20Simulator%203-3%20%281990%29%28Codemaseters%29%28Lyndon%20Sharp%29.ym	1689
https://www.cpc-power.com/YM/Pro%20Mountain%20Bike%20Simulator%20%281989%29%28Alternative%20Software%29%28Tiny%20Williams%29.ym	1690
https://www.cpc-power.com/YM/Pro%20Ski%20Simulator%201-5%20%281987%29%28Codemasters%29%28Jon%20Paul%20Eldridge%29.ym	1692
https://www.cpc-power.com/YM/Pro%20Ski%20Simulator%202-5%20%281987%29%28Codemasters%29%28Jon%20Paul%20Eldridge%29.ym	1692
https://www.cpc-power.com/YM/Pro%20Ski%20Simulator%203-5%20%281987%29%28Codemasters%29%28Jon%20Paul%20Eldridge%29.ym	1692
https://www.cpc-power.com/YM/Pro%20Ski%20Simulator%204-5%20%281987%29%28Codemasters%29%28Jon%20Paul%20Eldridge%29.ym	1692
https://www.cpc-power.com/YM/Pro%20Ski%20Simulator%205-5%20%281987%29%28Codemasters%29%28Jon%20Paul%20Eldridge%29.ym	1692
https://www.cpc-power.com/YM/Ye%20Wizard%27s%20Lair%201-5%20%281985%29%28Bubble%20Bus%20Software%29.ym	1694
https://www.cpc-power.com/YM/Ye%20Wizard%27s%20Lair%202-5%20%281985%29%28Bubble%20Bus%20Software%29.ym	1694
https://www.cpc-power.com/YM/Ye%20Wizard%27s%20Lair%203-5%20%281985%29%28Bubble%20Bus%20Software%29.ym	1694
https://www.cpc-power.com/YM/Ye%20Wizard%27s%20Lair%204-5%20%281985%29%28Bubble%20Bus%20Software%29.ym	1694
https://www.cpc-power.com/YM/Ye%20Wizard%27s%20Lair%205-5%20%281985%29%28Bubble%20Bus%20Software%29.ym	1694
https://www.cpc-power.com/YM/Prohibition%2064ko%20%281990%29%28Infogrames%29%28Charles%20Callet%29%28Music%20Pro%29.ym	1701
https://www.cpc-power.com/YM/Prohibition%20128ko%20Theme%201%20%281990%29%28Infogrames%29%28Charles%20Callet%29%28Music%20Pro%29.ym	1701
https://www.cpc-power.com/YM/Prohibition%20128ko%20Theme%202%20%281990%29%28Infogrames%29%28Charles%20Callet%29%28Music%20Pro%29.ym	1701
https://www.cpc-power.com/YM/Wizard%20Willy%20%281989%29%28Codemasters%29.ym	1704
https://www.cpc-power.com/YM/Psycho%20Hopper%201-4%20%281989%29%28Mastertronic%29%28Tiny%20Williams%29.ym	1711
https://www.cpc-power.com/YM/Psycho%20Hopper%202-4%20%281989%29%28Mastertronic%29%28Tiny%20Williams%29.ym	1711
https://www.cpc-power.com/YM/Psycho%20Hopper%204-4%20%281989%29%28Mastertronic%29%28Tiny%20Williams%29.ym	1711
https://www.cpc-power.com/YM/Psycho%20Pig%20UXB%201-3%20%281988%29%28Software%20Creations%29.ym	1712
https://www.cpc-power.com/YM/Psycho%20Pig%20UXB%202-3%20%281988%29%28Software%20Creations%29.ym	1712
https://www.cpc-power.com/YM/Psycho%20Pig%20UXB%203-3%20%281988%29%28Software%20Creations%29.ym	1712
https://www.cpc-power.com/YM/Psycho%20Soldier%20%281988%29%28Ocean%20Software%29%28Steve%20F.%20Donbavand%29.ym	1713
https://www.cpc-power.com/YM/Pub%20Trivia%201-5%20%281989%29%28Codemasters%29.ym	1715
https://www.cpc-power.com/YM/Pub%20Trivia%202-5%20%281989%29%28Codemasters%29.ym	1715
https://www.cpc-power.com/YM/Pub%20Trivia%203-5%20%281989%29%28Codemasters%29.ym	1715
https://www.cpc-power.com/YM/Pub%20Trivia%204-5%20%281989%29%28Codemasters%29.ym	1715
https://www.cpc-power.com/YM/Pub%20Trivia%205-5%20%281989%29%28Codemasters%29.ym	1715
https://www.cpc-power.com/YM/Puffy%27s%20Saga%20%281990%29%28UBI%20Soft%29%28%29%28Music%20Pro%29.ym	1716
https://www.cpc-power.com/YM/Pulsator%20%281987%29%28Martech%29%28Mark%20Alexander%29.ym	1717
https://www.cpc-power.com/YM/Pulsoid%20%281988%29%28Mastertronic%29.ym	1718
https://www.cpc-power.com/YM/Pulsoids%20%281988%29%28Mastertronic%29.ym	1718
https://www.cpc-power.com/YM/Purple%20Saturn%20Day%20%281989%29%28Exxos%29%28Stephane%20Picq%29%28Music%20Pro%29.ym	1723
https://www.cpc-power.com/YM/Puzznic%201-2%20%281990%29%28Ocean%20Software%29%28Jonathan%20Dunn%29.ym	1724
https://www.cpc-power.com/YM/Puzznic%202-2%20%281990%29%28Ocean%20Software%29%28Jonathan%20Dunn%29.ym	1724
https://www.cpc-power.com/YM/Pyjamarama%20%281984%29%28Mikrogen%29.ym	1725
https://www.cpc-power.com/YM/Qabbalah%20%281986%29%28Amsoft%29.ym	1729
https://www.cpc-power.com/YM/Qin%20-%20L%27Enigme%20De%20L%27Armee%20De%20Pierre%20%281987%29%28Ere%20Informatique%29%28Stephane%20PICQ%29.ym	1730
https://www.cpc-power.com/YM/Quadrel%20%281991%29%28Loriciels%29%28Michel%20Winogradoff%29%28Basic%29.ym	1733
https://www.cpc-power.com/YM/Quick%20Draw%20McGraw%20%281991%29%28Hi-Tec%20Software%20Ltd%29%28Sean%20Conran%29.ym	1740
https://www.cpc-power.com/YM/Race%20Against%20Time%201-8%20%281988%29%28Codemasters%29%28David%20Whittaker%29.ym	1742
https://www.cpc-power.com/YM/Race%20Against%20Time%202-8%20%281988%29%28Codemasters%29%28David%20Whittaker%29.ym	1742
https://www.cpc-power.com/YM/Race%20Against%20Time%203-8%20%281988%29%28Codemasters%29%28David%20Whittaker%29.ym	1742
https://www.cpc-power.com/YM/Race%20Against%20Time%204-8%20%281988%29%28Codemasters%29%28David%20Whittaker%29.ym	1742
https://www.cpc-power.com/YM/Race%20Against%20Time%205-8%20%281988%29%28Codemasters%29%28David%20Whittaker%29.ym	1742
https://www.cpc-power.com/YM/Race%20Against%20Time%206-8%20%281988%29%28Codemasters%29%28David%20Whittaker%29.ym	1742
https://www.cpc-power.com/YM/Race%20Against%20Time%207-8%20%281988%29%28Codemasters%29%28David%20Whittaker%29.ym	1742
https://www.cpc-power.com/YM/Race%20Against%20Time%208-8%20%281988%29%28Codemasters%29%28David%20Whittaker%29.ym	1742
https://www.cpc-power.com/YM/Race%20%281990%29%28Players%29%28Andy%20Serven%29.ym	1744
https://www.cpc-power.com/YM/Rad%20Ramp%20Racer%201-4%20%281989%29%28Mastertronic%29.ym	1745
https://www.cpc-power.com/YM/Rad%20Ramp%20Racer%202-4%20%281989%29%28Mastertronic%29.ym	1745
https://www.cpc-power.com/YM/Rad%20Ramp%20Racer%203-4%20%281989%29%28Mastertronic%29.ym	1745
https://www.cpc-power.com/YM/Rad%20Ramp%20Racer%204-4%20%281989%29%28Mastertronic%29.ym	1745
https://www.cpc-power.com/YM/Radzone%20%281986%29%28Mastertronic%29%28Dave%20Rogers%29%28Basic%29.ym	1747
https://www.cpc-power.com/YM/Wings%20of%20Fury%201-2%20%281989%29%28Broderbund%20Software%29.ym	1748
https://www.cpc-power.com/YM/Wings%20of%20Fury%202-2%20%281989%29%28Broderbund%20Software%29.ym	1748
https://www.cpc-power.com/YM/Raid%20Sur%20Tenere%20%281985%29%28Coktel%20Vision%29%28Basic%29.ym	1750
https://www.cpc-power.com/YM/Raid%20Sur%20Tenere%20-%20Sponsor%20%281985%29%28Coktel%20Vision%29%28Basic%29.ym	1750
https://www.cpc-power.com/YM/Raid%20Sur%20Tenere%20-%20Oasis%20%281985%29%28Coktel%20Vision%29%28Basic%29.ym	1750
https://www.cpc-power.com/YM/Raid%20Sur%20Tenere%20-%20Touaregs%20%281985%29%28Coktel%20Vision%29%28Basic%29.ym	1750
https://www.cpc-power.com/YM/Raid%20Sur%20Tenere%20-%20End%20Game%20%281985%29%28Coktel%20Vision%29%28Basic%29.ym	1750
https://www.cpc-power.com/YM/Rainbow%20Islands%201-5%20%281989%29%28Ocean%20Software%29%28Steeve%20Turner%29.ym	1751
https://www.cpc-power.com/YM/Rainbow%20Islands%202-5%20%281989%29%28Ocean%20Software%29%28Steeve%20Turner%29.ym	1751
https://www.cpc-power.com/YM/Rainbow%20Islands%203-5%20%281989%29%28Ocean%20Software%29%28Steeve%20Turner%29.ym	1751
https://www.cpc-power.com/YM/Rainbow%20Islands%204-5%20%281989%29%28Ocean%20Software%29%28Steeve%20Turner%29.ym	1751
https://www.cpc-power.com/YM/Rainbow%20Islands%205-5%20%281989%29%28Ocean%20Software%29%28Steeve%20Turner%29.ym	1751
https://www.cpc-power.com/YM/Rally%20II%20%281985%29%28Loriciels%29%28Michel%20Winogradoff%29.ym	1752
https://www.cpc-power.com/YM/Windsurf%20Willy%20%281989%29%28Silmarils%29%28Jerome%20Lust%29.ym	1753
https://www.cpc-power.com/YM/RAM%20%281990%29%28Topo%20Soft%29%28TPM%29.ym	1757
https://www.cpc-power.com/YM/Rambo%203%201-4%20%281988%29%28Ocean%20Software%29%28Jonathan%20Dunn%29.ym	1759
https://www.cpc-power.com/YM/Rambo%203%202-4%20%281988%29%28Ocean%20Software%29%28Jonathan%20Dunn%29.ym	1759
https://www.cpc-power.com/YM/Rambo%203%203-4%20%281988%29%28Ocean%20Software%29%28Jonathan%20Dunn%29.ym	1759
https://www.cpc-power.com/YM/Rambo%203%204-4%20%281988%29%28Ocean%20Software%29%28Jonathan%20Dunn%29.ym	1759
https://www.cpc-power.com/YM/Ranarama%20%281987%29%28Hewson%29.ym	1761
https://www.cpc-power.com/YM/Ranarama%20Game%20Over%20%281987%29%28Hewson%29.ym	1761
https://www.cpc-power.com/YM/Ranarama%20Game%20Over%202%20%281987%29%28Hewson%29.ym	1761
https://www.cpc-power.com/YM/Rasputin%20%281985%29%28Firebird%29%28Melvyn%20Wright%29%28Tape%20Loader%29.ym	1762
https://www.cpc-power.com/YM/Rastan%201-2%20%281988%29%28Ocean%20Software%29%28Jason%20C%20Brooke%29.ym	1763
https://www.cpc-power.com/YM/Rastan%202-2%20%281988%29%28Ocean%20Software%29%28Jason%20C%20Brooke%29.ym	1763
https://www.cpc-power.com/YM/Raster%20Runner%201-3%20%281990%29%28Mastertronic%29%28Jason%20C%20Brooke%29.ym	1764
https://www.cpc-power.com/YM/Raster%20Runner%202-3%20%281990%29%28Mastertronic%29%28Jason%20C%20Brooke%29.ym	1764
https://www.cpc-power.com/YM/Raster%20Runner%203-3%20%281990%29%28Mastertronic%29%28Jason%20C%20Brooke%29.ym	1764
https://www.cpc-power.com/YM/Rath-Tha%20%281989%29%28Positive%29%28Alberto%20Sampler%29.ym	1767
https://www.cpc-power.com/YM/Rbi%20Baseball%202%20%281991%29%28Domark%29.ym	1769
https://www.cpc-power.com/YM/The%20Real%20Ghostbusters%201-4%20%281988%29%28Activision%29.ym	1770
https://www.cpc-power.com/YM/The%20Real%20Ghostbusters%202-4%20%281988%29%28Activision%29.ym	1770
https://www.cpc-power.com/YM/The%20Real%20Ghostbusters%203-4%20%281988%29%28Activision%29.ym	1770
https://www.cpc-power.com/YM/The%20Real%20Ghostbusters%204-4%20%281988%29%28Activision%29.ym	1770
https://www.cpc-power.com/YM/Real%20Stunt%20Experts%20%281989%29%28Alternative%20Software%29%28Ben%20Daglish%29.ym	1771
https://www.cpc-power.com/YM/Reckless%20Rufus%20%281992%29%28Alternative%20Software%29%28Andy%20Severn%29.ym	1774
https://www.cpc-power.com/YM/Wild%20West%20Seymour%201-5%20%281992%29%28Codemasters%29%28Allister%20Brimble%29.ym	1775
https://www.cpc-power.com/YM/Wild%20West%20Seymour%202-5%20%281992%29%28Codemasters%29%28Allister%20Brimble%29.ym	1775
https://www.cpc-power.com/YM/Wild%20West%20Seymour%203-5%20%281992%29%28Codemasters%29%28Allister%20Brimble%29.ym	1775
https://www.cpc-power.com/YM/Wild%20West%20Seymour%204-5%20%281992%29%28Codemasters%29%28Allister%20Brimble%29.ym	1775
https://www.cpc-power.com/YM/Wild%20West%20Seymour%205-5%20%281992%29%28Codemasters%29%28Allister%20Brimble%29.ym	1775
https://www.cpc-power.com/YM/Red%20Heat%20%281989%29%28Ocean%20Software%29%28Jonathan%20Dunn%29.ym	1779
https://www.cpc-power.com/YM/Reflex%20%281987%29%28Players%29.ym	1782
https://www.cpc-power.com/YM/Wild%20Streets%20%281990%29%28Titus%29.ym	1784
https://www.cpc-power.com/YM/Renaud%20%281987%29%28Infogrames%29%28Charles%20Callet%29%28Music%20Pro%29.ym	1785
https://www.cpc-power.com/YM/Rescate%20En%20El%20Golfo%20%281990%29%28Opera%20Soft%29.ym	1787
https://www.cpc-power.com/YM/Rescue%20from%20Atlantis%20%281988%29%28Dinamic%20Software%29%28Jose%20A%20Martin%29.ym	1788
https://www.cpc-power.com/YM/Return%20of%20the%20Jedi%20%281987%29%28Lucasfilm%20Games%29%28Dave%20Kelly%29.ym	1790
https://www.cpc-power.com/YM/Reveal%20%281988%29%28Mastertronic%29.ym	1792
https://www.cpc-power.com/YM/Rick%20Dangerous%202%201-11%20%281990%29%28Core%20Design%29.ym	1799
https://www.cpc-power.com/YM/Rick%20Dangerous%202%202-11%20%281990%29%28Core%20Design%29.ym	1799
https://www.cpc-power.com/YM/Rick%20Dangerous%202%203-11%20%281990%29%28Core%20Design%29.ym	1799
https://www.cpc-power.com/YM/Rick%20Dangerous%202%204-11%20%281990%29%28Core%20Design%29.ym	1799
https://www.cpc-power.com/YM/Rick%20Dangerous%202%205-11%20%281990%29%28Core%20Design%29.ym	1799
https://www.cpc-power.com/YM/Rick%20Dangerous%202%206-11%20%281990%29%28Core%20Design%29.ym	1799
https://www.cpc-power.com/YM/Rick%20Dangerous%202%207-11%20%281990%29%28Core%20Design%29.ym	1799
https://www.cpc-power.com/YM/Rick%20Dangerous%202%208-11%20%281990%29%28Core%20Design%29.ym	1799
https://www.cpc-power.com/YM/Rick%20Dangerous%202%209-11%20%281990%29%28Core%20Design%29.ym	1799
https://www.cpc-power.com/YM/Rick%20Dangerous%202%2010-11%20%281990%29%28Core%20Design%29.ym	1799
https://www.cpc-power.com/YM/Rick%20Dangerous%202%2011-11%20%281990%29%28Core%20Design%29.ym	1799
https://www.cpc-power.com/YM/Les%20Ripoux%20%281987%29%28Cobra%20Soft%29%28Music%20Pro%29.ym	1807
https://www.cpc-power.com/YM/Road%20Blasters%201-5%20%281988%29%28US%20Gold%29%28David%20Whittaker%29.ym	1809
https://www.cpc-power.com/YM/Road%20Blasters%202-5%20%281988%29%28US%20Gold%29%28David%20Whittaker%29.ym	1809
https://www.cpc-power.com/YM/Road%20Blasters%203-5%20%281988%29%28US%20Gold%29%28David%20Whittaker%29.ym	1809
https://www.cpc-power.com/YM/Road%20Blasters%204-5%20%281988%29%28US%20Gold%29%28David%20Whittaker%29.ym	1809
https://www.cpc-power.com/YM/Road%20Blasters%205-5%20%281988%29%28US%20Gold%29%28David%20Whittaker%29.ym	1809
https://www.cpc-power.com/YM/Robbbot%20%281986%29%28Ere%20Informatique%29%28Philippe%20Ulrich%29.ym	1810
https://www.cpc-power.com/YM/Robin%20Hood%20-%20Legend%20Quest%201-5%20%281993%29%28Codemasters%29.ym	1811
https://www.cpc-power.com/YM/Robin%20Hood%20-%20Legend%20Quest%202-5%20%281993%29%28Codemasters%29.ym	1811
https://www.cpc-power.com/YM/Robin%20Hood%20-%20Legend%20Quest%203-5%20%281993%29%28Codemasters%29.ym	1811
https://www.cpc-power.com/YM/Robin%20Hood%20-%20Legend%20Quest%204-5%20%281993%29%28Codemasters%29.ym	1811
https://www.cpc-power.com/YM/Robin%20Hood%20-%20Legend%20Quest%205-5%20%281993%29%28Codemasters%29.ym	1811
https://www.cpc-power.com/YM/Robocop%201-5%20%281987%29%28Ocean%20Software%29%28Jonathan%20Dunn%29.ym	1815
https://www.cpc-power.com/YM/Robocop%202-5%20%281987%29%28Ocean%20Software%29%28Jonathan%20Dunn%29.ym	1815
https://www.cpc-power.com/YM/Robocop%203-5%20%281987%29%28Ocean%20Software%29%28Jonathan%20Dunn%29.ym	1815
https://www.cpc-power.com/YM/Robocop%204-5%20%281987%29%28Ocean%20Software%29%28Jonathan%20Dunn%29.ym	1815
https://www.cpc-power.com/YM/Robocop%205-5%20%281987%29%28Ocean%20Software%29%28Jonathan%20Dunn%29.ym	1815
https://www.cpc-power.com/YM/Whopper%20Chase%20%281987%29%28Erbe%20Software%29%28Cesar%20Astudillo%29.ym	1816
https://www.cpc-power.com/YM/Robozone%20%281991%29%28Image%20Works%29%28Sound%20Images%29.ym	1817
https://www.cpc-power.com/YM/Rock%20N%20Roller%20%281988%29%28Topo%20Soft%29%28Cesar%20Astudillo%29.ym	1819
https://www.cpc-power.com/YM/Rock%20N%20Roll%20Intro%20%281989%29%28Rainbow%20Arts%29%28Barry%20Leitch%29.ym	1821
https://www.cpc-power.com/YM/Rock%20N%20Roll%201-10%20%281989%29%28Rainbow%20Arts%29%28Barry%20Leitch%29.ym	1821
https://www.cpc-power.com/YM/Rock%20N%20Roll%202-10%20%281989%29%28Rainbow%20Arts%29%28Barry%20Leitch%29.ym	1821
https://www.cpc-power.com/YM/Rock%20N%20Roll%203-10%20%281989%29%28Rainbow%20Arts%29%28Barry%20Leitch%29.ym	1821
https://www.cpc-power.com/YM/Rock%20N%20Roll%204-10%20%281989%29%28Rainbow%20Arts%29%28Barry%20Leitch%29.ym	1821
https://www.cpc-power.com/YM/Rock%20N%20Roll%205-10%20%281989%29%28Rainbow%20Arts%29%28Barry%20Leitch%29.ym	1821
https://www.cpc-power.com/YM/Rock%20N%20Roll%206-10%20%281989%29%28Rainbow%20Arts%29%28Barry%20Leitch%29.ym	1821
https://www.cpc-power.com/YM/Rock%20N%20Roll%207-10%20%281989%29%28Rainbow%20Arts%29%28Barry%20Leitch%29.ym	1821
https://www.cpc-power.com/YM/Rock%20N%20Roll%208-10%20%281989%29%28Rainbow%20Arts%29%28Barry%20Leitch%29.ym	1821
https://www.cpc-power.com/YM/Rock%20N%20Roll%209-10%20%281989%29%28Rainbow%20Arts%29%28Barry%20Leitch%29.ym	1821
https://www.cpc-power.com/YM/Rock%20N%20Roll%2010-10%20%281989%29%28Rainbow%20Arts%29%28Barry%20Leitch%29.ym	1821
https://www.cpc-power.com/YM/Rockford%201-4%20%281988%29%28Mastertronic%29%28Jason%20C%20Brooke%29.ym	1823
https://www.cpc-power.com/YM/Rockford%202-4%20%281988%29%28Mastertronic%29%28Jason%20C%20Brooke%29.ym	1823
https://www.cpc-power.com/YM/Rockford%203-4%20%281988%29%28Mastertronic%29%28Jason%20C%20Brooke%29.ym	1823
https://www.cpc-power.com/YM/Rockford%204-4%20%281988%29%28Mastertronic%29%28Jason%20C%20Brooke%29.ym	1823
https://www.cpc-power.com/YM/Rock%20Star%20Ate%20My%20Hamster%201-8%20%281989%29%28Codemasters%29%28Paul%20Hiley%29.ym	1824
https://www.cpc-power.com/YM/Rock%20Star%20Ate%20My%20Hamster%202-8%20%281989%29%28Codemasters%29%28Paul%20Hiley%29.ym	1824
https://www.cpc-power.com/YM/Rock%20Star%20Ate%20My%20Hamster%203-8%20%281989%29%28Codemasters%29%28Paul%20Hiley%29.ym	1824
https://www.cpc-power.com/YM/Rock%20Star%20Ate%20My%20Hamster%204-8%20%281989%29%28Codemasters%29%28Paul%20Hiley%29.ym	1824
https://www.cpc-power.com/YM/Rock%20Star%20Ate%20My%20Hamster%205-8%20%281989%29%28Codemasters%29%28Paul%20Hiley%29.ym	1824
https://www.cpc-power.com/YM/Rock%20Star%20Ate%20My%20Hamster%206-8%20%281989%29%28Codemasters%29%28Paul%20Hiley%29.ym	1824
https://www.cpc-power.com/YM/Rock%20Star%20Ate%20My%20Hamster%207-8%20%281989%29%28Codemasters%29%28Paul%20Hiley%29.ym	1824
https://www.cpc-power.com/YM/Rock%20Star%20Ate%20My%20Hamster%208-8%20%281989%29%28Codemasters%29%28Paul%20Hiley%29.ym	1824
https://www.cpc-power.com/YM/West%20Phaser%20%281989%29%28Loriciels%29%28Michel%20Winogradoff%29.ym	1825
https://www.cpc-power.com/YM/Rod-Land%20%281991%29%28Storm%20Software%29.ym	1827
https://www.cpc-power.com/YM/Rody%20%26%20Mastico%20%281990%29%28Lankhor%29%28%29%28Music%20Pro%29.ym	1829
https://www.cpc-power.com/YM/Rody%20%26%20Mastico%20II%20%281990%29%28Lankhor%29%28%29%28Music%20Pro%29.ym	1830
https://www.cpc-power.com/YM/Roland%20Goes%20Digging%20%281984%29%28Amsoft%29%28Chris%20Hunt%29.ym	1834
https://www.cpc-power.com/YM/Westbank%201-3%20%281986%29%28Dinamic%29.ym	1843
https://www.cpc-power.com/YM/Westbank%202-3%20%281986%29%28Dinamic%29.ym	1843
https://www.cpc-power.com/YM/Westbank%203-3%20%281986%29%28Dinamic%29.ym	1843
https://www.cpc-power.com/YM/Ruff%20And%20Reddy%20%281990%29%28Hi-Tec%20Software%29%28Sean%20Conran%29.ym	1849
https://www.cpc-power.com/YM/Run%20the%20Gauntlet%20%281989%29%28Ocean%20Software%29%28Chris%20Kerry%29.ym	1853
https://www.cpc-power.com/YM/Running%20Man%20%281989%29%28Grandslam%29.ym	1854
https://www.cpc-power.com/YM/RX%20220%20%281987%29%28Microids%29.ym	1855
https://www.cpc-power.com/YM/Rygar%201-6%20%281987%29%28US%20Gold%29%28David%20Whittaker%29.ym	1856
https://www.cpc-power.com/YM/Rygar%202-6%20%281987%29%28US%20Gold%29%28David%20Whittaker%29.ym	1856
https://www.cpc-power.com/YM/Rygar%203-6%20%281987%29%28US%20Gold%29%28David%20Whittaker%29.ym	1856
https://www.cpc-power.com/YM/Rygar%204-6%20%281987%29%28US%20Gold%29%28David%20Whittaker%29.ym	1856
https://www.cpc-power.com/YM/Rygar%205-6%20%281987%29%28US%20Gold%29%28David%20Whittaker%29.ym	1856
https://www.cpc-power.com/YM/Rygar%206-6%20%281987%29%28US%20Gold%29%28David%20Whittaker%29.ym	1856
https://www.cpc-power.com/YM/Sailing%201-3%20%281987%29%28Activision%29.ym	1864
https://www.cpc-power.com/YM/Sailing%202-3%20%281987%29%28Activision%29.ym	1864
https://www.cpc-power.com/YM/Sailing%203-3%20%281987%29%28Activision%29.ym	1864
https://www.cpc-power.com/YM/Saint%20And%20Greavsie%201-3%20%281989%29%28Grandslam%29%28Ben%20Daglish%29.ym	1865
https://www.cpc-power.com/YM/Saint%20And%20Greavsie%202-3%20%281989%29%28Grandslam%29%28Ben%20Daglish%29.ym	1865
https://www.cpc-power.com/YM/Saint%20And%20Greavsie%203-3%20%281989%29%28Grandslam%29%28Ben%20Daglish%29.ym	1865
https://www.cpc-power.com/YM/Saint%20Dragon%20%281990%29%28Storm%29%28Tiny%20Williams%29.ym	1866
https://www.cpc-power.com/YM/Samantha%20Fox%20Strip%20Poker%20%281986%29%28Martech%29%28Rob%20Hubbard%29.ym	1868
https://www.cpc-power.com/YM/Santa%27s%20Christmas%20Capers%20%281990%29%28Zeppelin%20Games%29.ym	1871
https://www.cpc-power.com/YM/Sapiens%20%281986%29%28Loriciels%29%28Gilles%20Soulet%29.ym	1873
https://www.cpc-power.com/YM/Sas%20Combat%20Simulator%20%281988%29%28Codemasters%29.ym	1875
https://www.cpc-power.com/YM/SAS%20Strike%20Force%20%281987%29%28Mikrogen%29%28Nick%20Jones%29.ym	1876
https://www.cpc-power.com/YM/Sauvez%20Yurk%20%281991%29%28Ubi%20Soft%29%28Bernad%20Vianey%29.ym	1879
https://www.cpc-power.com/YM/Savage%20Intro%20%281988%29%28Firebird%29%28Jason%20C%20Brooke%29%28JCB%20Sound%20Module%29.ym	1880
https://www.cpc-power.com/YM/Savage%20Level%202%201-3%20%281988%29%28Firebird%29%28Jason%20C%20Brooke%29%28JCB%20Sound%20Module%29.ym	1880
https://www.cpc-power.com/YM/Savage%20Level%202%202-3%20%281988%29%28Firebird%29%28Jason%20C%20Brooke%29%28JCB%20Sound%20Module%29.ym	1880
https://www.cpc-power.com/YM/Savage%20Level%202%203-3%20%281988%29%28Firebird%29%28Jason%20C%20Brooke%29%28JCB%20Sound%20Module%29.ym	1880
https://www.cpc-power.com/YM/Savage%20Level%203%201-3%20%281988%29%28Firebird%29%28Jason%20C%20Brooke%29%28JCB%20Sound%20Module%29.ym	1880
https://www.cpc-power.com/YM/Savage%20Level%203%202-3%20%281988%29%28Firebird%29%28Jason%20C%20Brooke%29%28JCB%20Sound%20Module%29.ym	1880
https://www.cpc-power.com/YM/Savage%20Level%203%203-3%20%281988%29%28Firebird%29%28Jason%20C%20Brooke%29%28JCB%20Sound%20Module%29.ym	1880
https://www.cpc-power.com/YM/Wells%20%26%20Fargo%20%281988%29%28Topo%20Software%29%28Cesar%20Astudillo%29.ym	1884
https://www.cpc-power.com/YM/Score%203020%20%281988%29%28Topo%20Soft%29%28Cesar%20Astudillo%29.ym	1886
https://www.cpc-power.com/YM/Scott%20Winder%20Reporter%20%281987%29%28Ere%20Informatique%29.ym	1887
https://www.cpc-power.com/YM/Scramble%20Spirits%201-21%20%281990%29%28Grandslam%29%28Ben%20Daglish%29.ym	1890
https://www.cpc-power.com/YM/Scramble%20Spirits%202-21%20%281990%29%28Grandslam%29%28Ben%20Daglish%29.ym	1890
https://www.cpc-power.com/YM/Scramble%20Spirits%203-21%20%281990%29%28Grandslam%29%28Ben%20Daglish%29.ym	1890
https://www.cpc-power.com/YM/Scramble%20Spirits%204-21%20%281990%29%28Grandslam%29%28Ben%20Daglish%29.ym	1890
https://www.cpc-power.com/YM/Scramble%20Spirits%205-21%20%281990%29%28Grandslam%29%28Ben%20Daglish%29.ym	1890
https://www.cpc-power.com/YM/Scramble%20Spirits%206-21%20%281990%29%28Grandslam%29%28Ben%20Daglish%29.ym	1890
https://www.cpc-power.com/YM/Scramble%20Spirits%207-21%20%281990%29%28Grandslam%29%28Ben%20Daglish%29.ym	1890
https://www.cpc-power.com/YM/Scramble%20Spirits%208-21%20%281990%29%28Grandslam%29%28Ben%20Daglish%29.ym	1890
https://www.cpc-power.com/YM/Scramble%20Spirits%209-21%20%281990%29%28Grandslam%29%28Ben%20Daglish%29.ym	1890
https://www.cpc-power.com/YM/Scramble%20Spirits%2010-21%20%281990%29%28Grandslam%29%28Ben%20Daglish%29.ym	1890
https://www.cpc-power.com/YM/Scramble%20Spirits%2011-21%20%281990%29%28Grandslam%29%28Ben%20Daglish%29.ym	1890
https://www.cpc-power.com/YM/Scramble%20Spirits%2012-21%20%281990%29%28Grandslam%29%28Ben%20Daglish%29.ym	1890
https://www.cpc-power.com/YM/Scramble%20Spirits%2013-21%20%281990%29%28Grandslam%29%28Ben%20Daglish%29.ym	1890
https://www.cpc-power.com/YM/Scramble%20Spirits%2014-21%20%281990%29%28Grandslam%29%28Ben%20Daglish%29.ym	1890
https://www.cpc-power.com/YM/Scramble%20Spirits%2015-21%20%281990%29%28Grandslam%29%28Ben%20Daglish%29.ym	1890
https://www.cpc-power.com/YM/Scramble%20Spirits%2016-21%20%281990%29%28Grandslam%29%28Ben%20Daglish%29.ym	1890
https://www.cpc-power.com/YM/Scramble%20Spirits%2017-21%20%281990%29%28Grandslam%29%28Ben%20Daglish%29.ym	1890
https://www.cpc-power.com/YM/Scramble%20Spirits%2018-21%20%281990%29%28Grandslam%29%28Ben%20Daglish%29.ym	1890
https://www.cpc-power.com/YM/Scramble%20Spirits%2019-21%20%281990%29%28Grandslam%29%28Ben%20Daglish%29.ym	1890
https://www.cpc-power.com/YM/Scramble%20Spirits%2020-21%20%281990%29%28Grandslam%29%28Ben%20Daglish%29.ym	1890
https://www.cpc-power.com/YM/Scramble%20Spirits%2021-21%20%281990%29%28Grandslam%29%28Ben%20Daglish%29.ym	1890
https://www.cpc-power.com/YM/A%20Question%20Of%20Scruples%20%281987%29%28Leisure%20Genius%29.ym	1892
https://www.cpc-power.com/YM/La%20Secte%20Noire%20%281990%29%28Lankhor%29%28Music%20Pro%29.ym	1900
https://www.cpc-power.com/YM/Sergeant%20Seymour%20Robotcop%20%281992%29%28Codemasters%29%28Allister%20Brimble%29.ym	1905
https://www.cpc-power.com/YM/Seymour%20At%20The%20Movies%201-4%20%281991%29%28Codemasters%20Software%29.ym	1907
https://www.cpc-power.com/YM/Seymour%20At%20The%20Movies%202-4%20%281991%29%28Codemasters%20Software%29.ym	1907
https://www.cpc-power.com/YM/Seymour%20At%20The%20Movies%203-4%20%281991%29%28Codemasters%20Software%29.ym	1907
https://www.cpc-power.com/YM/Seymour%20At%20The%20Movies%204-4%20%281991%29%28Codemasters%20Software%29.ym	1907
https://www.cpc-power.com/YM/Sgrizam%20%281986%29%28Dinamic%20Software%29%28Jose%20Luis%20Gonzalo%29.ym	1908
https://www.cpc-power.com/YM/Shackled%20%281988%29%28US%20Gold%29.ym	1909
https://www.cpc-power.com/YM/Shadow%20Dancer%20%281991%29%28US%20Gold%29.ym	1911
https://www.cpc-power.com/YM/Shadow%20of%20the%20Beast%201-3%20%281990%29%28Gremlin%20Graphics%29%28Ben%20Daglish%29.ym	1913
https://www.cpc-power.com/YM/Shadow%20of%20the%20Beast%202-3%20%281990%29%28Gremlin%20Graphics%29%28Ben%20Daglish%29.ym	1913
https://www.cpc-power.com/YM/Shadow%20of%20the%20Beast%203-3%20%281990%29%28Gremlin%20Graphics%29%28Ben%20Daglish%29.ym	1913
https://www.cpc-power.com/YM/Shadow%20Skimmer%20%281987%29%28The%20Edge%29%28David%20Whittaker%29.ym	1914
https://www.cpc-power.com/YM/Shadow%20Warriors%20%281990%29%28Ocean%20Software%29%28Matt%20Furniss%29.ym	1915
https://www.cpc-power.com/YM/Shao%20Lin%27s%20Road%20Kung-Fu%20%281987%29%28The%20Edge%29.ym	1920
https://www.cpc-power.com/YM/Sharkey%27s%20Moll%201-3%20%281991%29%28Zeppelin%20Games%20Ltd%29%28Sound%20Images%29.ym	1923
https://www.cpc-power.com/YM/Sharkey%27s%20Moll%202-3%20%281991%29%28Zeppelin%20Games%20Ltd%29%28Sound%20Images%29.ym	1923
https://www.cpc-power.com/YM/Sharkey%27s%20Moll%203-3%20%281991%29%28Zeppelin%20Games%20Ltd%29%28Sound%20Images%29.ym	1923
https://www.cpc-power.com/YM/Shinobi%201-10%20%281989%29%28Mastertronic%29%28Tiny%20Williams%29.ym	1926
https://www.cpc-power.com/YM/Shinobi%202-10%20%281989%29%28Mastertronic%29%28Tiny%20Williams%29.ym	1926
https://www.cpc-power.com/YM/Shinobi%203-10%20%281989%29%28Mastertronic%29%28Tiny%20Williams%29.ym	1926
https://www.cpc-power.com/YM/Shinobi%204-10%20%281989%29%28Mastertronic%29%28Tiny%20Williams%29.ym	1926
https://www.cpc-power.com/YM/Shinobi%205-10%20%281989%29%28Mastertronic%29%28Tiny%20Williams%29.ym	1926
https://www.cpc-power.com/YM/Shinobi%206-10%20%281989%29%28Mastertronic%29%28Tiny%20Williams%29.ym	1926
https://www.cpc-power.com/YM/Shinobi%207-10%20%281989%29%28Mastertronic%29%28Tiny%20Williams%29.ym	1926
https://www.cpc-power.com/YM/Shinobi%208-10%20%281989%29%28Mastertronic%29%28Tiny%20Williams%29.ym	1926
https://www.cpc-power.com/YM/Shinobi%209-10%20%281989%29%28Mastertronic%29%28Tiny%20Williams%29.ym	1926
https://www.cpc-power.com/YM/Shinobi%2010-10%20%281989%29%28Mastertronic%29%28Tiny%20Williams%29.ym	1926
https://www.cpc-power.com/YM/Shockway%20Rider%20%281986%29%28Faster%20Than%20Light%29%28Rob%20Hubbard%29.ym	1928
https://www.cpc-power.com/YM/The%20Shoe%20People%20%281992%29%28Gremlin%20Graphics%29.ym	1929
https://www.cpc-power.com/YM/Short%20Circuit%20%281987%29%28Ocean%20Software%29.ym	1931
https://www.cpc-power.com/YM/Shufflepuck%20Cafe%20%281989%29%28Broderbund%20Software%29%28Music%20Pro%29.ym	1932
https://www.cpc-power.com/YM/Side%20Arms%201-3%20%281987%29%28Probe%20Software%29%28Jason%20C%20Brooke%29.ym	1933
https://www.cpc-power.com/YM/Side%20Arms%202-3%20%281987%29%28Probe%20Software%29%28Jason%20C%20Brooke%29.ym	1933
https://www.cpc-power.com/YM/Side%20Arms%203-3%20%281987%29%28Probe%20Software%29%28Jason%20C%20Brooke%29.ym	1933
https://www.cpc-power.com/YM/Warrior%20%2B%20Nouvelle%20Version%20%281986%29%28Rainbow%20Production%29%28Philippe%20Marchiset%29%28Basic%29.ym	1935
https://www.cpc-power.com/YM/Sigma%20Seven%20%281987%29%28Durell%20Software%29%28Julian%20Breeze%29.ym	1936
https://www.cpc-power.com/YM/Silent%20Shadow%20%281988%29%28Topo%20Soft%29%28Cesar%20Astudillo%29.ym	1938
https://www.cpc-power.com/YM/Silkworm%20%281988%29%28Tecmo%29.ym	1939
https://www.cpc-power.com/YM/Silva%20-%20Le%20Temple%20Du%20Diable%20-%20Prologue%20%281992%29%28Lankhor%29%28Christophe%20Lajoux%29%28Basic%29.ym	1940
https://www.cpc-power.com/YM/Silva%20-%20Le%20Temple%20Du%20Diable%20-%20Menu%20%281992%29%28Lankhor%29%28Christophe%20Lajoux%29%28Equinoxe%29.ym	1940
https://www.cpc-power.com/YM/Silva%20-%20Le%20Temple%20Du%20Diable%20-%20End%20%281992%29%28Lankhor%29%28Christophe%20Lajoux%29%28Equinoxe%29.ym	1940
https://www.cpc-power.com/YM/Simpsons%20Bart%20vs%20the%20Space%20Mutants%20%281991%29%28Ocean%20Software%29%28Jonathan%20Dunn%29.ym	1942
https://www.cpc-power.com/YM/Professional%20Tennis%20Simulator%201-3%20%281990%29%28Dinamic%29%28Armando%20Garcia%29.ym	1943
https://www.cpc-power.com/YM/Professional%20Tennis%20Simulator%202-3%20%281990%29%28Dinamic%29%28Armando%20Garcia%29.ym	1943
https://www.cpc-power.com/YM/Professional%20Tennis%20Simulator%203-3%20%281990%29%28Dinamic%29%28Armando%20Garcia%29.ym	1943
https://www.cpc-power.com/YM/Sir%20Lancelot%20%281985%29%28Melbourne%20House%29.ym	1944
https://www.cpc-power.com/YM/Sirwood%20-%20Intro%20%281989%29%28Opera%20Soft%29.ym	1945
https://www.cpc-power.com/YM/Sirwood%20-%20Part%201%20%281989%29%28Opera%20Soft%29.ym	1945
https://www.cpc-power.com/YM/Sirwood%20-%20Part%202%20%281989%29%28Opera%20Soft%29.ym	1945
https://www.cpc-power.com/YM/Sirwood%20-%20Part%203%20%281989%29%28Opera%20Soft%29.ym	1945
https://www.cpc-power.com/YM/Sirwood%20-%20Part%204%20%281989%29%28Opera%20Soft%29.ym	1945
https://www.cpc-power.com/YM/Warrior%20%281985%29%28Rainbow%20Production%29%28Philippe%20Marchiset%29%28Basic%29.ym	1947
https://www.cpc-power.com/YM/Skate%20Crazy%201-2%20%281988%29%28Gremlin%20Graphics%29%28Ben%20Daglish%29.ym	1950
https://www.cpc-power.com/YM/Skate%20Crazy%202-2%20%281988%29%28Gremlin%20Graphics%29%28Ben%20Daglish%29.ym	1950
https://www.cpc-power.com/YM/Skateboard%20Kidz%20-%20City%20Surfer%20%281988%29%28Silverbird%29%28Timothy%20Closs%29.ym	1953
https://www.cpc-power.com/YM/Skateboard%20Kidz%20-%20Street%20Beat%20%281988%29%28Silverbird%29%28Timothy%20Closs%29.ym	1953
https://www.cpc-power.com/YM/Skateboard%20Kidz%20-%20Wheel%20Spin%20%281988%29%28Silverbird%29%28Timothy%20Closs%29.ym	1953
https://www.cpc-power.com/YM/Skatin%27%20USA%20%281990%29%28Atlantis%20Software%29%28Total%20Kaos%29.ym	1954
https://www.cpc-power.com/YM/Skull%20%26%20Crossbones%201-3%20%281991%29%28Domark%29%28Matt%20Furniss%29.ym	1955
https://www.cpc-power.com/YM/Skull%20%26%20Crossbones%202-3%20%281991%29%28Domark%29%28Matt%20Furniss%29.ym	1955
https://www.cpc-power.com/YM/Skull%20%26%20Crossbones%203-3%20%281991%29%28Domark%29%28Matt%20Furniss%29.ym	1955
https://www.cpc-power.com/YM/Sky%20Hunter%20%281988%29%28Ere%20Informatique%29%28Serge%20Zanini%29%28Basic%29.ym	1956
https://www.cpc-power.com/YM/Skyx%20%281988%29%28Legend%20Software%29%28David%20Alonso%29%28Music%20Pro%29.ym	1958
https://www.cpc-power.com/YM/Sliders%20%281991%29%28Microids%29.ym	1960
https://www.cpc-power.com/YM/Slightly%20Magic%201-2%20%281992%29%28Codemasters%29%28Allister%20Brimble%29.ym	1961
https://www.cpc-power.com/YM/Slightly%20Magic%202-2%20%281992%29%28Codemasters%29%28Allister%20Brimble%29.ym	1961
https://www.cpc-power.com/YM/Sly%20Spy%20-%20Secret%20Agent%201-3%20%281990%29%28Ocean%20Software%29%28Geoff%20Follin%29.ym	1963
https://www.cpc-power.com/YM/Sly%20Spy%20-%20Secret%20Agent%202-3%20%281990%29%28Ocean%20Software%29%28Geoff%20Follin%29.ym	1963
https://www.cpc-power.com/YM/Sly%20Spy%20-%20Secret%20Agent%203-3%20%281990%29%28Ocean%20Software%29%28Geoff%20Follin%29.ym	1963
https://www.cpc-power.com/YM/Smaily%20%281990%29%28Zigurat%29.ym	1964
https://www.cpc-power.com/YM/Smash%20TV%201-2%20%281991%29%28Ocean%20Software%29%28Tiny%20Williams%29.ym	1965
https://www.cpc-power.com/YM/Smash%20TV%202-2%20%281991%29%28Ocean%20Software%29%28Tiny%20Williams%29.ym	1965
https://www.cpc-power.com/YM/Snooker%20%281984%29%28Amsoft%29.ym	1968
https://www.cpc-power.com/YM/Snoopy%20And%20Peanuts%20%281989%29%28The%20Edge%29.ym	1970
https://www.cpc-power.com/YM/Snow%20Strike%201-4%20%281990%29%28US%20Gold%29%28David%20Whittaker%29.ym	1971
https://www.cpc-power.com/YM/Snow%20Strike%202-4%20%281990%29%28US%20Gold%29%28David%20Whittaker%29.ym	1971
https://www.cpc-power.com/YM/Snow%20Strike%203-4%20%281990%29%28US%20Gold%29%28David%20Whittaker%29.ym	1971
https://www.cpc-power.com/YM/Snow%20Strike%204-4%20%281990%29%28US%20Gold%29%28David%20Whittaker%29.ym	1971
https://www.cpc-power.com/YM/Warlock%20%281987%29%28The%20Edge%29.ym	1973
https://www.cpc-power.com/YM/Soccer%20Pinball%201-4%20%281991%29%28Codemasters%29%28David%20Whittaker%29.ym	1975
https://www.cpc-power.com/YM/Soccer%20Pinball%202-4%20%281991%29%28Codemasters%29%28David%20Whittaker%29.ym	1975
https://www.cpc-power.com/YM/Soccer%20Pinball%203-4%20%281991%29%28Codemasters%29%28David%20Whittaker%29.ym	1975
https://www.cpc-power.com/YM/Soccer%20Pinball%204-4%20%281991%29%28Codemasters%29%28David%20Whittaker%29.ym	1975
https://www.cpc-power.com/YM/Soccer%20Skills%201-4%20%281989%29%28Codemasters%29%28David%20Whittaker%29.ym	1976
https://www.cpc-power.com/YM/Soccer%20Skills%202-4%20%281989%29%28Codemasters%29%28David%20Whittaker%29.ym	1976
https://www.cpc-power.com/YM/Soccer%20Skills%203-4%20%281989%29%28Codemasters%29%28David%20Whittaker%29.ym	1976
https://www.cpc-power.com/YM/Soccer%20Skills%204-4%20%281989%29%28Codemasters%29%28David%20Whittaker%29.ym	1976
https://www.cpc-power.com/YM/Sol%20Negro%20%281988%29%28Opera%20Soft%29.ym	1978
https://www.cpc-power.com/YM/Sol%20Negro%20-%20End%20Game%20%281988%29%28Opera%20Soft%29.ym	1978
https://www.cpc-power.com/YM/Solo%20%281989%29%28Opera%20Soft%29.ym	1981
https://www.cpc-power.com/YM/Warhawk%20%281987%29%28Firebird%29%28Rob%20Hubbard%29.ym	1982
https://www.cpc-power.com/YM/Solomon%27s%20Key%201-4%20%281987%29%28US%20Gold%29%28David%20Whittaker%29.ym	1983
https://www.cpc-power.com/YM/Solomon%27s%20Key%202-4%20%281987%29%28US%20Gold%29%28David%20Whittaker%29.ym	1983
https://www.cpc-power.com/YM/Solomon%27s%20Key%203-4%20%281987%29%28US%20Gold%29%28David%20Whittaker%29.ym	1983
https://www.cpc-power.com/YM/Solomon%27s%20Key%204-4%20%281986%29%28US%20Gold%29%28David%20Whittaker%29.ym	1983
https://www.cpc-power.com/YM/Sonic%20Boom%20%281990%29%28Activision%29.ym	1984
https://www.cpc-power.com/YM/Sooty%20and%20Sweep%20%281989%29%28Alternative%20Software%29.ym	1986
https://www.cpc-power.com/YM/Sorcery%20%281985%29%28Virgin%20Games%29.ym	1988
https://www.cpc-power.com/YM/Sorcery%2B%20%281985%29%28Amsoft%29.ym	1989
https://www.cpc-power.com/YM/Soviet%20%281991%29%28Opera%20Soft%29.ym	1995
https://www.cpc-power.com/YM/Space%20Crusade%20%281992%29%28Gremlin%20Graphics%29.ym	1999
https://www.cpc-power.com/YM/Wanderer%201-5%20%281988%29%28Elite%20Systems%29.ym	2001
https://www.cpc-power.com/YM/Wanderer%202-5%20%281988%29%28Elite%20Systems%29.ym	2001
https://www.cpc-power.com/YM/Wanderer%203-5%20%281988%29%28Elite%20Systems%29.ym	2001
https://www.cpc-power.com/YM/Wanderer%204-5%20%281988%29%28Elite%20Systems%29.ym	2001
https://www.cpc-power.com/YM/Wanderer%205-5%20%281988%29%28Elite%20Systems%29.ym	2001
https://www.cpc-power.com/YM/Space%20Harrier%201-4%20%281986%29%28Elite%20Systems%29.ym	2003
https://www.cpc-power.com/YM/Space%20Harrier%202-4%20%281986%29%28Elite%20Systems%29.ym	2003
https://www.cpc-power.com/YM/Space%20Harrier%203-4%20%281986%29%28Elite%20Systems%29.ym	2003
https://www.cpc-power.com/YM/Space%20Harrier%204-4%20%281986%29%28Elite%20Systems%29.ym	2003
https://www.cpc-power.com/YM/Space%20Harrier%202%201-5%20%281988%29%28Sega%29%28Matt%20Furniss%29.ym	2004
https://www.cpc-power.com/YM/Space%20Harrier%202%202-5%20%281988%29%28Sega%29%28Matt%20Furniss%29.ym	2004
https://www.cpc-power.com/YM/Space%20Harrier%202%203-5%20%281988%29%28Sega%29%28Matt%20Furniss%29.ym	2004
https://www.cpc-power.com/YM/Space%20Harrier%202%204-5%20%281988%29%28Sega%29%28Matt%20Furniss%29.ym	2004
https://www.cpc-power.com/YM/Space%20Harrier%202%205-5%20%281988%29%28Sega%29%28Matt%20Furniss%29.ym	2004
https://www.cpc-power.com/YM/Space%20Hawks%20%281984%29%28Amsoft%29.ym	2005
https://www.cpc-power.com/YM/Voyage%20Au%20Centre%20De%20La%20Terre%20%281988%29%28Chip%29%28Eric%20Chahi%29.ym	2006
https://www.cpc-power.com/YM/Space%20Racer%20%281988%29%28Loriciels%29%28Michel%20Winogradoff%29%28Basic%29.ym	2009
https://www.cpc-power.com/YM/Viz%20-%20The%20Computer%20Game%20%281991%29%28Virgin%20Games%29%28Jeroen%20Tel%29.ym	2011
https://www.cpc-power.com/YM/Vixen%201-3%20%281988%29%28Martech%20Games%29%28Jason%20C%20Brooke%29.ym	2015
https://www.cpc-power.com/YM/Vixen%202-3%20%281988%29%28Martech%20Games%29%28Jason%20C%20Brooke%29.ym	2015
https://www.cpc-power.com/YM/Vixen%203-3%20%281988%29%28Martech%20Games%29%28Jason%20C%20Brooke%29.ym	2015
https://www.cpc-power.com/YM/Spannerman%20%281984%29%28Amsoft%29%28Chris%20Hunt%29.ym	2019
https://www.cpc-power.com/YM/Speedzone%20%281988%29%28ClockWise%29.ym	2022
https://www.cpc-power.com/YM/Spellbound%20%281985%29%28Mastertronic%29%28Rob%20Hubbard%29.ym	2023
https://www.cpc-power.com/YM/Sphaira%20%281989%29%28UBI%20Soft%29.ym	2024
https://www.cpc-power.com/YM/Vindicators%20%281988%29%28Domark%29%28Dave%20Kelly%29.ym	2026
https://www.cpc-power.com/YM/Vindicator%20Part%201%201-3%20%281988%29%28Imagine%29%28Jonathan%20Dunn%29.ym	2027
https://www.cpc-power.com/YM/Vindicator%20Part%201%202-3%20%281988%29%28Imagine%29%28Jonathan%20Dunn%29.ym	2027
https://www.cpc-power.com/YM/Vindicator%20Part%201%203-3%20%281988%29%28Imagine%29%28Jonathan%20Dunn%29.ym	2027
https://www.cpc-power.com/YM/Vindicator%20Part%202%201-4%20%281988%29%28Imagine%29%28Jonathan%20Dunn%29.ym	2027
https://www.cpc-power.com/YM/Vindicator%20Part%202%202-4%20%281988%29%28Imagine%29%28Jonathan%20Dunn%29.ym	2027
https://www.cpc-power.com/YM/Vindicator%20Part%202%203-4%20%281988%29%28Imagine%29%28Jonathan%20Dunn%29.ym	2027
https://www.cpc-power.com/YM/Vindicator%20Part%202%204-4%20%281988%29%28Imagine%29%28Jonathan%20Dunn%29.ym	2027
https://www.cpc-power.com/YM/Vindicator%20Part%203%201-3%20%281988%29%28Imagine%29%28Jonathan%20Dunn%29.ym	2027
https://www.cpc-power.com/YM/Vindicator%20Part%203%202-3%20%281988%29%28Imagine%29%28Jonathan%20Dunn%29.ym	2027
https://www.cpc-power.com/YM/Vindicator%20Part%203%203-3%20%281988%29%28Imagine%29%28Jonathan%20Dunn%29.ym	2027
https://www.cpc-power.com/YM/Spiky%20Harold%20%281986%29%28Firebird%29%28Melvyn%20Wright%29%28Tape%20Loader%29.ym	2028
https://www.cpc-power.com/YM/Spirits%20-%20Intro%20%281987%29%28Topo%20Soft%29%28Alejandro%20Andre%29.ym	2030
https://www.cpc-power.com/YM/Spirits%20-%20Game%20Over%20%281987%29%28Topo%20Soft%29%28Alejandro%20Andre%29.ym	2030
https://www.cpc-power.com/YM/Spitfire%2040%20%281985%29%28Mirrorsoft%29%28Gaz%29.ym	2032
https://www.cpc-power.com/YM/Spitting%20Image%20-%20The%20Computer%20Game%201-6%20%281988%29%28Domark%29%28David%20Whittaker%29.ym	2033
https://www.cpc-power.com/YM/Spitting%20Image%20-%20The%20Computer%20Game%202-6%20%281988%29%28Domark%29%28David%20Whittaker%29.ym	2033
https://www.cpc-power.com/YM/Spitting%20Image%20-%20The%20Computer%20Game%203-6%20%281988%29%28Domark%29%28David%20Whittaker%29.ym	2033
https://www.cpc-power.com/YM/Spitting%20Image%20-%20The%20Computer%20Game%204-6%20%281988%29%28Domark%29%28David%20Whittaker%29.ym	2033
https://www.cpc-power.com/YM/Spitting%20Image%20-%20The%20Computer%20Game%205-6%20%281988%29%28Domark%29%28David%20Whittaker%29.ym	2033
https://www.cpc-power.com/YM/Spitting%20Image%20-%20The%20Computer%20Game%206-6%20%281988%29%28Domark%29%28David%20Whittaker%29.ym	2033
https://www.cpc-power.com/YM/Split%20Personalities%201-2%20%281989%29%28Domark%29%28John%20Brozovsky%29.ym	2035
https://www.cpc-power.com/YM/Split%20Personalities%202-2%20%281989%29%28Domark%29%28John%20Brozovsky%29.ym	2035
https://www.cpc-power.com/YM/Spy%20Hunter%20%281986%29%28Amsoft%29.ym	2039
https://www.cpc-power.com/YM/The%20Spy%20Who%20Loved%20Me%20%281990%29%28Domark%29.ym	2043
https://www.cpc-power.com/YM/Sram%20%281986%29%28Ere%20Software%29.ym	2044
https://www.cpc-power.com/YM/Sram%202%20%281986%29%28Ere%20Software%29.ym	2045
https://www.cpc-power.com/YM/Stainless%20Steel%20%281986%29%28Microgen%29.ym	2046
https://www.cpc-power.com/YM/Star%20Bowls%20%281991%29%28Zigurat%29.ym	2048
https://www.cpc-power.com/YM/Star%20Raiders%202%20%281987%29%28Activision%29.ym	2053
https://www.cpc-power.com/YM/Star%20Trap%20%281989%29%28Loriciels%29%28Michel%20Winogradoff%29%28Basic%29.ym	2055
https://www.cpc-power.com/YM/Star%20Wars%20%281987%29%28Domark%29%28David%20Whittaker%29.ym	2058
https://www.cpc-power.com/YM/Star%20Wars%20Droids%201-3%20%281988%29%28Mastertronic%29%28Tiny%20William%29.ym	2059
https://www.cpc-power.com/YM/Star%20Wars%20Droids%202-3%20%281988%29%28Mastertronic%29%28Tiny%20William%29.ym	2059
https://www.cpc-power.com/YM/Star%20Wars%20Droids%203-3%20%281988%29%28Mastertronic%29%28Tiny%20William%29.ym	2059
https://www.cpc-power.com/YM/Starboy%20%281986%29%28Gasoline%20Software%29%28Bernard%20Vianey%29.ym	2061
https://www.cpc-power.com/YM/Stardust%20%281987%29%28Topo%20Soft%29%28Cesar%20Astudillo%29.ym	2062
https://www.cpc-power.com/YM/Starquake%201-5%20%281986%29%28Bubble%20Bus%20Software%29.ym	2065
https://www.cpc-power.com/YM/Starquake%202-5%20%281986%29%28Bubble%20Bus%20Software%29.ym	2065
https://www.cpc-power.com/YM/Starquake%203-5%20%281986%29%28Bubble%20Bus%20Software%29.ym	2065
https://www.cpc-power.com/YM/Starquake%204-5%20%281986%29%28Bubble%20Bus%20Software%29.ym	2065
https://www.cpc-power.com/YM/Starquake%205-5%20%281986%29%28Bubble%20Bus%20Software%29.ym	2065
https://www.cpc-power.com/YM/Starstrike%202%201-2%20%281986%29%28Firebird%29.ym	2066
https://www.cpc-power.com/YM/Starstrike%202%202-2%20%281986%29%28Firebird%29.ym	2066
https://www.cpc-power.com/YM/Starting%20Blocks%20%281988%29%28Coktel%20Vision%29.ym	2067
https://www.cpc-power.com/YM/Steel%20Eagle%201-4%20%281990%29%28Players%29%28Sonic%20Grafitti%29.ym	2068
https://www.cpc-power.com/YM/Steel%20Eagle%202-4%20%281990%29%28Players%29%28Sonic%20Grafitti%29.ym	2068
https://www.cpc-power.com/YM/Steel%20Eagle%203-4%20%281990%29%28Players%29%28Sonic%20Grafitti%29.ym	2068
https://www.cpc-power.com/YM/Steel%20Eagle%204-4%20%281990%29%28Players%29%28Sonic%20Grafitti%29.ym	2068
https://www.cpc-power.com/YM/Stifflip%20%26%20Co%20%281987%29%28Palace%20Software%29%28Richard%20Joseph%29.ym	2072
https://www.cpc-power.com/YM/Storm%20Warrior%20%281989%29%28Elite%20Systems%29.ym	2075
https://www.cpc-power.com/YM/Street%20Cred%20Boxing%20%281989%29%28Players%29.ym	2082
https://www.cpc-power.com/YM/Street%20Cred%27%20Football%201-2%20%281989%29%28Players%29%28Andy%20Serven%29.ym	2083
https://www.cpc-power.com/YM/Street%20Cred%27%20Football%202-2%20%281989%29%28Players%29%28Andy%20Serven%29.ym	2083
https://www.cpc-power.com/YM/Merlin%20%281987%29%28Bretagne%20Edit%20presse%29.ym	2085
https://www.cpc-power.com/YM/Street%20Gang%20Football%201-3%20%281989%29%28Codemasters%29%28David%20Whittaker%29.ym	2087
https://www.cpc-power.com/YM/Street%20Gang%20Football%202-3%20%281989%29%28Codemasters%29%28David%20Whittaker%29.ym	2087
https://www.cpc-power.com/YM/Street%20Gang%20Football%203-3%20%281989%29%28Codemasters%29%28David%20Whittaker%29.ym	2087
https://www.cpc-power.com/YM/Street%20Soccer%201-3%20%281989%29%28Codemasters%20Software%29%28David%20Whittaker%29.ym	2090
https://www.cpc-power.com/YM/Street%20Soccer%202-3%20%281989%29%28Codemasters%20Software%29%28David%20Whittaker%29.ym	2090
https://www.cpc-power.com/YM/Street%20Soccer%203-3%20%281989%29%28Codemasters%20Software%29%28David%20Whittaker%29.ym	2090
https://www.cpc-power.com/YM/Viaje%20Al%20Centro%20De%20La%20Tierra%20%281989%29%28Topo%20Soft%29%28TPM%29.ym	2092
https://www.cpc-power.com/YM/Strider%201-4%20%281989%29%28U.S.Gold%29.ym	2093
https://www.cpc-power.com/YM/Strider%202-4%20%281989%29%28U.S.Gold%29.ym	2093
https://www.cpc-power.com/YM/Strider%203-4%20%281989%29%28U.S.Gold%29.ym	2093
https://www.cpc-power.com/YM/Strider%204-4%20%281989%29%28U.S.Gold%29.ym	2093
https://www.cpc-power.com/YM/Strider%202%201-4%20%281990%29%28U.S.%20Gold%29.ym	2094
https://www.cpc-power.com/YM/Strider%202%202-4%20%281990%29%28U.S.%20Gold%29.ym	2094
https://www.cpc-power.com/YM/Strider%202%203-4%20%281990%29%28U.S.%20Gold%29.ym	2094
https://www.cpc-power.com/YM/Strider%202%204-4%20%281990%29%28U.S.%20Gold%29.ym	2094
https://www.cpc-power.com/YM/Strike%20%281987%29%28Mastertronic%29%28Jason%20C.%20Brooke%29.ym	2095
https://www.cpc-power.com/YM/Striker%20In%20The%20Crypts%20Of%20Trogan%201-3%20%281992%29%28Codemasters%29%28Andy%20Wynd%29.ym	2098
https://www.cpc-power.com/YM/Striker%20In%20The%20Crypts%20Of%20Trogan%202-3%20%281992%29%28Codemasters%29%28Andy%20Wynd%29.ym	2098
https://www.cpc-power.com/YM/Striker%20In%20The%20Crypts%20Of%20Trogan%203-3%20%281992%29%28Codemasters%29%28Andy%20Wynd%29.ym	2098
https://www.cpc-power.com/YM/Stryfe%20-%20The%20Everlasting%20Battle%20-%20Intro%20%281986%29%28Ere%20Informatique%29.ym	2102
https://www.cpc-power.com/YM/Stryfe%20-%20The%20Everlasting%20Battle%20-%20Menu%20%281986%29%28Ere%20Informatique%29.ym	2102
https://www.cpc-power.com/YM/Stun%20Runner%201-2%20%281991%29%28Domark%29.ym	2104
https://www.cpc-power.com/YM/Stun%20Runner%202-2%20%281991%29%28Domark%29.ym	2104
https://www.cpc-power.com/YM/Stunt%20Man%20Seymour%201-2%20%281992%29%28Codemasters%29.ym	2107
https://www.cpc-power.com/YM/Stunt%20Man%20Seymour%202-2%20%281992%29%28Codemasters%29.ym	2107
https://www.cpc-power.com/YM/Subway%20Vigilante%20%281989%29%28Players%29.ym	2110
https://www.cpc-power.com/YM/Venom%20Strikes%20Back%201-2%20%281988%29%28Gremlin%20Graphics%29%28Ben%20Daglish%29.ym	2116
https://www.cpc-power.com/YM/Venom%20Strikes%20Back%202-2%20%281988%29%28Gremlin%20Graphics%29%28Ben%20Daglish%29.ym	2116
https://www.cpc-power.com/YM/Super%20Cars%201-7%20%281990%29%28Gremlin%20Graphics%29%28Ben%20Daglish%29.ym	2117
https://www.cpc-power.com/YM/Super%20Cars%202-7%20%281990%29%28Gremlin%20Graphics%29%28Ben%20Daglish%29.ym	2117
https://www.cpc-power.com/YM/Super%20Cars%203-7%20%281990%29%28Gremlin%20Graphics%29%28Ben%20Daglish%29.ym	2117
https://www.cpc-power.com/YM/Super%20Cars%204-7%20%281990%29%28Gremlin%20Graphics%29%28Ben%20Daglish%29.ym	2117
https://www.cpc-power.com/YM/Super%20Cars%205-7%20%281990%29%28Gremlin%20Graphics%29%28Ben%20Daglish%29.ym	2117
https://www.cpc-power.com/YM/Super%20Cars%206-7%20%281990%29%28Gremlin%20Graphics%29%28Ben%20Daglish%29.ym	2117
https://www.cpc-power.com/YM/Super%20Cars%207-7%20%281990%29%28Gremlin%20Graphics%29%28Ben%20Daglish%29.ym	2117
https://www.cpc-power.com/YM/Super%20Cauldron%20%281992%29%28Titus%29%28ST-Module%29.ym	2119
https://www.cpc-power.com/YM/Super%20Gran%20%281985%29%28Tynesoft%29.ym	2123
https://www.cpc-power.com/YM/Super%20Hero%201-2%20%281988%29%28Codemasters%29.ym	2125
https://www.cpc-power.com/YM/Super%20Hero%202-2%20%281988%29%28Codemasters%29.ym	2125
https://www.cpc-power.com/YM/Super%20League%20%281989%29%28Players%20Premier%29%28Sonic%20Graffiti%29.ym	2128
https://www.cpc-power.com/YM/Super%20Monaco%20GP%201-6%20%281991%29%28US%20Gold%29%28Tiny%20Williams%29.ym	2129
https://www.cpc-power.com/YM/Super%20Monaco%20GP%202-6%20%281991%29%28US%20Gold%29%28Tiny%20Williams%29.ym	2129
https://www.cpc-power.com/YM/Super%20Monaco%20GP%203-6%20%281991%29%28US%20Gold%29%28Tiny%20Williams%29.ym	2129
https://www.cpc-power.com/YM/Super%20Monaco%20GP%204-6%20%281991%29%28US%20Gold%29%28Tiny%20Williams%29.ym	2129
https://www.cpc-power.com/YM/Super%20Monaco%20GP%205-6%20%281991%29%28US%20Gold%29%28Tiny%20Williams%29.ym	2129
https://www.cpc-power.com/YM/Super%20Monaco%20GP%206-6%20%281991%29%28US%20Gold%29%28Tiny%20Williams%29.ym	2129
https://www.cpc-power.com/YM/Amstrad%20Unlocked%20%281985%29%28Strategy%20Software%29%28Basic%29.ym	2130
https://www.cpc-power.com/YM/Super%20Robin%20Hood%20%281986%29%28Codemasters%29%28Jon%20Paul%20Eldridge%29.ym	2132
https://www.cpc-power.com/YM/Super%20Scramble%20Simulator%201-2%20%281989%29%28Gremlin%20Graphics%29%28Ben%20Daglish%29.ym	2134
https://www.cpc-power.com/YM/Super%20Scramble%20Simulator%202-2%20%281989%29%28Gremlin%20Graphics%29%28Ben%20Daglish%29.ym	2134
https://www.cpc-power.com/YM/Super%20Seymour%20Saves%20The%20Planet%20%281992%29%28Codemasters%29%28Allister%20Brimble%29.ym	2135
https://www.cpc-power.com/YM/Super%20Skweek%20%281990%29%28Loriciels%29.ym	2138
https://www.cpc-power.com/YM/Super%20Sleuth%20%281986%29%28Gremlin%20Graphics%20Software%29.ym	2139
https://www.cpc-power.com/YM/Super%20Soccer%20%281987%29%28Ocean%20Software%29.ym	2140
https://www.cpc-power.com/YM/Super%20Space%20Invaders%20%281991%29%28Domark%29.ym	2141
https://www.cpc-power.com/YM/Super%20Sports%20-%20The%20Olympic%20Challenge%201-2%20%281988%29%28Gremlin%20Graphics%29%28Ben%20Daglish%29.ym	2142
https://www.cpc-power.com/YM/Super%20Sports%20-%20The%20Olympic%20Challenge%202-2%20%281988%29%28Gremlin%20Graphics%29%28Ben%20Daglish%29.ym	2142
https://www.cpc-power.com/YM/Super%20Stock%20Car%201-4%20%281989%29%28Mastertronic%29%28Jason%20C%20Brooke%29.ym	2144
https://www.cpc-power.com/YM/Super%20Stock%20Car%202-4%20%281989%29%28Mastertronic%29%28Jason%20C%20Brooke%29.ym	2144
https://www.cpc-power.com/YM/Super%20Stock%20Car%203-4%20%281989%29%28Mastertronic%29%28Jason%20C%20Brooke%29.ym	2144
https://www.cpc-power.com/YM/Super%20Stock%20Car%204-4%20%281989%29%28Mastertronic%29%28Jason%20C%20Brooke%29.ym	2144
https://www.cpc-power.com/YM/Super%20Stuntman%201-3%20%281987%29%28Codemasters%29%28David%20Whittaker%29.ym	2145
https://www.cpc-power.com/YM/Super%20Stuntman%202-3%20%281987%29%28Codemasters%29%28David%20Whittaker%29.ym	2145
https://www.cpc-power.com/YM/Super%20Stuntman%203-3%20%281987%29%28Codemasters%29%28David%20Whittaker%29.ym	2145
https://www.cpc-power.com/YM/Super%20Tank%20Simulator%20%281989%29%28Codemasters%20Software%29%28Steve%20Barrett%29.ym	2146
https://www.cpc-power.com/YM/Superted%20%281990%29%28Alternative%20Software%29.ym	2147
https://www.cpc-power.com/YM/Super%20Trolley%201-2%20%281988%29%28Mastertronic%29%28Jason%20C%20Brooke%29.ym	2148
https://www.cpc-power.com/YM/Super%20Trolley%202-2%20%281988%29%28Mastertronic%29%28Jason%20C%20Brooke%29.ym	2148
https://www.cpc-power.com/YM/Super%20Trux%20%281988%29%28Elite%20System%20Ltd%29%28Jason%20C%20Brooke%29%28JCB%20Sound%20Module%29.ym	2149
https://www.cpc-power.com/YM/Super%20Wonderboy%20In%20Monster%20Land%201-2%20%281989%29%28Activision%29%28David%20Whittaker%29.ym	2150
https://www.cpc-power.com/YM/Super%20Wonderboy%20In%20Monster%20Land%202-2%20%281989%29%28Activision%29%28David%20Whittaker%29.ym	2150
https://www.cpc-power.com/YM/Super%20Kid%20%281990%29%28Atlantis%20Software%29%28Total%20Kaos%29.ym	2152
https://www.cpc-power.com/YM/Vectorball%20%281988%29%28Mastertronic%29%28Wally%20Beben%29.ym	2155
https://www.cpc-power.com/YM/Survivor%20%281987%29%28Topo%20Soft%29.ym	2156
https://www.cpc-power.com/YM/Survivre%20-%20Classic%20%281992%29%28Lankhor%29%28Music%20Pro%29.ym	2159
https://www.cpc-power.com/YM/Survivre%20-%20Delire%20%281992%29%28Lankhor%29%28Music%20Pro%29.ym	2159
https://www.cpc-power.com/YM/Survivre%20-%20Distroy%20%281992%29%28Lankhor%29%28Music%20Pro%29.ym	2159
https://www.cpc-power.com/YM/Survivre%20-%20Esp%20Music%20%281992%29%28Lankhor%29%28Music%20Pro%29.ym	2159
https://www.cpc-power.com/YM/Survivre%20-%20Futur%20%281992%29%28Lankhor%29%28Music%20Pro%29.ym	2159
https://www.cpc-power.com/YM/Survivre%20-%20Hawai%20%281992%29%28Lankhor%29%28Music%20Pro%29.ym	2159
https://www.cpc-power.com/YM/Survivre%20-%20Japan%20%281992%29%28Lankhor%29%28Music%20Pro%29.ym	2159
https://www.cpc-power.com/YM/Survivre%20-%20Java%20%281992%29%28Lankhor%29%28Music%20Pro%29.ym	2159
https://www.cpc-power.com/YM/Survivre%20-%20N3%20%281992%29%28Lankhor%29%28Music%20Pro%29.ym	2159
https://www.cpc-power.com/YM/Survivre%20-%20New%20Beat%20%281992%29%28Lankhor%29%28Music%20Pro%29.ym	2159
https://www.cpc-power.com/YM/Survivre%20-%20Okfot%20%281992%29%28Lankhor%29%28Music%20Pro%29.ym	2159
https://www.cpc-power.com/YM/Survivre%20-%20Safari%20%281992%29%28Lankhor%29%28Music%20Pro%29.ym	2159
https://www.cpc-power.com/YM/Survivre%20-%20Souland%20%281992%29%28Lankhor%29%28Music%20Pro%29.ym	2159
https://www.cpc-power.com/YM/Survivre%20-%20Strange%20%281992%29%28Lankhor%29%28Music%20Pro%29.ym	2159
https://www.cpc-power.com/YM/Survivre%20-%20Super%20%281992%29%28Lankhor%29%28Music%20Pro%29.ym	2159
https://www.cpc-power.com/YM/Survivre%20-%20Urss%20%281992%29%28Lankhor%29%28Music%20Pro%29.ym	2159
https://www.cpc-power.com/YM/Survivre%20-%20Vava%20%281992%29%28Lankhor%29%28Music%20Pro%29.ym	2159
https://www.cpc-power.com/YM/Survivre%20-%20Victoire%20%281992%29%28Lankhor%29%28Music%20Pro%29.ym	2159
https://www.cpc-power.com/YM/Sweevo%27s%20World%20%281986%29%28Gargoyle%20Games%29.ym	2161
https://www.cpc-power.com/YM/Switch%20Blade%201-3%20%281990%29%28Gremlin%20Graphics%29%28Ben%20Daglish%29.ym	2162
https://www.cpc-power.com/YM/Switch%20Blade%202-3%20%281990%29%28Gremlin%20Graphics%29%28Ben%20Daglish%29.ym	2162
https://www.cpc-power.com/YM/Switch%20Blade%203-3%20%281990%29%28Gremlin%20Graphics%29%28Ben%20Daglish%29.ym	2162
https://www.cpc-power.com/YM/Sword%20Slayer%20%281988%29%28Players%29%28Mike%20Brown%20and%20Andy%20Severn%29.ym	2164
https://www.cpc-power.com/YM/Tales%20Of%20The%20Arabian%20Nights%20%281985%29%28Interceptor%20Software%29%28Kevin%20Parker%29.ym	2170
https://www.cpc-power.com/YM/Tank%20%281987%29%28Ocean%20Software%29.ym	2173
https://www.cpc-power.com/YM/Tapper%20-%20Official%20Arcade%20Game%20%281986%29%28Amsoft%29.ym	2175
https://www.cpc-power.com/YM/Tapper%20-%20Official%20Arcade%20Game%20-%20InGame%20%281986%29%28Amsoft%29.ym	2175
https://www.cpc-power.com/YM/Targhan%20%281990%29%28Silmarils%29.ym	2177
https://www.cpc-power.com/YM/Tarzan%20%281986%29%28Martech%29.ym	2178
https://www.cpc-power.com/YM/Task%20Force%20%281989%29%28Players%29%28Ian%20Sheridan%29.ym	2179
https://www.cpc-power.com/YM/Techno-Cop%20%281988%29%28Gremlin%20Graphics%29%28Ben%20Daglish%29.ym	2182
https://www.cpc-power.com/YM/Teenage%20Mutant%20Hero%20Turtles%20%281990%29%28Probe%29%28Tiny%20Williams%29.ym	2183
https://www.cpc-power.com/YM/Teenage%20Mutant%20Hero%20Turtles%202%201-13%20%281991%29%28Probe%29.ym	2184
https://www.cpc-power.com/YM/Teenage%20Mutant%20Hero%20Turtles%202%202-13%20%281991%29%28Probe%29.ym	2184
https://www.cpc-power.com/YM/Teenage%20Mutant%20Hero%20Turtles%202%203-13%20%281991%29%28Probe%29.ym	2184
https://www.cpc-power.com/YM/Teenage%20Mutant%20Hero%20Turtles%202%204-13%20%281991%29%28Probe%29.ym	2184
https://www.cpc-power.com/YM/Teenage%20Mutant%20Hero%20Turtles%202%205-13%20%281991%29%28Probe%29.ym	2184
https://www.cpc-power.com/YM/Teenage%20Mutant%20Hero%20Turtles%202%206-13%20%281991%29%28Probe%29.ym	2184
https://www.cpc-power.com/YM/Teenage%20Mutant%20Hero%20Turtles%202%207-13%20%281991%29%28Probe%29.ym	2184
https://www.cpc-power.com/YM/Teenage%20Mutant%20Hero%20Turtles%202%208-13%20%281991%29%28Probe%29.ym	2184
https://www.cpc-power.com/YM/Teenage%20Mutant%20Hero%20Turtles%202%209-13%20%281991%29%28Probe%29.ym	2184
https://www.cpc-power.com/YM/Teenage%20Mutant%20Hero%20Turtles%202%2010-13%20%281991%29%28Probe%29.ym	2184
https://www.cpc-power.com/YM/Teenage%20Mutant%20Hero%20Turtles%202%2011-13%20%281991%29%28Probe%29.ym	2184
https://www.cpc-power.com/YM/Teenage%20Mutant%20Hero%20Turtles%202%2012-13%20%281991%29%28Probe%29.ym	2184
https://www.cpc-power.com/YM/Teenage%20Mutant%20Hero%20Turtles%202%2013-13%20%281991%29%28Probe%29.ym	2184
https://www.cpc-power.com/YM/Teenage%20Queen%20%281988%29%28Ere%29%28Music%20Pro%29.ym	2185
https://www.cpc-power.com/YM/Tempest%20%281986%29%28Activision%29%28David%20K%20Pridmore%29.ym	2186
https://www.cpc-power.com/YM/Tennis%20Cup%20%281989%29%28Loriciels%29%28Michel%20WINOGRADOFF%29%28Basic%29.ym	2194
https://www.cpc-power.com/YM/Tensions%201-6%20%281986%29%28Ere%20Informatique%29.ym	2195
https://www.cpc-power.com/YM/Tensions%202-6%20%281986%29%28Ere%20Informatique%29.ym	2195
https://www.cpc-power.com/YM/Tensions%203-6%20%281986%29%28Ere%20Informatique%29.ym	2195
https://www.cpc-power.com/YM/Tensions%204-6%20%281986%29%28Ere%20Informatique%29.ym	2195
https://www.cpc-power.com/YM/Tensions%205-6%20%281986%29%28Ere%20Informatique%29.ym	2195
https://www.cpc-power.com/YM/Tensions%206-6%20%281986%29%28Ere%20Informatique%29.ym	2195
https://www.cpc-power.com/YM/Terminator%202%20-%20Judgement%20Day%201-3%20%281991%29%28Ocean%20Software%29%28Jonathan%20Dunn%29.ym	2196
https://www.cpc-power.com/YM/Terminator%202%20-%20Judgement%20Day%202-3%20%281991%29%28Ocean%20Software%29%28Jonathan%20Dunn%29.ym	2196
https://www.cpc-power.com/YM/Terminator%202%20-%20Judgement%20Day%203-3%20%281991%29%28Ocean%20Software%29%28Jonathan%20Dunn%29.ym	2196
https://www.cpc-power.com/YM/Terramex%20%281988%29%28Grandslam%29%28Ben%20Daglish%29.ym	2200
https://www.cpc-power.com/YM/Terre%20Et%20Conquerants%20%281989%29%28Ubi%20Soft%29%28Gregory%20Clement%29.ym	2201
https://www.cpc-power.com/YM/Tetris%201-3%20%281987%29%28MirrorSoft%29%28David%20Whittaker%29.ym	2208
https://www.cpc-power.com/YM/Tetris%202-3%20%281987%29%28MirrorSoft%29%28David%20Whittaker%29.ym	2208
https://www.cpc-power.com/YM/Tetris%203-3%20%281987%29%28MirrorSoft%29%28David%20Whittaker%29.ym	2208
https://www.cpc-power.com/YM/Thai%20Boxing%20%281986%29%28Anco%20Software%20Ltd%29.ym	2209
https://www.cpc-power.com/YM/Thanatos%20%281986%29%28Durell%20Software%29%28Julian%20Breeze%29.ym	2210
https://www.cpc-power.com/YM/Flintstones%201-2%20%281988%29%28Hanna-Barbera%20Productions%29%28Ben%20Daglish%29.ym	2211
https://www.cpc-power.com/YM/Flintstones%202-2%20%281988%29%28Hanna-Barbera%20Productions%29%28Ben%20Daglish%29.ym	2211
https://www.cpc-power.com/YM/Thing%20Bounces%20Back%20%281987%29%28Gremlin%20Graphics%29%28Ben%20Daglish%29.ym	2215
https://www.cpc-power.com/YM/Thing%20on%20a%20Spring%20%281990%29%28Gremlin%20Graphics%29%28Ben%20Daglish%29.ym	2216
https://www.cpc-power.com/YM/Thingy%20And%20The%20Doodahs%20%281987%29%28Silverbird%29.ym	2217
https://www.cpc-power.com/YM/Thomas%20The%20Tank%20Engine%20%281990%29%28Alternative%20Software%29.ym	2219
https://www.cpc-power.com/YM/Thrust%20%281986%29%28Firebird%29%28Melvyn%20Wright%29%28Tape%20Loader%29.ym	2221
https://www.cpc-power.com/YM/Thrust%20II%20%281986%29%28Firebird%29.ym	2222
https://www.cpc-power.com/YM/Thunderbirds%20%281989%29%28Grandslam%29.ym	2223
https://www.cpc-power.com/YM/Thunder%20Blade%201-3%20%281988%29%28U.S.%20Gold%29.ym	2224
https://www.cpc-power.com/YM/Thunder%20Blade%202-3%20%281988%29%28U.S.%20Gold%29.ym	2224
https://www.cpc-power.com/YM/Thunder%20Blade%203-3%20%281988%29%28U.S.%20Gold%29.ym	2224
https://www.cpc-power.com/YM/Thunder%20Burner%20%281991%29%28Loriciels%29%28Michel%20Winogradoff%29%28Basic%29.ym	2225
https://www.cpc-power.com/YM/Thunder%20Cats%20%281987%29%28Elite%20System%20Ltd%29%28David%20Whittaker%29.ym	2226
https://www.cpc-power.com/YM/Thunder%20Jaws%20%281991%29%28Domark%29.ym	2227
https://www.cpc-power.com/YM/Tiddly%20Drinks%20-%2001-07%20%281987%29%28Gremlin%20Graphics%20Software%29.ym	2229
https://www.cpc-power.com/YM/Tiddly%20Drinks%20-%2002-07%20%281987%29%28Gremlin%20Graphics%20Software%29.ym	2229
https://www.cpc-power.com/YM/Tiddly%20Drinks%20-%2003-07%20%281987%29%28Gremlin%20Graphics%20Software%29.ym	2229
https://www.cpc-power.com/YM/Tiddly%20Drinks%20-%2004-07%20%281987%29%28Gremlin%20Graphics%20Software%29.ym	2229
https://www.cpc-power.com/YM/Tiddly%20Drinks%20-%2005-07%20%281987%29%28Gremlin%20Graphics%20Software%29.ym	2229
https://www.cpc-power.com/YM/Tiddly%20Drinks%20-%2006-07%20%281987%29%28Gremlin%20Graphics%20Software%29.ym	2229
https://www.cpc-power.com/YM/Tiddly%20Drinks%20-%2007-07%20%281987%29%28Gremlin%20Graphics%20Software%29.ym	2229
https://www.cpc-power.com/YM/Tiger%20Road%201-6%20%281987%29%28US%20Gold%29%28Jason%20C%20Brooke%29.ym	2231
https://www.cpc-power.com/YM/Tiger%20Road%202-6%20%281987%29%28US%20Gold%29%28Jason%20C%20Brooke%29.ym	2231
https://www.cpc-power.com/YM/Tiger%20Road%203-6%20%281987%29%28US%20Gold%29%28Jason%20C%20Brooke%29.ym	2231
https://www.cpc-power.com/YM/Tiger%20Road%204-6%20%281987%29%28US%20Gold%29%28Jason%20C%20Brooke%29.ym	2231
https://www.cpc-power.com/YM/Tiger%20Road%205-6%20%281987%29%28US%20Gold%29%28Jason%20C%20Brooke%29.ym	2231
https://www.cpc-power.com/YM/Tiger%20Road%206-6%20%281987%29%28US%20Gold%29%28Jason%20C%20Brooke%29.ym	2231
https://www.cpc-power.com/YM/Le%20Tigre%20Et%20Les%20Chevres%20Bagh-Chal%20%281985%29%28Free%20Game%20Blot%29%28Th.%20Eveilleau%29%28Basic%29.ym	2233
https://www.cpc-power.com/YM/Usagi%20Yo%20Jimbo%20%281988%29%28Firebird%29.ym	2235
https://www.cpc-power.com/YM/Time%20Out%20%281988%29%28Zafiro%20Software%29%28Isidro%20Gilabert%29.ym	2237
https://www.cpc-power.com/YM/Time%20Scanner%201-4%20%281989%29%28Activision%29.ym	2238
https://www.cpc-power.com/YM/Time%20Scanner%202-4%20%281989%29%28Activision%29.ym	2238
https://www.cpc-power.com/YM/Time%20Scanner%203-4%20%281989%29%28Activision%29.ym	2238
https://www.cpc-power.com/YM/Time%20Scanner%204-4%20%281989%29%28Activision%29.ym	2238
https://www.cpc-power.com/YM/Uridium%20%281987%29%28Hewson%29%28Dave%20Rogers%29%28JDR%20Sound%20Driver%29.ym	2239
https://www.cpc-power.com/YM/Times%20Of%20Lore%20-%20Intro%20%281988%29%28Origin%20Systems%29.ym	2243
https://www.cpc-power.com/YM/Times%20Of%20Lore%201-8%20%281988%29%28Origin%20Systems%29.ym	2243
https://www.cpc-power.com/YM/Times%20Of%20Lore%202-8%20%281988%29%28Origin%20Systems%29.ym	2243
https://www.cpc-power.com/YM/Times%20Of%20Lore%203-8%20%281988%29%28Origin%20Systems%29.ym	2243
https://www.cpc-power.com/YM/Times%20Of%20Lore%204-8%20%281988%29%28Origin%20Systems%29.ym	2243
https://www.cpc-power.com/YM/Times%20Of%20Lore%205-8%20%281988%29%28Origin%20Systems%29.ym	2243
https://www.cpc-power.com/YM/Times%20Of%20Lore%206-8%20%281988%29%28Origin%20Systems%29.ym	2243
https://www.cpc-power.com/YM/Times%20Of%20Lore%207-8%20%281988%29%28Origin%20Systems%29.ym	2243
https://www.cpc-power.com/YM/Times%20Of%20Lore%208-8%20%281988%29%28Origin%20Systems%29.ym	2243
https://www.cpc-power.com/YM/Timetrax%20%281986%29%28Mindgames%29.ym	2244
https://www.cpc-power.com/YM/Tintin%20on%20the%20Moon%20%281989%29%28Infogrames%29%28Charles%20Callet%29%28Music%20Pro%29.ym	2245
https://www.cpc-power.com/YM/Tiny%20Skweeks%20%281991%29%28Loriciel%29%28Frederic%20Motte%29%28Music%20Pro%29.ym	2246
https://www.cpc-power.com/YM/Titanic%20%281988%29%28Topo%20Soft%29.ym	2249
https://www.cpc-power.com/YM/Tom%20%26%20Jerry%20%281989%29%28Magic%20Bytes%29.ym	2255
https://www.cpc-power.com/YM/Tony%20Truand%20%281985%29%28Loriciels%29%28Basic%29.ym	2259
https://www.cpc-power.com/YM/Toobin%27%201-6%20%281989%29%28Tengen%29%28Matt%20Furniss%29.ym	2260
https://www.cpc-power.com/YM/Toobin%27%202-6%20%281989%29%28Tengen%29%28Matt%20Furniss%29.ym	2260
https://www.cpc-power.com/YM/Toobin%27%203-6%20%281989%29%28Tengen%29%28Matt%20Furniss%29.ym	2260
https://www.cpc-power.com/YM/Toobin%27%204-6%20%281989%29%28Tengen%29%28Matt%20Furniss%29.ym	2260
https://www.cpc-power.com/YM/Toobin%27%205-6%20%281989%29%28Tengen%29%28Matt%20Furniss%29.ym	2260
https://www.cpc-power.com/YM/Toobin%27%206-6%20%281989%29%28Tengen%29%28Matt%20Furniss%29.ym	2260
https://www.cpc-power.com/YM/Top%20Gun%201-2%20%281986%29%28Ocean%20Software%29.ym	2262
https://www.cpc-power.com/YM/Top%20Gun%202-2%20%281986%29%28Ocean%20Software%29.ym	2262
https://www.cpc-power.com/YM/Top%20Secret%20-%201-3%20%281986%29%28Loriciels%29%28Bernard%20Vianey%29.ym	2265
https://www.cpc-power.com/YM/Top%20Secret%20-%202-3%20%281986%29%28Loriciels%29%28Bernard%20Vianey%29.ym	2265
https://www.cpc-power.com/YM/Top%20Secret%20-%203-3%20%281986%29%28Loriciels%29%28Bernard%20Vianey%29.ym	2265
https://www.cpc-power.com/YM/Untouchables%201-9%20%281989%29%28Ocean%20Software%29%28Jonathan%20Dunn%29.ym	2266
https://www.cpc-power.com/YM/Untouchables%202-9%20%281989%29%28Ocean%20Software%29%28Jonathan%20Dunn%29.ym	2266
https://www.cpc-power.com/YM/Untouchables%203-9%20%281989%29%28Ocean%20Software%29%28Jonathan%20Dunn%29.ym	2266
https://www.cpc-power.com/YM/Untouchables%204-9%20%281989%29%28Ocean%20Software%29%28Jonathan%20Dunn%29.ym	2266
https://www.cpc-power.com/YM/Untouchables%205-9%20%281989%29%28Ocean%20Software%29%28Jonathan%20Dunn%29.ym	2266
https://www.cpc-power.com/YM/Untouchables%206-9%20%281989%29%28Ocean%20Software%29%28Jonathan%20Dunn%29.ym	2266
https://www.cpc-power.com/YM/Untouchables%207-9%20%281989%29%28Ocean%20Software%29%28Jonathan%20Dunn%29.ym	2266
https://www.cpc-power.com/YM/Untouchables%208-9%20%281989%29%28Ocean%20Software%29%28Jonathan%20Dunn%29.ym	2266
https://www.cpc-power.com/YM/Untouchables%209-9%20%281989%29%28Ocean%20Software%29%28Jonathan%20Dunn%29.ym	2266
https://www.cpc-power.com/YM/Total%20Recall%201-4%20%281991%29%28Ocean%20Software%29%28Jonathan%20Dunn%29.ym	2270
https://www.cpc-power.com/YM/Total%20Recall%202-4%20%281991%29%28Ocean%20Software%29%28Jonathan%20Dunn%29.ym	2270
https://www.cpc-power.com/YM/Total%20Recall%203-4%20%281991%29%28Ocean%20Software%29%28Jonathan%20Dunn%29.ym	2270
https://www.cpc-power.com/YM/Total%20Recall%204-4%20%281991%29%28Ocean%20Software%29%28Jonathan%20Dunn%29.ym	2270
https://www.cpc-power.com/YM/Tour%2091%20%281991%29%28Topo%20Soft%29.ym	2271
https://www.cpc-power.com/YM/Tour%20De%20Force%20%281987%29%28Gremlin%20Graphics%29%28Ben%20Daglish%29.ym	2272
https://www.cpc-power.com/YM/Toyota%20Celica%20GT%20Rally%20%281991%29%28Gremlin%20Graphics%29%28Ben%20Daglish%29.ym	2275
https://www.cpc-power.com/YM/Trailblazer%20%281986%29%28Gremlin%20Graphics%29%28Ben%20Daglish%29.ym	2280
https://www.cpc-power.com/YM/Trans%20Muter%201-4%20%281987%29%28Codemasters%29%28David%20Whittaker%29.ym	2284
https://www.cpc-power.com/YM/Trans%20Muter%202-4%20%281987%29%28Codemasters%29%28David%20Whittaker%29.ym	2284
https://www.cpc-power.com/YM/Trans%20Muter%203-4%20%281987%29%28Codemasters%29%28David%20Whittaker%29.ym	2284
https://www.cpc-power.com/YM/Trans%20Muter%204-4%20%281987%29%28Codemasters%29%28David%20Whittaker%29.ym	2284
https://www.cpc-power.com/YM/Trans-Atlantic%20Balloon%20Challenge%20%281987%29%28Virgin%20Games%29%28Rob%20Hubbard%29.ym	2286
https://www.cpc-power.com/YM/Trap%20%281987%29%28Alligata%20Software%29.ym	2287
https://www.cpc-power.com/YM/Un%20Squadron%201-3%20%281990%29%28US%20Gold%29.ym	2289
https://www.cpc-power.com/YM/Un%20Squadron%202-3%20%281990%29%28US%20Gold%29.ym	2289
https://www.cpc-power.com/YM/Un%20Squadron%203-3%20%281990%29%28US%20Gold%29.ym	2289
https://www.cpc-power.com/YM/Triaxos%20%281987%29%28Ariolasoft%29.ym	2290
https://www.cpc-power.com/YM/Trigger%20%281989%29%28Opera%20Soft%29.ym	2292
https://www.cpc-power.com/YM/Troll%201-5%20%281988%29%28US%20Gold%29.ym	2302
https://www.cpc-power.com/YM/Troll%202-5%20%281988%29%28US%20Gold%29.ym	2302
https://www.cpc-power.com/YM/Troll%203-5%20%281988%29%28US%20Gold%29.ym	2302
https://www.cpc-power.com/YM/Troll%204-5%20%281988%29%28US%20Gold%29.ym	2302
https://www.cpc-power.com/YM/Troll%205-5%20%281988%29%28US%20Gold%29.ym	2302
https://www.cpc-power.com/YM/Trollie%20Wallie%20%281986%29%28Players%29.ym	2303
https://www.cpc-power.com/YM/Troubadours%20-%20Arthur%20%281988%29%28Lankhor%29%28Basic%29.ym	2304
https://www.cpc-power.com/YM/Troubadours%20-%20Aubadeu%20%281988%29%28Lankhor%29%28Basic%29.ym	2304
https://www.cpc-power.com/YM/Troubadours%20-%20Bourree%20%281988%29%28Lankhor%29%28Basic%29.ym	2304
https://www.cpc-power.com/YM/Troubadours%20-%20Intro%20%281988%29%28Lankhor%29%28Basic%29.ym	2304
https://www.cpc-power.com/YM/Troubadours%20-%20Main%20%281988%29%28Lankhor%29%28Basic%29.ym	2304
https://www.cpc-power.com/YM/Troubadours%20-%20Medieval%20%281988%29%28Lankhor%29%28Basic%29.ym	2304
https://www.cpc-power.com/YM/Wallbuster%20%281991%29%28Public%20Domain%29%28Sean%20McManus%29%28Basic%29.ym	2305
https://www.cpc-power.com/YM/TT%20Racer%201-2%20%281986%29%28Digital%20Integration%20Ltd%29.ym	2306
https://www.cpc-power.com/YM/TT%20Racer%202-2%20%281986%29%28Digital%20Integration%20Ltd%29.ym	2306
https://www.cpc-power.com/YM/Tuareg%20%281988%29%28Topo%20Soft%29%28Cesar%20Astudillo%29.ym	2307
https://www.cpc-power.com/YM/Tubaruba%20%281986%29%28Advance%20Software%20Promotions%29.ym	2308
https://www.cpc-power.com/YM/Turbo%20Boat%20Simulator%20%281988%29%28Silverbird%29%28Dave%20Rogers%29%28JDR%20Sound%20Driver%29.ym	2311
https://www.cpc-power.com/YM/Turbo%20Chopper%20Simulator%201-3%20%281989%29%28Codemasters%29%28David%20Whittaker%29.ym	2312
https://www.cpc-power.com/YM/Turbo%20Chopper%20Simulator%202-3%20%281989%29%28Codemasters%29%28David%20Whittaker%29.ym	2312
https://www.cpc-power.com/YM/Turbo%20Chopper%20Simulator%203-3%20%281989%29%28Codemasters%29%28David%20Whittaker%29.ym	2312
https://www.cpc-power.com/YM/Turbo%20Esprit%20%281986%29%28Durell%20Software%29.ym	2313
https://www.cpc-power.com/YM/Turbo%20Out%20Run%20%281989%29%28Sega%29%28Uncle%20Art%29.ym	2315
https://www.cpc-power.com/YM/Turlogh%20Le%20Rodeur%20%281988%29%28Cobra%20soft%29%28Charles%20Callet%29%28Music%20Pro%29.ym	2317
https://www.cpc-power.com/YM/Turrican%202%20%281991%29%28Rainbow%20Arts%29%28Sean%20Conran%29.ym	2319
https://www.cpc-power.com/YM/Tusker%20%281989%29%28System%203%29.ym	2320
https://www.cpc-power.com/YM/Tut%27s%20Pyramid%20%281986%29%28Artic%20Software%29.ym	2321
https://www.cpc-power.com/YM/Twin%20Turbo%20V8%201-4%20%281989%29%28Codemasters%29%28Lyndon%20Sharp%29.ym	2322
https://www.cpc-power.com/YM/Twin%20Turbo%20V8%202-4%20%281989%29%28Codemasters%29%28Lyndon%20Sharp%29.ym	2322
https://www.cpc-power.com/YM/Twin%20Turbo%20V8%203-4%20%281989%29%28Codemasters%29%28Lyndon%20Sharp%29.ym	2322
https://www.cpc-power.com/YM/Twin%20Turbo%20V8%204-4%20%281989%29%28Codemasters%29%28Lyndon%20Sharp%29.ym	2322
https://www.cpc-power.com/YM/Typhoon%201-3%20%281988%29%28Ocean%20Software%29%28Jonathan%20Dunn%29.ym	2325
https://www.cpc-power.com/YM/Typhoon%202-3%20%281988%29%28Ocean%20Software%29%28Jonathan%20Dunn%29.ym	2325
https://www.cpc-power.com/YM/Typhoon%203-3%20%281988%29%28Ocean%20Software%29%28Jonathan%20Dunn%29.ym	2325
https://www.cpc-power.com/YM/Ulises%20%281989%29%28Opera%20Soft%29.ym	2329
https://www.cpc-power.com/YM/Atomic%20%281992%29%28CPC%20Amstrad%20International%29.ym	2330
https://www.cpc-power.com/YM/European%20Soccer%20Challenge%20%281989%29%28Players%29.ym	2332
https://www.cpc-power.com/YM/Atland%20Preview%20%281991%29%28Ams%27Dem%29%28Lary%29.ym	2337
https://www.cpc-power.com/YM/Citadelle%20Introduction%20%282011%29%28PD%29%28Tom%20et%20Jerry%29%28ST-128%20Module%29.ym	2339
https://www.cpc-power.com/YM/Citadelle%20%282011%29%28PD%29%28Tom%20et%20Jerry%29%28ST-128%20Module%29.ym	2339
https://www.cpc-power.com/YM/Phantomas%20Saga%20Infinity%20Intro%20%282006%29%28CEZ%20Games%20Studio%29%28Bepker%29.ym	2340
https://www.cpc-power.com/YM/Phantomas%20Saga%20Infinity%20Menu%20%282006%29%28CEZ%20Games%20Studio%29%28Bepker%29.ym	2340
https://www.cpc-power.com/YM/Phantomas%20Saga%20Infinity%20InGame%20%282006%29%28CEZ%20Games%20Studio%29%28Bepker%29.ym	2340
https://www.cpc-power.com/YM/Phantomas%20Saga%20Infinity%20End%20%282006%29%28CEZ%20Games%20Studio%29%28Bepker%29.ym	2340
https://www.cpc-power.com/YM/Justin%20%282013%29%28Matra%20Computer%20Automations%29%28CNGSoft%29.ym	2341
https://www.cpc-power.com/YM/Spot%20%281993%29%28Public%20Domain%29%28MSI%29.ym	2343
https://www.cpc-power.com/YM/Gates%20To%20Hell%20-%20Menu%20%282005%29%28CEZ%20Games%20Studio%29%28WYZ%29.ym	2344
https://www.cpc-power.com/YM/Ishido%20%282005%29%28Public%20Domain%29%28Targhan%29%28ST-128%20Module%29.ym	2345
https://www.cpc-power.com/YM/Agent%20Orange%20%281986%29%28Draysoft%29.ym	2348
https://www.cpc-power.com/YM/Alinka%20%281991%29%28Amstrad%20Cent%20Pour%20Cent%29%28Eric%20Boucher%29.ym	2349
https://www.cpc-power.com/YM/Alinka%20-%20InGame%20%281991%29%28Amstrad%20Cent%20Pour%20Cent%29%28Eric%20Boucher%29.ym	2349
https://www.cpc-power.com/YM/Boss%20Of%20Chicago%20%281989%29%28CPC%29%28Fr%C3%A9d%C3%A9ric%20Barnabe%29%28Basic%29.ym	2363
https://www.cpc-power.com/YM/Groops%20Codigo%20%282007%29%28Binary%20Sciences%29%28William%20Bourgeois%29.ym	2369
https://www.cpc-power.com/YM/Groops%20Game%20Over%20%282007%29%28Binary%20Sciences%29%28William%20Bourgeois%29.ym	2369
https://www.cpc-power.com/YM/Groops%20High%20Score%20%282007%29%28Binary%20Sciences%29%28William%20Bourgeois%29.ym	2369
https://www.cpc-power.com/YM/Groops%20Instruction%20%282007%29%28Binary%20Sciences%29%28William%20Bourgeois%29.ym	2369
https://www.cpc-power.com/YM/Groops%20Menu%20%282007%29%28Binary%20Sciences%29%28William%20Bourgeois%29.ym	2369
https://www.cpc-power.com/YM/Groops%20Replay%20%282007%29%28Binary%20Sciences%29%28William%20Bourgeois%29.ym	2369
https://www.cpc-power.com/YM/Groops%20Success%20%282007%29%28Binary%20Sciences%29%28William%20Bourgeois%29.ym	2369
https://www.cpc-power.com/YM/Groops%20Victory%20%282007%29%28Binary%20Sciences%29%28William%20Bourgeois%29.ym	2369
https://www.cpc-power.com/YM/Wrestling%20Superstars%201-4%20%281993%29%28Codemasters%29%28Gerard%20COURLEY%29.ym	2372
https://www.cpc-power.com/YM/Wrestling%20Superstars%202-4%20%281993%29%28Codemasters%29%28Gerard%20COURLEY%29.ym	2372
https://www.cpc-power.com/YM/Wrestling%20Superstars%203-4%20%281993%29%28Codemasters%29%28Gerard%20COURLEY%29.ym	2372
https://www.cpc-power.com/YM/Wrestling%20Superstars%204-4%20%281993%29%28Codemasters%29%28Gerard%20COURLEY%29.ym	2372
https://www.cpc-power.com/YM/The%20Chip%20Factory%20-%20InGame%20%281984%29%28Hewson%29.ym	2379
https://www.cpc-power.com/YM/The%20Chip%20Factory%20-%20Menu%20%281984%29%28Hewson%29.ym	2379
https://www.cpc-power.com/YM/Dempsey%20And%20Makepeace%20%281986%29%28Britannia%20Software%29.ym	2394
https://www.cpc-power.com/YM/Code%20De%20La%20Route%20%281992%29%28CPC%20Infos%29%28Daniel%20Robert%29%28Basic%29.ym	2400
https://www.cpc-power.com/YM/Trois%20Oeufs%20%281991%29%28CPC%20Infos%29%28Claude%20Le%20Moullec%29%28Basic%29.ym	2401
https://www.cpc-power.com/YM/3D%20Madness%20%281988%29%28Am-Mag%29%28Claude%20Le%20Moullec%29%28Basic%29.ym	2402
https://www.cpc-power.com/YM/3D%20Snakes%20II%20%281987%29%28Infomedia%29%28Claude%20Le%20Moullec%29%28Basic%29.ym	2404
https://www.cpc-power.com/YM/La%20Molecule%20%281990%29%28Micro%20Mag%29%28Claude%20Le%20Moullec%29%28Basic%29.ym	2407
https://www.cpc-power.com/YM/Wall%20Street%20%281987%29%28Infomedia%29%28Claude%20Le%20Moullec%29%28Basic%29.ym	2409
https://www.cpc-power.com/YM/Virus%20%281991%29%28CPC%20Infos%29%28Claude%20Le%20Moullec%29%28Basic%29.ym	2410
https://www.cpc-power.com/YM/Romba%20Ou%20Le%20Guerrier%20De%20L%27Impossible%20%281990%29%28Micro%20Mag%29%28Claude%20Le%20Moullec%29%28Basic%29.ym	2413
https://www.cpc-power.com/YM/Romba%20Ou%20Le%20Guerrier%20De%20L%27Impossible%20-%20Perdu%20%281990%29%28Micro%20Mag%29%28Claude%20Le%20Moullec%29%28Basic%29.ym	2413
https://www.cpc-power.com/YM/Moto%20Road%20-%20Start%20Game%20%281989%29%28Micro%20Mag%29%28LMC%29%28Basic%29.ym	2423
https://www.cpc-power.com/YM/Moto%20Road%20-%20Perdu%20Gagne%20%281989%29%28Micro%20Mag%29%28LMC%29%28Basic%29.ym	2423
https://www.cpc-power.com/YM/Aligator%20%281988%29%28AM-Mag%29%28Claude%20Le%20Moulec%29%28Basic%29.ym	2424
https://www.cpc-power.com/YM/Histoire%20D%27Eau%20%281990%29%28Micro%20Mag%29%28Claude%20Le%20Moullec%29%28Basic%29.ym	2427
https://www.cpc-power.com/YM/L%27Empire%20Eclate%20%281990%29%28CPC%29%28Claude%20Le%20Moullec%29%28Basic%29.ym	2428
https://www.cpc-power.com/YM/L%27Omelette%20Infernale%20%281990%29%28Micro%20Mag%29%28Claude%20Le%20Moullec%29%28Basic%29.ym	2430
https://www.cpc-power.com/YM/Simplex%203d%20%281990%29%28Micro%20Mag%29%28Claude%20Le%20Moullec%29%28Basic%29.ym	2431
https://www.cpc-power.com/YM/Enigma%20%281990%29%28Micro%20Mag%29%28Claude%20Le%20Moullec%29%28Basic%29.ym	2433
https://www.cpc-power.com/YM/Sweek%20End%203D%20%281989%29%28Micro%20Mag%29%28Claude%20Le%20Moullec%29%28Basic%29.ym	2440
https://www.cpc-power.com/YM/Swop%20%281992%29%28Public%20Domain%29.ym	2449
https://www.cpc-power.com/YM/Blocus%203D%20-%20Presentation%20%281988%29%28Amstrad%20Cent%20Pour%20Cent%29%28LMC%29%28Basic%29.ym	2451
https://www.cpc-power.com/YM/Blocus%203D%20-%20Victoire%20%281988%29%28Amstrad%20Cent%20Pour%20Cent%29%28LMC%29%28Basic%29.ym	2451
https://www.cpc-power.com/YM/Bombuz%203D%20%281990%29%28CPC%20Infos%29%28Claude%20Le%20Moullec%29%28Basic%29.ym	2452
https://www.cpc-power.com/YM/Bricoland%20%281991%29%28CPC%20Infos%29%28Claude%20Le%20Moullec%29%28Basic%29.ym	2453
https://www.cpc-power.com/YM/Challenger%202014%20%281987%29%28Infomedia%29%28LMC%29%28Basic%29.ym	2455
https://www.cpc-power.com/YM/Circus%20Folie%20%281991%29%28CPC%20Infos%29%28Claude%20Le%20Moullec%29%28Basic%29.ym	2456
https://www.cpc-power.com/YM/Ghostbuster%20III%20%281990%29%28CPC%20Infos%29%28Claude%20Le%20Moullec%29%28Basic%29.ym	2460
https://www.cpc-power.com/YM/Mano%20Negra%20%281990%29%28Micro%20Mag%29%28Claude%20Le%20Moullec%29%28Basic%29.ym	2465
https://www.cpc-power.com/YM/Midnight%20Express%20-%20Presentation%20%281987%29%28Infomedia%29%28LMC%29%28Basic%29.ym	2466
https://www.cpc-power.com/YM/Midnight%20Express%20-%20Game%20Over%20%281987%29%28Infomedia%29%28LMC%29%28Basic%29.ym	2466
https://www.cpc-power.com/YM/Ghouls%20%281984%29%28Micro%20Power%29.ym	2478
https://www.cpc-power.com/YM/Columns%20Cpc%20Menu%20%282004%29%28CEZ%20Games%20Studio%29%28DOS%29.ym	2480
https://www.cpc-power.com/YM/Columns%20Cpc%20End%20%282004%29%28CEZ%20Games%20Studio%29%28DOS%29.ym	2480
https://www.cpc-power.com/YM/Columns%20Cpc%20Game%20Over%20%282004%29%28CEZ%20Games%20Studio%29%28DOS%29.ym	2480
https://www.cpc-power.com/YM/Les%20Mille%20Et%20Un%20Voyages%201-4%20%281989%29%28Carraz%20Editions%29%28Music%20Pro%29.ym	2516
https://www.cpc-power.com/YM/Les%20Mille%20Et%20Un%20Voyages%202-4%20%281989%29%28Carraz%20Editions%29%28Music%20Pro%29.ym	2516
https://www.cpc-power.com/YM/Les%20Mille%20Et%20Un%20Voyages%203-4%20%281989%29%28Carraz%20Editions%29%28Music%20Pro%29.ym	2516
https://www.cpc-power.com/YM/Les%20Mille%20Et%20Un%20Voyages%204-4%20%281989%29%28Carraz%20Editions%29%28Music%20Pro%29.ym	2516
https://www.cpc-power.com/YM/The%20Magic%20Sword%20%281984%29%28Database%20Educational%20Software%29%28Basic%29.ym	2518
https://www.cpc-power.com/YM/Antares%20%281987%29%28Dro%20Soft%29.ym	2524
https://www.cpc-power.com/YM/Oberon%2069%20%281990%29%28GLL%20Software%29.ym	2537
https://www.cpc-power.com/YM/Battle-spheres%20%281994%29%28The%20Firm%29%28ST-Module%29.ym	2540
https://www.cpc-power.com/YM/Battle-spheres%20-%20InGame%20%281994%29%28The%20Firm%29%28ST-Module%29.ym	2540
https://www.cpc-power.com/YM/Black%20Land%20-%20Introduction%20Music%201%20%281995%29%28Bollaware%29%28V.%20Schreithuller%29%28ST-128%20Module%29.ym	2548
https://www.cpc-power.com/YM/Black%20Land%20-%20Introduction%20Music%202%20%281995%29%28Bollaware%29%28V.%20Schreithuller%29%28ST-128%20Module%29.ym	2548
https://www.cpc-power.com/YM/Black%20Land%20-%20Introduction%20Music%203%20%281995%29%28Bollaware%29%28V.%20Schreithuller%29%28ST-128%20Module%29.ym	2548
https://www.cpc-power.com/YM/Black%20Land%20-%20Manual%20Music%201%20%281995%29%28Bollaware%29%28V.%20Schreithuller%29%28ST-128%20Module%29.ym	2548
https://www.cpc-power.com/YM/Black%20Land%20-%20Manual%20Music%202%20%281995%29%28Bollaware%29%28V.%20Schreithuller%29%28ST-128%20Module%29.ym	2548
https://www.cpc-power.com/YM/Firefox%202%20%281987%29%28Yie%20Ar%20Soft%29%28Keule%29.ym	2557
https://www.cpc-power.com/YM/Tetris%2095%20%281995%29%28Power%20System%29%28Epsilon%29%28ST-128%20Module%29.ym	2567
https://www.cpc-power.com/YM/Tetris%2095%20Menu%20%281995%29%28Power%20System%29%28Epsilon%29%28ST-Module%29.ym	2567
https://www.cpc-power.com/YM/Better%20Spelling%20%281987%29%28School%20Software%29%28Basic%29.ym	2590
https://www.cpc-power.com/YM/Arsene%20Lapin%20%281990%29%28CPC%29%28Claude%20Le%20Moullec%29%28Basic%29.ym	2591
https://www.cpc-power.com/YM/3D%20Trail%20Bikes%20%281986%29%28Your%20Computer%29%28Basic%29.ym	2629
https://www.cpc-power.com/YM/The%20Fourth%20Protocol%20%281986%29%28Century%20Communications%29%28David%20Dunn%29.ym	2634
https://www.cpc-power.com/YM/ActRef%20%281988%29%28CPC%20Infos%29%28Maniac%20de%20Sembollo%20Michael%20et%20Matkosky%20Dennis%29%28Basic%29.ym	2635
https://www.cpc-power.com/YM/Amnesia%20%281998%29%28DBT%29%28ST-128%20Module%29.ym	2646
https://www.cpc-power.com/YM/Apocalypse%20The%20Last%20Chance%20-%20Preview%20v3.0%20%281993%29%28Public%20Domain%29%28ST-128%20Module%29.ym	2660
https://www.cpc-power.com/YM/Atomic%20Battle%20%281986%29%28Computing%20with%20the%20Amstrad%29%28Roland%20A.%20Waddilove%29%28Basic%29.ym	2669
https://www.cpc-power.com/YM/Averno%20%281989%29%28Proein%20Soft%20Line%29.ym	2675
https://www.cpc-power.com/YM/Balldozer%20%281991%29%28Public%20Domain%29%28Jeroen%20Erkens%29.ym	2680
https://www.cpc-power.com/YM/Barmelo%203D%20%281987%29%28Infomedia%29%28Georges%20Goument%29%28Basic%29.ym	2684
https://www.cpc-power.com/YM/Barthels%20Dash%20%281990%29%28Bollaware%29.ym	2686
https://www.cpc-power.com/YM/Blockbusters%20%281984%29%28Macsen%20Software%29.ym	2700
https://www.cpc-power.com/YM/Boulder%20Dash%20Construction%20Kit%20%281986%29%28First%20Star%20Software%29.ym	2709
https://www.cpc-power.com/YM/Bouldeur%20%281989%29%28Bretagne%20Edit%20presse%29.ym	2710
https://www.cpc-power.com/YM/Brawn%20Free%20-%20The%20Adventure%20Of%20Johnny%20Backwater%20%281985%29%28Nemesis%29%28Colin%20Harris%29%28Basic%29.ym	2713
https://www.cpc-power.com/YM/Bubble%20Bobble%202%20%281988%29%28Hack%29%28Saturn-Soft%29%28Basic%29.ym	2715
https://www.cpc-power.com/YM/Bullseye%201-4%20%281985%29%28Macsen%20Software%29.ym	2716
https://www.cpc-power.com/YM/Bullseye%202-4%20%281985%29%28Macsen%20Software%29.ym	2716
https://www.cpc-power.com/YM/Bullseye%203-4%20%281985%29%28Macsen%20Software%29.ym	2716
https://www.cpc-power.com/YM/Bullseye%204-4%20%281985%29%28Macsen%20Software%29.ym	2716
https://www.cpc-power.com/YM/They%20Stole%20A%20Million%20%281986%29%28Ariolasoft%29.ym	2722
https://www.cpc-power.com/YM/Suicidal%20Tendencies%20%281989%29%28Damir%20Petkovic%29.ym	2723
https://www.cpc-power.com/YM/Suicidal%20Tendencies%20-%20High%20Score%20%281989%29%28Damir%20Petkovic%29.ym	2723
https://www.cpc-power.com/YM/Delirium%20Tremens%20%282007%29%28Public%20Domain%29.ym	2737
https://www.cpc-power.com/YM/Destination%20Maths%206e-5e%20%281989%29%28Generation%205%29%28Basic%29.ym	2741
https://www.cpc-power.com/YM/Caecilia%20Metella%20v1.1%20%281994%29%28Sleepwalker%20PDS%29%28Joe%20Moulding%29%28ST-Module%29.ym	2759
https://www.cpc-power.com/YM/Downtown%20Hero%20%281986%29%28Loisitech%29%28Alain%20Geoffroy%29%28Basic%29.ym	2790
https://www.cpc-power.com/YM/Denver%20-%20Je%20M%27Eveille%20En%20Jouant%20%281990%29%28Loriciels%29%28Basic%29.ym	2798
https://www.cpc-power.com/YM/Battro%20%282015%29%28Batman%20group%29%28McKlain%29.ym	2799
https://www.cpc-power.com/YM/Every%20Second%20Counts%20%281988%29%28Domark%29%28David%20Kelly%29.ym	2807
https://www.cpc-power.com/YM/Runestone%20%281985%29%28Firebird%29%28Melvyn%20Wright%29%28Tape%20Loader%29.ym	2823
https://www.cpc-power.com/YM/Spike%20In%20Transylvania%201-2%20%281991%29%28Codemasters%29.ym	2829
https://www.cpc-power.com/YM/Spike%20In%20Transylvania%202-2%20%281991%29%28Codemasters%29.ym	2829
https://www.cpc-power.com/YM/Centurions%20%281987%29%28Ariolasoft%29.ym	2835
https://www.cpc-power.com/YM/Challenge%20Foot%20-%20Senior%20%281992%29%28Generation%205%29.ym	2836
https://www.cpc-power.com/YM/Zyclons%20%281992%29%28Wizcat%29%28ST-128%20Module%29.ym	2850
https://www.cpc-power.com/YM/Stop-Ball%20%281988%29%28Dro%20Soft%29%28Decibelios%29.ym	2854
https://www.cpc-power.com/YM/Starbyte%20%281987%29%28Mister%20Chip%29.ym	2855
https://www.cpc-power.com/YM/Rasterscan%20%281987%29%28Mastertronic%29%28Jason%20C%20Brooke%29.ym	2858
https://www.cpc-power.com/YM/War%20Space%20%281988%29%28Amstrad%20Cent%20Pour%20Cent%29%28Alain%20Massoumipour%29%28Basic%29.ym	2868
https://www.cpc-power.com/YM/Evasion%20-%20Intro%20%281987%29%28Public%20Domain%29%28Alain%20Massoumipour%29%28Basic%29.ym	2869
https://www.cpc-power.com/YM/Evasion%20-%20Turn%20Disk%20%281987%29%28Public%20Domain%29%28Alain%20Massoumipour%29%28Basic%29.ym	2869
https://www.cpc-power.com/YM/Evasion%20-%20End%20%281987%29%28Public%20Domain%29%28Alain%20Massoumipour%29%28Basic%29.ym	2869
https://www.cpc-power.com/YM/Corridor%20Conflict%20%281987%29%28The%20Power%20House%29%28Andrew%20Edmond%29.ym	2876
https://www.cpc-power.com/YM/Cubemeleon%20%281986%29%28CPC%29%28Georges%20Goument%29%28Basic%29.ym	2893
https://www.cpc-power.com/YM/Pinball%20Wizard%20%281985%29%28CP%20Software%29.ym	2906
https://www.cpc-power.com/YM/Grange%20Hill%20%281987%29%28Argo%20Press%29%28David%20Whittaker%29.ym	2917
https://www.cpc-power.com/YM/Metropolis%20%281988%29%28The%20Power%20House%29.ym	2919
https://www.cpc-power.com/YM/Zelda%20%281991%29%28Public%20Domain%29%28Le%20Chat%20Cyril%29%28Basic%29.ym	2924
https://www.cpc-power.com/YM/Le%20Manoir%20De%20Rochebrune%20%281985%29%28CPC%29%28Basic%29.ym	2940
https://www.cpc-power.com/YM/Pyromydya%20-%20Menu%20%281985%29%28Bug-Byte%29.ym	2942
https://www.cpc-power.com/YM/Pyromydya%20-%20Other%20%281985%29%28Bug-Byte%29.ym	2942
https://www.cpc-power.com/YM/Detective%20-%20Enquete%201%20-%20L%27affaire%20Rostov%20%281990%29%28Public%20Domain%29%28Patrick%20Bornier%29%28Basic%29.ym	2951
https://www.cpc-power.com/YM/Dervish%20%281988%29%28The%20Power%20House%29.ym	3025
https://www.cpc-power.com/YM/Star%20Sabre%20128k%20-%20Menu%20%282009%29%28Psytronik%20Software%29%28Targhan%29%28StArkos%29.ym	3059
https://www.cpc-power.com/YM/Star%20Sabre%20128k%20-%20Level%20%282009%29%28Psytronik%20Software%29%28Targhan%29%28StArkos%29.ym	3059
https://www.cpc-power.com/YM/Star%20Sabre%20128k%20-%20Level%20-%20Boss%20%282009%29%28Psytronik%20Software%29%28Targhan%29%28StArkos%29.ym	3059
https://www.cpc-power.com/YM/Star%20Sabre%20128k%20-%20Level%20-%20Stage%20Clear%20%282009%29%28Psytronik%20Software%29%28Targhan%29%28StArkos%29.ym	3059
https://www.cpc-power.com/YM/Star%20Sabre%20128k%20-%20Level%20-%20Victory%20%282009%29%28Psytronik%20Software%29%28Targhan%29%28StArkos%29.ym	3059
https://www.cpc-power.com/YM/Star%20Sabre%20128k%20-%20Last%20Boss%20End%20%282009%29%28Psytronik%20Software%29%28Targhan%29%28StArkos%29.ym	3059
https://www.cpc-power.com/YM/Star%20Sabre%20128k%20-%20End%20Game%20%282009%29%28Psytronik%20Software%29%28Targhan%29%28StArkos%29.ym	3059
https://www.cpc-power.com/YM/Star%20Sabre%20Final%201-4%20%282009%29%28Paul%20Kooistra%29%28Targhan%29%28StArkos%29.ym	3059
https://www.cpc-power.com/YM/Star%20Sabre%20Final%202-4%20%282009%29%28Paul%20Kooistra%29%28Targhan%29%28StArkos%29.ym	3059
https://www.cpc-power.com/YM/Star%20Sabre%20Final%203-4%20%282009%29%28Paul%20Kooistra%29%28Targhan%29%28StArkos%29.ym	3059
https://www.cpc-power.com/YM/Star%20Sabre%20Final%204-4%20%282009%29%28Paul%20Kooistra%29%28Targhan%29%28StArkos%29.ym	3059
https://www.cpc-power.com/YM/La%20Planete%20Mysterieuse%20%282005%29%28Public%20Domain%29%28StArkos%29.ym	3068
https://www.cpc-power.com/YM/The%20Sandman%20-%20Love%20And%20Magic%20%281995%29%28TGS%29%28ST-128%20Module%29.ym	3089
https://www.cpc-power.com/YM/Fireball%20%281988%29%28E.S.A.T.%20Software%29.ym	3106
https://www.cpc-power.com/YM/Trap%20Door%20%281986%29%28Piranha%29.ym	3120
https://www.cpc-power.com/YM/The%20Further%20Adventures%20Of%20Fred%20-%20Menu%20%281989%29%28Public%20Domain%29%28Sean%20McManus%29.ym	3121
https://www.cpc-power.com/YM/The%20Further%20Adventures%20Of%20Fred%20-%20Game%20Over%20%281989%29%28Public%20Domain%29%28Sean%20McManus%29.ym	3121
https://www.cpc-power.com/YM/Magical%20Drop%20Cpc%20%282007%29%28Public%20Domain%29%28Oscar%20Sanchez%29%28Vortex%20Tracker%20II%29.ym	3132
https://www.cpc-power.com/YM/Hardmare%20%281992%29%28Damir%20Petkovic%29%28Damir%20Petkovic%29.ym	3133
https://www.cpc-power.com/YM/Crystals%20%281991%29%28Damir%20Petkovic%29%28Damir%20Petkovic%29.ym	3153
https://www.cpc-power.com/YM/Zblast%20Sd%20-%20Menu%20%282005%29%28Public%20Domain%29.ym	3155
https://www.cpc-power.com/YM/Zblast%20Sd%20-%20InGame%20%282005%29%28Public%20Domain%29.ym	3155
https://www.cpc-power.com/YM/Gauntlet%20-%20The%20Deeper%20Dungeons%20%281985%29%28U.S.%20Gold%29%28Ben%20Daglish%29.ym	3156
https://www.cpc-power.com/YM/Gravity%20%281988%29%28Schneider%20Magazin%29.ym	3162
https://www.cpc-power.com/YM/Solar%20Invasion%201-2%20%281990%29%28Mastertronic%29%28Timothy%20Follin%29.ym	3172
https://www.cpc-power.com/YM/Solar%20Invasion%202-2%20%281990%29%28Mastertronic%29%28Timothy%20Follin%29.ym	3172
https://www.cpc-power.com/YM/Herobotix%20%281986%29%28Wise%20OWL%20Software%20Ltd%29%28Dave%20Rogers%29.ym	3189
https://www.cpc-power.com/YM/The%20Hitchhiker%27s%20Guide%20To%20London%20%281994%29%28TGS%29%28Basic%29.ym	3196
https://www.cpc-power.com/YM/Last%20Of%20The%20Smileys%201-3%20%281995%29%28Public%20Domain%29%28Palm%20Coding%29%28ST-Module%29.ym	3228
https://www.cpc-power.com/YM/Last%20Of%20The%20Smileys%202-3%20%281995%29%28Public%20Domain%29%28Palm%20Coding%29%28ST-Module%29.ym	3228
https://www.cpc-power.com/YM/Last%20Of%20The%20Smileys%203-3%20%281995%29%28Public%20Domain%29%28Palm%20Coding%29%28ST-Module%29.ym	3228
https://www.cpc-power.com/YM/Sporting%20Triangles%201-5%20%281989%29%28CDS%20Software%20LTD%29.ym	3233
https://www.cpc-power.com/YM/Sporting%20Triangles%202-5%20%281989%29%28CDS%20Software%20LTD%29.ym	3233
https://www.cpc-power.com/YM/Sporting%20Triangles%203-5%20%281989%29%28CDS%20Software%20LTD%29.ym	3233
https://www.cpc-power.com/YM/Sporting%20Triangles%204-5%20%281989%29%28CDS%20Software%20LTD%29.ym	3233
https://www.cpc-power.com/YM/Sporting%20Triangles%205-5%20%281989%29%28CDS%20Software%20LTD%29.ym	3233
https://www.cpc-power.com/YM/Steg%201-5%20%281992%29%28Codemasters%20Software%29.ym	3234
https://www.cpc-power.com/YM/Steg%202-5%20%281992%29%28Codemasters%20Software%29.ym	3234
https://www.cpc-power.com/YM/Steg%203-5%20%281992%29%28Codemasters%20Software%29.ym	3234
https://www.cpc-power.com/YM/Steg%204-5%20%281992%29%28Codemasters%20Software%29.ym	3234
https://www.cpc-power.com/YM/Steg%205-5%20%281992%29%28Codemasters%20Software%29.ym	3234
https://www.cpc-power.com/YM/Super%20Kid%20In%20Space%201-4%20%281990%29%28Atlantis%20Software%29%28Total%20Kaos%29.ym	3235
https://www.cpc-power.com/YM/Super%20Kid%20In%20Space%202-4%20%281990%29%28Atlantis%20Software%29%28Total%20Kaos%29.ym	3235
https://www.cpc-power.com/YM/Super%20Kid%20In%20Space%203-4%20%281990%29%28Atlantis%20Software%29%28Total%20Kaos%29.ym	3235
https://www.cpc-power.com/YM/Super%20Kid%20In%20Space%204-4%20%281990%29%28Atlantis%20Software%29%28Total%20Kaos%29.ym	3235
https://www.cpc-power.com/YM/Lights%20Out%20v1.0%20%281997%29%28Rudiger%29%28ST-128%20Module%29.ym	3243
https://www.cpc-power.com/YM/Logical%20Head%20%281998%29%28Rudiger%29%28ST-128%20Module%29.ym	3245
https://www.cpc-power.com/YM/Loom%20%281996%29%28Arkos%29%28Epsilon%29%28ST-128%20Module%29.ym	3247
https://www.cpc-power.com/YM/Timebomb%20%281984%29%28Black%20Knight%20Software%29%28Basic%29.ym	3258
https://www.cpc-power.com/YM/Mad%20Ball%20%281993%29%28CPC%20Infos%29%28Targhan%29%28Basic%29.ym	3277
https://www.cpc-power.com/YM/Chomedu%20%281988%29%28Videomatique-Brive%29%28Basic%29.ym	3278
https://www.cpc-power.com/YM/Power%20Tetris%20%281991%29%28PC%20Amstrad%20International%29%28Face%20Hugger%29.ym	3279
https://www.cpc-power.com/YM/The%20Polluting%20Bacteria%20%281985%29%28Indescomp%29%28Angel%20Zarazaga%29.ym	3311
https://www.cpc-power.com/YM/Music%20Biz%20%281993%29%28Sleepwalker%20PDS%29%28Joe%20Moulding%29%28Basic%29.ym	3325
https://www.cpc-power.com/YM/Barre%20L%27Intrus%20%281987%29%28Carraz%20Editions%29%28Basic%29.ym	3343
https://www.cpc-power.com/YM/Petrol%20%281987%29%28Bretagne%20Edit%20presse%29%28Basic%29.ym	3369
https://www.cpc-power.com/YM/Memorise%20%281987%29%28Carraz%20Editions%29%28Vivian%20Peschardt%29%28Basic%29.ym	3389
https://www.cpc-power.com/YM/Quadrant%20%281993%29%28Sleepwalker%20PDS%29%28Joe%20Moulding%29%28Basic%29.ym	3393
https://www.cpc-power.com/YM/Spots%2094%20Game%20%281994%29%28Jaysoft%29%28Kangaroo%20%2B%20Weee%29%28ST-Module%29.ym	3394
https://www.cpc-power.com/YM/Spots%2094%20Intro%20%281994%29%28Jaysoft%29%28Beta%20Soft%20Cologne%29%28ST-Module%29.ym	3394
https://www.cpc-power.com/YM/Spots%2094%20Menu%20%281994%29%28Jaysoft%29%28Kangaroo%20%2B%20Weee%29%28ST-Module%29.ym	3394
https://www.cpc-power.com/YM/RC%20Quest%20Game%20%281993%29%28Moving%20Pixels%29%28Julian%20Marek%29%28ST%20Module%29.ym	3399
https://www.cpc-power.com/YM/RC%20Quest%20Intro%20%281993%29%28Moving%20Pixels%29%28Face%20Hugger%29%28ST%20Module%29.ym	3399
https://www.cpc-power.com/YM/Robot%20Attack%20%281990%29%28Mastertronic%29.ym	3411
https://www.cpc-power.com/YM/Rendez-vous%20Avec%20La%20M.O.R.T.%20%281991%29%28Futurs%27%29%28Zik%29%28Basic%29.ym	3429
https://www.cpc-power.com/YM/Sexy%20Words%20%281988%29%28Public%20Domain%29%28Tom%20%26%20Jerry%29%28Basic%29.ym	3441
https://www.cpc-power.com/YM/The%20Smiley%20Affair%20%281993%29%28Public%20Domain%29%28Malcom%20Dowse%29%28Basic%29.ym	3447
https://www.cpc-power.com/YM/Soccer%20Challenge%20%281990%29%28Alternative%20Software%29.ym	3451
https://www.cpc-power.com/YM/The%20Space%20Duel%20%281990%29%28Public%20Domain%29%28Face%20Hugger%29.ym	3460
https://www.cpc-power.com/YM/Sparse%20Invaders%20%281986%29%28FUK%29.ym	3467
https://www.cpc-power.com/YM/Supercup%201-2%20%281990%29%28Hewson%29.ym	3484
https://www.cpc-power.com/YM/Supercup%202-2%20%281990%29%28Hewson%29.ym	3484
https://www.cpc-power.com/YM/Shove%20A%20Sledge%20-%2001-15%20%281987%29%28Gremlin%20Graphics%20Software%29.ym5	3493
https://www.cpc-power.com/YM/Shove%20A%20Sledge%20-%2002-15%20%281987%29%28Gremlin%20Graphics%20Software%29.ym5	3493
https://www.cpc-power.com/YM/Shove%20A%20Sledge%20-%2003-15%20%281987%29%28Gremlin%20Graphics%20Software%29.ym5	3493
https://www.cpc-power.com/YM/Shove%20A%20Sledge%20-%2004-15%20%281987%29%28Gremlin%20Graphics%20Software%29.ym5	3493
https://www.cpc-power.com/YM/Shove%20A%20Sledge%20-%2005-15%20%281987%29%28Gremlin%20Graphics%20Software%29.ym5	3493
https://www.cpc-power.com/YM/Shove%20A%20Sledge%20-%2006-15%20%281987%29%28Gremlin%20Graphics%20Software%29.ym5	3493
https://www.cpc-power.com/YM/Shove%20A%20Sledge%20-%2007-15%20%281987%29%28Gremlin%20Graphics%20Software%29.ym5	3493
https://www.cpc-power.com/YM/Shove%20A%20Sledge%20-%2008-15%20%281987%29%28Gremlin%20Graphics%20Software%29.ym5	3493
https://www.cpc-power.com/YM/Shove%20A%20Sledge%20-%2009-15%20%281987%29%28Gremlin%20Graphics%20Software%29.ym5	3493
https://www.cpc-power.com/YM/Shove%20A%20Sledge%20-%2010-15%20%281987%29%28Gremlin%20Graphics%20Software%29.ym5	3493
https://www.cpc-power.com/YM/Shove%20A%20Sledge%20-%2011-15%20%281987%29%28Gremlin%20Graphics%20Software%29.ym5	3493
https://www.cpc-power.com/YM/Shove%20A%20Sledge%20-%2012-15%20%281987%29%28Gremlin%20Graphics%20Software%29.ym5	3493
https://www.cpc-power.com/YM/Shove%20A%20Sledge%20-%2013-15%20%281987%29%28Gremlin%20Graphics%20Software%29.ym5	3493
https://www.cpc-power.com/YM/Shove%20A%20Sledge%20-%2014-15%20%281987%29%28Gremlin%20Graphics%20Software%29.ym5	3493
https://www.cpc-power.com/YM/Shove%20A%20Sledge%20-%2015-15%20%281987%29%28Gremlin%20Graphics%20Software%29.ym5	3493
https://www.cpc-power.com/YM/Kamyzol%20%282014%29%28Crackers%20Velus%29%28Dmitriy%20Homenko%29.ym	3496
https://www.cpc-power.com/YM/Thunder%20Fighter%20-%20Intro%20%281988%29%28E.S.A.T.%20Software%29%28Emmanuel%20Miesch%29.ym	3504
https://www.cpc-power.com/YM/Thunder%20Fighter%20-%20Menu%20%281988%29%28E.S.A.T.%20Software%29%28Emmanuel%20Miesch%29.ym	3504
https://www.cpc-power.com/YM/Couleurs%202%20-%20XL%20Version%20%281993%29%28Sleepwalker%20PDS%29%28Joe%20Moulding%29%28Basic%29.ym	3532
https://www.cpc-power.com/YM/The%20Vikings%20%281986%29%28Kele%20Line%29.ym	3540
https://www.cpc-power.com/YM/VS4%20%281987%29%28Bretagne%20Edit%20presse%29%28Arnaud%20Linz%29.ym	3543
https://www.cpc-power.com/YM/Who%20Said%20That%20%281994%29%28Radical%20Software%29%28Basic%29.ym	3549
https://www.cpc-power.com/YM/Navy%20Seals%201-7%20%281990%29%28Ocean%20Software%29%28Matthew%20Cannon%29.ym	3563
https://www.cpc-power.com/YM/Navy%20Seals%202-7%20%281990%29%28Ocean%20Software%29%28Matthew%20Cannon%29.ym	3563
https://www.cpc-power.com/YM/Navy%20Seals%203-7%20%281990%29%28Ocean%20Software%29%28Matthew%20Cannon%29.ym	3563
https://www.cpc-power.com/YM/Navy%20Seals%204-7%20%281990%29%28Ocean%20Software%29%28Matthew%20Cannon%29.ym	3563
https://www.cpc-power.com/YM/Navy%20Seals%205-7%20%281990%29%28Ocean%20Software%29%28Matthew%20Cannon%29.ym	3563
https://www.cpc-power.com/YM/Navy%20Seals%206-7%20%281990%29%28Ocean%20Software%29%28Matthew%20Cannon%29.ym	3563
https://www.cpc-power.com/YM/Navy%20Seals%207-7%20%281990%29%28Ocean%20Software%29%28Matthew%20Cannon%29.ym	3563
https://www.cpc-power.com/YM/Burning%20Rubber%201-5%20%281990%29%28Ocean%20Software%29%28Jonathan%20Dunn%29.ym	3564
https://www.cpc-power.com/YM/Burning%20Rubber%202-5%20%281990%29%28Ocean%20Software%29%28Jonathan%20Dunn%29.ym	3564
https://www.cpc-power.com/YM/Burning%20Rubber%203-5%20%281990%29%28Ocean%20Software%29%28Jonathan%20Dunn%29.ym	3564
https://www.cpc-power.com/YM/Burning%20Rubber%204-5%20%281990%29%28Ocean%20Software%29%28Jonathan%20Dunn%29.ym	3564
https://www.cpc-power.com/YM/Burning%20Rubber%205-5%20%281990%29%28Ocean%20Software%29%28Jonathan%20Dunn%29.ym	3564
https://www.cpc-power.com/YM/Tennis%20Cup%202%20%281990%29%28Loriciels%29%28Michel%20WINOGRADOFF%29.ym	3576
https://www.cpc-power.com/YM/Pang%201-12%20%281990%29%28Ocean%20Software%29%28Tiny%20Williams%29.ym	3580
https://www.cpc-power.com/YM/Pang%202-12%20%281990%29%28Ocean%20Software%29%28Tiny%20Williams%29.ym	3580
https://www.cpc-power.com/YM/Pang%203-12%20%281990%29%28Ocean%20Software%29%28Tiny%20Williams%29.ym	3580
https://www.cpc-power.com/YM/Pang%204-12%20%281990%29%28Ocean%20Software%29%28Tiny%20Williams%29.ym	3580
https://www.cpc-power.com/YM/Pang%205-12%20%281990%29%28Ocean%20Software%29%28Tiny%20Williams%29.ym	3580
https://www.cpc-power.com/YM/Pang%206-12%20%281990%29%28Ocean%20Software%29%28Tiny%20Williams%29.ym	3580
https://www.cpc-power.com/YM/Pang%207-12%20%281990%29%28Ocean%20Software%29%28Tiny%20Williams%29.ym	3580
https://www.cpc-power.com/YM/Pang%208-12%20%281990%29%28Ocean%20Software%29%28Tiny%20Williams%29.ym	3580
https://www.cpc-power.com/YM/Pang%209-12%20%281990%29%28Ocean%20Software%29%28Tiny%20Williams%29.ym	3580
https://www.cpc-power.com/YM/Pang%2010-12%20%281990%29%28Ocean%20Software%29%28Tiny%20Williams%29.ym	3580
https://www.cpc-power.com/YM/Pang%2011-12%20%281990%29%28Ocean%20Software%29%28Tiny%20Williams%29.ym	3580
https://www.cpc-power.com/YM/Pang%2012-12%20%281990%29%28Ocean%20Software%29%28Tiny%20Williams%29.ym	3580
https://www.cpc-power.com/YM/Robocop%202%201-7%20%281990%29%28Ocean%20Software%29%28Matthew%20Cannon%29.ym	3582
https://www.cpc-power.com/YM/Robocop%202%202-7%20%281990%29%28Ocean%20Software%29%28Matthew%20Cannon%29.ym	3582
https://www.cpc-power.com/YM/Robocop%202%203-7%20%281990%29%28Ocean%20Software%29%28Matthew%20Cannon%29.ym	3582
https://www.cpc-power.com/YM/Robocop%202%204-7%20%281990%29%28Ocean%20Software%29%28Matthew%20Cannon%29.ym	3582
https://www.cpc-power.com/YM/Robocop%202%205-7%20%281990%29%28Ocean%20Software%29%28Matthew%20Cannon%29.ym	3582
https://www.cpc-power.com/YM/Robocop%202%206-7%20%281990%29%28Ocean%20Software%29%28Matthew%20Cannon%29.ym	3582
https://www.cpc-power.com/YM/Robocop%202%207-7%20%281990%29%28Ocean%20Software%29%28Matthew%20Cannon%29.ym	3582
https://www.cpc-power.com/YM/Mariano%20The%20Dragon%20In%20Capers%20In%20Cityland%20%282008%29%28CEZ%20Games%20Studio%29%28Eightbiter%29.ym	3587
https://www.cpc-power.com/YM/Crazy%20Stamps%20%281986%29%28Public%20Domain%29%28Basic%29.ym	3617
https://www.cpc-power.com/YM/Paperboy%20%281986%29%28Prototype%29.ym	3629
https://www.cpc-power.com/YM/4%20Soccer%20Simulators%201-4%20%281989%29%28Codemasters%29%28David%20Whittaker%29.ym	3631
https://www.cpc-power.com/YM/4%20Soccer%20Simulators%202-4%20%281989%29%28Codemasters%29%28David%20Whittaker%29.ym	3631
https://www.cpc-power.com/YM/4%20Soccer%20Simulators%203-4%20%281989%29%28Codemasters%29%28David%20Whittaker%29.ym	3631
https://www.cpc-power.com/YM/4%20Soccer%20Simulators%204-4%20%281989%29%28Codemasters%29%28David%20Whittaker%29.ym	3631
https://www.cpc-power.com/YM/Skull%20Castle%20%2819xx%29%28Basic%29.ym	3643
https://www.cpc-power.com/YM/Burger%20Party%20InGame%20%281995%29%28Futurs%29%28Zik%29%28ST-128%20Module%29.ym	3668
https://www.cpc-power.com/YM/Burger%20Party%20Menu%20%281995%29%28Futurs%29%28Zik%29%28ST-128%20Module%29.ym	3668
https://www.cpc-power.com/YM/Cave%20%281990%29%28PC%20Amstrad%20International%29%28Jens%20Koeplinger%29%28Basic%29.ym	3677
https://www.cpc-power.com/YM/Balloonacy%20%282007%29%28Cronosoft%29.ym	3695
https://www.cpc-power.com/YM/La%20Trilogie%20Du%20Temple%20D%27Apshai%20%281987%29%28D3M%29%28Basic%29.ym	3698
https://www.cpc-power.com/YM/Fruity%20%281988%29%28Black%20System%29%28Luc%20Guillaume%29.ym	3720
https://www.cpc-power.com/YM/Mega%20Twins%201-2%20%281991%29%28US%20Gold%29.ym	3737
https://www.cpc-power.com/YM/Mega%20Twins%202-2%20%281991%29%28US%20Gold%29.ym	3737
https://www.cpc-power.com/YM/CEZ%20Collection%20Volume%201%20-%20Face%20A%20%282008%29%28CEZ%20Games%20Studio%29%28Protracker%203.5%29.ym	3794
https://www.cpc-power.com/YM/CEZ%20Collection%20Volume%201%20-%20Face%20B%20%282008%29%28CEZ%20Games%20Studio%29%28Protracker%203.5%29.ym	3794
https://www.cpc-power.com/YM/Alpha%20Bug%20%281986%29%28Hebdogiciel%29%28Fabrice%20Dubach%29%28Basic%29.ym	3847
https://www.cpc-power.com/YM/BeTiled%21%20-%20Before%20Game%20%282009%29%28CEZ%20Games%20Studio%29%28WYZ%29.ym	3894
https://www.cpc-power.com/YM/BeTiled%21%20-%20Menu%20%282009%29%28CEZ%20Games%20Studio%29%28WYZ%29.ym	3894
https://www.cpc-power.com/YM/BeTiled%21%20-%20InGame%20%282009%29%28CEZ%20Games%20Studio%29%28WYZ%29.ym	3894
https://www.cpc-power.com/YM/BeTiled%21%20-%20End%20Game%20%282009%29%28CEZ%20Games%20Studio%29%28WYZ%29.ym	3894
https://www.cpc-power.com/YM/Double%20Dare%20%281991%29%28Alternative%20Software%29%28Paul%20Bellamy%29.ym	3896
https://www.cpc-power.com/YM/The%20Eternal%20Light%20-%20Forge%20%282009%29%28Public%20Domain%29%28Mr%20Lou%29%28StAkos%29.ym	3905
https://www.cpc-power.com/YM/The%20Eternal%20Light%20-%20Rabbit%20%282009%29%28Public%20Domain%29%28Mr%20Lou%29%28StAkos%29.ym	3905
https://www.cpc-power.com/YM/Durendal%20%2819xx%29%28Public%20Domain%29%28Basic%29.ym	3920
https://www.cpc-power.com/YM/Muzakology%20%281987%29%28Computing%20With%20The%20Amstrad%29%28Alex%20O%27Donovan%29%28Basic%29.ym	3922
https://www.cpc-power.com/YM/Street%20Warriors%20%281995%29%28Public%20Domain%29.ym	3948
https://www.cpc-power.com/YM/Burbujo%20%281986%29%28P.P.P.%20Ediciones%29%28Francisco%20Jose%20Blazquez%29%28Basic%29.ym	3949
https://www.cpc-power.com/YM/Doors%20Of%20Doom%20%281985%29%28Amsoft%29%28John%20Line%29.ym	3952
https://www.cpc-power.com/YM/Atomic%20Sattelit%20%281988%29%28Amstar%20%26%20Cpc%29%28JM%20Bieber%29%28Basic%29.ym	3957
https://www.cpc-power.com/YM/Fluff%20%281994%29%28Radical%20Software%29.ym	3959
https://www.cpc-power.com/YM/Fluff%20InGame%20%281994%29%28Radical%20Software%29.ym	3959
https://www.cpc-power.com/YM/Maxi%20Bourse%20International%20%281988%29%28Maxi%20Bourse%20International%29%28Music%20Pro%29.ym	3961
https://www.cpc-power.com/YM/Sudoku%20Master%20%282009%29%28Binary%20Sciences%29%28Napo%29%28STarkOs%29.ym	3963
https://www.cpc-power.com/YM/Sudoku%20Master%20Menu%20%282009%29%28Binary%20Sciences%29%28Sparklite%29%28STarkOs%29.ym	3963
https://www.cpc-power.com/YM/Delta-Force%20%281989%29%28Amstrad%20Cent%20Pour%20Cent%29%28Alain%20Massoumipour%29%28Basic%29.ym	4020
https://www.cpc-power.com/YM/Jackson%20City%20%281990%29%28GLL%20Software%29.ym	4044
https://www.cpc-power.com/YM/Sub%20%281986%29%28Gasoline%20Software%29%28Stephane%20Baunach%29.ym	4045
https://www.cpc-power.com/YM/Robotron%206128%20%282009%29%28Public%20Domain%29%28MR%20Lou%29.ym	4070
https://www.cpc-power.com/YM/Tom%20%26%20Jerry%202%20%281989%29%28Magic%20Bytes%29%28Georg%20Brandt%29.ym	4073
https://www.cpc-power.com/YM/Denver%20-%20Je%20Decouvre%20Les%20Animaux%20%281990%29%28Loriciels%29%28Basic%29.ym	4078
https://www.cpc-power.com/YM/Denver%20-%20Je%20Decouvre%20Les%20Chiffres%20%281990%29%28Loriciels%29%28Basic%29.ym	4079
https://www.cpc-power.com/YM/Denver%20-%20Le%20Jeu%20Des%20Sons%20%281990%29%28Loriciels%29%28Basic%29.ym	4081
https://www.cpc-power.com/YM/Equinoxe%20-%20Music%20Demo%201%20%281991%29%28UBI%20Soft%29%28Alain%20Massoumipour%29.ym	4089
https://www.cpc-power.com/YM/Equinoxe%20-%20Music%20Demo%202%20%281991%29%28UBI%20Soft%29%28Alain%20Massoumipour%29.ym	4089
https://www.cpc-power.com/YM/Equinoxe%20-%20Music%20Demo%203%20%281991%29%28UBI%20Soft%29%28Alain%20Massoumipour%29.ym	4089
https://www.cpc-power.com/YM/L%27Electricite%20Au%20Domicile%20%281987%29%28Logys%29%28Basic%29.ym	4121
https://www.cpc-power.com/YM/Xmas%20Ludo%20-%2001-14%20%281987%29%28Gremlin%20Graphics%20Software%29.ym	4126
https://www.cpc-power.com/YM/Xmas%20Ludo%20-%2002-14%20%281987%29%28Gremlin%20Graphics%20Software%29.ym	4126
https://www.cpc-power.com/YM/Xmas%20Ludo%20-%2003-14%20%281987%29%28Gremlin%20Graphics%20Software%29.ym	4126
https://www.cpc-power.com/YM/Xmas%20Ludo%20-%2004-14%20%281987%29%28Gremlin%20Graphics%20Software%29.ym	4126
https://www.cpc-power.com/YM/Xmas%20Ludo%20-%2005-14%20%281987%29%28Gremlin%20Graphics%20Software%29.ym	4126
https://www.cpc-power.com/YM/Xmas%20Ludo%20-%2006-14%20%281987%29%28Gremlin%20Graphics%20Software%29.ym	4126
https://www.cpc-power.com/YM/Xmas%20Ludo%20-%2007-14%20%281987%29%28Gremlin%20Graphics%20Software%29.ym	4126
https://www.cpc-power.com/YM/Xmas%20Ludo%20-%2008-14%20%281987%29%28Gremlin%20Graphics%20Software%29.ym	4126
https://www.cpc-power.com/YM/Xmas%20Ludo%20-%2009-14%20%281987%29%28Gremlin%20Graphics%20Software%29.ym	4126
https://www.cpc-power.com/YM/Xmas%20Ludo%20-%2010-14%20%281987%29%28Gremlin%20Graphics%20Software%29.ym	4126
https://www.cpc-power.com/YM/Xmas%20Ludo%20-%2011-14%20%281987%29%28Gremlin%20Graphics%20Software%29.ym	4126
https://www.cpc-power.com/YM/Xmas%20Ludo%20-%2012-14%20%281987%29%28Gremlin%20Graphics%20Software%29.ym	4126
https://www.cpc-power.com/YM/Xmas%20Ludo%20-%2013-14%20%281987%29%28Gremlin%20Graphics%20Software%29.ym	4126
https://www.cpc-power.com/YM/Xmas%20Ludo%20-%2014-14%20%281987%29%28Gremlin%20Graphics%20Software%29.ym	4126
https://www.cpc-power.com/YM/Magic%20Sound%20-%20Intro%20%281987%29%28H.%20Bittner%29%28Henry%20Bittner%29.ym	4127
https://www.cpc-power.com/YM/Magic%20Sound%20-%20Music%20Boogie%20%281987%29%28H.%20Bittner%29%28Henry%20Bittner%29.ym	4127
https://www.cpc-power.com/YM/Magic%20Sound%20-%20Music%20Chorinho%20%281987%29%28H.%20Bittner%29%28Henry%20Bittner%29.ym	4127
https://www.cpc-power.com/YM/Magic%20Sound%20-%20Music%20HardRock%20%281987%29%28H.%20Bittner%29%28Henry%20Bittner%29.ym	4127
https://www.cpc-power.com/YM/Magic%20Sound%20-%20Music%20Impro%20%281987%29%28H.%20Bittner%29%28Henry%20Bittner%29.ym	4127
https://www.cpc-power.com/YM/Magic%20Sound%20-%20Music%20Jazz%20%281987%29%28H.%20Bittner%29%28Henry%20Bittner%29.ym	4127
https://www.cpc-power.com/YM/Magic%20Sound%20-%20Music%20JazzRock%20%281987%29%28H.%20Bittner%29%28Henry%20Bittner%29.ym	4127
https://www.cpc-power.com/YM/Magic%20Sound%20-%20Music%20lp1-p18%20%281987%29%28H.%20Bittner%29%28Henry%20Bittner%29.ym	4127
https://www.cpc-power.com/YM/Magic%20Sound%20-%20Music%20Menuet%20%281987%29%28H.%20Bittner%29%28Henry%20Bittner%29.ym	4127
https://www.cpc-power.com/YM/Magic%20Sound%20-%20Music%20RagTime%20%281987%29%28H.%20Bittner%29%28Henry%20Bittner%29.ym	4127
https://www.cpc-power.com/YM/Magic%20Sound%20-%20Music%20Special%20%281987%29%28H.%20Bittner%29%28Henry%20Bittner%29.ym	4127
https://www.cpc-power.com/YM/Ablaze%27s%20Megademo%20-%20Intro%20%281995%29%28Moving%20Pixels%29%28Kangaroo%29%28ST-Module%29.ym	4139
https://www.cpc-power.com/YM/Ablaze%27s%20Megademo%20-%20Menu%20%281995%29%28Moving%20Pixels%29%28Kangaroo%29%28ST-Module%29.ym	4139
https://www.cpc-power.com/YM/Ablaze%27s%20Megademo%20-%20Part%201%201995%29%28Moving%20Pixels%29%28Kangaroo%29%28ST-Module%29.ym	4139
https://www.cpc-power.com/YM/Ablaze%27s%20Megademo%20-%20Part%202%20%281995%29%28Moving%20Pixels%29%28Kangaroo%29%28ST-Module%29.ym	4139
https://www.cpc-power.com/YM/Ablaze%27s%20Megademo%20-%20Part%203%20%281995%29%28Moving%20Pixels%29%28Kangaroo%29%28ST-Module%29.ym	4139
https://www.cpc-power.com/YM/Ablaze%27s%20Megademo%20-%20Part%204%20%281995%29%28Moving%20Pixels%29%28Kangaroo%29%28ST-Module%29.ym	4139
https://www.cpc-power.com/YM/Ablaze%27s%20Megademo%20-%20Part%205%20-%20f0%20%281995%29%28Moving%20Pixels%29%28Kangaroo%29%28ST-Module%29.ym	4139
https://www.cpc-power.com/YM/Ablaze%27s%20Megademo%20-%20Part%205%20-%20f1%20%281995%29%28Moving%20Pixels%29%28Kangaroo%29%28ST-Module%29.ym	4139
https://www.cpc-power.com/YM/Ablaze%27s%20Megademo%20-%20Part%206%20%281995%29%28Moving%20Pixels%29%28Kangaroo%29%28ST-Module%29.ym	4139
https://www.cpc-power.com/YM/Ablaze%27s%20Megademo%20-%20Turn%20Disk%20%281995%29%28Moving%20Pixels%29%28Kangaroo%29%28ST-Module%29.ym	4139
https://www.cpc-power.com/YM/Spitfire%201-5%20%281989%29%28Elite%20Systems%29.ym	4185
https://www.cpc-power.com/YM/Spitfire%202-5%20%281989%29%28Elite%20Systems%29.ym	4185
https://www.cpc-power.com/YM/Spitfire%203-5%20%281989%29%28Elite%20Systems%29.ym	4185
https://www.cpc-power.com/YM/Spitfire%204-5%20%281989%29%28Elite%20Systems%29.ym	4185
https://www.cpc-power.com/YM/Spitfire%205-5%20%281989%29%28Elite%20Systems%29.ym	4185
https://www.cpc-power.com/YM/The%20Advanced%20Music%20System%20-%20Adagio%20%281986%29%28Rainbird%20Software%29%28TAMS%29.ym	4201
https://www.cpc-power.com/YM/The%20Advanced%20Music%20System%20-%20Blues%20%281986%29%28Rainbird%20Software%29%28TAMS%29.ym	4201
https://www.cpc-power.com/YM/The%20Advanced%20Music%20System%20-%20Borong%20%281986%29%28Rainbird%20Software%29%28TAMS%29.ym	4201
https://www.cpc-power.com/YM/The%20Advanced%20Music%20System%20-%20Compo1%20%281986%29%28Rainbird%20Software%29%28TAMS%29.ym	4201
https://www.cpc-power.com/YM/The%20Advanced%20Music%20System%20-%20DadMusic%20%281986%29%28Rainbird%20Software%29%28TAMS%29.ym	4201
https://www.cpc-power.com/YM/The%20Advanced%20Music%20System%20-%20Deceipt%20%281986%29%28Rainbird%20Software%29%28TAMS%29.ym	4201
https://www.cpc-power.com/YM/The%20Advanced%20Music%20System%20-%20Experim%20%281986%29%28Rainbird%20Software%29%28TAMS%29.ym	4201
https://www.cpc-power.com/YM/The%20Advanced%20Music%20System%20-%20Gladd%20%281986%29%28Rainbird%20Software%29%28TAMS%29.ym	4201
https://www.cpc-power.com/YM/The%20Advanced%20Music%20System%20-%20Hooked%20%281986%29%28Rainbird%20Software%29%28TAMS%29.ym	4201
https://www.cpc-power.com/YM/The%20Advanced%20Music%20System%20-%20HornPipe%20%281986%29%28Rainbird%20Software%29%28TAMS%29.ym	4201
https://www.cpc-power.com/YM/The%20Advanced%20Music%20System%20-%20Jigina%20%281986%29%28Rainbird%20Software%29%28TAMS%29.ym	4201
https://www.cpc-power.com/YM/The%20Advanced%20Music%20System%20-%20LastBit%20%281986%29%28Rainbird%20Software%29%28TAMS%29.ym	4201
https://www.cpc-power.com/YM/The%20Advanced%20Music%20System%20-%20Riff%20%281986%29%28Rainbird%20Software%29%28TAMS%29.ym	4201
https://www.cpc-power.com/YM/The%20Advanced%20Music%20System%20-%20Sonata1%20%281986%29%28Rainbird%20Software%29%28TAMS%29.ym	4201
https://www.cpc-power.com/YM/The%20Advanced%20Music%20System%20-%20Sonata2%20%281986%29%28Rainbird%20Software%29%28TAMS%29.ym	4201
https://www.cpc-power.com/YM/The%20Advanced%20Music%20System%20-%20StudYam%20%281986%29%28Rainbird%20Software%29%28TAMS%29.ym	4201
https://www.cpc-power.com/YM/The%20Advanced%20Music%20System%20-%20TheGood%20%281986%29%28Rainbird%20Software%29%28TAMS%29.ym	4201
https://www.cpc-power.com/YM/Le%20Repere%20%281996%29%28Public%20Domain%29%28Paul-Henri%20Ducrocq%29%28Basic%29.ym	4229
https://www.cpc-power.com/YM/SuDoKu%201-5%20%282008%29%28Cronosoft%29%28Herve%20Monchatre%29%28StArkos%29.ym	4246
https://www.cpc-power.com/YM/SuDoKu%202-5%20%282008%29%28Cronosoft%29%28Herve%20Monchatre%29%28StArkos%29.ym	4246
https://www.cpc-power.com/YM/SuDoKu%203-5%20%282008%29%28Cronosoft%29%28Herve%20Monchatre%29%28StArkos%29.ym	4246
https://www.cpc-power.com/YM/SuDoKu%204-5%20%282008%29%28Cronosoft%29%28Herve%20Monchatre%29%28StArkos%29.ym	4246
https://www.cpc-power.com/YM/SuDoKu%205-5%20%282008%29%28Cronosoft%29%28Herve%20Monchatre%29%28StArkos%29.ym	4246
https://www.cpc-power.com/YM/Le%20Labyrinthe%20D%27Anglomania%202%20%281990%29%28Retz%29%28Ruth%20Huart%29.ym	4260
https://www.cpc-power.com/YM/Le%20Labyrinthe%20D%27Anglomania%201%201-12%20%281990%29%28Retz%29.ym	4365
https://www.cpc-power.com/YM/Le%20Labyrinthe%20D%27Anglomania%201%202-12%20%281990%29%28Retz%29.ym	4365
https://www.cpc-power.com/YM/Le%20Labyrinthe%20D%27Anglomania%201%203-12%20%281990%29%28Retz%29.ym	4365
https://www.cpc-power.com/YM/Le%20Labyrinthe%20D%27Anglomania%201%204-12%20%281990%29%28Retz%29.ym	4365
https://www.cpc-power.com/YM/Le%20Labyrinthe%20D%27Anglomania%201%205-12%20%281990%29%28Retz%29.ym	4365
https://www.cpc-power.com/YM/Le%20Labyrinthe%20D%27Anglomania%201%206-12%20%281990%29%28Retz%29.ym	4365
https://www.cpc-power.com/YM/Le%20Labyrinthe%20D%27Anglomania%201%207-12%20%281990%29%28Retz%29.ym	4365
https://www.cpc-power.com/YM/Le%20Labyrinthe%20D%27Anglomania%201%208-12%20%281990%29%28Retz%29.ym	4365
https://www.cpc-power.com/YM/Le%20Labyrinthe%20D%27Anglomania%201%209-12%20%281990%29%28Retz%29.ym	4365
https://www.cpc-power.com/YM/Le%20Labyrinthe%20D%27Anglomania%201%2010-12%20%281990%29%28Retz%29.ym	4365
https://www.cpc-power.com/YM/Le%20Labyrinthe%20D%27Anglomania%201%2011-12%20%281990%29%28Retz%29.ym	4365
https://www.cpc-power.com/YM/Le%20Labyrinthe%20D%27Anglomania%201%2012-12%20%281990%29%28Retz%29.ym	4365
https://www.cpc-power.com/YM/Light%20Sword%20%281991%29%28Lankhor%29%28Phoenix%29%28Basic%29.ym	4378
https://www.cpc-power.com/YM/Call%20%26BD10%27n%27oeuf%20Intro%20%282005%29%28Public%20Domain%29%28Fenyx%20Kell%29%28StarkOs%29.ym	4380
https://www.cpc-power.com/YM/Call%20%26BD10%27n%27oeuf%20Menu%20%282005%29%28Public%20Domain%29%28Fenyx%20Kell%29%28StarkOs%29.ym	4380
https://www.cpc-power.com/YM/Le%20Dossier%20Arkanoid%20%281992%29%28Phoenix%29%28Alain%20Massoumipour%29%28Basic%29.ym	4381
https://www.cpc-power.com/YM/X-Force%20Warrior%20%281990%29%28PC%20Amstrad%20International%29%28Alexander%20Stroh%29%28Basic%29.ym	4402
https://www.cpc-power.com/YM/The%20Mega%20Pack%20-%20Menu%20A%20%281989%29%28Loriciels%29%28Michel%20Winogradoff%29%28Basic%29.ym	4444
https://www.cpc-power.com/YM/The%20Mega%20Pack%20-%20Menu%20B%20%281989%29%28Loriciels%29%28Michel%20Winogradoff%29%28Basic%29.ym	4444
https://www.cpc-power.com/YM/Color%20Lines%20Ambiance%20%282010%29%28Futility%20Games%29%28Tom%20%26%20Jerry%20of%20GPA%29%28StArkos%29.ym	4567
https://www.cpc-power.com/YM/Color%20Lines%20Chaos%201%20%282010%29%28Futility%20Games%29%28Tom%20%26%20Jerry%20of%20GPA%29%28StArkos%29.ym	4567
https://www.cpc-power.com/YM/Color%20Lines%20Chaos%204%20%282010%29%28Futility%20Games%29%28Tom%20%26%20Jerry%20of%20GPA%29%28StArkos%29.ym	4567
https://www.cpc-power.com/YM/Color%20Lines%20Classic%20%282010%29%28Futility%20Games%29%28Tom%20%26%20Jerry%20of%20GPA%29%28StArkos%29.ym	4567
https://www.cpc-power.com/YM/Color%20Lines%20Color%20%282010%29%28Futility%20Games%29%28Ultrasyd%29%28StArkos%29.ym	4567
https://www.cpc-power.com/YM/Color%20Lines%20Contact%20%282010%29%28Futility%20Games%29%28Tom%20%26%20Jerry%20of%20GPA%29%28StArkos%29.ym	4567
https://www.cpc-power.com/YM/Color%20Lines%20End%20Game%20%282010%29%28Futility%20Games%29%28Tom%20%26%20Jerry%20of%20GPA%29%28StArkos%29.ym	4567
https://www.cpc-power.com/YM/Color%20Lines%20Epical%20%282010%29%28Futility%20Games%29%28Tom%20%26%20Jerry%20of%20GPA%29%28StArkos%29.ym	4567
https://www.cpc-power.com/YM/Color%20Lines%20Gao%20%282010%29%28Futility%20Games%29%28Tom%20%26%20Jerry%20of%20GPA%29%28StArkos%29.ym	4567
https://www.cpc-power.com/YM/Color%20Lines%20High%20Score%20%282010%29%28Futility%20Games%29%28Tom%20%26%20Jerry%20of%20GPA%29%28StArkos%29.ym	4567
https://www.cpc-power.com/YM/Color%20Lines%20High%20Score%202%20%282010%29%28Futility%20Games%29%28Tom%20%26%20Jerry%20of%20GPA%29%28StArkos%29.ym	4567
https://www.cpc-power.com/YM/Color%20Lines%20Intro%20%282010%29%28Futility%20Games%29%28Tom%20%26%20Jerry%20of%20GPA%29%28StArkos%29.ym	4567
https://www.cpc-power.com/YM/Color%20Lines%20January%20%282010%29%28Futility%20Games%29%28Tom%20%26%20Jerry%20of%20GPA%29%28StArkos%29.ym	4567
https://www.cpc-power.com/YM/Color%20Lines%20Lamer%202%20%282010%29%28Futility%20Games%29%28Tom%20%26%20Jerry%20of%20GPA%29%28StArkos%29.ym	4567
https://www.cpc-power.com/YM/Color%20Lines%20Low%20End%20%282010%29%28Futility%20Games%29%28Tom%20%26%20Jerry%20of%20GPA%29%28StArkos%29.ym	4567
https://www.cpc-power.com/YM/Color%20Lines%20Mariko%20%282010%29%28Futility%20Games%29%28Tom%20%26%20Jerry%20of%20GPA%29%28StArkos%29.ym	4567
https://www.cpc-power.com/YM/Color%20Lines%20Menu%20%282010%29%28Futility%20Games%29%28Tom%20%26%20Jerry%20of%20GPA%29%28StArkos%29.ym	4567
https://www.cpc-power.com/YM/Color%20Lines%20Miracule%20%282010%29%28Futility%20Games%29%28Tom%20%26%20Jerry%20of%20GPA%29%28StArkos%29.ym	4567
https://www.cpc-power.com/YM/Color%20Lines%20Relic%20%282010%29%28Futility%20Games%29%28Tom%20%26%20Jerry%20of%20GPA%29%28StArkos%29.ym	4567
https://www.cpc-power.com/YM/Color%20Lines%20Revenge%20%282010%29%28Futility%20Games%29%28Tom%20%26%20Jerry%20of%20GPA%29%28StArkos%29.ym	4567
https://www.cpc-power.com/YM/Color%20Lines%20Robots%20%282010%29%28Futility%20Games%29%28Ultrasyd%29%28StArkos%29.ym	4567
https://www.cpc-power.com/YM/Color%20Lines%20Russia%20%282010%29%28Futility%20Games%29%28Tom%20%26%20Jerry%20of%20GPA%29%28StArkos%29.ym	4567
https://www.cpc-power.com/YM/Color%20Lines%20Sirena%20%282010%29%28Futility%20Games%29%28Tom%20%26%20Jerry%20of%20GPA%29%28StArkos%29.ym	4567
https://www.cpc-power.com/YM/Color%20Lines%20Summer%203%20%282010%29%28Futility%20Games%29%28Tom%20%26%20Jerry%20of%20GPA%29%28StArkos%29.ym	4567
https://www.cpc-power.com/YM/Color%20Lines%20Summer%205%20%282010%29%28Futility%20Games%29%28Tom%20%26%20Jerry%20of%20GPA%29%28StArkos%29.ym	4567
https://www.cpc-power.com/YM/Color%20Lines%20Unused%201%20%282010%29%28Futility%20Games%29%28Tom%20%26%20Jerry%20of%20GPA%29%28StArkos%29.ym	4567
https://www.cpc-power.com/YM/Color%20Lines%20Unused%202%20%282010%29%28Futility%20Games%29%28Tom%20%26%20Jerry%20of%20GPA%29%28StArkos%29.ym	4567
https://www.cpc-power.com/YM/Color%20Lines%20Unused%203%20%282010%29%28Futility%20Games%29%28Tom%20%26%20Jerry%20of%20GPA%29%28StArkos%29.ym	4567
https://www.cpc-power.com/YM/Color%20Lines%20Unused%204%20%282010%29%28Futility%20Games%29%28Tom%20%26%20Jerry%20of%20GPA%29%28StArkos%29.ym	4567
https://www.cpc-power.com/YM/Cristal%20Castle%20%281986%29%28Hebdogiciel%29%28Basic%29.ym	4582
https://www.cpc-power.com/YM/Les%20Ruines%20Du%20Diable%20%281986%29%28Hebdogiciel%29%28Armand%20Catallo%29%28Basic%29.ym	4601
https://www.cpc-power.com/YM/Diabolocub%20-%20Menu%20%281988%29%28Amstar%29%28Dominique%20Trouillot%29%28Basic%29.ym	4770
https://www.cpc-power.com/YM/Diabolocub%20-%20Win%20%281988%29%28Amstar%29%28Dominique%20Trouillot%29%28Basic%29.ym	4770
https://www.cpc-power.com/YM/002%20Agent%20Double%20%281990%29%28Amstar%20%26%20CPC%29%28Frederik%20SPADA%29.ym	4821
https://www.cpc-power.com/YM/Archibald%20%281988%29%28Amstar%29%28Christophe%20Coupez%29%28Basic%29.ym	4823
https://www.cpc-power.com/YM/Pac%20Girl%202%20Le%20Retour%20%281991%29%28Public%20Domain%29%28Le%20Chat%20Cyril%29.ym	4842
https://www.cpc-power.com/YM/Defense%20%281986%29%28Amstradebdo%20Et%20PC%29%28Benoit%20Fischer%29%28Basic%29.ym	4863
https://www.cpc-power.com/YM/La%20Pyramide%20De%20Cheops%20-%20Intro%20%281986%29%28Amstradebdo%20Et%20PC%29%28Jean-Jacques%20Cortes%29%28Basic%29.ym	4870
https://www.cpc-power.com/YM/La%20Pyramide%20De%20Cheops%20-%20Partie%20Gagnee%20%281986%29%28Amstradebdo%20Et%20PC%29%28Jean-Jacques%20Cortes%29%28Basic%29.ym	4870
https://www.cpc-power.com/YM/La%20Pyramide%20De%20Cheops%20-%20Partie%20Perdue%20%281986%29%28Amstradebdo%20Et%20PC%29%28Jean-Jacques%20Cortes%29%28Basic%29.ym	4870
https://www.cpc-power.com/YM/Planete%20Base%20%281985%29%28Loriciels%29%28Basic%29.ym	4896
https://www.cpc-power.com/YM/Dead%20On%20Time%201-2%20%282010%29%28Psytronik%20Software%29%28Targhan%29%28StArkos%29.ym	4970
https://www.cpc-power.com/YM/Dead%20On%20Time%202-2%20%282010%29%28Psytronik%20Software%29%28Targhan%29%28StArkos%29.ym	4970
https://www.cpc-power.com/YM/3D%20Chateau%20%281986%29%28Philippe%20Brogniard%29%28Basic%29.ym	5033
https://www.cpc-power.com/YM/Silipack%20-%20Menu%20%281987%29%28E.S.A.T.%20Software%29%28Frederic%20Bellec%29%28Basic%29.ym	5055
https://www.cpc-power.com/YM/Silipack%20-%20Silidrum%20%281987%29%28E.S.A.T.%20Software%29%28Frederic%20Bellec%29%28Basic%29.ym	5055
https://www.cpc-power.com/YM/Silipack%20-%20Silitone%20%281987%29%28E.S.A.T.%20Software%29%28Frederic%20Bellec%29%28Basic%29.ym	5055
https://www.cpc-power.com/YM/Turbo-Ass%20-%20Outch%21%20Noter%20%281996%29%28Exodus%29%28Joshua%29%28ST-128%20Module%29.ym	5063
https://www.cpc-power.com/YM/Outch%21%20Noter%20%281996%29%28Exodus%29%28Joshua%29%28ST-128%20Module%29.ym	5064
https://www.cpc-power.com/YM/Banquise%20%281994%29%28CPC%20Infos%29%28C%20Menet%29%28Basic%29.ym	5085
https://www.cpc-power.com/YM/Sos%20Music%20-%20Menu%20%281989%29%28Amstrad%20Cent%20Pour%20Cent%29%28Bui%20Huu%20Nhan%29%28Basic%29.ym	5173
https://www.cpc-power.com/YM/Sos%20Music%20-%20Game%20Over%20%281989%29%28Amstrad%20Cent%20Pour%20Cent%29%28Bui%20Huu%20Nhan%29%28Basic%29.ym	5173
https://www.cpc-power.com/YM/Sos%20Music%20-%20Victory%20%281989%29%28Amstrad%20Cent%20Pour%20Cent%29%28Bui%20Huu%20Nhan%29%28Basic%29.ym	5173
https://www.cpc-power.com/YM/Copia%20Cinta%20A%20Cinta%20%281986%29%28Public%20Domain%29%28Roberto%20Ibeas%29%28Basic%29.ym	5200
https://www.cpc-power.com/YM/Welcome%20To%20Amstrad%20CPC%206128%20%281989%29%28AmSoft%29%28Basic%29.ym	5215
https://www.cpc-power.com/YM/S.O.S.%20%281986%29%28Your%20Computer%29%28Jose%20Vicente%20Pons%29%28Basic%29.ym	5239
https://www.cpc-power.com/YM/A%20Christmas%20Carol%20%281986%29%28Database%20Software%29.ym	5379
https://www.cpc-power.com/YM/Jet%20Pack%20Santa%20%281986%29%28Database%20Software%29%28Robert%20Nixon%29%28Basic%29.ym	5382
https://www.cpc-power.com/YM/Chenille%20%281985%29%28AM-Mag%29%28Benjamin%20Sentou%29%28Basic%29.ym	5404
https://www.cpc-power.com/YM/Spy%20%281988%29%28AM-Mag%29%28Thierry%20Collard%29.ym	5488
https://www.cpc-power.com/YM/Gold%20Run%20%281985%29%28Macsen%20Software%29.ym	5587
https://www.cpc-power.com/YM/Arquimedes%20XXI%201-2%20%282012%29%28ESP%20Soft%29%28Fenyx%20Kell%29%28StArkos%29.ym	5762
https://www.cpc-power.com/YM/Arquimedes%20XXI%202-2%20%282012%29%28ESP%20Soft%29%28Fenyx%20Kell%29%28StArkos%29.ym	5762
https://www.cpc-power.com/YM/Dancing%20Girl%20%281986%29%28Minipuce%29.ym	6046
https://www.cpc-power.com/YM/Chala%20%281994%29%28POW%29%28ST-Module%29.ym	6093
https://www.cpc-power.com/YM/Cyberbricks%20%281991%29%28Basic%20Gang%29%28Gregory%20Lenoir%29.ym	6095
https://www.cpc-power.com/YM/S.O.S.%20Luna%202%20%281989%29%28Amstrad%20Magazine%20Publinfor%29%28Basic%29.ym	6150
https://www.cpc-power.com/YM/Amstrad%20Jumper%20%281985%29%28Your%20Computer%29%28Jason%20Charlesworth%29.ym	6159
https://www.cpc-power.com/YM/Sub%20Hunter%20-%201.%20Title%20Music%20%282011%29%28Psytronik%29%28Herv%C3%A9%20Monchatre%29%28StArkos%29.ym	6258
https://www.cpc-power.com/YM/Sub%20Hunter%20-%202.%20InGame%20Music%20%282011%29%28Psytronik%29%28Herv%C3%A9%20Monchatre%29%28StArkos%29.ym	6258
https://www.cpc-power.com/YM/Sub%20Hunter%20-%203.%20Game%20Won%20Music%20%282011%29%28Psytronik%29%28Herv%C3%A9%20Monchatre%29%28StArkos%29.ym	6258
https://www.cpc-power.com/YM/Sub%20Hunter%20-%204.%20Jingle%201%20Get%20Ready%20%282011%29%28Psytronik%29%28Herv%C3%A9%20Monchatre%29%28StArkos%29.ym	6258
https://www.cpc-power.com/YM/Sub%20Hunter%20-%205.%20Jingle%202%20Well%20Done%20%282011%29%28Psytronik%29%28Herv%C3%A9%20Monchatre%29%28StArkos%29.ym	6258
https://www.cpc-power.com/YM/Sub%20Hunter%20-%206.%20Jingle%203%20Game%20Over%20%282011%29%28Psytronik%29%28Herv%C3%A9%20Monchatre%29%28StArkos%29.ym	6258
https://www.cpc-power.com/YM/Sub%20Hunter%20-%207.%20Boss%20Music%20%282011%29%28Psytronik%29%28Herv%C3%A9%20Monchatre%29%28StArkos%29.ym	6258
https://www.cpc-power.com/YM/Sub%20Hunter%20-%208.%20Bonus%20Music%20%282011%29%28Psytronik%29%28Herv%C3%A9%20Monchatre%29%28StArkos%29.ym	6258
https://www.cpc-power.com/YM/Sub%20Hunter%20-%209.%20Intro%20Music%20%282011%29%28Psytronik%29%28Herv%C3%A9%20Monchatre%29%28StArkos%29.ym	6258
https://www.cpc-power.com/YM/Prophetie%20-%20Les%20Marches%20De%20La%20Galaxie%20%281986%29%28Infomedia%29%28Basic%29.ym	6261
https://www.cpc-power.com/YM/Alpha-Strip%20%281988%29%28CPC%29%28Mustapha%20Nih%29%28Basic%29.ym	6263
https://www.cpc-power.com/YM/Contact%20%281988%29%28Georges%20Barjon%29%28Basic%29.ym	6267
https://www.cpc-power.com/YM/Disque%20CPC%20HS%2013%20%281988%29%28CPC%29%28Basic%29.ym	6269
https://www.cpc-power.com/YM/Disque%20CPC%20HS%2015%20%281989%29%28CPC%29%28Basic%29.ym	6276
https://www.cpc-power.com/YM/Disque%20CPC%20HS%2006%20%281987%29%28CPC%29%28Basic%29.ym	6281
https://www.cpc-power.com/YM/Cendrillon%20-%20Presentation%20%281987%29%28CPC%29%28Laurent%20Chabert%29%28Basic%29.ym	6282
https://www.cpc-power.com/YM/Cendrillon%20-%20Fin%20de%20Partie%20%281987%29%28CPC%29%28Laurent%20Chabert%29%28Basic%29.ym	6282
https://www.cpc-power.com/YM/Cendrillon%20-%20Gagne%20%281987%29%28CPC%29%28Laurent%20Chabert%29%28Basic%29.ym	6282
https://www.cpc-power.com/YM/Don%20Jean%20Et%20Dr%20Agon%20%281987%29%28CPC%29%28Michel%20Buzon%29%28Basic%29.ym	6284
https://www.cpc-power.com/YM/Disque%20CPC%20HS%2005%20%281987%29%28CPC%29%28Basic%29.ym	6289
https://www.cpc-power.com/YM/Disque%20CPC%20HS%2004%20%281986%29%28CPC%29%28Basic%29.ym	6295
https://www.cpc-power.com/YM/Disque%20CPC%20HS%2003%20%281986%29%28CPC%29%28Basic%29.ym	6308
https://www.cpc-power.com/YM/Disque%20CPC%20HS%2002%20%281986%29%28CPC%29%28Basic%29.ym	6317
https://www.cpc-power.com/YM/Disque%20CPC%20HS%2001%20-%20Elite%20Syncopation%20%281986%29%28CPC%29%28Henri%20Bittner%29%28Basic%29.ym	6331
https://www.cpc-power.com/YM/Uwol%202%20Quest%20For%20Money%20%282011%29%28The%20Mojon%20Twins%29%28Augusto%20Ruiz%29%28ProPlayer%29.ym	6371
https://www.cpc-power.com/YM/Uwol%202%20Quest%20For%20Money%20-%20InGame%20%282011%29%28The%20Mojon%20Twins%29%28Augusto%20Ruiz%29%28ProPlayer%29.ym	6371
https://www.cpc-power.com/YM/Logistrad%2005%20%281987%29%28Logipresse%29.ym	6424
https://www.cpc-power.com/YM/Logistrad%2001%20%281986%29%28Logipresse%29.ym	6425
https://www.cpc-power.com/YM/Logistrad%2002%20%281986%29%28Logipresse%29.ym	6426
https://www.cpc-power.com/YM/Logistrad%2003%20%281986%29%28Logipresse%29.ym	6427
https://www.cpc-power.com/YM/Logistrad%2004%20%281986%29%28Logipresse%29.ym	6428
https://www.cpc-power.com/YM/Logistrad%2006%20%281987%29%28Logipresse%29.ym	6429
https://www.cpc-power.com/YM/Logistrad%2007%20%281987%29%28Logipresse%29.ym	6430
https://www.cpc-power.com/YM/Logistrad%2008%20%281987%29%28Logipresse%29.ym	6431
https://www.cpc-power.com/YM/Logistrad%2009%20%281987%29%28Logipresse%29.ym	6432
https://www.cpc-power.com/YM/Run%27Star%203%20%281989%29%28Logipresse%29%28Music%20Pro%29.ym	6435
https://www.cpc-power.com/YM/Run%27Star%204%20%281989%29%28Logipresse%29%28Music%20Pro%29.ym	6436
https://www.cpc-power.com/YM/Run%27Star%205%20%281989%29%28Logipresse%29%28Music%20Pro%29.ym	6437
https://www.cpc-power.com/YM/Log%27Star%204%20%281989%29%28Logipresse%29%28Music%20Pro%29.ym	6438
https://www.cpc-power.com/YM/Flashman%20-%20Intro%20%281985%29%28Amstrad%20Computer%20User%29%28P.%20J.%20Eva%29%28Basic%29.ym	6450
https://www.cpc-power.com/YM/Flashman%20-%20SetUp%20%281985%29%28Amstrad%20Computer%20User%29%28P.%20J.%20Eva%29%28Basic%29.ym	6450
https://www.cpc-power.com/YM/Flashman%20-%20Well%20Done%20%281985%29%28Amstrad%20Computer%20User%29%28P.%20J.%20Eva%29%28Basic%29.ym	6450
https://www.cpc-power.com/YM/Cred%20Breaks%20Out%20%281986%29%28TSB%20Bank%29%28J.%20Cosby%29.ym	6476
https://www.cpc-power.com/YM/Black%20Jack%20%281986%29%28Logipresse%29%28Basic%29.ym	6481
https://www.cpc-power.com/YM/CPC%20System%20Information%20Utility%20%281993%29%28STS%20Software%29%28ST-Module%29.ym	6545
https://www.cpc-power.com/YM/Voyage%20A%20Travers%20La%20France%20%281991%29%28E.S.A.T.%20Software%29.ym	6662
https://www.cpc-power.com/YM/Dark%20Dungeons%20II%20%281990%29%28CPC%29%28Frederic%20Barnabe%29%28Basic%29.ym	6787
https://www.cpc-power.com/YM/The%20House%20That%20Jack%20Built%20%281985%29%28Knight%20Soft%29.ym	6805
https://www.cpc-power.com/YM/Boss%20Of%20Chicago%20II%20%281990%29%28CPC%29%28Fr%C3%A9d%C3%A9ric%20Barnabe%29%28Basic%29.ym	6810
https://www.cpc-power.com/YM/Le%20Mans%20%281985%29%28Computing%20With%20The%20Amstrad%29%28Roland%20A.%20Waddilove%29%28Basic%29.ym	6871
https://www.cpc-power.com/YM/Edge%20Grinder%201-2%20%282011%29%28Format%20War%29%28Tom%20%26%20Jerry%29.ym	6883
https://www.cpc-power.com/YM/Edge%20Grinder%202-2%20%282011%29%28Format%20War%29%28Tom%20%26%20Jerry%29.ym	6883
https://www.cpc-power.com/YM/Pharao%20%281987%29%28PC%20Schneider%20International%29%28Henning%20Katte%29%28Basic%29.ym	6907
https://www.cpc-power.com/YM/Captain%20America%20%281987%29%28Infomedia%29%28Bernard%20Cocchi%29%28Basic%29.ym	7000
https://www.cpc-power.com/YM/Quattro%20%281993%29%28Odiesoft%29%28ST-Module%29.ym	7043
https://www.cpc-power.com/YM/Sea%20Warrior%20II%20%281987%29%28Epta%29%28Nick%20the%20Greek%29%28Basic%29.ym	7100
https://www.cpc-power.com/YM/Bubble%20Bobble%204%20CPC%201-4%20%282011%29%28CNGSOFT%29%28Herve%20Monchatre%29.ym	7106
https://www.cpc-power.com/YM/Bubble%20Bobble%204%20CPC%202-4%20%282011%29%28CNGSOFT%29%28Herve%20Monchatre%29.ym	7106
https://www.cpc-power.com/YM/Bubble%20Bobble%204%20CPC%203-4%20%282011%29%28CNGSOFT%29%28Herve%20Monchatre%29.ym	7106
https://www.cpc-power.com/YM/Bubble%20Bobble%204%20CPC%204-4%20%282011%29%28CNGSOFT%29%28Herve%20Monchatre%29.ym	7106
https://www.cpc-power.com/YM/R-Type%2001%20Intro%20%282012%29%28Easter%20Egg%29%28Julien%20Riet%29.ym	7174
https://www.cpc-power.com/YM/R-Type%2002%20Menu%20%282012%29%28Easter%20Egg%29%28Julien%20Riet%29.ym	7174
https://www.cpc-power.com/YM/R-Type%2003%20Stage%201%20%282012%29%28Easter%20Egg%29%28Julien%20Riet%29.ym	7174
https://www.cpc-power.com/YM/R-Type%2004%20Stage%202%20%282012%29%28Easter%20Egg%29%28Julien%20Riet%29.ym	7174
https://www.cpc-power.com/YM/R-Type%2005%20Stage%203%20%282012%29%28Easter%20Egg%29%28Julien%20Riet%29.ym	7174
https://www.cpc-power.com/YM/R-Type%2006%20Stage%204%20%282012%29%28Easter%20Egg%29%28Julien%20Riet%29.ym	7174
https://www.cpc-power.com/YM/R-Type%2007%20Stage%205%20%282012%29%28Easter%20Egg%29%28Julien%20Riet%29.ym	7174
https://www.cpc-power.com/YM/R-Type%2008%20Stage%206%20%282012%29%28Easter%20Egg%29%28Julien%20Riet%29.ym	7174
https://www.cpc-power.com/YM/R-Type%2009%20Stage%207%20%282012%29%28Easter%20Egg%29%28Julien%20Riet%29.ym	7174
https://www.cpc-power.com/YM/R-Type%2010%20Stage%208%20%282012%29%28Easter%20Egg%29%28Julien%20Riet%29.ym	7174
https://www.cpc-power.com/YM/R-Type%2011%20Boss%20%282012%29%28Easter%20Egg%29%28Julien%20Riet%29.ym	7174
https://www.cpc-power.com/YM/R-Type%2012%20Continue%20%282012%29%28Easter%20Egg%29%28Julien%20Riet%29.ym	7174
https://www.cpc-power.com/YM/R-Type%2013%20Game%20Over%20%282012%29%28Easter%20Egg%29%28Julien%20Riet%29.ym	7174
https://www.cpc-power.com/YM/R-Type%2014%20Victory%20%282012%29%28Easter%20Egg%29%28Julien%20Riet%29.ym	7174
https://www.cpc-power.com/YM/R-Type%2015%20Hi-Score%20%282012%29%28Easter%20Egg%29%28Julien%20Riet%29.ym	7174
https://www.cpc-power.com/YM/R-Type%2016%20Cyber%20Tribute%20%282012%29%28Easter%20Egg%29%28Julien%20Riet%29.ym	7174
https://www.cpc-power.com/YM/R-Type%20%28UK%29%20%28128K%29%20%282012%29%2017%20Hidden%20Stage%20-%20Launch%20%28unused%29.ym	7174
https://www.cpc-power.com/YM/R-Type%20%28UK%29%20%28128K%29%20%282012%29%2018%20Hidden%20Stage.ym	7174
https://www.cpc-power.com/YM/R-Type%20%28UK%29%20%28128K%29%20%282012%29%2019%20Hidden%20Stage%20-%20Boss%20Battle.ym	7174
https://www.cpc-power.com/YM/R-Type%20%28UK%29%20%28128K%29%20%282012%29%2020%20Hidden%20Stage%20-%20Stage%20Clear.ym	7174
https://www.cpc-power.com/YM/R-Type%20%28UK%29%20%28128K%29%20%282012%29%2021%20Hidden%20Cyber%20Tribute.ym	7174
https://www.cpc-power.com/YM/Pomm%27s%20%281987%29%28Infomedia%29%28Claude%20Le%20Moullec%29.ym	7213
https://www.cpc-power.com/YM/A%20La%20Conquete%20De%20LOrthographe%20Ce1%20-%20Ce2%20%281995%29%28Generation%205%29.ym	7218
https://www.cpc-power.com/YM/Viaje%20Al%20Centro%20De%20La%20Tierra%20-%20Version%20Extendida%20%282012%29%28Topo%20Soft%29%28Sergio%20Vaquer%29%28VTII%20PT3%20Player%29.ym	7322
https://www.cpc-power.com/YM/Come-Bed%20School%20-%20InGame%20%281992%29%28TGS%29%28The%20Electric%20Monk%29%28ST-Module%29.ym	7338
https://www.cpc-power.com/YM/Come-Bed%20School%20-%20Orgasm%20%281992%29%28TGS%29%28The%20Electric%20Monk%29%28ST-Module%29.ym	7338
https://www.cpc-power.com/YM/Fort%20Invincible%20%281986%29%28Computer%20And%20Video%20Games%29%28Nigel%20Clarke%29%28Basic%29.ym	7390
https://www.cpc-power.com/YM/Tracks%20From%20The%20Early%2090%27s%20-%201%20-%20Intro%20Music%20%282012%29%28Public%20Domain%29%28Mr%20Lou%29.ym	7393
https://www.cpc-power.com/YM/Tracks%20From%20The%20Early%2090%27s%20-%202%20-%20Turn%20Up%20The%20Music%20%282012%29%28Public%20Domain%29%28Mr%20Lou%29.ym	7393
https://www.cpc-power.com/YM/Tracks%20From%20The%20Early%2090%27s%20-%203%20-%20Bells%20%282012%29%28Public%20Domain%29%28Mr%20Lou%29.ym	7393
https://www.cpc-power.com/YM/Tracks%20From%20The%20Early%2090%27s%20-%204%20-%20Domino%20Dancing%20%282012%29%28Public%20Domain%29%28Mr%20Lou%29.ym	7393
https://www.cpc-power.com/YM/Tracks%20From%20The%20Early%2090%27s%20-%205%20-%20It%20s%20In%20The%20Air%20%282012%29%28Public%20Domain%29%28Mr%20Lou%29.ym	7393
https://www.cpc-power.com/YM/Tracks%20From%20The%20Early%2090%27s%20-%206%20-%20Sad%20%282012%29%28Public%20Domain%29%28Mr%20Lou%29.ym	7393
https://www.cpc-power.com/YM/Tracks%20From%20The%20Early%2090%27s%20-%207%20-%20Let%20It%20Be%20%282012%29%28Public%20Domain%29%28Mr%20Lou%29.ym	7393
https://www.cpc-power.com/YM/Tracks%20From%20The%20Early%2090%27s%20-%208%20-%20Mary%20Boy%20Child%20%282012%29%28Public%20Domain%29%28Mr%20Lou%29.ym	7393
https://www.cpc-power.com/YM/Tracks%20From%20The%20Early%2090%27s%20-%209%20-%20Billy%20Jean%20%282012%29%28Public%20Domain%29%28Mr%20Lou%29.ym	7393
https://www.cpc-power.com/YM/Tracks%20From%20The%20Early%2090%27s%20-%2010%20-%20Moonlight%20Shadows%20%282012%29%28Public%20Domain%29%28Mr%20Lou%29.ym	7393
https://www.cpc-power.com/YM/Tracks%20From%20The%20Early%2090%27s%20-%2011%20-%20Oh%20I%20See%20%282012%29%28Public%20Domain%29%28Mr%20Lou%29.ym	7393
https://www.cpc-power.com/YM/Tracks%20From%20The%20Early%2090%27s%20-%2012%20-%20Going%20Higher%20%282012%29%28Public%20Domain%29%28Mr%20Lou%29.ym	7393
https://www.cpc-power.com/YM/Tracks%20From%20The%20Early%2090%27s%20-%2013%20-%20Having%20Friends%20%282012%29%28Public%20Domain%29%28Mr%20Lou%29.ym	7393
https://www.cpc-power.com/YM/Clouds%20With%20Virgins%20In%20The%20Skies%20%282012%29%28Dirty%20Minds%29%28Factor%206%29.ym	7394
https://www.cpc-power.com/YM/Outer%20World%20Music%20A-%20X-Ray%20%282011%29%28Benediction%29%28Factor%206%29%28PT3%29.ym	7400
https://www.cpc-power.com/YM/Outer%20World%20Music%20B-%20Day%20After%20Yesterday%20%282011%29%28Benediction%29%28Factor%206%29%28PT3%29.ym	7400
https://www.cpc-power.com/YM/Outer%20World%20Music%20C-%20Geronimo%27s%20Cadillac%20%282011%29%28Benediction%29%28Factor%206%29%28PT3%29.ym	7400
https://www.cpc-power.com/YM/Outer%20World%20Music%20D-%20Through%20Poland%20%282011%29%28Benediction%29%28Factor%206%29%28PT3%29.ym	7400
https://www.cpc-power.com/YM/Outer%20World%20Music%20E-%20128%20Miles%20%282011%29%28Benediction%29%28Factor%206%29%28PT3%29.ym	7400
https://www.cpc-power.com/YM/Outer%20World%20Music%20F-%20Good%20Mood%20%282011%29%28Benediction%29%28Factor%206%29%28PT3%29.ym	7400
https://www.cpc-power.com/YM/Outer%20World%20Music%20G-%20Outside%20World%20%282011%29%28Benediction%29%28Factor%206%29%28PT3%29.ym	7400
https://www.cpc-power.com/YM/Outer%20World%20Music%20H-%20Yeovil%20Junction%20%282011%29%28Benediction%29%28Factor%206%29%28PT3%29.ym	7400
https://www.cpc-power.com/YM/Outer%20World%20Music%20I-%20Clive%20Sinclair%20%282011%29%28Benediction%29%28Factor%206%29%28PT3%29.ym	7400
https://www.cpc-power.com/YM/Outer%20World%20Music%20J-%20Champolion%20est%20un%20pd%20%282011%29%28Benediction%29%28Factor%206%29%28PT3%29.ym	7400
https://www.cpc-power.com/YM/Outer%20World%20Music%20K-%20Bits%20main%20%282011%29%28Benediction%29%28Factor%206%29%28PT3%29.ym	7400
https://www.cpc-power.com/YM/Outer%20World%20Music%20L-%20Through%20England%20%282011%29%28Benediction%29%28Factor%206%29%28PT3%29.ym	7400
https://www.cpc-power.com/YM/Black%20Sabbath%20%282001%29%28HARD%27OS%29.ym	7401
https://www.cpc-power.com/YM/Walking%20On%20A%20Scroll%20%282000%29%28HARD%27OS%29.ym	7402
https://www.cpc-power.com/YM/Walking%20On%20A%20Scroll%20Cheat%20Part%20%282000%29%28HARD%27OS%29%28Shap%29%28ST-128%20Module%29.ym	7402
https://www.cpc-power.com/YM/Ze%20Meeting%202000%20%282000%29%28Hard%27Os%29%28Shap%29%28ST-128%20Module%29.ym	7403
https://www.cpc-power.com/YM/OFE%201%20-%20Little%20One%20%2819xx%29%28OFE%29.ym	7404
https://www.cpc-power.com/YM/ASIC%20Intro%201%20-%20Plasma%20Plus%20%282000%29%28Flower%20Corp%29%28Eliot%29%28ST-128%20Module%29.ym	7409
https://www.cpc-power.com/YM/It%20was%20so%20nice%20before%20the%20crash%20of%20the%20Mir%20station%20%281999%29%28Benediction%29%28Shap%29.ym	7410
https://www.cpc-power.com/YM/ASM%20Intro%201%20%282008%29%28Flower%20Corp%29%28Shap%29%28ST-128%20Module%29.ym	7411
https://www.cpc-power.com/YM/System%20Party%2097%20-%20Rainbird%20Part%20%281998%29%28Benediction%29%28Joy%29%28Equinoxe%29.ym	7412
https://www.cpc-power.com/YM/What%20A%20Cool%20Week%20End%20%282000%29%28Benediction%29.ym	7413
https://www.cpc-power.com/YM/What%20A%20Cool%20Week%20End%20Part%20%282000%29%28Benediction%29.ym	7413
https://www.cpc-power.com/YM/New%20Arcade%206%20-%20The%20Last%20Aventure%20-%20Part%201%20%281994%29%28Power%20System%29%28BSC%29%28ST-128%20Module%29.ym	7414
https://www.cpc-power.com/YM/New%20Arcade%206%20-%20The%20Last%20Aventure%20-%20Part%202%20%281994%29%28Power%20System%29%28Epsilon%29%28ST-128%20Module%29.ym	7414
https://www.cpc-power.com/YM/Boules%20Et%20Bits%20%282006%29%28Vanity%29%28Tom%20and%20Jerry%20of%20GPA%29.ym	7416
https://www.cpc-power.com/YM/New%20Arcade%205%20Credits%20%281993%29%28New%20Arcade%29%28ST-Module%29.ym	7417
https://www.cpc-power.com/YM/New%20Arcade%205%20La%20stuce%20%281993%29%28New%20Arcade%29%28ST-Module%29.ym	7417
https://www.cpc-power.com/YM/New%20Arcade%205%20Menu%20A%20%281993%29%28New%20Arcade%29%28Eliot%29.ym	7417
https://www.cpc-power.com/YM/New%20Arcade%205%20Snd%20Preview%20%281993%29%28New%20Arcade%29%28BSC%29%28ST-Module%29.ym	7417
https://www.cpc-power.com/YM/New%20Arcade%205%20Turn%20Disc%20A%20%281993%29%28New%20Arcade%29%28Eliot%29.ym	7417
https://www.cpc-power.com/YM/New%20Arcade%205%20Assemblor%20%281993%29%28New%20Arcade%29%28ST-Module%29.ym	7417
https://www.cpc-power.com/YM/New%20Arcade%205%20Bidouilles%20%281993%29%28New%20Arcade%29%28ST-Module%29.ym	7417
https://www.cpc-power.com/YM/New%20Arcade%205%20Edito%20%281993%29%28New%20Arcade%29%28BSC%29%28ST-Module%29.ym	7417
https://www.cpc-power.com/YM/New%20Arcade%205%20Infos%20%281993%29%28New%20Arcade%29%28ST-Module%29.ym	7417
https://www.cpc-power.com/YM/New%20Arcade%205%20Menu%20B%20%281993%29%28New%20Arcade%29%28ST-Module%29.ym5	7417
https://www.cpc-power.com/YM/New%20Arcade%205%20The%20News%20%281993%29%28New%20Arcade%29%28ST-Module%29.ym	7417
https://www.cpc-power.com/YM/New%20Arcade%205%20Utilitaires%20%281993%29%28New%20Arcade%29%28ST-Module%29.ym	7417
https://www.cpc-power.com/YM/Dragoon%20%28199x%29%28Boxon%20Team%29%28Eliot%29%28ST-128%20Module%29.ym	7419
https://www.cpc-power.com/YM/Crossfire%20The%20Desert%20Arabian%20Night%20Fever%20%281997%29%28Beng%29%28Kangaroo%29%28ST-128%20Module%29.ym	7420
https://www.cpc-power.com/YM/A%20Step%20Beyond%20%282003%29%28Dirty%20Minds%29%28Sice%29%28ST-128%20Module%29.ym	7426
https://www.cpc-power.com/YM/Batman%27s%20Journey%20-%20Intro%20%281993%29%28Rebels%29%28Kangaroo%29%28ST-Module%29.ym	7431
https://www.cpc-power.com/YM/Batman%27s%20Journey%20-%20Main%20Part%20%281993%29%28Rebels%29%28Kangaroo%29%28ST-128%20Module%29.ym	7431
https://www.cpc-power.com/YM/Cebit%2094%20%281994%29%28MOPS%29%28ST-Module%29.ym	7432
https://www.cpc-power.com/YM/Demoniak%207%20Advert%20%281999%29%28Arkos%29%28Targhan%29%28ST-128%20Module%29.ym	7433
https://www.cpc-power.com/YM/Fanzy%20Meeting%20%281994%29%28Power%20System%29%28Eliot%29%28ST-128%20Module%29.ym	7438
https://www.cpc-power.com/YM/First%20Sound%20Sampler%20%281989%29%2842-Crew%29%28Little%20Un%29.ym	7439
https://www.cpc-power.com/YM/Fucking%20Exams%202%20%282002%29%28Revival%29.ym	7441
https://www.cpc-power.com/YM/Fusion%20%281994%29%28TGS-CRT%29%28ST-128%20Module%29.ym	7445
https://www.cpc-power.com/YM/Tux%20CC4%20Demo%20%282007%29%28ZX%20Spectrum%29.ym	7448
https://www.cpc-power.com/YM/Sentinel%20%281994%29%28GPA%29%28Tom%20%26%20Jerry%29%28ST-Module%29.ym	7450
https://www.cpc-power.com/YM/Pas%20de%20C4%20pour%20Daniel-Daniel%20%2819xx%29%28Overlanders%29.ym	7452
https://www.cpc-power.com/YM/Creation%20Meeting%20CPC%20%281991%29%28Paradox%29%28Duffy%29%28Music%20Pro%29.ym	7453
https://www.cpc-power.com/YM/DarkAge%20Intro%20%281995%29%28Power%20System%29%28Epsilon%29%28ST-128%20Module%29.ym	7454
https://www.cpc-power.com/YM/DarkAge%20Part%202%20%281995%29%28Power%20System%29%28Hydris%29%28ST-128%20Module%29.ym	7454
https://www.cpc-power.com/YM/DarkAge%20Part%203%20%281995%29%28Power%20System%29%28Epsilon%29%28ST-128%20Module%29.ym	7454
https://www.cpc-power.com/YM/Mad%20Rast%20Demo%20%2819xx%29%28Hydris%29.ym	7459
https://www.cpc-power.com/YM/Arome%20Tomate%20%282009%29%28Overlanders%29%28Tom%20%26%20Jerry%29%28StArkos%29.ym	7464
https://www.cpc-power.com/YM/Hard%20Revenge%20Demo%20%281993%29%28Factice%29.ym	7466
https://www.cpc-power.com/YM/Hard%20Revenge%20Demo%20Second%20Music%20%281993%29%28Factice%29.ym	7466
https://www.cpc-power.com/YM/Amazing%20Cool%20Demo%20Part%20%281989%29%28Logon%20System%29.ym	7467
https://www.cpc-power.com/YM/Mini%20Meeting%202%20Part%202%20%28Overlanders%29%28BSC%29%28ST-128%20Module%29.ym	7489
https://www.cpc-power.com/YM/Mini%20Meeting%201%20%28Overlanders%29%28Targhan%20of%20Arkos%29%28ST-128%20Module%29.ym	7490
https://www.cpc-power.com/YM/Mortal%20Intro%20%281994%29%28Power%20System%29%28ST-128%20Module%29.ym	7494
https://www.cpc-power.com/YM/Soundtrakker%20Demo%201-3%20%281992%29%28CPC%20Amstrad%20International%29%28Oliver%20Mayer%29%28ST-Module%29.ym	7498
https://www.cpc-power.com/YM/Soundtrakker%20Demo%202-3%20%281992%29%28CPC%20Amstrad%20International%29%28Oliver%20Mayer%29%28ST-Module%29.ym	7498
https://www.cpc-power.com/YM/Soundtrakker%20Demo%203-3%20%281992%29%28CPC%20Amstrad%20International%29%28Oliver%20Mayer%29%28ST-Module%29.ym	7498
https://www.cpc-power.com/YM/Sea%20You%20Soon%20%281993%29%28Static%29%28Ric%29.ym	7499
https://www.cpc-power.com/YM/Plasma%20%2819xx%29%28Contrast%29%28Ric%29.ym	7504
https://www.cpc-power.com/YM/Los%20Buggos%20Party%20-%20Intro%20%281994%29%28Bugs%29%28BSC%29%28ST-128%20Module%29.ym	7508
https://www.cpc-power.com/YM/Los%20Buggos%20Party%20-%20Part%201%20%281994%29%28Bugs%29%28Kangaroo%29%28ST-128%20Module%29.ym	7508
https://www.cpc-power.com/YM/Los%20Buggos%20Party%20-%20Part%202%20%281994%29%28Bugs%29%28Kangaroo%29%28ST-128%20Module%29.ym	7508
https://www.cpc-power.com/YM/Telepathique%20-%20Intro%20%281994%29%28Bugs%29%28Kangaroo%20Music%29%28ST-128%20Module%29.ym	7509
https://www.cpc-power.com/YM/Telepathique%20-%20Main%20Part%201%20%281994%29%28Bugs%29%28Beta%20Soft%20Cologne%29%28ST-Module%29.ym	7509
https://www.cpc-power.com/YM/Telepathique%20-%20Main%20Part%202%20%281994%29%28Bugs%29%28Kangaroo%20Music%29%28ST-128%20Module%29.ym	7509
https://www.cpc-power.com/YM/Bombastic%20-%20Intro%20%281998%29%28Dirty%20Minds%29%28Antitec%29%28ST-128%20Module%29.ym	7511
https://www.cpc-power.com/YM/Bombastic%20-%20Main%20Part%20%281998%29%28Dirty%20Minds%29%28Antitec%29%28ST-128%20Module%29.ym	7511
https://www.cpc-power.com/YM/Boxon%203%20Advert%20%281996%29%28Da%20Boxon%20Team%29%28ST-Module%29.ym	7512
https://www.cpc-power.com/YM/Castle%20Party%20Intro%20%281992%29%28HJT%29%28St-Module%29.ym	7513
https://www.cpc-power.com/YM/Castle%20Party%20Menu%20%281992%29%28HJT%29%28St-Module%29.ym	7513
https://www.cpc-power.com/YM/Castle%20Party%20Part%201%20%281992%29%28HJT%29%28St-Module%29.ym	7513
https://www.cpc-power.com/YM/Castle%20Party%20Part%202%20%281992%29%28HJT%29%28St-Module%29.ym	7513
https://www.cpc-power.com/YM/Castle%20Party%20Part%204%20%281992%29%28HJT%29%28St-Module%29.ym	7513
https://www.cpc-power.com/YM/Castle%20Party%20Cheat%20Part%20%281992%29%28HJT%29%28St-Module%29.ym	7513
https://www.cpc-power.com/YM/BSC%20Megademo%2091%20Cheat%20Part%20%281991%29%28GCS%29%28Dave%20Rogers%29.ym	7514
https://www.cpc-power.com/YM/CPCTro%20%282009%29%28ZeroTeam%29%28Factor6%29.ym	7516
https://www.cpc-power.com/YM/TOP%20Crackers%202%20-%20Musique%201%20%2819xx%29%28TOP%20Crackers%29%28Basic%29.ym	7517
https://www.cpc-power.com/YM/TOP%20Crackers%202%20-%20Musique%202%20%2819xx%29%28TOP%20Crackers%29%28Basic%29.ym	7517
https://www.cpc-power.com/YM/International%20Vodka%20Party%202008%20-%20Oh%20No%202%20%282008%29%28Benediction%29%28PulkoMandy%29%28StArkos%29.ym	7518
https://www.cpc-power.com/YM/Weee%202%20%281989%29%28Macabre%20Freeware%29%28Weee%29.ym	7519
https://www.cpc-power.com/YM/Ultrasyd%20Music%20Disk%201%20Fractal%20Dimension%20%282009%29%28Public%20Domain%29%28Ultrasyd%29%28StArkos%29.ym	7520
https://www.cpc-power.com/YM/Ultrasyd%20Music%20Disk%202%20YM-Type%20%282009%29%28Public%20Domain%29%28Ultrasyd%29%28StArkos%29.ym	7520
https://www.cpc-power.com/YM/Ultrasyd%20Music%20Disk%203%20FucKit%20%282009%29%28Public%20Domain%29%28Ultrasyd%29%28StArkos%29.ym	7520
https://www.cpc-power.com/YM/Ultrasyd%20Music%20Disk%204%20Dead%20Floppy%20%282009%29%28Public%20Domain%29%28Ultrasyd%29%28StArkos%29.ym	7520
https://www.cpc-power.com/YM/Sweet%20Megademo%20Bloddy%20Part%20%28DBT%29%28JPM%20Trax%29%28ST-128%20Module%29.ym	7521
https://www.cpc-power.com/YM/Sweet%20Megademo%20Crazy%20Chess%20Part%20%28DBT%29%28JPM%20Trax%29%28ST-128%20Module%29.ym	7521
https://www.cpc-power.com/YM/Sweet%20Megademo%20End%20Part%20%28DBT%29%28JPM%20Trax%29%28ST-128%20Module%29.ym	7521
https://www.cpc-power.com/YM/Sweet%20Megademo%20Fantasm%20Part%20%28DBT%29%28JPM%20Trax%29%28ST-128%20Module%29.ym	7521
https://www.cpc-power.com/YM/Sweet%20Megademo%20Headache%20Part%20%28DBT%29%28Tom%20%26%20Jerry%20of%20GPA%29%28ST-128%20Module%29.ym	7521
https://www.cpc-power.com/YM/CPC%20Meuuuhting%20SuperSly%20%282008%29%28Public%20Domain%29%28Targhan%29%28StArkos%29.ym	7528
https://www.cpc-power.com/YM/CPC%20Meuuuhting%20Grim%20%282008%29%28Public%20Domain%29%28Napo%29%28StArkos%29.ym	7528
https://www.cpc-power.com/YM/CPC%20Meuuuhting%20Iron%20%282008%29%28Public%20Domain%29%28Sice%29%28ST-128%20Module%29.ym	7528
https://www.cpc-power.com/YM/CPC%20Meuuuhting%20Menu%20%282008%29%28Public%20Domain%29%28%29%28AYC%29.ym	7528
https://www.cpc-power.com/YM/CPC%20Meuuuhting%20Plissken%20%282008%29%28Public%20Domain%29%28Pulkomandy%29%28StArkos%29.ym	7528
https://www.cpc-power.com/YM/From%20Scratch%20%282009%29%28Vanity%29%28Tom%20%26%20Jerry%29.ym	7529
https://www.cpc-power.com/YM/Ofe%207%20%282008%29%28Public%20Domain%29%28StArkos%29.ym	7531
https://www.cpc-power.com/YM/XMas%202008%20%282008%29%28Impact%29%28Factor6%29.ym	7532
https://www.cpc-power.com/YM/Nephilim%20Meeting%20Number%201%20-%20Main%20Part%20%281993%29%28Nephilim%29%28ST-Module%29.ym	7534
https://www.cpc-power.com/YM/Digital%20Orgasm%20-%20Part%201%20%281994%29%28Symbiosis%29%28Beta%20Soft%20Cologne%29%28ST-128%20Module%29.ym	7535
https://www.cpc-power.com/YM/Digital%20Orgasm%20-%20Part%202%20%281994%29%28Symbiosis%29%28Beta%20Soft%20Cologne%29%28ST-128%20Module%29.ym	7535
https://www.cpc-power.com/YM/Nashua%20-%20Meeting%20Part%20%281992%29%28Static%29%28Ric%29.ym	7537
https://www.cpc-power.com/YM/Nashua%20-%20Unknown%20Part%20%281992%29%28Static%29%28Ric%29.ym	7537
https://www.cpc-power.com/YM/October%2095%20Intro%20%281995%29%28Ast%20System%20%29%28AST%29%28ST-128%20Module%29.ym	7539
https://www.cpc-power.com/YM/October%2095%20Main%20Part%20%281995%29%28Ast%20System%20%29%28AST%29%28ST-128%20Module%29.ym	7539
https://www.cpc-power.com/YM/Optix%20-%20Intro%201%20%281995%29%28Benediction%29%28Eliot%29%28ST-128%20Module%29.ym	7540
https://www.cpc-power.com/YM/Optix%20-%20Intro%202%20%281995%29%28Benediction%29%28Eliot%29%28ST-128%20Module%29.ym	7540
https://www.cpc-power.com/YM/Optix%20-%20Main%201%20%281995%29%28Benediction%29%28Eliot%29%28ST-128%20Module%29.ym	7540
https://www.cpc-power.com/YM/Optix%20-%20Main%202%20%281995%29%28Benediction%29%28Eliot%29%28ST-128%20Module%29.ym	7540
https://www.cpc-power.com/YM/Optix%20-%20End%20%281995%29%28Benediction%29%28Eliot%29%28ST-128%20Module%29.ym	7540
https://www.cpc-power.com/YM/Midline%20Process%20Intro%20Theme%20%282004%29%28Arkos%29%28Targhan%29%28SK10%29.ym	7542
https://www.cpc-power.com/YM/Midline%20Process%20Main%20Theme%20%282004%29%28Arkos%29%28Targhan%29%28SK10%29.ym	7542
https://www.cpc-power.com/YM/Midline%20Process%20Carpet%20%282004%29%28Arkos%29%28Targhan%29%28SK10%29.ym	7542
https://www.cpc-power.com/YM/Midline%20Process%20Molusk%20%282004%29%28Arkos%29%28Targhan%29%28SK10%29.ym	7542
https://www.cpc-power.com/YM/Midline%20Process%20End%20Theme%20%282004%29%28Arkos%29%28Targhan%29%28SK10%29.ym	7542
https://www.cpc-power.com/YM/Odyssey%20-%20Intro%20%281994%29%28TAF%20Production%29%28ST-128%20Module%29.ym	7543
https://www.cpc-power.com/YM/Odyssey%20-%20Main%20Part%201%20%281994%29%28TAF%20Production%29%28ST-128%20Module%29.ym	7543
https://www.cpc-power.com/YM/Odyssey%20-%20Main%20Part%202%20%281994%29%28TAF%20Production%29%28ST-128%20Module%29.ym	7543
https://www.cpc-power.com/YM/Odyssey%20-%20Main%20Part%203%20%281994%29%28TAF%20Production%29%28ST-128%20Module%29.ym	7543
https://www.cpc-power.com/YM/Odyssey%20-%20Main%20Part%204%20%281994%29%28TAF%20Production%29%28ST-128%20Module%29.ym	7543
https://www.cpc-power.com/YM/Odyssey%20-%20Main%20Part%205%20%281994%29%28TAF%20Production%29%28ST-128%20Module%29.ym	7543
https://www.cpc-power.com/YM/Odyssey%20-%20Main%20Part%206%20%281994%29%28TAF%20Production%29%28ST-128%20Module%29.ym	7543
https://www.cpc-power.com/YM/Odyssey%20-%20The%20End%20%281994%29%28TAF%20Production%29%28ST-128%20Module%29.ym	7543
https://www.cpc-power.com/YM/Odyssey%20-%20Turn%20Disk%20%281994%29%28TAF%20Production%29%28ST-128%20Module%29.ym	7543
https://www.cpc-power.com/YM/Freedelire%20Meeting%201995%20-%20Intro%20%281995%29%28Mortel%29%28Epsilon%29%28ST-128%20Module%29.ym	7544
https://www.cpc-power.com/YM/Freedelire%20Meeting%201995%20-%20Shads%20Part%20%281995%29%28Mortel%29%28Barthy%29%28ST-128%20Module%29.ym	7544
https://www.cpc-power.com/YM/Freedelire%20Meeting%201995%20-%20Zoom%20Part%20%281995%29%28Mortel%29%28Barthy%29%28ST-128%20Module%29.ym	7544
https://www.cpc-power.com/YM/Freedelire%20Meeting%201995%20-%20Fuck%20to%20Epsilon%20Part%20%281995%29%28Mortel%29%28Barthy%29%28ST-128%20Module%29.ym	7544
https://www.cpc-power.com/YM/Freedelire%20Meeting%201995%20-%20Cheat%20Part%20%281995%29%28Mortel%29%28Epsilon%29%28ST-128%20Module%29.ym	7544
https://www.cpc-power.com/YM/Hitech%202%20-%20Intro%20%281995%29%28Chaos%29%28Kangaroo%29%28ST-Module%29.ym	7545
https://www.cpc-power.com/YM/Hitech%202%20-%20Main%20Part%20%281995%29%28Chaos%29%28Kangaroo%29%28ST-128%20Module%29.ym	7545
https://www.cpc-power.com/YM/Mops%20Megademo%20-%20Menu%20%281994%29%28Moving%20Pixels%29%28ST-Module%29.ym	7546
https://www.cpc-power.com/YM/Mops%20Megademo%20-%20Part%201%20%281994%29%28Moving%20Pixels%29%28ST-Module%29.ym	7546
https://www.cpc-power.com/YM/Mops%20Megademo%20-%20Part%202%20%281994%29%28Moving%20Pixels%29%28ST-Module%29.ym	7546
https://www.cpc-power.com/YM/Mops%20Megademo%20-%20Part%203%20%281994%29%28Moving%20Pixels%29%28ST-Module%29.ym	7546
https://www.cpc-power.com/YM/Mops%20Megademo%20-%20Part%204%20%281994%29%28Moving%20Pixels%29%28Beta%20Soft%20Cologne%29%28ST-Module%29.ym	7546
https://www.cpc-power.com/YM/Mops%20Megademo%20-%20Part%205%20%281994%29%28Moving%20Pixels%29%28ST-Module%29.ym	7546
https://www.cpc-power.com/YM/Mops%20Megademo%20-%20Part%206%20%281994%29%28Moving%20Pixels%29%28ST-Module%29.ym	7546
https://www.cpc-power.com/YM/Mops%20Megademo%20-%20Part%207%20%281994%29%28Moving%20Pixels%29%28ST-Module%29.ym	7546
https://www.cpc-power.com/YM/Phat%20%282008%29%28Public%20Domain%29%28Fatal%20Snipe%29%28ProTracker%203.5%29.ym	7547
https://www.cpc-power.com/YM/Face%20Hugger%20Ultimate%20Megademo%20-%20End%20%281992%29%28Public%20Domain%29%28Face%20Hugger%29.ym	7548
https://www.cpc-power.com/YM/Face%20Hugger%20Ultimate%20Megademo%20-%20Part%201%20%281992%29%28Public%20Domain%29%28Face%20Hugger%29.ym	7548
https://www.cpc-power.com/YM/Face%20Hugger%20Ultimate%20Megademo%20-%20Part%202%20%281992%29%28Public%20Domain%29%28Face%20Hugger%29.ym	7548
https://www.cpc-power.com/YM/Face%20Hugger%20Ultimate%20Megademo%20-%20Part%203%20%281992%29%28Public%20Domain%29%28Face%20Hugger%29.ym	7548
https://www.cpc-power.com/YM/Face%20Hugger%20Ultimate%20Megademo%20-%20Part%204%20%281992%29%28Public%20Domain%29%28Face%20Hugger%29.ym	7548
https://www.cpc-power.com/YM/Face%20Hugger%20Ultimate%20Megademo%20-%20Part%205%20%281992%29%28Public%20Domain%29%28Face%20Hugger%29.ym	7548
https://www.cpc-power.com/YM/Atoz%20%282001%29%28Public%20Domain%29%28Kangaroo%29%28ST-128%20Module%29.ym	7553
https://www.cpc-power.com/YM/Jukebox%204%20-%201%20-%20Les%20Restos%20Du%20Coeur%20%282003%29%28RoundSoft%29%28Napo%29%28ST-128%20Module%29.ym	7559
https://www.cpc-power.com/YM/Jukebox%204%20-%202%20-%20Greensleeves%20%282003%29%28RoundSoft%29%28Napo%29%28ST-128%20Module%29.ym	7559
https://www.cpc-power.com/YM/Jukebox%204%20-%203%20-%20Isabelle%20%282003%29%28RoundSoft%29%28Napo%29%28ST-128%20Module%29.ym	7559
https://www.cpc-power.com/YM/Jukebox%204%20-%204%20-%20Lolita%20%282003%29%28RoundSoft%29%28Napo%29%28ST-128%20Module%29.ym	7559
https://www.cpc-power.com/YM/Ze%20Meeting%202003%20Antitec%20%282004%29%28Arkos%29%28Kangaroo%29%28ST-128%20Module%29.ym	7560
https://www.cpc-power.com/YM/Ze%20Meeting%202003%20CngIntro%20%282004%29%28Arkos%29%28CNG%29.ym	7560
https://www.cpc-power.com/YM/Ze%20Meeting%202003%20Plissken%20%282004%29%28Arkos%29%28ST-128%20Module%29.ym	7560
https://www.cpc-power.com/YM/Ze%20Meeting%202003%20-%20Cheat%20Part%20%282004%29%28Arkos%29%28Matt%20Furniss%29%28AYC%29.ym	7560
https://www.cpc-power.com/YM/Ze%20Meeting%202003%20-%20Intro%20%282004%29%28Arkos%29%28Madmax%29%28AYC%29.ym	7560
https://www.cpc-power.com/YM/Ze%20Meeting%202003%20-%20Meeting%20Log%20%282004%29%28Arkos%29%28Richad%20Joseph%29%28AYC%29.ym	7560
https://www.cpc-power.com/YM/Ze%20Meeting%202003%20-%20Menu%20%282004%29%28Arkos%29%28MadMax%29%28AYC%29.ym	7560
https://www.cpc-power.com/YM/Ten%20Years%20After%20Intro%20%281995%29%28Mortel%29%28Epsilon%29%28ST-128%20Module%29.ym	7566
https://www.cpc-power.com/YM/Ten%20Years%20After%20Main%20Part%20%281995%29%28Mortel%29%28Eliot%29%28ST-128%20Module%29.ym	7566
https://www.cpc-power.com/YM/Ten%20Years%20After%20Cheat%20Part%201%20%281995%29%28Mortel%29%28Ast%29%28ST-128%20Module%29.ym	7566
https://www.cpc-power.com/YM/Ten%20Years%20After%20Cheat%20Part%202%20%281995%29%28Mortel%29%28Epsilon%29%28ST-128%20Module%29.ym	7566
https://www.cpc-power.com/YM/20-21-22%20%281999%29%28Benediction%29.ym	7567
https://www.cpc-power.com/YM/CO-ON%201%20%281993%29%28Public%20Domain%29.ym	7568
https://www.cpc-power.com/YM/Wave%20%281990%29%28Overlanders%29%28Shap%29%28ST-128%20Module%29.ym	7569
https://www.cpc-power.com/YM/23-24-25%20Intro%20%282002%29%28Benediction%29%28ST-128%20Module%29.ym	7570
https://www.cpc-power.com/YM/23-24-25%20Part%202%20%282002%29%28Benediction%29.ym	7570
https://www.cpc-power.com/YM/23-24-25%20Part%203%20%282002%29%28Benediction%29%28ST-128%20Module%29.ym	7570
https://www.cpc-power.com/YM/23-24-25%20Part%204%20%282002%29%28Benediction%29%28Shap%29%28ST-128%20Module%29.ym	7570
https://www.cpc-power.com/YM/23-24-25%20Part%205%20%282002%29%28Benediction%29%28Targhan%29%28ST-128%20Module%29.ym	7570
https://www.cpc-power.com/YM/39KB%20Shock%20-%20Intro%20%281993%29%28Rebels%29%28Kangaroo%29%28ST-128%20Module%29.ym	7571
https://www.cpc-power.com/YM/39KB%20Shock%20-%20Main%20Part%20%281993%29%28Rebels%29%28Kangaroo%29%28ST-128%20Module%29.ym	7571
https://www.cpc-power.com/YM/All%20In%203d%20%281992%29%28Overflow%29%28Duffy%29.ym	7574
https://www.cpc-power.com/YM/Dia%20Show%202%20%281989%29%28Public%20Domain%29.ym	7577
https://www.cpc-power.com/YM/Euromeeting%20Part%202%20%281991%29%28Logon%20System%29%28Alain%20Massoumipour%29.ym	7579
https://www.cpc-power.com/YM/Euromeeting%20Part%202%20%281991%29%28Logon%20Sytem%29%28Ancool%29%28Atari%20St%29.ym	7579
https://www.cpc-power.com/YM/Yo%20Diego%20%2819xx%29%28Bugs%29%28Barthy%29%28ST-128%20Module%29.ym	7580
https://www.cpc-power.com/YM/X-Files%20-%20PreIntro%20%281996%29%28Mortel%29%28Epsilon%29%28ST-128%20Module%29.ym	7581
https://www.cpc-power.com/YM/X-Files%20-%20Cheat%20Part%20%281996%29%28Mortel%29%28Epsilon%29%28ST-128%20Module%29.ym	7581
https://www.cpc-power.com/YM/X-Files%20-%20Cheat%20of%20Cheat%20Part%20%281996%29%28Mortel%29%28Epsilon%29%28ST-128%20Module%29.ym	7581
https://www.cpc-power.com/YM/Wired%20%282005%29%28Semilanceata%29%28ST-128%20Module%29.ym	7582
https://www.cpc-power.com/YM/Garcimore%20Aime%20Les%20Balls%20%282004%29%28Arkos%29%28Scavenger%29.ym	7585
https://www.cpc-power.com/YM/Razormaid%20Offline%20Service%20Intro%20%281993%29%28HJT%29%28Kangaroo%29%28ST-128%20Module%29.ym	7587
https://www.cpc-power.com/YM/Razormaid%20Offline%20Service%20Menu%20%281993%29%28HJT%29%28Kangaroo%29%28ST-128%20Module%29.ym	7587
https://www.cpc-power.com/YM/Rebellion%20Part%20%282003%29%28Kod%20%26%20Mortel%29%28Eno93%20ou%20Ker%29.ym	7588
https://www.cpc-power.com/YM/Scoop-X-Treme%204-3%20%2819xx%29%28Hypnomega%29%28ST-Module%29.ym	7590
https://www.cpc-power.com/YM/Schadel%20%281994%29%28Futurs%27%29%28Zik%29%28ST-128%20Module%29.ym	7593
https://www.cpc-power.com/YM/Shining%20CPC%20X-Mas%20Meeting%20-%20Part%201%20%281992%29%28The%20Twins%29%28ST-Module%29.ym	7598
https://www.cpc-power.com/YM/Shining%20CPC%20X-Mas%20Meeting%20-%20Part%202%20%281992%29%28The%20Twins%29%28Kangaroo%29%28ST-Module%29.ym	7598
https://www.cpc-power.com/YM/Shining%20CPC%20X-Mas%20Meeting%20-%20Part%203%20%281992%29%28The%20Twins%29%28ST-Module%29.ym	7598
https://www.cpc-power.com/YM/Shining%20CPC%20X-Mas%20Meeting%20-%20Part%204%20%281992%29%28The%20Twins%29%28ST-Module%29.ym	7598
https://www.cpc-power.com/YM/Shining%20CPC%20X-Mas%20Meeting%20-%20Part%205%20%281992%29%28The%20Twins%29%28ST-Module%29.ym	7598
https://www.cpc-power.com/YM/Shining%20CPC%20X-Mas%20Meeting%20-%20Part%206%20%281992%29%28The%20Twins%29%28ST-Module%29.ym	7598
https://www.cpc-power.com/YM/Shining%20CPC%20X-Mas%20Meeting%20-%20Part%207%20%281992%29%28The%20Twins%29%28ST-Module%29.ym	7598
https://www.cpc-power.com/YM/Shining%20CPC%20X-Mas%20Meeting%20-%20Part%208%20%281992%29%28The%20Twins%29%28ST-Module%29.ym	7598
https://www.cpc-power.com/YM/Silents%20Part%202%20%281995%29%28Power%20System%29%28Epsilon%29%28ST-128%20Module%29.ym	7599
https://www.cpc-power.com/YM/Rebellion%20%281995%29%28Rebels%29%28Targhan%29%28ST-128%20Module%29.ym	7607
https://www.cpc-power.com/YM/Sky%20My%20Husband%20%26%20Sky%20My%20Teacher%20%281990%29%28Public%20Domain%29%28Basic%29.ym	7608
https://www.cpc-power.com/YM/T%26T%202K3%20-%20Intro%20%282003%29%28GPA%29%28Tom%20%26%20Jerry%29%28ST-128%20Module%29.ym	7620
https://www.cpc-power.com/YM/T%26T%202K3%20-%20Main%20Part%20%282003%29%28GPA%29.ym	7620
https://www.cpc-power.com/YM/Take%20Off%20MegaDemo%20Preview%20%281993%29%28Ast%20System%29%28Kangaroo%29%28ST-128%20Module%29.ym	7621
https://www.cpc-power.com/YM/Electric%20Monk%20Intro%203%20Part%201%20%281992%29%28TGS%29%28The%20Electric%20Monk%29%28ST-Module%29.ym	7626
https://www.cpc-power.com/YM/Electric%20Monk%20Intro%203%20Part%202%20%281992%29%28TGS%29%28The%20Electric%20Monk%29%28ST-Module%29.ym	7626
https://www.cpc-power.com/YM/Electric%20Monk%20Intro%203%20Part%203%20%281992%29%28TGS%29%28The%20Electric%20Monk%29%28Basic%29.ym	7626
https://www.cpc-power.com/YM/Electric%20Monk%20Intro%203%20Part%204-1%20%281992%29%28TGS%29%28The%20Electric%20Monk%29%28ST-Module%29.ym	7626
https://www.cpc-power.com/YM/Electric%20Monk%20Intro%203%20Part%204-2%20%281992%29%28TGS%29%28The%20Electric%20Monk%29%28ST-Module%29.ym	7626
https://www.cpc-power.com/YM/Terror%20Under%20The%20X-Mas%20Tree%20Part%201%20%281997%29%28Arkos%29%28Tom%20%26%20Jerry%20of%20GPA%29%28ST-128%20Module%29.ym	7628
https://www.cpc-power.com/YM/Terror%20Under%20The%20X-Mas%20Tree%20Part%202%20%281997%29%28Arkos%29%28Targhan%29%28ST-128%20Module%29.ym	7628
https://www.cpc-power.com/YM/Terror%20Under%20The%20X-Mas%20Tree%20Part%203%20%281997%29%28Arkos%29%28Targhan%29%28ST-128%20Module%29.ym	7628
https://www.cpc-power.com/YM/Tribal%20Mag%20-%20Advert%20%281993%29%28POW%29%28ST-Module%29.ym	7636
https://www.cpc-power.com/YM/BePSiL%20Generations%20-%20Intro%20%281996%29%28Donut%20System%29%28ST-128%20Module%29.ym	7645
https://www.cpc-power.com/YM/BePSiL%20Generations%20-%20Part%201%20%281996%29%28Donut%20System%29%28ST-128%20Module%29.ym	7645
https://www.cpc-power.com/YM/BePSiL%20Generations%20-%20Part%202%20%281996%29%28Donut%20System%29%28ST-128%20Module%29.ym	7645
https://www.cpc-power.com/YM/Big%20Cheese%202%20-%20Intro%20%281996%29%28Mortel%29%28Targhan%29%28ST-128%20Module%29.ym	7646
https://www.cpc-power.com/YM/Big%20Cheese%202%20-%20Music%201%20%281996%29%28Mortel%29%28Beta%20Soft%20Cologne%29%28ST-128%20Module%29.ym	7646
https://www.cpc-power.com/YM/Big%20Cheese%202%20-%20Music%202%20%281996%29%28Mortel%29%28Ast%29%28ST-128%20Module%29.ym	7646
https://www.cpc-power.com/YM/Big%20Cheese%202%20-%20Cheat%20Part%20-%20Music%201%20%281996%29%28Mortel%29%28Epsilon%29%28ST-128%20Module%29.ym	7646
https://www.cpc-power.com/YM/Big%20Cheese%202%20-%20Cheat%20Part%20-%20Music%202%20%281996%29%28Mortel%29%28Targhan%29%28ST-128%20Module%29.ym	7646
https://www.cpc-power.com/YM/Big%27O%20Full%27O%20Dem%27O%20%281999%29%28Arkos%29%28Targhan%29%28ST-128%20Module%29.ym	7648
https://www.cpc-power.com/YM/Big%27O%20Full%27O%20Dem%27O%20End%20Part%20%281999%29%28Arkos%29%28Targhan%29%28ST-128%20Module%29.ym	7648
https://www.cpc-power.com/YM/Big%27O%20Full%27O%20Dem%27O%20Main%20Part%20%281999%29%28Arkos%29%28Targhan%29.ym	7648
https://www.cpc-power.com/YM/Bordelik%20Meeting%201%20%281994%29%28Public%20Domain%29%28Targhan%29%28Equinoxe%29.ym	7653
https://www.cpc-power.com/YM/Bordelik%20Meeting%203%20Part%201%20%281994%29%28Arkos%29%28Kangaroo%29.ym	7654
https://www.cpc-power.com/YM/Bordelik%20Meeting%203%20Part%202%20%281994%29%28Arkos%29%28Targhan%29.ym	7654
https://www.cpc-power.com/YM/Bordelik%20Meeting%203%20Part%203%20%281994%29%28Arkos%29%28Targhan%29.ym	7654
https://www.cpc-power.com/YM/Bordelik%20Meeting%204%20-%20Cheat%20Part%20%281995%29%28Arkos%29%28ST-Module%29.ym	7655
https://www.cpc-power.com/YM/Bordelik%20Meeting%204%20-%20Chiotte%20%281995%29%28Arkos%29%28Greg%29%28ST-128%20Module%29.ym	7655
https://www.cpc-power.com/YM/Bordelik%20Meeting%204%20-%20FullScreen%20%281995%29%28Arkos%29%28Joy%29%28ST-128%20Module%29.ym	7655
https://www.cpc-power.com/YM/Bordelik%20Meeting%204%20-%20In%20Your%20Face%20%281995%29%28Arkos%29%28Eliot%20And%20Targhan%29%28ST-128%20Module%29.ym	7655
https://www.cpc-power.com/YM/Bordelik%20Meeting%204%20-%20Noice%20%281995%29%28Arkos%29%28Eliot%29%28ST-128%20Module%29.ym	7655
https://www.cpc-power.com/YM/Mage%20Best%20-%20Intro%20%2819xx%29%28Public%20Domain%29%28ST-128%20Module%29.ym	7658
https://www.cpc-power.com/YM/Mage%20Best%20-%20Main%20Part%20%2819xx%29%28Public%20Domain%29%28Joy%29.ym	7658
https://www.cpc-power.com/YM/Byte%2098%20Hide%20Part%20%281999%29%28Mortel%29%28ST-128%20Module%29.ym	7661
https://www.cpc-power.com/YM/Byte%2098%20%281999%29%28Mortel%29%28Shap%29%28ST-128%20Module%29.ym	7662
https://www.cpc-power.com/YM/Byte%2098%20Main%20Part%20%281999%29%28Mortel%29%28Shap%29%28ST-128%20Module%29.ym	7662
https://www.cpc-power.com/YM/Byte%20Meeting%20%2796%20-%20Intro%20%281998%29%28Arkos%29.ym	7663
https://www.cpc-power.com/YM/Byte%20Meeting%20%2796%20-%20Main%20Part%20%281998%29%28Arkos%29%28Targhan%29%28ST-128%20Module%29.ym	7663
https://www.cpc-power.com/YM/Byte%20Meeting%20%2796%20-%20End%20Part%20%281998%29%28Arkos%29%28ST-128%20Module%29.ym	7663
https://www.cpc-power.com/YM/Byte%20Meeting%20Intro%20%2796%20%281996%29%28Ast%20System%29%28Tom%20et%20Jerry%29%28ST-128%20Module%29.ym	7664
https://www.cpc-power.com/YM/Amazing%20Supra%20Demo%20Part%20%281989%29%28Logon%20System%29.ym	7668
https://www.cpc-power.com/YM/Amazing%20End%20Part%20%281989%29%28Logon%20System%29.ym	7668
https://www.cpc-power.com/YM/Amazing%20Intro%20%282021%29%28Logon%20System%29%28Amadeus%20Voxon%29.ym	7668
https://www.cpc-power.com/YM/Amiga%20Pictures%20Vol%201%20%281992%29%28MOPS%29%28ST-Module%29.ym	7677
https://www.cpc-power.com/YM/Amiga%20Pictures%20Vol%202%20%281992%29%28MOPS%29%28ST-Module%29.ym	7678
https://www.cpc-power.com/YM/A%20Coding%20Lesson%20%281997%29%28Garbage%20Performers%29.ym	7680
https://www.cpc-power.com/YM/Average%20Tune%20%282006%29%28Phantasy%29%28Factor%206%29%28StArkos%29.ym	7689
https://www.cpc-power.com/YM/Forever%202006%20CPC%20Music%20Competition%20-%20Summertime%20%282006%29%28Dirty%20Minds%29%28Sice%29%28ST-128%20Module%29.ym	7690
https://www.cpc-power.com/YM/X-Kore%20%282006%29%28Dirty%20Minds%29%28Factor6%29%28StArkos%29.ym	7691
https://www.cpc-power.com/YM/Crack%20%27n%27%20Rom%209%20-%200%20-%20Intro%20%281994%29%28Crack%20%27n%27%20Rom%29%28ST-Module%29.ym	7692
https://www.cpc-power.com/YM/Crack%20%27n%27%20Rom%209%20-%20A0%20-%20Menu%20%281994%29%28Crack%20%27n%27%20Rom%29%28ST-Module%29.ym	7692
https://www.cpc-power.com/YM/Crack%20%27n%27%20Rom%209%20-%20A1%20-%20Edito%20%281994%29%28Crack%20%27n%27%20Rom%29%28ST-Module%29.ym	7692
https://www.cpc-power.com/YM/Crack%20%27n%27%20Rom%209%20-%20A2%20-%20Fanzs%20%281994%29%28Crack%20%27n%27%20Rom%29%28ST-Module%29.ym	7692
https://www.cpc-power.com/YM/Crack%20%27n%27%20Rom%209%20-%20A5%20-%20Test%20%281994%29%28Crack%20%27n%27%20Rom%29%28Face%20Hugger%29.ym	7692
https://www.cpc-power.com/YM/Crack%20%27n%27%20Rom%204%20-%20Intro%20%281991%29%28Crack%27n%27Rom%29%28Music%20Pro%29.ym	7695
https://www.cpc-power.com/YM/Anthology%202%20Unlimited%20Faces%20%281996%29%28Arkos%29%28Epsilon%29%28ST-128%20Module%29.ym	7700
https://www.cpc-power.com/YM/Anthology%20Ads%201%20Mix%2094%20%281996%29%28Arkos%29%28Epsilon%29%28ST-128%20Module%29.ym	7700
https://www.cpc-power.com/YM/Anthology%20Ads%202%20Mix%2094%20%281996%29%28Arkos%29%28Epsilon%29%28ST-128%20Module%29.ym	7700
https://www.cpc-power.com/YM/Anthology%20Amnesia%20%281996%29%28Arkos%29%28Epsilon%29%28ST-128%20Module%29.ym	7700
https://www.cpc-power.com/YM/Anthology%20Antic%20World%20%281996%29%28Arkos%29%28Epsilon%29%28ST-128%20Module%29.ym	7700
https://www.cpc-power.com/YM/Anthology%20Antropia%20%281996%29%28Arkos%29%28Epsilon%29%28ST-128%20Module%29.ym	7700
https://www.cpc-power.com/YM/Anthology%20Best%20Off%20%281996%29%28Arkos%29%28Epsilon%29%28ST-128%20Module%29.ym5	7700
https://www.cpc-power.com/YM/Anthology%20BigJoke%20%281996%29%28Arkos%29%28Epsilon%29%28ST-128%20Module%29.ym	7700
https://www.cpc-power.com/YM/Anthology%20Black%20Shadow%20%281996%29%28Arkos%29%28Epsilon%29%28ST-128%20Module%29.ym	7700
https://www.cpc-power.com/YM/Anthology%20Blue%20Angels%20%281996%29%28Arkos%29%28Epsilon%29%28ST-128%20Module%29.ym	7700
https://www.cpc-power.com/YM/Anthology%20Bomb%20Bass%20%281996%29%28Arkos%29%28Epsilon%29%28ST-128%20Module%29.ym	7700
https://www.cpc-power.com/YM/Anthology%20Conquest%20%281996%29%28Arkos%29%28Epsilon%29%28ST-128%20Module%29.ym	7700
https://www.cpc-power.com/YM/Anthology%20Cyber%20Power%20%281996%29%28Arkos%29%28Epsilon%29%28ST-128%20Module%29.ym	7700
https://www.cpc-power.com/YM/Anthology%20Death%20Star%20%281996%29%28Arkos%29%28Epsilon%29%28ST-128%20Module%29.ym	7700
https://www.cpc-power.com/YM/Anthology%20Entity%20%281996%29%28Arkos%29%28Epsilon%29%28ST-128%20Module%29.ym	7700
https://www.cpc-power.com/YM/Anthology%20Escape%20%281996%29%28Arkos%29%28Epsilon%29%28ST-128%20Module%29.ym	7700
https://www.cpc-power.com/YM/Anthology%20Eternity%20%281996%29%28Arkos%29%28Epsilon%29%28ST-128%20Module%29.ym	7700
https://www.cpc-power.com/YM/Anthology%20EuroDance%20%281996%29%28Arkos%29%28Epsilon%29%28ST-128%20Module%29.ym	7700
https://www.cpc-power.com/YM/Anthology%20Fantasy%20%281996%29%28Arkos%29%28Epsilon%29%28ST-128%20Module%29.ym	7700
https://www.cpc-power.com/YM/Anthology%20Frantic%20%281996%29%28Arkos%29%28Epsilon%29%28ST-128%20Module%29.ym	7700
https://www.cpc-power.com/YM/Anthology%20Fronty%20Mix%2095%20%281996%29%28Arkos%29%28Epsilon%29%28ST-128%20Module%29.ym	7700
https://www.cpc-power.com/YM/Anthology%20Fronty%20Mix%2096%20%281996%29%28Arkos%29%28Epsilon%29%28ST-128%20Module%29.ym	7700
https://www.cpc-power.com/YM/Anthology%20Funny%20%281996%29%28Arkos%29%28Epsilon%29%28ST-128%20Module%29.ym	7700
https://www.cpc-power.com/YM/Anthology%20Fur%20Elise%20%281996%29%28Arkos%29%28Epsilon%29%28ST-128%20Module%29.ym	7700
https://www.cpc-power.com/YM/Anthology%20Fur%20Elise%20Mix%2095%20%281996%29%28Arkos%29%28Epsilon%29%28ST-128%20Module%29.ym	7700
https://www.cpc-power.com/YM/Anthology%20Happy%20New%20Year%20%281996%29%28Arkos%29%28Epsilon%29%28ST-128%20Module%29.ym	7700
https://www.cpc-power.com/YM/Anthology%20Hard%20Level%20%281996%29%28Arkos%29%28Epsilon%29%28ST-128%20Module%29.ym	7700
https://www.cpc-power.com/YM/Anthology%20Harmony%20%281996%29%28Arkos%29%28Epsilon%29%28ST-128%20Module%29.ym	7700
https://www.cpc-power.com/YM/Anthology%20Heroic%20Fantasy%20%281996%29%28Arkos%29%28Epsilon%29%28ST-128%20Module%29.ym	7700
https://www.cpc-power.com/YM/Anthology%20Human%20Killer%20%281996%29%28Arkos%29%28Epsilon%29%28ST-128%20Module%29.ym	7700
https://www.cpc-power.com/YM/Anthology%20Intermed%20%281996%29%28Arkos%29%28Epsilon%29%28ST-128%20Module%29.ym	7700
https://www.cpc-power.com/YM/Anthology%20James%20Pond%20End%20Theme%20%281996%29%28Arkos%29%28Epsilon%29%28ST-128%20Module%29.ym	7700
https://www.cpc-power.com/YM/Anthology%20La%20Peches%20Aux%20Moules%20%281996%29%28Arkos%29%28Epsilon%29%28ST-128%20Module%29.ym	7700
https://www.cpc-power.com/YM/Anthology%20La%20Soupe%20Au%20Choux%20Mix%2096%20%281996%29%28Arkos%29%28Epsilon%29%28ST-128%20Module%29.ym	7700
https://www.cpc-power.com/YM/Anthology%20LastWay%20%281996%29%28Arkos%29%28Epsilon%29%28ST-128%20Module%29.ym	7700
https://www.cpc-power.com/YM/Anthology%20Liquid%20Theme%201%20%281996%29%28Arkos%29%28Epsilon%29%28ST-128%20Module%29.ym	7700
https://www.cpc-power.com/YM/Anthology%20Liquid%20Theme%202%20%281996%29%28Arkos%29%28Epsilon%29%28ST-128%20Module%29.ym	7700
https://www.cpc-power.com/YM/Anthology%20Magical%20%281996%29%28Arkos%29%28Epsilon%29%28ST-128%20Module%29.ym	7700
https://www.cpc-power.com/YM/Anthology%20Magnetic%20Field%20%281996%29%28Arkos%29%28Epsilon%29%28ST-128%20Module%29.ym	7700
https://www.cpc-power.com/YM/Anthology%20Memory%20Full%20%281996%29%28Arkos%29%28Epsilon%29%28ST-128%20Module%29.ym	7700
https://www.cpc-power.com/YM/Anthology%20Merry%20Christmas%20%281996%29%28Arkos%29%28Epsilon%29%28ST-128%20Module%29.ym	7700
https://www.cpc-power.com/YM/Anthology%20Midnight%20Express%20Mix%2095%20%281996%29%28Arkos%29%28Epsilon%29%28ST-128%20Module%29.ym	7700
https://www.cpc-power.com/YM/Anthology%20Midnight%20Express%20Mix%2096%20%281996%29%28Arkos%29%28Epsilon%29%28ST-128%20Module%29.ym	7700
https://www.cpc-power.com/YM/Anthology%20Moon%20Spirit%20%281996%29%28Arkos%29%28Epsilon%29%28ST-128%20Module%29.ym	7700
https://www.cpc-power.com/YM/Anthology%20Mystic%20%281996%29%28Arkos%29%28Epsilon%29%28ST-128%20Module%29.ym	7700
https://www.cpc-power.com/YM/Anthology%20No%20Life%20%281996%29%28Arkos%29%28Epsilon%29%28ST-128%20Module%29.ym	7700
https://www.cpc-power.com/YM/Anthology%20Paranoia%20Theme%201%20%281996%29%28Arkos%29%28Epsilon%29%28ST-128%20Module%29.ym	7700
https://www.cpc-power.com/YM/Anthology%20Paranoia%20Theme%202%20%281996%29%28Arkos%29%28Epsilon%29%28ST-128%20Module%29.ym	7700
https://www.cpc-power.com/YM/Anthology%20Plasma%20Mix%2094%20%281996%29%28Arkos%29%28Epsilon%29%28ST-128%20Module%29.ym	7700
https://www.cpc-power.com/YM/Anthology%20Plumpy%20Mix%2795%20%281996%29%28Arkos%29%28Epsilon%29%28ST-128%20Module%29.ym	7700
https://www.cpc-power.com/YM/Anthology%20Power%20Road%20%281996%29%28Arkos%29%28Epsilon%29%28ST-128%20Module%29.ym	7700
https://www.cpc-power.com/YM/Anthology%20Sagadd%20%281996%29%28Arkos%29%28Epsilon%29%28ST-128%20Module%29.ym	7700
https://www.cpc-power.com/YM/Anthology%20Silents%20Theme%20%281996%29%28Arkos%29%28Epsilon%29%28ST-128%20Module%29.ym	7700
https://www.cpc-power.com/YM/Anthology%20Sky%20War%20%281996%29%28Arkos%29%28Epsilon%29%28ST-128%20Module%29.ym	7700
https://www.cpc-power.com/YM/Anthology%20Space%20Trouble%20%281996%29%28Arkos%29%28Epsilon%29%28ST-128%20Module%29.ym	7700
https://www.cpc-power.com/YM/Anthology%20Sun%20City%20%281996%29%28Arkos%29%28Epsilon%29%28ST-128%20Module%29.ym	7700
https://www.cpc-power.com/YM/Anthology%20T21%20La%20Fete%20Triste%20%281996%29%28Arkos%29%28Epsilon%29%28ST-128%20Module%29.ym	7700
https://www.cpc-power.com/YM/Anthology%20Tetris%2095%20%281996%29%28Arkos%29%28Epsilon%29%28ST-128%20Module%29.ym	7700
https://www.cpc-power.com/YM/Anthology%20Tetris%2095%20Intro%20%281996%29%28Arkos%29%28Epsilon%29%28ST-128%20Module%29.ym	7700
https://www.cpc-power.com/YM/Anthology%20The%20End%20%281996%29%28Arkos%29%28Epsilon%29%28ST-128%20Module%29.ym	7700
https://www.cpc-power.com/YM/Anthology%20The%20Last%20Battle%20%281996%29%28Arkos%29%28Epsilon%29%28ST-128%20Module%29.ym	7700
https://www.cpc-power.com/YM/Anthology%20Turn%20Disc%20%281996%29%28Arkos%29%28Epsilon%29%28ST-128%20Module%29.ym	7700
https://www.cpc-power.com/YM/Anthology%20WindField%20%281996%29%28Arkos%29%28Epsilon%29%28ST-128%20Module%29.ym	7700
https://www.cpc-power.com/YM/Anthology%20WindField%20Mix%2095%20%281996%29%28Arkos%29%28Epsilon%29%28ST-128%20Module%29.ym	7700
https://www.cpc-power.com/YM/Anthology%20Wizard%20%281996%29%28Arkos%29%28Epsilon%29%28ST-128%20Module%29.ym	7700
https://www.cpc-power.com/YM/Anthology%20X-Ray%20%281996%29%28Arkos%29%28Epsilon%29%28ST-128%20Module%29.ym	7700
https://www.cpc-power.com/YM/Demo%20Noel%20%282005%29%28Public%20Domain%29%28Seteemio%29%28StArkos%29.ym	7702
https://www.cpc-power.com/YM/Fat%20Ass%20End%20Part%20%281995%29%28Donut%20System%29%28ST-128%20Module%29.ym	7703
https://www.cpc-power.com/YM/Fat%20Ass%20Intro%20%281995%29%28Donut%20System%29%28ST-128%20Module%20-%20Big%20Alec%20From%20ST%20Music%20Demo%29.ym	7703
https://www.cpc-power.com/YM/Fat%20Ass%20Intro%202%20%281995%29%28Donut%20System%29%28Simon%20Walker%29%28ST%20Module%29.ym	7703
https://www.cpc-power.com/YM/First%20Step%20%282004%29%28Zona%20Neutra%29%28StArkos%29.ym	7706
https://www.cpc-power.com/YM/Future%20Demo%20%281996%29%28Exodus%29%28Joshua%29%28Fabuland%20by%20Joshua%20from%20c64%29.ym	7708
https://www.cpc-power.com/YM/Ghoul%27s%20Writer%20Muzaxx%20Collector%20Accelere%20%2819xx%29%28Scorpion%29%28ST%20Module%29.ym	7712
https://www.cpc-power.com/YM/Ghoul%27s%20Writer%20Muzaxx%20Collector%20Alien%20%2819xx%29%28Scorpion%29%28ST%20Module%29.ym	7712
https://www.cpc-power.com/YM/Ghoul%27s%20Writer%20Muzaxx%20Collector%20Asm%20Dmk4%20%2819xx%29%28Scorpion%29%28ST%20Module%29.ym	7712
https://www.cpc-power.com/YM/Ghoul%27s%20Writer%20Muzaxx%20Collector%20Atomic%20%2819xx%29%28Scorpion%29%28ST%20Module%29.ym	7712
https://www.cpc-power.com/YM/Ghoul%27s%20Writer%20Muzaxx%20Collector%20Atomic%201%20%2819xx%29%28Scorpion%29%28ST%20Module%29.ym	7712
https://www.cpc-power.com/YM/Ghoul%27s%20Writer%20Muzaxx%20Collector%20Basic%20D3%20%2819xx%29%28Scorpion%29%28ST%20Module%29.ym	7712
https://www.cpc-power.com/YM/Ghoul%27s%20Writer%20Muzaxx%20Collector%20Basic%20D4%20%2819xx%29%28Scorpion%29%28ST%20Module%29.ym	7712
https://www.cpc-power.com/YM/Ghoul%27s%20Writer%20Muzaxx%20Collector%20Boom%20%2819xx%29%28Scorpion%29%28ST%20Module%29.ym	7712
https://www.cpc-power.com/YM/Ghoul%27s%20Writer%20Muzaxx%20Collector%20Castle%20%2819xx%29%28Scorpion%29%28ST%20Module%29.ym	7712
https://www.cpc-power.com/YM/Ghoul%27s%20Writer%20Muzaxx%20Collector%20Cheese%20%2819xx%29%28Scorpion%29%28ST%20Module%29.ym	7712
https://www.cpc-power.com/YM/Ghoul%27s%20Writer%20Muzaxx%20Collector%20Chiante%20%2819xx%29%28Scorpion%29%28ST%20Module%29.ym	7712
https://www.cpc-power.com/YM/Ghoul%27s%20Writer%20Muzaxx%20Collector%20Chintoc%20%2819xx%29%28Scorpion%29%28ST%20Module%29.ym	7712
https://www.cpc-power.com/YM/Ghoul%27s%20Writer%20Muzaxx%20Collector%20Cirque%20%2819xx%29%28Scorpion%29%28ST%20Module%29.ym	7712
https://www.cpc-power.com/YM/Ghoul%27s%20Writer%20Muzaxx%20Collector%20Coeur%20D3%20%2819xx%29%28Scorpion%29%28ST%20Module%29.ym	7712
https://www.cpc-power.com/YM/Ghoul%27s%20Writer%20Muzaxx%20Collector%20Credit%20D3%20%2819xx%29%28Scorpion%29%28ST%20Module%29.ym	7712
https://www.cpc-power.com/YM/Ghoul%27s%20Writer%20Muzaxx%20Collector%20Demo%204%20%2819xx%29%28Scorpion%29%28ST%20Module%29.ym	7712
https://www.cpc-power.com/YM/Ghoul%27s%20Writer%20Muzaxx%20Collector%20Demos%20D3%20%2819xx%29%28Scorpion%29%28ST%20Module%29.ym	7712
https://www.cpc-power.com/YM/Ghoul%27s%20Writer%20Muzaxx%20Collector%20Edito%20D3%20%2819xx%29%28Scorpion%29%28ST%20Module%29.ym	7712
https://www.cpc-power.com/YM/Ghoul%27s%20Writer%20Muzaxx%20Collector%20End%20Part%20%2819xx%29%28Scorpion%29%28ST%20Module%29.ym	7712
https://www.cpc-power.com/YM/Ghoul%27s%20Writer%20Muzaxx%20Collector%20Gueul%20D3%20%2819xx%29%28Scorpion%29%28ST%20Module%29.ym	7712
https://www.cpc-power.com/YM/Ghoul%27s%20Writer%20Muzaxx%20Collector%20Hardwired%20%2819xx%29%28Scorpion%29%28ST%20Module%29.ym	7712
https://www.cpc-power.com/YM/Ghoul%27s%20Writer%20Muzaxx%20Collector%20Intro%20DMC3%20%2819xx%29%28Scorpion%29%28ST%20Module%29.ym	7712
https://www.cpc-power.com/YM/Ghoul%27s%20Writer%20Muzaxx%20Collector%20Last%20Part%20%2819xx%29%28Scorpion%29%28ST%20Module%29.ym	7712
https://www.cpc-power.com/YM/Ghoul%27s%20Writer%20Muzaxx%20Collector%20Lente%20%2819xx%29%28Scorpion%29%28ST%20Module%29.ym	7712
https://www.cpc-power.com/YM/Ghoul%27s%20Writer%20Muzaxx%20Collector%20Long%20Time%20%2819xx%29%28Scorpion%29%28ST%20Module%29.ym	7712
https://www.cpc-power.com/YM/Ghoul%27s%20Writer%20Muzaxx%20Collector%20Menu%20D4%20%2819xx%29%28Scorpion%29%28ST%20Module%29.ym	7712
https://www.cpc-power.com/YM/Ghoul%27s%20Writer%20Muzaxx%20Collector%20Menu%20DF4%20%2819xx%29%28Scorpion%29%28ST%20Module%29.ym	7712
https://www.cpc-power.com/YM/Ghoul%27s%20Writer%20Muzaxx%20Collector%20Menu%20Mega%20%2819xx%29%28Scorpion%29%28ST%20Module%29.ym	7712
https://www.cpc-power.com/YM/Ghoul%27s%20Writer%20Muzaxx%20Collector%20Menu%20MOPS%20%2819xx%29%28Scorpion%29%28ST%20Module%29.ym	7712
https://www.cpc-power.com/YM/Ghoul%27s%20Writer%20Muzaxx%20Collector%20Nirvana%20%2819xx%29%28Scorpion%29%28ST%20Module%29.ym	7712
https://www.cpc-power.com/YM/Ghoul%27s%20Writer%20Muzaxx%20Collector%20Rapide%20%2819xx%29%28Scorpion%29%28ST%20Module%29.ym	7712
https://www.cpc-power.com/YM/Ghoul%27s%20Writer%20Muzaxx%20Collector%20Rythme%20%2819xx%29%28Scorpion%29%28ST%20Module%29.ym	7712
https://www.cpc-power.com/YM/Ghoul%27s%20Writer%20Muzaxx%20Collector%20Swab%20%2819xx%29%28Scorpion%29%28ST%20Module%29.ym	7712
https://www.cpc-power.com/YM/Ghoul%27s%20Writer%20Muzaxx%20Collector%20Swab%202%20%2819xx%29%28Scorpion%29%28ST%20Module%29.ym	7712
https://www.cpc-power.com/YM/Ghoul%27s%20Writer%20Muzaxx%20Collector%20Swab%203%20%2819xx%29%28Scorpion%29%28ST%20Module%29.ym	7712
https://www.cpc-power.com/YM/Ghoul%27s%20Writer%20Muzaxx%20Collector%20Swing%20%2819xx%29%28Scorpion%29%28ST%20Module%29.ym	7712
https://www.cpc-power.com/YM/Ghoul%27s%20Writer%20Muzaxx%20Collector%20Third%20%2819xx%29%28Scorpion%29%28ST%20Module%29.ym	7712
https://www.cpc-power.com/YM/Ghoul%27s%20Writer%20Muzaxx%20Collector%20Trucs%20D3%20%2819xx%29%28Scorpion%29%28ST%20Module%29.ym	7712
https://www.cpc-power.com/YM/Ghoul%27s%20Writer%20Muzaxx%20Collector%20Turn%20DF4%20%2819xx%29%28Scorpion%29%28ST%20Module%29.ym	7712
https://www.cpc-power.com/YM/Ghoul%27s%20Writer%20Muzaxx%20Collector%20Voyage%2093%20%2819xx%29%28Scorpion%29%28ST%20Module%29.ym	7712
https://www.cpc-power.com/YM/Demoniak%204%20Demos%20%281994%29%28Arkos%29.ym	7717
https://www.cpc-power.com/YM/Demoniak%204%20Edito%20%281994%29%28Arkos%29%28ST-128%20Module%29.ym	7717
https://www.cpc-power.com/YM/Demoniak%204%20Jeux%20%281994%29%28Arkos%29%28ST-128%20Module%29.ym	7717
https://www.cpc-power.com/YM/Demoniak%204%20Menu%20A%20%281994%29%28Arkos%29%28Targhan%29%28ST-Module%29.ym	7717
https://www.cpc-power.com/YM/Demoniak%204%20Menu%20B%20%281994%29%28Arkos%29%28Targhan%29%28ST-128%20Module%29.ym	7717
https://www.cpc-power.com/YM/Demoniak%204%20Actus%20%281994%29%28Arkos%29%28Targhan%29%28ST-128%20Module%29.ym	7717
https://www.cpc-power.com/YM/Demoniak%204%20Interview%20%281994%29%28Arkos%29.ym	7717
https://www.cpc-power.com/YM/Demoniak%204%20Meeting%20%281994%29%28Arkos%29%28Mad%20Max%29%28COSO%29.ym	7717
https://www.cpc-power.com/YM/Demoniak%204%20-%20Assembleur%20%281994%29%28Arkos%29%28ST-Module%29.ym	7717
https://www.cpc-power.com/YM/Demoniak%204%20-%20Basic%20%281994%29%28Arkos%29%28ST-Module%29.ym	7717
https://www.cpc-power.com/YM/Demoniak%204%20-%20Bidouille%20%281994%29%28Arkos%29%28Targhan%29%28Equinoxe%29.ym	7717
https://www.cpc-power.com/YM/Demoniak%204%20-%20The%20End%20%281994%29%28Arkos%29%28Targhan%29%28ST-128%20Module%29.ym	7717
https://www.cpc-power.com/YM/Demoniak%206%20Intro%20%281998%29%28Arkos%29%28Targhan%29%28ST-128%20Module%29.ym	7719
https://www.cpc-power.com/YM/Demoniak%206%20Menu%201%20%281998%29%28Arkos%29%28Tom%20%26%20Jerry%20of%20GPA%29%28ST-128%20Module%29.ym	7719
https://www.cpc-power.com/YM/Demoniak%206%20Menu%202%20%281998%29%28Arkos%29%28Targhan%29%28ST-128%20Module%29.ym	7719
https://www.cpc-power.com/YM/Demoniak%206%20Menu%203%20%281998%29%28Arkos%29%28Frequency%20of%20Systeme%20D%29%28ST-128%20Module%29.ym	7719
https://www.cpc-power.com/YM/Demoniak%206%20Menu%204%20%281998%29%28Arkos%29%28Frequency%20of%20Systeme%20D%29%28ST-128%20Module%29.ym	7719
https://www.cpc-power.com/YM/Demoniak%207%20-%20Intro%20%282000%29%28Arkos%29%28Targhan%29.ym	7720
https://www.cpc-power.com/YM/Demoniak%207%20-%20Main%201%20%282000%29%28Arkos%29%28Targhan%29%28ST-128%20Module%29.ym	7720
https://www.cpc-power.com/YM/Demoniak%207%20-%20Main%202%20%282000%29%28Arkos%29%28Targhan%29%28ST-128%20Module%29.ym	7720
https://www.cpc-power.com/YM/Demoniak%207%20-%20Main%203%20%282000%29%28Arkos%29%28Targhan%29%28ST-128%20Module%29.ym	7720
https://www.cpc-power.com/YM/Demoniak%207%20-%20Main%204%20%282000%29%28Arkos%29%28Targhan%29%28ST-128%20Module%29.ym	7720
https://www.cpc-power.com/YM/Patience%20MegaPart%20%28Antitec%20of%20Benediction%20%26%20Dirty%20Minds%29%28ST-128%20Module%29.ym	7723
https://www.cpc-power.com/YM/Acid%20Music%20Box%202%20Alf%20Theme%20%281995%29%28Acid%29%28AST%29%28ST-128%20Module%29.ym	7727
https://www.cpc-power.com/YM/Acid%20Music%20Box%202%20Archaos%20%281995%29%28Acid%29%28Eliot%29%28ST-128%20Module%29.ym	7727
https://www.cpc-power.com/YM/Acid%20Music%20Box%202%20Arkint%20%281995%29%28Acid%29%28Targhan%29%28ST-128%20Module%29.ym5	7727
https://www.cpc-power.com/YM/Acid%20Music%20Box%202%20Asteroid%20%281995%29%28Acid%29%28Eliot%29%28ST-128%20Module%29.ym	7727
https://www.cpc-power.com/YM/Acid%20Music%20Box%202%20End%201%20%281995%29%28Acid%29%28ST-128%20Module%29.ym	7727
https://www.cpc-power.com/YM/Acid%20Music%20Box%202%20Faster%20%281995%29%28Acid%29%28Greg%29%28ST-128%20Module%29.ym	7727
https://www.cpc-power.com/YM/Acid%20Music%20Box%202%20Fiction%20%281995%29%28Acid%29%28Eliot%29%28ST-128%20Module%29.ym	7727
https://www.cpc-power.com/YM/Acid%20Music%20Box%202%20Gaz%20%281995%29%28Acid%29%28Eliot%29%28ST-128%20Module%29.ym	7727
https://www.cpc-power.com/YM/Acid%20Music%20Box%202%20Intro%20%281995%29%28Acid%29%28ST-128%20Module%29.ym	7727
https://www.cpc-power.com/YM/Acid%20Music%20Box%202%20Magic%20%281995%29%28Acid%29%28Targhan%29%28ST-128%20Module%29.ym5	7727
https://www.cpc-power.com/YM/Acid%20Music%20Box%202%20Meiner%20%281995%29%28Acid%29%28Greg%29%28ST-128%20Module%29.ym	7727
https://www.cpc-power.com/YM/Acid%20Music%20Box%202%20Orpheus%20%281995%29%28Acid%29%28Eliot%29%28ST-128%20Module%29.ym	7727
https://www.cpc-power.com/YM/Acid%20Music%20Box%202%20Overdoz%20%281995%29%28Acid%29%28Eliot%29%28ST-128%20Module%29.ym	7727
https://www.cpc-power.com/YM/Acid%20Music%20Box%202%20Pegruz%20%281995%29%28Acid%29%28Greg%29%28ST-128%20Module%29.ym	7727
https://www.cpc-power.com/YM/Acid%20Music%20Box%202%20PS-Mdemo%20%281995%29%28Acid%29%28Eliot%29%28ST-128%20Module%29.ym	7727
https://www.cpc-power.com/YM/Acid%20Music%20Box%202%20Rasta%20%281995%29%28Acid%29%28Targhan%29%28ST-128%20Module%29.ym	7727
https://www.cpc-power.com/YM/Acid%20Music%20Box%202%20TbAST%20%281995%29%28Acid%29%28AST%29%28ST-128%20Module%29.ym	7727
https://www.cpc-power.com/YM/Acid%20Music%20Box%202%20Virtual%20%281995%29%28Acid%29%28Eliot%29%28ST-128%20Module%29.ym	7727
https://www.cpc-power.com/YM/DTC%20%282006%29%28Arkos%29%28Jedi%29.ym	7729
https://www.cpc-power.com/YM/DTC%20-%20End%20%282006%29%28Arkos%29.ym	7729
https://www.cpc-power.com/YM/Greek%20Meeting%202%20-%20Intro%20%281995%29%28Chaos%29%28Catloc%29%28ST-128%20Module%29.ym	7733
https://www.cpc-power.com/YM/Greek%20Meeting%202%20-%20Part%201%20%281995%29%28Chaos%29%28ST-128%20Module%29.ym	7733
https://www.cpc-power.com/YM/Greek%20Meeting%202%20-%20Part%202%20%281995%29%28Chaos%29%28Catloc%29%28ST-128%20Module%29.ym	7733
https://www.cpc-power.com/YM/Greek%20Meeting%202%20-%20Part%203%20%281995%29%28Chaos%29%28FG%29%28ST-128%20Module%29.ym	7733
https://www.cpc-power.com/YM/Greek%20Meeting%202%20-%20Part%204%20%281995%29%28Chaos%29%28Catloc%29%28ST-128%20Module%29.ym	7733
https://www.cpc-power.com/YM/Greek%20Meeting%202%20-%20Part%205%20%281995%29%28Chaos%29%28Catloc%29%28ST-128%20Module%29.ym	7733
https://www.cpc-power.com/YM/Greek%20Meeting%202%20-%20Part%206%20%281995%29%28Chaos%29%28Catloc%29%28ST-128%20Module%29.ym	7733
https://www.cpc-power.com/YM/Greek%20Meeting%202%20-%20Part%207%20%281995%29%28Chaos%29%28Catloc%29%28ST-128%20Module%29.ym	7733
https://www.cpc-power.com/YM/Greek%20Meeting%202%20-%20Part%208%20%281995%29%28Chaos%29%28Catloc%29%28ST-128%20Module%29.ym	7733
https://www.cpc-power.com/YM/Greek%20Meeting%202%20-%20Part%209%20%281995%29%28Chaos%29%28Catloc%29%28ST-128%20Module%29.ym	7733
https://www.cpc-power.com/YM/Greek%20Meeting%202%20-%20Part%2010%20%281995%29%28Chaos%29%28Catloc%29%28ST-128%20Module%29.ym	7733
https://www.cpc-power.com/YM/Greek%20Meeting%202%20-%20Part%2011-1%20%281995%29%28Chaos%29%28Catloc%29%28ST-128%20Module%29.ym	7733
https://www.cpc-power.com/YM/Greek%20Meeting%202%20-%20Part%2011-2%20%281995%29%28Chaos%29%28Catloc%29%28ST-128%20Module%29.ym	7733
https://www.cpc-power.com/YM/Greek%20Meeting%202%20-%20Part%2011-3%20%281995%29%28Chaos%29%28Catloc%29%28ST-128%20Module%29.ym	7733
https://www.cpc-power.com/YM/Deep%20Space%20Intro%20%281995%29%28GPA%29%28Tom%20%26%20Jerry%29%28ST-128%20Module%29.ym	7735
https://www.cpc-power.com/YM/Deep%20Space%20Main%20Part%20%281995%29%28GPA%29%28Resonance%20-%20Targhan%29.ym	7735
https://www.cpc-power.com/YM/Croco%20Chanel%20-%20Menu%20%282002%29%28Overlanders%29.ym	7736
https://www.cpc-power.com/YM/Croco%20Chanel%20-%20Eliot%20Part%20-%20Recall%20%282002%29%28Overlanders%29%28Eliot%29.ym	7736
https://www.cpc-power.com/YM/Croco%20Chanel%20-%20BDC%20Iron%20Part%20%282002%29%28Overlanders%29%28BDC%20Iron%29%28ST-128%20Module%29.ym	7736
https://www.cpc-power.com/YM/Croco%20Chanel%20-%20Bisbille%20-%20Intro%20%282002%29%28Overlanders%29%28MadRam%29.ym	7736
https://www.cpc-power.com/YM/Croco%20Chanel%20-%20Bisbille%20-%20Main%20Theme%20%282002%29%28Overlanders%29%28MadRam%29.ym	7736
https://www.cpc-power.com/YM/Croco%20Chanel%20-%20Epsilon%20Part%20-%20Music%201%20%282002%29%28Overlanders%29%28Epsilon%29%28ST-128%20Module%29.ym	7736
https://www.cpc-power.com/YM/Croco%20Chanel%20-%20Epsilon%20Part%20-%20Music%202%20%282002%29%28Overlanders%29%28Epsilon%29%28ST-128%20Module%29.ym	7736
https://www.cpc-power.com/YM/Halloween%20Meeting%20-%20Improvized%20Contest%20-%20Menu%20%282004%29%28Benediction%29%28Tom%20%26%20Jerry%29%28AYC%29.ym	7748
https://www.cpc-power.com/YM/Halloween%20Meeting%20-%20Improvized%20Contest%20-%20Part%202%20%282004%29%28Benediction%29%28AYC%29.ym	7748
https://www.cpc-power.com/YM/Halloween%20Meeting%20-%20Improvized%20Contest%20-%20Part%205%20%282004%29%28Benediction%29%28Eno%29%28AYC%29.ym	7748
https://www.cpc-power.com/YM/Plissken%202%20%282002%29%28Public%20Domain%29%28StArkos%29.ym	7754
https://www.cpc-power.com/YM/Mystery%20Megademo%20Intro%20%281996%29%28SCORPION%29%28Greg%29%28ST-128%20Module%29.ym	7755
https://www.cpc-power.com/YM/Soundtrakker%20v1.1%20-%200%20-%20Trio%20%2819xx%29%28Beng%29%28New%20Age%20Software%29%28ST-Module%29.ym	7756
https://www.cpc-power.com/YM/Soundtrakker%20v1.1%20-%201%20-%20Rythm%20Two%20%2819xx%29%28Beng%29%28Da%20Silva%29%28ST-Module%29.ym	7756
https://www.cpc-power.com/YM/Soundtrakker%20v1.1%20-%202%20-%20I%27m%20so%20Tired%20%2819xx%29%28Beng%29%28New%20Age%20Software%29%28ST-Module%29.ym	7756
https://www.cpc-power.com/YM/Soundtrakker%20v1.1%20-%203%20-%20Pearls%20of%20Love%20%2819xx%29%28Beng%29%28New%20Age%20Software%29%28ST-Module%29.ym	7756
https://www.cpc-power.com/YM/Soundtrakker%20v1.1%20-%204%20-%20Moins%20%2819xx%29%28Beng%29%28New%20Age%20Software%29%28ST-Module%29.ym	7756
https://www.cpc-power.com/YM/Soundtrakker%20v1.1%20-%205%20-%20Klick%20%2819xx%29%28Beng%29%28New%20Age%20Software%29%28ST-Module%29.ym	7756
https://www.cpc-power.com/YM/Soundtrakker%20v1.1%20-%206%20-%20Hip%20to%20Hop%20%2819xx%29%28Beng%29%28New%20Age%20Software%29%28ST-Module%29.ym	7756
https://www.cpc-power.com/YM/Soundtrakker%20v1.1%20-%207%20-%20The%20Munsters%20%2819xx%29%28Beng%29%28Da%20Silva%29%28ST-Module%29.ym	7756
https://www.cpc-power.com/YM/Soundtrakker%20v1.1%20-%208%20-%20People%20are%20People%20%2819xx%29%28Beng%29%28Da%20Silva%29%28ST-Module%29.ym	7756
https://www.cpc-power.com/YM/Soundtrakker%20v1.1%20-%209%20-%20Einmal%20%2819xx%29%28Beng%29%28New%20Age%20Software%29%28ST-Module%29.ym	7756
https://www.cpc-power.com/YM/Necromancer%27s%20Fullscreen%20%281988%29%28The%20Magic%20Cracker%29%28Basic%29.ym	7757
https://www.cpc-power.com/YM/Necromancer%27s%20Little%20Nice%204%20%281988%29%28The%20Magic%20Cracker%29.ym	7758
https://www.cpc-power.com/YM/NewAge%20Intro%20%281990%29%28New%20Age%29%28Duffy%29%28Music%20Pro%29.ym	7762
https://www.cpc-power.com/YM/No%20Inspiration%20%281992%29%28Ast%20System%29%28Ric%29%28Equinoxe%29.ym	7763
https://www.cpc-power.com/YM/Not%20Dead%20%282000%29%28Arkos%29%28Targhan%29%28ST-128%20Module%29.ym	7765
https://www.cpc-power.com/YM/Maxi%20Micro%207%20Advert%20%281991%29%28Maxi%20Micro%20Team%29%28Duffy%29%28Music%20Pro%29.ym	7767
https://www.cpc-power.com/YM/Maxi%20Micro%209%20Advert%20%281992%29%28Constrat%29%28COSO%29.ym	7768
https://www.cpc-power.com/YM/Maxi%20Micro%20Meeting%20-%20Intro%20%281992%29%28Maxi%20Micro%20Team%29%28Ric%29.ym	7769
https://www.cpc-power.com/YM/Maxi%20Micro%20Meeting%20-%20Main%20Part%20%281992%29%28Maxi%20Micro%20Team%29%28Ric%29.ym	7769
https://www.cpc-power.com/YM/MacBugs%20%281995%29%28Systeme%20D%29%28ChaRleyTroniC%29.ym	7774
https://www.cpc-power.com/YM/Ecole%20Buissonniere%20%282000%29%28Overlanders%29%28Shap%29.ym	7778
https://www.cpc-power.com/YM/Ecole%20Buissonniere%20-%20Cheat%20Part%20%282000%29%28Overlanders%29%28AYC%29.ym	7778
https://www.cpc-power.com/YM/OFE%202%20-%20Second%20One%20%282001%29%28Benediction%29%28Mad%20Max%29.ym	7779
https://www.cpc-power.com/YM/Metal%20Screammer%202%20%281992%29%28Static%29%28Ric%29.ym	7785
https://www.cpc-power.com/YM/Dragon%20Ball%20Z%202%20%281994%29%28Kaosoverride%29%28Basic%29.ym	7791
https://www.cpc-power.com/YM/Revolog%20%281989%29%28Logon%20System%29%28Rob%20Hubbard%29%28Atari%20ST%29.ym	7799
https://www.cpc-power.com/YM/Squat%27s%20Previews%20Part%201%20%281998%29%28Overlanders%29%28Shap%29%28ST-Module%29.ym	7800
https://www.cpc-power.com/YM/Squat%27s%20Previews%20Part%202%20%281998%29%28Overlanders%29%28Shap%29%28ST-128%20Module%29.ym	7800
https://www.cpc-power.com/YM/Maurice%20Aime%20Les%20Bobs%20%282006%29%28Megachur%29%20-%20Verity%20by%20Antichrist.ym	7805
https://www.cpc-power.com/YM/Heat%20%281996%29%28OdieSoft%29.ym	7807
https://www.cpc-power.com/YM/Ovation%205%20-%20Intro%20%281999%29%28Dirty%20Minds%29%28Antitec%29%28ST-128%20Module%29.ym	7808
https://www.cpc-power.com/YM/Ovation%205%20-%20Music%201%20%281999%29%28Dirty%20Minds%29%28Antitec%29%28ST-128%20Module%29.ym	7808
https://www.cpc-power.com/YM/Ovation%205%20-%20Music%202%20%281999%29%28Dirty%20Minds%29%28Antitec%29%28ST-128%20Module%29.ym	7808
https://www.cpc-power.com/YM/Ovation%205%20-%20Music%203%20%281999%29%28Dirty%20Minds%29%28Antitec%29%28ST-128%20Module%29.ym	7808
https://www.cpc-power.com/YM/Ovation%205%20-%20Music%204%20%281999%29%28Dirty%20Minds%29%28Antitec%29%28ST-128%20Module%29.ym	7808
https://www.cpc-power.com/YM/Ovation%205%20-%20Music%205%20%281999%29%28Dirty%20Minds%29%28Antitec%29%28ST-128%20Module%29.ym	7808
https://www.cpc-power.com/YM/Ovation%205%20-%20Music%206%20%281999%29%28Dirty%20Minds%29%28Antitec%29%28ST-128%20Module%29.ym	7808
https://www.cpc-power.com/YM/Ovation%205%20-%20Music%207%20%281999%29%28Dirty%20Minds%29%28Antitec%29%28ST-128%20Module%29.ym	7808
https://www.cpc-power.com/YM/Ovation%205%20-%20Music%208%20%281999%29%28Dirty%20Minds%29%28Antitec%29%28ST-128%20Module%29.ym	7808
https://www.cpc-power.com/YM/Ovation%205%20-%20Music%209%20%281999%29%28Dirty%20Minds%29%28Antitec%29%28ST-128%20Module%29.ym	7808
https://www.cpc-power.com/YM/Ovation%205%20-%20X-Trash%20%281999%29%28Dirty%20Minds%29%28Antitec%29%28ST-128%20Module%29.ym	7808
https://www.cpc-power.com/YM/Backtro%20Cracked%20Intro%20%282005%29%28Parasites%29%28MadRam%29.ym	7809
https://www.cpc-power.com/YM/Quasar%20CPC%202%20-%20Actus%20%281993%29%28Futurs%27%29%28Equinoxe%29.ym	7813
https://www.cpc-power.com/YM/Quasar%20CPC%202%20-%20Courrier%20%281993%29%28Futurs%27%29%28Equinoxe%29.ym	7813
https://www.cpc-power.com/YM/Quasar%20CPC%202%20-%20Divers%20%281993%29%28Futurs%27%29%28Equinoxe%29.ym	7813
https://www.cpc-power.com/YM/Quasar%20CPC%202%20-%20Initiation%20Basic%20%281993%29%28Futurs%27%29%28Equinoxe%29.ym	7813
https://www.cpc-power.com/YM/Quasar%20CPC%202%20-%20Initiation%20Menu%20%281993%29%28Futurs%27%29%28Equinoxe%29.ym	7813
https://www.cpc-power.com/YM/Quasar%20CPC%202%20-%20Perfectionnement%20-%20Assembleur%20%281993%29%28Futurs%27%29%28Equinoxe%29.ym	7813
https://www.cpc-power.com/YM/Quasar%20CPC%202%20-%20Petites%20Annonces%20%281993%29%28Futurs%27%29%28Equinoxe%29.ym	7813
https://www.cpc-power.com/YM/Quasar%20CPC%202%20-%20Turn%20Disk%20A%20%281993%29%28Futurs%27%29%28Music%20Pro%29.ym	7813
https://www.cpc-power.com/YM/Fantasy%20Demo%20End%20Part%20%282002%29%28Semilanceata%29%28Jamian%29%28ST-128%20Module%29.ym	7818
https://www.cpc-power.com/YM/Fantasy%20Demo%20Part%201%20%282002%29%28Semilanceata%29%28Jamian%29%28ST-128%20Module%29.ym	7818
https://www.cpc-power.com/YM/Fantasy%20Demo%20Part%202%20%282002%29%28Semilanceata%29%28Jamian%29%28ST-128%20Module%29.ym	7818
https://www.cpc-power.com/YM/Total%20Eclipse%20-%20Sonics%20Night%20-%20Credits%20%281996%29%28Power%20System%29%28Epsilon%29%28ST-128%20Module%29.ym	7829
https://www.cpc-power.com/YM/Total%20Eclipse%20-%20Sonics%20Night%20-%20Intro%20%281996%29%28Power%20System%29%28Epsilon%29%28ST-128%20Module%29.ym	7829
https://www.cpc-power.com/YM/Total%20Eclipse%20-%20Sonics%20Night%20-%20Main%20%281996%29%28Power%20System%29%28Epsilon%29%28ST-128%20Module%29.ym	7829
https://www.cpc-power.com/YM/Ze%20Meeting%2097%20MTL%20%281997%29%28Mortel%29%28COSO%29.ym	7852
https://www.cpc-power.com/YM/Ze%20Meeting%2097%20%281997%29%28NPS%29%28ST-128%20Module%29.ym	7853
https://www.cpc-power.com/YM/Kimagure%20Mangamag%20%281996%29%28Garbage%20Performers%29%28BSC%29%28ST-128%20Module%29.ym	7859
https://www.cpc-power.com/YM/Kimagure%20Mangamag%20Intro%20%281996%29%28Garbage%20Performers%29%28BSC%29%28ST-128%20Module%29.ym	7859
https://www.cpc-power.com/YM/Intox%20%2819xx%29%28Malibu%20Crackers%29%28Jochen%20Hippel%29%28COSO%29.ym	7865
https://www.cpc-power.com/YM/Intox%20Hidden%20Theme%202%20%2819xx%29%28Malibu%20Crackers%29%28Jochen%20Hippel%29%28COSO%29.ym	7865
https://www.cpc-power.com/YM/Byte%201999%20-%20Pif%20Paf%20Pouet%20Boum%20%281999%29%28Arkos%29%28Targhan%29%28ST-128%20Module%29.ym	7867
https://www.cpc-power.com/YM/Ze%20Meeting%203%20%281997%29%28DBT%20Production%29%28ST-128%20Module%29.ym	7868
https://www.cpc-power.com/YM/Ze%20Meeting%2096-97%20Compilation%20-%20Intro%20%281997%29%28Condense%29%28ST-128%20Module%29.ym	7869
https://www.cpc-power.com/YM/Ze%20Meeting%2096-97%20Compilation%20-%20Part%201%20%281997%29%28Condense%29%28ST-128%20Module%29.ym	7869
https://www.cpc-power.com/YM/Ze%20Meeting%2096-97%20Compilation%20-%20Part%202%20%281997%29%28Condense%29%28ST-128%20Module%29.ym	7869
https://www.cpc-power.com/YM/Asterix%20Operation%20Hinkelstein%20Preview%20Intro%20%281991%29%2842-Crew%29.ym	7878
https://www.cpc-power.com/YM/XMas%202009%20Intro%20%282009%29%28Impact%29%28Hermol%29%28AYC%29.ym	7884
https://www.cpc-power.com/YM/Inspiration%20-%20Part%201%20%281992%29%28Public%20Domain%29%28ChaRleyTroniC%29.ym	7894
https://www.cpc-power.com/YM/Inspiration%20-%20Part%202%20%281992%29%28Public%20Domain%29%28ChaRleyTroniC%29.ym	7894
https://www.cpc-power.com/YM/Inspiration%20-%20Part%203%20%281992%29%28Public%20Domain%29%28ChaRleyTroniC%29.ym	7894
https://www.cpc-power.com/YM/No%20Inspiration%202%20%281992%29%28Static%29%28Ric%29.ym	7896
https://www.cpc-power.com/YM/Dreams%20-%20Intro%20%281992%29%28Ast%20System%29%28Music%20Pro%29.ym	7898
https://www.cpc-power.com/YM/Dracula%20Fanz%205%20Advert%20%281995%29%28Public%20Domain%29%28Kangaroo%29%28ST-128%20Module%29.ym	7899
https://www.cpc-power.com/YM/Barty%20Party%20Intro%20%2819xx%29%28Bugs%29%28Barthy%29%28ST-128%20Module%29.ym	7917
https://www.cpc-power.com/YM/Barty%20Party%20Part%201%20%2819xx%29%28Bugs%29%28ST-128%20Module%29.ym	7917
https://www.cpc-power.com/YM/Barty%20Party%20Part%202%20%2819xx%29%28Bugs%29%28ST%20Module%29.ym	7917
https://www.cpc-power.com/YM/Plissken%20Noel%20%282002%29%28Public%20Domain%29%28ST-Module%29.ym	7918
https://www.cpc-power.com/YM/Plissken%201%20%282002%29%28Public%20Domain%29%28ST-128%20Module%29.ym	7919
https://www.cpc-power.com/YM/Amstrad%20Expo%202005%20Aventures%20Call%20%26%20Bd19%20%282006%29%28Public%20Domain%29.ym	7920
https://www.cpc-power.com/YM/Amstrad%20Expo%202005%20Calimero%20%282006%29%28Public%20Domain%29%28Zik%29%28ST-128%20Module%29.ym	7920
https://www.cpc-power.com/YM/Amstrad%20Expo%202005%20Calimero%20Intro%20%282006%29%28Public%20Domain%29%28Zik%29%28ST-128%20Module%29.ym	7920
https://www.cpc-power.com/YM/Amstrad%20Expo%202005%20Call%20Bd19%20Game%20%282006%29%28Public%20Domain%29%28Fennyx%20Kell%29.ym	7920
https://www.cpc-power.com/YM/Amstrad%20Expo%202005%20Call%20Bd19%20Game%20Menu%20%282006%29%28Public%20Domain%29%28Fennyx%20Kell%29.ym	7920
https://www.cpc-power.com/YM/Amstrad%20Expo%202005%20Call%20Bd19%20In%20Game%20%282006%29%28Public%20Domain%29%28Fennyx%20Kell%29.ym	7920
https://www.cpc-power.com/YM/Amstrad%20Expo%202005%20Menu%20%282006%29%28Public%20Domain%29.ym	7920
https://www.cpc-power.com/YM/Amstrad%20Expo%202005%20Turn%20Disk%20%282006%29%28Public%20Domain%29%28BSC%29%28ST-128%20Module%29.ym	7920
https://www.cpc-power.com/YM/Amstrad%20Expo%20Magic%20Circus%20%282006%29%28Les%20Sucres%20En%20Morceaux%29%28Fenyx%20Kell%29%28StArkos%29.ym	7921
https://www.cpc-power.com/YM/Amstrad%20Expo%20Magic%20Circus%20-%20Joyeuses%20Paques%20%282006%29%28Les%20Sucres%20En%20Morceaux%29%28Fenyx%20Kell%29%28StArkos%29.ym	7921
https://www.cpc-power.com/YM/Basic%20Demo%201%20%281999%29%28Power%20System%29%28Shap%29%28ST-128%20Module%29.ym	7923
https://www.cpc-power.com/YM/Basic%20Demo%202%20%281999%29%28Power%20System%29%28Shap%29%28ST-128%20Module%29.ym	7924
https://www.cpc-power.com/YM/Basic%20Demo%203%20%282000%29%28Flower%20Corp%29%28Eliot%29%28ST-128%20Module%29.ym	7925
https://www.cpc-power.com/YM/Best%20Off%20%281995%29%28Power%20System%29%28Epsilon%29%28ST-128%20Module%29.ym	7931
https://www.cpc-power.com/YM/Fatal%20Beauties%20%282007%29%28Fatality%29%28Zoom%29.ym	7937
https://www.cpc-power.com/YM/Croco%20Chanel%204%20Invitro%20%282007%29%28GPA%29%28Zoom%29.ym	7943
https://www.cpc-power.com/YM/Topaz%20Intro%203%20%281989%29%28Public%20Domain%29%28Music%20Pro%29.ym	7969
https://www.cpc-power.com/YM/X-Mas%202006%20-%20Jingle%20Bells%20Zax%20%282006%29%28CPCRulez%29%28Ixien%29%28AYC%29.ym	7971
https://www.cpc-power.com/YM/X-Mas%202007%20%282007%29%28CPCRulez%29%28ST-128%20Module%29.ym	7972
https://www.cpc-power.com/YM/X-Mas%202007%20-%20Cheat%20Part%20%282007%29%28CPCRulez%29%28David%20Whittaker%29%28AYC%29.ym	7972
https://www.cpc-power.com/YM/Come%20to%20the%20Castellum%20Meeting%202%20%282007%29%28Benediction%29.ym	7974
https://www.cpc-power.com/YM/Come%20to%20the%20Castellum%20Meeting%202%20Main%20Part%20%282007%29%28Benediction%29.ym	7974
https://www.cpc-power.com/YM/Copy-Party%202%20%281989%29%28ESC%29%28Weee%29.ym	7999
https://www.cpc-power.com/YM/Bordelik%20Meeting%204%20Slide%20Show%20-%20Intro%20%281995%29%28Arkos%29%28Targhan%29%28ST-128%20Module%29.ym	8006
https://www.cpc-power.com/YM/Bordelik%20Meeting%204%20Slide%20Show%20-%20Main%20Part%201%20%281995%29%28Arkos%29%28Targhan%29%28ST-128%20Module%29.ym	8006
https://www.cpc-power.com/YM/Bordelik%20Meeting%204%20Slide%20Show%20-%20Main%20Part%202%20%281995%29%28Arkos%29%28Targhan%29%28ST-128%20Module%29.ym	8006
https://www.cpc-power.com/YM/Bordelik%20Meeting%204%20Slide%20Show%20-%20Main%20Part%203%20%281995%29%28Arkos%29%28Targhan%29%28ST-128%20Module%29.ym	8006
https://www.cpc-power.com/YM/Bordelik%20Meeting%204%20Slide%20Show%20-%20Main%20Part%204%20%281995%29%28Arkos%29%28Targhan%29%28ST-128%20Module%29.ym	8006
https://www.cpc-power.com/YM/Bordelik%20Meeting%204%20Slide%20Show%20-%20Main%20Part%205%20%281995%29%28Arkos%29%28Targhan%29%28ST-128%20Module%29.ym	8006
https://www.cpc-power.com/YM/Bordelik%20Meeting%204%20Slide%20Show%20-%20Main%20Part%206%20%281995%29%28Arkos%29%28Targhan%29%28ST-128%20Module%29.ym	8006
https://www.cpc-power.com/YM/Bordelik%20Meeting%204%20Slide%20Show%20-%20Main%20Part%207%20%281995%29%28Arkos%29%28Targhan%29%28ST-128%20Module%29.ym	8006
https://www.cpc-power.com/YM/Bordelik%20Meeting%204%20Slide%20Show%20-%20Main%20Part%208%20%281995%29%28Arkos%29%28Targhan%29%28ST-128%20Module%29.ym	8006
https://www.cpc-power.com/YM/Acid%20Music%20Box%203%20Adap%20%281995%29%28Acid%29%28Eliot%29%28ST-128%20Module%29.ym	8013
https://www.cpc-power.com/YM/Acid%20Music%20Box%203%20ADSDice%20%281995%29%28Acid%29%28ADS%29%28ST-128%20Module%29.ym	8013
https://www.cpc-power.com/YM/Acid%20Music%20Box%203%20ADSPart%20%281995%29%28Acid%29%28ADS%29%28ST-128%20Module%29.ym	8013
https://www.cpc-power.com/YM/Acid%20Music%20Box%203%20Boom%20Shak%20%281995%29%28Acid%29%28Greg%29%28ST-128%20Module%29.ym	8013
https://www.cpc-power.com/YM/Acid%20Music%20Box%203%20Borderl4%20%281995%29%28Acid%29%28Eliot%29%28ST-128%20Module%29.ym	8013
https://www.cpc-power.com/YM/Acid%20Music%20Box%203%20CheckBnk%20%281995%29%28Acid%29%28Eliot%29%28ST-128%20Module%29.ym	8013
https://www.cpc-power.com/YM/Acid%20Music%20Box%203%20Cool%20%281995%29%28Acid%29%28Eliot%29%28ST-128%20Module%29.ym	8013
https://www.cpc-power.com/YM/Acid%20Music%20Box%203%20Deep%20%281995%29%28Acid%29%28ADS%29%28ST-128%20Module%29.ym	8013
https://www.cpc-power.com/YM/Acid%20Music%20Box%203%20Disaster%20%281995%29%28Acid%29%28Greg%29%28ST-128%20Module%29.ym	8013
https://www.cpc-power.com/YM/Acid%20Music%20Box%203%20End%20Part%20%281995%29%28Acid%29%28ST-128%20Module%29.ym	8013
https://www.cpc-power.com/YM/Acid%20Music%20Box%203%20Hymn%20%281995%29%28Acid%29%28Eliot%29%28ST-128%20Module%29.ym	8013
https://www.cpc-power.com/YM/Acid%20Music%20Box%203%20In%20The%20Box%20%281995%29%28Acid%29%28Targhan%29%28ST-128%20Module%29.ym	8013
https://www.cpc-power.com/YM/Acid%20Music%20Box%203%20Intro%20%281995%29%28Acid%29%28ST-128%20Module%29.ym	8013
https://www.cpc-power.com/YM/Acid%20Music%20Box%203%20Leader%20%281995%29%28Acid%29%28Greg%29%28ST-128%20Module%29.ym	8013
https://www.cpc-power.com/YM/Acid%20Music%20Box%203%20Megas%20%281995%29%28Acid%29%28Eliot%29%28ST-128%20Module%29.ym	8013
https://www.cpc-power.com/YM/Acid%20Music%20Box%203%20Meteorit%20%281995%29%28Acid%29%28Greg%29%28ST-128%20Module%29.ym	8013
https://www.cpc-power.com/YM/Acid%20Music%20Box%203%20New%20One%20%281995%29%28Acid%29%28Eliot%29%28ST-128%20Module%29.ym	8013
https://www.cpc-power.com/YM/Acid%20Music%20Box%203%20The-Wall%20%281995%29%28Acid%29%28Greg%29%28ST-128%20Module%29.ym	8013
https://www.cpc-power.com/YM/Acid%20Music%20Box%203%20Us%20%281995%29%28Acid%29%28Eliot%29%28ST-128%20Module%29.ym	8013
https://www.cpc-power.com/YM/Acid%20Music%20Box%203%20X-Track%20%281995%29%28Acid%29%28BaBar%29%28ST-128%20Module%29.ym	8013
https://www.cpc-power.com/YM/Acid%20Music%20Box%203%20Ze-Last%20%281995%29%28Acid%29%28Greg%29%28ST-128%20Module%29.ym	8013
https://www.cpc-power.com/YM/The%20Addams%20Fanz%202%20-%20End%20Part%20%281993%29%28TAF%20Production%29%28Zorglub%29%28Equinoxe%29.ym	8015
https://www.cpc-power.com/YM/The%20Addams%20Fanz%20FreeDisc%20-%20Intro%20%281993%29%28TAF%20Production%29%28ST-Module%29.ym	8016
https://www.cpc-power.com/YM/The%20Addams%20Fanz%20FreeDisc%20-%20Credits%20%281993%29%28TAF%20Production%29%28ST-Module%29.ym	8016
https://www.cpc-power.com/YM/The%20Addams%20Fanz%20FreeDisc%20-%20Zap%27T%27Ball%20%281993%29%28TAF%20Production%29%28ST-Module%29.ym	8016
https://www.cpc-power.com/YM/BabaFanz%205%20Intro%20%281996%29%28Arkos%29%28Greg%29%28ST-128%20Module%29.ym	8019
https://www.cpc-power.com/YM/BabaFanz%207%20-%20Intro%20%281997%29%28Public%20Domain%29%28Chany%29%28ST-128%20Module%29.ym	8021
https://www.cpc-power.com/YM/BabaFanz%207%20-%20Menu%20%281997%29%28Public%20Domain%29%28Chany%29%28ST-128%20Module%29.ym	8021
https://www.cpc-power.com/YM/BabaFanz%207%20-%20Music%201%20%281997%29%28Public%20Domain%29%28Chany%29%28ST-128%20Module%29.ym	8021
https://www.cpc-power.com/YM/BabaFanz%207%20-%20Music%202%20%281997%29%28Public%20Domain%29%28Chany%29%28ST-128%20Module%29.ym	8021
https://www.cpc-power.com/YM/BabaFanz%207%20-%20Music%203%20%281997%29%28Public%20Domain%29%28Chany%29%28ST-128%20Module%29.ym	8021
https://www.cpc-power.com/YM/BabaFanz%207%20-%20End%201-3%20%281997%29%28Public%20Domain%29%28COSO%29.ym	8021
https://www.cpc-power.com/YM/BabaFanz%207%20-%20End%202-3%20%281997%29%28Public%20Domain%29%28COSO%29.ym	8021
https://www.cpc-power.com/YM/BabaFanz%207%20-%20End%203-3%20%281997%29%28Public%20Domain%29%28COSO%29.ym	8021
https://www.cpc-power.com/YM/BabaFanz%20Meeting%20-%20ATC%201%20%281995%29%28Scorpion%29%28Greg%29%28ST-128%20Module%29.ym	8022
https://www.cpc-power.com/YM/BabaFanz%20Meeting%20-%20ATC%202%20%281995%29%28Scorpion%29%28Targhan%29%28ST-128%20Module%29.ym	8022
https://www.cpc-power.com/YM/BabaFanz%20Meeting%20-%20ATC%203%20%281995%29%28Scorpion%29%28Greg%29%28ST-128%20Module%29.ym	8022
https://www.cpc-power.com/YM/BabaFanz%20Meeting%20-%20Cheat%20Part%20%281995%29%28Scorpion%29%28Kangaroo%20Music%29%28ST-Module%29.ym	8022
https://www.cpc-power.com/YM/BabaFanz%20Meeting%20-%20Credit%20Part%20%281995%29%28Scorpion%29%28Greg%29%28ST-128%20Module%29.ym	8022
https://www.cpc-power.com/YM/BabaFanz%20Meeting%20-%20End%20Part%20%281995%29%28Scorpion%29%28%29%28ST-Module%29.ym	8022
https://www.cpc-power.com/YM/BabaFanz%20Meeting%20-%20Intro%20%281995%29%28Scorpion%29%28Greg%29%28ST-128%20Module%29.ym	8022
https://www.cpc-power.com/YM/BabaFanz%20Meeting%20-%20Suprem%20Raster%20Part%20%281995%29%28Scorpion%29%28Greg%29%28ST-128%20Module%29.ym	8022
https://www.cpc-power.com/YM/Bugs%20Party%202%20-%20Intro%20%281994%29%28Bugs%29%28Jochen%20Hippel%29%28COSO%29.ym	8030
https://www.cpc-power.com/YM/Bugs%20Party%202%20-%20Part%201%20%281994%29%28Bugs%29%28Eliot%29%28ST-128%20Module%29.ym	8030
https://www.cpc-power.com/YM/Bugs%20Party%202%20-%20Part%202%20%281994%29%28Bugs%29%28Epsilon%29%28ST-128%20Module%29.ym	8030
https://www.cpc-power.com/YM/Bugs%20Party%202%20-%20Part%203%20%281994%29%28Bugs%29%28Epsilon%29%28ST-128%20Module%29.ym	8030
https://www.cpc-power.com/YM/Bugs%20Party%202%20-%20Part%204%20%281994%29%28Bugs%29%28Epsilon%29%28ST-128%20Module%29.ym	8030
https://www.cpc-power.com/YM/Colors%20%281993%29%28Rebels%29%28Beta%20Soft%20Cologne%29%28ST-Module%29.ym	8031
https://www.cpc-power.com/YM/The%20Other%20World%203%20-%20Intro%20%281991%29%28Logon%20System%29%28Duffy%29%28Music%20Pro%29.ym	8040
https://www.cpc-power.com/YM/The%20Other%20World%203%20-%20Intro%20Cheat%20%281991%29%28Logon%20System%29%28Duffy%29%28Music%20Pro%29.ym	8040
https://www.cpc-power.com/YM/GPA%202K2%20%282002%29%28GPA%29.ym	8042
https://www.cpc-power.com/YM/Greek%20Meeting%206%20-%20Intro%20%282002%29%28Brothers%29%28FG%20Brain%29%28ST-128%20Module%29.ym	8043
https://www.cpc-power.com/YM/Greek%20Meeting%206%20-%20Main%20Part%20-%20Music%201%20%282002%29%28Brothers%29%28ST-128%20Module%29.ym	8043
https://www.cpc-power.com/YM/Greek%20Meeting%206%20-%20Main%20Part%20-%20Music%202%20%282002%29%28Brothers%29%28ST-128%20Module%29.ym	8043
https://www.cpc-power.com/YM/Copy%20Party%20Part%201%20%281989%29%28CBS%20-%20TCW%29%28Weee%29.ym	8046
https://www.cpc-power.com/YM/Copy%20Party%20Part%202%20%281989%29%28CBS%20-%20TCW%29%28Weee%29.ym	8046
https://www.cpc-power.com/YM/Copy%20Party%20Part%203%20%281989%29%28CBS%20-%20TCW%29%28Weee%29.ym	8046
https://www.cpc-power.com/YM/Revolution%20of%20the%20Machines%20%28199x%29%28Beng%29%28Kangaroo%29%28ST-Module%29.ym	8047
https://www.cpc-power.com/YM/Pot%20De%20Call%205%20-%20Delire%20%281993%29%28SWAB%20System%29%28ST-Module%29.ym	8057
https://www.cpc-power.com/YM/Pot%20De%20Call%205%20-%20Intro%20%281993%29%28SWAB%20System%29%28ST-Module%29.ym	8057
https://www.cpc-power.com/YM/Pot%20De%20Call%205%20-%20Story%20%281993%29%28SWAB%20System%29%28ST-Module%29.ym	8057
https://www.cpc-power.com/YM/Pot%20De%20Call%205%20-%20The%20End%20%281993%29%28SWAB%20System%29%28ST-Module%29.ym	8057
https://www.cpc-power.com/YM/Pot%20De%20Call%205%20-%20Turn%20Disk%20%281993%29%28SWAB%20System%29%28ST-Module%29.ym	8057
https://www.cpc-power.com/YM/X-treme%20Issue%201%20-%20Intro%20%281993%29%28Symbiosis%29%28Kangaroo%29%28ST-Module%29.ym	8069
https://www.cpc-power.com/YM/X-treme%20Issue%201%20-%20Menu%20%281993%29%28Symbiosis%29%28Kangaroo%29%28ST-Module%29.ym	8069
https://www.cpc-power.com/YM/X-treme%20Issue%201%20-%20Music%201%20%281993%29%28Symbiosis%29%28Kangaroo%29%28ST-Module%29.ym	8069
https://www.cpc-power.com/YM/X-treme%20Issue%201%20-%20Music%202%20%281993%29%28Symbiosis%29%28Kangaroo%29%28ST-Module%29.ym	8069
https://www.cpc-power.com/YM/X-treme%20Issue%201%20-%20Music%203%20%281993%29%28Symbiosis%29%28Kangaroo%29%28ST-Module%29.ym	8069
https://www.cpc-power.com/YM/X-treme%20Issue%201%20-%20Music%204%20%281993%29%28Symbiosis%29%28Kangaroo%29%28ST-Module%29.ym	8069
https://www.cpc-power.com/YM/X-treme%20Issue%201%20-%20Music%205%20%281993%29%28Symbiosis%29%28Kangaroo%29%28ST-Module%29.ym	8069
https://www.cpc-power.com/YM/X-treme%20Issue%201%20-%20Music%206%20%281993%29%28Symbiosis%29%28Kangaroo%29%28ST-Module%29.ym	8069
https://www.cpc-power.com/YM/X-treme%20Issue%201%20-%20Music%207%20%281993%29%28Symbiosis%29%28Kangaroo%29%28ST-Module%29.ym	8069
https://www.cpc-power.com/YM/X-treme%20Issue%201%20-%20Music%208%20%281993%29%28Symbiosis%29%28Kangaroo%29%28ST-Module%29.ym	8069
https://www.cpc-power.com/YM/X-treme%20Issue%201%20-%20Music%209%20%281993%29%28Symbiosis%29%28Kangaroo%29%28ST-Module%29.ym	8069
https://www.cpc-power.com/YM/X-treme%20Issue%201%20-%20Music%2010%20%281993%29%28Symbiosis%29%28Kangaroo%29%28ST-Module%29.ym	8069
https://www.cpc-power.com/YM/X-treme%20Issue%201%20-%20Music%2011%20%281993%29%28Symbiosis%29%28Kangaroo%29%28ST-Module%29.ym	8069
https://www.cpc-power.com/YM/X-treme%20Issue%201%20-%20Music%2012%20%281993%29%28Symbiosis%29%28Kangaroo%29%28ST-Module%29.ym	8069
https://www.cpc-power.com/YM/X-treme%20Issue%201%20-%20Music%2013%20%281993%29%28Symbiosis%29%28Kangaroo%29%28ST-Module%29.ym	8069
https://www.cpc-power.com/YM/X-treme%20Issue%201%20-%20Music%2014%20%281993%29%28Symbiosis%29%28Kangaroo%29%28ST-Module%29.ym	8069
https://www.cpc-power.com/YM/X-treme%20Issue%201%20-%20Music%2015%20%281993%29%28Symbiosis%29%28Kangaroo%29%28ST-Module%29.ym	8069
https://www.cpc-power.com/YM/X-treme%20Issue%201%20-%20Music%2016%20%281993%29%28Symbiosis%29%28Kangaroo%29%28ST-Module%29.ym	8069
https://www.cpc-power.com/YM/X-treme%20Issue%201%20-%20Music%2017%20%281993%29%28Symbiosis%29%28Kangaroo%29%28ST-Module%29.ym	8069
https://www.cpc-power.com/YM/X-treme%20Issue%201%20-%20Music%2018%20%281993%29%28Symbiosis%29%28Kangaroo%29%28ST-Module%29.ym	8069
https://www.cpc-power.com/YM/X-treme%20Issue%201%20-%20Music%2019%20%281993%29%28Symbiosis%29%28Kangaroo%29%28ST-Module%29.ym	8069
https://www.cpc-power.com/YM/X-treme%20Issue%201%20-%20Music%2020%20%281993%29%28Symbiosis%29%28Kangaroo%29%28ST-Module%29.ym	8069
https://www.cpc-power.com/YM/X-treme%20Issue%201%20-%20Music%2021%20%281993%29%28Symbiosis%29%28Kangaroo%29%28ST-Module%29.ym	8069
https://www.cpc-power.com/YM/X-treme%20Issue%201%20-%20Music%2022%20%281993%29%28Symbiosis%29%28Kangaroo%29%28ST-Module%29.ym	8069
https://www.cpc-power.com/YM/X-treme%20Issue%201%20-%20Music%2023%20%281993%29%28Symbiosis%29%28Kangaroo%29%28ST-Module%29.ym	8069
https://www.cpc-power.com/YM/X-treme%20Issue%201%20-%20Music%2024%20%281993%29%28Symbiosis%29%28Kangaroo%29%28ST-Module%29.ym	8069
https://www.cpc-power.com/YM/X-treme%20Issue%201%20-%20Music%2025%20%281993%29%28Symbiosis%29%28Kangaroo%29%28ST-Module%29.ym	8069
https://www.cpc-power.com/YM/X-treme%20Issue%201%20-%20Music%2026%20%281993%29%28Symbiosis%29%28Kangaroo%29%28ST-Module%29.ym	8069
https://www.cpc-power.com/YM/X-treme%20Issue%201%20-%20Music%2027%20%281993%29%28Symbiosis%29%28Kangaroo%29%28ST-Module%29.ym	8069
https://www.cpc-power.com/YM/X-treme%20Issue%201%20-%20Music%2028%20%281993%29%28Symbiosis%29%28Kangaroo%29%28ST-Module%29.ym	8069
https://www.cpc-power.com/YM/X-treme%20Issue%201%20-%20Music%2029%20%281993%29%28Symbiosis%29%28Kangaroo%29%28ST-Module%29.ym	8069
https://www.cpc-power.com/YM/X-treme%20Issue%201%20-%20Music%2030%20%281993%29%28Symbiosis%29%28Kangaroo%29%28ST-Module%29.ym	8069
https://www.cpc-power.com/YM/X-treme%20Issue%201%20-%20Music%2031%20%281993%29%28Symbiosis%29%28Kangaroo%29%28ST-Module%29.ym	8069
https://www.cpc-power.com/YM/X-treme%20Issue%202%20-%20Menu%20%281993%29%28Symbiosis%29%28Kangaroo%29%28ST-Module%29.ym	8070
https://www.cpc-power.com/YM/X-treme%20Issue%202%20-%20Music%201%20%281993%29%28Symbiosis%29%28Kangaroo%29%28ST-Module%29.ym	8070
https://www.cpc-power.com/YM/X-treme%20Issue%202%20-%20Music%202%20%281993%29%28Symbiosis%29%28Kangaroo%29%28ST-Module%29.ym	8070
https://www.cpc-power.com/YM/X-treme%20Issue%202%20-%20Music%203%20%281993%29%28Symbiosis%29%28Kangaroo%29%28ST-Module%29.ym	8070
https://www.cpc-power.com/YM/X-treme%20Issue%202%20-%20Music%204%20%281993%29%28Symbiosis%29%28Kangaroo%29%28ST-Module%29.ym	8070
https://www.cpc-power.com/YM/X-treme%20Issue%202%20-%20Music%205%20%281993%29%28Symbiosis%29%28Kangaroo%29%28ST-Module%29.ym	8070
https://www.cpc-power.com/YM/X-treme%20Issue%202%20-%20Music%206%20%281993%29%28Symbiosis%29%28Kangaroo%29%28ST-Module%29.ym	8070
https://www.cpc-power.com/YM/X-treme%20Issue%202%20-%20Music%207%20%281993%29%28Symbiosis%29%28Kangaroo%29%28ST-Module%29.ym	8070
https://www.cpc-power.com/YM/X-treme%20Issue%202%20-%20Music%208%20%281993%29%28Symbiosis%29%28Kangaroo%29%28ST-Module%29.ym	8070
https://www.cpc-power.com/YM/X-treme%20Issue%202%20-%20Music%209%20%281993%29%28Symbiosis%29%28Kangaroo%29%28ST-Module%29.ym	8070
https://www.cpc-power.com/YM/X-treme%20Issue%202%20-%20Music%2010%20%281993%29%28Symbiosis%29%28Kangaroo%29%28ST-Module%29.ym	8070
https://www.cpc-power.com/YM/X-treme%20Issue%202%20-%20Music%2011%20%281993%29%28Symbiosis%29%28Kangaroo%29%28ST-Module%29.ym	8070
https://www.cpc-power.com/YM/X-treme%20Issue%202%20-%20Music%2012%20%281993%29%28Symbiosis%29%28Kangaroo%29%28ST-Module%29.ym	8070
https://www.cpc-power.com/YM/X-treme%20Issue%202%20-%20Music%2013%20%281993%29%28Symbiosis%29%28Kangaroo%29%28ST-Module%29.ym	8070
https://www.cpc-power.com/YM/X-treme%20Issue%202%20-%20Music%2014%20%281993%29%28Symbiosis%29%28Kangaroo%29%28ST-Module%29.ym	8070
https://www.cpc-power.com/YM/X-treme%20Issue%202%20-%20Music%2015%20%281993%29%28Symbiosis%29%28Kangaroo%29%28ST-Module%29.ym	8070
https://www.cpc-power.com/YM/X-treme%20Issue%202%20-%20Music%2016%20%281993%29%28Symbiosis%29%28Kangaroo%29%28ST-Module%29.ym	8070
https://www.cpc-power.com/YM/X-treme%20Issue%202%20-%20Music%2017%20%281993%29%28Symbiosis%29%28Kangaroo%29%28ST-Module%29.ym	8070
https://www.cpc-power.com/YM/X-treme%20Issue%202%20-%20Music%2018%20%281993%29%28Symbiosis%29%28Kangaroo%29%28ST-Module%29.ym	8070
https://www.cpc-power.com/YM/X-treme%20Issue%202%20-%20Music%2019%20%281993%29%28Symbiosis%29%28Kangaroo%29%28ST-Module%29.ym	8070
https://www.cpc-power.com/YM/X-treme%20Issue%202%20-%20Music%2020%20%281993%29%28Symbiosis%29%28Kangaroo%29%28ST-Module%29.ym	8070
https://www.cpc-power.com/YM/X-treme%20Issue%202%20-%20Music%2021%20%281993%29%28Symbiosis%29%28Kangaroo%29%28ST-Module%29.ym	8070
https://www.cpc-power.com/YM/X-treme%20Issue%202%20-%20Music%2022%20%281993%29%28Symbiosis%29%28Kangaroo%29%28ST-Module%29.ym	8070
https://www.cpc-power.com/YM/X-treme%20Issue%202%20-%20Music%2023%20%281993%29%28Symbiosis%29%28Kangaroo%29%28ST-Module%29.ym	8070
https://www.cpc-power.com/YM/X-treme%20Issue%202%20-%20Music%2024%20%281993%29%28Symbiosis%29%28Kangaroo%29%28ST-Module%29.ym	8070
https://www.cpc-power.com/YM/X-treme%20Issue%202%20-%20Music%2025%20%281993%29%28Symbiosis%29%28Kangaroo%29%28ST-Module%29.ym	8070
https://www.cpc-power.com/YM/Only%20For%20Your%20Eyes%202%20Megademo%20-%20Bugs%20Part%20%281995%29%28Ast%20System%29%28Kangaroo%29%28ST-Module%29.ym	8075
https://www.cpc-power.com/YM/Only%20For%20Your%20Eyes%202%20Megademo%20-%20Cheat%20Part%20%281995%29%28Ast%20System%29%28ST-128%20Module%29.ym	8075
https://www.cpc-power.com/YM/Only%20For%20Your%20Eyes%202%20Megademo%20-%20Illusion%20%281995%29%28Ast%20System%29%28Eliot%29%28ST-128%20Module%29.ym	8075
https://www.cpc-power.com/YM/Only%20For%20Your%20Eyes%202%20Megademo%20-%20Intro%20%281995%29%28Ast%20System%29%28Eliot%29%28ST-128%20Module%29.ym	8075
https://www.cpc-power.com/YM/Only%20For%20Your%20Eyes%202%20Megademo%20-%20Menu%20%281995%29%28Ast%20System%29%28Ast%29%28ST-128%20Module%29.ym	8075
https://www.cpc-power.com/YM/Only%20For%20Your%20Eyes%202%20Megademo%20-%20No%20End%20%281995%29%28Ast%20System%29%28Eliot%29%28ST-128%20Module%29.ym	8075
https://www.cpc-power.com/YM/Only%20For%20Your%20Eyes%202%20Megademo%20-%20No%20Siren%201%20%281995%29%28Ast%20System%29%28Eliot%29%28ST-128%20Module%29.ym	8075
https://www.cpc-power.com/YM/Only%20For%20Your%20Eyes%202%20Megademo%20-%20No%20Siren%202%20%281995%29%28Ast%20System%29%28Ast%29%28ST-128%20Module%29.ym	8075
https://www.cpc-power.com/YM/Only%20For%20Your%20Eyes%202%20Megademo%20-%20Turn%20Disk%20%281995%29%28Ast%20System%29%28Eliot%29%28ST-128%20Module%29.ym	8075
https://www.cpc-power.com/YM/CRTC%20Music%201%20-%20Electro%20%281990%29%28Public%20Domain%29%28CRTC%29.ym	8088
https://www.cpc-power.com/YM/CRTC%20Music%201%20-%20Platinum%20Airbone%20%281990%29%28Public%20Domain%29%28CRTC%29.ym	8088
https://www.cpc-power.com/YM/Flying%20Ghostwriter%20%281993%29%28OdieSoft%29%28Kangaroo%29%28ST-Module%29.ym	8091
https://www.cpc-power.com/YM/The%20Revenge%20of%20DSM%20%28Antitec%20of%20Benediction%20%26%20Dirty%20Mind%29%28ST-128%20Module%29.ym	8098
https://www.cpc-power.com/YM/Overload%27s%20Revenge%20Preview%201.3%20%281992%29%28HJT%29%28ST-Module%29.ym	8099
https://www.cpc-power.com/YM/Optix%202%20%282001%29%28Flower%20Corp%29%28Shap%29%28ST-128%20Module%29.ym	8118
https://www.cpc-power.com/YM/European%20Megademo%20Advert%20%281995%29%28Benediction%29%28Eliot%29%28ST-128%20Module%29.ym	8119
https://www.cpc-power.com/YM/TGM%20Megaschlecht%201%20-%20Intro%20%2819xx%29%28BSP%29%28Basic%29.ym	8121
https://www.cpc-power.com/YM/TGM%20Megaschlecht%201%20-%20The%20End%20%2819xx%29%28BSP%29%28Basic%29.ym	8121
https://www.cpc-power.com/YM/Merry%20Xmas%2093%20%281993%29%28TGS%29%28ST-128%20Module%29.ym	8123
https://www.cpc-power.com/YM/Michael%20Stevenson%201%20-%20Matze%27s%20Demo%20%2819xx%29%28Public%20Domain%29%28ST-128%20Module%29.ym	8131
https://www.cpc-power.com/YM/Digital%20Press%20Issue%202%20-%20Music%201%20%281995%29%28HJT%29%28Kangaroo%29%28ST-128%20Module%29.ym	8146
https://www.cpc-power.com/YM/Digital%20Press%20Issue%202%20-%20Music%202%20%281995%29%28HJT%29%28Kangaroo%29%28ST-128%20Module%29.ym	8146
https://www.cpc-power.com/YM/Digital%20Press%20Issue%202%20-%20Music%203%20%281995%29%28HJT%29%28Kangaroo%29%28ST-128%20Module%29.ym	8146
https://www.cpc-power.com/YM/Digital%20Press%20Issue%203%20ADS%20%281997%29%28Benediction%29%28Eliot%29%28ST-128%20Module%29.ym	8147
https://www.cpc-power.com/YM/Digital%20Press%20Issue%203%20AFC%20%281997%29%28Benediction%29%28ADS%29%28ST-128%20Module%29.ym	8147
https://www.cpc-power.com/YM/Digital%20Press%20Issue%203%20ASM%201%20%281997%29%28Benediction%29%28Kerialtan%29%28ST-128%20Module%29.ym	8147
https://www.cpc-power.com/YM/Digital%20Press%20Issue%203%20ASM%202%20%281997%29%28Benediction%29%28Eliot%29%28ST-128%20Module%29.ym	8147
https://www.cpc-power.com/YM/Digital%20Press%20Issue%203%20Basic%20%281997%29%28Benediction%29%28Eliot%29%28ST-128%20Module%29.ym	8147
https://www.cpc-power.com/YM/Digital%20Press%20Issue%203%20Bottin%201%20%281997%29%28Benediction%29%28Greg%29%28ST-128%20Module%29.ym	8147
https://www.cpc-power.com/YM/Digital%20Press%20Issue%203%20Bottin%202%20%281997%29%28Benediction%29%28ADS%29%28ST-128%20Module%29.ym	8147
https://www.cpc-power.com/YM/Digital%20Press%20Issue%203%20Byte%2096%20%281997%29%28Benediction%29%28Alain%20Massoumipour%29%28ST-128%20Module%29.ym	8147
https://www.cpc-power.com/YM/Digital%20Press%20Issue%203%20Demos%20%281997%29%28Benediction%29%28Eliot%29%28ST-128%20Module%29.ym	8147
https://www.cpc-power.com/YM/Digital%20Press%20Issue%203%20Edito%20%281997%29%28Benediction%29%28Eliot%29%28ST-128%20Module%29.ym	8147
https://www.cpc-power.com/YM/Digital%20Press%20Issue%203%20Fanzine%20%281997%29%28Benediction%29%28Eliot%29%28ST-128%20Module%29.ym	8147
https://www.cpc-power.com/YM/Digital%20Press%20Issue%203%20History%20%281997%29%28Benediction%29%28Antitec%29%28ST-128%20Module%29.ym	8147
https://www.cpc-power.com/YM/Digital%20Press%20Issue%203%20Impress%20%281997%29%28Benediction%29%28Kangaroo%29%28ST-128%20Module%29.ym	8147
https://www.cpc-power.com/YM/Digital%20Press%20Issue%203%20Inicron%20%281997%29%28Benediction%29%28Greg%29%28ST-128%20Module%29.ym	8147
https://www.cpc-power.com/YM/Digital%20Press%20Issue%203%20Intro%20%281997%29%28Benediction%29%28Eliot%29%28ST-128%20Module%29.ym	8147
https://www.cpc-power.com/YM/Digital%20Press%20Issue%203%20Jabber%20%281997%29%28Benediction%29%28Kangaroo%29%28ST-128%20Module%29.ym	8147
https://www.cpc-power.com/YM/Digital%20Press%20Issue%203%20Net%20%281997%29%28Benediction%29%28ADS%29%28ST-128%20Module%29.ym	8147
https://www.cpc-power.com/YM/Digital%20Press%20Issue%203%20News%20%281997%29%28Benediction%29%28ADS%29%28ST-128%20Module%29.ym	8147
https://www.cpc-power.com/YM/Digital%20Press%20Issue%203%20OVL%20%281997%29%28Benediction%29%28Eliot%29%28ST-128%20Module%29.ym	8147
https://www.cpc-power.com/YM/Digital%20Press%20Issue%203%20Previews%20%281997%29%28Benediction%29%28Greg%29%28ST-128%20Module%29.ym	8147
https://www.cpc-power.com/YM/Digital%20Press%20Issue%203%20Seb%20%281997%29%28Benediction%29%28TVL%29%28ST-128%20Module%29.ym	8147
https://www.cpc-power.com/YM/Digital%20Press%20Issue%203%20Shap%20%281997%29%28Benediction%29%28Eliot%29%28ST-128%20Module%29.ym	8147
https://www.cpc-power.com/YM/Digital%20Press%20Issue%203%20Stream%202%20%281997%29%28Benediction%29%28Kerialtan%29%28ST-128%20Module%29.ym	8147
https://www.cpc-power.com/YM/Digital%20Press%20Issue%203%20Teams%20%281997%29%28Benediction%29%28Greg%29%28ST-128%20Module%29.ym	8147
https://www.cpc-power.com/YM/Digital%20Press%20Issue%203%20Tools%20%281997%29%28Benediction%29%28Eliot%29%28ST-128%20Module%29.ym	8147
https://www.cpc-power.com/YM/Digital%20Press%20Issue%203%20Wizcat%20%281997%29%28Benediction%29%28TVL%29%28ST-128%20Module%29.ym	8147
https://www.cpc-power.com/YM/Micro%20Mag%20%26%20Press%20Fire%20Issue%207%20Bricolage%20%281993%29%28MMPF%29.ym	8150
https://www.cpc-power.com/YM/Micro%20Mag%20%26%20Press%20Fire%20Issue%207%20Editorial%20%281993%29%28MMPF%29%28ST-Module%29.ym	8150
https://www.cpc-power.com/YM/Micro%20Mag%20%26%20Press%20Fire%20Issue%207%20Fanzines%20%281993%29%28MMPF%29.ym	8150
https://www.cpc-power.com/YM/Micro%20Mag%20%26%20Press%20Fire%20Issue%207%20Game%20Test%20%281993%29%28MMPF%29.ym	8150
https://www.cpc-power.com/YM/Micro%20Mag%20%26%20Press%20Fire%20Issue%207%20Help%20%281993%29%28MMPF%29%28Kangaroo%29%28ST-Module%29.ym	8150
https://www.cpc-power.com/YM/Micro%20Mag%20%26%20Press%20Fire%20Issue%207%20Menu%20%281993%29%28MMPF%29%28COSO%29.ym	8150
https://www.cpc-power.com/YM/Micro%20Mag%20%26%20Press%20Fire%20Issue%207%20Menu%20B%20Music%201%20%281993%29%28MMPF%29.ym	8150
https://www.cpc-power.com/YM/Micro%20Mag%20%26%20Press%20Fire%20Issue%207%20Menu%20B%20Music%202%20%281993%29%28MMPF%29.ym	8150
https://www.cpc-power.com/YM/Micro%20Mag%20%26%20Press%20Fire%20Issue%207%20Menu%20B%20Music%203%20%281993%29%28MMPF%29.ym	8150
https://www.cpc-power.com/YM/Micro%20Mag%20%26%20Press%20Fire%20Issue%207%20Turn%20Disk%20%281993%29%28MMPF%29%28ST-Module%29.ym	8150
https://www.cpc-power.com/YM/Mega%20Party%2092%20-%20GluggerScroll%20%281992%29%28Public%20Domain%29%28Beta%20Soft%20Cologne%29%28ST-Module%29.ym	8152
https://www.cpc-power.com/YM/Mega%20Party%2092%20-%20Menu%20%281992%29%28Public%20Domain%29%28Beta%20Soft%20Cologne%29%28ST-Module%29.ym	8152
https://www.cpc-power.com/YM/Mega%20Party%2092%20-%20Smiling%20Slash%20%281992%29%28Public%20Domain%29%28Beta%20Soft%20Cologne%29%28ST-Module%29.ym	8152
https://www.cpc-power.com/YM/Mega%20Party%2092%20-%20Swiming%27%20Snake%20%281992%29%28Public%20Domain%29%28Face%20Hugger%29%28ST-Module%29.ym	8152
https://www.cpc-power.com/YM/Generation%20CPC%20Issue%201%20-%20BlaBla%20%281990%29%28Public%20Domain%29%28Music%20Pro%29.ym	8155
https://www.cpc-power.com/YM/Generation%20CPC%20Issue%201%20-%20Tests%20%281990%29%28Public%20Domain%29%28LBC%29%28Music%20Pro%29.ym	8155
https://www.cpc-power.com/YM/Generation%20CPC%20Issue%202%20-%20Edito%20%281990%29%28Public%20Domain%29%28Music%20Pro%29.ym	8156
https://www.cpc-power.com/YM/Generation%20CPC%20Issue%202%20-%20Pub%20%281990%29%28Public%20Domain%29%28LBC%29%28Music%20Pro%29.ym	8156
https://www.cpc-power.com/YM/Generation%20CPC%20Issue%202%20-%20Tests%20%281990%29%28Public%20Domain%29%28Bunny%29%28Music%20Pro%29.ym	8156
https://www.cpc-power.com/YM/Generation%20CPC%20Issue%202%20-%20Tests%202%20%281990%29%28Public%20Domain%29%28Bunny%29%28Music%20Pro%29.ym	8156
https://www.cpc-power.com/YM/Why%20Not%20Part%201%20%281994%29%28NPS%20-%20Beng%20-%20Pot%20De%20Call%20-%20AST%20System%29%28Kangaroo%29%28ST-128%20Module%29.ym	8159
https://www.cpc-power.com/YM/Why%20Not%20Part%202%20%281994%29%28NPS%20-%20Beng%20-%20Pot%20De%20Call%20-%20AST%20System%29%28Kangaroo%29%28ST-128%20Module%29.ym	8159
https://www.cpc-power.com/YM/Genesis%201-2%20%2819xx%29%28Public%20Domain%29%28ST-Module%29.ym	8166
https://www.cpc-power.com/YM/Genesis%202-2%20%2819xx%29%28Public%20Domain%29%28ST-Module%29.ym	8166
https://www.cpc-power.com/YM/Psychotik%20%2819xx%29%28Da%20Boxon%20Team%29%28ST-128%20Module%29.ym	8167
https://www.cpc-power.com/YM/Magic%201-3%20%281993%29%28TGS%29%28ST-Module%29.ym	8168
https://www.cpc-power.com/YM/Magic%202-3%20%281993%29%28TGS%29%28ST-Module%29.ym	8168
https://www.cpc-power.com/YM/Magic%203-3%20%281993%29%28TGS%29%28ST-128%20Module%29.ym	8168
https://www.cpc-power.com/YM/Dedicated%20to%20Thriller%20%28199x%29%28Beng%29%28Kangaroo%29%28ST-Module%29.ym	8169
https://www.cpc-power.com/YM/Ghoul%27s%20Fanz%204%20Intro%20%281996%29%28Condense%29%28ST-128%20Module%29.ym	8173
https://www.cpc-power.com/YM/Ghoul%27s%20Fanz%204%20Menu%20%281996%29%28Condense%29%28ST-128%20Module%29.ym	8173
https://www.cpc-power.com/YM/Soundtracker%20128Kb%20Intro%20%281993%29%28TGS%29%28ST-128%20Module%29.ym	8175
https://www.cpc-power.com/YM/Eurostrad%20Advert%20%2819xx%29%28POW%21%29%28ST-Module%29.ym	8179
https://www.cpc-power.com/YM/Space%20Demo%201%20%281989%29%28Elmsoft%20Game%20Service%29.ym	8186
https://www.cpc-power.com/YM/Chain%20Demo%20%281991%29%28Elmsoft%20Game%20Service%29%28Elmar%20Krieger%29.ym	8188
https://www.cpc-power.com/YM/Guten%20Tag%21%201%20%281995%29%28The%20Amazing%20Group%29%28ST-Module%29.ym	8189
https://www.cpc-power.com/YM/Guten%20Tag%21%202%20-%20Music%201%20%281996%29%28The%20Amazing%20Group%29%28ST-128%20Module%29.ym	8190
https://www.cpc-power.com/YM/Guten%20Tag%21%202%20-%20Music%202%20%281996%29%28The%20Amazing%20Group%29%28ST-128%20Module%29.ym	8190
https://www.cpc-power.com/YM/Guten%20Tag%21%203%20-%20Intro%20Music%20%281996%29%28The%20Amazing%20Group%29%28Electric%20Monk%29%28ST-128%20Module%29.ym	8191
https://www.cpc-power.com/YM/Guten%20Tag%21%203%20-%20Music%201%20%281996%29%28The%20Amazing%20Group%29%28Kangaroo%29%28ST-Module%29.ym	8191
https://www.cpc-power.com/YM/Guten%20Tag%21%203%20-%20Music%202%20%281996%29%28The%20Amazing%20Group%29%28Kangaroo%29%28ST-Module%29.ym	8191
https://www.cpc-power.com/YM/Guten%20Tag%21%204%20-%20Music%201%20%281996%29%28The%20Amazing%20Group%29%28Kangaroo%29%28ST-Module%29.ym	8192
https://www.cpc-power.com/YM/Guten%20Tag%21%204%20-%20Music%202%20%281996%29%28The%20Amazing%20Group%29%28Kangaroo%29%28ST-Module%29.ym	8192
https://www.cpc-power.com/YM/Guten%20Tag%21%205%20-%20Music%201%20%281997%29%28The%20Amazing%20Group%29%28Kangaroo%29%28ST-Module%29.ym	8193
https://www.cpc-power.com/YM/Guten%20Tag%21%205%20-%20Music%202%20%281997%29%28The%20Amazing%20Group%29%28Kangaroo%29%28ST-Module%29.ym	8193
https://www.cpc-power.com/YM/Guten%20Tag%21%206%20-%20Music%201%20%281997%29%28The%20Amazing%20Group%29%28Kangaroo%29%28ST-Module%29.ym	8194
https://www.cpc-power.com/YM/Guten%20Tag%21%206%20-%20Music%202%20%281997%29%28The%20Amazing%20Group%29%28Kangaroo%29%28ST-Module%29.ym	8194
https://www.cpc-power.com/YM/Guten%20Tag%21%206.5%20-%20Music%201%20%281997%29%28The%20Amazing%20Group%29%28Kangaroo%29%28ST-Module%29.ym	8195
https://www.cpc-power.com/YM/NibouCkyba%20%281997%29%28Da%20Boxon%20Team%29%28ST-128%20Module%29.ym	8196
https://www.cpc-power.com/YM/Carambar%20%282000%29%28Mortel%29%28Greg%29%28ST-128%20Module%29.ym	8197
https://www.cpc-power.com/YM/Boxon%203%20Delire%20%282001%29%28Da%20Boxon%20Team%29%28ST%20Module%29.ym	8198
https://www.cpc-power.com/YM/Boxon%203%20Demos%20%282001%29%28Da%20Boxon%20Team%29%28ST-128%20Module%29.ym	8198
https://www.cpc-power.com/YM/Boxon%203%20Edito%20%282001%29%28Da%20Boxon%20Team%29%28ST-128%20Module%29.ym	8198
https://www.cpc-power.com/YM/Boxon%203%20Electronique%20%282001%29%28Da%20Boxon%20Team%29%28ST-128%20Module%29.ym	8198
https://www.cpc-power.com/YM/Boxon%203%20Emulateur%20%282001%29%28Da%20Boxon%20Team%29%28ST-128%20Module%29.ym	8198
https://www.cpc-power.com/YM/Boxon%203%20End%20%282001%29%28Da%20Boxon%20Team%29%28ST-128%20Module%29.ym	8198
https://www.cpc-power.com/YM/Boxon%203%20Fanzine%20%282001%29%28Da%20Boxon%20Team%29%28ST-128%20Module%29.ym	8198
https://www.cpc-power.com/YM/Boxon%203%20Infos%20%282001%29%28Da%20Boxon%20Team%29%28ST-128%20Module%29.ym	8198
https://www.cpc-power.com/YM/Boxon%203%20Meeting%20%282001%29%28Da%20Boxon%20Team%29.ym	8198
https://www.cpc-power.com/YM/Boxon%203%20Menu%20%282001%29%28Da%20Boxon%20Team%29%28ST-128%20Module%29.ym	8198
https://www.cpc-power.com/YM/Boxon%203%20Menu%20B%20%282001%29%28Da%20Boxon%20Team%29%28ST-128%20Module%29.ym	8198
https://www.cpc-power.com/YM/Boxon%203%20Sondage%20%282001%29%28Da%20Boxon%20Team%29%28ST-128%20Module%29.ym	8198
https://www.cpc-power.com/YM/Boxon%203%20Team%20%282001%29%28Da%20Boxon%20Team%29%28ST-128%20Module%29.ym	8198
https://www.cpc-power.com/YM/Boxon%203%20Turn%20Disk%20%282001%29%28Da%20Boxon%20Team%29%28JPM%20Trax%29%28ST%20Module%29.ym	8198
https://www.cpc-power.com/YM/Gpa%201%20%281989%29%28GPA%29%28Psyclos%20and%20Sharky%29%28Music%20Pro%29.ym	8204
https://www.cpc-power.com/YM/Micro%20Girl%207%20-%20Special%20Equipe%20-%20Intro%20-%20La%20Truite%20de%20Schubert%20%281989%29%28Les%20Corons%20Gangs%29%28Basic%29.ym	8220
https://www.cpc-power.com/YM/6%20Years%20Of%20CPCRulez%20%282008%29%28CPCRulez%29.ym	8221
https://www.cpc-power.com/YM/Ovation%206%20Preview%20%282001%29%28Dirty%20Minds%29%28Antitec%29%28ST-128%20Module%29.ym	8225
https://www.cpc-power.com/YM/Bordelik%20Meeting%204%20Addy%20%281995%29%28Arkos%29%28BSC%29%28ST-Module%29.ym	8226
https://www.cpc-power.com/YM/Audio%20Illusions%20-%2001%20-%20Logo%20%281996%29%28Systeme%20D%29%28Frequency%29%28ST-Module%29.ym	8227
https://www.cpc-power.com/YM/Audio%20Illusions%20-%2002%20-%20Intro%20%281996%29%28Systeme%20D%29%28Frequency%29%28ST-Module%29.ym	8227
https://www.cpc-power.com/YM/Audio%20Illusions%20-%2003%20-%20Scrolling%20%281996%29%28Systeme%20D%29%28Frequency%29%28ST-Module%29.ym	8227
https://www.cpc-power.com/YM/Audio%20Illusions%20-%2004%20-%20Audio%20Illusions%20%281996%29%28Systeme%20D%29%28Frequency%29%28ST-Module%29.ym	8227
https://www.cpc-power.com/YM/Audio%20Illusions%20-%2005%20-%20Bendy%20%281996%29%28Systeme%20D%29%28Frequency%29%28ST-Module%29.ym	8227
https://www.cpc-power.com/YM/Audio%20Illusions%20-%2006%20-%20Bubble%20%281996%29%28Systeme%20D%29%28Frequency%29%28ST-Module%29.ym	8227
https://www.cpc-power.com/YM/Audio%20Illusions%20-%2007%20-%20Cheery%20%281996%29%28Systeme%20D%29%28Frequency%29%28ST-Module%29.ym	8227
https://www.cpc-power.com/YM/Audio%20Illusions%20-%2008%20-%20Crystal%20Cracked%20%281996%29%28Systeme%20D%29%28Frequency%29%28ST-Module%29.ym	8227
https://www.cpc-power.com/YM/Audio%20Illusions%20-%2009%20-%20Danger%20%281996%29%28Systeme%20D%29%28Frequency%29%28ST-Module%29.ym	8227
https://www.cpc-power.com/YM/Audio%20Illusions%20-%2010%20-%20Disco%20%281996%29%28Systeme%20D%29%28Frequency%29%28ST-Module%29.ym	8227
https://www.cpc-power.com/YM/Audio%20Illusions%20-%2011%20-%20Dreams%20%281996%29%28Systeme%20D%29%28Frequency%29%28ST-Module%29.ym	8227
https://www.cpc-power.com/YM/Audio%20Illusions%20-%2012%20-%20Electro%20%281996%29%28Systeme%20D%29%28Frequency%29%28ST-Module%29.ym	8227
https://www.cpc-power.com/YM/Audio%20Illusions%20-%2013%20-%20Frequency%20%281996%29%28Systeme%20D%29%28Frequency%29%28ST-Module%29.ym	8227
https://www.cpc-power.com/YM/Audio%20Illusions%20-%2014%20-%20Fun%20Track%20%281996%29%28Systeme%20D%29%28Frequency%29%28ST-Module%29.ym	8227
https://www.cpc-power.com/YM/Audio%20Illusions%20-%2015%20-%20Fun%20Track%202%20%281996%29%28Systeme%20D%29%28Frequency%29%28ST-Module%29.ym	8227
https://www.cpc-power.com/YM/Audio%20Illusions%20-%2016%20-%20Hardware%20FX%20%281996%29%28Systeme%20D%29%28Frequency%29%28ST-Module%29.ym	8227
https://www.cpc-power.com/YM/Audio%20Illusions%20-%2017%20-%20Hardware%20FX%20II%20%281996%29%28Systeme%20D%29%28Frequency%29%28ST-Module%29.ym	8227
https://www.cpc-power.com/YM/Audio%20Illusions%20-%2018%20-%20Illusions%20%281996%29%28Systeme%20D%29%28Frequency%29%28ST-Module%29.ym	8227
https://www.cpc-power.com/YM/Audio%20Illusions%20-%2019%20-%20Jingle%20Bells%20%281996%29%28Systeme%20D%29%28Frequency%29%28ST-Module%29.ym	8227
https://www.cpc-power.com/YM/Audio%20Illusions%20-%2020%20-%20Melodical%20%281996%29%28Systeme%20D%29%28Frequency%29%28ST-Module%29.ym	8227
https://www.cpc-power.com/YM/Audio%20Illusions%20-%2021%20-%20Noom%20Intro%20%281996%29%28Systeme%20D%29%28Frequency%29%28ST-Module%29.ym	8227
https://www.cpc-power.com/YM/Audio%20Illusions%20-%2022%20-%20P.P.I.%20%281996%29%28Systeme%20D%29%28Frequency%29%28ST-Module%29.ym	8227
https://www.cpc-power.com/YM/Audio%20Illusions%20-%2023%20-%20Silicon%20Pop%20%281996%29%28Systeme%20D%29%28Frequency%29%28ST-Module%29.ym	8227
https://www.cpc-power.com/YM/Audio%20Illusions%20-%2024%20-%20Softy%20%281996%29%28Systeme%20D%29%28Frequency%29%28ST-Module%29.ym	8227
https://www.cpc-power.com/YM/Audio%20Illusions%20-%2025%20-%20Sound%20Effects%20%281996%29%28Systeme%20D%29%28Frequency%29%28ST-Module%29.ym	8227
https://www.cpc-power.com/YM/Audio%20Illusions%20-%2026%20-%20Tetris%20%281996%29%28Systeme%20D%29%28Frequency%29%28ST-Module%29.ym	8227
https://www.cpc-power.com/YM/Audio%20Illusions%20-%2027%20-%20Travelling%20%281996%29%28Systeme%20D%29%28Frequency%29%28ST-Module%29.ym	8227
https://www.cpc-power.com/YM/Audio%20Illusions%20-%2028%20-%20Worlds%20%281996%29%28Systeme%20D%29%28Frequency%29%28ST-Module%29.ym	8227
https://www.cpc-power.com/YM/Audio%20Illusions%20-%2029%20-%20Three%20in%20One%20%281996%29%28Systeme%20D%29%28Frequency%29%28ST-Module%29.ym	8227
https://www.cpc-power.com/YM/Audio%20Illusions%20-%2030%20-%20Exit%20%281996%29%28Systeme%20D%29%28Frequency%29%28ST-Module%29.ym	8227
https://www.cpc-power.com/YM/Audio%20Illusions%20-%2031%20-%20Musical%20Worlds%20Menu%20%281996%29%28Systeme%20D%29%28Frequency%29%28ST-Module%29.ym	8227
https://www.cpc-power.com/YM/Audio%20Illusions%20-%2032%20-%20Sci-Fi%20World%201%20%281996%29%28Systeme%20D%29%28Frequency%29%28ST-Module%29.ym	8227
https://www.cpc-power.com/YM/Audio%20Illusions%20-%2033%20-%20Sci-Fi%20World%202%20%281996%29%28Systeme%20D%29%28Frequency%29%28ST-Module%29.ym	8227
https://www.cpc-power.com/YM/Audio%20Illusions%20-%2034%20-%20West%20World%20%281996%29%28Systeme%20D%29%28Frequency%29%28ST-Module%29.ym	8227
https://www.cpc-power.com/YM/Audio%20Illusions%20-%2035%20-%20Computer%20World%20%281996%29%28Systeme%20D%29%28Frequency%29%28ST-Module%29.ym	8227
https://www.cpc-power.com/YM/Audio%20Illusions%20-%2036%20-%20Musical%20World%20%281996%29%28Systeme%20D%29%28Frequency%29%28ST-Module%29.ym	8227
https://www.cpc-power.com/YM/Audio%20Illusions%20-%2037%20-%20Last%20Part%20%281996%29%28Systeme%20D%29%28Frequency%29%28ST-Module%29.ym	8227
https://www.cpc-power.com/YM/Audio%20Illusions%20-%2038%20-%20Advance%20Chip%20Shop%20Simulator%20%281996%29%28Systeme%20D%29%28Frequency%29%28ST-Module%29.ym	8227
https://www.cpc-power.com/YM/Audio%20Illusions%20-%2039%20-%20Agent%20XII%20%281996%29%28Systeme%20D%29%28Frequency%29%28ST-Module%29.ym	8227
https://www.cpc-power.com/YM/Audio%20Illusions%20-%2040%20-%20Dizzy%20Original%20%281996%29%28Systeme%20D%29%28Frequency%29%28ST-Module%29.ym	8227
https://www.cpc-power.com/YM/Audio%20Illusions%20-%2041%20-%20Lemmings%20Level%20%281996%29%28Systeme%20D%29%28Frequency%29%28ST-Module%29.ym	8227
https://www.cpc-power.com/YM/Audio%20Illusions%20-%2042%20-%20Magnetic%20Fields%202%20%281996%29%28Systeme%20D%29%28Frequency%29%28ST-Module%29.ym	8227
https://www.cpc-power.com/YM/Audio%20Illusions%20-%2043%20-%20Oxygene%204%20%281996%29%28Systeme%20D%29%28Frequency%29%28ST-Module%29.ym	8227
https://www.cpc-power.com/YM/Audio%20Illusions%20-%2044%20-%20Space%20Harrier%20%281996%29%28Systeme%20D%29%28Frequency%29%28ST-Module%29.ym	8227
https://www.cpc-power.com/YM/Audio%20Illusions%20-%2045%20-%20The%20End%20%281996%29%28Systeme%20D%29%28Frequency%29%28ST-Module%29.ym	8227
https://www.cpc-power.com/YM/Audio%20Illusions%20-%2046%20-%20Copyright%20%281996%29%28Systeme%20D%29%28Frequency%29%28ST-Module%29.ym	8227
https://www.cpc-power.com/YM/Bad%20Mag%20Issue%201%20-%20Menu%201%20%281992%29%28Beng%21%29%28Crown%29%28ST-Module%29.ym	8243
https://www.cpc-power.com/YM/Bad%20Mag%20Issue%201%20-%20Menu%202%20%281992%29%28Beng%21%29%28Crown%29%28ST-Module%29.ym	8243
https://www.cpc-power.com/YM/Bad%20Mag%20Issue%202.1%20-%20Music%20A%20%281993%29%28Beng%29%28ST-Module%29.ym	8244
https://www.cpc-power.com/YM/Bad%20Mag%20Issue%202.1%20-%20Music%20B%20%281993%29%28Beng%29%28ST-Module%29.ym	8244
https://www.cpc-power.com/YM/Bad%20Mag%20Issue%202.1%20-%20Music%20C%20%281993%29%28Beng%29%28ST-Module%29.ym	8244
https://www.cpc-power.com/YM/Bad%20Mag%20Issue%202.1%20-%20Music%20D%20%281993%29%28Beng%29%28ST-Module%29.ym	8244
https://www.cpc-power.com/YM/Bad%20Mag%20Issue%202.1%20-%20Music%20E%20%281993%29%28Beng%29%28ST-Module%29.ym	8244
https://www.cpc-power.com/YM/Bad%20Mag%20Issue%202.1%20-%20Music%20F%20%281993%29%28Beng%29%28ST-Module%29.ym	8244
https://www.cpc-power.com/YM/Bad%20Mag%20Issue%202.1%20-%20Music%20G%20%281993%29%28Beng%29%28ST-Module%29.ym	8244
https://www.cpc-power.com/YM/Bad%20Mag%20Issue%202.1%20-%20Music%20H%20%281993%29%28Beng%29%28ST-Module%29.ym	8244
https://www.cpc-power.com/YM/Bad%20Mag%20Issue%202.1%20-%20Music%20I%20%281993%29%28Beng%29%28ST-Module%29.ym	8244
https://www.cpc-power.com/YM/Bad%20Mag%20Issue%202.1%20-%20Music%20J%20%281993%29%28Beng%29%28ST-Module%29.ym	8244
https://www.cpc-power.com/YM/Bad%20Mag%20Issue%202.1%20-%20Music%20K%20%281993%29%28Beng%29%28ST-Module%29.ym	8244
https://www.cpc-power.com/YM/Bad%20Mag%20Issue%202.1%20-%20Music%20L%20%281993%29%28Beng%29%28ST-Module%29.ym	8244
https://www.cpc-power.com/YM/Donut%20Mag%20Issue%201%20-%20Intro%20%281995%29%28Donut%20System%29%28ST-Module%29.ym	8247
https://www.cpc-power.com/YM/Donut%20Mag%20Issue%202%20-%20Deng%20Pi%20%281996%29%28Donut%20System%29%28Beta%20Soft%20Cologne%29%28ST-Module%29.ym	8248
https://www.cpc-power.com/YM/Donut%20Mag%20Issue%202%20-%20Intro%20%281996%29%28Donut%20System%29%28ST-Module%29.ym	8248
https://www.cpc-power.com/YM/Donut%20Mag%20Issue%202%20-%20Music%201%20%281996%29%28Donut%20System%29%28Kangaroo%29%28ST-Module%29.ym	8248
https://www.cpc-power.com/YM/Chany%20Dream%201%20%2819xx%29%28NPS%29.ym	8253
https://www.cpc-power.com/YM/Chany%20Dream%202%20%281993%29%28NPS%29.ym	8254
https://www.cpc-power.com/YM/Chany%20Dream%203%20%28199x%29%28NPS%29.ym	8255
https://www.cpc-power.com/YM/Chany%20Dream%203%20-%20Part%201%20%28199x%29%28NPS%29.ym	8255
https://www.cpc-power.com/YM/Chany%20Dream%203%20Part%202%20%28199x%29%28NPS%29.ym	8255
https://www.cpc-power.com/YM/Chany%20Dream%203%20Cheat%20Part%20%28199x%29%28NPS%29.ym	8255
https://www.cpc-power.com/YM/Chany%20Dream%204%20Cheat%20Part%202%20%28199x%29%28NPS%29.ym	8256
https://www.cpc-power.com/YM/Chany%20Dream%204%20Cheat%20Part%203%20%28199x%29%28NPS%29.ym	8256
https://www.cpc-power.com/YM/Chany%20Dream%204%20Part%201%20%28199x%29%28NPS%29.ym	8256
https://www.cpc-power.com/YM/Chany%20Dream%205%20%28199x%29%28NPS%29.ym	8257
https://www.cpc-power.com/YM/Chany%20Dream%206%20Part%202%20%28199x%29%28NPS%29.ym	8258
https://www.cpc-power.com/YM/Chany%20Dream%20End%20Cheat%20Part%201%20%281998%29%28NPS%29%28ST-Module%29.ym	8259
https://www.cpc-power.com/YM/Chany%20Dream%20End%20Part%202%20%281998%29%28NPS%29%28ST-128%20Module%29.ym	8259
https://www.cpc-power.com/YM/Chany%20Dream%20End%20Part%203%20%281998%29%28NPS%29%28ST-128%20Module%29.ym	8259
https://www.cpc-power.com/YM/Chany%20Dream%20End%20Part%204%20%281998%29%28NPS%29%28ST-128%20Module%29.ym	8259
https://www.cpc-power.com/YM/Chany%20Dream%20End%20Part%205%20%281998%29%28NPS%29%28ST-128%20Module%29.ym	8259
https://www.cpc-power.com/YM/Chany%20Dream%20End%20Part%206%20%281998%29%28NPS%29%28ST-128%20Module%29.ym	8259
https://www.cpc-power.com/YM/Chany%20Dream%20End%20Part%207%20%281998%29%28NPS%29%28ST-128%20Module%29.ym	8259
https://www.cpc-power.com/YM/Chany%20Dream%20End%20Part%208%20%281998%29%28NPS%29%28Duffy%29%28Music%20Pro%29.ym	8259
https://www.cpc-power.com/YM/Chany%20Dream%20End%20Part%209%20%281998%29%28NPS%29%28ST-128%20Module%29.ym	8259
https://www.cpc-power.com/YM/Chany%20Dream%20End%20Part%2010%20%281998%29%28NPS%29%28ST-Module%29.ym	8259
https://www.cpc-power.com/YM/Chany%20Dream%20End%20Part%2011%20%281998%29%28NPS%29%28ST-Module%29.ym	8259
https://www.cpc-power.com/YM/Chany%20Dream%20End%20Part%2012%20%281998%29%28NPS%29%28ST-Module%29.ym	8259
https://www.cpc-power.com/YM/Chany%20Dream%20End%20Sorry%20Part%20%281998%29%28NPS%29.ym	8259
https://www.cpc-power.com/YM/Dracula%20Fanz%20Issue%205%20-%20Actus%20%281995%29%28Dracula%20Fanz%20Team%29%28Beta%20Soft%20Cologne%29%28ST-128%20Module%29.ym	8271
https://www.cpc-power.com/YM/Dracula%20Fanz%20Issue%205%20-%20Bugs%20Meeting%20%281995%29%28Dracula%20Fanz%20Team%29%28ST-128%20Module%29.ym	8271
https://www.cpc-power.com/YM/Dracula%20Fanz%20Issue%205%20-%20Cours%20ASM%20%281995%29%28Dracula%20Fanz%20Team%29%28Beta%20Soft%20Cologne%29%28ST-128%20Module%29.ym	8271
https://www.cpc-power.com/YM/Dracula%20Fanz%20Issue%205%20-%20Credits%20%281995%29%28Dracula%20Fanz%20Team%29%28Joy%29.ym	8271
https://www.cpc-power.com/YM/Dracula%20Fanz%20Issue%205%20-%20Credits%20Cheat%20Part%20%281995%29%28Dracula%20Fanz%20Team%29%28ST-128%20Module%29.ym	8271
https://www.cpc-power.com/YM/Dracula%20Fanz%20Issue%205%20-%20Demo%20Test%20%281995%29%28Dracula%20Fanz%20Team%29%28Greg%29%28ST-128%20Module%29.ym	8271
https://www.cpc-power.com/YM/Dracula%20Fanz%20Issue%205%20-%20Edito%20%281995%29%28Dracula%20Fanz%20Team%29%28ST-128%20Module%29.ym	8271
https://www.cpc-power.com/YM/Dracula%20Fanz%20Issue%205%20-%20End%20Part%20%281995%29%28Dracula%20Fanz%20Team%29%28Ast%29%28ST-128%20Module%29.ym	8271
https://www.cpc-power.com/YM/Dracula%20Fanz%20Issue%205%20-%20Entrevue%20%281995%29%28Dracula%20Fanz%20Team%29%28Tom%20%26%20Jerry%20of%20GPA%29%28ST-Module%29.ym	8271
https://www.cpc-power.com/YM/Dracula%20Fanz%20Issue%205%20-%20Freedelire%20Extended%20Cheat%20Part%20%281995%29%28Dracula%20Fanz%20Team%29.ym	8271
https://www.cpc-power.com/YM/Dracula%20Fanz%20Issue%205%20-%20Freedelire%20Extended%20Intro%20%281995%29%28Dracula%20Fanz%20Team%29%28Beta%20Soft%20Cologne%29%28ST-Module%29.ym	8271
https://www.cpc-power.com/YM/Dracula%20Fanz%20Issue%205%20-%20Freedelire%20Extended%20Part%20-%201%20%281995%29%28Dracula%20Fanz%20Team%29%28Targhan%29%28ST-128%20Module%29.ym	8271
https://www.cpc-power.com/YM/Dracula%20Fanz%20Issue%205%20-%20Freedelire%20Extended%20Part%20-%202%20%281995%29%28Dracula%20Fanz%20Team%29%28Joy%29%28ST-128%20Module%29.ym	8271
https://www.cpc-power.com/YM/Dracula%20Fanz%20Issue%205%20-%20Freedelire%20Extended%20Part%20-%203%20%281995%29%28Dracula%20Fanz%20Team%29%28Ast%29%28ST-128%20Module%29.ym	8271
https://www.cpc-power.com/YM/Dracula%20Fanz%20Issue%205%20-%20Intro%20Part%20%281995%29%28Dracula%20Fanz%20Team%29%28Epsilon%29%28ST-128%20Module%29.ym	8271
https://www.cpc-power.com/YM/Dracula%20Fanz%20Issue%205%20-%20Jap%20Anime%20%281995%29%28Dracula%20Fanz%20Team%29%28Kangaroo%29%28ST-128%20Module%29.ym	8271
https://www.cpc-power.com/YM/Dracula%20Fanz%20Issue%205%20-%20MegaBlaster%20Test%20%281995%29%28Dracula%20Fanz%20Team%29%28Beta%20Soft%20Cologne%29%28ST-Module%29.ym	8271
https://www.cpc-power.com/YM/Dracula%20Fanz%20Issue%205%20-%20MegaBlaster%20Test%20Cheat%20Part%20%281995%29%28Dracula%20Fanz%20Team%29%28ST-Module%29.ym	8271
https://www.cpc-power.com/YM/Dracula%20Fanz%20Issue%205%20-%20Menu%20A%20%281995%29%28Dracula%20Fanz%20Team%29%28ST-Module%29.ym	8271
https://www.cpc-power.com/YM/Dracula%20Fanz%20Issue%205%20-%20Menu%20A%20Cheat%20Part%20%281995%29%28Dracula%20Fanz%20Team%29%28ST-128%20Module%29.ym	8271
https://www.cpc-power.com/YM/Dracula%20Fanz%20Issue%205%20-%20Menu%20B%20%281995%29%28Dracula%20Fanz%20Team%29%28ST-128%20Module%29.ym	8271
https://www.cpc-power.com/YM/Dracula%20Fanz%20Issue%205%20-%20Menu%20B%20Cheat%20Part%20%281995%29%28Dracula%20Fanz%20Team%29%28ST-Module%29.ym	8271
https://www.cpc-power.com/YM/Dracula%20Fanz%20Issue%205%20-%20Menu%20C%20%281995%29%28Dracula%20Fanz%20Team%29%28Big%20Alec%29.ym	8271
https://www.cpc-power.com/YM/Dracula%20Fanz%20Issue%205%20-%20News%20%281995%29%28Dracula%20Fanz%20Team%29%28Kangaroo%29%28ST-128%20Module%29.ym	8271
https://www.cpc-power.com/YM/Dracula%20Fanz%20Issue%205%20-%20Souvenir%20Part%202%20%281995%29%28Dracula%20Fanz%20Team%29%28Kangaroo%29%28ST-Module%29.ym	8271
https://www.cpc-power.com/YM/Dracula%20Fanz%20Issue%205%20-%20Test%20Fanz%20%281995%29%28Dracula%20Fanz%20Team%29%28Beta%20Soft%20Cologne%29%28ST-128%20Module%29.ym	8271
https://www.cpc-power.com/YM/Dracula%20Fanz%20Issue%205%20-%20Top%20Fanz%20%281995%29%28Dracula%20Fanz%20Team%29%28Beta%20Soft%20Cologne%29%28ST-128%20Module%29.ym	8271
https://www.cpc-power.com/YM/Dracula%20Fanz%20Issue%205%20-%20Turn%20Disk%20A%20%281995%29%28Dracula%20Fanz%20Team%29%28Weee%29%28ST-Module%29.ym	8271
https://www.cpc-power.com/YM/Dracula%20Fanz%20Issue%205%20-%20Turn%20Disk%20B%20%281995%29%28Dracula%20Fanz%20Team%29%28Kangaroo%29%28ST-128%20Module%29.ym	8271
https://www.cpc-power.com/YM/Dracula%20Fanz%20Issue%205%20-%20Turn%20Disk%20C%20%281995%29%28Dracula%20Fanz%20Team%29%28Beta%20Soft%20Cologne%29%28ST-128%20Module%29.ym	8271
https://www.cpc-power.com/YM/Dracula%20Fanz%20Issue%205%20-%20Ze%20Meeting%2095%20%281995%29%28Dracula%20Fanz%20Team%29%28Tom%20%26%20Jerry%20of%20GPA%29%28ST-128%20Module%29.ym	8271
https://www.cpc-power.com/YM/Better%20Than%20Life%20Issue%201%20-%20Intro%20%281994%29%28STS%20Software%29%28CRTC%29%28ST-128%20Module%29.ym	8274
https://www.cpc-power.com/YM/Better%20Than%20Life%20Issue%201%20-%20Menu%20%281994%29%28STS%20Software%29%28CRTC%29%28ST-128%20Module%29.ym	8274
https://www.cpc-power.com/YM/Better%20Than%20Life%20Issue%202%20-%20Intro%20%281995%29%28STS%20Software%29%28CRTC%29%28ST-128%20Module%29.ym	8275
https://www.cpc-power.com/YM/Better%20Than%20Life%20Issue%202%20-%20Menu%20%281995%29%28STS%20Software%29%28CRTC%29%28ST-128%20Module%29.ym	8275
https://www.cpc-power.com/YM/Better%20Than%20Life%20Issue%203%20-%20Intro%20%281996%29%28STS%20Software%29%28CRTC%29%28ST-128%20Module%29.ym	8276
https://www.cpc-power.com/YM/Better%20Than%20Life%20Issue%203%20-%20Menu%20%281996%29%28STS%20Software%29%28CRTC%29%28ST-128%20Module%29.ym	8276
https://www.cpc-power.com/YM/Better%20Than%20Life%20Issue%204%20-%20Intro%20%281997%29%28STS%20Software%29%28CRTC%29%28ST-128%20Module%29.ym	8277
https://www.cpc-power.com/YM/Better%20Than%20Life%20Issue%204%20-%20Menu%20%281997%29%28STS%20Software%29%28CRTC%29%28ST-128%20Module%29.ym	8277
https://www.cpc-power.com/YM/Bugs%20Meeting%202%20SlideShow%20%281994%29%28Nul%20Part%20System%29%28ST-Module%29.ym	8280
https://www.cpc-power.com/YM/Bugs%20Meeting%202%20SlideShow%20-%20End%20%281994%29%28Nul%20Part%20System%29%28ST-Module%29.ym	8280
https://www.cpc-power.com/YM/C64%20%2819xx%29%28Public_Domain%29%28ST-Module%29.ym	8284
https://www.cpc-power.com/YM/Soul%20Almighty%20-%20Part%202%20%281998%29%28DBT%20Production%29%28Joshua%2Bc64%29.ym	8285
https://www.cpc-power.com/YM/Swab%20Meeting%20%2793%20-%20Part%201%20%281993%29%28Rebels%29%28BSC%29%28ST-Module%29.ym	8287
https://www.cpc-power.com/YM/Swab%20Meeting%20%2793%20-%20Part%202%20%281993%29%28Rebels%29%28BSC%29%28ST-Module%29.ym	8287
https://www.cpc-power.com/YM/Swab%20Meeting%20%2793%20-%20Part%203%20%281993%29%28Rebels%29%28ST-128%20Module%29.ym	8287
https://www.cpc-power.com/YM/Swab%20Meeting%20%2793%20-%20Part%204%20%281993%29%28Rebels%29%28ST-Module%29.ym	8287
https://www.cpc-power.com/YM/Jubillee%20Joy%20-%2010%20Years%20CPC%20-%20Megademo%20Part%201%20%28TGS-CRT%29%28Pooh%20of%20TGS-CRT%29%28ST-128%20Module%29.ym	8289
https://www.cpc-power.com/YM/Jubilee%20Joy%20-%2010%20Years%20CPC%20-%20Part%201%20%281995%29%28CRT%29%28Collapse%29%28ST-128%20Module%29.ym	8289
https://www.cpc-power.com/YM/Jubilee%20Joy%20-%2010%20Years%20CPC%20-%20Part%202%20-%20Music%201%20%281995%29%28CRT%29%28Kangaroo%29%28ST-128%20Module%29.ym	8289
https://www.cpc-power.com/YM/Jubilee%20Joy%20-%2010%20Years%20CPC%20-%20Part%202%20-%20Music%202%20%281995%29%28CRT%29%28Electric%20Monk%29%28ST-128%20Module%29.ym	8289
https://www.cpc-power.com/YM/Jubilee%20Joy%20-%2010%20Years%20CPC%20-%20Part%203%20%281995%29%28CRT%29%28Pooh%29%28ST-128%20Module%29.ym	8289
https://www.cpc-power.com/YM/Jubilee%20Joy%20-%2010%20Years%20CPC%20-%20Part%204%20%281995%29%28CRT%29%28Kangaroo%29%28ST-Module%29.ym	8289
https://www.cpc-power.com/YM/Landscape%20Demo%20%281993%29%28Bugs%29%28ST-128%20Module%29.ym	8290
https://www.cpc-power.com/YM/Dragon%20Ball%20Zeta%20-%20Part%204%20%281993%29%28Bugs%29%28ST-Module%29.ym	8292
https://www.cpc-power.com/YM/BTA%20Number%201%20-%20Intro%20%281991%29%28BiT%20Artists%29%28BTA%29.ym	8296
https://www.cpc-power.com/YM/Fractal%20Zoom%20%281995%29%28POW%21%29%28ST-128%20Module%29.ym	8298
https://www.cpc-power.com/YM/Freedelire%20Meeting%20%281995%29%28Ast%20System%29%28Ast%29%28ST-128%20Module%29.ym	8301
https://www.cpc-power.com/YM/Freedelire%20Meeting%20%281995%29%28Ast%20System%29%28Joy%29%28ST-128%20Module%29.ym	8301
https://www.cpc-power.com/YM/Freedelire%20Meeting%20%281995%29%28Ast%20System%29%28Targhan%29%28ST-128%20Module%29.ym	8301
https://www.cpc-power.com/YM/Tribal%20Telegramm%20-%20New%20Year%27s%20Edition%20Music%201%20%281998%29%28FrankenTeam%29%28ST-128%20Module%29.ym	8303
https://www.cpc-power.com/YM/Tribal%20Telegramm%20-%20New%20Year%27s%20Edition%20Music%202%20%281998%29%28FrankenTeam%29%28ST-128%20Module%29.ym	8303
https://www.cpc-power.com/YM/Enhanced%20Texture%20Mapping%20%281995%29%28OdieSoft%29%28%29%28ST-Module%29.ym	8306
https://www.cpc-power.com/YM/Terrific%20Demo%20Boing%20Part%20%281990%29%28Cadjo%20Clan%29%28Weee%29.ym	8311
https://www.cpc-power.com/YM/Terrific%20Demo%20Hubba%20Hubba%20Part%20%281990%29%28Cadjo%20Clan%29%28Weee%29.ym	8311
https://www.cpc-power.com/YM/Terrific%20Demo%20MCS%20Guest%20Part%20%281990%29%28Cadjo%20Clan%29%28Weee%29.ym	8311
https://www.cpc-power.com/YM/Terrific%20Demo%20Megalomania%20Part%20%281990%29%28Cadjo%20Clan%29%28Weee%29.ym	8311
https://www.cpc-power.com/YM/Terrific%20Demo%20Menu%20%281990%29%28Cadjo%20Clan%29%28Weee%29.ym	8311
https://www.cpc-power.com/YM/Terrific%20Demo%20Merlyn%20Part%20%281990%29%28Cadjo%20Clan%29%28Weee%29.ym	8311
https://www.cpc-power.com/YM/Terrific%20Demo%20Stars%20Part%20%281990%29%28Cadjo%20Clan%29%28Weee%29.ym	8311
https://www.cpc-power.com/YM/Terrific%20Demo%20Thriller%20Demo%205%20Part%20%281990%29%28Cadjo%20Clan%29%28Weee%29.ym	8311
https://www.cpc-power.com/YM/Terrific%20Demo%20Zang%20Part%20%281990%29%28Cadjo%20Clan%29%28Weee%29.ym	8311
https://www.cpc-power.com/YM/Am%20I%20Right%20%28199x%29%28Beng%29%28Kangaroo%29%28ST-Module%29.ym	8314
https://www.cpc-power.com/YM/Mini%20Castle%20Meeting%20%281993%29%28OdieSoft%29%28Kangaroo%29%28ST-Module%29.ym	8326
https://www.cpc-power.com/YM/Mini%20Castle%20Meeting%20-%20Cheat%20Part%20History%20%281993%29%28OdieSoft%29%28Kangaroo%29%28ST-Module%29.ym	8326
https://www.cpc-power.com/YM/The%20Raaahh%21%20Demo%20%281991%29%28The%20Raaahh%20Crew%29%28Weee%29.ym	8333
https://www.cpc-power.com/YM/SEX%20-%20Sex%20Entertains%20Xenomorph%20-%20Intro%20%281994%29%28Beng%29%28ST-128%20Module%29.ym	8337
https://www.cpc-power.com/YM/SEX%20-%20Sex%20Entertains%20Xenomorph%20-%20Music%201%20%281994%29%28Beng%29%28ST-128%20Module%29.ym	8337
https://www.cpc-power.com/YM/SEX%20-%20Sex%20Entertains%20Xenomorph%20-%20Music%202%20%281994%29%28Beng%29%28ST-128%20Module%29.ym	8337
https://www.cpc-power.com/YM/SEX%20-%20Sex%20Entertains%20Xenomorph%20-%20Music%203%20%281994%29%28Beng%29%28ST-128%20Module%29.ym	8337
https://www.cpc-power.com/YM/SEX%20-%20Sex%20Entertains%20Xenomorph%20-%20Music%204%20%281994%29%28Beng%29%28ST-128%20Module%29.ym	8337
https://www.cpc-power.com/YM/SEX%20-%20Sex%20Entertains%20Xenomorph%20-%20Music%205%20%281994%29%28Beng%29%28ST-128%20Module%29.ym	8337
https://www.cpc-power.com/YM/SEX%20-%20Sex%20Entertains%20Xenomorph%20-%20Music%206%20%281994%29%28Beng%29%28ST-128%20Module%29.ym	8337
https://www.cpc-power.com/YM/Beng%20%2819xx%29%28Beng%21%29%28Weee%29.ym	8338
https://www.cpc-power.com/YM/Mc%20Paddy%201%20%2819xx%29%28Unix%29%28Weee%29.ym	8347
https://www.cpc-power.com/YM/Hypnosys%20Demo%20%281992%29%28Static%29%28Joy%29.ym	8358
https://www.cpc-power.com/YM/Meeting%20at%20Da%20Silva%20of%20Treble%20A%20%281991%29%28PDW%29%28BSC%29%28BSC%20Soundmodule%20v2.0%29.ym	8360
https://www.cpc-power.com/YM/Ovation%201%20-%20Menu%20%281996%29%28Benediction%29%28ST-Module%29.ym	8380
https://www.cpc-power.com/YM/Ovation%201%20-%20Music%201%20%281996%29%28Benediction%29%28Antitec%29%28ST-128%20Module%29.ym	8380
https://www.cpc-power.com/YM/Ovation%201%20-%20Music%202%20%281996%29%28Benediction%29%28Antitec%29%28ST-128%20Module%29.ym	8380
https://www.cpc-power.com/YM/Ovation%201%20-%20Music%203%20%281996%29%28Benediction%29%28Antitec%29%28ST-128%20Module%29.ym	8380
https://www.cpc-power.com/YM/Ovation%201%20-%20Music%204%20%281996%29%28Benediction%29%28Antitec%29%28ST-128%20Module%29.ym	8380
https://www.cpc-power.com/YM/Ovation%201%20-%20Music%205%20%281996%29%28Benediction%29%28Antitec%29%28ST-128%20Module%29.ym	8380
https://www.cpc-power.com/YM/Ovation%201%20-%20Music%206%20%281996%29%28Benediction%29%28Antitec%29%28ST-128%20Module%29.ym	8380
https://www.cpc-power.com/YM/Ovation%202%20-%20Intro%20%281996%29%28Benediction%29%28Antitec%29%28ST-128%20Module%29.ym	8381
https://www.cpc-power.com/YM/Ovation%202%20-%20Menu%20%281996%29%28Benediction%29%28Antitec%29%28ST-128%20Module%29.ym	8381
https://www.cpc-power.com/YM/Ovation%202%20-%20Music%201%20%281996%29%28Benediction%29%28Antitec%29%28ST-128%20Module%29.ym	8381
https://www.cpc-power.com/YM/Ovation%202%20-%20Music%202%20%281996%29%28Benediction%29%28Antitec%29%28ST-128%20Module%29.ym	8381
https://www.cpc-power.com/YM/Ovation%202%20-%20Music%203%20%281996%29%28Benediction%29%28Antitec%29%28ST-128%20Module%29.ym	8381
https://www.cpc-power.com/YM/Ovation%202%20-%20Music%204%20%281996%29%28Benediction%29%28Antitec%29%28ST-128%20Module%29.ym	8381
https://www.cpc-power.com/YM/Ovation%202%20-%20Music%205%20%281996%29%28Benediction%29%28Antitec%29%28ST-128%20Module%29.ym	8381
https://www.cpc-power.com/YM/Ovation%202%20-%20Windows%2095%20%281996%29%28Benediction%29%28Antitec%29%28ST-128%20Module%29.ym	8381
https://www.cpc-power.com/YM/Ovation%203%20-%20Intro%20%281997%29%28Dirty%20Minds%29%28Antitec%29%28ST-128%20Module%29.ym	8382
https://www.cpc-power.com/YM/Ovation%203%20-%20Menu%20%281997%29%28Dirty%20Minds%29%28Antitec%29%28ST-128%20Module%29.ym	8382
https://www.cpc-power.com/YM/Ovation%203%20-%20Music%201%20%281997%29%28Dirty%20Minds%29%28Antitec%29%28ST-128%20Module%29.ym	8382
https://www.cpc-power.com/YM/Ovation%203%20-%20Music%202%20%281997%29%28Dirty%20Minds%29%28Antitec%29%28ST-128%20Module%29.ym	8382
https://www.cpc-power.com/YM/Ovation%203%20-%20Music%203%20%281997%29%28Dirty%20Minds%29%28Antitec%29%28ST-128%20Module%29.ym	8382
https://www.cpc-power.com/YM/Ovation%203%20-%20Turn%20Disk%20%281997%29%28Dirty%20Minds%29%28Antitec%29%28ST-128%20Module%29.ym	8382
https://www.cpc-power.com/YM/Ovation%204%20-%20Intro%20%281997%29%28Dirty%20Minds%29%28Antitec%29%28ST-128%20Module%29.ym	8383
https://www.cpc-power.com/YM/Ovation%204%20-%20Menu%20%281997%29%28Dirty%20Minds%29%28Antitec%29%28ST-128%20Module%29.ym	8383
https://www.cpc-power.com/YM/Ovation%204%20-%20Music%201%20%281997%29%28Dirty%20Minds%29%28Antitec%29%28ST-128%20Module%29.ym	8383
https://www.cpc-power.com/YM/Ovation%204%20-%20Music%202%20%281997%29%28Dirty%20Minds%29%28Antitec%29%28ST-128%20Module%29.ym	8383
https://www.cpc-power.com/YM/Ovation%204%20-%20Music%203%20%281997%29%28Dirty%20Minds%29%28Antitec%29%28ST-128%20Module%29.ym	8383
https://www.cpc-power.com/YM/Ovation%204%20-%20Music%204%20%281997%29%28Dirty%20Minds%29%28Antitec%29%28ST-128%20Module%29.ym	8383
https://www.cpc-power.com/YM/Ovation%204%20-%20Music%205%20%281997%29%28Dirty%20Minds%29%28Antitec%29%28ST-128%20Module%29.ym	8383
https://www.cpc-power.com/YM/Ovation%204%20-%20Music%206%20%281997%29%28Dirty%20Minds%29%28Antitec%29%28ST-128%20Module%29.ym	8383
https://www.cpc-power.com/YM/Ovation%204%20-%20Turn%20Disk%20%281997%29%28Dirty%20Minds%29%28Antitec%29%28ST-128%20Module%29.ym	8383
https://www.cpc-power.com/YM/One%27s%20Plasma%20Factory%20%281994%29%28McHtml%29%28Crown%29%28ST-Module%29.ym	8400
https://www.cpc-power.com/YM/Hardwired%20Plasma%20%281993%29%28Odiesoft%29%28ST-Module%29.ym	8405
https://www.cpc-power.com/YM/Horrific%20SlideShow%20%282006%29%28Public%20Domain%29%28Seteemio%29%28StArkos%29.ym	8406
https://www.cpc-power.com/YM/Superpix%20Tunes%201-12%20%282014%29%28Crack%27n%27Rom%29%28Tom%20et%20Jerry%29.ym	8410
https://www.cpc-power.com/YM/Superpix%20Tunes%202-12%20%282014%29%28Crack%27n%27Rom%29%28Tom%20et%20Jerry%29.ym	8410
https://www.cpc-power.com/YM/Superpix%20Tunes%203-12%20%282014%29%28Crack%27n%27Rom%29%28Tom%20et%20Jerry%29.ym	8410
https://www.cpc-power.com/YM/Superpix%20Tunes%204-12%20%282014%29%28Crack%27n%27Rom%29%28Tom%20et%20Jerry%29.ym	8410
https://www.cpc-power.com/YM/Superpix%20Tunes%205-12%20%282014%29%28Crack%27n%27Rom%29%28Tom%20et%20Jerry%29.ym	8410
https://www.cpc-power.com/YM/Superpix%20Tunes%206-12%20%282014%29%28Crack%27n%27Rom%29%28Tom%20et%20Jerry%29.ym	8410
https://www.cpc-power.com/YM/Superpix%20Tunes%207-12%20%282014%29%28Crack%27n%27Rom%29%28Tom%20et%20Jerry%29.ym	8410
https://www.cpc-power.com/YM/Superpix%20Tunes%208-12%20%282014%29%28Crack%27n%27Rom%29%28Tom%20et%20Jerry%29.ym	8410
https://www.cpc-power.com/YM/Superpix%20Tunes%209-12%20%282014%29%28Crack%27n%27Rom%29%28Tom%20et%20Jerry%29.ym	8410
https://www.cpc-power.com/YM/Superpix%20Tunes%2010-12%20%282014%29%28Crack%27n%27Rom%29%28Tom%20et%20Jerry%29.ym	8410
https://www.cpc-power.com/YM/Superpix%20Tunes%2011-12%20%282014%29%28Crack%27n%27Rom%29%28Tom%20et%20Jerry%29.ym	8410
https://www.cpc-power.com/YM/Superpix%20Tunes%2012-12%20%282014%29%28Crack%27n%27Rom%29%28Tom%20et%20Jerry%29.ym	8410
https://www.cpc-power.com/YM/Soundtrakker%20CPC%20Volume%205%20%281996%29%28Power%20System%29%28Epsilon%29%28ST-128%20Module%29.ym	8420
https://www.cpc-power.com/YM/The%20Crown%20Soundtracks%20-%20Agile%20%2819xx%29%28Public%20Domain%29%28Crown%29%28ST-Module%29.ym	8426
https://www.cpc-power.com/YM/The%20Crown%20Soundtracks%20-%20Brilliance%20%2819xx%29%28Public%20Domain%29%28Crown%29%28ST-Module%29.ym	8426
https://www.cpc-power.com/YM/The%20Crown%20Soundtracks%20-%20Dawn%20%2819xx%29%28Public%20Domain%29%28Crown%29%28ST-Module%29.ym	8426
https://www.cpc-power.com/YM/The%20Crown%20Soundtracks%20-%20Global%20Trash%20%2819xx%29%28Public%20Domain%29%28Crown%29%28ST-Module%29.ym	8426
https://www.cpc-power.com/YM/The%20Crown%20Soundtracks%20-%20Hypnoptic%20Mortality%20%2819xx%29%28Public%20Domain%29%28Crown%29%28ST-Module%29.ym	8426
https://www.cpc-power.com/YM/The%20Crown%20Soundtracks%20-%20SkidRow%20%2819xx%29%28Public%20Domain%29%28Crown%29%28ST-Module%29.ym	8426
https://www.cpc-power.com/YM/The%20Crown%20Soundtracks%20-%20SweetBeat%20%2819xx%29%28Public%20Domain%29%28Crown%29%28ST-Module%29.ym	8426
https://www.cpc-power.com/YM/The%20Crown%20Soundtracks%20-%20WarHawk%20%2819xx%29%28Public%20Domain%29%28Crown%29%28ST-Module%29.ym	8426
https://www.cpc-power.com/YM/Enolagay%20%2819xx%29%28Public%20Domain%29%28Basic%29.ym	8427
https://www.cpc-power.com/YM/Total%20Turtle%20Generation%20%281991%29%28P.D.W.%29%28Da%20Silva%20%26%20Beta%20Soft%20Cologne%29.ym	8437
https://www.cpc-power.com/YM/Boxon%202%20Basic%20%281995%29%28Da%20Boxon%20Team%29%28ST-Module%29.ym	8438
https://www.cpc-power.com/YM/Boxon%202%20Contacts%20%281995%29%28Da%20Boxon%20Team%29%28Tom%20%26%20Jerry%20of%20GPA%29%28ST-Module%29.ym	8438
https://www.cpc-power.com/YM/Boxon%202%20DF4%20%281995%29%28Da%20Boxon%20Team%29%28ST-Module%29.ym	8438
https://www.cpc-power.com/YM/Boxon%202%20Edito%20%281995%29%28Da%20Boxon%20Team%29%28ST-Module%29.ym	8438
https://www.cpc-power.com/YM/Boxon%202%20Edito%20B%20%281995%29%28Da%20Boxon%20Team%29%28ST-Module%29.ym	8438
https://www.cpc-power.com/YM/Boxon%202%20End%20%281995%29%28Da%20Boxon%20Team%29%28ST-128%20Module%29.ym	8438
https://www.cpc-power.com/YM/Boxon%202%20Fanz%20%281995%29%28Da%20Boxon%20Team%29%28ST-Module%29.ym	8438
https://www.cpc-power.com/YM/Boxon%202%20Fanzy%20%281995%29%28Da%20Boxon%20Team%29%28ST-128%20Module%29.ym	8438
https://www.cpc-power.com/YM/Boxon%202%20Fuck%20%281995%29%28Da%20Boxon%20Team%29%28ST-Module%29.ym	8438
https://www.cpc-power.com/YM/Boxon%202%20Games%20%281995%29%28Da%20Boxon%20Team%29%28ST-Module%29.ym	8438
https://www.cpc-power.com/YM/Boxon%202%20Info%20%281995%29%28Da%20Boxon%20Team%29%28ST-Module%29.ym	8438
https://www.cpc-power.com/YM/Boxon%202%20Intro%20%281995%29%28Da%20Boxon%20Team%29%28ST-Module%29.ym	8438
https://www.cpc-power.com/YM/Boxon%202%20Menu%20%281995%29%28Da%20Boxon%20Team%29%28ST-Module%29.ym	8438
https://www.cpc-power.com/YM/Boxon%202%20Menu%20B%20%281995%29%28Da%20Boxon%20Team%29%28ST-Module%29.ym	8438
https://www.cpc-power.com/YM/Boxon%202%20Pokes%20%281995%29%28Da%20Boxon%20Team%29%28ST-Module%29.ym	8438
https://www.cpc-power.com/YM/Boxon%202%20Test%20%281995%29%28Da%20Boxon%20Team%29%28ST-Module%29.ym	8438
https://www.cpc-power.com/YM/Boxon%202%20Turn%20Disk%20%281995%29%28Da%20Boxon%20Team%29%28ST-Module%29.ym	8438
https://www.cpc-power.com/YM/Boxon%204%20Basic%20Part%20%282001%29%28Da%20Boxon%20Team%29%28ST-128%20Module%29.ym	8439
https://www.cpc-power.com/YM/Boxon%204%20Cheat%20Part%20%282001%29%28Da%20Boxon%20Team%29%28COSO%29.ym	8439
https://www.cpc-power.com/YM/Boxon%204%20Credits%20Part%20%282001%29%28Da%20Boxon%20Team%29.ym	8439
https://www.cpc-power.com/YM/Boxon%204%20Infos%20Part%20%282001%29%28Da%20Boxon%20Team%29.ym	8439
https://www.cpc-power.com/YM/Boxon%204%20Interview%20Part%20%282001%29%28Da%20Boxon%20Team%29%28ST-128%20Module%29.ym	8439
https://www.cpc-power.com/YM/Boxon%204%20Zen%20Part%20%282001%29%28Da%20Boxon%20Team%29.ym	8439
https://www.cpc-power.com/YM/Simply%20the%20Bests%20%282001%29%28Benediction%29.ym	8443
https://www.cpc-power.com/YM/Strange%20%281995%29%28Da%20Boxon%20Team%29%28Targhan%29%28ST-128%20Module%29.ym	8446
https://www.cpc-power.com/YM/Zap%27T%27Balls%20Intro%20%281992%29%28Elmsoft%20Game%20Service%29%28ST-128%20Module%29.ym	8455
https://www.cpc-power.com/YM/Flore%20Dentro%20%281996%29%28DZign%29%28Eliot%29%28ST-128%20Module%29.ym	8464
https://www.cpc-power.com/YM/Capitaine%20Flam%20ASCII%20Animation%20%282003%29%28Public%20Domain%29%28RoundSoft%29%28ST-128%20Module%29.ym	8484
https://www.cpc-power.com/YM/Tribal%20Telegramm%201%20-%20Advert%20%281993%29%28FrankenTeam%29%28ST-Module%29.ym	8486
https://www.cpc-power.com/YM/Tribal%20Telegramm%201%20-%20Chartpower%20%281993%29%28FrankenTeam%29%28ST-Module%29.ym	8486
https://www.cpc-power.com/YM/Tribal%20Telegramm%201%20-%20Demos%20%281993%29%28FrankenTeam%29%28ST-Module%29.ym	8486
https://www.cpc-power.com/YM/Tribal%20Telegramm%201%20-%20Editorial%20%281993%29%28FrankenTeam%29%28ST-Module%29.ym	8486
https://www.cpc-power.com/YM/Tribal%20Telegramm%201%20-%20Fanzines%20%281993%29%28FrankenTeam%29%28ST-Module%29.ym	8486
https://www.cpc-power.com/YM/Tribal%20Telegramm%201%20-%20Game-Hints%20%281993%29%28FrankenTeam%29%28ST-Module%29.ym	8486
https://www.cpc-power.com/YM/Tribal%20Telegramm%201%20-%20Games-1%20%281993%29%28FrankenTeam%29%28ST-Module%29.ym	8486
https://www.cpc-power.com/YM/Tribal%20Telegramm%201%20-%20Games-2%20%281993%29%28FrankenTeam%29%28ST-Module%29.ym	8486
https://www.cpc-power.com/YM/Tribal%20Telegramm%201%20-%20Hardware%20%281993%29%28FrankenTeam%29%28ST-Module%29.ym	8486
https://www.cpc-power.com/YM/Tribal%20Telegramm%201%20-%20Interviews%20%281993%29%28FrankenTeam%29%28ST-Module%29.ym	8486
https://www.cpc-power.com/YM/Tribal%20Telegramm%201%20-%20Laberei-1%20%281993%29%28FrankenTeam%29%28ST-Module%29.ym	8486
https://www.cpc-power.com/YM/Tribal%20Telegramm%201%20-%20Laberei-2%20%281993%29%28FrankenTeam%29%28ST-Module%29.ym	8486
https://www.cpc-power.com/YM/Tribal%20Telegramm%201%20-%20Menu%20%281993%29%28FrankenTeam%29%28ST-Module%29.ym	8486
https://www.cpc-power.com/YM/Tribal%20Telegramm%201%20-%20Reports%20%281993%29%28FrankenTeam%29%28ST-Module%29.ym	8486
https://www.cpc-power.com/YM/Tribal%20Telegramm%201%20-%20Scene-Newz%20%281993%29%28FrankenTeam%29%28ST-Module%29.ym	8486
https://www.cpc-power.com/YM/Tribal%20Telegramm%201%20-%20Utilities%20%281993%29%28FrankenTeam%29%28ST-Module%29.ym	8486
https://www.cpc-power.com/YM/Tribal%20Telegramm%201%20-%20X-Tra%20%281993%29%28FrankenTeam%29%28ST-Module%29.ym	8486
https://www.cpc-power.com/YM/Tribal%20Mag%202%20-%20Adverts%20%281994%29%28FrankenTeam%29%28ST-Module%29.ym	8487
https://www.cpc-power.com/YM/Tribal%20Mag%202%20-%20Charts%20%281994%29%28FrankenTeam%29%28ST-Module%29.ym	8487
https://www.cpc-power.com/YM/Tribal%20Mag%202%20-%20Demos%20%281994%29%28FrankenTeam%29%28ST-128%20Module%29.ym	8487
https://www.cpc-power.com/YM/Tribal%20Mag%202%20-%20Edito%20%281994%29%28FrankenTeam%29%28ST-Module%29.ym	8487
https://www.cpc-power.com/YM/Tribal%20Mag%202%20-%20Fanzines%20%281994%29%28FrankenTeam%29%28ST-128%20Module%29.ym	8487
https://www.cpc-power.com/YM/Tribal%20Mag%202%20-%20Game%20Hints%20%281994%29%28FrankenTeam%29%28ST-128%20Module%29.ym	8487
https://www.cpc-power.com/YM/Tribal%20Mag%202%20-%20Games%20%281994%29%28FrankenTeam%29%28ST-128%20Module%29.ym	8487
https://www.cpc-power.com/YM/Tribal%20Mag%202%20-%20Hardware%20%281994%29%28FrankenTeam%29%28ST-Module%29.ym	8487
https://www.cpc-power.com/YM/Tribal%20Mag%202%20-%20Interview%20%281994%29%28FrankenTeam%29%28ST-128%20Module%29.ym	8487
https://www.cpc-power.com/YM/Tribal%20Mag%202%20-%20Laberei%20%281994%29%28FrankenTeam%29%28ST-Module%29.ym	8487
https://www.cpc-power.com/YM/Tribal%20Mag%202%20-%20Meetings%20%281994%29%28FrankenTeam%29%28ST-128%20Module%29.ym	8487
https://www.cpc-power.com/YM/Tribal%20Mag%202%20-%20Menu%20%281994%29%28FrankenTeam%29%28ST-128%20Module%29.ym	8487
https://www.cpc-power.com/YM/Tribal%20Mag%202%20-%20Special%20%281994%29%28FrankenTeam%29%28ST-128%20Module%29.ym	8487
https://www.cpc-power.com/YM/Tribal%20Mag%202%20-%20Szene%20%281994%29%28FrankenTeam%29%28ST-128%20Module%29.ym	8487
https://www.cpc-power.com/YM/Tribal%20Mag%202%20-%20Utilities%20%281994%29%28FrankenTeam%29%28ST-128%20Module%29.ym	8487
https://www.cpc-power.com/YM/Tribal%20Telegramm%203%20-%20Intro%20%281994%29%28FrankenTeam%29%28ST-Module%29.ym	8488
https://www.cpc-power.com/YM/Tribal%20Mag%206%20Article%20%281996%29%28FrankenTeam%29%28ST-128%20Module%29.ym	8491
https://www.cpc-power.com/YM/Tribal%20Mag%207%20Article%20%281997%29%28FrankenTeam%29%28ST-128%20Module%29.ym	8492
https://www.cpc-power.com/YM/Tribal%20Mag%207%20Menu%20%281997%29%28FrankenTeam%29%28ST-128%20Module%29.ym	8492
https://www.cpc-power.com/YM/Tribal%20Mag%207%20Turn%20Disk%20%281997%29%28FrankenTeam%29%28Antoine%29%28ST-128%20Module%29.ym	8492
https://www.cpc-power.com/YM/Tribal%20Telegramm%20-%20Next%20Edition%20Music%201%20%281998%29%28FrankenTeam%20%2B%20POW%29%28Smile%20by%20Unknown%29%28ST-128%20Module%29.ym	8493
https://www.cpc-power.com/YM/Tribal%20Telegramm%20-%20Next%20Edition%20Music%202%20%281998%29%28FrankenTeam%20%2B%20POW%29%28Garden%20by%20Unknown%29%28ST-128%20Module%29.ym	8493
https://www.cpc-power.com/YM/X-File%201%20%281996%29%28Condense%29%28Manly%29%28ST-128%20Module%29.ym	8494
https://www.cpc-power.com/YM/X-File%202%20%281996%29%28Condense%29%28Manly%29%28ST-128%20Module%29.ym	8495
https://www.cpc-power.com/YM/X-File%202%20Main%20Part%20%281996%29%28Condense%29%28Manly%29%28ST-128%20Module%29.ym	8495
https://www.cpc-power.com/YM/CNG%20Intro%201%20%282003%29%28Public%20Domain%29%28CNGSoft%29.ym	8500
https://www.cpc-power.com/YM/CPC-Fastloader%20Issue%207%20-%20Music%201%20%281993%29%28Beng%21%29%28Kangaroo%29%28ST-Module%29.ym	8507
https://www.cpc-power.com/YM/CPC-Fastloader%20Issue%207%20-%20Music%202%20%281993%29%28Beng%21%29%28Kangaroo%29%28ST-Module%29.ym	8507
https://www.cpc-power.com/YM/CPC-Fastloader%20Issue%207%20-%20Music%203%20%281993%29%28Beng%21%29%28Kangaroo%29%28ST-Module%29.ym	8507
https://www.cpc-power.com/YM/CPC-Fastloader%20Issue%207%20-%20Music%204%20%281993%29%28Beng%21%29%28Kangaroo%29%28ST-Module%29.ym	8507
https://www.cpc-power.com/YM/CPC-Fastloader%20Issue%207%20-%20Music%205%20%281993%29%28Beng%21%29%28Kangaroo%29%28ST-Module%29.ym	8507
https://www.cpc-power.com/YM/CPC-Fastloader%20Issue%207%20-%20Music%206%20%281993%29%28Beng%21%29%28Kangaroo%29%28ST-Module%29.ym	8507
https://www.cpc-power.com/YM/CPC-Fastloader%20Issue%207%20-%20Music%207%20%281993%29%28Beng%21%29%28Kangaroo%29%28ST-Module%29.ym	8507
https://www.cpc-power.com/YM/CPC-Fastloader%20Issue%207%20-%20Music%208%20%281993%29%28Beng%21%29%28Kangaroo%29%28ST-Module%29.ym	8507
https://www.cpc-power.com/YM/CPC-Fastloader%20Issue%207%20-%20Music%209%20%281993%29%28Beng%21%29%28Kangaroo%29%28ST-Module%29.ym	8507
https://www.cpc-power.com/YM/CPC-Fastloader%20Issue%207%20-%20Music%2010%20%281993%29%28Beng%21%29%28Kangaroo%29%28ST-Module%29.ym	8507
https://www.cpc-power.com/YM/CPC-Fastloader%20Issue%207%20-%20Music%2011%20%281993%29%28Beng%21%29%28Kangaroo%29%28ST-Module%29.ym	8507
https://www.cpc-power.com/YM/CPC-Fastloader%20Issue%207%20-%20Music%2012%20%281993%29%28Beng%21%29%28Kangaroo%29%28ST-Module%29.ym	8507
https://www.cpc-power.com/YM/CPC-Fastloader%20Issue%207%20-%20Music%2013%20%281993%29%28Beng%21%29%28Kangaroo%29%28ST-Module%29.ym	8507
https://www.cpc-power.com/YM/CPC-Fastloader%20Issue%207%20-%20Music%2014%20%281993%29%28Beng%21%29%28Kangaroo%29%28ST-Module%29.ym	8507
https://www.cpc-power.com/YM/CPC-Fastloader%20Issue%207%20-%20Music%2015%20%281993%29%28Beng%21%29%28Kangaroo%29%28ST-Module%29.ym	8507
https://www.cpc-power.com/YM/CPC-Fastloader%20Issue%207%20-%20Music%2016%20%281993%29%28Beng%21%29%28Kangaroo%29%28ST-Module%29.ym	8507
https://www.cpc-power.com/YM/CPC-Fastloader%20Issue%207%20-%20Music%2017%20%281993%29%28Beng%21%29%28Kangaroo%29%28ST-Module%29.ym	8507
https://www.cpc-power.com/YM/CPC-Fastloader%20Issue%207%20-%20Music%2018%20%281993%29%28Beng%21%29%28Kangaroo%29%28ST-Module%29.ym	8507
https://www.cpc-power.com/YM/CPC-Fastloader%20Issue%207%20-%20Music%2019%20%281993%29%28Beng%21%29%28Kangaroo%29%28ST-Module%29.ym	8507
https://www.cpc-power.com/YM/CPC-Fastloader%20Issue%207%20-%20Music%2020%20%281993%29%28Beng%21%29%28Kangaroo%29%28ST-Module%29.ym	8507
https://www.cpc-power.com/YM/CPC-Fastloader%20Issue%207%20-%20Music%2021%20%281993%29%28Beng%21%29%28Kangaroo%29%28ST-Module%29.ym	8507
https://www.cpc-power.com/YM/CPC-Fastloader%20Issue%207%20-%20Music%2022%20%281993%29%28Beng%21%29%28Kangaroo%29%28ST-Module%29.ym	8507
https://www.cpc-power.com/YM/CPC-Fastloader%20Issue%207%20-%20Music%2023%20%281993%29%28Beng%21%29%28Kangaroo%29%28ST-Module%29.ym	8507
https://www.cpc-power.com/YM/CPC-Fastloader%20Issue%207%20-%20Music%2024%20%281993%29%28Beng%21%29%28Kangaroo%29%28ST-Module%29.ym	8507
https://www.cpc-power.com/YM/CPC-Fastloader%20Issue%207%20-%20Music%2025%20%281993%29%28Beng%21%29%28Kangaroo%29%28ST-Module%29.ym	8507
https://www.cpc-power.com/YM/CPC-Fastloader%20Issue%207%20-%20Music%2026%20%281993%29%28Beng%21%29%28Kangaroo%29%28ST-Module%29.ym	8507
https://www.cpc-power.com/YM/CPC-Fastloader%20Issue%207%20-%20Music%2027%20%281993%29%28Beng%21%29%28Kangaroo%29%28ST-Module%29.ym	8507
https://www.cpc-power.com/YM/CPC-Fastloader%20Issue%207%20-%20Music%2028%20%281993%29%28Beng%21%29%28Kangaroo%29%28ST-Module%29.ym	8507
https://www.cpc-power.com/YM/CPC-Fastloader%20Issue%207%20-%20Music%2029%20%281993%29%28Beng%21%29%28Kangaroo%29%28ST-Module%29.ym	8507
https://www.cpc-power.com/YM/CPC-Fastloader%20Issue%207%20-%20Music%2030%20%281993%29%28Beng%21%29%28Kangaroo%29%28ST-Module%29.ym	8507
https://www.cpc-power.com/YM/CPC-Fastloader%20Issue%207%20-%20Music%2031%20%281993%29%28Beng%21%29%28Kangaroo%29%28ST-Module%29.ym	8507
https://www.cpc-power.com/YM/CPC-Fastloader%20Issue%207%20-%20Music%2032%20%281993%29%28Beng%21%29%28Kangaroo%29%28ST-Module%29.ym	8507
https://www.cpc-power.com/YM/CPC-Fastloader%20Issue%207%20-%20Music%2033%20%281993%29%28Beng%21%29%28Kangaroo%29%28ST-Module%29.ym	8507
https://www.cpc-power.com/YM/CPC-Fastloader%20Issue%207%20-%20Music%2034%20%281993%29%28Beng%21%29%28Kangaroo%29%28ST-Module%29.ym	8507
https://www.cpc-power.com/YM/CPC-Fastloader%20Issue%207%20-%20Music%2035%20%281993%29%28Beng%21%29%28Kangaroo%29%28ST-Module%29.ym	8507
https://www.cpc-power.com/YM/CPC-Fastloader%20Issue%207%20-%20Music%2036%20%281993%29%28Beng%21%29%28Kangaroo%29%28ST-Module%29.ym	8507
https://www.cpc-power.com/YM/CPC-Fastloader%20Issue%206%20Preview%20%281993%29%28Beng%21%29%28ST-Module%29.ym	8508
https://www.cpc-power.com/YM/Hage%20First%20%281993%29%28Wizzcat%29%28ST-128%20Module%29.ym	8509
https://www.cpc-power.com/YM/Take%20Off%20Megademo%20Introduction%20Part%20-%20REXSkull%20%281993%29%28Beng%21%29%28Vilan%29%28ST-Module%29.ym	8517
https://www.cpc-power.com/YM/Wobbler%20Preview%20%281996%29%28Greg%29%28ST-128%20Module%29.ym	8519
https://www.cpc-power.com/YM/Wulf%20Demo%203%20-%20Part%201%20%281993%29%28Secretsoft%20Technical%20Services%29%28ChaRleyTroniC%29.ym	8520
https://www.cpc-power.com/YM/Wulf%20Demo%203%20-%20Part%201%20-%20Hidden%20Theme%20%281993%29%28Secretsoft%20Technical%20Services%29%28ChaRleyTroniC%29.ym	8520
https://www.cpc-power.com/YM/Wulf%20Demo%203%20-%20Part%204%20%281993%29%28Secretsoft%20Technical%20Services%29%28ChaRleyTroniC%29.ym	8520
https://www.cpc-power.com/YM/X-Mas%201992%20Party%20%281992%29%28Beng%21%29%28ST-Module%29.ym	8521
https://www.cpc-power.com/YM/Lost%20Tunes%20-%20AE2002%20%282004%29%28GPA%29%28Tom%20%26%20Jerry%29%28ST-128%20Module%29.ym	8535
https://www.cpc-power.com/YM/Lost%20Tunes%20-%20AE2003%20%282004%29%28GPA%29%28Tom%20%26%20Jerry%29%28ST-128%20Module%29.ym	8535
https://www.cpc-power.com/YM/Lost%20Tunes%20-%20Bordel5%20%282004%29%28GPA%29%28Tom%20%26%20Jerry%29%28ST-128%20Module%29.ym	8535
https://www.cpc-power.com/YM/Lost%20Tunes%20-%20Byte99%20%282004%29%28GPA%29%28Tom%20%26%20Jerry%29%28ST-128%20Module%29.ym	8535
https://www.cpc-power.com/YM/Lost%20Tunes%20-%20Conan%20%282004%29%28GPA%29%28Tom%20%26%20Jerry%29%28ST-128%20Module%29.ym	8535
https://www.cpc-power.com/YM/Lost%20Tunes%20-%20Croc2003%20%282004%29%28GPA%29%28Tom%20%26%20Jerry%29%28ST-128%20Module%29.ym	8535
https://www.cpc-power.com/YM/Lost%20Tunes%20-%20Derange%20%282004%29%28GPA%29%28Tom%20%26%20Jerry%29%28ST-128%20Module%29.ym	8535
https://www.cpc-power.com/YM/Lost%20Tunes%20-%20Doublon%20%282004%29%28GPA%29%28Tom%20%26%20Jerry%29%28ST-128%20Module%29.ym	8535
https://www.cpc-power.com/YM/Lost%20Tunes%20-%20EuroDanc%20%282004%29%28GPA%29%28Tom%20%26%20Jerry%29%28ST-128%20Module%29.ym	8535
https://www.cpc-power.com/YM/Lost%20Tunes%20-%20Gonzo%20%282004%29%28GPA%29%28Tom%20%26%20Jerry%29%28ST-128%20Module%29.ym	8535
https://www.cpc-power.com/YM/Lost%20Tunes%20-%20Kar%20%282004%29%28GPA%29%28Tom%20%26%20Jerry%29%28ST-128%20Module%29.ym	8535
https://www.cpc-power.com/YM/Lost%20Tunes%20-%20Pollux%20%282004%29%28GPA%29%28Tom%20%26%20Jerry%29%28ST-128%20Module%29.ym	8535
https://www.cpc-power.com/YM/Lost%20Tunes%20-%20Sarel%20%282004%29%28GPA%29%28Tom%20%26%20Jerry%29%28ST-128%20Module%29.ym	8535
https://www.cpc-power.com/YM/Lost%20Tunes%20-%20Valhala%20%282004%29%28GPA%29%28Tom%20%26%20Jerry%29%28ST-128%20Module%29.ym	8535
https://www.cpc-power.com/YM/Lost%20Tunes%20-%20Warf97%20%282004%29%28GPA%29%28Tom%20%26%20Jerry%29%28ST-128%20Module%29.ym	8535
https://www.cpc-power.com/YM/Love%20%2819xx%29%28Micro%20Escape%29.ym	8536
https://www.cpc-power.com/YM/Mad%20Hack%20%2792%20%281992%29%28Public%20Domain%29%28Mad%20Hack%29%28Basic%29.ym	8539
https://www.cpc-power.com/YM/Mahaw%20Intro%208%20%281996%29%28D-Zign%29%28AST%29%28ST-128%20Module%29.ym	8543
https://www.cpc-power.com/YM/The%20Sound%20of%20Crossfire%20%28199x%29%28BENG%29%28Kangaroo%29%28ST-Module%29.ym	8549
https://www.cpc-power.com/YM/Synergy%202%20%282008%29%28Impact%29%28Tom%20%26%20Jerry%29.ym	8552
https://www.cpc-power.com/YM/Synergy%202%20-%20Intro%20%282008%29%28Impact%29%28Shinra%29%28StArkos%29.ym	8552
https://www.cpc-power.com/YM/Synergy%202%20-%20Cheat%20Part%20%282008%29%28Impact%29%28Pulkomandy%29%28StArkos%29.ym	8552
https://www.cpc-power.com/YM/BobLine%20SKS%20Music%20%28200x%29%28Fenyx%20KELL%29%28Fenyx%20KELL%29%28StarkOs%29.ym	8555
https://www.cpc-power.com/YM/Critter%20Soap%27s%20First%20Demo%20%2819xx%29%28HJT%29%28ST-Module%29.ym	8561
https://www.cpc-power.com/YM/Ecstasy%20Volume%201%20-%20Cheat%20Part%20%281999%29%28Ebola%29%28Eliot%29%28ST-128%20Module%29.ym	8566
https://www.cpc-power.com/YM/Ecstasy%20Volume%201%20-%20Andree%20%281999%29%28Ebola%29%28Greg%29%28ST-128%20Module%29.ym	8566
https://www.cpc-power.com/YM/Ecstasy%20Volume%201%20-%20Berthe%20%281999%29%28Ebola%29%28Greg%29%28ST-128%20Module%29.ym	8566
https://www.cpc-power.com/YM/Ecstasy%20Volume%201%20-%20Blanche%20%281999%29%28Ebola%29%28Greg%29%28ST-128%20Module%29.ym	8566
https://www.cpc-power.com/YM/Ecstasy%20Volume%201%20-%20End%20%281999%29%28Ebola%29%28COSO%29.ym	8566
https://www.cpc-power.com/YM/Ecstasy%20Volume%201%20-%20Estelle%20%281999%29%28Ebola%29%28Greg%29%28ST-128%20Module%29.ym	8566
https://www.cpc-power.com/YM/Ecstasy%20Volume%201%20-%20Intro%20%281999%29%28Ebola%29%28Duffy%29%28Music%20Pro%29.ym	8566
https://www.cpc-power.com/YM/Ecstasy%20Volume%201%20-%20Janette%20%281999%29%28Ebola%29%28Greg%29%28ST-128%20Module%29.ym	8566
https://www.cpc-power.com/YM/Ecstasy%20Volume%201%20-%20Josette%20%281999%29%28Ebola%29%28Greg%29%28ST-128%20Module%29.ym	8566
https://www.cpc-power.com/YM/Ecstasy%20Volume%201%20-%20Julliette%20%281999%29%28Ebola%29%28Greg%29%28ST-128%20Module%29.ym	8566
https://www.cpc-power.com/YM/Ecstasy%20Volume%201%20-%20Monique%20%281999%29%28Ebola%29%28Greg%29%28ST-128%20Module%29.ym	8566
https://www.cpc-power.com/YM/Ecstasy%20Volume%201%20-%20Olivia%20%281999%29%28Ebola%29%28Greg%29%28ST-128%20Module%29.ym	8566
https://www.cpc-power.com/YM/Ecstasy%20Volume%201%20-%20Paulette%20%281999%29%28Ebola%29%28Greg%29%28ST-128%20Module%29.ym	8566
https://www.cpc-power.com/YM/Ecstasy%20Volume%201%20-%20PreIntro%20%281999%29%28Ebola%29%28Eliot%29%28ST-128%20Module%29.ym	8566
https://www.cpc-power.com/YM/Ecstasy%20Volume%201%20-%20Reine%20%281999%29%28Ebola%29%28Greg%29%28ST-128%20Module%29.ym	8566
https://www.cpc-power.com/YM/Ecstasy%20Volume%201%20-%20Simone%20%281999%29%28Ebola%29%28Greg%29%28ST-128%20Module%29.ym	8566
https://www.cpc-power.com/YM/Ecstasy%20Volume%201%20-%20Sylvette%20%281999%29%28Ebola%29%28Greg%29%28ST-128%20Module%29.ym	8566
https://www.cpc-power.com/YM/Ecstasy%20Volume%201%20-%20Sylvie%20%281999%29%28Ebola%29%28Greg%29%28ST-128%20Module%29.ym	8566
https://www.cpc-power.com/YM/Ecstasy%20Volume%201%20-%20Therese%20%281999%29%28Ebola%29%28Greg%29%28ST-128%20Module%29.ym	8566
https://www.cpc-power.com/YM/Ecstasy%20Volume%201%20-%20Ursula%20%281999%29%28Ebola%29%28Greg%29%28ST-128%20Module%29.ym	8566
https://www.cpc-power.com/YM/Ecstasy%20Volume%201%20-%20Viviane%20%281999%29%28Ebola%29%28Greg%29%28ST-128%20Module%29.ym	8566
https://www.cpc-power.com/YM/Ecstasy%20Volume%201%20-%20Yolande%20%281999%29%28Ebola%29%28Greg%29%28ST-128%20Module%29.ym	8566
https://www.cpc-power.com/YM/Ecstasy%20Volume%201%20-%20Yvette%20%281999%29%28Ebola%29%28Greg%29%28ST-128%20Module%29.ym	8566
https://www.cpc-power.com/YM/Great%20Teacher%20AC%20%282004%29%28Revival%29%28AYC%29.ym	8571
https://www.cpc-power.com/YM/Croco%20Chanel%204%20-%20LiquidSnake%20%282007%29%28Revival%29%28Plissken%29%28SMS%29.ym	8575
https://www.cpc-power.com/YM/Painting%20Fantasy%20Intro%20%281996%29%28Beng%20%26%20Chaos%29%28FG-Brain%20of%20Chaos%29%28ST-128%20Module%29.ym	8582
https://www.cpc-power.com/YM/Painting%20Fantasy%20Menu%20%281996%29%28Beng%20%26%20Chaos%29%28FG-Brain%20of%20Chaos%29%28ST-128%20Module%29.ym	8582
https://www.cpc-power.com/YM/Painting%20Fantasy%20Part%201%20%26%202%20%281996%29%28Beng%20%26%20Chaos%29%28FG-Brain%20of%20Chaos%29%28ST-128%20Module%29.ym	8582
https://www.cpc-power.com/YM/Painting%20Fantasy%20Part%203%20%26%204%20%281996%29%28Beng%20%26%20Chaos%29%28FG-Brain%20of%20Chaos%29%28ST-128%20Module%29.ym	8582
https://www.cpc-power.com/YM/Painting%20Fantasy%20Part%205%20%281996%29%28Beng%20%26%20Chaos%29%28FG-Brain%20of%20Chaos%29%28ST-128%20Module%29.ym	8582
https://www.cpc-power.com/YM/Painting%20Fantasy%20Part%206%20%281996%29%28Beng%20%26%20Chaos%29%28FG-Brain%20of%20Chaos%29%28ST-128%20Module%29.ym	8582
https://www.cpc-power.com/YM/PulkoMandy%27s%20Music%20Disc%20-%20Autumn%20Soundchip%20-%204Mat%20%282006%29%28Shinra%29%28PulkoMandy%29%28StArkos%29.ym	8586
https://www.cpc-power.com/YM/PulkoMandy%27s%20Music%20Disc%20-%20Bubble%20Bobble%20-%20Tim%20Follin%20%282006%29%28Shinra%29%28PulkoMandy%29%28StArkos%29.ym	8586
https://www.cpc-power.com/YM/PulkoMandy%27s%20Music%20Disc%20-%20Crappy%20%282006%29%28Shinra%29%28PulkoMandy%29%28StArkos%29.ym	8586
https://www.cpc-power.com/YM/PulkoMandy%27s%20Music%20Disc%20-%20Enola%20Gay%20-%20Orchestral%20Manoeuvres%20in%20the%20Dark%20%282006%29%28Shinra%29%28PulkoMandy%29%28StArkos%29.ym	8586
https://www.cpc-power.com/YM/PulkoMandy%27s%20Music%20Disc%20-%20Katharsis%20%282006%29%28Shinra%29%28PulkoMandy%29%28StArkos%29.ym	8586
https://www.cpc-power.com/YM/PulkoMandy%27s%20Music%20Disc%20-%20Korobeiniki%20-%20Tetris%20%282006%29%28Shinra%29%28PulkoMandy%29%28StArkos%29.ym	8586
https://www.cpc-power.com/YM/PulkoMandy%27s%20Music%20Disc%20-%20Share%20and%20Enjoy%20-%204Mat%20%282006%29%28Shinra%29%28PulkoMandy%29%28StArkos%29.ym	8586
https://www.cpc-power.com/YM/PulkoMandy%27s%20Music%20Disc%20-%20Supaplex%20-%20David%20Whittaker%20%282006%29%28Shinra%29%28PulkoMandy%29%28StArkos%29.ym	8586
https://www.cpc-power.com/YM/PulkoMandy%27s%20Music%20Disc%20-%20Super%20Mario%20Bros%203%20-%20Hammer%20Battle%20-%20Koji%20Kondo%20%282006%29%28Shinra%29%28PulkoMandy%29%28StArkos%29.ym	8586
https://www.cpc-power.com/YM/PulkoMandy%27s%20Music%20Disc%20-%20Super%20Mario%20Bros%20Level%201%20-%20Koji%20Kondo%20%282006%29%28Shinra%29%28PulkoMandy%29%28StArkos%29.ym	8586
https://www.cpc-power.com/YM/PulkoMandy%27s%20Music%20Disc%20-%20The%20Great%20Giana%20Sisters%20-%20Chris%20Huelsbeck%20%282006%29%28Shinra%29%28PulkoMandy%29%28StArkos%29.ym	8586
https://www.cpc-power.com/YM/PulkoMandy%27s%20Music%20Disc%20-%20Thexder%20-%20Hibiki%20Godai%20%282006%29%28Shinra%29%28PulkoMandy%29%28StArkos%29.ym	8586
https://www.cpc-power.com/YM/PulkoMandy%27s%20Music%20Disc%20-%20To%20little%20to%20ignore%20%282006%29%28Shinra%29%28PulkoMandy%29%28StArkos%29.ym	8586
https://www.cpc-power.com/YM/PulkoMandy%27s%20Music%20Disc%20-%20Wizardry%20-%20Mike%20Alsop%20%282006%29%28Shinra%29%28PulkoMandy%29%28StArkos%29.ym	8586
https://www.cpc-power.com/YM/Video%20Girl%20%281996%29%28DZign%29%28Polo%29%28ST-Module%29.ym	8591
https://www.cpc-power.com/YM/Wall%20-%20Part%201%20%281996%29%28Prototype%29%28Antitec%29%28ST-Module%29.ym	8592
https://www.cpc-power.com/YM/Wall%20-%20Part%202%20%281996%29%28Prototype%29%28Antitec%29%28ST-Module%29.ym	8592
https://www.cpc-power.com/YM/Wall%20-%20Part%203%20%281996%29%28Prototype%29%28Antitec%29%28ST-Module%29.ym	8592
https://www.cpc-power.com/YM/Autostop%20-%20Intro%20%2819xx%29%28Crack%27n%27Rom%29%28ST-Module%29.ym	8597
https://www.cpc-power.com/YM/Autostop%20-%20Main%20Part%20%2819xx%29%28Crack%27n%27Rom%29.ym	8597
https://www.cpc-power.com/YM/Baud%20Fuck%20%281993%29%28Crack%27n%27Rom%29%28ST-Module%29.ym	8598
https://www.cpc-power.com/YM/Meeting%20Carpentras%20NPS%20-%20Part%201%20%281994%29%28Crack%27n%27Rom%29%28ST-Module%29.ym	8599
https://www.cpc-power.com/YM/Meeting%20Carpentras%20NPS%20-%20Part%202%20%281994%29%28Crack%27n%27Rom%29%28ST-Module%29.ym	8599
https://www.cpc-power.com/YM/Robocop%20Animation%20%281993%29%28Crack%27n%27Rom%29%28ST-Module%29.ym	8606
https://www.cpc-power.com/YM/Trio%20%2819xx%29%28Crack%27n%27Rom%29%28ST-Module%29.ym	8611
https://www.cpc-power.com/YM/U2%20%28199x%29%28Crack%27n%27Rom%29%28ST-Module%29.ym	8613
https://www.cpc-power.com/YM/Welcom-X%202%20-%20Le%20Retour%20Atari%20ST%20Tune%203%20%281993%29%28Public%20Domain%29%28TGS%29.ym	8615
https://www.cpc-power.com/YM/Welcom-X%202%20-%20Le%20Retour%20End%20Part%20%281993%29%28Public%20Domain%29%28Chany%29%28ST-Module%29.ym	8615
https://www.cpc-power.com/YM/Welcom-X%202%20-%20Le%20Retour%20Menu%20%281993%29%28Public%20Domain%29%28Chany%29%28ST-128%20Module%29.ym	8615
https://www.cpc-power.com/YM/Amstrad%20Expo%202009%203D%20%282009%29%28CPCRulez%29%28MCM%29%28PT3%29.ym	8616
https://www.cpc-power.com/YM/The%20Crow%20-%20Insanity%20And%20Genius%20%2819xx%29%28Public%20Domain%29%28ST-Module%29.ym	8618
https://www.cpc-power.com/YM/Glob%20Scroll%20%281997%29%28New%20Way%20Cracking%29%28ST-Module%29.ym	8622
https://www.cpc-power.com/YM/The%20Mushroom%20Demo%20-%20Part%201%20%281995%29%28Public%20Domain%29%28Ythcal%29%28ST-128%20Module%29.ym	8632
https://www.cpc-power.com/YM/The%20Mushroom%20Demo%20-%20Part%202%20%281995%29%28Public%20Domain%29%28Ythcal%29%28ST-128%20Module%29.ym	8632
https://www.cpc-power.com/YM/Syntax%20Error%20Fanzine%20Advert%20%281989%29%28Syntax%20Error%29%28Alain%20Massoumipour%29%28Music%20Pro%29.ym	8643
https://www.cpc-power.com/YM/WCM%20Ink-Split%20%281993%29%28Wizcat%29%28ST-Module%29.ym	8657
https://www.cpc-power.com/YM/Ze%20Meeting%2095%20-%20Cocker%20Part%20%281995%29%28Condense%29%28ST-Module%29.ym	8658
https://www.cpc-power.com/YM/Ze%20Meeting%2095%20-%20Insecticid%20Part%20%281995%29%28Condense%29%28Zac%29%28ST-128%20Module%29.ym	8658
https://www.cpc-power.com/YM/Ze%20Meeting%2095%20-%20Intro%20%281995%29%28Condense%29%28ST-Module%29.ym	8658
https://www.cpc-power.com/YM/Ze%20Meeting%2095%20-%20No%20Rest%20Part%20%281995%29%28Condense%29%28ST-Module%29.ym	8658
https://www.cpc-power.com/YM/Ze%20Meeting%2095%20-%20The%20No%20Recess%20Week%20Part%20%281995%29%28Condense%29%28Epsilon%29%28ST-128%20Module%29.ym	8658
https://www.cpc-power.com/YM/Disc%20Full%2010%20-%20Turn%20Disc%20A%20%281994%29%28Disc%20Full%20Corp%29%28ST-128%20Module%29.ym	8664
https://www.cpc-power.com/YM/Disc%20Mac%20Challenge%20Issue%2020%20-%20Intro%20%281996%29%28Hypnomega%29%28ST-Module%29.ym	8666
https://www.cpc-power.com/YM/Disc%20Mac%20Challenge%20Issue%2020%20-%20Invitation%20%281996%29%28Hypnomega%29%28ST-Module%29.ym	8666
https://www.cpc-power.com/YM/Disc%20Mac%20Challenge%20Issue%2020%20-%20Music%201%20%281996%29%28Hypnomega%29%28ST-Module%29.ym	8666
https://www.cpc-power.com/YM/Disc%20Mac%20Challenge%20Issue%2020%20-%20Music%202%20%281996%29%28Hypnomega%29%28ST-Module%29.ym	8666
https://www.cpc-power.com/YM/Disc%20Mac%20Challenge%20Issue%2020%20-%20Music%203%20%281996%29%28Hypnomega%29%28ST-Module%29.ym	8666
https://www.cpc-power.com/YM/Disc%20Mac%20Challenge%20Issue%2020%20-%20Music%204%20%281996%29%28Hypnomega%29%28ST-Module%29.ym	8666
https://www.cpc-power.com/YM/Disc%20Mac%20Challenge%20Issue%2021%20%281996%29%28Public%20Domain%29%28ST-Module%29.ym	8667
https://www.cpc-power.com/YM/Epsilon%20Tome%202%20-%20Intro%20%281996%29%28Power%20System%29%28Epsilon%29%28ST-128%20Module%29.ym	8668
https://www.cpc-power.com/YM/Epsilon%20Tome%202%20%281996%29%28Power%20System%29%28Epsilon%29%28ST-128%20Module%29.ym	8668
https://www.cpc-power.com/YM/Equinox%20Song%20Player%20v1.0%20-%20Ads%20%2819xx%29%28Public%20Domain%29%28Eliot%29%28Equinox%29.ym	8669
https://www.cpc-power.com/YM/Equinox%20Song%20Player%20v1.0%20-%20Alpha%20%2819xx%29%28Public%20Domain%29%28Eliot%29%28Equinox%29.ym	8669
https://www.cpc-power.com/YM/Equinox%20Song%20Player%20v1.0%20-%20Aventure%20%2819xx%29%28Public%20Domain%29%28Eliot%29%28Equinox%29.ym	8669
https://www.cpc-power.com/YM/Equinox%20Song%20Player%20v1.0%20-%20Babar%20%2819xx%29%28Public%20Domain%29%28Eliot%29%28Equinox%29.ym	8669
https://www.cpc-power.com/YM/Equinox%20Song%20Player%20v1.0%20-%20BlackWing%20%2819xx%29%28Public%20Domain%29%28Eliot%29%28Equinox%29.ym	8669
https://www.cpc-power.com/YM/Equinox%20Song%20Player%20v1.0%20-%20Calicoba%20%2819xx%29%28Public%20Domain%29%28Eliot%29%28Equinox%29.ym	8669
https://www.cpc-power.com/YM/Equinox%20Song%20Player%20v1.0%20-%20Combodia%20%2819xx%29%28Public%20Domain%29%28Eliot%29%28Equinox%29.ym	8669
https://www.cpc-power.com/YM/Equinox%20Song%20Player%20v1.0%20-%20Enolagay%20%2819xx%29%28Public%20Domain%29%28Eliot%29%28Equinox%29.ym	8669
https://www.cpc-power.com/YM/Equinox%20Song%20Player%20v1.0%20-%20Gnome%20%2819xx%29%28Public%20Domain%29%28Eliot%29%28Equinox%29.ym	8669
https://www.cpc-power.com/YM/Equinox%20Song%20Player%20v1.0%20-%20Image%20%2819xx%29%28Public%20Domain%29%28Eliot%29%28Equinox%29.ym	8669
https://www.cpc-power.com/YM/Equinox%20Song%20Player%20v1.0%20-%20Lucky%20%2819xx%29%28Public%20Domain%29%28Eliot%29%28Equinox%29.ym	8669
https://www.cpc-power.com/YM/Equinox%20Song%20Player%20v1.0%20-%20MegaF2%20%2819xx%29%28Public%20Domain%29%28Eliot%29%28Equinox%29.ym	8669
https://www.cpc-power.com/YM/Equinox%20Song%20Player%20v1.0%20-%20Move%20%2819xx%29%28Public%20Domain%29%28Eliot%29%28Equinox%29.ym	8669
https://www.cpc-power.com/YM/Equinox%20Song%20Player%20v1.0%20-%20Snap%20%2819xx%29%28Public%20Domain%29%28Eliot%29%28Equinox%29.ym	8669
https://www.cpc-power.com/YM/Equinox%20Song%20Player%20v1.0%20-%20SunSet%20%2819xx%29%28Public%20Domain%29%28Eliot%29%28Equinox%29.ym	8669
https://www.cpc-power.com/YM/Equinox%20Song%20Player%20v1.0%20-%20Trans%20%2819xx%29%28Public%20Domain%29%28Eliot%29%28Equinox%29.ym	8669
https://www.cpc-power.com/YM/Equinox%20Song%20Player%20v1.0%20-%20WCopper4%20%2819xx%29%28Public%20Domain%29%28Eliot%29%28Equinox%29.ym	8669
https://www.cpc-power.com/YM/Equinox%20Song%20Player%20v1.0%20-%20Zool%20%2819xx%29%28Public%20Domain%29%28Eliot%29%28Equinox%29.ym	8669
https://www.cpc-power.com/YM/The%20Flash%20Demo%20Part%201%20%281990%29%28Titan%29.ym	8671
https://www.cpc-power.com/YM/The%20Flash%20Demo%20Part%202%20%281990%29%28Titan%29.ym	8671
https://www.cpc-power.com/YM/The%20Flash%20Demo%20Part%203%20%281990%29%28Titan%29.ym	8671
https://www.cpc-power.com/YM/The%20Flash%20Demo%20Part%204%20-%20Midnight%20Express%20%281990%29%28Titan%29%28Basic%29.ym	8671
https://www.cpc-power.com/YM/The%20Flash%20Demo%20Part%205%20%281990%29%28Titan%29.ym	8671
https://www.cpc-power.com/YM/The%20Flash%20Demo%20Part%206%20%281990%29%28Titan%29.ym	8671
https://www.cpc-power.com/YM/The%20Flash%20Demo%20Part%207%20%281990%29%28Titan%29.ym	8671
https://www.cpc-power.com/YM/The%20Flash%20Demo%20Part%208%20%281990%29%28Titan%29%28Philippe%20Marchiset%29%28Basic%29.ym	8671
https://www.cpc-power.com/YM/Focus%20-%20Issue%201%20-%20Intro%20%281995%29%28Chaos%29%28FG%20Brain%29%28ST-128%20Module%29.ym	8672
https://www.cpc-power.com/YM/Focus%20-%20Issue%201%20-%20Music%201%20%281995%29%28Chaos%29%28FG%20Brain%29%28ST-128%20Module%29.ym	8672
https://www.cpc-power.com/YM/Focus%20-%20Issue%201%20-%20Music%202%20%281995%29%28Chaos%29%28FG%20Brain%29%28ST-128%20Module%29.ym	8672
https://www.cpc-power.com/YM/Focus%20-%20Issue%201%20-%20Music%203%20%281995%29%28Chaos%29%28FG%20Brain%29%28ST-128%20Module%29.ym	8672
https://www.cpc-power.com/YM/Focus%20-%20Issue%202%20-%20Intro%20%281998%29%28Chaos%29%28FG%20Brain%29%28ST-128%20Module%29.ym	8673
https://www.cpc-power.com/YM/Focus%20-%20Issue%202%20-%20Music%201%20%281995%29%28Chaos%29%28FG%20Brain%29%28ST-128%20Module%29.ym	8673
https://www.cpc-power.com/YM/Focus%20-%20Issue%202%20-%20Music%202%20%281995%29%28Chaos%29%28FG%20Brain%29%28ST-128%20Module%29.ym	8673
https://www.cpc-power.com/YM/Focus%20-%20Issue%202%20-%20Music%203%20%281995%29%28Chaos%29%28FG%20Brain%29%28ST-128%20Module%29.ym	8673
https://www.cpc-power.com/YM/Impact%20Issue%205%20-%201-5%20%281994%29%28Public%20Domain%29%28ST-Module%29.ym	8674
https://www.cpc-power.com/YM/Impact%20Issue%205%20-%202-5%20%281994%29%28Public%20Domain%29%28ST-Module%29.ym	8674
https://www.cpc-power.com/YM/Impact%20Issue%205%20-%203-5%20%281994%29%28Public%20Domain%29%28ST-Module%29.ym	8674
https://www.cpc-power.com/YM/Impact%20Issue%205%20-%204-5%20%281994%29%28Public%20Domain%29%28ST-Module%29.ym	8674
https://www.cpc-power.com/YM/Impact%20Issue%205%20-%205-5%20%281994%29%28Public%20Domain%29%28ST-Module%29.ym	8674
https://www.cpc-power.com/YM/Jean-Michel%20Jarre%20Music%20Collection%20-%200%20-%20Intro%20%2819xx%29%28the%20UNDeRGRouND%29%28SWiB%29%28BooTracker%29.ym	8675
https://www.cpc-power.com/YM/Jean-Michel%20Jarre%20Music%20Collection%20-%201%20-%20oXYGeNe%20iV%20%2819xx%29%28the%20UNDeRGRouND%29%28SWiB%29%28BooTracker%29.ym	8675
https://www.cpc-power.com/YM/Jean-Michel%20Jarre%20Music%20Collection%20-%202%20-%20eQuiNoXe%20V%20%2819xx%29%28the%20UNDeRGRouND%29%28SWiB%29%28BooTracker%29.ym	8675
https://www.cpc-power.com/YM/Jean-Michel%20Jarre%20Music%20Collection%20-%203%20-%20oRieNT%20eXPReSS%20%2819xx%29%28the%20UNDeRGRouND%29%28SWiB%29%28BooTracker%29.ym	8675
https://www.cpc-power.com/YM/Jean-Michel%20Jarre%20Music%20Collection%20-%204%20-%20MuSiC%20FoR%20SuPeRMaRKeTS%20oVeRTuRe%20%2819xx%29%28the%20UNDeRGRouND%29%28SWiB%29%28BooTracker%29.ym	8675
https://www.cpc-power.com/YM/Jean-Michel%20Jarre%20Music%20Collection%20-%205%20-%20ZooLook%20%2819xx%29%28the%20UNDeRGRouND%29%28SWiB%29%28BooTracker%29.ym	8675
https://www.cpc-power.com/YM/Jean-Michel%20Jarre%20Music%20Collection%20-%206%20-%20ZooLooKoLoGie%20%2819xx%29%28the%20UNDeRGRouND%29%28SWiB%29%28BooTracker%29.ym	8675
https://www.cpc-power.com/YM/Jean-Michel%20Jarre%20Music%20Collection%20-%207%20-%20FouRTH%20ReNDEZVouS%20%2819xx%29%28the%20UNDeRGRouND%29%28SWiB%29%28BooTracker%29.ym	8675
https://www.cpc-power.com/YM/Jean-Michel%20Jarre%20Music%20Collection%20-%208%20-%20CaLYPSo%20%2819xx%29%28the%20UNDeRGRouND%29%28SWiB%29%28BooTracker%29.ym	8675
https://www.cpc-power.com/YM/Jean-Michel%20Jarre%20Music%20Collection%20-%209%20-%20CaLYPSo%202.1%20%2819xx%29%28the%20UNDeRGRouND%29%28SWiB%29%28BooTracker%29.ym	8675
https://www.cpc-power.com/YM/Jean-Michel%20Jarre%20Music%20Collection%20-%20a%20-%20CaLYPSo%202.2%20%2819xx%29%28the%20UNDeRGRouND%29%28SWiB%29%28BooTracker%29.ym	8675
https://www.cpc-power.com/YM/Jean-Michel%20Jarre%20Music%20Collection%20-%20b%20-%20CHRoNoLoGie%20part.%204%20%2819xx%29%28the%20UNDeRGRouND%29%28SWiB%29%28BooTracker%29.ym	8675
https://www.cpc-power.com/YM/Jean-Michel%20Jarre%20Music%20Collection%20-%20c%20-%20CHRoNoLoGie%20part.%205%20%2819xx%29%28the%20UNDeRGRouND%29%28SWiB%29%28BooTracker%29.ym	8675
https://www.cpc-power.com/YM/The%20Jean-Michel%20Jarre%20Demo%20Disque%20-%201%20-%20Oxygene%20%28part%204%29%20%2819xx%29%28the%20UNDeRGRouND%29%28SWiB%29.ym	8675
https://www.cpc-power.com/YM/The%20Jean-Michel%20Jarre%20Demo%20Disque%20-%202%20-%20Orient%20Express%20%2819xx%29%28the%20UNDeRGRouND%29%28SWiB%29%28BooTracker%29.ym	8675
https://www.cpc-power.com/YM/The%20Jean-Michel%20Jarre%20Demo%20Disque%20-%203%20-%20Music%20For%20Supermarkets%20Overture%20%2819xx%29%28the%20UNDeRGRouND%29%28SWiB%29%28BooTracker%29.ym	8675
https://www.cpc-power.com/YM/The%20Jean-Michel%20Jarre%20Demo%20Disque%20-%204%20-%20Zoolook%20%2819xx%29%28the%20UNDeRGRouND%29%28SWiB%29%28BooTracker%29.ym	8675
https://www.cpc-power.com/YM/The%20Jean-Michel%20Jarre%20Demo%20Disque%20-%205%20-%20Zoolookologie%20%2819xx%29%28the%20UNDeRGRouND%29%28SWiB%29%28BooTracker%29.ym	8675
https://www.cpc-power.com/YM/The%20Jean-Michel%20Jarre%20Demo%20Disque%20-%206%20-%20Fourth%20Rendezvous%20%2819xx%29%28the%20UNDeRGRouND%29%28SWiB%29%28BooTracker%29.ym	8675
https://www.cpc-power.com/YM/The%20Jean-Michel%20Jarre%20Demo%20Disque%20-%207%20-%20Calypso%20%2819xx%29%28the%20UNDeRGRouND%29%28SWiB%29%28BooTracker%29.ym	8675
https://www.cpc-power.com/YM/The%20Jean-Michel%20Jarre%20Demo%20Disque%20-%208%20-%20Calypso%20part%202.1%20%2819xx%29%28the%20UNDeRGRouND%29%28SWiB%29%28BooTracker%29.ym	8675
https://www.cpc-power.com/YM/The%20Jean-Michel%20Jarre%20Demo%20Disque%20-%209%20-%20Calypso%20part%202.2%20%2819xx%29%28the%20UNDeRGRouND%29%28SWiB%29%28BooTracker%29.ym	8675
https://www.cpc-power.com/YM/The%20Jean-Michel%20Jarre%20Demo%20Disque%20-%20a%20-%20Chronologie%20part.%204%20%2819xx%29%28the%20UNDeRGRouND%29%28SWiB%29%28BooTracker%29.ym	8675
https://www.cpc-power.com/YM/The%20Jean-Michel%20Jarre%20Demo%20Disque%20-%20b%20-%20Chronologie%20part.%205%20%2819xx%29%28the%20UNDeRGRouND%29%28SWiB%29%28BooTracker%29.ym	8675
https://www.cpc-power.com/YM/Joke%20Mag%201%20-%20Music%201%20%281995%29%28POW%21%29%28ST-128%20Module%29.ym	8676
https://www.cpc-power.com/YM/Joke%20Mag%201%20-%20Music%202%20%281995%29%28POW%21%29%28ST-128%20Module%29.ym	8676
https://www.cpc-power.com/YM/Amstrad%20CPC%206128%20Demonstration%20%281986%29%28Mitsubishi%20Ltd.%29%28Basic%29.ym	8680
https://www.cpc-power.com/YM/Amstrad%20CPC%20Expo%202001%20Invitro%20%282001%29%28Benediction%29%28Eliot%29%28ST-128%20Module%29.ym	8681
https://www.cpc-power.com/YM/Bootracker%20-%20Demo%20%281992%29%28SD%20Microsystems%29%28Boo%29%28Bootracker%29.ym	8683
https://www.cpc-power.com/YM/Christmas%202000%20-%20Intro%20%282001%29%28Brothers%29%28FG%20Brain%29%28ST-128%20Module%29.ym	8684
https://www.cpc-power.com/YM/Christmas%202000%20-%20Part%201-2%20%282001%29%28Brothers%29%28FG%20Brain%29%28ST-128%20Module%29.ym	8684
https://www.cpc-power.com/YM/Christmas%202000%20-%20Part%202-2%20%282001%29%28Brothers%29%28FG%20Brain%29%28ST-128%20Module%29.ym	8684
https://www.cpc-power.com/YM/Christmas%202000%20-%20End%20%282001%29%28Brothers%29%28FG%20Brain%29%28ST-128%20Module%29.ym	8684
https://www.cpc-power.com/YM/Otto%20Issue%202%20%281996%29%28Public%20Domain%29%28Music%20Pro%29.ym	8693
https://www.cpc-power.com/YM/Otto%20Issue%203%20-%20Music%201%20%281996%29%28Public%20Domain%29%28ST-128%20Module%29.ym	8694
https://www.cpc-power.com/YM/Otto%20Issue%203%20-%20Music%202%20%281996%29%28Public%20Domain%29%28ST-128%20Module%29.ym	8694
https://www.cpc-power.com/YM/Otto%20Issue%203%20-%20Music%203%20%281996%29%28Public%20Domain%29%28ST-128%20Module%29.ym	8694
https://www.cpc-power.com/YM/Otto%20Issue%203%20-%20Music%204%20%281996%29%28Public%20Domain%29%28ST-128%20Module%29.ym	8694
https://www.cpc-power.com/YM/Otto%20Issue%203%20-%20Music%205%20%281996%29%28Public%20Domain%29%28ST-128%20Module%29.ym	8694
https://www.cpc-power.com/YM/Otto%20Issue%204%20-%20Intro%20%281996%29%28Public%20Domain%29%28ST-128%20Module%29.ym	8695
https://www.cpc-power.com/YM/Otto%20Issue%204%20-%20Music%201%20%281996%29%28Public%20Domain%29%28ST-128%20Module%29.ym	8695
https://www.cpc-power.com/YM/Otto%20Issue%204%20-%20Music%202%20%281996%29%28Public%20Domain%29%28ST-128%20Module%29.ym	8695
https://www.cpc-power.com/YM/Otto%20Issue%204%20-%20Music%203%20%281996%29%28Public%20Domain%29%28ST-128%20Module%29.ym	8695
https://www.cpc-power.com/YM/Otto%20Issue%204%20-%20Music%204%20%281996%29%28Public%20Domain%29%28ST-Module%29.ym	8695
https://www.cpc-power.com/YM/Otto%20Issue%204%20-%20Music%205%20%281996%29%28Public%20Domain%29%28ST-Module%29.ym	8695
https://www.cpc-power.com/YM/Otto%20Issue%205%20-%20Music%201%20%281997%29%28Public%20Domain%29%28ST-128%20Module%29.ym	8696
https://www.cpc-power.com/YM/Otto%20Issue%205%20-%20Music%202%20%281997%29%28Public%20Domain%29%28ST-128%20Module%29.ym	8696
https://www.cpc-power.com/YM/Otto%20Issue%205%20-%20Music%203%20%281997%29%28Public%20Domain%29%28ST-128%20Module%29.ym	8696
https://www.cpc-power.com/YM/Otto%20Issue%205%20-%20Music%204%20%281997%29%28Public%20Domain%29%28ST-128%20Module%29.ym	8696
https://www.cpc-power.com/YM/Otto%20Issue%205%20-%20Music%205%20%281997%29%28Public%20Domain%29%28ST-128%20Module%29.ym	8696
https://www.cpc-power.com/YM/Scoop-X-Treme%205-4%20%281994%29%28Hypnomega%29%28ST-Module%29.ym	8699
https://www.cpc-power.com/YM/Scoop-X-Treme%205-4%20-%20Articles%20%281994%29%28Hypnomega%29%28ST-Module%29.ym	8699
https://www.cpc-power.com/YM/Joystrad%202%20-%20Actualites%20%281989%29%28TDC%20Band%29.ym	8712
https://www.cpc-power.com/YM/Joystrad%202%20-%20Intro%20%281989%29%28TDC%20Band%29.ym	8712
https://www.cpc-power.com/YM/Joystrad%202%20-%20Logiciel%20du%20mois%20%281989%29%28TDC%20Band%29.ym	8712
https://www.cpc-power.com/YM/Le%20Retour%20Du%20Jet%20D%27Ail%20%281990%29%28Syntax%20Error%29.ym	8713
https://www.cpc-power.com/YM/Lost%20Tunes%202%20-%20Byte98%20%282008%29%28GPA%29%28Tom%20%26%20Jerry%29%28ST-128%20Module%29.ym	8714
https://www.cpc-power.com/YM/Lost%20Tunes%202%20-%20Chance2%20%282008%29%28GPA%29%28Tom%20%26%20Jerry%29%28ST-128%20Module%29.ym	8714
https://www.cpc-power.com/YM/Lost%20Tunes%202%20-%20Deep2%20%282008%29%28GPA%29%28Tom%20%26%20Jerry%29%28ST-128%20Module%29.ym	8714
https://www.cpc-power.com/YM/Lost%20Tunes%202%20-%20Descent%20%282008%29%28GPA%29%28Tom%20%26%20Jerry%29%28ST-128%20Module%29.ym	8714
https://www.cpc-power.com/YM/Lost%20Tunes%202%20-%20Errare%20%282008%29%28GPA%29%28Tom%20%26%20Jerry%29%28ST-128%20Module%29.ym	8714
https://www.cpc-power.com/YM/Lost%20Tunes%202%20-%20HardCore%20%282008%29%28GPA%29%28Tom%20%26%20Jerry%29%28ST-128%20Module%29.ym	8714
https://www.cpc-power.com/YM/Lost%20Tunes%202%20-%20Nicky%20%282008%29%28GPA%29%28Tom%20%26%20Jerry%29%28ST-128%20Module%29.ym	8714
https://www.cpc-power.com/YM/Lost%20Tunes%202%20-%20Prep%20%282008%29%28GPA%29%28Tom%20%26%20Jerry%29%28ST-128%20Module%29.ym	8714
https://www.cpc-power.com/YM/Lost%20Tunes%202%20-%20PSS570%20%282008%29%28GPA%29%28Tom%20%26%20Jerry%29%28ST-128%20Module%29.ym	8714
https://www.cpc-power.com/YM/Lost%20Tunes%202%20-%20Stripped%20%282008%29%28GPA%29%28Tom%20%26%20Jerry%29%28ST-128%20Module%29.ym	8714
https://www.cpc-power.com/YM/Lost%20Tunes%202%20-%20Techno%20%282008%29%28GPA%29%28Tom%20%26%20Jerry%29%28ST-128%20Module%29.ym	8714
https://www.cpc-power.com/YM/Lost%20Tunes%202%20-%20Vietnam%20%282008%29%28GPA%29%28Tom%20%26%20Jerry%29%28ST-128%20Module%29.ym	8714
https://www.cpc-power.com/YM/Lost%20Tunes%202%20-%20Virus-Me%20%282008%29%28GPA%29%28Tom%20%26%20Jerry%29%28ST-128%20Module%29.ym	8714
https://www.cpc-power.com/YM/Mini%20Journal%20Informatique%203%20%281989%29%28MJI%29%28Basic%29.ym	8716
https://www.cpc-power.com/YM/Mini%20Journal%20Informatique%203%20-%20Main%20Part%20%281989%29%28MJI%29.ym	8716
https://www.cpc-power.com/YM/Optix%203%20%282002%29%28Revival%29%28ST-128%20Module%29.ym	8724
https://www.cpc-power.com/YM/Pheelone%20%282009%29%28Condense%29%28Targhan%29%28SK10%29.ym	8725
https://www.cpc-power.com/YM/Natural%20Bug%20Killer%20%281998%29%28The%20Bug%20Factory%29%28ST-128%20Module%29.ym	8730
https://www.cpc-power.com/YM/The%20TGS%20Undemo%20-%20Intro%20%281993%29%28TGS%29%28The%20Electric%20Monk%29%28ST-128%20Module%29.ym	8734
https://www.cpc-power.com/YM/The%20TGS%20Undemo%20-%20Main%20Part%20%281993%29%28TGS%29%28The%20Electric%20Monk%29%28ST-128%20Module%29.ym	8734
https://www.cpc-power.com/YM/Croco%20Chanel%204%20-%20BND%202007%20CC4%20Release%20%282007%29%28Benediction%29%28Lap%29.ym	8756
https://www.cpc-power.com/YM/Croco%20Chanel%204%20-%20Delty%20-%20CandyKiller%20%282007%29%28Arkos%29.ym	8757
https://www.cpc-power.com/YM/Croco%20Chanel%204%20-%20Rien%20%282007%29%28Shinra%29%28PulkoMandy%29%28StArkos%29.ym	8758
https://www.cpc-power.com/YM/Psycho%20Popcorn%202%20Preview%20-%20Part%201%20%281998%29%28Public%20Domain%29%28Catloc%29%28ST-128%20Module%29.ym	8762
https://www.cpc-power.com/YM/Psycho%20Popcorn%202%20Preview%20-%20Part%202%20%281998%29%28Public%20Domain%29%28Catloc%29%28ST-128%20Module%29.ym	8762
https://www.cpc-power.com/YM/Psycho%20Popcorn%202%20Preview%20-%20Part%203%20%281998%29%28Public%20Domain%29%28Catloc%29%28ST-128%20Module%29.ym	8762
https://www.cpc-power.com/YM/RSPD%20Trax%20-%20Intro%20%281996%29%28RSPD%29%28Shades%29%28ST-Module%29.ym	8765
https://www.cpc-power.com/YM/RSPD%20Trax%20-%20a%20-%20Go%20There%20%281996%29%28RSPD%29%28Shades%29%28ST-128%20Module%29.ym	8765
https://www.cpc-power.com/YM/RSPD%20Trax%20-%20b%20-%20I%27m%20Dizzy%20%281996%29%28RSPD%29%28Shades%29%28ST-128%20Module%29.ym	8765
https://www.cpc-power.com/YM/RSPD%20Trax%20-%20c%20-%20Yo%21%20%281996%29%28RSPD%29%28Shades%29%28ST-128%20Module%29.ym	8765
https://www.cpc-power.com/YM/RSPD%20Trax%20-%20d%20-%20Dispair%20%281996%29%28RSPD%29%28Shades%29%28ST-128%20Module%29.ym	8765
https://www.cpc-power.com/YM/RSPD%20Trax%20-%20e%20-%20Intro%20In%20Stereo%20%281996%29%28RSPD%29%28Shades%29%28ST-128%20Module%29.ym	8765
https://www.cpc-power.com/YM/RSPD%20Trax%20-%20f%20-%20The%20Saints%20%281996%29%28RSPD%29%28Shades%29%28ST-128%20Module%29.ym	8765
https://www.cpc-power.com/YM/RSPD%20Trax%20-%20g%20-%20Happy%20Ya%21%21%20%281996%29%28RSPD%29%28Shades%29%28ST-128%20Module%29.ym	8765
https://www.cpc-power.com/YM/RSPD%20Trax%20-%20h%20-%20Discovery%20%281996%29%28RSPD%29%28Shades%29%28ST-128%20Module%29.ym	8765
https://www.cpc-power.com/YM/RSPD%20Trax%20-%20i%20-%20Squeaker%20%281996%29%28RSPD%29%28Shades%29%28ST-128%20Module%29.ym	8765
https://www.cpc-power.com/YM/RSPD%20Trax%20-%20j%20-%20Shades%20Fades%20%21%21%20%281996%29%28RSPD%29%28Shades%29%28ST-128%20Module%29.ym	8765
https://www.cpc-power.com/YM/RSPD%20Trax%20-%20k%20-%20Oh%20Mummy%20%21%20%281996%29%28RSPD%29%28Shades%29%28ST-128%20Module%29.ym	8765
https://www.cpc-power.com/YM/RSPD%20Trax%20-%20l%20-%20Dizzy%20Heights%20%281996%29%28RSPD%29%28Shades%29%28ST-128%20Module%29.ym	8765
https://www.cpc-power.com/YM/RSPD%20Trax%20-%20m%20-%20Blue%20Monday%2095%20%281996%29%28RSPD%29%28Shades%29%28ST-128%20Module%29.ym	8765
https://www.cpc-power.com/YM/RSPD%20Trax%20-%20n%20-%20Wake%20Me%20Up%20%281996%29%28RSPD%29%28Shades%29%28ST-128%20Module%29.ym	8765
https://www.cpc-power.com/YM/RSPD%20Trax%20-%20o%20-%20Wipout%20%281996%29%28RSPD%29%28Shades%29%28ST-128%20Module%29.ym	8765
https://www.cpc-power.com/YM/RSPD%20Trax%20-%20p%20-%20And%20Ting%20%21%20%281996%29%28RSPD%29%28Shades%29%28ST-128%20Module%29.ym	8765
https://www.cpc-power.com/YM/RSPD%20Trax%20-%20q%20-%20Alien%20War%20%281996%29%28RSPD%29%28Shades%29%28ST-128%20Module%29.ym	8765
https://www.cpc-power.com/YM/RSPD%20Trax%20-%20r%20-%20I%20Feel%20Love%20%281996%29%28RSPD%29%28Shades%29%28ST-Module%29.ym	8765
https://www.cpc-power.com/YM/RSPD%20Trax%20-%20s%20-%20Ruff%20Stuff%20%21%20%281996%29%28RSPD%29%28Shades%29%28ST-Module%29.ym	8765
https://www.cpc-power.com/YM/RSPD%20Trax%20-%20t%20-%20Summer%20Wine%20%21%20%281996%29%28RSPD%29%28Shades%29%28ST-128%20Module%29.ym	8765
https://www.cpc-power.com/YM/RSPD%20Trax%20-%20u%20-%20Rock%20%27n%27%20Roll%20%281996%29%28RSPD%29%28Shades%29%28ST-Module%29.ym	8765
https://www.cpc-power.com/YM/RSPD%20Trax%20-%20v%20-%20I%20Feel%20Love%2096%20%281996%29%28RSPD%29%28Shades%29%28ST-Module%29.ym	8765
https://www.cpc-power.com/YM/RSPD%20Trax%20-%20w%20-%20The%20Bells%20%281996%29%28RSPD%29%28Shades%29%28ST-Module%29.ym	8765
https://www.cpc-power.com/YM/Voyage%20%2793%20MegaDemo%20-%20Intro%201%20%281993%29%28Beng%21%29%28Kangaroo%29%28ST-Module%29.ym	8772
https://www.cpc-power.com/YM/Voyage%20%2793%20MegaDemo%20-%20Intro%202%20%281993%29%28Beng%21%29%28Kangaroo%29%28ST-Module%29.ym	8772
https://www.cpc-power.com/YM/Voyage%20%2793%20MegaDemo%20-%20Intro%203%20%281993%29%28Beng%21%29%28Kangaroo%29%28ST-Module%29.ym	8772
https://www.cpc-power.com/YM/Voyage%20%2793%20MegaDemo%20-%20Menu%20%281993%29%28Beng%21%29%28Kangaroo%29%28ST-Module%29.ym	8772
https://www.cpc-power.com/YM/Voyage%20%2793%20MegaDemo%20-%20Part%201%20%281993%29%28Beng%21%29%28Kangaroo%29%28ST-Module%29.ym	8772
https://www.cpc-power.com/YM/Voyage%20%2793%20MegaDemo%20-%20Part%202%20%281993%29%28Beng%21%29%28Crown%29%28ST-Module%29.ym	8772
https://www.cpc-power.com/YM/Voyage%20%2793%20MegaDemo%20-%20Part%203-1%20%281993%29%28Beng%21%29%28Crown%29%28ST-Module%29.ym	8772
https://www.cpc-power.com/YM/Voyage%20%2793%20MegaDemo%20-%20Part%203-2%20%281993%29%28Beng%21%29%28Crown%29%28ST-Module%29.ym	8772
https://www.cpc-power.com/YM/Voyage%20%2793%20MegaDemo%20-%20Part%203-3%20%281993%29%28Beng%21%29%28Crown%29%28ST-Module%29.ym	8772
https://www.cpc-power.com/YM/Voyage%20%2793%20MegaDemo%20-%20Part%204%20%281993%29%28Beng%21%29%28Face%20Hugger%29.ym	8772
https://www.cpc-power.com/YM/Voyage%20%2793%20MegaDemo%20-%20Part%206%20%281993%29%28Beng%21%29%28Crown%29%28ST-Module%29.ym	8772
https://www.cpc-power.com/YM/Voyage%20%2793%20MegaDemo%20-%20Part%207-1%20%281993%29%28Beng%21%29%28Prodatron%29%28ST-Module%29.ym	8772
https://www.cpc-power.com/YM/Voyage%20%2793%20MegaDemo%20-%20Part%207-2%20%281993%29%28Beng%21%29%28Kangaroo%29%28ST-Module%29.ym	8772
https://www.cpc-power.com/YM/Voyage%20%2793%20MegaDemo%20-%20Turn%20Disk%20%281993%29%28Beng%21%29%28Kangaroo%29%28ST-128%20Module%29.ym	8772
https://www.cpc-power.com/YM/CPC%20Challenge%2012%20%281992%29%28Hypnomega%29%28Face%20Hugger%29%28ST-Module%29.ym	8780
https://www.cpc-power.com/YM/CPC%20Challenge%2010%20%281992%29%28Hypnomega%29%28ST-Module%29.ym	8781
https://www.cpc-power.com/YM/Scoop-Poop%20Info%20Screeny%20%2819xx%29%28Public%20Domain%29%28ST-Module%29.ym	8803
https://www.cpc-power.com/YM/Scoop-Poop%202%20%2819xx%29%28Public%20Domain%29%28ST-Module%29.ym	8805
https://www.cpc-power.com/YM/The%20Wizard%27s%20Ultra%20Demo%20%281988%29%28Division%20of%20High-Tech%20Animation%29%28Tyronesoft%29.ym	8840
https://www.cpc-power.com/YM/Platoon%20%2819xx%29%28CCO%20Belgium%29%28Basic%29.ym	8855
https://www.cpc-power.com/YM/Bad%20Mag%20Muzic%20Player%20-%201%20%281992%29%28Beng%21%29%28ST-Module%29.ym	8864
https://www.cpc-power.com/YM/Bad%20Mag%20Muzic%20Player%20-%202%20%281992%29%28Beng%21%29%28ST-Module%29.ym	8864
https://www.cpc-power.com/YM/Bad%20Mag%20Muzic%20Player%20-%203%20%281992%29%28Beng%21%29%28ST-Module%29.ym	8864
https://www.cpc-power.com/YM/Bad%20Mag%20Muzic%20Player%20-%204%20%281992%29%28Beng%21%29%28ST-Module%29.ym	8864
https://www.cpc-power.com/YM/Bad%20Mag%20Muzic%20Player%20-%205%20%281992%29%28Beng%21%29%28ST-Module%29.ym	8864
https://www.cpc-power.com/YM/Bad%20Mag%20Muzic%20Player%20-%206%20%281992%29%28Beng%21%29%28ST-Module%29.ym	8864
https://www.cpc-power.com/YM/Bad%20Mag%20Muzic%20Player%20-%207%20%281992%29%28Beng%21%29%28ST-Module%29.ym	8864
https://www.cpc-power.com/YM/Bad%20Mag%20Muzic%20Player%20-%208%20%281992%29%28Beng%21%29%28ST-Module%29.ym	8864
https://www.cpc-power.com/YM/Bad%20Mag%20Muzic%20Player%20-%209%20%281992%29%28Beng%21%29%28ST-Module%29.ym	8864
https://www.cpc-power.com/YM/Smurf%20Stories%20%281992%29%28Timex%20Paranoia%20Coop%29%28Weee%29.ym	8880
https://www.cpc-power.com/YM/CPC%20Challenge%2017%20-%201-3%20%281994%29%28Hypnomega%29%28ST-Module%29.ym	8883
https://www.cpc-power.com/YM/CPC%20Challenge%2017%20-%202-3%20%281994%29%28Hypnomega%29%28ST-Module%29.ym	8883
https://www.cpc-power.com/YM/CPC%20Challenge%2017%20-%203-3%20%281994%29%28Hypnomega%29%28ST-Module%29.ym	8883
https://www.cpc-power.com/YM/The%20Chaos%20Meeting%2050%20%2819xx%29%28Chaos%29%28FG%20Brain%29%28ST-128%20Module%29.ym	8884
https://www.cpc-power.com/YM/Chaos%20Meeting%2022%20%281995%29%28Chaos%29%28FG%20Brain%29%28ST-128%20Module%29.ym	8885
https://www.cpc-power.com/YM/Madness%20Time%20%2819xx%29%28Nutty%20Boys%29%28LBC%29%28Music%20Pro%29.ym	8894
https://www.cpc-power.com/YM/Easy%20Mag%201%20Final%20Version%201.2%20-%20Menu%20%281992%29%28Beng%21%29%28DSC%29%28ST-Module%29.ym	8900
https://www.cpc-power.com/YM/Easy%20Mag%201%20Final%20Version%201.2%20-%20End%20%281992%29%28Beng%21%29%28DSC%29%28ST-Module%29.ym	8900
https://www.cpc-power.com/YM/Tribal%20Mag%20Magnetic%20Messenger%20Info%20%281993%29%28POW%29%28ST-Module%29.ym	8904
https://www.cpc-power.com/YM/Amsdos%20Advert%20%281993%29%28Gausoft%29%28Kangaroo%29%28ST-Module%29.ym	8905
https://www.cpc-power.com/YM/Magnetic%20Messenger%206%20%2819xx%29%28Public%20Domain%29%28Kangaroo%29%28ST-Module%29.ym	8906
https://www.cpc-power.com/YM/Mums%20And%20Dads%20Slideshow%20%281996%29%28Public%20Domain%29%28Frequency%29%28ST-Module%29.ym	8916
https://www.cpc-power.com/YM/Models%20-%20Intro%20%281998%29%28Da%20Boxon%20Team%29%28Ker%29%28ST-128%20Module%29.ym	8917
https://www.cpc-power.com/YM/Models%20-%20Main%20Part%20%281998%29%28Da%20Boxon%20Team%29%28Ker%29%28ST-128%20Module%29.ym5	8917
https://www.cpc-power.com/YM/Models%20-%20Sorry%20Part%20%281998%29%28Da%20Boxon%20Team%29%28Ker%29%28ST-Module%29.ym	8917
https://www.cpc-power.com/YM/Two%20Of%20Spade%20%281996%29%28Futurs%29%28ST-128%20Module%29.ym	8921
https://www.cpc-power.com/YM/The%207th%20Guest%20Slide%20Show%20%281997%29%28Futurs%29%28Ker%29%28ST-128%20Module%29.ym	8922
https://www.cpc-power.com/YM/Gloom%27s%20Demo%20%281995%29%28Futurs%27%29%28Zik%29%28ST-128%20Module%29.ym	8925
https://www.cpc-power.com/YM/Copy%20Paddy%20-%20Part%201%20%281990%29%28CBS%29%28Weee%29.ym	8928
https://www.cpc-power.com/YM/Copy%20Paddy%20-%20Part%202%20%281990%29%28CBS%29%28Weee%29.ym	8928
https://www.cpc-power.com/YM/Message%20From%20JIM%20%281990%29%28The%20Amazing%20Group%21%29%28Weee%29.ym	8952
https://www.cpc-power.com/YM/Swab%20System%20Meeting%201993%20-%20Da%20S-Party%20%281993%29%28Rebels%29%28Beta%20Soft%20Cologne%29%28ST-Module%29.ym	8960
https://www.cpc-power.com/YM/Cheese%20Cruncher%201.0%20Intro%20%281993%29%28Lamer%20System%29%28ST-Module%29.ym	8966
https://www.cpc-power.com/YM/Crappy%20Demo%20Preview%20%281993%29%28Overflow%29%28ST-Module%29.ym	8968
https://www.cpc-power.com/YM/Atari%20ST%20Music%201%20%281992%29%28BCAV%29.ym	8972
https://www.cpc-power.com/YM/Atari%20ST%20Music%202%20%281992%29%28BCAV%29.ym	8972
https://www.cpc-power.com/YM/Atari%20ST%20Music%203%20%281992%29%28BCAV%29.ym	8972
https://www.cpc-power.com/YM/Conspiracy%20Megademo%20%281992%29%28Conspiracy%29%28ChaRleyTroniC%29%28Equinoxe%29.ym	8974
https://www.cpc-power.com/YM/Musique%20Equinoxe%20-%20Jerome%20%2819xx%29%28Public%20Domain%29%28Jerome%29%28Equinoxe%29.ym	8983
https://www.cpc-power.com/YM/Musique%20Equinoxe%20-%20Ric%20-%20Musique%201%20%2819xx%29%28Static%29%28Ric%29%28Equinoxe%29.ym	8984
https://www.cpc-power.com/YM/Musique%20Equinoxe%20-%20Ric%20-%20Musique%202%20%2819xx%29%28Static%29%28Ric%29%28Equinoxe%29.ym	8984
https://www.cpc-power.com/YM/Musique%20Equinoxe%20-%20Ric%20-%20Musique%203%20%2819xx%29%28Static%29%28Ric%29%28Equinoxe%29.ym	8984
https://www.cpc-power.com/YM/DSC%207%20-%20Greetinx%20Part%20%281991%29%28P.D.W.%29.ym	8992
https://www.cpc-power.com/YM/Phat%202%20%282008%29%28Public%20Domain%29%28C-Jeff%29%28Protracker%203.5%29.ym	8999
https://www.cpc-power.com/YM/CRTC%20Music%20Disk%201%20-%20Axel%20F%20%281992%29%28Conspiracy%29%28ChaRleyTroniC%29%28Equinox%29.ym	9000
https://www.cpc-power.com/YM/CRTC%20Music%20Disk%201%20-%20Canton%20%281992%29%28Conspiracy%29%28ChaRleyTroniC%29%28Equinox%29.ym	9000
https://www.cpc-power.com/YM/CRTC%20Music%20Disk%201%20-%20Equinoxe%204%20%281992%29%28Conspiracy%29%28ChaRleyTroniC%29%28Equinox%29.ym	9000
https://www.cpc-power.com/YM/CRTC%20Music%20Disk%201%20-%20Holberg%20Suite%20-%20Praeludium%20%281992%29%28Conspiracy%29%28ChaRleyTroniC%29%28Equinox%29.ym	9000
https://www.cpc-power.com/YM/CRTC%20Music%20Disk%201%20-%20Invasion%20%281992%29%28Conspiracy%29%28ChaRleyTroniC%29%28Equinox%29.ym	9000
https://www.cpc-power.com/YM/CRTC%20Music%20Disk%201%20-%20Magnetic%20Fields%201%20%281992%29%28Conspiracy%29%28ChaRleyTroniC%29%28Equinox%29.ym	9000
https://www.cpc-power.com/YM/CRTC%20Music%20Disk%201%20-%20Magrathea%20%281992%29%28Conspiracy%29%28ChaRleyTroniC%29%28Equinox%29.ym	9000
https://www.cpc-power.com/YM/CRTC%20Music%20Disk%201%20-%20Reaction%20%281992%29%28Conspiracy%29%28ChaRleyTroniC%29%28Equinox%29.ym	9000
https://www.cpc-power.com/YM/CRTC%20Music%20Disk%201%20-%20Silicon%20Alley%20%281992%29%28Conspiracy%29%28ChaRleyTroniC%29%28Equinox%29.ym	9000
https://www.cpc-power.com/YM/CRTC%20Music%20Disk%201%20-%20Strangers%20%281992%29%28Conspiracy%29%28ChaRleyTroniC%29%28Equinox%29.ym	9000
https://www.cpc-power.com/YM/CRTC%20Music%20Disk%201%20-%20Target%20Renegade%20Remix%20%281992%29%28Conspiracy%29%28ChaRleyTroniC%29%28Equinox%29.ym	9000
https://www.cpc-power.com/YM/CRTC%20Music%20Disk%201%20-%20Tour%20de%20France%20%281992%29%28Conspiracy%29%28ChaRleyTroniC%29%28Equinox%29.ym	9000
https://www.cpc-power.com/YM/CRTC%20Music%20Disk%201%20-%20Virtual%20Reality%20%281992%29%28Conspiracy%29%28ChaRleyTroniC%29%28Equinox%29.ym	9000
https://www.cpc-power.com/YM/CRTC%20Music%20Disk%201%20-%20Zero%20%281992%29%28Conspiracy%29%28ChaRleyTroniC%29%28Equinox%29.ym	9000
https://www.cpc-power.com/YM/CRTC%20Music%20Disk%201%20-%20Zoolookologie%20%281992%29%28Conspiracy%29%28ChaRleyTroniC%29%28Equinox%29.ym	9000
https://www.cpc-power.com/YM/Fractale%20SlideShow%202%20-%20Music%201%20%281992%29%28Nephilim%29%28Weee%29%28Multi%20Trimbal%20Replay%29.ym	9001
https://www.cpc-power.com/YM/Fractale%20SlideShow%202%20-%20Music%202%20%281992%29%28Nephilim%29%28Charles%20Callet%29%28Music%20Pro%29.ym	9001
https://www.cpc-power.com/YM/Prophecy%20Advert%20%281995%29%28Static%29%28Ric%29.ym	9006
https://www.cpc-power.com/YM/6am%20Eternal%20Credits%201%20%281993%29%28Public%20Domain%29%28Kangaroo%29%28ST-128%20Module%29.ym	9023
https://www.cpc-power.com/YM/6am%20Eternal%20Credits%202%20%281993%29%28Public%20Domain%29%28Unknown%29%28ST-128%20Module%29.ym	9023
https://www.cpc-power.com/YM/6am%20Eternal%20Credits%203%20%281993%29%28Public%20Domain%29%28Unknown%29%28ST-128%20Module%29.ym	9023
https://www.cpc-power.com/YM/6am%20Eternal%20French%20%281993%29%28Public%20Domain%29%28Kangaroo%29%28ST-128%20Module%29.ym	9023
https://www.cpc-power.com/YM/6am%20Eternal%20Intro%20%281993%29%28Public%20Domain%29%28Crown%20of%20Beng%29%28ST-128%20Module%29.ym	9023
https://www.cpc-power.com/YM/6am%20Eternal%20Menu%20%281993%29%28Public%20Domain%29%28BSC%20of%20Symbiosis%29%28ST-128%20Module%29.ym	9023
https://www.cpc-power.com/YM/6am%20Eternal%20Multi%20Scroll%20%281993%29%28Public%20Domain%29.ym	9023
https://www.cpc-power.com/YM/CS2%202007%20Reworked%20%282007%29%28Benediction%29%28Lap%29.ym	9025
https://www.cpc-power.com/YM/Bebetes%20Show%20%281993%29%28Crack%27n%27Rom%29%28ST-Module%29.ym	9046
https://www.cpc-power.com/YM/Bebetes%20Show%20-%20Turn%20Disk%20%281993%29%28Crack%27n%27Rom%29%28ST-Module%29.ym	9046
https://www.cpc-power.com/YM/FOReVER%20XIII%20-%20CPC%20In%20Wonderland%20%282012%29%28Public%20Domain%29%28Electro%29%28StarkOs%29.ym	9048
https://www.cpc-power.com/YM/Conspiracy%20Megademo%20-%20Charley%20Part%20%281992%29%28Conspiracy%29%28ChaRleyTroniC%29%28Equinoxe%29.ym	9057
https://www.cpc-power.com/YM/Plasma%20pas%20cher%20%282010%29%28Shinra%29%28Pulkomandy%29%28StArkos%29.ym	9085
https://www.cpc-power.com/YM/Chunky%20Chan%20%282010%29%28Dirty%20Minds%29%28Sice%29%28ST-128%20Module%29.ym	9086
https://www.cpc-power.com/YM/Final%20Exams%20CPC%20Amstrad%20Expo%202010%20-%20Intro%20%282010%29%28Impact%29%28Scavenger%29.ym	9089
https://www.cpc-power.com/YM/Final%20Exams%20CPC%20Amstrad%20Expo%202010%20-%20Last%20Part%20%282010%29%28Impact%29%28Lap%29.ym	9089
https://www.cpc-power.com/YM/Plasmorphy%20%282010%29%28Benediction%29%28Factor6%29.ym	9091
https://www.cpc-power.com/YM/River%20Scroll%20Demo%20%282010%29%28STS%20Software%29%28ST-Module%29.ym	9097
https://www.cpc-power.com/YM/Elgato%20%282006%29%28Public%20Domain%29%28Seteemio%29%28StArkos%29.ym	9098
https://www.cpc-power.com/YM/Starwars%20Screen%20%282010%29%28CPCRulez%29%28Davos%29%28Protracker%203.4%29.ym	9099
https://www.cpc-power.com/YM/Musitheques%2010%20-%2001%20%281986%29%28Amstrad%20Magazine%29%28Basic%29.ym	9104
https://www.cpc-power.com/YM/Musitheques%2010%20-%2002%20%281986%29%28Amstrad%20Magazine%29%28Basic%29.ym	9104
https://www.cpc-power.com/YM/Musitheques%2010%20-%2003%20%281986%29%28Amstrad%20Magazine%29%28Basic%29.ym	9104
https://www.cpc-power.com/YM/Musitheques%2010%20-%2004%20%281986%29%28Amstrad%20Magazine%29%28Basic%29.ym	9104
https://www.cpc-power.com/YM/Musitheques%2010%20-%2005%20%281986%29%28Amstrad%20Magazine%29%28Basic%29.ym	9104
https://www.cpc-power.com/YM/Musitheques%2010%20-%2006%20%281986%29%28Amstrad%20Magazine%29%28Basic%29.ym	9104
https://www.cpc-power.com/YM/Musitheques%2010%20-%2007%20%281986%29%28Amstrad%20Magazine%29%28Basic%29.ym	9104
https://www.cpc-power.com/YM/Musitheques%2010%20-%2008%20%281986%29%28Amstrad%20Magazine%29%28Basic%29.ym	9104
https://www.cpc-power.com/YM/Musitheques%2010%20-%2009%20%281986%29%28Amstrad%20Magazine%29%28Basic%29.ym	9104
https://www.cpc-power.com/YM/Xmas%2095%20-%20Intro%20%281995%29%28Exodus%29%28Joshua%29%28ST-128%20Module%29.ym	9105
https://www.cpc-power.com/YM/Xmas%2095%20-%20Part%201%20%281995%29%28Exodus%29%28Ythcal%29%28ST-128%20Module%29.ym	9105
https://www.cpc-power.com/YM/Xmas%2095%20-%20Part%202%20%281995%29%28Exodus%29%28Koopa%20Troopa%29%28ST-128%20Module%29.ym	9105
https://www.cpc-power.com/YM/Musique%20-%20Rendez-Vous%20%281987%29%28Amstrad%20Magazine%29%28Ludovic%20Jomain%29%28Basic%29.ym	9115
https://www.cpc-power.com/YM/Supercopter%20Massacre%20%281987%29%28Amstrad%20Magazine%29%28Jean-Claude%20Paulin%29%28Basic%29.ym	9116
https://www.cpc-power.com/YM/Moody%20%282010%29%28Vanity%29%28Tom%20et%20Jerry%29.ym	9125
https://www.cpc-power.com/YM/Now%20-%2001%20-%201488%20Morons%20%282010%29%28Brainstorm%29%28Ultrasyd%29%28StArkos%29.ym	9126
https://www.cpc-power.com/YM/Now%20-%2002%20-%20call%20bd19%20%282010%29%28Brainstorm%29%28Fenyx%20Kell%29%28StArkos%29.ym	9126
https://www.cpc-power.com/YM/Now%20-%2003%20-%20Lonely%20Robot%20%282010%29%28Brainstorm%29%28Ultrasyd%29%28StArkos%29.ym	9126
https://www.cpc-power.com/YM/Now%20-%2004%20-%20Solarium%20%282010%29%28Brainstorm%29%28Fenyx%20Kell%29%28StArkos%29.ym	9126
https://www.cpc-power.com/YM/Now%20-%2005%20-%20Before%20The%20End%20%282010%29%28Brainstorm%29%28Ultrasyd%29%28StArkos%29.ym	9126
https://www.cpc-power.com/YM/Now%20-%2006%20-%20Spectrum%20Castle%20%282010%29%28Brainstorm%29%28Fenyx%20Kell%29%28StArkos%29.ym	9126
https://www.cpc-power.com/YM/Now%20-%2007%20-%200d4a%20%282010%29%28Brainstorm%29%28Ultrasyd%29%28StArkos%29.ym	9126
https://www.cpc-power.com/YM/Now%20-%2008%20-%20Bobline%20%282010%29%28Brainstorm%29%28Fenyx%20Kell%29%28StArkos%29.ym	9126
https://www.cpc-power.com/YM/Now%20-%2009%20-%20We%20died%20yesterday%20%282010%29%28Brainstorm%29%28Ultrasyd%29%28StArkos%29.ym	9126
https://www.cpc-power.com/YM/Now%20-%2010%20-%20Kellyon%20%282010%29%28Brainstorm%29%28Fenyx%20Kell%29%28StArkos%29.ym	9126
https://www.cpc-power.com/YM/Now%20-%2011%20-%20Adieu%20Paris%20%282010%29%28Brainstorm%29%28Ultrasyd%29%28StArkos%29.ym	9126
https://www.cpc-power.com/YM/Now%20-%2012%20-%20Troopers%20%282010%29%28Brainstorm%29%28Ultrasyd%29%28StArkos%29.ym	9126
https://www.cpc-power.com/YM/QuasarDisc%203%20-%20Acte%203%20-%20Overflow%20Previews%20-%20Interview%20%282002%29%28Futurs%29%28Tony%29%28ST-128%20Module%29.ym	9128
https://www.cpc-power.com/YM/QuasarDisc%203%20-%20Acte%203%20-%20Overflow%20Previews%20-%20Menu%20%282002%29%28Futurs%29%28Tony%29%28ST-128%20Module%29.ym	9128
https://www.cpc-power.com/YM/QuasarDisc%203%20-%20Acte%203%20-%20Overflow%20Previews%20-%20Tunnel%20%282002%29%28Futurs%29.ym	9128
https://www.cpc-power.com/YM/X-Mas%202010%20%282010%29%28Public%20Domain%29%28Epsilon%29%28ST-Module%29.ym	9130
https://www.cpc-power.com/YM/Phreaks%20%282010%29%28Condense%29%28Tom%20et%20Jerry%29.ym	9131
https://www.cpc-power.com/YM/JavaCPC%20Animation%20%282010%29%28PD%29%28ST-128%20Module%29.ym	9132
https://www.cpc-power.com/YM/X-Mas%202010%20%282010%29%28Impact%29%28AYC%29.ym	9133
https://www.cpc-power.com/YM/Track%20%281988%29%28Schneider%20Magazin%29%28Face%20Hugger%29%28Basic%29.ym	9135
https://www.cpc-power.com/YM/Kult%20Megademo%20-%20Total%20Anarchy%20%281995%29%28Mortel%29%28Big%20Alec%29.ym	9137
https://www.cpc-power.com/YM/Bruit%20De%20Vagues%20%281985%29%28CPC%29%28D.%20Cardon%29%28Basic%29.ym	9138
https://www.cpc-power.com/YM/Only%20For%20Your%20Eyes%202%20-%20Intro%20%281993%29%28Ast%20System%29%28Kangaroo%29%28ST-128%20Module%29.ym	9149
https://www.cpc-power.com/YM/Extasia%20Demo%20%281995%29%28AST%20System%29%28AST%29%28ST-128%20Module%29.ym	9150
https://www.cpc-power.com/YM/Batman%20Forever%20%282011%29%28Batman%20Group%29%28Factor6%29.ym	9156
https://www.cpc-power.com/YM/Batman%20Forever%20End%20%282011%29%28Batman%20Group%29%28Factor6%29.ym	9156
https://www.cpc-power.com/YM/Wake%20Up%20%21%20%282011%29%28Benediction%29%28Beetle%20f6%29%28AYC%29.ym	9158
https://www.cpc-power.com/YM/Wake%20Up%20%21%20%282011%29%28Benediction%29%28Eliot%29%28AYC%29.ym	9158
https://www.cpc-power.com/YM/Wake%20Up%20%21%20%282011%29%28Benediction%29%28Excess%29%28AYC%29.ym	9158
https://www.cpc-power.com/YM/Flames%20%282011%29%28Frequency%29%28Rouquemoute%29%28StArkos%29.ym	9159
https://www.cpc-power.com/YM/Endless%20Superloop%20Iteration%20%282010%29%28Software%20Failure%29%28Ham%29%28Vortex%20Tracker%29.ym	9162
https://www.cpc-power.com/YM/5%20CLS%20-%20Part%201%20%281999%29%28Public%20Domain%29%28Poum%29%28Equinoxe%29.ym	9165
https://www.cpc-power.com/YM/Computer%20Disco%20%281987%29%28CPC%29%28Rodolphe%20Dejeunes%29%28Basic%29.ym	9174
https://www.cpc-power.com/YM/Still%20The%20Bests%20%282011%29%28Benediction%29%28Ego%20Trip%29.ym	9175
https://www.cpc-power.com/YM/Les%20Experts%20-%20Coutances%20-%20Unknow%20%282011%29%28Benediction%29%28Count%20Zero%29.ym	9176
https://www.cpc-power.com/YM/Les%20Experts%20-%20Coutances%20-%20State%20Of%20Fusion%20%20%282011%29%28Benediction%29%28TAO%29.ym5	9176
https://www.cpc-power.com/YM/Les%20Experts%20-%20Coutances%20-%20Take%20Off%20%20%282011%29%28Benediction%29%28McKlain%29.ym5	9176
https://www.cpc-power.com/YM/Le%20Jeu%20De%20La%20Vie%20-%20Conway%20%282010%29%28Benediction%29%28Mr%20Lou%29.ym	9177
https://www.cpc-power.com/YM/Le%20Jeu%20De%20La%20Vie%20-%20Conway%20Main%20Part%20%282010%29%28Benediction%29%28Mr%20Lou%29.ym	9177
https://www.cpc-power.com/YM/Now%20That%27s%20What%20I%20Call%20Chip%20Tunes%201%20-%2001%20-%20Another%20Chiptune%20by%20Jazzkutya.ym	9179
https://www.cpc-power.com/YM/Now%20That%27s%20What%20I%20Call%20Chip%20Tunes%201%20-%2002%20-%20Blitz%20by%20Monty%20of%20Analog.ym	9179
https://www.cpc-power.com/YM/Now%20That%27s%20What%20I%20Call%20Chip%20Tunes%201%20-%2003%20-%20CarVup%20%28Ingame%201%29%20by%20Matthew%20Simmonds.ym	9179
https://www.cpc-power.com/YM/Now%20That%27s%20What%20I%20Call%20Chip%20Tunes%201%20-%2003%20-%20CarVup%20%28Ingame%202%29%20by%20Matthew%20Simmonds.ym	9179
https://www.cpc-power.com/YM/Now%20That%27s%20What%20I%20Call%20Chip%20Tunes%201%20-%2003%20-%20CarVup%20%28Ingame%203%29%20by%20Matthew%20Simmonds.ym	9179
https://www.cpc-power.com/YM/Now%20That%27s%20What%20I%20Call%20Chip%20Tunes%201%20-%2004%20-%20Comic%20Bakery%20by%20Martin%20Galway.ym	9179
https://www.cpc-power.com/YM/Now%20That%27s%20What%20I%20Call%20Chip%20Tunes%201%20-%2005%20-%20Commando%20%28Highscore%29%20by%20Rob%20Hubbard.ym	9179
https://www.cpc-power.com/YM/Now%20That%27s%20What%20I%20Call%20Chip%20Tunes%201%20-%2006%20-%20Crystal%20Intro%20by%20TDK%20of%20Crystal.ym	9179
https://www.cpc-power.com/YM/Now%20That%27s%20What%20I%20Call%20Chip%20Tunes%201%20-%2007%20-%20Deviation%20by%20Stephen%20Weatherford.ym	9179
https://www.cpc-power.com/YM/Now%20That%27s%20What%20I%20Call%20Chip%20Tunes%201%20-%2008%20-%20Dreams%20by%20unknown%20Amiga%20composer.ym	9179
https://www.cpc-power.com/YM/Now%20That%27s%20What%20I%20Call%20Chip%20Tunes%201%20-%2009%20-%20Flimbo%20s%20Quest%20%28Ingame%201%29%20by%20MoN.ym	9179
https://www.cpc-power.com/YM/Now%20That%27s%20What%20I%20Call%20Chip%20Tunes%201%20-%2009%20-%20Flimbo%20s%20Quest%20%28Ingame%202%29%20by%20MoN.ym	9179
https://www.cpc-power.com/YM/Now%20That%27s%20What%20I%20Call%20Chip%20Tunes%201%20-%2010%20-%20Horizon%20CrackTune%20by%20Blaizer%20of%20Silents.ym	9179
https://www.cpc-power.com/YM/Now%20That%27s%20What%20I%20Call%20Chip%20Tunes%201%20-%2011%20-%20Melon-Glo-Mania%20by%20TDK%20of%20Anthrox.ym	9179
https://www.cpc-power.com/YM/Now%20That%27s%20What%20I%20Call%20Chip%20Tunes%201%20-%2012%20-%20MotA%20%28HighScore%29%20by%20Rob%20Hubbard.ym	9179
https://www.cpc-power.com/YM/Now%20That%27s%20What%20I%20Call%20Chip%20Tunes%201%20-%2013%20-%20MSX%20Cracktro%20by%20TSM%20of%20Sunriders.ym	9179
https://www.cpc-power.com/YM/Now%20That%27s%20What%20I%20Call%20Chip%20Tunes%201%20-%2014%20-%20Ocean%20Loader%202%20by%20Martin%20Galway.ym	9179
https://www.cpc-power.com/YM/Now%20That%27s%20What%20I%20Call%20Chip%20Tunes%201%20-%2015%20-%20Portal%20%28Still%20Alive%29%20by%20Ghormak.ym	9179
https://www.cpc-power.com/YM/Now%20That%27s%20What%20I%20Call%20Chip%20Tunes%201%20-%2016%20-%20Robocod%20by%20Richard%20Joseph.ym	9179
https://www.cpc-power.com/YM/Now%20That%27s%20What%20I%20Call%20Chip%20Tunes%201%20-%2017%20-%20Speelbound%20by%20Rob%20Hubbard.ym	9179
https://www.cpc-power.com/YM/Now%20That%27s%20What%20I%20Call%20Chip%20Tunes%201%20-%2018%20-%20Street%20Hawk%20by%20Iron%20Cat%20of%20Wolfen.ym	9179
https://www.cpc-power.com/YM/Now%20That%27s%20What%20I%20Call%20Chip%20Tunes%201%20-%2019%20-%20Wizardry%20%28Title%29%20by%20Mike%20Alsop.ym	9179
https://www.cpc-power.com/YM/Now%20That%27s%20What%20I%20Call%20Chip%20Tunes%202%20-%20Preview%20-%201%20-%20Acidjazzed%20Evening%20by%20Tempest.ym	9180
https://www.cpc-power.com/YM/Now%20That%27s%20What%20I%20Call%20Chip%20Tunes%202%20-%20Preview%20-%202%20-%20AY-3-8910%20by%20Omega.ym	9180
https://www.cpc-power.com/YM/Now%20That%27s%20What%20I%20Call%20Chip%20Tunes%202%20-%20Preview%20-%203%20-%20Bad%20Moon%20by%20Damien.ym	9180
https://www.cpc-power.com/YM/Now%20That%27s%20What%20I%20Call%20Chip%20Tunes%202%20-%20Preview%20-%204%20-%20Chubby-Chip-Chip%20by%20TDK.ym	9180
https://www.cpc-power.com/YM/Now%20That%27s%20What%20I%20Call%20Chip%20Tunes%202%20-%20Preview%20-%205%20-%20Flimbo%27s%20Quest%20%28Complete%29%20by%20MoN.ym	9180
https://www.cpc-power.com/YM/Now%20That%27s%20What%20I%20Call%20Chip%20Tunes%202%20-%20Preview%20-%206%20-%20Flimbo%27s%20Quest%20%28Store%29%20by%20MoN.ym	9180
https://www.cpc-power.com/YM/Now%20That%27s%20What%20I%20Call%20Chip%20Tunes%202%20-%20Preview%20-%207%20-%20Hubbard%20Slides%20by%20Nemesis1.ym	9180
https://www.cpc-power.com/YM/Now%20That%27s%20What%20I%20Call%20Chip%20Tunes%202%20-%20Preview%20-%208%20-%20Jaba%20Point%20by%20Grim.ym	9180
https://www.cpc-power.com/YM/Now%20That%27s%20What%20I%20Call%20Chip%20Tunes%202%20-%20Preview%20-%209%20-%20Menuloader%20by%204-Mat.ym	9180
https://www.cpc-power.com/YM/Now%20That%27s%20What%20I%20Call%20Chip%20Tunes%202%20-%20Preview%20-%20A%20-%20Noname%20%28Share%20And%20Enjoy%29%20by%20Anty.ym	9180
https://www.cpc-power.com/YM/Now%20That%27s%20What%20I%20Call%20Chip%20Tunes%202%20-%20Preview%20-%20B%20-%20Pseudo%20Oops%20by%20Estrayk.ym	9180
https://www.cpc-power.com/YM/Now%20That%27s%20What%20I%20Call%20Chip%20Tunes%202%20-%20Preview%20-%20C%20-%20Super%20Mario%20Land%20by%20Reflex.ym	9180
https://www.cpc-power.com/YM/Now%20That%27s%20What%20I%20Call%20Chip%20Tunes%202%20-%20Preview%20-%20D%20-%20Synthdrum%20by%20Zzzzax.ym	9180
https://www.cpc-power.com/YM/Now%20That%27s%20What%20I%20Call%20Chip%20Tunes%202%20-%20Preview%20-%20E%20-%20Torvak%20%28Level%202%29%20by%20Matt%20Furniss.ym	9180
https://www.cpc-power.com/YM/Now%20That%27s%20What%20I%20Call%20Chip%20Tunes%202%20-%20Preview%20-%20F%20-%20X-It%20%28Ingame%201%29%20by%20Darren%20Wood.ym	9180
https://www.cpc-power.com/YM/Now%20That%27s%20What%20I%20Call%20Chip%20Tunes%202%20-%20Preview%20-%20G%20-%20Crazy%20Comets%20by%20Rob%20Hubbard.ym	9180
https://www.cpc-power.com/YM/Now%20That%27s%20What%20I%20Call%20Chip%20Tunes%202%20-%20Preview%20-%20H%20-%20Mission%20Impossible%20by%20Zorro.ym	9180
https://www.cpc-power.com/YM/Now%20That%27s%20What%20I%20Call%20Chip%20Tunes%202%20-%20Preview%20-%20I%20-%20Trollie%20Wallie%20by%20Graham%20Hansford.ym	9180
https://www.cpc-power.com/YM/Now%20That%27s%20What%20I%20Call%20Chip%20Tunes%202%20-%20Preview%20-%20J%20-%20Yellow%20Candy%20by%20Sire.ym	9180
https://www.cpc-power.com/YM/Bloc%20Us%20%282011%29%28Benediction-Brainstorm%29%28Ultrasyd%20of%20Brainstorm%29.ym	9181
https://www.cpc-power.com/YM/Nyan%20Cat%20%282011%29%28Impact%29%28McKlain%29.ym	9182
https://www.cpc-power.com/YM/Mad%20TV%20%281997%29%28Benediction%29%28Antitec%29.ym	9189
https://www.cpc-power.com/YM/Thessaloniki%20Meeting%202%20%281996%29%28Dirty%20Minds%29%28Antitec%29%28ST-128%20Module%29.ym	9190
https://www.cpc-power.com/YM/Zynaps%20Intro%20Screen%20%282011%29%28CPC-Wiki%29%28Neil%20Grieve%29.ym	9191
https://www.cpc-power.com/YM/Dangerous%20-%20Part%202%20%281995%29%28Arkos%29%28Music%20Pro%29.ym	9192
https://www.cpc-power.com/YM/Jukebox%201%20-%201%20-%20Abyss%20%282003%29%28RoundSoft%29%28Napo%29%28ST-128%20Module%29.ym	9216
https://www.cpc-power.com/YM/Jukebox%201%20-%202%20-%20L%20Aventurier%20%282003%29%28RoundSoft%29%28Napo%29%28ST-128%20Module%29.ym	9216
https://www.cpc-power.com/YM/Jukebox%201%20-%203%20-%20Cendrillon%20%282003%29%28RoundSoft%29%28Napo%29%28ST-128%20Module%29.ym	9216
https://www.cpc-power.com/YM/Jukebox%201%20-%204%20-%20Stach%20Stach%20%282003%29%28RoundSoft%29%28Napo%29%28ST-128%20Module%29.ym	9216
https://www.cpc-power.com/YM/Jukebox%202%20-%201%20-%20Bouba%20%282003%29%28RoundSoft%29%28Napo%29%28ST-128%20Module%29.ym	9217
https://www.cpc-power.com/YM/Jukebox%202%20-%202%20-%20Inspecteur%20Gadget%20%282003%29%28RoundSoft%29%28Napo%29%28ST-128%20Module%29.ym	9217
https://www.cpc-power.com/YM/Jukebox%202%20-%203%20-%20Mozart%20%282003%29%28RoundSoft%29%28Napo%29%28ST-128%20Module%29.ym	9217
https://www.cpc-power.com/YM/Jukebox%202%20-%204%20-%20Tenue%20de%20Soriee%20%282003%29%28RoundSoft%29%28Napo%29%28ST-128%20Module%29.ym	9217
https://www.cpc-power.com/YM/Jukebox%203%20-%201%20-%20Aicha%20%282003%29%28RoundSoft%29%28Napo%29%28ST-128%20Module%29.ym	9218
https://www.cpc-power.com/YM/Jukebox%203%20-%202%20-%20Capitaine%20Flam%20%282003%29%28RoundSoft%29%28Napo%29%28ST-128%20Module%29.ym	9218
https://www.cpc-power.com/YM/Jukebox%203%20-%203%20-%20Sans%20Contrefacons%20%282003%29%28RoundSoft%29%28Napo%29%28ST-128%20Module%29.ym	9218
https://www.cpc-power.com/YM/Jukebox%203%20-%204%20-%20Santiano%20%282003%29%28RoundSoft%29%28Napo%29%28ST-128%20Module%29.ym	9218
https://www.cpc-power.com/YM/Thessaloniki%20Meeting%20-%20Part%201%20%281993%29%28Dirty%20Minds%29%28ST-Module%29.ym	9225
https://www.cpc-power.com/YM/Thessaloniki%20Meeting%20-%20Part%203%20%281993%29%28Dirty%20Minds%29%28ST-Module%29.ym	9225
https://www.cpc-power.com/YM/FOReVER%20XIII%20-%20Wolfenstrad%20%282012%29%28Dirty%20Minds%29%28Sice%29%28ST-128%20Module%29.ym	9247
https://www.cpc-power.com/YM/Wake%20Up%20%21%20%282012%29%28Benediction%29%28McKlain%29.ym	9248
https://www.cpc-power.com/YM/Wake%20Up%20%21%20End%20%282012%29%28Benediction%29%28dMA-SC%29.ym	9248
https://www.cpc-power.com/YM/sToP%20thAT%20NyaN%20caT%21%20%282012%29%28Benediction%29%28Factor6%29.ym	9249
https://www.cpc-power.com/YM/NightShift%20The%20Album%20-%200%20-%20Blue%20Angel%2069%20Mix%20%282012%29%28Public%20Domain%29%28Mr%20Lou%29%28StArkOs%29.ym	9250
https://www.cpc-power.com/YM/NightShift%20The%20Album%20-%201%20-%20Coders%20Dream%20%282012%29%28Public%20Domain%29%28Mr%20Lou%29%28StArkOs%29.ym	9250
https://www.cpc-power.com/YM/NightShift%20The%20Album%20-%202%20-%20Stepping%20Out%20%282012%29%28Public%20Domain%29%28Mr%20Lou%29%28StArkOs%29.ym	9250
https://www.cpc-power.com/YM/NightShift%20The%20Album%20-%203%20-%20Bloodstains%20%282012%29%28Public%20Domain%29%28Mr%20Lou%29%28StArkOs%29.ym	9250
https://www.cpc-power.com/YM/NightShift%20The%20Album%20-%204%20-%20Asian%20Agent%20%282012%29%28Public%20Domain%29%28Mr%20Lou%29%28StArkOs%29.ym	9250
https://www.cpc-power.com/YM/NightShift%20The%20Album%20-%205%20-%20Nightshift%20%282012%29%28Public%20Domain%29%28Mr%20Lou%29%28StArkOs%29.ym	9250
https://www.cpc-power.com/YM/NightShift%20The%20Album%20-%206%20-%20Robotron%20%282012%29%28Public%20Domain%29%28Mr%20Lou%29%28StArkOs%29.ym	9250
https://www.cpc-power.com/YM/NightShift%20The%20Album%20-%207%20-%20Darkness%20%282012%29%28Public%20Domain%29%28Mr%20Lou%29%28StArkOs%29.ym	9250
https://www.cpc-power.com/YM/NightShift%20The%20Album%20-%208%20-%20Icescape%20%282012%29%28Public%20Domain%29%28Mr%20Lou%29%28StArkOs%29.ym	9250
https://www.cpc-power.com/YM/NightShift%20The%20Album%20-%209%20-%20Rabbit%20%282012%29%28Public%20Domain%29%28Mr%20Lou%29%28StArkOs%29.ym	9250
https://www.cpc-power.com/YM/NightShift%20The%20Album%20-%20A%20-%20Forge%20%282012%29%28Public%20Domain%29%28Mr%20Lou%29%28StArkOs%29.ym	9250
https://www.cpc-power.com/YM/Techno%202000%20Demo%20-%20Anthem%20%282000%29%28Brothers%29%28Catloc%29%28ST-128%20Module%29.ym	9252
https://www.cpc-power.com/YM/Techno%202000%20Demo%20-%20Constrat%20%282000%29%28Brothers%29%28Catloc%29%28ST-128%20Module%29.ym	9252
https://www.cpc-power.com/YM/Techno%202000%20Demo%20-%20Cyber%20%282000%29%28Brothers%29%28Catloc%29%28ST-128%20Module%29.ym	9252
https://www.cpc-power.com/YM/Techno%202000%20Demo%20-%20Ode%20To%20Fun%20%282000%29%28Brothers%29%28Catloc%29%28ST-128%20Module%29.ym	9252
https://www.cpc-power.com/YM/Techno%202000%20Demo%20-%20Track%2041%20%282000%29%28Brothers%29%28Catloc%29%28ST-128%20Module%29.ym	9252
https://www.cpc-power.com/YM/Techno%202000%20Demo%20-%20Track%2041%20Remix%20%282000%29%28Brothers%29%28Catloc%29%28ST-128%20Module%29.ym	9252
https://www.cpc-power.com/YM/Tree%20Issue%201%20-%20Intro%20%281999%29%28Brothers%29%28FG%20Brain%29%28ST-128%20Module%29.ym	9253
https://www.cpc-power.com/YM/Tree%20Issue%201%20-%20Menu%20%281999%29%28Brothers%29%28FG%20Brain%29%28ST-128%20Module%29.ym	9253
https://www.cpc-power.com/YM/Tree%20Issue%201%20-%20Part%202%20%281999%29%28Brothers%29%28FG%20Brain%29%28ST-128%20Module%29.ym	9253
https://www.cpc-power.com/YM/Tree%20Issue%201%20-%20Part%203-1%20%281999%29%28Brothers%29%28FG%20Brain%29%28ST-128%20Module%29.ym	9253
https://www.cpc-power.com/YM/Tree%20Issue%201%20-%20Part%203-2%20%281999%29%28Brothers%29%28FG%20Brain%29%28ST-128%20Module%29.ym	9253
https://www.cpc-power.com/YM/Tree%20Issue%201%20-%20Part%204%20%281999%29%28Brothers%29%28FG%20Brain%29%28ST-Module%29.ym	9253
https://www.cpc-power.com/YM/Tree%20Issue%201%20-%20Part%205%20%281999%29%28Brothers%29%28FG%20Brain%29%28ST-Module%29.ym	9253
https://www.cpc-power.com/YM/Tree%20Issue%202%20-%20Edifying%20Narratives%20-%20Listen%20to%20Your%20Heart%20%282002%29%28Brothers%29%28FG%20Brain%29%28ST-128%20Module%29.ym	9254
https://www.cpc-power.com/YM/Tree%20Issue%202%20-%20Editorial%20%282002%29%28Brothers%29%28ST-128%20Module%29.ym	9254
https://www.cpc-power.com/YM/Tree%20Issue%202%20-%20Intro%20%282002%29%28Brothers%29%28FG%20Brain%29%28ST-128%20Module%29.ym	9254
https://www.cpc-power.com/YM/Tree%20Issue%202%20-%20Invaluable%20Apophthegmatics%20-%20Glow%20%282002%29%28Brothers%29%28ST-128%20Module%29.ym	9254
https://www.cpc-power.com/YM/Tree%20Issue%202%20-%20Poems%20-%20Bach%20%282002%29%28Brothers%29%28Catloc%29%28ST-128%20Module%29.ym	9254
https://www.cpc-power.com/YM/Tree%20Issue%202%20-%20Scene%20News%20%282002%29%28Brothers%29%28ST-Module%29.ym	9254
https://www.cpc-power.com/YM/Christmas%202001%20-%20Intro%20%282002%29%28Brothers%29%28FG%20Brain%29%28ST-128%20Module%29.ym	9256
https://www.cpc-power.com/YM/Christmas%202001%20-%20Part%201%20%282002%29%28Brothers%29%28FG%20Brain%29%28ST-Module%29.ym	9256
https://www.cpc-power.com/YM/Christmas%202001%20-%20Part%202%20-%20Music%201%20%282002%29%28Brothers%29%28FG%20Brain%29%28ST-128%20Module%29.ym	9256
https://www.cpc-power.com/YM/Christmas%202001%20-%20Part%202%20-%20Music%202%20%282002%29%28Brothers%29%28FG%20Brain%29%28ST-128%20Module%29.ym	9256
https://www.cpc-power.com/YM/Christmas%202001%20-%20Part%202%20-%20Music%203%20%282002%29%28Brothers%29%28FG%20Brain%29%28ST-128%20Module%29.ym	9256
https://www.cpc-power.com/YM/Christmas%202001%20-%20Part%202%20-%20Music%204%20%282002%29%28Brothers%29%28FG%20Brain%29%28ST-128%20Module%29.ym	9256
https://www.cpc-power.com/YM/Altars%20Of%20Madness%2000%20%281994%29%28SWAB%20System%29%28ST128-Module%29.ym	9257
https://www.cpc-power.com/YM/Altars%20Of%20Madness%2001%20%281994%29%28SWAB%20System%29%28ST128-Module%29.ym	9257
https://www.cpc-power.com/YM/Altars%20Of%20Madness%2002%20%281994%29%28SWAB%20System%29%28ST128-Module%29.ym	9257
https://www.cpc-power.com/YM/Altars%20Of%20Madness%2003%20%281994%29%28SWAB%20System%29%28ST128-Module%29.ym	9257
https://www.cpc-power.com/YM/Altars%20Of%20Madness%2004%20%281994%29%28SWAB%20System%29%28ST128-Module%29.ym	9257
https://www.cpc-power.com/YM/Altars%20Of%20Madness%2005%20%281994%29%28SWAB%20System%29%28ST128-Module%29.ym	9257
https://www.cpc-power.com/YM/Altars%20Of%20Madness%2006%20%281994%29%28SWAB%20System%29%28ST128-Module%29.ym	9257
https://www.cpc-power.com/YM/Altars%20Of%20Madness%2007%20%281994%29%28SWAB%20System%29%28ST128-Module%29.ym	9257
https://www.cpc-power.com/YM/Altars%20Of%20Madness%2008%20%281994%29%28SWAB%20System%29%28ST128-Module%29.ym	9257
https://www.cpc-power.com/YM/Altars%20Of%20Madness%2009%20%281994%29%28SWAB%20System%29%28ST128-Module%29.ym	9257
https://www.cpc-power.com/YM/Altars%20Of%20Madness%2010%20%281994%29%28SWAB%20System%29%28ST128-Module%29.ym	9257
https://www.cpc-power.com/YM/Altars%20Of%20Madness%2011%20%281994%29%28SWAB%20System%29%28ST128-Module%29.ym	9257
https://www.cpc-power.com/YM/Altars%20Of%20Madness%2012%20%281994%29%28SWAB%20System%29%28ST128-Module%29.ym	9257
https://www.cpc-power.com/YM/Altars%20Of%20Madness%2013%20%281994%29%28SWAB%20System%29%28ST128-Module%29.ym	9257
https://www.cpc-power.com/YM/Altars%20Of%20Madness%2014%20%281994%29%28SWAB%20System%29%28ST128-Module%29.ym	9257
https://www.cpc-power.com/YM/Altars%20Of%20Madness%2015%20%281994%29%28SWAB%20System%29%28ST128-Module%29.ym	9257
https://www.cpc-power.com/YM/Altars%20Of%20Madness%2016%20%281994%29%28SWAB%20System%29%28ST128-Module%29.ym	9257
https://www.cpc-power.com/YM/Altars%20Of%20Madness%2017%20%281994%29%28SWAB%20System%29%28ST128-Module%29.ym	9257
https://www.cpc-power.com/YM/Altars%20Of%20Madness%2018%20%281994%29%28SWAB%20System%29%28ST128-Module%29.ym	9257
https://www.cpc-power.com/YM/Altars%20Of%20Madness%2019%20%281994%29%28SWAB%20System%29%28ST128-Module%29.ym	9257
https://www.cpc-power.com/YM/Altars%20Of%20Madness%2020%20%281994%29%28SWAB%20System%29%28ST128-Module%29.ym	9257
https://www.cpc-power.com/YM/Altars%20Of%20Madness%2021%20%281994%29%28SWAB%20System%29%28ST128-Module%29.ym	9257
https://www.cpc-power.com/YM/Altars%20Of%20Madness%2022%20%281994%29%28SWAB%20System%29%28ST128-Module%29.ym	9257
https://www.cpc-power.com/YM/Altars%20Of%20Madness%2023%20%281994%29%28SWAB%20System%29%28ST128-Module%29.ym	9257
https://www.cpc-power.com/YM/Altars%20Of%20Madness%2024%20%281994%29%28SWAB%20System%29%28ST128-Module%29.ym	9257
https://www.cpc-power.com/YM/Altars%20Of%20Madness%2025%20%281994%29%28SWAB%20System%29%28ST128-Module%29.ym	9257
https://www.cpc-power.com/YM/Glory%20Holes%20%282012%29%28Benediction%29%28Tom%20%26%20Jerry%29.ym	9262
https://www.cpc-power.com/YM/Thunder%20Cats%20Demo%20%281987%29%28Elite%20System%20Ltd%29%28David%20Whittaker%29.ym	9295
https://www.cpc-power.com/YM/Compact%20Disc%20-%201%20%281990%29%28Black%20System%29%28Luc%20Guillaume%29.ym	9309
https://www.cpc-power.com/YM/Compact%20Disc%20-%202%20%281990%29%28Black%20System%29%28Luc%20Guillaume%29.ym	9309
https://www.cpc-power.com/YM/Compact%20Disc%20-%203%20%281990%29%28Black%20System%29%28Luc%20Guillaume%29.ym	9309
https://www.cpc-power.com/YM/Compact%20Disc%20-%204%20%281990%29%28Black%20System%29%28Luc%20Guillaume%29.ym	9309
https://www.cpc-power.com/YM/Compact%20Disc%20-%205%20%281990%29%28Black%20System%29%28Luc%20Guillaume%29.ym	9309
https://www.cpc-power.com/YM/Compact%20Disc%20-%206%20%281990%29%28Black%20System%29%28Luc%20Guillaume%29.ym	9309
https://www.cpc-power.com/YM/Compact%20Disc%20-%207%20%281990%29%28Black%20System%29%28Luc%20Guillaume%29.ym	9309
https://www.cpc-power.com/YM/Compact%20Disc%20-%208%20%281990%29%28Black%20System%29%28Luc%20Guillaume%29.ym	9309
https://www.cpc-power.com/YM/Imaginario%20Colectivo%20-%20Intro%20%282012%29%28ESP%20Soft%29%28John%20McKlain%29%28StArkos%29.ym	9316
https://www.cpc-power.com/YM/Imaginario%20Colectivo%20-%20Menu%20%282012%29%28ESP%20Soft%29%28John%20McKlain%29%28StArkos%29.ym	9316
https://www.cpc-power.com/YM/Imaginario%20Colectivo%20-%20Before%20Game%20%282012%29%28ESP%20Soft%29%28John%20McKlain%29%28StArkos%29.ym	9316
https://www.cpc-power.com/YM/Imaginario%20Colectivo%20-%20Level%201%20%282012%29%28ESP%20Soft%29%28John%20McKlain%29%28StArkos%29.ym	9316
https://www.cpc-power.com/YM/Freedelire%20The%20Meeting%20%281994%29%28Mortel%29%28ST-Module%29.ym	9386
https://www.cpc-power.com/YM/Soiree%20De%20Claquettes%20Avec%20Les%20Freres%20Flox%20%281986%29%28Amstrad%20Magazine%29%28Jerome%20DOMINOT%29.ym5	9424
https://www.cpc-power.com/YM/Sundown%202012%20-%20Sugarlumps%20%282012%29%28Public%20Domain%29%28Mr.%20Lou%29%28StArkos%29.ym	9502
https://www.cpc-power.com/YM/D.%20Day%20%281992%29%28Loriciels%29%28Basic%29.ym	9528
https://www.cpc-power.com/YM/Plissken%20Slide%20show%20%282001%29%28Public%20Domain%29.ym	9531
https://www.cpc-power.com/YM/Some%20More%20ChipTunes%20-%201%20-%20Fools%27N%27Ghouls%20%28Epyteor%29%282012%29%28SuTeKH%29%28StarkOs%29.ym	9548
https://www.cpc-power.com/YM/Some%20More%20ChipTunes%20-%202%20-%20Hammock%20Power%21%20%28Epyteor%29%282012%29%28SuTeKH%29%28StarkOs%29.ym	9548
https://www.cpc-power.com/YM/Some%20More%20ChipTunes%20-%203%20-%20No%20Worries%20%28Epyteor%29%282012%29%28SuTeKH%29%28StarkOs%29.ym	9548
https://www.cpc-power.com/YM/Some%20More%20ChipTunes%20-%204%20-%20Centuries%20%28Epyteor%29%282012%29%28SuTeKH%29%28StarkOs%29.ym	9548
https://www.cpc-power.com/YM/Some%20More%20ChipTunes%20-%205%20-%20Sax-Solo%20%28Epyteor%29%282012%29%28SuTeKH%29%28StarkOs%29.ym	9548
https://www.cpc-power.com/YM/Some%20More%20ChipTunes%20-%206%20-%20Uridium%202%20%28Epyteor%29%282012%29%28SuTeKH%29%28StarkOs%29.ym	9548
https://www.cpc-power.com/YM/This%20Musicdisk%20Is%20About%2020%20Cooler%20-%20A%20%28Epyteor%29%282012%29%28SuTeKH%29%28StarkOs%29.ym	9549
https://www.cpc-power.com/YM/This%20Musicdisk%20Is%20About%2020%20Cooler%20-%20B%20%28Epyteor%29%282012%29%28SuTeKH%29%28StarkOs%29.ym	9549
https://www.cpc-power.com/YM/This%20Musicdisk%20Is%20About%2020%20Cooler%20-%20C%20%28Epyteor%29%282012%29%28SuTeKH%29%28StarkOs%29.ym	9549
https://www.cpc-power.com/YM/This%20Musicdisk%20Is%20About%2020%20Cooler%20-%20D%20%28Epyteor%29%282012%29%28SuTeKH%29%28StarkOs%29.ym	9549
https://www.cpc-power.com/YM/This%20Musicdisk%20Is%20About%2020%20Cooler%20-%20E%20%28Epyteor%29%282012%29%28SuTeKH%29%28StarkOs%29.ym	9549
https://www.cpc-power.com/YM/This%20Musicdisk%20Is%20About%2020%20Cooler%20-%20F%20%28Epyteor%29%282012%29%28SuTeKH%29%28StarkOs%29.ym	9549
https://www.cpc-power.com/YM/This%20Musicdisk%20Is%20About%2020%20Cooler%20-%20G%20%28Epyteor%29%282012%29%28SuTeKH%29%28StarkOs%29.ym	9549
https://www.cpc-power.com/YM/This%20Musicdisk%20Is%20About%2020%20Cooler%20-%20H%20%28Epyteor%29%282012%29%28SuTeKH%29%28StarkOs%29.ym	9549
https://www.cpc-power.com/YM/This%20Musicdisk%20Is%20About%2020%20Cooler%20-%20I%20%28Epyteor%29%282012%29%28SuTeKH%29%28StarkOs%29.ym	9549
https://www.cpc-power.com/YM/This%20Musicdisk%20Is%20About%2020%20Cooler%20-%20J%20%28Epyteor%29%282012%29%28SuTeKH%29%28StarkOs%29.ym	9549
https://www.cpc-power.com/YM/This%20Musicdisk%20Is%20About%2020%20Cooler%20-%20K%20%28Epyteor%29%282012%29%28SuTeKH%29%28StarkOs%29.ym	9549
https://www.cpc-power.com/YM/This%20Musicdisk%20Is%20About%2020%20Cooler%20-%20L%20%28Epyteor%29%282012%29%28SuTeKH%29%28StarkOs%29.ym	9549
https://www.cpc-power.com/YM/This%20Musicdisk%20Is%20About%2020%20Cooler%20-%20M%20%28Epyteor%29%282012%29%28SuTeKH%29%28StarkOs%29.ym	9549
https://www.cpc-power.com/YM/This%20Musicdisk%20Is%20About%2020%20Cooler%20-%20N%20%28Epyteor%29%282012%29%28SuTeKH%29%28StarkOs%29.ym	9549
https://www.cpc-power.com/YM/This%20Musicdisk%20Is%20About%2020%20Cooler%20-%20O%20%28Epyteor%29%282012%29%28SuTeKH%29%28StarkOs%29.ym	9549
https://www.cpc-power.com/YM/This%20Musicdisk%20Is%20About%2020%20Cooler%20-%20P%20%28Epyteor%29%282012%29%28SuTeKH%29%28StarkOs%29.ym	9549
https://www.cpc-power.com/YM/This%20Musicdisk%20Is%20About%2020%20Cooler%20-%20Q%20%28Epyteor%29%282012%29%28SuTeKH%29%28StarkOs%29.ym	9549
https://www.cpc-power.com/YM/This%20Musicdisk%20Is%20About%2020%20Cooler%20-%20R%20%28Epyteor%29%282012%29%28SuTeKH%29%28StarkOs%29.ym	9549
https://www.cpc-power.com/YM/This%20Musicdisk%20Is%20About%2020%20Cooler%20-%20S%20%28Epyteor%29%282012%29%28SuTeKH%29%28StarkOs%29.ym	9549
https://www.cpc-power.com/YM/This%20Musicdisk%20Is%20About%2020%20Cooler%20-%20T%20%28Epyteor%29%282012%29%28SuTeKH%29%28StarkOs%29.ym	9549
https://www.cpc-power.com/YM/This%20Musicdisk%20Is%20About%2020%20Cooler%20-%20U%20%28Epyteor%29%282012%29%28SuTeKH%29%28StarkOs%29.ym	9549
https://www.cpc-power.com/YM/This%20Musicdisk%20Is%20About%2020%20Cooler%20-%20V%20%28Epyteor%29%282012%29%28SuTeKH%29%28StarkOs%29.ym	9549
https://www.cpc-power.com/YM/This%20Musicdisk%20Is%20About%2020%20Cooler%20-%20W%20%28Epyteor%29%282012%29%28SuTeKH%29%28StarkOs%29.ym	9549
https://www.cpc-power.com/YM/This%20Musicdisk%20Is%20About%2020%20Cooler%20-%20X%20%28Epyteor%29%282012%29%28SuTeKH%29%28StarkOs%29.ym	9549
https://www.cpc-power.com/YM/This%20Musicdisk%20Is%20About%2020%20Cooler%20-%20Y%20%28Epyteor%29%282012%29%28SuTeKH%29%28StarkOs%29.ym	9549
https://www.cpc-power.com/YM/This%20Musicdisk%20Is%20About%2020%20Cooler%20-%20Z%20%28Epyteor%29%282012%29%28SuTeKH%29%28StarkOs%29.ym	9549
https://www.cpc-power.com/YM/Megablasters%20Demo%20Game%20Mode%20Game%20Over%20%281994%29%28Radical%20Software%29.ym	9553
https://www.cpc-power.com/YM/Megablasters%20Demo%20Game%20Mode%20Ingame%20%281994%29%28Radical%20Software%29.ym	9553
https://www.cpc-power.com/YM/Megablasters%20Demo%20Game%20Mode%20Intro%20Game%20%281994%29%28Radical%20Software%29.ym	9553
https://www.cpc-power.com/YM/Megablasters%20Demo%20Game%20Mode%20Map%20%281994%29%28Radical%20Software%29.ym	9553
https://www.cpc-power.com/YM/Megablasters%20Demo%20Game%20Mode%20Menu%20%281994%29%28Radical%20Software%29.ym	9553
https://www.cpc-power.com/YM/Megablasters%20Demo%20Battle%20Mode%20%281994%29%28Radical%20Software%29.ym	9554
https://www.cpc-power.com/YM/Megablasters%20Demo%20Battle%20Mode%20Ingame%20%281994%29%28Radical%20Software%29.ym	9554
https://www.cpc-power.com/YM/Sudoku%20Demo%201-2%20%282008%29%28Chronosoft%29%28Herve%20Monchatre%29.ym	9555
https://www.cpc-power.com/YM/Sudoku%20Demo%202-2%20%282008%29%28Chronosoft%29%28Herve%20Monchatre%29.ym	9555
https://www.cpc-power.com/YM/Balloonacy%20Demo%20%282007%29%28Cronosoft%29.ym	9556
https://www.cpc-power.com/YM/Zap%27T%27Balls%20Demo%20%281992%29%28CPC%20Amstrad%20International%29%28Weee%29.ym	9561
https://www.cpc-power.com/YM/Yet%20Another%20Plasma%20%282012%29%28Logon%20System%29%28McKlain%29.ym	9589
https://www.cpc-power.com/YM/Skylab%20%281987%29%28Chip%29.ym	9620
https://www.cpc-power.com/YM/Midnight%20Express%27s%20Melody%20%2819xx%29%28Public%20Domain%29%28Basic%29.ym	9655
https://www.cpc-power.com/YM/Battle%20Of%20Rome%20%281995%29%28POW%21%29%28StArkos%29.ym	9670
https://www.cpc-power.com/YM/Misfit%20%281991%29%28Public%20Domain%29%28Sean%20McManus%29.ym	9708
https://www.cpc-power.com/YM/Navidad%20Esp-Soft%20%282012%29%28ESP%20Soft%29%28John%20McKlain%29%28StArkos%29.ym	9718
https://www.cpc-power.com/YM/Knights%20%26%20Demons%20%282013%29%28Kabuto%20Factory%29%28Baron%20Ashler%29%28StArkos%29.ym	9942
https://www.cpc-power.com/YM/FOReVER%202013%20-%20Mind%20In%20Motion%20%282013%29%28Software%20Failure%29%28Ham%29%28StArkos%29.ym	9945
https://www.cpc-power.com/YM/Still%20Rising%20%282013%29%28Vanity%29%28Ultrasyd%29%28StArkos%29.ym	9970
https://www.cpc-power.com/YM/Still%20Rising%20-%20Pulpo%20%282013%29%28Vanity%29%28Ultrasyd%29%28StArkos%29.ym	9970
https://www.cpc-power.com/YM/Luft%20Ballon%20%282013%29%28Public%20Domain%29%28Bruno%20Vignoli%29%28StArkos%29.ym	9977
https://www.cpc-power.com/YM/Overkoban%20-%20Menu%20%282013%29%28Futility%20Games%29%28Tom%20%26%20Jerry%29%28StArkos%29.ym	10009
https://www.cpc-power.com/YM/Overkoban%20-%20Music%201%20%282013%29%28Futility%20Games%29%28Tom%20%26%20Jerry%29%28StArkos%29.ym	10009
https://www.cpc-power.com/YM/Overkoban%20-%20Music%202%20%282013%29%28Futility%20Games%29%28Tom%20%26%20Jerry%29%28StArkos%29.ym	10009
https://www.cpc-power.com/YM/Captain%20Fizz%20%281989%29%28Psyclapse%29%28David%20Whittaker%29.ym	10014
https://www.cpc-power.com/YM/Phortem%20-%20Theme%201%20%282013%29%28Condense%29%28DMA-SC%29%28AYC%29.ym	10030
https://www.cpc-power.com/YM/Phortem%20-%20Theme%202%20%282013%29%28Condense%29%28DMA-SC%29%28AYC%29.ym	10030
https://www.cpc-power.com/YM/CharDesigner%20v1.0%20%281996%29%28Exodus%29%28Joshua%29%28ST-128%20Module%29.ym	10035
https://www.cpc-power.com/YM/Uwol%20-%20Quest%20For%20Money%20%282013%29%28Public%20Domain%29%28DaDman%29%28StArkos%29.ym	10069
https://www.cpc-power.com/YM/Relentless%20-%20Menu%20%282013%29%28Psytronik%20Software%29%28Tom%20%26%20Jerry%29%28StArkos%29.ym	10072
https://www.cpc-power.com/YM/Relentless%20-%20End%20%282013%29%28Psytronik%20Software%29%28Tom%20%26%20Jerry%29%28StArkos%29.ym	10072
https://www.cpc-power.com/YM/Relentless%20-%20Game%20Over%20%282013%29%28Psytronik%20Software%29%28Tom%20%26%20Jerry%29%28StArkos%29.ym	10072
https://www.cpc-power.com/YM/Relentless%20-%20Teaser%20%282013%29%28Psytronik%20Software%29%28Tom%20%26%20Jerry%29%28StArkos%29.ym	10073
https://www.cpc-power.com/YM/Floopy%2002%20-%20Boites%20%281987%29%28Infomedia%29%28Basic%29.ym	10098
https://www.cpc-power.com/YM/Floopy%2002%20-%20Coins%20Coins%20%281987%29%28Infomedia%29%28Basic%29.ym	10098
https://www.cpc-power.com/YM/Floopy%2002%20-%20Courrier%20%281987%29%28Infomedia%29%28Basic%29.ym	10098
https://www.cpc-power.com/YM/Floopy%2002%20-%20Editorial%20%281987%29%28Infomedia%29%28Basic%29.ym	10098
https://www.cpc-power.com/YM/Floopy%2002%20-%20Essai%20%281987%29%28Infomedia%29%28Basic%29.ym	10098
https://www.cpc-power.com/YM/Floopy%2002%20-%20Feuilleton%20%281987%29%28Infomedia%29%28Basic%29.ym	10098
https://www.cpc-power.com/YM/Floopy%2002%20-%20Intro%20%281987%29%28Infomedia%29%28Basic%29.ym	10098
https://www.cpc-power.com/YM/Floopy%2002%20-%20Logiciels%20%281987%29%28Infomedia%29%28Basic%29.ym	10098
https://www.cpc-power.com/YM/Floopy%2002%20-%20Menu%20%281987%29%28Infomedia%29%28Basic%29.ym	10098
https://www.cpc-power.com/YM/Floopy%2002%20-%20Programmes%20%281987%29%28Infomedia%29%28Basic%29.ym	10098
https://www.cpc-power.com/YM/Floopy%2002%20-%20Puces%20%281987%29%28Infomedia%29%28Basic%29.ym	10098
https://www.cpc-power.com/YM/Floopy%2004%20-%20Intro%20%281987%29%28Infomedia%29%28Basic%29.ym	10100
https://www.cpc-power.com/YM/Floopy%2004%20-%20Menu%20%281987%29%28Infomedia%29%28Basic%29.ym	10100
https://www.cpc-power.com/YM/Floopy%2004%20-%200%20-%20Concours%20%281987%29%28Infomedia%29%28Basic%29.ym	10100
https://www.cpc-power.com/YM/Floopy%2004%20-%201%20-%20Editorial%20%281987%29%28Infomedia%29%28Basic%29.ym	10100
https://www.cpc-power.com/YM/Floopy%2004%20-%202%20-%20Courrier%20%281987%29%28Infomedia%29%28Basic%29.ym	10100
https://www.cpc-power.com/YM/Floopy%2004%20-%203%20-%20Coin%20Coin%20%281987%29%28Infomedia%29%28Basic%29.ym	10100
https://www.cpc-power.com/YM/Floopy%2004%20-%204%20-%20Logiciels%20%281987%29%28Infomedia%29%28Basic%29.ym	10100
https://www.cpc-power.com/YM/Floopy%2004%20-%205%20-%20Marche%20%281987%29%28Infomedia%29%28Basic%29.ym	10100
https://www.cpc-power.com/YM/Floopy%2004%20-%206%20-%20Banc%20Essai%20%281987%29%28Infomedia%29%28Basic%29.ym	10100
https://www.cpc-power.com/YM/Floopy%2004%20-%207%20-%20Programmes%20%281987%29%28Infomedia%29%28Basic%29.ym	10100
https://www.cpc-power.com/YM/Floopy%2004%20-%208%20-%20BAO%20%281987%29%28Infomedia%29%28Basic%29.ym	10100
https://www.cpc-power.com/YM/Procrastinopolis%20%282013%29%28Dirty%20Minds%29%28Sice%29%28StArkos%29.ym	10109
https://www.cpc-power.com/YM/Reset%2010%20-%20Summer%20Night%20Rejection%20%282013%29%28Public%20Domain%29%28Brink%29%28StArkos%29.ym	10121
https://www.cpc-power.com/YM/Reset%2010%20-%20Ha3dpabe%20%282013%29%28Public%20Domain%29%28Tony%29%28ST-128%20Module%29.ym	10122
https://www.cpc-power.com/YM/Reset%2010%20-%20EgoTrip%20Player%201-3%20%282019%29%28Public%20Domain%29%28EgoTrip%29%28StArkos%29.ym	10123
https://www.cpc-power.com/YM/Reset%2010%20-%20EgoTrip%20Player%202-3%20%282019%29%28Public%20Domain%29%28EgoTrip%29%28StArkos%29.ym	10123
https://www.cpc-power.com/YM/Reset%2010%20-%20EgoTrip%20Player%203-3%20%282019%29%28Public%20Domain%29%28EgoTrip%29%28StArkos%29.ym	10123
https://www.cpc-power.com/YM/Lotomatic%20%281987%29%28Infomedia%29%28Basic%29.ym	10130
https://www.cpc-power.com/YM/Walkyrie%20%281985%29%28JRD%29%28Basic%29.ym	10133
https://www.cpc-power.com/YM/Commando%20Spatial%20%281989%29%28Les%20Sucres%20En%20Morceaux%29%28Renaud%20DERBOIS%29%28Basic%29.ym	10137
https://www.cpc-power.com/YM/Lab%20Escape%20%282013%29%28Public%20Domain%29%28EgoTrip%29%28StArkos%29.ym	10179
https://www.cpc-power.com/YM/Amstrad%20CPC%20User%2003%20%281990%29%28Amstrad%20Sinclair%20Ocio%29%28Luis%20Jorge%20Garcia%29.ym	10194
https://www.cpc-power.com/YM/Frag-Quiz%20-%20Menu%20%281988%29%28MSP%29%28Basic%29.ym	10258
https://www.cpc-power.com/YM/Frag-Quiz%20-%20Title%20%281988%29%28MSP%29%28Basic%29.ym	10258
https://www.cpc-power.com/YM/Scoop%20Senior%20%281989%29%28Generation%205%29%28Alain%20Laurent%29%28Basic%29.ym	10264
https://www.cpc-power.com/YM/Cherche%20Les%20Moities%20%281990%29%28CPC%29%28Henri%20Chauvet%29%28Basic%29.ym	10279
https://www.cpc-power.com/YM/Cracktro%20Humphrey%20%282013%29%28Cngsoft%29.ym	10297
https://www.cpc-power.com/YM/Hi-Tech%20-1st%20Preview%20%281992%29%28Logon%20System%29%28Duffy%29%28Music%20Pro%29.ym	10301
https://www.cpc-power.com/YM/Jigsaw%20Rescue%20%282013%29%28Public%20Domain%29%28EgoTrip%29%28StArkos%29.ym	10309
https://www.cpc-power.com/YM/Kubmic%20%282013%29%28Futur%20Anterieur%29%28Ashnar%20of%20BHG%29%28ProTracker%203.3%29.ym	10328
https://www.cpc-power.com/YM/Alphaville%20-%20Big%20In%20Japan%20%282008%29%28Revival%29%28Devilmarkus%29%28ST-128%20Module%29.ym	10346
https://www.cpc-power.com/YM/Impact%20Issue%203%20%281994%29%28Public%20Domain%29%28ST-Module%29.ym	10368
https://www.cpc-power.com/YM/The%20First%20Try%21%20-%20Part%201%20%281996%29%28Exodus%29%28Koopa%20Troopa%29%28ST-128%20Module%29.ym	10387
https://www.cpc-power.com/YM/The%20First%20Try%21%20-%20Part%202%20%281996%29%28Exodus%29%28Koopa%20Troopa%29%28ST-128%20Module%29.ym	10387
https://www.cpc-power.com/YM/The%20First%20Try%21%20-%20Part%203%20%281996%29%28Exodus%29%28Koopa%20Troopa%29%28ST-128%20Module%29.ym	10387
https://www.cpc-power.com/YM/Sly%20Spy%20Musics%20-%2002%20%282013%29%28Public%20Domain%29%28Geoff%20Follin%29%28AYC%29.ym	10389
https://www.cpc-power.com/YM/Sly%20Spy%20Musics%20-%2005%20%282013%29%28Public%20Domain%29%28Geoff%20Follin%29%28AYC%29.ym	10389
https://www.cpc-power.com/YM/Sly%20Spy%20Musics%20-%2010%20%282013%29%28Public%20Domain%29%28Geoff%20Follin%29%28AYC%29.ym	10389
https://www.cpc-power.com/YM/Sly%20Spy%20Musics%20-%2013%20%282013%29%28Public%20Domain%29%28Geoff%20Follin%29%28AYC%29.ym	10389
https://www.cpc-power.com/YM/Sly%20Spy%20Musics%20-%2014%20%282013%29%28Public%20Domain%29%28Geoff%20Follin%29%28AYC%29.ym	10389
https://www.cpc-power.com/YM/Sly%20Spy%20Musics%20-%2015%20%282013%29%28Public%20Domain%29%28Geoff%20Follin%29%28AYC%29.ym	10389
https://www.cpc-power.com/YM/Memotion%20%281989%29%28Public%20Domain%29%28Guillaume%29%28Basic%29.ym	10413
https://www.cpc-power.com/YM/La%20Guerra%20De%20Gamber%201-3%20%282014%29%28ESP%20Soft%29%28John%20McKlain%29%28StArkos%29.ym	10458
https://www.cpc-power.com/YM/La%20Guerra%20De%20Gamber%202-3%20%282014%29%28ESP%20Soft%29%28John%20McKlain%29%28StArkos%29.ym	10458
https://www.cpc-power.com/YM/La%20Guerra%20De%20Gamber%203-3%20%282014%29%28ESP%20Soft%29%28John%20McKlain%29%28StArkos%29.ym	10458
https://www.cpc-power.com/YM/We%20Are%20all%20Old%20-%202%20Unlimited%20-%20Tribal%20Dance%20%282012%29%28DevilMarkus%29.ym	10467
https://www.cpc-power.com/YM/We%20Are%20all%20Old%20-%20AC-DC%20-%20Thunderstruck%20%282012%29%28DevilMarkus%29.ym	10467
https://www.cpc-power.com/YM/We%20Are%20all%20Old%20-%20A-Ha%20-%20Take%20on%20me%20%282012%29%28DevilMarkus%29.ym	10467
https://www.cpc-power.com/YM/We%20Are%20all%20Old%20-%20Alphaville%20-%20Big%20In%20Japan%20%282012%29%28DevilMarkus%29.ym	10467
https://www.cpc-power.com/YM/We%20Are%20all%20Old%20-%20Bad%20Boys%20Blue%20-%20Youre%20a%20woman%20Im%20a%20man%20%282012%29%28DevilMarkus%29.ym	10467
https://www.cpc-power.com/YM/We%20Are%20all%20Old%20-%20Caballero%20-%20Hymn%20%282012%29%28DevilMarkus%29.ym	10467
https://www.cpc-power.com/YM/We%20Are%20all%20Old%20-%20Dr%20Alban%20-%20It%27s%20My%20Life%20%282012%29%28DevilMarkus%29.ym	10467
https://www.cpc-power.com/YM/We%20Are%20all%20Old%20-%20Enigma%20-%20Innocence%20%282012%29%28DevilMarkus%29.ym	10467
https://www.cpc-power.com/YM/We%20Are%20all%20Old%20-%20Kylie%20Minogue%20-%20I%20Should%20By%20So%20Lucky%20%282012%29%28DevilMarkus%29.ym	10467
https://www.cpc-power.com/YM/We%20Are%20all%20Old%20-%20Madonna%20-%20Hung%20Up%20%282012%29%28DevilMarkus%29.ym	10467
https://www.cpc-power.com/YM/We%20Are%20all%20Old%20-%20Madonna%20-%20La%20Isla%20Bonita%20%282012%29%28DevilMarkus%29.ym	10467
https://www.cpc-power.com/YM/We%20Are%20all%20Old%20-%20Metallica%20-%20Master%20Of%20Puppets%20%282012%29%28DevilMarkus%29.ym	10467
https://www.cpc-power.com/YM/We%20Are%20all%20Old%20-%20Michael%20Jackson%20-%20Billy%20Jean%20%282012%29%28DevilMarkus%29.ym	10467
https://www.cpc-power.com/YM/We%20Are%20all%20Old%20-%20Modern%20Talking%20-%20Brother%20Louie%20%282012%29%28DevilMarkus%29.ym	10467
https://www.cpc-power.com/YM/We%20Are%20all%20Old%20-%20Modern%20Talking%20-%20SOS%20%282012%29%28DevilMarkus%29.ym	10467
https://www.cpc-power.com/YM/We%20Are%20all%20Old%20-%20Pet%20Shop%20Boys%20-%20Go%20West%20%282012%29%28DevilMarkus%29.ym	10467
https://www.cpc-power.com/YM/We%20Are%20all%20Old%20-%20Pet%20Shop%20Boys%20-%20Suburbia%20%282012%29%28DevilMarkus%29.ym	10467
https://www.cpc-power.com/YM/We%20Are%20all%20Old%20-%20Placebo%20-%20Every%20You%20Every%20Me%20%282012%29%28DevilMarkus%29.ym	10467
https://www.cpc-power.com/YM/We%20Are%20all%20Old%20-%20Queen%20-%20I%20want%20to%20break%20thru%20%282012%29%28DevilMarkus%29.ym	10467
https://www.cpc-power.com/YM/We%20Are%20all%20Old%20-%20Sandra%20-%20Around%20My%20Heart%20%282012%29%28DevilMarkus%29.ym	10467
https://www.cpc-power.com/YM/We%20Are%20all%20Old%20-%20U96%20-%20Das%20Boot%20%282012%29%28DevilMarkus%29.ym	10467
https://www.cpc-power.com/YM/The%20Couple%20Of%20The%20Year%20%281997%29%28Cocoon%29%28Joy%29.ym	10485
https://www.cpc-power.com/YM/Titan%20Demo%20%281996%29%28DZign%29%28Polo%29%28ST-Module%29.ym	10486
https://www.cpc-power.com/YM/Merry%20Christmas%20From%20Maniac%20%281995%29%28PD%29%28ST-Module%29.ym	10487
https://www.cpc-power.com/YM/Cracktro%20-%20Fatality%20-%20Beach%20Buggy%20Simulator%20%282005%29%28Fatality%29%28AYC%29.ym	10548
https://www.cpc-power.com/YM/Cracktro%20-%20Fatality%20-%20Eye%20Spy%20%282005%29%28Fatality%29%28AYC%29.ym	10548
https://www.cpc-power.com/YM/Cracktro%20-%20Fatality%20-%20Fire%20%26%20Forget%20%282005%29%28Fatality%29%28AYC%29.ym	10548
https://www.cpc-power.com/YM/Cracktro%20-%20Fatality%20-%20Hijack%20%282005%29%28Fatality%29%28Sergant%29%28AYC%29.ym	10548
https://www.cpc-power.com/YM/Cracktro%20-%20Fatality%20-%20Ramparts%20%282005%29%28Fatality%29%28Bugsy%29%28AYC%29.ym	10548
https://www.cpc-power.com/YM/Cracktro%20-%20Fatality%20-%20Star%20Wars%20Droids%20%282005%29%28Fatality%29%28AYC%29.ym	10548
https://www.cpc-power.com/YM/Cracktro%20-%20Fatality%20-%20The%20Willow%20Pattern%20Adventure%20%282005%29%28Fatality%29%28Yevgeny%29%28AYC%29.ym	10548
https://www.cpc-power.com/YM/Breaking%20Baud%20%282014%29%28Public%20Domain%29%28McKlain%29.ym	10585
https://www.cpc-power.com/YM/Cracktro%20-%20Bug%20Buster%20-%20Great%20Courts%20%281989%29%28Bug%20Buster%29.ym	10614
https://www.cpc-power.com/YM/Cracktro%20NPS%20-%20Arcade%20Trivia%20Quiz%20Simulator%20%281989%29%28Zeppelin%20Games%29%28ST-128%20Module%29.ym	10633
https://www.cpc-power.com/YM/Cracktro%20NPS%20-%20Aussie%20Games%20%281990%29%28US%20Gold%29.ym	10633
https://www.cpc-power.com/YM/Cracktro%20NPS%20-%20Ghosts%20%27N%27%20Goblins%20%281986%29Elite%29.ym	10633
https://www.cpc-power.com/YM/Cracktro%20NPS%20-%20Gunsmoke%20%281987%29%28Topo%20Soft%29%28Chany%29%28ST-128%20Module%29.ym	10633
https://www.cpc-power.com/YM/Cracktro%20NPS%20-%20Trantor%20The%20Last%20Stormtrooper%20%281987%29%28Go%29%28Chany%29%28ST-128%20Module%29.ym	10633
https://www.cpc-power.com/YM/Klax%20Title%20Music%20%282017%29%28Epyteor%29%28SuTeKH%29%28StArkos%29.ym	10749
https://www.cpc-power.com/YM/Three%20Dimensional%20Maze%20%281986%29%28Popular%20Computing%20Weekly%29%28Darren%20Irvine%29%28Basic%29.ym	10773
https://www.cpc-power.com/YM/Athanor%201%20-%20L%27Eveil%20-%20Intro%20%282014%29%28Safar%20Games%29%28Tom%20et%20Jerry%29%28StArkos%29.ym	10827
https://www.cpc-power.com/YM/Athanor%201%20-%20L%27Eveil%20-%20End%201%20%282014%29%28Safar%20Games%29%28Tom%20et%20Jerry%29%28StArkos%29.ym	10827
https://www.cpc-power.com/YM/Athanor%201%20-%20L%27Eveil%20-%20End%202%20%282014%29%28Safar%20Games%29%28Tom%20et%20Jerry%29%28StArkos%29.ym	10827
https://www.cpc-power.com/YM/Sundown%202014%20-%20Sundance%20%282014%29%28Public%20Domain%29%28Bex%29%28StArkos%29.ym	10937
https://www.cpc-power.com/YM/Rulez%21%20Mag%201%20-%20Intro%20%282014%29%28CPCRulez%29%28ProTracker%203.5%29.ym	10961
https://www.cpc-power.com/YM/Rulez%21%20Mag%201%20-%20Music%201%20%282014%29%28CPCRulez%29%28Aleksandr%20Ekshibarov%29%28ProTracker%203.5%29.ym	10961
https://www.cpc-power.com/YM/Rulez%21%20Mag%201%20-%20Music%202%20%282014%29%28CPCRulez%29%28Aleksandr%20Ekshibarov%29%28ProTracker%203.5%29.ym	10961
https://www.cpc-power.com/YM/Rulez%21%20Mag%201%20-%20Music%203%20%282014%29%28CPCRulez%29%28Aleksandr%20Ekshibarov%29%28ProTracker%203.5%29.ym	10961
https://www.cpc-power.com/YM/Rulez%21%20Mag%201%20-%20Music%204%20%282014%29%28CPCRulez%29%28Aleksandr%20Ekshibarov%29%28ProTracker%203.5%29.ym	10961
https://www.cpc-power.com/YM/Rulez%21%20Mag%201%20-%20Music%205%20%282014%29%28CPCRulez%29%28Aleksandr%20Ekshibarov%29%28ProTracker%203.5%29.ym	10961
https://www.cpc-power.com/YM/Rulez%21%20Mag%201%20-%20Music%206%20%282014%29%28CPCRulez%29%28Aleksandr%20Ekshibarov%29%28ProTracker%203.5%29.ym	10961
https://www.cpc-power.com/YM/Rulez%21%20Mag%201%20-%20Music%207%20%282014%29%28CPCRulez%29%28Aleksandr%20Ekshibarov%29%28ProTracker%203.5%29.ym	10961
https://www.cpc-power.com/YM/Rulez%21%20Mag%201%20-%20Music%208%20%282014%29%28CPCRulez%29%28Aleksandr%20Ekshibarov%29%28ProTracker%203.5%29.ym	10961
https://www.cpc-power.com/YM/Rainbow%20Meeting%20Demo%20-%200%20-%20Menu%20%281994%29%28POW%21%29%28ST-128%20Module%29.ym	10964
https://www.cpc-power.com/YM/Rainbow%20Meeting%20Demo%20-%201%20-%20Terminator%20Part%20%281994%29%28POW%21%29%28ST-Module%29.ym	10964
https://www.cpc-power.com/YM/Rainbow%20Meeting%20Demo%20-%202%20-%20No%20Return%20Part%20%281994%29%28POW%21%29%28ST-Module%29.ym	10964
https://www.cpc-power.com/YM/Rainbow%20Meeting%20Demo%20-%203%20-%20Juggler%27s%20Part%20-%201%20%281994%29%28POW%21%29%28ST-128%20Module%29.ym	10964
https://www.cpc-power.com/YM/Rainbow%20Meeting%20Demo%20-%203%20-%20Juggler%27s%20Part%20-%202%20%281994%29%28POW%21%29%28ST-128%20Module%29.ym	10964
https://www.cpc-power.com/YM/Coders%20Paradise%20Issue%201%20Advert%20%2819xx%29%28Wizcat%29%28ST-128%20Module%29.ym	10990
https://www.cpc-power.com/YM/Another%20Fucking%20Dimer%20-%20Intro%20%281994%29%28Public%20Domain%29%28ST-Module%29.ym	10993
https://www.cpc-power.com/YM/Another%20Fucking%20Dimer%20-%20Main%20Part%20%281994%29%28Public%20Domain%29%28ST-Module%29.ym	10993
https://www.cpc-power.com/YM/Sound%20Orgasm%20%281994%29%28Chaos%29%28Catloc%29%28ST-128%20Module%29.ym	10994
https://www.cpc-power.com/YM/Sound%20Orgasm%20-%20Art%20of%20Skata%20%281994%29%28Chaos%29%28Catloc%29%28ST-128%20Module%29.ym	10994
https://www.cpc-power.com/YM/Sound%20Orgasm%20-%20Dedicated%20to%20Camel%20%281994%29%28Chaos%29%28Catloc%29%28ST-128%20Module%29.ym	10994
https://www.cpc-power.com/YM/Sound%20Orgasm%20-%20Facorita%20%281994%29%28Chaos%29%28Catloc%29%28ST-128%20Module%29.ym	10994
https://www.cpc-power.com/YM/Sound%20Orgasm%20-%20Gods%20Rock%20%281994%29%28Chaos%29%28Catloc%29%28ST-128%20Module%29.ym	10994
https://www.cpc-power.com/YM/Sound%20Orgasm%20-%20Guns%20War%20%281994%29%28Chaos%29%28Catloc%29%28ST-128%20Module%29.ym	10994
https://www.cpc-power.com/YM/Sound%20Orgasm%20-%20Hard%20Techno%20%281994%29%28Chaos%29%28Catloc%29%28ST-128%20Module%29.ym	10994
https://www.cpc-power.com/YM/Sound%20Orgasm%20-%20Hear%20of%20Sun%20%281994%29%28Chaos%29%28Catloc%29%28ST-128%20Module%29.ym	10994
https://www.cpc-power.com/YM/Sound%20Orgasm%20-%20Porrosis%20%281994%29%28Chaos%29%28Catloc%29%28ST-128%20Module%29.ym	10994
https://www.cpc-power.com/YM/Sound%20Orgasm%20-%20Rised%20%281994%29%28Chaos%29%28Catloc%29%28ST-128%20Module%29.ym	10994
https://www.cpc-power.com/YM/Sound%20Orgasm%20-%20Savourex%20%281994%29%28Chaos%29%28Catloc%29%28ST-128%20Module%29.ym	10994
https://www.cpc-power.com/YM/Sound%20Orgasm%20-%20Savurian%20%281994%29%28Chaos%29%28Catloc%29%28ST-128%20Module%29.ym	10994
https://www.cpc-power.com/YM/Sound%20Orgasm%20-%20Sose%20Me%20%281994%29%28Chaos%29%28Catloc%29%28ST-128%20Module%29.ym	10994
https://www.cpc-power.com/YM/Sound%20Orgasm%20-%20Techno%20%281994%29%28Chaos%29%28Catloc%29%28ST-128%20Module%29.ym	10994
https://www.cpc-power.com/YM/Sound%20Orgasm%20-%20Teknosis%20%281994%29%28Chaos%29%28Catloc%29%28ST-128%20Module%29.ym	10994
https://www.cpc-power.com/YM/Sound%20Orgasm%20-%20War%20of%20freax%20%281994%29%28Chaos%29%28Catloc%29%28ST-128%20Module%29.ym	10994
https://www.cpc-power.com/YM/Sound%20Orgasm%20-%20Xiestra%20%281994%29%28Chaos%29%28Catloc%29%28ST-128%20Module%29.ym	10994
https://www.cpc-power.com/YM/Amiga%20Art%20Show%20-%20End%20%2819xx%29%28Public%20Domain%29%28ST-128%20Module%29.ym	11001
https://www.cpc-power.com/YM/Amiga%20Art%20Show%20-%20Intro%20%2819xx%29%28Public%20Domain%29%28ST-128%20Module%29.ym	11001
https://www.cpc-power.com/YM/Amiga%20Art%20Show%20-%20Music%201%20%2819xx%29%28Public%20Domain%29%28ST-128%20Module%29.ym	11001
https://www.cpc-power.com/YM/Amiga%20Art%20Show%20-%20Music%202%20%2819xx%29%28Public%20Domain%29%28ST-128%20Module%29.ym	11001
https://www.cpc-power.com/YM/Amiga%20Art%20Show%20-%20Music%203%20%2819xx%29%28Public%20Domain%29%28ST-128%20Module%29.ym	11001
https://www.cpc-power.com/YM/Amiga%20Art%20Show%20-%20Music%204%20%2819xx%29%28Public%20Domain%29%28ST-128%20Module%29.ym	11001
https://www.cpc-power.com/YM/Amiga%20Art%20Show%20-%20Music%205%20%2819xx%29%28Public%20Domain%29%28ST-128%20Module%29.ym	11001
https://www.cpc-power.com/YM/Amiga%20Art%20Show%20-%20Music%206%20%2819xx%29%28Public%20Domain%29%28ST-128%20Module%29.ym	11001
https://www.cpc-power.com/YM/Amiga%20Art%20Show%20-%20Music%207%20%2819xx%29%28Public%20Domain%29%28ST-128%20Module%29.ym	11001
https://www.cpc-power.com/YM/Amiga%20Art%20Show%20-%20Music%208%20%2819xx%29%28Public%20Domain%29%28ST-128%20Module%29.ym	11001
https://www.cpc-power.com/YM/Amiga%20Art%20Show%20-%20Music%209%20%2819xx%29%28Public%20Domain%29%28ST-128%20Module%29.ym	11001
https://www.cpc-power.com/YM/Amiga%20Art%20Show%20-%20Music%2010%20%2819xx%29%28Public%20Domain%29%28ST-128%20Module%29.ym	11001
https://www.cpc-power.com/YM/Amiga%20Art%20Show%20-%20Music%2011%20%2819xx%29%28Public%20Domain%29%28ST-128%20Module%29.ym	11001
https://www.cpc-power.com/YM/Digital%20Press%20Issue%201%20-%20Articles%20%281994%29%28HJT%29%28ST-128%20Module%29.ym	11008
https://www.cpc-power.com/YM/Digital%20Press%20Issue%201%20-%20Intro%20%281994%29%28HJT%29%28ST-128%20Module%29.ym	11008
https://www.cpc-power.com/YM/Digital%20Press%20Issue%201%20-%20Menu%20%281994%29%28HJT%29%28ST-128%20Module%29.ym	11008
https://www.cpc-power.com/YM/Steve%20Of%20Wizcat%20Message%20To%20Batman%20Of%20Pow%20%281993%29%28Wizcat%29%28ST-128%20Module%29.ym	11009
https://www.cpc-power.com/YM/CPC-Telegramm%2001%20%281995%29%28FrankenTeam%29%28Kangaroo%29%28ST-128%20Module%29.ym	11021
https://www.cpc-power.com/YM/CPC-Telegramm%2001%20%281995%29%28FrankenTeam%29%28ST-128%20Module%29.ym	11021
https://www.cpc-power.com/YM/CPC-Telegramm%2002%20%281995%29%28FrankenTeam%29%28Beta%20Soft%20Cologne%20and%20Weee%29%28ST-128%20Module%29.ym	11022
https://www.cpc-power.com/YM/CPC-Telegramm%2002%20%281995%29%28FrankenTeam%29%28Chany%29%28ST-128%20Module%29.ym	11022
https://www.cpc-power.com/YM/CPC-Telegramm%2003%20-%20Little%20Techno%20%281995%29%28FrankenTeam%29%28Kangaroo%29%28ST-128%20Module%29.ym	11023
https://www.cpc-power.com/YM/CPC-Telegramm%2003%20-%20Yeah%21%20That%27s%20Music%20%281995%29%28FrankenTeam%29%28Kangaroo%29%28ST-128%20Module%29.ym	11023
https://www.cpc-power.com/YM/CPC-Telegramm%2004%20%281995%29%28FrankenTeam%29%28Beta%20Soft%20Cologne%29%28ST-128%20Module%29.ym	11024
https://www.cpc-power.com/YM/CPC-Telegramm%2004%20%281995%29%28FrankenTeam%29%28Kangaroo%29%28ST-128%20Module%29.ym	11024
https://www.cpc-power.com/YM/CPC-Telegramm%2005%20%281995%29%28FrankenTeam%29%28ST-128%20Module%29.ym	11025
https://www.cpc-power.com/YM/CPC-Telegramm%2006%20%281995%29%28FrankenTeam%29%28Kangaroo%29%28ST-128%20Module%29.ym	11026
https://www.cpc-power.com/YM/CPC-Telegramm%2006%20%281995%29%28FrankenTeam%29%28ST-128%20Module%29.ym	11026
https://www.cpc-power.com/YM/CPC-Telegramm%2007%20%281995%29%28FrankenTeam%29%28Kangaroo%29%28ST%20Module%29.ym	11027
https://www.cpc-power.com/YM/CPC-Telegramm%2007%20%281995%29%28FrankenTeam%29%28ST%20Module%29.ym	11027
https://www.cpc-power.com/YM/CPC-Telegramm%2008%20%281995%29%28FrankenTeam%29%28Electric%20Monk%29%28ST-128%20Module%29.ym	11028
https://www.cpc-power.com/YM/CPC-Telegramm%2008%20%281995%29%28FrankenTeam%29%28Kangaroo%29%28ST-128%20Module%29.ym	11028
https://www.cpc-power.com/YM/CPC-Telegramm%2009%20%281995%29%28FrankenTeam%29%28Beta%20Soft%20Cologne%29%28ST-128%20Module%29.ym	11029
https://www.cpc-power.com/YM/CPC-Telegramm%2009%20%281995%29%28FrankenTeam%29%28Kangaroo%29%28ST-128%20Module%29.ym	11029
https://www.cpc-power.com/YM/CPC-Telegramm%2010%20-%20Demo%202%20%281996%29%28FrankenTeam%29%28Chany%29%28ST-128%20Module%29.ym	11030
https://www.cpc-power.com/YM/CPC-Telegramm%2010%20-%20MaxiWest%20%281996%29%28FrankenTeam%29%28ST-128%20Module%29.ym	11030
https://www.cpc-power.com/YM/CPC-Telegramm%2010%20-%20Orgmucke%20%281996%29%28FrankenTeam%29%28Chany%29%28ST-128%20Module%29.ym	11030
https://www.cpc-power.com/YM/CPC-Telegramm%2011%20-%20For%20Weee%20%281996%29%28FrankenTeam%29%28Kangaroo%29%28ST-128%20Module%29.ym	11031
https://www.cpc-power.com/YM/CPC-Telegramm%2011%20-%20Rene%20Quackernack%20%281996%29%28FrankenTeam%29%28Kangaroo%29%28ST-128%20Module%29.ym	11031
https://www.cpc-power.com/YM/CPC-Telegramm%2012%20-%20Am%20I%20Right%20%281996%29%28FrankenTeam%29%28Kangaroo%20Music%29%28ST-128%20Module%29.ym	11032
https://www.cpc-power.com/YM/CPC-Telegramm%2012%20-%20Kommode%201%20%281996%29%28FrankenTeam%29%28Beta%20Soft%20Cologne%29%28ST-128%20Module%29.ym	11032
https://www.cpc-power.com/YM/CPC-Telegramm%2013%20-%20Circles%20%281996%29%28FrankenTeam%29%28Svenja%20Ythcal%29%28ST-Module%29.ym	11033
https://www.cpc-power.com/YM/CPC-Telegramm%2013%20-%20Clostome%20%281996%29%28FrankenTeam%29%28Svenja%20Ythcal%29%28ST-Module%29.ym	11033
https://www.cpc-power.com/YM/CPC-Telegramm%2014%20-%20Eclipse%20I%20%281996%29%28FrankenTeam%29%28Ythcal%20of%20TGS%20and%20CRT%29%28ST-128%20Module%29.ym	11034
https://www.cpc-power.com/YM/CPC-Telegramm%2014%20-%20Temple%20of%20Love%20%281996%29%28FrankenTeam%29%28Ythcal%20of%20TGS%20and%20CRT%29%28ST-128%20Module%29.ym	11034
https://www.cpc-power.com/YM/CPC-Telegramm%2015%20-%20Here%20Comes%20Kangaroo%20%281996%29%28FrankenTeam%29%28Kangaroo%20Music%29%28ST-128%20Module%29.ym	11035
https://www.cpc-power.com/YM/CPC-Telegramm%2015%20-%20RAF-Mega%20%281996%29%28FrankenTeam%29%28Beta%20Soft%20Cologne%29%28ST-128%20Module%29.ym	11035
https://www.cpc-power.com/YM/CPC-Telegramm%2016%20-%20Shining%20%281997%29%28FrankenTeam%29%28Shining%29%28ST-128%20Module%29.ym	11036
https://www.cpc-power.com/YM/CPC-Telegramm%2016%20-%20Twist%202%20%281997%29%28FrankenTeam%29%28Beta%20Soft%20Cologne%29%28ST-128%20Module%29.ym	11036
https://www.cpc-power.com/YM/CPC-Telegramm%2017%20-%20Flight%20%281997%29%28FrankenTeam%29%28Frequency%20of%20Systeme%20D%29%28ST-128%20Module%29.ym	11037
https://www.cpc-power.com/YM/CPC-Telegramm%2017%20-%20Journey%20%281997%29%28FrankenTeam%29%28Frequency%20of%20Systeme%20D%29%28ST-128%20Module%29.ym	11037
https://www.cpc-power.com/YM/CPC-Telegramm%20Advert%20%281995%29%28FrankenTeam%29%28ST-128%20Module%29.ym	11039
https://www.cpc-power.com/YM/German%20Meeting%2096%20%281996%29%28Public%20Domain%29%28ST-128%20Module%29.ym	11043
https://www.cpc-power.com/YM/Tribal%20Mag%20-%20Advert%20-%20Juggler%20%281993%29%28POW%29%28ST-128%20Module%29.ym	11046
https://www.cpc-power.com/YM/PC%20Slide%20Show%202%20-%20Intro%201994%29%28TGS%29%28ST-128%20Module%29.ym	11049
https://www.cpc-power.com/YM/PC%20Slide%20Show%202%20-%20Photographics%20%281994%29%28TGS%29%28BSC%20and%20Weee%29%28ST-128%20Module%29.ym	11049
https://www.cpc-power.com/YM/Impact%20Demo%20Number%20Three%20-%20Ice%20Coding%20%281994%29%28Impact%29%28ST-Module%29.ym	11050
https://www.cpc-power.com/YM/Impact%20Demo%20Number%20Three%20-%20Demineur%20%281994%29%28Impact%29%28ST-Module%29.ym	11050
https://www.cpc-power.com/YM/Impact%20Demo%20Number%20Three%20-%20Crystal%20Show%20%281994%29%28Impact%29%28ST-Module%29.ym	11050
https://www.cpc-power.com/YM/Swab%20Intro%20%281993%29%28Rebels%29%28ST-Module%29.ym	11051
https://www.cpc-power.com/YM/2048%20%282014%29%28Futur%20Anterieur%29.ym	11070
https://www.cpc-power.com/YM/Cyborgdemo%20%2819xx%29%28Public%20Domain%29%28ST-128%20Module%29.ym	11095
https://www.cpc-power.com/YM/HD%20Mag%20End%20Part%20%281996%29%28D-Zign%29%28Shap%29%28ST-128%20Module%29.ym	11096
https://www.cpc-power.com/YM/Mahaw%209%20%2819xx%29%28DZign%29%28Polo%29.ym	11097
https://www.cpc-power.com/YM/Comic%20Bakery%20-%20Music%20Disk%20-%20Music%201%20%28Epyteor%29%282014%29%28SuTeKH%29%28StarkOs%29.ym	11102
https://www.cpc-power.com/YM/Comic%20Bakery%20-%20Music%20Disk%20-%20Music%202%20%28Epyteor%29%282014%29%28SuTeKH%29%28StarkOs%29.ym	11102
https://www.cpc-power.com/YM/Comic%20Bakery%20-%20Music%20Disk%20-%20Music%203%20%28Epyteor%29%282014%29%28SuTeKH%29%28StarkOs%29.ym	11102
https://www.cpc-power.com/YM/Boulder%20Dash%20-%20The%20Music%20Disk%20-%20Music%201%20%28Epyteor%29%282014%29%28SuTeKH%29%28StarkOs%29.ym	11107
https://www.cpc-power.com/YM/Boulder%20Dash%20-%20The%20Music%20Disk%20-%20Music%202%20%28Epyteor%29%282014%29%28SuTeKH%29%28StarkOs%29.ym	11107
https://www.cpc-power.com/YM/Boulder%20Dash%20-%20The%20Music%20Disk%20-%20Music%203%20%28Epyteor%29%282014%29%28SuTeKH%29%28StarkOs%29.ym	11107
https://www.cpc-power.com/YM/Boulder%20Dash%20-%20The%20Music%20Disk%20-%20Music%204%20%28Epyteor%29%282014%29%28SuTeKH%29%28StarkOs%29.ym	11107
https://www.cpc-power.com/YM/Boulder%20Dash%20-%20The%20Music%20Disk%20-%20Music%205%20%28Epyteor%29%282014%29%28SuTeKH%29%28StarkOs%29.ym	11107
https://www.cpc-power.com/YM/Rulez%20Mag%201409%20Intro%20%282014%29%28CpcRulez%29.ym	11112
https://www.cpc-power.com/YM/Rulez%20Mag%201409%20Music%201%20%282014%29%28CpcRulez%29.ym	11112
https://www.cpc-power.com/YM/Rulez%20Mag%201409%20Music%202%20%282014%29%28CpcRulez%29.ym	11112
https://www.cpc-power.com/YM/Rulez%20Mag%201409%20Music%203%20%282014%29%28CpcRulez%29.ym	11112
https://www.cpc-power.com/YM/Rulez%20Mag%201409%20Music%204%20%282014%29%28CpcRulez%29.ym	11112
https://www.cpc-power.com/YM/Rulez%20Mag%201409%20Music%205%20%282014%29%28CpcRulez%29.ym	11112
https://www.cpc-power.com/YM/Rulez%20Mag%201409%20Music%206%20%282014%29%28CpcRulez%29.ym	11112
https://www.cpc-power.com/YM/Rulez%20Mag%201409%20Music%207%20%282014%29%28CpcRulez%29.ym	11112
https://www.cpc-power.com/YM/Rulez%20Mag%201409%20Music%208%20%282014%29%28CpcRulez%29.ym	11112
https://www.cpc-power.com/YM/Rulez%20Mag%201409%20Music%209%20%282014%29%28CpcRulez%29.ym	11112
https://www.cpc-power.com/YM/Rulez%20Mag%201409%20Music%2010%20%282014%29%28CpcRulez%29.ym	11112
https://www.cpc-power.com/YM/Rulez%20Mag%201409%20Music%2011%20%282014%29%28CpcRulez%29.ym	11112
https://www.cpc-power.com/YM/Rulez%20Mag%201409%20Music%2012%20%282014%29%28CpcRulez%29.ym	11112
https://www.cpc-power.com/YM/Rulez%20Mag%201409%20Music%2013%20%282014%29%28CpcRulez%29.ym	11112
https://www.cpc-power.com/YM/The%20Champ%20%281991%29%28Linel%20Software%29%28Bill%20Conti%29.ym	11119
https://www.cpc-power.com/YM/Fox%20Burglar%20%282013%29%28CpcRetroDev.ByteRealms%29%28Psg%20Proplayer%29.ym	11146
https://www.cpc-power.com/YM/Duffy%20Music%20ANE%20%28199x%29%28NDC%29%28Duffy%29%28Music%20Pro%29.ym	11168
https://www.cpc-power.com/YM/Duffy%20Music%20B%20%28199x%29%28NDC%29%28Duffy%29%28Music%20Pro%29.ym	11168
https://www.cpc-power.com/YM/Duffy%20Music%20CEDRIC02%20%28199x%29%28NDC%29%28Duffy%29%28Music%20Pro%29.ym	11168
https://www.cpc-power.com/YM/Duffy%20Music%20CEDRIC05%20%28199x%29%28NDC%29%28Duffy%29%28Music%20Pro%29.ym	11168
https://www.cpc-power.com/YM/Duffy%20Music%20CEDRIC07%20%28199x%29%28NDC%29%28Duffy%29%28Music%20Pro%29.ym	11168
https://www.cpc-power.com/YM/Duffy%20Music%20CEDRIC08%20%28199x%29%28NDC%29%28Duffy%29%28Music%20Pro%29.ym	11168
https://www.cpc-power.com/YM/Duffy%20Music%20CEDRIC09%20%28199x%29%28NDC%29%28Duffy%29%28Music%20Pro%29.ym	11168
https://www.cpc-power.com/YM/Duffy%20Music%20CEDRIC10%20%28199x%29%28NDC%29%28Duffy%29%28Music%20Pro%29.ym	11168
https://www.cpc-power.com/YM/Duffy%20Music%20CEDRIC17%20%28199x%29%28NDC%29%28Duffy%29%28Music%20Pro%29.ym	11168
https://www.cpc-power.com/YM/Duffy%20Music%20CEDRIC18%20%28199x%29%28NDC%29%28Duffy%29%28Music%20Pro%29.ym	11168
https://www.cpc-power.com/YM/Duffy%20Music%20CEDRIC19%20%28199x%29%28NDC%29%28Duffy%29%28Music%20Pro%29.ym	11168
https://www.cpc-power.com/YM/Duffy%20Music%20CEDRIC21%20%28199x%29%28NDC%29%28Duffy%29%28Music%20Pro%29.ym	11168
https://www.cpc-power.com/YM/Duffy%20Music%20CEDRIC22%20%28199x%29%28NDC%29%28Duffy%29%28Music%20Pro%29.ym	11168
https://www.cpc-power.com/YM/Duffy%20Music%20CEDRIC25%20%28199x%29%28NDC%29%28Duffy%29%28Music%20Pro%29.ym	11168
https://www.cpc-power.com/YM/Duffy%20Music%20CEDRIC28%20%28199x%29%28NDC%29%28Duffy%29%28Music%20Pro%29.ym	11168
https://www.cpc-power.com/YM/Duffy%20Music%20CEDRIC29%20%28199x%29%28NDC%29%28Duffy%29%28Music%20Pro%29.ym	11168
https://www.cpc-power.com/YM/Duffy%20Music%20CEDRIC31%20%28199x%29%28NDC%29%28Duffy%29%28Music%20Pro%29.ym	11168
https://www.cpc-power.com/YM/Duffy%20Music%20CEDRIC32%20%28199x%29%28NDC%29%28Duffy%29%28Music%20Pro%29.ym	11168
https://www.cpc-power.com/YM/Duffy%20Music%20CEDRIC35%20%28199x%29%28NDC%29%28Duffy%29%28Music%20Pro%29.ym	11168
https://www.cpc-power.com/YM/Duffy%20Music%20CEDRIC36%20%28199x%29%28NDC%29%28Duffy%29%28Music%20Pro%29.ym	11168
https://www.cpc-power.com/YM/Duffy%20Music%20CEDRIC37%20%28199x%29%28NDC%29%28Duffy%29%28Music%20Pro%29.ym	11168
https://www.cpc-power.com/YM/Duffy%20Music%20CEDRIC38%20%28199x%29%28NDC%29%28Duffy%29%28Music%20Pro%29.ym	11168
https://www.cpc-power.com/YM/Duffy%20Music%20CEDRIC39%20%28199x%29%28NDC%29%28Duffy%29%28Music%20Pro%29.ym	11168
https://www.cpc-power.com/YM/Duffy%20Music%20CEDRIC41%20%28199x%29%28NDC%29%28Duffy%29%28Music%20Pro%29.ym	11168
https://www.cpc-power.com/YM/Duffy%20Music%20CEDRIC42%20%28199x%29%28NDC%29%28Duffy%29%28Music%20Pro%29.ym	11168
https://www.cpc-power.com/YM/Duffy%20Music%20CEDRIC43%20%28199x%29%28NDC%29%28Duffy%29%28Music%20Pro%29.ym	11168
https://www.cpc-power.com/YM/Duffy%20Music%20CEDRIC44%20%28199x%29%28NDC%29%28Duffy%29%28Music%20Pro%29.ym	11168
https://www.cpc-power.com/YM/Duffy%20Music%20CEDRIC45%20%28199x%29%28NDC%29%28Duffy%29%28Music%20Pro%29.ym	11168
https://www.cpc-power.com/YM/Duffy%20Music%20CEDRIC46%20%28199x%29%28NDC%29%28Duffy%29%28Music%20Pro%29.ym	11168
https://www.cpc-power.com/YM/Duffy%20Music%20CEDRIC47%20%28199x%29%28NDC%29%28Duffy%29%28Music%20Pro%29.ym	11168
https://www.cpc-power.com/YM/Duffy%20Music%20CEDRIC49%20%28199x%29%28NDC%29%28Duffy%29%28Music%20Pro%29.ym	11168
https://www.cpc-power.com/YM/Duffy%20Music%20CEDRIC49b%20%28199x%29%28NDC%29%28Duffy%29%28Music%20Pro%29.ym	11168
https://www.cpc-power.com/YM/Duffy%20Music%20CEDRIC50%20%28199x%29%28NDC%29%28Duffy%29%28Music%20Pro%29.ym	11168
https://www.cpc-power.com/YM/Duffy%20Music%20CEDRIC54%20%28199x%29%28NDC%29%28Duffy%29%28Music%20Pro%29.ym	11168
https://www.cpc-power.com/YM/Duffy%20Music%20CEDRIC55%20%28199x%29%28NDC%29%28Duffy%29%28Music%20Pro%29.ym	11168
https://www.cpc-power.com/YM/Duffy%20Music%20CEDRIC56%20%28199x%29%28NDC%29%28Duffy%29%28Music%20Pro%29.ym	11168
https://www.cpc-power.com/YM/Duffy%20Music%20CEDRIC62%20%28199x%29%28NDC%29%28Duffy%29%28Music%20Pro%29.ym	11168
https://www.cpc-power.com/YM/Duffy%20Music%20CEDRIC64%20%28199x%29%28NDC%29%28Duffy%29%28Music%20Pro%29.ym	11168
https://www.cpc-power.com/YM/Duffy%20Music%20CEDRIC65%20%28199x%29%28NDC%29%28Duffy%29%28Music%20Pro%29.ym	11168
https://www.cpc-power.com/YM/Duffy%20Music%20HOUSE%20%28199x%29%28NDC%29%28Duffy%29%28Music%20Pro%29.ym	11168
https://www.cpc-power.com/YM/Duffy%20Music%20HOUSE2%20%28199x%29%28NDC%29%28Duffy%29%28Music%20Pro%29.ym	11168
https://www.cpc-power.com/YM/Duffy%20Music%20OVER%20%28199x%29%28NDC%29%28Duffy%29%28Music%20Pro%29.ym	11168
https://www.cpc-power.com/YM/Duffy%20Music%20RAMETEP%20%28199x%29%28NDC%29%28Duffy%29%28Music%20Pro%29.ym	11168
https://www.cpc-power.com/YM/Rulez%20Mag%201411%20Intro%20%282014%29%28CpcRulez%29.ym	11188
https://www.cpc-power.com/YM/Rulez%20Mag%201411%20Music%201%20%282014%29%28CpcRulez%29.ym	11188
https://www.cpc-power.com/YM/Rulez%20Mag%201411%20Music%202%20%282014%29%28CpcRulez%29.ym	11188
https://www.cpc-power.com/YM/Rulez%20Mag%201411%20Music%203%20%282014%29%28CpcRulez%29.ym	11188
https://www.cpc-power.com/YM/Rulez%20Mag%201411%20Music%204%20%282014%29%28CpcRulez%29.ym	11188
https://www.cpc-power.com/YM/Rulez%20Mag%201411%20Music%205%20%282014%29%28CpcRulez%29.ym	11188
https://www.cpc-power.com/YM/Rulez%20Mag%201411%20Music%206%20%282014%29%28CpcRulez%29.ym	11188
https://www.cpc-power.com/YM/Rulez%20Mag%201411%20Music%207%20%282014%29%28CpcRulez%29.ym	11188
https://www.cpc-power.com/YM/Rulez%20Mag%201411%20Music%208%20%282014%29%28CpcRulez%29.ym	11188
https://www.cpc-power.com/YM/Rulez%20Mag%201411%20Music%209%20%282014%29%28CpcRulez%29.ym	11188
https://www.cpc-power.com/YM/Rulez%20Mag%201411%20Music%2010%20%282014%29%28CpcRulez%29.ym	11188
https://www.cpc-power.com/YM/Reset%200%20a%20tribute%20%282011%29%28GPA%29%28Tom%20%26%20Jerry%29%28StArkos%29.ym	11190
https://www.cpc-power.com/YM/Sub%20Hunter%20Bonus%20%282011%29%28Psytronik%20Software%29%28Tom%20%26%20Jerry%20of%20GPA%29%28StArkos%29.ym	11191
https://www.cpc-power.com/YM/Sub%20Hunter%20Boss%20%282011%29%28Psytronik%20Software%29%28Tom%20%26%20Jerry%20of%20GPA%29%28StArkos%29.ym	11191
https://www.cpc-power.com/YM/Sub%20Hunter%20In%20Game%20%282011%29%28Psytronik%20Software%29%28Tom%20%26%20Jerry%20of%20GPA%29%28StArkos%29.ym	11191
https://www.cpc-power.com/YM/Sub%20Hunter%20Intro%20%282011%29%28Psytronik%20Software%29%28Tom%20%26%20Jerry%20of%20GPA%29%28StArkos%29.ym	11191
https://www.cpc-power.com/YM/Sub%20Hunter%20Jingle%201%20%282011%29%28Psytronik%20Software%29%28Tom%20%26%20Jerry%20of%20GPA%29%28StArkos%29.ym	11191
https://www.cpc-power.com/YM/Sub%20Hunter%20Jingle%202%20%282011%29%28Psytronik%20Software%29%28Tom%20%26%20Jerry%20of%20GPA%29%28StArkos%29.ym	11191
https://www.cpc-power.com/YM/Sub%20Hunter%20Jingle%203%20%282011%29%28Psytronik%20Software%29%28Tom%20%26%20Jerry%20of%20GPA%29%28StArkos%29.ym	11191
https://www.cpc-power.com/YM/Sub%20Hunter%20Menu%20%282011%29%28Psytronik%20Software%29%28Tom%20%26%20Jerry%20of%20GPA%29%28StArkos%29.ym	11191
https://www.cpc-power.com/YM/Sub%20Hunter%20Won%20%282011%29%28Psytronik%20Software%29%28Tom%20%26%20Jerry%20of%20GPA%29%28StArkos%29.ym	11191
https://www.cpc-power.com/YM/Fres%20Fighter%20II%20Turbo%20Tunes%20-%20Baby%20%281999%29%28GPA%29%28Tom%20%26%20Jerry%29%28ST-128%20Module%29.ym	11193
https://www.cpc-power.com/YM/Fres%20Fighter%20II%20Turbo%20Tunes%20-%20Extro1%20%281999%29%28GPA%29%28Tom%20%26%20Jerry%29%28ST-128%20Module%29.ym	11193
https://www.cpc-power.com/YM/Fres%20Fighter%20II%20Turbo%20Tunes%20-%20Extro2%20%281999%29%28GPA%29%28Tom%20%26%20Jerry%29%28ST-128%20Module%29.ym	11193
https://www.cpc-power.com/YM/Fres%20Fighter%20II%20Turbo%20Tunes%20-%20Extro3%20%281999%29%28GPA%29%28Tom%20%26%20Jerry%29%28ST-128%20Module%29.ym	11193
https://www.cpc-power.com/YM/Fres%20Fighter%20II%20Turbo%20Tunes%20-%20Intro%20%281999%29%28GPA%29%28Tom%20%26%20Jerry%29%28ST-128%20Module%29.ym	11193
https://www.cpc-power.com/YM/Fres%20Fighter%20II%20Turbo%20Tunes%20-%20Legacy%20%281999%29%28GPA%29%28Tom%20%26%20Jerry%29%28ST-128%20Module%29.ym	11193
https://www.cpc-power.com/YM/Fres%20Fighter%20II%20Turbo%20Tunes%20-%20Loose%20%281999%29%28GPA%29%28Tom%20%26%20Jerry%29%28ST-128%20Module%29.ym	11193
https://www.cpc-power.com/YM/Fres%20Fighter%20II%20Turbo%20Tunes%20-%20Menu%20%281999%29%28GPA%29%28Tom%20%26%20Jerry%29%28ST-128%20Module%29.ym	11193
https://www.cpc-power.com/YM/Fres%20Fighter%20II%20Turbo%20Tunes%20-%20Screen%20%281999%29%28GPA%29%28Tom%20%26%20Jerry%29%28ST-128%20Module%29.ym	11193
https://www.cpc-power.com/YM/Fres%20Fighter%20II%20Turbo%20Tunes%20-%20Tourname%20%281999%29%28GPA%29%28Tom%20%26%20Jerry%29%28ST-128%20Module%29.ym	11193
https://www.cpc-power.com/YM/Tol%20Tunes%201-11%20%282002%29%28GPA%29%28Tom%20%26%20Jerry%29%28ST-128%20Module%29.ym	11194
https://www.cpc-power.com/YM/Tol%20Tunes%202-11%20%282002%29%28GPA%29%28Tom%20%26%20Jerry%29%28ST-128%20Module%29.ym	11194
https://www.cpc-power.com/YM/Tol%20Tunes%203-11%20%282002%29%28GPA%29%28Tom%20%26%20Jerry%29%28ST-128%20Module%29.ym	11194
https://www.cpc-power.com/YM/Tol%20Tunes%204-11%20%282002%29%28GPA%29%28Tom%20%26%20Jerry%29%28ST-128%20Module%29.ym	11194
https://www.cpc-power.com/YM/Tol%20Tunes%205-11%20%282002%29%28GPA%29%28Tom%20%26%20Jerry%29%28ST-128%20Module%29.ym	11194
https://www.cpc-power.com/YM/Tol%20Tunes%206-11%20%282002%29%28GPA%29%28Tom%20%26%20Jerry%29%28ST-128%20Module%29.ym	11194
https://www.cpc-power.com/YM/Tol%20Tunes%207-11%20%282002%29%28GPA%29%28Tom%20%26%20Jerry%29%28ST-128%20Module%29.ym	11194
https://www.cpc-power.com/YM/Tol%20Tunes%208-11%20%282002%29%28GPA%29%28Tom%20%26%20Jerry%29%28ST-128%20Module%29.ym	11194
https://www.cpc-power.com/YM/Tol%20Tunes%209-11%20%282002%29%28GPA%29%28Tom%20%26%20Jerry%29%28ST-128%20Module%29.ym	11194
https://www.cpc-power.com/YM/Tol%20Tunes%2010-11%20%282002%29%28GPA%29%28Tom%20%26%20Jerry%29%28ST-128%20Module%29.ym	11194
https://www.cpc-power.com/YM/Tol%20Tunes%2011-11%20%282002%29%28GPA%29%28Tom%20%26%20Jerry%29%28ST-128%20Module%29.ym	11194
https://www.cpc-power.com/YM/The%20Eternal%20Light%202%20%282014%29%28Public%20Domain%29%28Mr.%20Lou%29%28StArkos%29.ym	11216
https://www.cpc-power.com/YM/Reset%2018%20-%20Seeker%20%282014%29%28Epyteor%29%28SuTeKH%29%28StArkos%29.ym	11222
https://www.cpc-power.com/YM/Khronologies%20%281994%29%28Ast%20System%29%28Epsilon%29%28ST-128%20Module%29.ym	11225
https://www.cpc-power.com/YM/Mad%20Mag%20Issue%202%20Intro%20%281994%29%28Ast%20System%29%28COSO%29.ym	11227
https://www.cpc-power.com/YM/Fuck%20Oeuf%20%21%20-%20Intro%20%282005%29%28Futurs%27%29%28Zik%29%28ST-128%20Module%29.ym	11271
https://www.cpc-power.com/YM/Fuck%20Oeuf%20%21%20-%20Main%20Part%20%282005%29%28Futurs%27%29%28Zik%29%28ST-128%20Module%29.ym	11271
https://www.cpc-power.com/YM/Aventury%20reliques%20%281995%29%28Futurs%27%29%28Zik%29%28ST-128%20Module%29.ym	11278
https://www.cpc-power.com/YM/DBTScan%20%281997%29%28Da%20Boxon%20Team%29%28ST-Module%29.ym	11281
https://www.cpc-power.com/YM/ReSeT%200%20-%20Take%20Off%20%282010%29%28Public%20Domain%29%28John%20McKlain%29%28StArkos%29.ym	11285
https://www.cpc-power.com/YM/CPC%20Breakah%20%282011%29%28Public%20Domain%29%28DMA-SC%29%28StArkos%29.ym	11286
https://www.cpc-power.com/YM/Escape%20%282011%29%28Public%20Domain%29%28RoleMusic%29%28StArkos%29.ym	11287
https://www.cpc-power.com/YM/ReSeT%200%20-%20Musicdisk%201%20-%20Track%201%20%282011%29%28Public%20Domain%29%28EgoTrip%29%28StArkos%29.ym	11288
https://www.cpc-power.com/YM/ReSeT%200%20-%20Musicdisk%201%20-%20Track%202%20%282011%29%28Public%20Domain%29%28EgoTrip%29%28StArkos%29.ym	11288
https://www.cpc-power.com/YM/ReSeT%200%20-%20Musicdisk%201%20-%20Track%203%20%282011%29%28Public%20Domain%29%28EgoTrip%29%28StArkos%29.ym	11288
https://www.cpc-power.com/YM/ReSeT%200%20-%20Musicdisk%202%20-%20Track%201%20%282011%29%28Public%20Domain%29%28EgoTrip%29%28StArkos%29.ym	11289
https://www.cpc-power.com/YM/ReSeT%200%20-%20Musicdisk%202%20-%20Track%202%20%282011%29%28Public%20Domain%29%28EgoTrip%29%28StArkos%29.ym	11289
https://www.cpc-power.com/YM/ReSeT%200%20-%20Musicdisk%202%20-%20Track%203%20%282011%29%28Public%20Domain%29%28EgoTrip%29%28StArkos%29.ym	11289
https://www.cpc-power.com/YM/Turrican%202%20-%20Level%201%20-%20The%20Desert%20Rocks%20%282015%29%28Epyteor%29%28Sutekh%29%28STarkOs%29.ym	11297
https://www.cpc-power.com/YM/Turrican%202%20-%20Level%201%20-%20HI%20GI%20Joe%20%282015%29%28Epyteor%29%28SuTeKH%29%28StarkOs%29.ym	11297
https://www.cpc-power.com/YM/Turrican%202%20-%20Level%202%20-%20The%20Great%20Bath%20%282015%29%28Epyteor%29%28SuTeKH%29%28StarkOs%29.ym	11297
https://www.cpc-power.com/YM/Les%20Cavernes%20De%20Thenebe%20%281987%29%28Softbook%29.ym	11341
https://www.cpc-power.com/YM/Kotoran%27s%20Shadow%20-%20Menu%20%282014%29%28CpcRetroDev.ByteRealms%29%28Psg%20ProPlay%29.ym	11423
https://www.cpc-power.com/YM/Kotoran%27s%20Shadow%20-%20InGame%201%20%282014%29%28CpcRetroDev.ByteRealms%29%28Psg%20ProPlay%29.ym	11423
https://www.cpc-power.com/YM/Kotoran%27s%20Shadow%20-%20InGame%202%20%282014%29%28CpcRetroDev.ByteRealms%29%28Psg%20ProPlay%29.ym	11423
https://www.cpc-power.com/YM/Kotoran%27s%20Shadow%20-%20InGame%203%20%282014%29%28CpcRetroDev.ByteRealms%29%28Psg%20ProPlay%29.ym	11423
https://www.cpc-power.com/YM/Kotoran%27s%20Shadow%20-%20Game%20Over%20%282014%29%28CpcRetroDev.ByteRealms%29%28Psg%20ProPlay%29.ym	11423
https://www.cpc-power.com/YM/Hunter%20Or%20Hunted%20%282014%29%28CpcRetroDev.ByteRealms%29%28Psg%20ProPlay%29.ym	11425
https://www.cpc-power.com/YM/Cool%20World%20-%20Music%201%20%281994%29%28Sleepwalker%20PDS%29%28Joe%20Moulding%29%28ST-Module%29.ym	11464
https://www.cpc-power.com/YM/Cool%20World%20-%20Music%202%20%281994%29%28Sleepwalker%20PDS%29%28Joe%20Moulding%29%28ST-Module%29.ym	11464
https://www.cpc-power.com/YM/Cool%20World%20-%20Music%203%20%281994%29%28Sleepwalker%20PDS%29%28Joe%20Moulding%29%28ST-Module%29.ym	11464
https://www.cpc-power.com/YM/Cool%20World%20-%20Music%204%20%281994%29%28Sleepwalker%20PDS%29%28Joe%20Moulding%29%28ST-Module%29.ym	11464
https://www.cpc-power.com/YM/Cool%20World%20-%20Music%205%20%281994%29%28Sleepwalker%20PDS%29%28Joe%20Moulding%29%28ST-Module%29.ym	11464
https://www.cpc-power.com/YM/Cool%20World%20-%20Music%206%20%281994%29%28Sleepwalker%20PDS%29%28Joe%20Moulding%29%28ST-Module%29.ym	11464
https://www.cpc-power.com/YM/Cool%20World%20-%20Music%207%20%281994%29%28Sleepwalker%20PDS%29%28Joe%20Moulding%29%28ST-Module%29.ym	11464
https://www.cpc-power.com/YM/Happy%20New%202015%20Year%20%282015%29%28Public%20Domain%29%28Andrew%20Stegnitskiy%29%28ProTracker3.5%29.ym	11474
https://www.cpc-power.com/YM/Megablasters%20-%20Escape%20from%20Castle%20in%20the%20Clouds%20Intro%20%282015%29%28Project%20Argon%29%28McKlain%29.ym	11523
https://www.cpc-power.com/YM/Megablasters%20-%20Escape%20from%20Castle%20in%20the%20Clouds%20Menu%20%282015%29%28Project%20Argon%29%28Tom%20%26%20Jerry%20of%20GPA%29.ym	11523
https://www.cpc-power.com/YM/Eerie%20Forest%20from%20Shadow%20of%20the%20Beast%20%282015%29%28Epyteor%29%28Sutekh%29%28StArkos%29.ym	11525
https://www.cpc-power.com/YM/Jive%20Turkey%20%282014%29%28Public%20Domain%29%28Brink%29.ym	11538
https://www.cpc-power.com/YM/Battle%20Squadron%20Musicdisk%202%20-%201%20-%20Intro%20and%20Title%20%28Epyteor%29%282014%29%28SuTeKH%29%28StArkos%29.ym	11553
https://www.cpc-power.com/YM/Battle%20Squadron%20Musicdisk%202%20-%202%20-%20InGame%20%28Epyteor%29%282014%29%28SuTeKH%29%28StArkos%29.ym	11553
https://www.cpc-power.com/YM/Battle%20Squadron%20Musicdisk%202%20-%203%20-%20High%20Score%20%28Epyteor%29%282014%29%28SuTeKH%29%28StArkos%29.ym	11553
https://www.cpc-power.com/YM/Hybris%20-%20Ingame%20Remix%20%28Epyteor%29%282014%29%28SuTeKH%29%28StarkOs%29.ym	11554
https://www.cpc-power.com/YM/Parasol%20Stars%20Music%20-%201%20-%20Ingame%20%28Epyteor%29%282014%29%28SuTeKH%29%28StarkOs%29.ym	11555
https://www.cpc-power.com/YM/Parasol%20Stars%20Music%20-%202%20-%20Highscore%20Table%20%28Epyteor%29%282014%29%28SuTeKH%29%28StarkOs%29.ym	11555
https://www.cpc-power.com/YM/Parasol%20Stars%20Music%20-%203%20-%20Game%20Over%20%26%20Continue%20%28Epyteor%29%282014%29%28SuTeKH%29%28StarkOs%29.ym	11555
https://www.cpc-power.com/YM/Parasol%20Stars%20Music%20-%204%20-%20Hidden%20World%20%28Epyteor%29%282014%29%28SuTeKH%29%28StarkOs%29.ym	11555
https://www.cpc-power.com/YM/Parasol%20Stars%20Music%20-%205%20-%20Unused%20Tune%20%28Epyteor%29%282014%29%28SuTeKH%29%28StarkOs%29.ym	11555
https://www.cpc-power.com/YM/Parasol%20Stars%20Music%20-%206%20-%20Boss%20Fight%20%28Epyteor%29%282014%29%28SuTeKH%29%28StarkOs%29.ym	11555
https://www.cpc-power.com/YM/Super%20Mario%20Land%20%282012%29%28Epyteor%29%28SuTeKH%29%28StArkos%29.ym	11556
https://www.cpc-power.com/YM/Super%20Mario%20Land%202%20-%201%20-%20Savegame%20Select%20%28Epyteor%29%282012%29%28SuTeKH%29%28StarkOs%29.ym	11557
https://www.cpc-power.com/YM/Super%20Mario%20Land%202%20-%202%20-%20World%20Map%20%28Epyteor%29%282012%29%28SuTeKH%29%28StarkOs%29.ym	11557
https://www.cpc-power.com/YM/Super%20Mario%20Land%202%20-%203%20-%20Special%20Stage%20%28Epyteor%29%282012%29%28SuTeKH%29%28StarkOs%29.ym	11557
https://www.cpc-power.com/YM/Ghostsex%20Mister%202%20%281989%29%28Public%20Domain%29%28Music%20Pro%29.ym	11562
https://www.cpc-power.com/YM/Musican%20The%20Teach%20Yourself%20To%20Read%20Music%20System%20%281994%29%28Sleepwalker%20PDS%29%28Joe%20Moulding%29%28ST-Module%29.ym	11577
https://www.cpc-power.com/YM/Super%20Simon%20v2.0%20-%20Intro%20%281995%29%28Power%20System%29%28Epsilon%29%28ST-128%20Module%29.ym	11606
https://www.cpc-power.com/YM/Super%20Simon%20v2.0%20-%20Main%20Part%20%281995%29%28Power%20System%29%28Epsilon%29%28ST-128%20Module%29.ym	11606
https://www.cpc-power.com/YM/Prophecy%20Megademo%20-%20Credit%20Part%20%281995%29%28Power%20System%29%28Ric%29.ym	11624
https://www.cpc-power.com/YM/Prophecy%20Megademo%20-%20Credit%20Part%202%20%281995%29%28Power%20System%29%28Ric%29.ym	11624
https://www.cpc-power.com/YM/Prophecy%20Megademo%20-%20Metal%20Screamer%20Preview%20%281995%29%28Power%20System%29%28Ric%29.ym	11624
https://www.cpc-power.com/YM/Prophecy%20Megademo%20-%20Psyko%20Intro%20%281995%29%28Power%20System%29.ym	11624
https://www.cpc-power.com/YM/Prophecy%20Megademo%20-%20Psyko%20Part%20%281995%29%28Power%20System%29%28Ric%29.ym	11624
https://www.cpc-power.com/YM/Soundtrakker%20CPC%20Volume%202%20%281995%29%28Power%20System%29%28Epsilon%29%28ST-128%20Module%29.ym	11625
https://www.cpc-power.com/YM/Soundtrakker%20CPC%20Volume%203%20%281995%29%28Power%20System%29%28Epsilon%29%28ST-128%20Module%29.ym	11626
https://www.cpc-power.com/YM/Soundtrakker%20CPC%20Volume%203%20-%20Fractal%20Flight%20%281995%29%28Power%20System%29%28ST-128%20Module%29.ym	11626
https://www.cpc-power.com/YM/Soundtrakker%20CPC%20Volume%203%20-%20More%20X-Perience%20Part%201%20%281995%29%28Power%20System%29%28ST-Module%29.ym	11626
https://www.cpc-power.com/YM/Soundtrakker%20CPC%20Volume%203%20-%20More%20X-Perience%20Part%203%20%281995%29%28Power%20System%29%28ST-Module%29.ym	11626
https://www.cpc-power.com/YM/Soundtrakker%20CPC%20Volume%204%20%281995%29%28Power%20System%29%28Epsilon%29%28ST-128%20Module%29.ym	11627
https://www.cpc-power.com/YM/AFC%20Disk%20No%202%20-%20Menu%20%281997%29%28AFC%29%28Greg%29%28ST-128%20Module%29.ym	11629
https://www.cpc-power.com/YM/AFC%20Disk%20No%202%20-%20Routines%20%281997%29%28AFC%29%28ST-128%20Module%29.ym	11629
https://www.cpc-power.com/YM/AFC%20Disk%20No%203%20-%20Menu%20%281997%29%28AFC%29%28Eliot%29.ym	11630
https://www.cpc-power.com/YM/AFC%20Disk%20No%204%20-%20Menu%20%281998%29%28AFC%29%28Eliot%29%28ST-128%20Module%29.ym	11631
https://www.cpc-power.com/YM/AFC%20Disk%20No%205%20-%20Menu%20%281999%29%28AFC%29%28Eliot%29%28ST-128%20Module%29.ym	11632
https://www.cpc-power.com/YM/AFC%20Disk%20No%206%20-%20Menu%20%282000%29%28AFC%29%28Eliot%29%28ST-128%20Module%29.ym	11633
https://www.cpc-power.com/YM/Christmas%20Meeting%201998%20%281998%29%28Public%20Domain%29%28ST-128%20Module%29.ym	11639
https://www.cpc-power.com/YM/Blue%20Impuls%20%2819xx%29%28Public%20Domain%29%28ST-Module%29.ym	11650
https://www.cpc-power.com/YM/ST128%20Song%20Modules%20By%20BSC%20For%20SymBOS%20-%20A-Flight%20%282005%29%28Public%20Domain%29%28Beta%20Soft%20Cologne%29%28ST-128%20Module%29.ym	11771
https://www.cpc-power.com/YM/ST128%20Song%20Modules%20By%20BSC%20For%20SymBOS%20-%20Acid%20Cool%20%282005%29%28Public%20Domain%29%28Beta%20Soft%20Cologne%29%28ST-128%20Module%29.ym	11771
https://www.cpc-power.com/YM/ST128%20Song%20Modules%20By%20BSC%20For%20SymBOS%20-%20Acid%20Rock%20%282005%29%28Public%20Domain%29%28Beta%20Soft%20Cologne%29%28ST-128%20Module%29.ym	11771
https://www.cpc-power.com/YM/ST128%20Song%20Modules%20By%20BSC%20For%20SymBOS%20-%20Agent%205%20%282005%29%28Public%20Domain%29%28Beta%20Soft%20Cologne%29%28ST-128%20Module%29.ym	11771
https://www.cpc-power.com/YM/ST128%20Song%20Modules%20By%20BSC%20For%20SymBOS%20-%20Agent6%20%282005%29%28Public%20Domain%29%28Beta%20Soft%20Cologne%29%28ST-128%20Module%29.ym	11771
https://www.cpc-power.com/YM/ST128%20Song%20Modules%20By%20BSC%20For%20SymBOS%20-%20Arcane%20%282005%29%28Public%20Domain%29%28Beta%20Soft%20Cologne%29%28ST-128%20Module%29.ym	11771
https://www.cpc-power.com/YM/ST128%20Song%20Modules%20By%20BSC%20For%20SymBOS%20-%20Arkanoid%20%282005%29%28Public%20Domain%29%28Beta%20Soft%20Cologne%29%28ST-128%20Module%29.ym	11771
https://www.cpc-power.com/YM/ST128%20Song%20Modules%20By%20BSC%20For%20SymBOS%20-%20Arpegio%20%282005%29%28Public%20Domain%29%28Beta%20Soft%20Cologne%29%28ST-128%20Module%29.ym	11771
https://www.cpc-power.com/YM/ST128%20Song%20Modules%20By%20BSC%20For%20SymBOS%20-%20BSC%201%20%282005%29%28Public%20Domain%29%28Beta%20Soft%20Cologne%29%28ST-128%20Module%29.ym	11771
https://www.cpc-power.com/YM/ST128%20Song%20Modules%20By%20BSC%20For%20SymBOS%20-%20BSC%20Slow%20%282005%29%28Public%20Domain%29%28Beta%20Soft%20Cologne%29%28ST-128%20Module%29.ym	11771
https://www.cpc-power.com/YM/ST128%20Song%20Modules%20By%20BSC%20For%20SymBOS%20-%20Camoufla%20%282005%29%28Public%20Domain%29%28Beta%20Soft%20Cologne%29%28ST-128%20Module%29.ym	11771
https://www.cpc-power.com/YM/ST128%20Song%20Modules%20By%20BSC%20For%20SymBOS%20-%20Chun%20Li%20%282005%29%28Public%20Domain%29%28Beta%20Soft%20Cologne%29%28ST-128%20Module%29.ym	11771
https://www.cpc-power.com/YM/ST128%20Song%20Modules%20By%20BSC%20For%20SymBOS%20-%20Crest%201%20%282005%29%28Public%20Domain%29%28Beta%20Soft%20Cologne%29%28ST-128%20Module%29.ym	11771
https://www.cpc-power.com/YM/ST128%20Song%20Modules%20By%20BSC%20For%20SymBOS%20-%20Crest%204%20%282005%29%28Public%20Domain%29%28Beta%20Soft%20Cologne%29%28ST-128%20Module%29.ym	11771
https://www.cpc-power.com/YM/ST128%20Song%20Modules%20By%20BSC%20For%20SymBOS%20-%20Crest%205%20%282005%29%28Public%20Domain%29%28Beta%20Soft%20Cologne%29%28ST-128%20Module%29.ym	11771
https://www.cpc-power.com/YM/ST128%20Song%20Modules%20By%20BSC%20For%20SymBOS%20-%20Crystal%20%282005%29%28Public%20Domain%29%28Beta%20Soft%20Cologne%29%28ST-128%20Module%29.ym	11771
https://www.cpc-power.com/YM/ST128%20Song%20Modules%20By%20BSC%20For%20SymBOS%20-%20Cyber%202%20%282005%29%28Public%20Domain%29%28Beta%20Soft%20Cologne%29%28ST-128%20Module%29.ym	11771
https://www.cpc-power.com/YM/ST128%20Song%20Modules%20By%20BSC%20For%20SymBOS%20-%20Cyrus%20II%20%282005%29%28Public%20Domain%29%28Beta%20Soft%20Cologne%29%28ST-128%20Module%29.ym	11771
https://www.cpc-power.com/YM/ST128%20Song%20Modules%20By%20BSC%20For%20SymBOS%20-%20Delta%20%282005%29%28Public%20Domain%29%28Beta%20Soft%20Cologne%29%28ST-128%20Module%29.ym	11771
https://www.cpc-power.com/YM/ST128%20Song%20Modules%20By%20BSC%20For%20SymBOS%20-%20Delta%201%20%282005%29%28Public%20Domain%29%28Beta%20Soft%20Cologne%29%28ST-128%20Module%29.ym	11771
https://www.cpc-power.com/YM/ST128%20Song%20Modules%20By%20BSC%20For%20SymBOS%20-%20Delta%202%20%282005%29%28Public%20Domain%29%28Beta%20Soft%20Cologne%29%28ST-128%20Module%29.ym	11771
https://www.cpc-power.com/YM/ST128%20Song%20Modules%20By%20BSC%20For%20SymBOS%20-%20Deng%20Pi%20%282005%29%28Public%20Domain%29%28Beta%20Soft%20Cologne%29%28ST-128%20Module%29.ym	11771
https://www.cpc-power.com/YM/ST128%20Song%20Modules%20By%20BSC%20For%20SymBOS%20-%20Einstein%20%282005%29%28Public%20Domain%29%28Beta%20Soft%20Cologne%29%28ST-128%20Module%29.ym	11771
https://www.cpc-power.com/YM/ST128%20Song%20Modules%20By%20BSC%20For%20SymBOS%20-%20Electric%20%282005%29%28Public%20Domain%29%28Beta%20Soft%20Cologne%29%28ST-128%20Module%29.ym	11771
https://www.cpc-power.com/YM/ST128%20Song%20Modules%20By%20BSC%20For%20SymBOS%20-%20End%20Theme%20%282005%29%28Public%20Domain%29%28Beta%20Soft%20Cologne%29%28ST-128%20Module%29.ym	11771
https://www.cpc-power.com/YM/ST128%20Song%20Modules%20By%20BSC%20For%20SymBOS%20-%20Fall%202%20%282005%29%28Public%20Domain%29%28Beta%20Soft%20Cologne%29%28ST-128%20Module%29.ym	11771
https://www.cpc-power.com/YM/ST128%20Song%20Modules%20By%20BSC%20For%20SymBOS%20-%20FC%20Int%201%20%282005%29%28Public%20Domain%29%28Beta%20Soft%20Cologne%29%28ST-128%20Module%29.ym	11771
https://www.cpc-power.com/YM/ST128%20Song%20Modules%20By%20BSC%20For%20SymBOS%20-%20FC%20Song%201%20%282005%29%28Public%20Domain%29%28Beta%20Soft%20Cologne%29%28ST-128%20Module%29.ym	11771
https://www.cpc-power.com/YM/ST128%20Song%20Modules%20By%20BSC%20For%20SymBOS%20-%20Final%20%282005%29%28Public%20Domain%29%28Beta%20Soft%20Cologne%29%28ST-128%20Module%29.ym	11771
https://www.cpc-power.com/YM/ST128%20Song%20Modules%20By%20BSC%20For%20SymBOS%20-%20Klimper%20%282005%29%28Public%20Domain%29%28Beta%20Soft%20Cologne%29%28ST-128%20Module%29.ym	11771
https://www.cpc-power.com/YM/ST128%20Song%20Modules%20By%20BSC%20For%20SymBOS%20-%20Kon%20Mode%201%20%282005%29%28Public%20Domain%29%28Beta%20Soft%20Cologne%29%28ST-128%20Module%29.ym	11771
https://www.cpc-power.com/YM/ST128%20Song%20Modules%20By%20BSC%20For%20SymBOS%20-%20Mario%20%282005%29%28Public%20Domain%29%28Beta%20Soft%20Cologne%29%28ST-128%20Module%29.ym	11771
https://www.cpc-power.com/YM/ST128%20Song%20Modules%20By%20BSC%20For%20SymBOS%20-%20Monday%20%282005%29%28Public%20Domain%29%28Beta%20Soft%20Cologne%29%28ST-128%20Module%29.ym	11771
https://www.cpc-power.com/YM/ST128%20Song%20Modules%20By%20BSC%20For%20SymBOS%20-%20MSI%201%20%282005%29%28Public%20Domain%29%28Beta%20Soft%20Cologne%29%28ST-128%20Module%29.ym	11771
https://www.cpc-power.com/YM/ST128%20Song%20Modules%20By%20BSC%20For%20SymBOS%20-%20MSI%202%20%282005%29%28Public%20Domain%29%28Beta%20Soft%20Cologne%29%28ST-128%20Module%29.ym	11771
https://www.cpc-power.com/YM/ST128%20Song%20Modules%20By%20BSC%20For%20SymBOS%20-%20MSI%204%20%282005%29%28Public%20Domain%29%28Beta%20Soft%20Cologne%29%28ST-128%20Module%29.ym	11771
https://www.cpc-power.com/YM/ST128%20Song%20Modules%20By%20BSC%20For%20SymBOS%20-%20MSI%20Demo%20%282005%29%28Public%20Domain%29%28Beta%20Soft%20Cologne%29%28ST-128%20Module%29.ym	11771
https://www.cpc-power.com/YM/ST128%20Song%20Modules%20By%20BSC%20For%20SymBOS%20-%20MSI%20Trak%20%282005%29%28Public%20Domain%29%28Beta%20Soft%20Cologne%29%28ST-128%20Module%29.ym	11771
https://www.cpc-power.com/YM/ST128%20Song%20Modules%20By%20BSC%20For%20SymBOS%20-%20Munsters%20%282005%29%28Public%20Domain%29%28Beta%20Soft%20Cologne%29%28ST-128%20Module%29.ym	11771
https://www.cpc-power.com/YM/ST128%20Song%20Modules%20By%20BSC%20For%20SymBOS%20-%20No%20Limit%20%282005%29%28Public%20Domain%29%28Beta%20Soft%20Cologne%29%28ST-128%20Module%29.ym	11771
https://www.cpc-power.com/YM/ST128%20Song%20Modules%20By%20BSC%20For%20SymBOS%20-%20Out%20Space%20%282005%29%28Public%20Domain%29%28Beta%20Soft%20Cologne%29%28ST-128%20Module%29.ym	11771
https://www.cpc-power.com/YM/ST128%20Song%20Modules%20By%20BSC%20For%20SymBOS%20-%20Party%202%20%282005%29%28Public%20Domain%29%28Beta%20Soft%20Cologne%29%28ST-128%20Module%29.ym	11771
https://www.cpc-power.com/YM/ST128%20Song%20Modules%20By%20BSC%20For%20SymBOS%20-%20RafMega%20%282005%29%28Public%20Domain%29%28Beta%20Soft%20Cologne%29%28ST-128%20Module%29.ym	11771
https://www.cpc-power.com/YM/ST128%20Song%20Modules%20By%20BSC%20For%20SymBOS%20-%20S%20Debris%20%282005%29%28Public%20Domain%29%28Beta%20Soft%20Cologne%29%28ST-128%20Module%29.ym	11771
https://www.cpc-power.com/YM/ST128%20Song%20Modules%20By%20BSC%20For%20SymBOS%20-%20Skid%20Row%20%282005%29%28Public%20Domain%29%28Beta%20Soft%20Cologne%29%28ST-128%20Module%29.ym	11771
https://www.cpc-power.com/YM/ST128%20Song%20Modules%20By%20BSC%20For%20SymBOS%20-%20Slash%20%282005%29%28Public%20Domain%29%28Beta%20Soft%20Cologne%29%28ST-128%20Module%29.ym	11771
https://www.cpc-power.com/YM/ST128%20Song%20Modules%20By%20BSC%20For%20SymBOS%20-%20State%20Art%20%282005%29%28Public%20Domain%29%28Beta%20Soft%20Cologne%29%28ST-128%20Module%29.ym	11771
https://www.cpc-power.com/YM/ST128%20Song%20Modules%20By%20BSC%20For%20SymBOS%20-%20Those%202%20%282005%29%28Public%20Domain%29%28Beta%20Soft%20Cologne%29%28ST-128%20Module%29.ym	11771
https://www.cpc-power.com/YM/ST128%20Song%20Modules%20By%20BSC%20For%20SymBOS%20-%20Twist%202%20%282005%29%28Public%20Domain%29%28Beta%20Soft%20Cologne%29%28ST-128%20Module%29.ym	11771
https://www.cpc-power.com/YM/ST128%20Song%20Modules%20By%20Crown%20For%20SymBOS%20-%20Dawn%20%282005%29%28Public%20Domain%29%28Crown%29%28ST-128%20Module%29.ym	11772
https://www.cpc-power.com/YM/ST128%20Song%20Modules%20By%20Crown%20For%20SymBOS%20-%20GlobalTr%20%282005%29%28Public%20Domain%29%28Crown%29%28ST-128%20Module%29.ym	11772
https://www.cpc-power.com/YM/ST128%20Song%20Modules%20By%20Crown%20For%20SymBOS%20-%20Heroes%20%282005%29%28Public%20Domain%29%28Crown%29%28ST-128%20Module%29.ym	11772
https://www.cpc-power.com/YM/ST128%20Song%20Modules%20By%20Crown%20For%20SymBOS%20-%20Klisje-1%20%282005%29%28Public%20Domain%29%28Crown%29%28ST-128%20Module%29.ym	11772
https://www.cpc-power.com/YM/ST128%20Song%20Modules%20By%20Crown%20For%20SymBOS%20-%20Klisje-2%20%282005%29%28Public%20Domain%29%28Crown%29%28ST-128%20Module%29.ym	11772
https://www.cpc-power.com/YM/ST128%20Song%20Modules%20By%20Crown%20For%20SymBOS%20-%20Orgasm%20%282005%29%28Public%20Domain%29%28Crown%29%28ST-128%20Module%29.ym	11772
https://www.cpc-power.com/YM/ST128%20Song%20Modules%20By%20Crown%20For%20SymBOS%20-%20SkidRow%20%282005%29%28Public%20Domain%29%28Crown%29%28ST-128%20Module%29.ym	11772
https://www.cpc-power.com/YM/ST128%20Song%20Modules%20By%20Crown%20For%20SymBOS%20-%20WarHawk%20%282005%29%28Public%20Domain%29%28Crown%29%28ST-128%20Module%29.ym	11772
https://www.cpc-power.com/YM/ST128%20Song%20Modules%20By%20Kangaroo%20For%20SymBOS%20-%203%204%20%282005%29%28Public%20Domain%29%28Kangaroo%29%28ST-128%20Module%29.ym	11773
https://www.cpc-power.com/YM/ST128%20Song%20Modules%20By%20Kangaroo%20For%20SymBOS%20-%20Amerika%20%282005%29%28Public%20Domain%29%28Kangaroo%29%28ST-128%20Module%29.ym	11773
https://www.cpc-power.com/YM/ST128%20Song%20Modules%20By%20Kangaroo%20For%20SymBOS%20-%20Arkano%202%20%282005%29%28Public%20Domain%29%28Kangaroo%29%28ST-128%20Module%29.ym	11773
https://www.cpc-power.com/YM/ST128%20Song%20Modules%20By%20Kangaroo%20For%20SymBOS%20-%20Arkano%203%20%282005%29%28Public%20Domain%29%28Kangaroo%29%28ST-128%20Module%29.ym	11773
https://www.cpc-power.com/YM/ST128%20Song%20Modules%20By%20Kangaroo%20For%20SymBOS%20-%20Axel%20F%20%282005%29%28Public%20Domain%29%28Kangaroo%29%28ST-128%20Module%29.ym	11773
https://www.cpc-power.com/YM/ST128%20Song%20Modules%20By%20Kangaroo%20For%20SymBOS%20-%20Commando%20%282005%29%28Public%20Domain%29%28Kangaroo%29%28ST-128%20Module%29.ym	11773
https://www.cpc-power.com/YM/ST128%20Song%20Modules%20By%20Kangaroo%20For%20SymBOS%20-%20Crazy%20Car%20%282005%29%28Public%20Domain%29%28Kangaroo%29%28ST-128%20Module%29.ym	11773
https://www.cpc-power.com/YM/ST128%20Song%20Modules%20By%20Kangaroo%20For%20SymBOS%20-%20CrCa3%202%20%282005%29%28Public%20Domain%29%28Kangaroo%29%28ST-128%20Module%29.ym	11773
https://www.cpc-power.com/YM/ST128%20Song%20Modules%20By%20Kangaroo%20For%20SymBOS%20-%20CrCa3%205%20%282005%29%28Public%20Domain%29%28Kangaroo%29%28ST-128%20Module%29.ym	11773
https://www.cpc-power.com/YM/ST128%20Song%20Modules%20By%20Kangaroo%20For%20SymBOS%20-%20Cute%20%282005%29%28Public%20Domain%29%28Kangaroo%29%28ST-128%20Module%29.ym	11773
https://www.cpc-power.com/YM/ST128%20Song%20Modules%20By%20Kangaroo%20For%20SymBOS%20-%20Dancin%20%282005%29%28Public%20Domain%29%28Kangaroo%29%28ST-128%20Module%29.ym	11773
https://www.cpc-power.com/YM/ST128%20Song%20Modules%20By%20Kangaroo%20For%20SymBOS%20-%20Deep%20In%20%282005%29%28Public%20Domain%29%28Kangaroo%29%28ST-128%20Module%29.ym	11773
https://www.cpc-power.com/YM/ST128%20Song%20Modules%20By%20Kangaroo%20For%20SymBOS%20-%20Desert%20%282005%29%28Public%20Domain%29%28Kangaroo%29%28ST-128%20Module%29.ym	11773
https://www.cpc-power.com/YM/ST128%20Song%20Modules%20By%20Kangaroo%20For%20SymBOS%20-%20Devil%20%282005%29%28Public%20Domain%29%28Kangaroo%29%28ST-128%20Module%29.ym	11773
https://www.cpc-power.com/YM/ST128%20Song%20Modules%20By%20Kangaroo%20For%20SymBOS%20-%20Dirk%20H%20%282005%29%28Public%20Domain%29%28Kangaroo%29%28ST-128%20Module%29.ym	11773
https://www.cpc-power.com/YM/ST128%20Song%20Modules%20By%20Kangaroo%20For%20SymBOS%20-%20Don%27t%20Take%20%282005%29%28Public%20Domain%29%28Kangaroo%29%28ST-128%20Module%29.ym	11773
https://www.cpc-power.com/YM/ST128%20Song%20Modules%20By%20Kangaroo%20For%20SymBOS%20-%20Done%20%282005%29%28Public%20Domain%29%28Kangaroo%29%28ST-128%20Module%29.ym	11773
https://www.cpc-power.com/YM/ST128%20Song%20Modules%20By%20Kangaroo%20For%20SymBOS%20-%20Do%20The%20Bass%20%282005%29%28Public%20Domain%29%28Kangaroo%29%28ST-128%20Module%29.ym	11773
https://www.cpc-power.com/YM/ST128%20Song%20Modules%20By%20Kangaroo%20For%20SymBOS%20-%20Dotty%20%282005%29%28Public%20Domain%29%28Kangaroo%29%28ST-128%20Module%29.ym	11773
https://www.cpc-power.com/YM/ST128%20Song%20Modules%20By%20Kangaroo%20For%20SymBOS%20-%20Dreamer%20%282005%29%28Public%20Domain%29%28Kangaroo%29%28ST-128%20Module%29.ym	11773
https://www.cpc-power.com/YM/ST128%20Song%20Modules%20By%20Kangaroo%20For%20SymBOS%20-%20Drummer%20%282005%29%28Public%20Domain%29%28Kangaroo%29%28ST-128%20Module%29.ym	11773
https://www.cpc-power.com/YM/ST128%20Song%20Modules%20By%20Kangaroo%20For%20SymBOS%20-%20DSC%20%282005%29%28Public%20Domain%29%28Kangaroo%29%28ST-128%20Module%29.ym	11773
https://www.cpc-power.com/YM/ST128%20Song%20Modules%20By%20Kangaroo%20For%20SymBOS%20-%20Echo%20%282005%29%28Public%20Domain%29%28Kangaroo%29%28ST-128%20Module%29.ym	11773
https://www.cpc-power.com/YM/ST128%20Song%20Modules%20By%20Kangaroo%20For%20SymBOS%20-%20Eisbaer%20%282005%29%28Public%20Domain%29%28Kangaroo%29%28ST-128%20Module%29.ym	11773
https://www.cpc-power.com/YM/ST128%20Song%20Modules%20By%20Kangaroo%20For%20SymBOS%20-%20Elmibest%20%282005%29%28Public%20Domain%29%28Kangaroo%29%28ST-128%20Module%29.ym	11773
https://www.cpc-power.com/YM/ST128%20Song%20Modules%20By%20Kangaroo%20For%20SymBOS%20-%20Elmiboss%20%282005%29%28Public%20Domain%29%28Kangaroo%29%28ST-128%20Module%29.ym	11773
https://www.cpc-power.com/YM/ST128%20Song%20Modules%20By%20Kangaroo%20For%20SymBOS%20-%20Elmikind%20%282005%29%28Public%20Domain%29%28Kangaroo%29%28ST-128%20Module%29.ym	11773
https://www.cpc-power.com/YM/ST128%20Song%20Modules%20By%20Kangaroo%20For%20SymBOS%20-%20Europa%20%282005%29%28Public%20Domain%29%28Kangaroo%29%28ST-128%20Module%29.ym	11773
https://www.cpc-power.com/YM/ST128%20Song%20Modules%20By%20Kangaroo%20For%20SymBOS%20-%20Fanzine%20%282005%29%28Public%20Domain%29%28Kangaroo%29%28ST-128%20Module%29.ym	11773
https://www.cpc-power.com/YM/ST128%20Song%20Modules%20By%20Kangaroo%20For%20SymBOS%20-%20Feelings%20%282005%29%28Public%20Domain%29%28Kangaroo%29%28ST-128%20Module%29.ym	11773
https://www.cpc-power.com/YM/ST128%20Song%20Modules%20By%20Kangaroo%20For%20SymBOS%20-%20Fool%20%282005%29%28Public%20Domain%29%28Kangaroo%29%28ST-128%20Module%29.ym	11773
https://www.cpc-power.com/YM/ST128%20Song%20Modules%20By%20Kangaroo%20For%20SymBOS%20-%20Foreign%20%282005%29%28Public%20Domain%29%28Kangaroo%29%28ST-128%20Module%29.ym	11773
https://www.cpc-power.com/YM/ST128%20Song%20Modules%20By%20Kangaroo%20For%20SymBOS%20-%20Funny%20%282005%29%28Public%20Domain%29%28Kangaroo%29%28ST-128%20Module%29.ym	11773
https://www.cpc-power.com/YM/ST128%20Song%20Modules%20By%20Kangaroo%20For%20SymBOS%20-%20Future%20%282005%29%28Public%20Domain%29%28Kangaroo%29%28ST-128%20Module%29.ym	11773
https://www.cpc-power.com/YM/ST128%20Song%20Modules%20By%20Kangaroo%20For%20SymBOS%20-%20GanzKurz%20%282005%29%28Public%20Domain%29%28Kangaroo%29%28ST-128%20Module%29.ym	11773
https://www.cpc-power.com/YM/ST128%20Song%20Modules%20By%20Kangaroo%20For%20SymBOS%20-%20Girls%20%282005%29%28Public%20Domain%29%28Kangaroo%29%28ST-128%20Module%29.ym	11773
https://www.cpc-power.com/YM/ST128%20Song%20Modules%20By%20Kangaroo%20For%20SymBOS%20-%20Gnom%20%282005%29%28Public%20Domain%29%28Kangaroo%29%28ST-128%20Module%29.ym	11773
https://www.cpc-power.com/YM/ST128%20Song%20Modules%20By%20Kangaroo%20For%20SymBOS%20-%20Go%20%282005%29%28Public%20Domain%29%28Kangaroo%29%28ST-128%20Module%29.ym	11773
https://www.cpc-power.com/YM/ST128%20Song%20Modules%20By%20Kangaroo%20For%20SymBOS%20-%20Grashopr%20%282005%29%28Public%20Domain%29%28Kangaroo%29%28ST-128%20Module%29.ym	11773
https://www.cpc-power.com/YM/ST128%20Song%20Modules%20By%20Kangaroo%20For%20SymBOS%20-%20Groove%20%282005%29%28Public%20Domain%29%28Kangaroo%29%28ST-128%20Module%29.ym	11773
https://www.cpc-power.com/YM/ST128%20Song%20Modules%20By%20Kangaroo%20For%20SymBOS%20-%20Hard%20%282005%29%28Public%20Domain%29%28Kangaroo%29%28ST-128%20Module%29.ym	11773
https://www.cpc-power.com/YM/ST128%20Song%20Modules%20By%20Kangaroo%20For%20SymBOS%20-%20HipHop%20%282005%29%28Public%20Domain%29%28Kangaroo%29%28ST-128%20Module%29.ym	11773
https://www.cpc-power.com/YM/ST128%20Song%20Modules%20By%20Kangaroo%20For%20SymBOS%20-%20HldTLine%20%282005%29%28Public%20Domain%29%28Kangaroo%29%28ST-128%20Module%29.ym	11773
https://www.cpc-power.com/YM/ST128%20Song%20Modules%20By%20Kangaroo%20For%20SymBOS%20-%20Hoola%20Hop%20%282005%29%28Public%20Domain%29%28Kangaroo%29%28ST-128%20Module%29.ym	11773
https://www.cpc-power.com/YM/ST128%20Song%20Modules%20By%20Kangaroo%20For%20SymBOS%20-%20HoppelDi%20%282005%29%28Public%20Domain%29%28Kangaroo%29%28ST-128%20Module%29.ym	11773
https://www.cpc-power.com/YM/ST128%20Song%20Modules%20By%20Kangaroo%20For%20SymBOS%20-%20Instrtal%20%282005%29%28Public%20Domain%29%28Kangaroo%29%28ST-128%20Module%29.ym	11773
https://www.cpc-power.com/YM/ST128%20Song%20Modules%20By%20Kangaroo%20For%20SymBOS%20-%20Jesses%20%282005%29%28Public%20Domain%29%28Kangaroo%29%28ST-128%20Module%29.ym	11773
https://www.cpc-power.com/YM/ST128%20Song%20Modules%20By%20Kangaroo%20For%20SymBOS%20-%20Jumping%20%282005%29%28Public%20Domain%29%28Kangaroo%29%28ST-128%20Module%29.ym	11773
https://www.cpc-power.com/YM/ST128%20Song%20Modules%20By%20Kangaroo%20For%20SymBOS%20-%20Jux%20%282005%29%28Public%20Domain%29%28Kangaroo%29%28ST-128%20Module%29.ym	11773
https://www.cpc-power.com/YM/ST128%20Song%20Modules%20By%20Kangaroo%20For%20SymBOS%20-%20Kurz%20%282005%29%28Public%20Domain%29%28Kangaroo%29%28ST-128%20Module%29.ym	11773
https://www.cpc-power.com/YM/ST128%20Song%20Modules%20By%20Kangaroo%20For%20SymBOS%20-%20My%20Boy%202%20%282005%29%28Public%20Domain%29%28Kangaroo%29%28ST-128%20Module%29.ym	11773
https://www.cpc-power.com/YM/ST128%20Song%20Modules%20By%20Kangaroo%20For%20SymBOS%20-%20NoBody%20%282005%29%28Public%20Domain%29%28Kangaroo%29%28ST-128%20Module%29.ym	11773
https://www.cpc-power.com/YM/ST128%20Song%20Modules%20By%20Kangaroo%20For%20SymBOS%20-%20No%20So%20Fear%20%282005%29%28Public%20Domain%29%28Kangaroo%29%28ST-128%20Module%29.ym	11773
https://www.cpc-power.com/YM/ST128%20Song%20Modules%20By%20Kangaroo%20For%20SymBOS%20-%20Panther%20%282005%29%28Public%20Domain%29%28Kangaroo%29%28ST-128%20Module%29.ym	11773
https://www.cpc-power.com/YM/ST128%20Song%20Modules%20By%20Kangaroo%20For%20SymBOS%20-%20PD%20The%20Gad%20%282005%29%28Public%20Domain%29%28Kangaroo%29%28ST-128%20Module%29.ym	11773
https://www.cpc-power.com/YM/ST128%20Song%20Modules%20By%20Kangaroo%20For%20SymBOS%20-%20Pearls%20%282005%29%28Public%20Domain%29%28Kangaroo%29%28ST-128%20Module%29.ym	11773
https://www.cpc-power.com/YM/ST128%20Song%20Modules%20By%20Kangaroo%20For%20SymBOS%20-%20Pleasure%20%282005%29%28Public%20Domain%29%28Kangaroo%29%28ST-128%20Module%29.ym	11773
https://www.cpc-power.com/YM/ST128%20Song%20Modules%20By%20Kangaroo%20For%20SymBOS%20-%20Rewuz%20EY%20%282005%29%28Public%20Domain%29%28Kangaroo%29%28ST-128%20Module%29.ym	11773
https://www.cpc-power.com/YM/ST128%20Song%20Modules%20By%20Kangaroo%20For%20SymBOS%20-%20Running%20%282005%29%28Public%20Domain%29%28Kangaroo%29%28ST-128%20Module%29.ym	11773
https://www.cpc-power.com/YM/ST128%20Song%20Modules%20By%20Kangaroo%20For%20SymBOS%20-%20Simmi%20%282005%29%28Public%20Domain%29%28Kangaroo%29%28ST-128%20Module%29.ym	11773
https://www.cpc-power.com/YM/ST128%20Song%20Modules%20By%20Kangaroo%20For%20SymBOS%20-%20Soft%20Ice%20%282005%29%28Public%20Domain%29%28Kangaroo%29%28ST-128%20Module%29.ym	11773
https://www.cpc-power.com/YM/ST128%20Song%20Modules%20By%20Kangaroo%20For%20SymBOS%20-%20The%20Frog%20%282005%29%28Public%20Domain%29%28Kangaroo%29%28ST-128%20Module%29.ym	11773
https://www.cpc-power.com/YM/ST128%20Song%20Modules%20By%20Kangaroo%20For%20SymBOS%20-%20Thriller%20%282005%29%28Public%20Domain%29%28Kangaroo%29%28ST-128%20Module%29.ym	11773
https://www.cpc-power.com/YM/Rulez%21%20Mag%204%20-%20Music%201%20-%20Love%2C%20Police%2C%20Peace%20%282015%29%28CPCRulez%29%28Scalesmann%29%28ProTracker%203.5%29.ym	11776
https://www.cpc-power.com/YM/Rulez%21%20Mag%204%20-%20Music%202%20-%20FOReVER%202010%20%282015%29%28CPCRulez%29%28Voxel%20of%20Triumph%29%28ProTracker%203.5%29.ym	11776
https://www.cpc-power.com/YM/Rulez%21%20Mag%204%20-%20Music%203%20-%20Destination%20Unknown%20%282015%29%28CPCRulez%29%28z00m-TCG%29%28ProTracker%203.5%29.ym	11776
https://www.cpc-power.com/YM/Rulez%21%20Mag%204%20-%20Music%204%20-%20VBI%20%282015%29%28CPCRulez%29%28DeathWay%29%28ProTracker%203.5%29.ym	11776
https://www.cpc-power.com/YM/Rulez%21%20Mag%204%20-%20Music%205%20-%20Alone%20In%20The%20Dark%20%282015%29%28CPCRulez%29%28Scalesmann%29%28ProTracker%203.5%29.ym	11776
https://www.cpc-power.com/YM/Super%20Simon%20v1.0%20%281995%29%28Power%20System%29%28Epsilon%29%28ST-128%20Module%29.ym	11783
https://www.cpc-power.com/YM/Welcome-X%202%20-%20Intro%20-%20Epsilon%20%281994%29%28Power%20System%29%28Ric%29%28ST-128%20Module%29.ym	11785
https://www.cpc-power.com/YM/Iter%20%282014%29%28Public%20Domain%29%28G0blinish%29.ym	11792
https://www.cpc-power.com/YM/Newstrad%201%20%281988%29%28Micro-Passion%29%28Basic%29.ym	11814
https://www.cpc-power.com/YM/Big%20Cheese%201%20%281995%29%28Mortel%29%28Kangaroo%29%28ST-128%20Module%29.ym	11834
https://www.cpc-power.com/YM/The%20Twister%20-%20Intro%20%281996%29%28OdieSoft%29%28OdieSoft%29%28ST-128%20Module%29.ym	11835
https://www.cpc-power.com/YM/The%20Twister%20-%20Main%20Part%20%281996%29%28OdieSoft%29%28OdieSoft%29%28ST-Module%29.ym	11835
https://www.cpc-power.com/YM/The%20Twister%20-%20Cheat%20Part%20%281996%29%28OdieSoft%29%28OdieSoft%29%28ST-Module%29.ym	11835
https://www.cpc-power.com/YM/Nebulus%20Demo%20%281992%29%28Odiesoft%29%28ST-Module%29.ym	11836
https://www.cpc-power.com/YM/Terminator%20Scroll%20%281993%29%28OdieSoft%29%28OdieSoft%29%28ST-Module%29.ym	11838
https://www.cpc-power.com/YM/The%20Flag%20Demo%20-%20Music%201%20%281992%29%28OdieSoft%29%28Kangaroo%29%28ST-Module%29.ym	11840
https://www.cpc-power.com/YM/The%20Flag%20Demo%20-%20Music%202%20%281992%29%28OdieSoft%29%28Kangaroo%29%28ST-Module%29.ym	11840
https://www.cpc-power.com/YM/The%20Flag%20Demo%20-%20Music%203%20%281992%29%28OdieSoft%29%28Kangaroo%29%28ST-Module%29.ym	11840
https://www.cpc-power.com/YM/Wishing%20Well%20Construction%20Kit%20%281994%29%28OdieSoft%29%28Kangaroo%29%28ST-Module%29.ym	11846
https://www.cpc-power.com/YM/Orgasmic%20Park%20%281994%29%28OdieSoft%29%28Kangaroo%29%28ST-Module%29.ym	11847
https://www.cpc-power.com/YM/Shadows%20Demo%20%281996%29%28OdieSoft%29%28OdieSoft%29%28ST-Module%29.ym	11851
https://www.cpc-power.com/YM/Overscan%20Picture%20Show%20%281996%29%28OdieSoft%29%28OdieSoft%29%28ST-128%20Module%29.ym	11862
https://www.cpc-power.com/YM/Shining%20Demo%20%281992%29%28Odiesoft%29%28ST-Module%29.ym	11864
https://www.cpc-power.com/YM/Texture%20Mapping%201%20%281994%29%28OdieSoft%29%28ST-Module%29.ym	11865
https://www.cpc-power.com/YM/Al-Qamia%20-%20Intro%20%282003%29%28RoundSoft%29%28William%20Bourgeois%29%28ST-128%20Module%29.ym	11874
https://www.cpc-power.com/YM/Al-Qamia%20-%20Menu%20%282003%29%28RoundSoft%29%28William%20Bourgeois%29%28ST-128%20Module%29.ym	11874
https://www.cpc-power.com/YM/Al-Qamia%20-%20InGame%20%282003%29%28RoundSoft%29%28William%20Bourgeois%29%28ST-128%20Module%29.ym	11874
https://www.cpc-power.com/YM/Al-Qamia%20-%20End%20%282003%29%28RoundSoft%29%28William%20Bourgeois%29%28ST-128%20Module%29.ym	11874
https://www.cpc-power.com/YM/Rulez%21%20Mag%205%20-%2001%20-%20Laxical%20%282015%29%28CPCRulez%29%28ScalesMann%29.ym	11929
https://www.cpc-power.com/YM/Rulez%21%20Mag%205%20-%2002%20-%20Brainless%20%282015%29%28CPCRulez%29%28ScalesMann%29.ym	11929
https://www.cpc-power.com/YM/Rulez%21%20Mag%205%20-%2003%20-%20Springy%20Sun%20%282015%29%28CPCRulez%29%28WBC%29.ym	11929
https://www.cpc-power.com/YM/Rulez%21%20Mag%205%20-%2004%20-%20Night%20Instant%20%282015%29%28CPCRulez%29%28MmcM%27Sage%29.ym	11929
https://www.cpc-power.com/YM/Rulez%21%20Mag%205%20-%2005%20-%20Poison%20Mind%20%282015%29%28CPCRulez%29%28Darkman007%29.ym	11929
https://www.cpc-power.com/YM/Arni%20%281989%29%28Kleincomputer%29%28Basic%29.ym	11934
https://www.cpc-power.com/YM/Oceano%20%282015%29%28Public%20Domain%29%28EgoTrip%29%28StArkos%29.ym	11984
https://www.cpc-power.com/YM/Punch%202%20%281997%29%28Public%20Domain%29%28Rudiger%29%28ST-128%20Module%29.ym	11985
https://www.cpc-power.com/YM/Nah%20Color%20%2B%20Sunday%20Drive%201-2%20%282015%29%28Epyteor%29%28SuTeKH%29%28StArkos%29.ym	11992
https://www.cpc-power.com/YM/Nah%20Color%20%2B%20Sunday%20Drive%202-2%20%282015%29%28Epyteor%29%28SuTeKH%29%28StArkos%29.ym	11992
https://www.cpc-power.com/YM/4%20To%204%20Back%20To%20The%20Future%201-4%20%282015%29%28Cpc-Power%29%28Tom%20et%20Jerry%29%28StArkos%29.ym	12000
https://www.cpc-power.com/YM/4%20To%204%20Back%20To%20The%20Future%202-4%20%282015%29%28Cpc-Power%29%28Tom%20et%20Jerry%29%28StArkos%29.ym	12000
https://www.cpc-power.com/YM/4%20To%204%20Back%20To%20The%20Future%203-4%20%282015%29%28Cpc-Power%29%28Tom%20et%20Jerry%29%28StArkos%29.ym	12000
https://www.cpc-power.com/YM/4%20To%204%20Back%20To%20The%20Future%204-4%20%282015%29%28Cpc-Power%29%28Tom%20et%20Jerry%29%28StArkos%29.ym	12000
https://www.cpc-power.com/YM/Amstrad%20Expo%202010%20-%20Darkness%20Music%20%282010%29%28Mr%20Lou%29%28Mr%20Lou%29%28StarkOs%29.ym	12028
https://www.cpc-power.com/YM/Reset%2020%20-%20Two%20Years%20%282015%29%28Public%20Domain%29%28Brink%29%28StArkos%29.ym	12032
https://www.cpc-power.com/YM/Floopy%2010%20et%2011%20-%20Intro%20%281987%29%28Infomedia%29%28Basic%29.ym	12046
https://www.cpc-power.com/YM/Floopy%2010%20et%2011%20-%20Demo%20Music%20Studio%201%20%281987%29%28Infomedia%29.ym	12046
https://www.cpc-power.com/YM/Floopy%2010%20et%2011%20-%20Demo%20Music%20Studio%202%20%281987%29%28Infomedia%29.ym	12046
https://www.cpc-power.com/YM/Floopy%2010%20et%2011%20-%20Demo%20Music%20Studio%203%20%281987%29%28Infomedia%29.ym	12046
https://www.cpc-power.com/YM/Legumes%20%282007%29%28Kill%20Or%20Die%29%28StArkOs%29.ym	12063
https://www.cpc-power.com/YM/Reset%2020%20-%20Gimme%20Some%20Sugar%20-%20Read-Me%20%282015%29%28Epyteor%29%28SuTeKH%29%28StArkos%29.ym	12066
https://www.cpc-power.com/YM/Reset%2020%20-%20Gimme%20Some%20Sugar%20%282015%29%28Epyteor%29%28SuTeKH%29%28StArkos%29.ym	12066
https://www.cpc-power.com/YM/ACC%20Demo%20%281989%29%28ACC%29%28Music%20Pro%29.ym	12071
https://www.cpc-power.com/YM/Crackerpost%201%20%281987%29%28Public%20Domain%29.ym	12108
https://www.cpc-power.com/YM/Red%20Alert%20%281985%29%28Mastertronic%29%28Ottfried%20Schmidt%29%28Basic%29.ym	12112
https://www.cpc-power.com/YM/Odin%20%281988%29%28Public%20Domain%29%28Tom%20et%20Jerry%29%28Basic%29.ym	12165
https://www.cpc-power.com/YM/Amstel%20Free%20Disk%204%20-%20MoonWalker%20%281992%29%28Neofyt%20Production%29.ym	12185
https://www.cpc-power.com/YM/Amstel%20Free%20Disk%204%20-%20Terminator%202%20%281992%29%28Neofyt%20Production%29%28Equinoxe%29.ym	12185
https://www.cpc-power.com/YM/Moonlight%20Shadow%20%281989%29%28Public%20Domain%29%28The%20Lynx%29.ym	12228
https://www.cpc-power.com/YM/Crazy%20Cows%20-%20Main%20Part%20%281993%29%28Public%20Domain%29%28JaySoft%29%28ST-Module%29.ym	12230
https://www.cpc-power.com/YM/Crazy%20Cows%20-%20Cheat%20Part%20%281993%29%28Public%20Domain%29%28JaySoft%29%28ST-Module%29.ym	12230
https://www.cpc-power.com/YM/Blip%20Music%21%20-%2001%20-%20Hi%20Flyer%20%281996%29%28Systeme%20D%29%28Palm%20Coding%29%28ST-Module%29.ym	12247
https://www.cpc-power.com/YM/Blip%20Music%21%20-%2002%20-%20The%20Smiley%20Song%20%281996%29%28Systeme%20D%29%28Palm%20Coding%29%28ST-Module%29.ym	12247
https://www.cpc-power.com/YM/Blip%20Music%21%20-%2003%20-%20Best%20And%20Marsh%20%281996%29%28Systeme%20D%29%28CRTC%29%28ST-Module%29.ym	12247
https://www.cpc-power.com/YM/Blip%20Music%21%20-%2004%20-%20Chicago%20%281996%29%28Systeme%20D%29%28Palm%20Coding%29%28ST-Module%29.ym	12247
https://www.cpc-power.com/YM/Blip%20Music%21%20-%2005%20-%20Blue%20Monday%20%281996%29%28Systeme%20D%29%28CRTC%29%28ST-Module%29.ym	12247
https://www.cpc-power.com/YM/Blip%20Music%21%20-%2006%20-%20Bostin%20Rubber%20-%20Bil%20Remix%20%281996%29%28Systeme%20D%29%28CRTC%29%28ST-Module%29.ym	12247
https://www.cpc-power.com/YM/Blip%20Music%21%20-%2007%20-%20JCB%20Diggers%20%281996%29%28Systeme%20D%29%28Palm%20Coding%29%28ST-Module%29.ym	12247
https://www.cpc-power.com/YM/Blip%20Music%21%20-%2008%20-%20Dad%27s%20Army%20-%20BBC%20Archives%20%281996%29%28Systeme%20D%29%28CRTC%29%28ST-Module%29.ym	12247
https://www.cpc-power.com/YM/Blip%20Music%21%20-%2009%20-%20Grand%20Day%20Out%20%281996%29%28Systeme%20D%29%28Palm%20Coding%29%28ST-Module%29.ym	12247
https://www.cpc-power.com/YM/Blip%20Music%21%20-%2010%20-%20Theme%20From%20Fluff%20-%20BBC%20Archives%20%281996%29%28Systeme%20D%29%28CRTC%29%28ST-Module%29.ym	12247
https://www.cpc-power.com/YM/Blip%20Music%21%20-%2011%20-%20Time%20%281996%29%28Systeme%20D%29%28FruitBowl%29%28ST-Module%29.ym	12247
https://www.cpc-power.com/YM/Blip%20Music%21%20-%2012%20-%20Better%20Than%20Bach%20%281996%29%28Systeme%20D%29%28Palm%20Coding%29%28ST-Module%29.ym	12247
https://www.cpc-power.com/YM/Blip%20Music%21%20-%2013%20-%20No%20Fear%20-%20BBC%20Archives%20%281996%29%28Systeme%20D%29%28CRTC%29%28ST-Module%29.ym	12247
https://www.cpc-power.com/YM/Blip%20Music%21%20-%2014%20-%20Ode%20For%20Lost%20Times%20-%20Part%20Two%20%281996%29%28Systeme%20D%29%28Palm%20Coding%29%28ST-Module%29.ym	12247
https://www.cpc-power.com/YM/Blip%20Music%21%20-%2015%20-%20Tubular%20Bells%20-%20DoorBell%20Version%20%281996%29%28Systeme%20D%29%28Palm%20Coding%29%28ST-Module%29.ym	12247
https://www.cpc-power.com/YM/Blip%20Music%21%20-%2016%20-%20Tubular%20Bells%20-%20CowBell%20Version%20%281996%29%28Systeme%20D%29%28CRTC%29%28ST-Module%29.ym	12247
https://www.cpc-power.com/YM/Blip%20Music%21%20-%2017%20-%20Round%20And%20Round%20-%20CowBell%20Version%20%281996%29%28Systeme%20D%29%28CRTC%29%28ST-Module%29.ym	12247
https://www.cpc-power.com/YM/Blip%20Music%21%20-%2018%20-%20WestVille%20%281996%29%28Systeme%20D%29%28Palm%20Coding%29%28ST-Module%29.ym	12247
https://www.cpc-power.com/YM/Blip%20Music%21%20-%2019%20-%20Spirits%20%281996%29%28Systeme%20D%29%28CRTC%29%28ST-Module%29.ym	12247
https://www.cpc-power.com/YM/Blip%20Music%21%20-%2020%20-%20The%20Smiley%20Song%20-%20Outer%20Space%20Remix%20%281996%29%28Systeme%20D%29%28Palm%20Coding%29%28ST-Module%29.ym	12247
https://www.cpc-power.com/YM/Blip%20Music%21%20-%2021%20-%20Oxygene%20Four%20%281996%29%28Systeme%20D%29%28CRTC%29%28ST-Module%29.ym	12247
https://www.cpc-power.com/YM/Blip%20Music%21%20-%2022%20-%20Dust%20-%20Systeme%20Edit%20%281996%29%28Systeme%20D%29%28Palm%20Coding%29%28ST-Module%29.ym	12247
https://www.cpc-power.com/YM/Blip%20Music%21%20-%2023%20-%20Tech%20-%20No%21%20-%20Original%20%281996%29%28Systeme%20D%29%28CRTC%29%28ST-Module%29.ym	12247
https://www.cpc-power.com/YM/Blip%20Music%21%20-%2024%20-%20Radio%20Song%20%281996%29%28Systeme%20D%29%28CRTC%29%28ST-Module%29.ym	12247
https://www.cpc-power.com/YM/Blip%20Music%21%20-%2025%20-%20Fine%20Time%20%281996%29%28Systeme%20D%29%28CRTC%29%28ST-Module%29.ym	12247
https://www.cpc-power.com/YM/Blip%20Music%21%20-%2026%20-%20Dances%20With%20Smileys%20%281996%29%28Systeme%20D%29%28Palm%20Coding%29%28ST-Module%29.ym	12247
https://www.cpc-power.com/YM/Blip%20Music%21%20-%2027%20-%20True%20Faith%20%281996%29%28Systeme%20D%29%28CRTC%29%28ST-Module%29.ym	12247
https://www.cpc-power.com/YM/Blip%20Music%21%20-%2028%20-%20Speed%20%281996%29%28Systeme%20D%29%28Palm%20Coding%29%28ST-Module%29.ym	12247
https://www.cpc-power.com/YM/Blip%20Music%21%20-%2029%20-%20WFL%20%281996%29%28Systeme%20D%29%28CRTC%29%28ST-Module%29.ym	12247
https://www.cpc-power.com/YM/Blip%20Music%21%20-%2030%20-%20A%20Piano%20Overture%20%281996%29%28Systeme%20D%29%28FruitBowl%29%28ST-Module%29.ym	12247
https://www.cpc-power.com/YM/Blip%20Music%21%20-%2031%20-%20World%20%281996%29%28Systeme%20D%29%28CRTC%29%28ST-Module%29.ym	12247
https://www.cpc-power.com/YM/Blip%20Music%21%20-%2032%20-%20Autumn%20Breeze%20%281996%29%28Systeme%20D%29%28Palm%20Coding%29%28ST-Module%29.ym	12247
https://www.cpc-power.com/YM/Blip%20Music%21%20-%2033%20-%20Zap%20T%20Beng%20-%20Pirated%20Copy%20%281996%29%28Systeme%20D%29%28CRTC%29%28ST-Module%29.ym	12247
https://www.cpc-power.com/YM/Blip%20Music%21%20-%2034%20-%20Ocean%20Voyage%20-%20Atlantic%20Mix%20%281996%29%28Systeme%20D%29%28Palm%20Coding%29%28ST-Module%29.ym	12247
https://www.cpc-power.com/YM/Blip%20Music%21%20-%2035%20-%20Fluff%20-%20The%20Remix%20%281996%29%28Systeme%20D%29%28CRTC%29%28ST-Module%29.ym	12247
https://www.cpc-power.com/YM/Blip%20Music%21%20-%2036%20-%20New%20Orleans%20-%20Rising%20Sun%20Mix%20%281996%29%28Systeme%20D%29%28Palm%20Coding%29%28ST-Module%29.ym	12247
https://www.cpc-power.com/YM/9%20Lives%20%282015%29%28Epyteor%29%28Sutekh%29%28StArkos%29.ym	12293
https://www.cpc-power.com/YM/Hard%20Show%201%20%281988%29%28Public%20Domain%29%28Popeye%29%28Basic%29.ym	12353
https://www.cpc-power.com/YM/Hard%20Show%201%20-%20End%20%281988%29%28Public%20Domain%29%28Basic%29.ym	12353
https://www.cpc-power.com/YM/Objets%20D%27En%20Faces%20%281990%29%28Public%20Domain%29%28%29%28Basic%29.ym	12364
https://www.cpc-power.com/YM/Collection%20Kraken%20Demo%20No%201%20%281989%29%28Public%20Domain%29.ym	12432
https://www.cpc-power.com/YM/Rulez%21%20Mag%206%20-%20Music%201%20-%20Guitarou%20from%20IBM%20%282015%29%28CPCRulez%29%28Lav%29%28ProTracker%203.5%29.ym	12434
https://www.cpc-power.com/YM/Rulez%21%20Mag%206%20-%20Music%202%20-%20Huj%20Znaet%20Chto%20%282015%29%28CPCRulez%29%28Lav%29%28ProTracker%203.5%29.ym	12434
https://www.cpc-power.com/YM/Rulez%21%20Mag%206%20-%20Music%203%20-%20Evernings%20Remixed%20%282015%29%28CPCRulez%29%28Lav%29%28ProTracker%203.5%29.ym	12434
https://www.cpc-power.com/YM/Rulez%21%20Mag%206%20-%20Music%204%20-%20%282015%29%28CPCRulez%29%28Lav%29%28ProTracker%203.5%29.ym	12434
https://www.cpc-power.com/YM/Rulez%21%20Mag%206%20-%20Music%205%20-%20This%20Song%20%282015%29%28CPCRulez%29%28Lav%29%28ProTracker%203.5%29.ym5	12434
https://www.cpc-power.com/YM/Rulez%21%20Mag%206%20-%20Music%206%20-%20Vinny%20Level%20%282015%29%28CPCRulez%29%28Lav%29%28ProTracker%203.5%29.ym5	12434
https://www.cpc-power.com/YM/Rulez%21%20Mag%206%20-%20Music%207%20-%20Storm%20Mini%20Demo%20%282015%29%28CPCRulez%29%28Lav%29%28ProTracker%203.5%29.ym5	12434
https://www.cpc-power.com/YM/First%20Demo%20From%20Faster%20Than%20Light%20%281990%29%28Public%20Domain%29.ym	12480
https://www.cpc-power.com/YM/Reflexion%20RAG%20%281987%29%28CPC%29%28Henri%20Bittner%29%28Basic%29.ym	12485
https://www.cpc-power.com/YM/Space%20Moves%20%282015%29%28cpcretrodev.byterealms%29%28McKlain%29%28StArkOs%29.ym	12490
https://www.cpc-power.com/YM/Znax%20%282015%29%28CpcRetroDev.ByteRealms%29%28PulkoMandy%29%28StArkos%29.ym	12492
https://www.cpc-power.com/YM/Space%20Rivals%20%282015%29%28CpcRetroDev.ByteRealms%29%28Mr.%20Lou%29%28StArkos%29.ym	12497
https://www.cpc-power.com/YM/Frog%20Alot%201-3%20%282015%29%28CpcRetroDev.ByteRealms%29%28CNGSoft%29.ym	12498
https://www.cpc-power.com/YM/Frog%20Alot%202-3%20%282015%29%28CpcRetroDev.ByteRealms%29%28CNGSoft%29.ym	12498
https://www.cpc-power.com/YM/Frog%20Alot%203-3%20%282015%29%28CpcRetroDev.ByteRealms%29%28CNGSoft%29.ym	12498
https://www.cpc-power.com/YM/ReSeT%208%20-%20Comic%20Bakery%20%282012%29%28Public%20Domain%29%28PulkoMandy%29%28StArkos%29.ym	12529
https://www.cpc-power.com/YM/ReSeT%208%20-%20Music%20%282012%29%28Public%20Domain%29%28EgoTrip%29%28StArkos%29.ym	12530
https://www.cpc-power.com/YM/ReSeT%208%20-%20ReSeT%20Your%20Party%20%282012%29%28Public%20Domain%29%28V0yager%29%28StArkos%29.ym	12531
https://www.cpc-power.com/YM/ReSeT%208%20-%20Little%20Boat%20%282012%29%28Futurs%29%28Zik%29%28StArkos%29.ym	12532
https://www.cpc-power.com/YM/ReAct%202003%20-%20Sionide%20%282003%29%28Sice%29.ym	12543
https://www.cpc-power.com/YM/ReAct%202003%20-%20Untitled%20%282003%29%28Antitec%29.ym	12544
https://www.cpc-power.com/YM/ReAct%202003%20-%20Knightfall%20%282003%29%28Tsoustis%29.ym	12545
https://www.cpc-power.com/YM/ReAct%202003%20-%20Paduam%20%282003%29%28Sice%29.ym	12546
https://www.cpc-power.com/YM/Forever%202006%20CPC%20Music%20Competition%20-%20Tsoust%20%282006%29%28PD%29%28Berserker%29%28ST-128%20Module%29.ym	12547
https://www.cpc-power.com/YM/Let%27s%20Go%20%21%20-%20Robocod%20%282015%29%28Public%20Domain%29%28SuTeKH%29%28StArkos%29.ym	12550
https://www.cpc-power.com/YM/Load%20Error%202015%20-%20CePeCe%20%282015%29%28Public%20Domain%29%28stRing%29%28StArkOs%29.ym	12553
https://www.cpc-power.com/YM/Revision%202012%20-%20Hyperdragon%20%282012%29%28Public%20Domain%29%28Reed%29%28StArkos%29.ym	12556
https://www.cpc-power.com/YM/Booger%20Slide%20-%20Pre%20Intro%20%282011%29%28Public%20Domain%29%28Power%29%28ST-128%20Module%29.ym	12557
https://www.cpc-power.com/YM/Booger%20Slide%20-%20Intro%20%282011%29%28Public%20Domain%29%28Greg%29%28ST-128%20Module%29.ym	12557
https://www.cpc-power.com/YM/Booger%20Slide%20-%20Music%201%20%282011%29%28Public%20Domain%29%28Greg%29%28ST-128%20Module%29.ym	12557
https://www.cpc-power.com/YM/Booger%20Slide%20-%20Music%202%20%282011%29%28Public%20Domain%29%28Greg%29%28ST-128%20Module%29.ym	12557
https://www.cpc-power.com/YM/Booger%20Slide%20-%20Music%203%20%282011%29%28Public%20Domain%29%28Greg%29%28ST-128%20Module%29.ym	12557
https://www.cpc-power.com/YM/Booger%20Slide%20-%20Music%204%20%282011%29%28Public%20Domain%29%28Greg%29%28ST-128%20Module%29.ym	12557
https://www.cpc-power.com/YM/Booger%20Slide%20-%20Music%205%20%282011%29%28Public%20Domain%29%28Greg%29%28ST-128%20Module%29.ym	12557
https://www.cpc-power.com/YM/Booger%20Slide%20-%20End%20%282011%29%28Public%20Domain%29%28Greg%29%28ST-128%20Module%29.ym	12557
https://www.cpc-power.com/YM/Beeswax%20%281996%29%28Mortel%29%28Kangaroo%29%28ST-128%20Module%29.ym	12559
https://www.cpc-power.com/YM/Kit%20AY%20v0.3%20-%20Federation%20of%20Free%20Traders%20%282000%29%28ShareWare%29%28Ben%20Daglish%29%28AYC%29.ym	12560
https://www.cpc-power.com/YM/Kit%20AY%20v0.3%20-%20Knight%20Fall%20%282000%29%28ShareWare%29%28AYC%29.ym	12560
https://www.cpc-power.com/YM/The%20Return%20Of%20Traxtor%20-%20Intro%20Music%20%282015%29%20%28usebox.net%29%20%28Juan%20Jose%20MARTINEZ%29.ym	12599
https://www.cpc-power.com/YM/The%20Return%20Of%20Traxtor%20-%20Menu%20Music%20%282015%29%20%28usebox.net%29%20%28Juan%20Jose%20MARTINEZ%29.ym	12599
https://www.cpc-power.com/YM/The%20Return%20Of%20Traxtor%20-%20The%20Legend%20%282015%29%20%28usebox.net%29%20%28Juan%20Jose%20MARTINEZ%29.ym	12599
https://www.cpc-power.com/YM/The%20Return%20Of%20Traxtor%20-%20Game%20Over%20%282015%29%20%28usebox.net%29%20%28Juan%20Jose%20MARTINEZ%29.ym	12599
https://www.cpc-power.com/YM/Rulez%21%20Mag%207%20-%20Music%201%20-%20Farwell%20Summer%20%282015%29%28CPCRulez%29%28MmcM%20of%20Sage%29%28ProTracker%203.5%29.ym5	12645
https://www.cpc-power.com/YM/Rulez%21%20Mag%207%20-%20Music%202%20-%20Dancing%20Pigs%20%282015%29%28CPCRulez%29%28Nick%20Gibson%29%28ProTracker%203.5%29.ym5	12645
https://www.cpc-power.com/YM/Rulez%21%20Mag%207%20-%20Music%203%20-%20Black%20Blues%20vol.1%20%282015%29%28CPCRulez%29%28Nick%20Gibson%29%28ProTracker%203.5%29.ym5	12645
https://www.cpc-power.com/YM/Rulez%21%20Mag%207%20-%20Music%204%20-%20The%20Second%20Day%20of%20Creation%20%282015%29%28CPCRulez%29%28Moran%20of%20CPU%29%28ProTracker%203.5%29.ym5	12645
https://www.cpc-power.com/YM/Rulez%21%20Mag%207%20-%20Music%205%20-%20Another%20Reason%20for%20Crying%20%282015%29%28CPCRulez%29%28Nick%20Gibson%29%28ProTracker%203.5%29.ym5	12645
https://www.cpc-power.com/YM/Rulez%21%20Mag%207%20-%20Music%206%20-%20Jews%20Are%20Supremre%20Nation%20%282015%29%28CPCRulez%29%28Moran%20of%20CPU%29%28ProTracker%203.5%29.ym5	12645
https://www.cpc-power.com/YM/Rulez%21%20Mag%207%20-%20Music%207%20-%20Mind%20a%20Gap%20%282015%29%28CPCRulez%29%28Moran%20of%20CPU%29%28ProTracker%203.5%29.ym5	12645
https://www.cpc-power.com/YM/Adios%20A%20La%20Casta%20-%20Episode%201%20-%20Menu%20%282015%29%284Mhz%29%28John%20McKlain%29%28StArkos%29.ym	12680
https://www.cpc-power.com/YM/Adios%20A%20La%20Casta%20-%20Episode%201%20-%20InGame%201%20%282015%29%284Mhz%29%28John%20McKlain%29%28StArkos%29.ym	12680
https://www.cpc-power.com/YM/Adios%20A%20La%20Casta%20-%20Episode%201%20-%20InGame%202%20%282015%29%284Mhz%29%28John%20McKlain%29%28StArkos%29.ym	12680
https://www.cpc-power.com/YM/Adios%20A%20La%20Casta%20-%20Episode%201%20-%20InGame%203%20%282015%29%284Mhz%29%28John%20McKlain%29%28StArkos%29.ym	12680
https://www.cpc-power.com/YM/Adios%20A%20La%20Casta%20-%20Episode%201%20-%20End%20Game%20%282015%29%284Mhz%29%28John%20McKlain%29%28StArkos%29.ym	12680
https://www.cpc-power.com/YM/Points%20Barres%20Intro%20%282015%29%28Overlanders%29%28Shap%29%28ST-128%20Module%29.ym	12683
https://www.cpc-power.com/YM/Points%20Barres%20Main%20%282015%29%28Overlanders%29%28Tom%20%26%20Jerry%29%28AYC%29.ym	12683
https://www.cpc-power.com/YM/Points%20Barres%20Pre%20Intro%20%282015%29%28Overlanders%29%28Targhan%29.ym	12683
https://www.cpc-power.com/YM/Rulez%21%20Mag%208%20-%201%20-%20Amiga%20Chiptune%2002%20%282016%29%28CPCRulez%29%28Zoom%29%28ProTracker%203.5%29.ym	12770
https://www.cpc-power.com/YM/Rulez%21%20Mag%208%20-%202%20-%20Amiga%20Chiptune%2004%20%282016%29%28CPCRulez%29%28Zoom%29%28ProTracker%203.5%29.ym	12770
https://www.cpc-power.com/YM/Rulez%21%20Mag%208%20-%203%20-%20Amiga%20Chiptune%2006%20%282016%29%28CPCRulez%29%28Zoom%29%28ProTracker%203.5%29.ym	12770
https://www.cpc-power.com/YM/Rulez%21%20Mag%208%20-%204%20-%20Chlast-A-Station%20%282016%29%28CPCRulez%29%28Zoom%29%28ProTracker%203.5%29.ym	12770
https://www.cpc-power.com/YM/Rulez%21%20Mag%208%20-%205%20-%20Coeur%20%282016%29%28CPCRulez%29%28Zoom%29%28ProTracker%203.5%29.ym	12770
https://www.cpc-power.com/YM/Rulez%21%20Mag%208%20-%206%20-%20This%20Is%20Emptiness%20%21%20%282016%29%28CPCRulez%29%28Zoom%29%28ProTracker%203.5%29.ym	12770
https://www.cpc-power.com/YM/Rulez%21%20Mag%208%20-%207%20-%20Wings%20Of%20Death%20%282016%29%28CPCRulez%29%28Zoom%29%28ProTracker%203.5%29.ym	12770
https://www.cpc-power.com/YM/Rulez%21%20Mag%208%20-%208%20-%20ZooLook%20%282016%29%28CPCRulez%29%28Zoom%29%28ProTracker%203.5%29.ym	12770
https://www.cpc-power.com/YM/Because%20I%20Need%20You%20%28199x%29%28Beng%29%28Kangaroo%29%28ST-Module%29.ym	12780
https://www.cpc-power.com/YM/Daniele%20Isch%20Nemme%20Ganz%20Sauber%20%28199x%29%28Beng%29%28Kangaroo%29%28ST-Module%29.ym	12781
https://www.cpc-power.com/YM/I%20Love%20Dirk%20Heim%20%28199x%29%28Beng%29%28Kangaroo%29%28ST-Module%29.ym	12782
https://www.cpc-power.com/YM/The%20Samantha%20Fox%20Show%20%2819xx%29%28Hack%29%28Basic%29.ym	12784
https://www.cpc-power.com/YM/Mutante%20Montoya%20%282016%29%28Public%20Domain%29%28Jose%20Javier%20Garcia%20Aranda%29%288BP%29.ym	12790
https://www.cpc-power.com/YM/Marvellous%20Musical%20Magic%20-%20Demo%201%20%2819xx%29%28Public%20Domain%29.ym	12792
https://www.cpc-power.com/YM/Marvellous%20Musical%20Magic%20-%20Demo%202%20%2819xx%29%28Public%20Domain%29.ym	12792
https://www.cpc-power.com/YM/Marvellous%20Musical%20Magic%20-%20Demo%203%20%2819xx%29%28Public%20Domain%29.ym	12792
https://www.cpc-power.com/YM/Marvellous%20Musical%20Magic%20-%20Enchanted%20Land%201%20%2819xx%29%28Public%20Domain%29.ym	12792
https://www.cpc-power.com/YM/Marvellous%20Musical%20Magic%20-%20Enchanted%20Land%202%20%2819xx%29%28Public%20Domain%29.ym	12792
https://www.cpc-power.com/YM/TVBALL%20%282016%29%28Public%20Domain%29.ym	12808
https://www.cpc-power.com/YM/Ghosts%27N%27Goblins%20%282016%29%28Epyteor%29%28SuTeKH%29%28StarkOs%29.ym	12837
https://www.cpc-power.com/YM/Kong%20Strikes%20Back%20%26%20Friends%20%282016%29%28Epyteor%29%28SuTeKH%29%28StarkOs%29.ym	12838
https://www.cpc-power.com/YM/The%20Secret%20Of%20Monkey%20Island%20Title%20%282016%29%28Epyteor%29%28SuTeKH%29%28StarkOs%29.ym	12841
https://www.cpc-power.com/YM/Donkey%20Kong%20Country%20Aquatic%20Ambience%20%282016%29%28Epyteor%29%28SuTeKH%29%28StarkOs%29.ym	12842
https://www.cpc-power.com/YM/Homicide%20%281991%29%28Public%20Domain%29%28Francois%29%28Equinoxe%29.ym	12848
https://www.cpc-power.com/YM/Pinball%20Dreams%20Beat%20Box%20Attract%20Mode%20%282016%29%28Epyteor%29%28SuTeKH%29%28StarkOs%29.ym	12865
https://www.cpc-power.com/YM/Pinball%20Dreams%20Beat%20Box%20InGame%20Theme%20%282016%29%28Epyteor%29%28SuTeKH%29%28StarkOs%29.ym	12865
https://www.cpc-power.com/YM/Pinball%20Dreams%20Beat%20Box%20New%20HighScore%20%282016%29%28Epyteor%29%28SuTeKH%29%28StarkOs%29.ym	12865
https://www.cpc-power.com/YM/HDM%20Clone%20%282015%29%28C64CD%29%28TMR%29%28StArkOs%29.ym	12868
https://www.cpc-power.com/YM/Anunnaki%20%282016%29%28Public%20Domain%29%28Jose%20Javier%20Garcia%20Aranda%29%288BP%29.ym	12873
https://www.cpc-power.com/YM/Sound%20Of%20Cracktro%21%20%282016%29%28Red%20Sector%20Inc%29%28Raft%29%28StArkos%29.ym	12876
https://www.cpc-power.com/YM/Out%20%282016%29%28AttentionWhore%29%28Bod%29%28StArkos%29.ym	12877
https://www.cpc-power.com/YM/Silvester%20Demo%20%281994%29%28HJT%29%28ST-128%20Module%29.ym	12904
https://www.cpc-power.com/YM/Triangles%21%20%282016%29%28Public%20Domain%29%28Bytebreaker%29%28Basic%29.ym	12980
https://www.cpc-power.com/YM/The%20Last%20Ninja%20The%20Wasterlands%20%282016%29%28Epyteor%29%28SuTeKH%29%28StarkOs%29.ym	12981
https://www.cpc-power.com/YM/Virusdog%20-%20Intro%20%282016%29%28cpc-power.com%29%28Tom%20%26%20Jerry%20of%20GPA%29%28StArkos%29.ym	13000
https://www.cpc-power.com/YM/Virusdog%20-%20InGame%20-%201%20%282016%29%28cpc-power.com%29%28Tom%20%26%20Jerry%20of%20GPA%29%28StArkos%29.ym	13000
https://www.cpc-power.com/YM/Virusdog%20-%20InGame%20-%202%20%282016%29%28cpc-power.com%29%28Tom%20%26%20Jerry%20of%20GPA%29%28StArkos%29.ym	13000
https://www.cpc-power.com/YM/Virusdog%20-%20InGame%20-%203%20%282016%29%28cpc-power.com%29%28Tom%20%26%20Jerry%20of%20GPA%29%28StArkos%29.ym	13000
https://www.cpc-power.com/YM/Jewel%20Warehouse%201-2%20%282016%29%28Public%20Domain%29%28EgoTrip%29%28StArkos%29.ym	13043
https://www.cpc-power.com/YM/Jewel%20Warehouse%202-2%20%282016%29%28Public%20Domain%29%28EgoTrip%29%28StArkos%29.ym	13043
https://www.cpc-power.com/YM/ASIC%20Intro%202%20%282016%29%28Flower%20Corp%29%28Tom%20et%20Jerry%29%28StArkos%29.ym	13079
https://www.cpc-power.com/YM/Badinerie%20%281985%29%28Public%20Domain%29%28Basic%29.ym	13083
https://www.cpc-power.com/YM/Banjo-Melodien%20%281985%29%28Public%20Domain%29%28Dirk%20Muller%29%28Basic%29.ym	13084
https://www.cpc-power.com/YM/Oxygene%20%281988%29%28Public%20Domain%29%28Michael%20Abdul%29.ym	13091
https://www.cpc-power.com/YM/Psallite%20%281987%29%28Public%20Domain%29%28Martin%20Reth%29.ym	13094
https://www.cpc-power.com/YM/Singing%20In%20The%20Rain%20%2819xx%29%28Public%20Domain%29%28Alvin%20Ertl%29%28Basic%29.ym	13095
https://www.cpc-power.com/YM/Electric%20Monk%20Intro%202%20Song%201%20%281992%29%28TGS%29%28The%20Electric%20Monk%29%28ST-Module%29.ym	13099
https://www.cpc-power.com/YM/Electric%20Monk%20Intro%202%20Song%202%20%281992%29%28TGS%29%28The%20Electric%20Monk%29%28ST-Module%29.ym	13099
https://www.cpc-power.com/YM/Electric%20Monk%20Intro%202%20Song%203%20%281992%29%28TGS%29%28The%20Electric%20Monk%29%28ST-Module%29.ym	13099
https://www.cpc-power.com/YM/Electric%20Monk%20Intro%202%20Song%204%20%281992%29%28TGS%29%28The%20Electric%20Monk%29%28ST-Module%29.ym	13099
https://www.cpc-power.com/YM/Electric%20Monk%20Intro%202%20Song%205%20%281992%29%28TGS%29%28The%20Electric%20Monk%29%28ST-Module%29.ym	13099
https://www.cpc-power.com/YM/Electric%20Monk%20Intro%202%20Song%206%20%281992%29%28TGS%29%28The%20Electric%20Monk%29%28ST-Module%29.ym	13099
https://www.cpc-power.com/YM/Electric%20Monk%20Intro%202%20Song%207%20%281992%29%28TGS%29%28The%20Electric%20Monk%29%28ST-Module%29.ym	13099
https://www.cpc-power.com/YM/Amsof%20PD%20Turn%20Disc%20%2819xx%29%28Amsof%20PD%29%28ST-Module%29.ym	13105
https://www.cpc-power.com/YM/30%20Years%20Amstrad%20Megademo%20-%20Benediction%20%282016%29%28Benediction%29%28Brink%29.ym	13108
https://www.cpc-power.com/YM/30%20Years%20Amstrad%20Megademo%20-%20Benediction%20Intro%20%282016%29%28Benediction%29%28John%20McKlain%29%28StArkos%29.ym	13108
https://www.cpc-power.com/YM/30%20Years%20Amstrad%20Megademo%20-%20Credits%20%282016%29%28Benediction%29%28Factor6%29.ym	13108
https://www.cpc-power.com/YM/30%20Years%20Amstrad%20Megademo%20-%20Dirty%20Minds%20%282016%29%28Benediction%29%28Factor6%29%28StArkos%29.ym	13108
https://www.cpc-power.com/YM/30%20Years%20Amstrad%20Megademo%20-%20Futurs%27%20%282016%29%28Benediction%29%28Zik%29.ym	13108
https://www.cpc-power.com/YM/30%20Years%20Amstrad%20Megademo%20-%20Gpa%20%282016%29%28Benediction%29%28Tom%20%26%20Jerry%29%28StArkos%29.ym	13108
https://www.cpc-power.com/YM/30%20Years%20Amstrad%20Megademo%20-%20Introduction%20%282016%29%28Benediction%29%28SOS%29.ym	13108
https://www.cpc-power.com/YM/30%20Years%20Amstrad%20Megademo%20-%20Menu%20%282016%29%28Benediction%29%28Tony%29.ym	13108
https://www.cpc-power.com/YM/30%20Years%20Amstrad%20Megademo%20-%20Pulpo%20Corrosivo%20%282016%29%28Benediction%29%28John%20McKlain%29.ym	13108
https://www.cpc-power.com/YM/30%20Years%20Amstrad%20Megademo%20-%20Shinra%20%282016%29%28Benediction%29%28PulkoMandy%29%28StArkos%29.ym	13108
https://www.cpc-power.com/YM/30%20Years%20Amstrad%20Megademo%20-%20Turn%20Disk%20%282016%29%28Benediction%29%28Factor6%29%28StArkos%29.ym	13108
https://www.cpc-power.com/YM/30%20Years%20Amstrad%20Megademo%20-%20Vanity%20Bad%20CRTC%201%20%282016%29%28Benediction%29%28Tom%20%26%20Jerry%29.ym	13108
https://www.cpc-power.com/YM/30%20Years%20Amstrad%20Megademo%20-%20Vanity%20Bad%20CRTC%202%20%282016%29%28Benediction%29%28Tom%20%26%20Jerry%29.ym	13108
https://www.cpc-power.com/YM/30%20Years%20Amstrad%20Megademo%20-%20Vanity%20Part%201%20%282016%29%28Benediction%29%28Tom%20%26%20Jerry%29.ym	13108
https://www.cpc-power.com/YM/30%20Years%20Amstrad%20Megademo%20-%20Vanity%20Part%202%20%282016%29%28Benediction%29%28Tom%20%26%20Jerry%29.ym	13108
https://www.cpc-power.com/YM/Good%20Demo%20%2819xx%29%28Vaerlose%20Crackers%29%28Basic%29.ym	13109
https://www.cpc-power.com/YM/Adios%20A%20La%20Casta%20-%20Episode%202%20-%20Menu%20%282016%29%284Mhz%29%28John%20McKlain%29%28StArkos%29.ym	13113
https://www.cpc-power.com/YM/Adios%20A%20La%20Casta%20-%20Episode%202%20-%20Level%201%20%282016%29%284Mhz%29%28John%20McKlain%29%28StArkos%29.ym	13113
https://www.cpc-power.com/YM/Scoopex%20Anty%20Musicdisk%20-%20No%20Name%20%282016%29%28Epyteor%29%28SuTeKH%29%28StArkos%29.ym	13115
https://www.cpc-power.com/YM/Scoopex%20Anty%20Musicdisk%20-%20The%20Emboldment%20%282016%29%28Epyteor%29%28SuTeKH%29%28StArkos%29.ym	13115
https://www.cpc-power.com/YM/Scoopex%20Anty%20Musicdisk%20-%20The%20Sign%20%282016%29%28Epyteor%29%28SuTeKH%29%28StArkos%29.ym	13115
https://www.cpc-power.com/YM/Xtron%20%281988%29%28Public%20Domain%29%28Herve%20Bo%29%28Basic%29.ym	13118
https://www.cpc-power.com/YM/Geographie%20En%20Classe%20De%203eme%20-%20Etats%20Unis%20%281987%29%28Joseph%20Barou%29%28Basic%29.ym	13119
https://www.cpc-power.com/YM/Geographie%20En%20Classe%20De%203eme%20-%20France%20%281987%29%28Joseph%20Barou%29%28Basic%29.ym	13119
https://www.cpc-power.com/YM/Geographie%20En%20Classe%20De%203eme%20-%20URSS%20%281987%29%28Joseph%20Barou%29%28Basic%29.ym	13119
https://www.cpc-power.com/YM/Kung%20Fu%20Guns%20%282016%29%28CpcRetroDev.ByteRealms%29%28Joe%20Mc%20Alby%29%28StArkos%29.ym	13123
https://www.cpc-power.com/YM/CPC%20vs%20Virgill%20-%201%20-%20Prism%20Break%20%282016%29%28Public%20Domain%29%28Virgill%20%26%20RaFT%29%28StArkos%29.ym	13124
https://www.cpc-power.com/YM/CPC%20vs%20Virgill%20-%202%20-%20Dott%20%282016%29%28Public%20Domain%29%28Virgill%20%26%20RaFT%29%28StArkos%29.ym	13124
https://www.cpc-power.com/YM/CPC%20vs%20Virgill%20-%203%20-%20Galvanize%20%282016%29%28Public%20Domain%29%28Virgill%20%26%20RaFT%29%28StArkos%29.ym	13124
https://www.cpc-power.com/YM/CPC%20vs%20Virgill%20-%204%20-%20Xaver%20%282016%29%28Public%20Domain%29%28Virgill%20%26%20RaFT%29%28StArkos%29.ym	13124
https://www.cpc-power.com/YM/CPC%20vs%20Virgill%20-%205%20-%20Chyphilis%20%282016%29%28Public%20Domain%29%28Virgill%20%26%20RaFT%29%28StArkos%29.ym	13124
https://www.cpc-power.com/YM/CPC%20vs%20Virgill%20-%206%20-%20Requiem%20for%20a%20CPC%20%282016%29%28Public%20Domain%29%28Virgill%20%26%20RaFT%29%28StArkos%29.ym	13124
https://www.cpc-power.com/YM/Remember%20The%2080s%20-%20Blondie%20-%20Call%20me%20%282016%29%28Slipstream%29%28Ed209%29%28Vortex%20Tracker%29.ym	13140
https://www.cpc-power.com/YM/Remember%20The%2080s%20-%20C.C.Catch%20-%20I%20Can%20Lose%20My%20Heart%20Tonight%20%282016%29%28Slipstream%29%28Ed209%29%28Vortex%20Tracker%29.ym	13140
https://www.cpc-power.com/YM/Remember%20The%2080s%20-%20David%20Bowie%20-%20Ashes%20to%20Ashes%20%282016%29%28Slipstream%29%28Ed209%29%28Vortex%20Tracker%29.ym	13140
https://www.cpc-power.com/YM/Remember%20The%2080s%20-%20Human%20league%20-%20Don%27t%20You%20Want%20Me%20%282016%29%28Slipstream%29%28Ed209%29%28Vortex%20Tracker%29.ym	13140
https://www.cpc-power.com/YM/Remember%20The%2080s%20-%20Madonna%20-%20Cherish%20%282016%29%28Slipstream%29%28Ed209%29%28Vortex%20Tracker%29.ym	13140
https://www.cpc-power.com/YM/Remember%20The%2080s%20-%20Modern%20Talking%20-%20Geronimo%27s%20Cadillac%20%282016%29%28Slipstream%29%28Factor6%29%28Vortex%20Tracker%29.ym	13140
https://www.cpc-power.com/YM/Remember%20The%2080s%20-%20Nena%20-%2099%20Luftballons%20%282016%29%28Slipstream%29%28Ed209%29%28Vortex%20Tracker%29.ym	13140
https://www.cpc-power.com/YM/Remember%20The%2080s%20-%20Toto%20-%20Africa%20%282016%29%28Slipstream%29%28Ed209%29%28Vortex%20Tracker%29.ym	13140
https://www.cpc-power.com/YM/Remember%20The%2080s%20-%20Yazoo%20-%20Don%27t%20Go%20%282016%29%28Slipstream%29%28Ed209%29%28Vortex%20Tracker%29.ym	13140
https://www.cpc-power.com/YM/Cero%20Absoluto%20%282016%29%28ESP%20Soft%29%28Baron%20Ashler%29%28StArkos%29.ym	13141
https://www.cpc-power.com/YM/Barbar%20%282016%29%28Benediction%29%28Brink%29.ym	13142
https://www.cpc-power.com/YM/Pub%20pour%20MEGA%20%281991%29%28Public%20Domain%29%28Music%20Pro%29.ym	13147
https://www.cpc-power.com/YM/Wacky%20Orchard%20%281985%29%28Argus%20Press%20Software%29%28P%20Stevens%29.ym	13168
https://www.cpc-power.com/YM/Zigomar%20%281988%29%28Public%20Domain%29%28Jean-Yves%20Guiblet%29%28Basic%29.ym	13191
https://www.cpc-power.com/YM/Sound%20Weee%20-%201%20%2819xx%29%28Public%20Domain%29%28Weee%29.ym	13201
https://www.cpc-power.com/YM/Sound%20Weee%20-%202%20%2819xx%29%28Public%20Domain%29%28Weee%29.ym	13201
https://www.cpc-power.com/YM/Sound%20Weee%20-%203%20%2819xx%29%28Public%20Domain%29%28Weee%29.ym	13201
https://www.cpc-power.com/YM/Sound%20Weee%20-%204%20%2819xx%29%28Public%20Domain%29%28Weee%29.ym	13201
https://www.cpc-power.com/YM/Sound%20Weee%20-%205%20%2819xx%29%28Public%20Domain%29%28Weee%29.ym	13201
https://www.cpc-power.com/YM/Sound%20Weee%20-%206%20%2819xx%29%28Public%20Domain%29%28Weee%29.ym	13201
https://www.cpc-power.com/YM/Sound%20Weee%20-%207%20%2819xx%29%28Public%20Domain%29%28Weee%29.ym	13201
https://www.cpc-power.com/YM/Golden%20Tail%20-%20Main%20Theme%20%282016%29%20%28usebox.net%29%20%28Juan%20Jose%20MARTINEZ%29.ym	13246
https://www.cpc-power.com/YM/Golden%20Tail%20-%20Osaka%20Castle%20%282016%29%20%28usebox.net%29%20%28Juan%20Jose%20MARTINEZ%29.ym	13246
https://www.cpc-power.com/YM/Golden%20Tail%20-%20The%20Valley%20%282016%29%20%28usebox.net%29%20%28Juan%20Jose%20MARTINEZ%29.ym	13246
https://www.cpc-power.com/YM/Golden%20Tail%20-%20Game%20Over%20%282016%29%20%28usebox.net%29%20%28Juan%20Jose%20MARTINEZ%29.ym	13246
https://www.cpc-power.com/YM/Weather%20And%20Climate%20%281987%29%28School%20Software%29%28%29%28Basic%29.ym	13269
https://www.cpc-power.com/YM/Miracle%20Demo%20-%20The%20Preview%20%281993%29%28Public%20Domain%29%28ST-Module%29.ym	13279
https://www.cpc-power.com/YM/Cybernoid%20II%20The%20Revenge%20%282016%29%28Epyteor%29%28SuTeKH%29%28StarkOs%29.ym	13286
https://www.cpc-power.com/YM/Defence%20%282016%29%28Public%20Domain%29%28MMCM%29.ym	13287
https://www.cpc-power.com/YM/Advanced%20Combat%20Emulator%202%20%282016%29%28Epyteor%29%28SuTeKH%29%28StarkOs%29.ym	13293
https://www.cpc-power.com/YM/PT3%20Module%20Player%20v0.1%20-%201%20-%20How%20Are%20You%20%282016%29%28CPCRulez%29%28MmcM%29%28Vortex%20Tracker%29.ym	13329
https://www.cpc-power.com/YM/PT3%20Module%20Player%20v0.1%20-%202%20-%20Iteration%20%282016%29%28CPCRulez%29%28MmcM%29%28Vortex%20Tracker%29.ym	13329
https://www.cpc-power.com/YM/PT3%20Module%20Player%20v0.1%20-%203%20-%20Adventures%20of%20a%20Big%20Red%20Rabbit%20%282016%29%28CPCRulez%29%28Quiet%29%28Vortex%20Tracker%29.ym	13329
https://www.cpc-power.com/YM/PT3%20Module%20Player%20v0.1%20-%204%20-%20Unsigned%20Letters%20Party%20Edition%20%282016%29%28CPCRulez%29%28ScalesMann%29%28ProTracker%29.ym	13329
https://www.cpc-power.com/YM/PT3%20Module%20Player%20v0.1%20-%205%20-%20Emphasis%20%282016%29%28CPCRulez%29%28Nodeus%29%28ProTracker%29.ym	13329
https://www.cpc-power.com/YM/PT3%20Module%20Player%20v0.1%20-%206%20-%20StepStep%20%282016%29%28CPCRulez%29%28AER%29%28Vortex%20Tracker%29.ym	13329
https://www.cpc-power.com/YM/PT3%20Module%20Player%20v0.1%20-%207%20-%20To%20Find%20Yourself%20%282016%29%28CPCRulez%29%28Quiet%29%28Vortex%20Tracker%29.ym	13329
https://www.cpc-power.com/YM/PT3%20Module%20Player%20v0.1%20-%208%20-%20Hurry%20Up%20%282016%29%28CPCRulez%29%28WBC%29%28Vortex%20Tracker%29.ym	13329
https://www.cpc-power.com/YM/PT3%20Module%20Player%20v0.1%20-%209%20-%20Squared%20Ants%20%282016%29%28CPCRulez%29%28ScalesMann%29%28ProTracker%29.ym	13329
https://www.cpc-power.com/YM/PT3%20Module%20Player%20v0.1%20-%2010%20%282016%29%28CPCRulez%29%28Vortex%20Tracker%29.ym	13329
https://www.cpc-power.com/YM/Robocop%203%20C64%20%282016%29%28Epyteor%29%28SuTeKH%29%28StArkos%29.ym	13330
https://www.cpc-power.com/YM/Parallax%20C64%20%282016%29%28Epyteor%29%28SuTeKH%29%28StarkOs%29.ym	13331
https://www.cpc-power.com/YM/Auf%20Wiedersehen%20Monty%20C64%20%282016%29%28Epyteor%29%28SuTeKH%29%28StarkOs%29.ym	13332
https://www.cpc-power.com/YM/Bruce%20Lee%20C64%20%282016%29%28Epyteor%29%28SuTeKH%29%28StarkOs%29.ym	13333
https://www.cpc-power.com/YM/Thing%20On%20A%20Spring%20C64%20%282016%29%28Epyteor%29%28SuTeKH%29%28StarkOs%29.ym	13334
https://www.cpc-power.com/YM/The%20Last%20V8%20C64%20%282016%29%28Epyteor%29%28SuTeKH%29%28StarkOs%29.ym	13355
https://www.cpc-power.com/YM/Target%20Renegade%20Title%20Music%20%282016%29%28Epyteor%29%28SuTeKH%29%28StarkOs%29.ym	13356
https://www.cpc-power.com/YM/Ice%20Slider%201-3%20%282016%29%28CpcRetroDev.ByteRealms%29%28EgoTrip%29%28StArkos%29.ym	13390
https://www.cpc-power.com/YM/Ice%20Slider%202-3%20%282016%29%28CpcRetroDev.ByteRealms%29%28EgoTrip%29%28StArkos%29.ym	13390
https://www.cpc-power.com/YM/Ice%20Slider%203-3%20%282016%29%28CpcRetroDev.ByteRealms%29%28EgoTrip%29%28StArkos%29.ym	13390
https://www.cpc-power.com/YM/Dragon%20Attack%201-15%20%282016%29%28CpcRetroDev.ByteRealms%29%28Tom%20et%20Jerry%29%28StArkos%29.ym	13392
https://www.cpc-power.com/YM/Dragon%20Attack%202-15%20%282016%29%28CpcRetroDev.ByteRealms%29%28Tom%20et%20Jerry%29%28StArkos%29.ym	13392
https://www.cpc-power.com/YM/Dragon%20Attack%203-15%20%282016%29%28CpcRetroDev.ByteRealms%29%28Tom%20et%20Jerry%29%28StArkos%29.ym	13392
https://www.cpc-power.com/YM/Dragon%20Attack%204-15%20%282016%29%28CpcRetroDev.ByteRealms%29%28Tom%20et%20Jerry%29%28StArkos%29.ym	13392
https://www.cpc-power.com/YM/Dragon%20Attack%205-15%20%282016%29%28CpcRetroDev.ByteRealms%29%28Tom%20et%20Jerry%29%28StArkos%29.ym	13392
https://www.cpc-power.com/YM/Dragon%20Attack%206-15%20%282016%29%28CpcRetroDev.ByteRealms%29%28Tom%20et%20Jerry%29%28StArkos%29.ym	13392
https://www.cpc-power.com/YM/Dragon%20Attack%207-15%20%282016%29%28CpcRetroDev.ByteRealms%29%28Tom%20et%20Jerry%29%28StArkos%29.ym	13392
https://www.cpc-power.com/YM/Dragon%20Attack%208-15%20%282016%29%28CpcRetroDev.ByteRealms%29%28Tom%20et%20Jerry%29%28StArkos%29.ym	13392
https://www.cpc-power.com/YM/Dragon%20Attack%209-15%20%282016%29%28CpcRetroDev.ByteRealms%29%28Tom%20et%20Jerry%29%28StArkos%29.ym	13392
https://www.cpc-power.com/YM/Dragon%20Attack%2010-15%20%282016%29%28CpcRetroDev.ByteRealms%29%28Tom%20et%20Jerry%29%28StArkos%29.ym	13392
https://www.cpc-power.com/YM/Dragon%20Attack%2011-15%20%282016%29%28CpcRetroDev.ByteRealms%29%28Tom%20et%20Jerry%29%28StArkos%29.ym	13392
https://www.cpc-power.com/YM/Dragon%20Attack%2012-15%20%282016%29%28CpcRetroDev.ByteRealms%29%28Tom%20et%20Jerry%29%28StArkos%29.ym	13392
https://www.cpc-power.com/YM/Dragon%20Attack%2013-15%20%282016%29%28CpcRetroDev.ByteRealms%29%28Tom%20et%20Jerry%29%28StArkos%29.ym	13392
https://www.cpc-power.com/YM/Dragon%20Attack%2014-15%20%282016%29%28CpcRetroDev.ByteRealms%29%28Tom%20et%20Jerry%29%28StArkos%29.ym	13392
https://www.cpc-power.com/YM/Dragon%20Attack%2015-15%20%282016%29%28CpcRetroDev.ByteRealms%29%28Tom%20et%20Jerry%29%28StArkos%29.ym	13392
https://www.cpc-power.com/YM/Robobit%20%282016%29%28CpcRetroDev.ByteRealms%29%28%29%28StArkos%29.ym	13394
https://www.cpc-power.com/YM/Hire%20Hare%20-%20Intro%20%282016%29%28CpcRetroDev.ByteRealms%29%28CNGSoft%29.ym	13397
https://www.cpc-power.com/YM/Hire%20Hare%20-%20InGame%20%282016%29%28CpcRetroDev.ByteRealms%29%28CNGSoft%29.ym	13397
https://www.cpc-power.com/YM/Pingu%20Soccer%201-2%20%282016%29%28CpcRetroDev.ByteRealms%29%28StArkos%29.ym	13398
https://www.cpc-power.com/YM/Pingu%20Soccer%202-2%20%282016%29%28CpcRetroDev.ByteRealms%29%28StArkos%29.ym	13398
https://www.cpc-power.com/YM/Firewall%20Wars%201-2%20%282016%29%28CpcRetroDev.ByteRealms%29%28StArkos%29.ym	13404
https://www.cpc-power.com/YM/Firewall%20Wars%202-2%20%282016%29%28CpcRetroDev.ByteRealms%29%28StArkos%29.ym	13404
https://www.cpc-power.com/YM/Amsthrees%201-2%20%282016%29%28CpcRetroDev.ByteRealms%29%28John%20Lobo%29%28StArkos%29.ym	13420
https://www.cpc-power.com/YM/Amsthrees%202-2%20%282016%29%28CpcRetroDev.ByteRealms%29%28John%20Lobo%29%28StArkos%29.ym	13420
https://www.cpc-power.com/YM/Nibiru%20%282016%29%28Matra%20Computer%20Automations%29%28Jose%20Javier%20Garcia%20Aranda%29%288BP%29.ym	13425
https://www.cpc-power.com/YM/Squashball%20%281991%29%28Public%20Domain%29%28Francois%29%28Equinoxe%29.ym	13438
https://www.cpc-power.com/YM/Shooting%20%281987%29%28Tronic-Verlag%29%28Basic%29.ym	13742
https://www.cpc-power.com/YM/Music%20I%20-%2001%20%281987%29%28Public%20Domain%29%28Rob%20Baxter%29%28TAMS%29.ym	13775
https://www.cpc-power.com/YM/Music%20I%20-%2002%20%281987%29%28Public%20Domain%29%28Rob%20Baxter%29%28TAMS%29.ym	13775
https://www.cpc-power.com/YM/Music%20I%20-%2003%20%281987%29%28Public%20Domain%29%28Rob%20Baxter%29%28TAMS%29.ym	13775
https://www.cpc-power.com/YM/Music%20I%20-%2004%20%281987%29%28Public%20Domain%29%28Rob%20Baxter%29%28TAMS%29.ym	13775
https://www.cpc-power.com/YM/Music%20I%20-%2005%20%281987%29%28Public%20Domain%29%28Rob%20Baxter%29%28TAMS%29.ym	13775
https://www.cpc-power.com/YM/Music%20I%20-%2006%20%281987%29%28Public%20Domain%29%28Rob%20Baxter%29%28TAMS%29.ym	13775
https://www.cpc-power.com/YM/Music%20I%20-%2007%20%281987%29%28Public%20Domain%29%28Rob%20Baxter%29%28TAMS%29.ym	13775
https://www.cpc-power.com/YM/Music%20I%20-%2008%20%281987%29%28Public%20Domain%29%28Rob%20Baxter%29%28TAMS%29.ym	13775
https://www.cpc-power.com/YM/Music%20I%20-%2009%20%281987%29%28Public%20Domain%29%28Rob%20Baxter%29%28TAMS%29.ym	13775
https://www.cpc-power.com/YM/Music%20I%20-%2010%20%281987%29%28Public%20Domain%29%28Rob%20Baxter%29%28TAMS%29.ym	13775
https://www.cpc-power.com/YM/Music%20I%20-%2011%20%281987%29%28Public%20Domain%29%28Rob%20Baxter%29%28TAMS%29.ym	13775
https://www.cpc-power.com/YM/Music%20I%20-%2012%20%281987%29%28Public%20Domain%29%28Rob%20Baxter%29%28TAMS%29.ym	13775
https://www.cpc-power.com/YM/Music%20I%20-%2013%20%281987%29%28Public%20Domain%29%28Rob%20Baxter%29%28TAMS%29.ym	13775
https://www.cpc-power.com/YM/Bonne%20Annee%20Intro%2091-92%20%281991%29%28Crack%27n%27Rom%29.ym	13781
https://www.cpc-power.com/YM/Al%20Capone%20Intro%201%20%2819xx%29%28Public%20Domain%29%28Basic%29.ym	13806
https://www.cpc-power.com/YM/SCS%20Intro%201%20-%201-3%20%281988%29%28Special%20Cracking%20Service%29.ym	13810
https://www.cpc-power.com/YM/SCS%20Intro%201%20-%202-3%20%281988%29%28Special%20Cracking%20Service%29.ym	13810
https://www.cpc-power.com/YM/SCS%20Intro%201%20-%203-3%20%281988%29%28Special%20Cracking%20Service%29.ym	13810
https://www.cpc-power.com/YM/Terror%20Daktil%20Demo%20-%20Hey%20Jude%20%281989%29%28Public%20Domain%29%28Basic%29.ym	13935
https://www.cpc-power.com/YM/Terror%20Daktil%20Demo%20-%20With%20A%20Little%20Help%20From%20My%20Friends%20%281989%29%28Public%20Domain%29%28Basic%29.ym	13935
https://www.cpc-power.com/YM/Terror%20Daktil%20Demo%20-%20Yesterday%20%281989%29%28Public%20Domain%29%28Basic%29.ym	13935
https://www.cpc-power.com/YM/Mopi%27s%20Gang%20Corp%20Demo%203%20%281990%29%28Mopi%27s%20Gang%20Corp%29%28Duffy%29%28Music%20Pro%29.ym	13940
https://www.cpc-power.com/YM/Ladders%20%281991%29%28Amstrad%20Action%29%28Isabelle%20Chamot%29%28Basic%29.ym	13982
https://www.cpc-power.com/YM/The%20Waikiki%20News%20-%20Issue%202%20-%20Intro%20%281990%29%28Waikiki%29%28Basic%29.ym	13984
https://www.cpc-power.com/YM/Electric%20Fanzine%201%20-%20End%20Pavane%20%2819xx%29%28Public%20Domain%29%28Music%20Pro%29.ym	14030
https://www.cpc-power.com/YM/Music%20II%20-%2001%20%281987%29%28Public%20Domain%29%28Rob%20Baxter%29%28TAMS%29.ym	14031
https://www.cpc-power.com/YM/Music%20II%20-%2002%20%281987%29%28Public%20Domain%29%28Rob%20Baxter%29%28TAMS%29.ym	14031
https://www.cpc-power.com/YM/Music%20II%20-%2003%20%281987%29%28Public%20Domain%29%28Rob%20Baxter%29%28TAMS%29.ym	14031
https://www.cpc-power.com/YM/Music%20II%20-%2004%20%281987%29%28Public%20Domain%29%28Rob%20Baxter%29%28TAMS%29.ym	14031
https://www.cpc-power.com/YM/Music%20II%20-%2005%20%281987%29%28Public%20Domain%29%28Rob%20Baxter%29%28TAMS%29.ym	14031
https://www.cpc-power.com/YM/Music%20II%20-%2006%20%281987%29%28Public%20Domain%29%28Rob%20Baxter%29%28TAMS%29.ym	14031
https://www.cpc-power.com/YM/Music%20II%20-%2007%20%281987%29%28Public%20Domain%29%28Rob%20Baxter%29%28TAMS%29.ym	14031
https://www.cpc-power.com/YM/Music%20II%20-%2008%20%281987%29%28Public%20Domain%29%28Rob%20Baxter%29%28TAMS%29.ym	14031
https://www.cpc-power.com/YM/Music%20II%20-%2009%20%281987%29%28Public%20Domain%29%28Rob%20Baxter%29%28TAMS%29.ym	14031
https://www.cpc-power.com/YM/Music%20II%20-%2010%20%281987%29%28Public%20Domain%29%28Rob%20Baxter%29%28TAMS%29.ym	14031
https://www.cpc-power.com/YM/Music%20II%20-%2011%20%281987%29%28Public%20Domain%29%28Rob%20Baxter%29%28TAMS%29.ym	14031
https://www.cpc-power.com/YM/Music%20II%20-%2012%20%281987%29%28Public%20Domain%29%28Rob%20Baxter%29%28TAMS%29.ym	14031
https://www.cpc-power.com/YM/Music%20II%20-%2013%20%281987%29%28Public%20Domain%29%28Rob%20Baxter%29%28TAMS%29.ym	14031
https://www.cpc-power.com/YM/Music%20II%20-%2014%20%281987%29%28Public%20Domain%29%28Rob%20Baxter%29%28TAMS%29.ym	14031
https://www.cpc-power.com/YM/Music%20II%20-%2015%20%281987%29%28Public%20Domain%29%28Rob%20Baxter%29%28TAMS%29.ym	14031
https://www.cpc-power.com/YM/Electric%20Fanzine%202%20-%20Info%20%2819xx%29%28Public%20Domain%29%28Music%20Pro%29.ym	14038
https://www.cpc-power.com/YM/Electric%20Fanzine%202%20-%20Menu%20%2819xx%29%28Public%20Domain%29%28Music%20Pro%29.ym	14038
https://www.cpc-power.com/YM/Electric%20Fanzine%202%20-%20Prog%20%2819xx%29%28Public%20Domain%29%28Music%20Pro%29.ym	14038
https://www.cpc-power.com/YM/Chimera%20C64%20Title%20Music%20%282017%29%28Epyteor%29%28SuTeKH%29%28StArkos%29.ym	14040
https://www.cpc-power.com/YM/Hero%20Quest%20Ingame%20Music%20%282017%29%28Epyteor%29%28SuTeKH%29%28StArkos%29.ym	14041
https://www.cpc-power.com/YM/The%20Legend%20Of%20Zelda%20Title%20Music%20%282017%29%28Epyteor%29%28Koji%20Kondo%29%28AYC%29.ym	14042
https://www.cpc-power.com/YM/Zombie%20Pacman%20%282017%29%28Epyteor%29%28SuTeKH%29%28StarkOs%29.ym	14043
https://www.cpc-power.com/YM/The%20Gemini%20Chiptune%20Collection%20-%201%20-%20And%20Then%20She%20Smiles%20%282017%29%28Epyteor%29%28SuTeKH%29%28StArkos%29.ym	14077
https://www.cpc-power.com/YM/The%20Gemini%20Chiptune%20Collection%20-%202%20-%20Magic%20In%20The%20Bottle%20%282017%29%28Epyteor%29%28SuTeKH%29%28StArkos%29.ym	14077
https://www.cpc-power.com/YM/The%20Gemini%20Chiptune%20Collection%20-%203%20-%20SelleriSalt%20%282017%29%28Epyteor%29%28SuTeKH%29%28StArkos%29.ym	14077
https://www.cpc-power.com/YM/The%20Gemini%20Chiptune%20Collection%20-%204%20-%20When%20I%20Think%20Of%20You%20%282017%29%28Epyteor%29%28SuTeKH%29%28StArkos%29.ym	14077
https://www.cpc-power.com/YM/The%20Gemini%20Chiptune%20Collection%20-%205%20-%20Summer%20In%20Jorlanda%20%282017%29%28Epyteor%29%28SuTeKH%29%28StArkos%29.ym	14077
https://www.cpc-power.com/YM/The%20Gemini%20Chiptune%20Collection%20-%206%20-%20Years%20Gone%20By%20%282017%29%28Epyteor%29%28SuTeKH%29%28StArkos%29.ym	14077
https://www.cpc-power.com/YM/Blue%20Run%20%281991%29%28Public%20Domain%29%28Danzo%20Gianni%29%28Basic%29.ym	14111
https://www.cpc-power.com/YM/Sensual%20Girls%20%2819xx%29%28Digital%20Dream%29%28ST-Module%29.ym	14157
https://www.cpc-power.com/YM/Morbus%20Gravis%20%2819xx%29%28Digital%20Dream%29%28ST-Module%29.ym	14159
https://www.cpc-power.com/YM/Video%20%281995%29%28Digital%20Dream%29%28ST-Module%29.ym	14161
https://www.cpc-power.com/YM/Walthery%20Slide%20Show%20-%20Intro%20%2819xx%29%28Mortel%29%28ST-128%20Module%29.ym	14165
https://www.cpc-power.com/YM/Walthery%20Slide%20Show%20-%20Main%20Part%20%2819xx%29%28Mortel%29%28ST-128%20Module%29.ym	14165
https://www.cpc-power.com/YM/El%20Tesoro%20Perdido%20De%20Cuauhtemoc%20-%20Menu%20%282017%29%284Mhz%29%28John%20McKlain%29%28StArkos%29.ym	14207
https://www.cpc-power.com/YM/El%20Tesoro%20Perdido%20De%20Cuauhtemoc%20-%20InGame%20%282017%29%284Mhz%29%28John%20McKlain%29%28StArkos%29.ym	14207
https://www.cpc-power.com/YM/El%20Tesoro%20Perdido%20De%20Cuauhtemoc%20-%20End%20Boss%20%282017%29%284Mhz%29%28John%20McKlain%29%28StArkos%29.ym	14207
https://www.cpc-power.com/YM/El%20Tesoro%20Perdido%20De%20Cuauhtemoc%20-%20End%20%282017%29%284Mhz%29%28John%20McKlain%29%28StArkos%29.ym	14207
https://www.cpc-power.com/YM/Logon%27s%20Run%20-%203D%20Meets%20The%20Aging%20Bits%20%282017%29%28Logon%20System%29%28Tom%20%26%20Jerry%29.ym	14225
https://www.cpc-power.com/YM/Rundschlag-Disc%2011-12%20%281993%29%28MOPS%29%28ST-Module%29.ym	14228
https://www.cpc-power.com/YM/Wunderbar%20%282017%29%28Benediction%29%28Targhan%29%28StArkos%29.ym	14230
https://www.cpc-power.com/YM/Pentomino%20Intro%20%282017%29%28Poly.Play%29%28MMcM%29%28ProTracker%203.5%29.ym	14232
https://www.cpc-power.com/YM/Pentomino%20-%20Menu%20%282017%29%28Poly.Play%29%28MMcM%29%28ProTracker%203.5%29.ym	14232
https://www.cpc-power.com/YM/Pentomino%20-%20InGame%201%20%282017%29%28Poly.Play%29%28MMCM%29%28ProTracker%203.5%29.ym	14232
https://www.cpc-power.com/YM/Pentomino%20-%20InGame%202%20%282017%29%28Poly.Play%29%28MMCM%29%28ProTracker%203.5%29.ym	14232
https://www.cpc-power.com/YM/Pentomino%20-%20InGame%203%20%282017%29%28Poly.Play%29%28MMCM%29%28ProTracker%203.5%29.ym	14232
https://www.cpc-power.com/YM/Pentomino%20-%20InGame%204%20%282017%29%28Poly.Play%29%28MMCM%29%28ProTracker%203.5%29.ym	14232
https://www.cpc-power.com/YM/Pentomino%20-%20InGame%205%20%282017%29%28Poly.Play%29%28MMCM%29%28ProTracker%203.5%29.ym	14232
https://www.cpc-power.com/YM/Pentomino%20-%20InGame%206%20%282017%29%28Poly.Play%29%28MMCM%29%28ProTracker%203.5%29.ym	14232
https://www.cpc-power.com/YM/Crafted%21%20%282014%29%28Logon%20System%29.ym	14253
https://www.cpc-power.com/YM/Hommage%20Face%20Hugger%20-%20FOFT%20%282011%29%28Logon%20System%29%28AYC%29.ym	14255
https://www.cpc-power.com/YM/Thrust%20C64%20Loading%20Screen%20%282017%29%28Epyteor%29%28SuTeKH%29%28StArkos%29.ym	14258
https://www.cpc-power.com/YM/EJ%20Vies%20%281997%29%28Public%20Domain%29%28Rudiger%29%28ST-128%20Module%29.ym	14260
https://www.cpc-power.com/YM/Fresh%20Fruits%20%26%20Vegetables%20%282017%29%28Public%20Domain%29%28Jose%20Javier%20Garcia%20Aranda%29%288BP%29.ym	14263
https://www.cpc-power.com/YM/Frogger%20%281992%29%28Deanysoft%29.ym	14337
https://www.cpc-power.com/YM/Arkos%20Tracker%202%20-%20Teaser%20-%20The%20Last%20V8%20%282017%29%28Arkos%29%28Rob%20Hubbard%29.ym	14340
https://www.cpc-power.com/YM/Cracktro%20-%20LCR%20%281990%29%28Public%20Domain%29%28ST-Module%29.ym	14360
https://www.cpc-power.com/YM/I%20Can%27t%20Believe%20That%20Worked%20%282017%29%28Public%20Domain%29%28cTrix%29%28StArkos%29.ym	14484
https://www.cpc-power.com/YM/Space%20Harrier%20Title%20Music%20%282017%29%28Epyteor%29%28SuTeKH%29%28StarkOs%29.ym	14588
https://www.cpc-power.com/YM/Phantis%20Legacy%20%282017%29%28Cpc-Power.Com%29%28Rayxamber%29%28StArkos%29.ym	14600
https://www.cpc-power.com/YM/ChipNSfx%201-13%20%282017%29%28CNGSoft%29%28ChipNSfx%29.ym	14615
https://www.cpc-power.com/YM/ChipNSfx%202-13%20%282017%29%28CNGSoft%29%28ChipNSfx%29.ym	14615
https://www.cpc-power.com/YM/ChipNSfx%203-13%20%282017%29%28CNGSoft%29%28ChipNSfx%29.ym	14615
https://www.cpc-power.com/YM/ChipNSfx%204-13%20%282017%29%28CNGSoft%29%28ChipNSfx%29.ym	14615
https://www.cpc-power.com/YM/ChipNSfx%205-13%20%282017%29%28CNGSoft%29%28ChipNSfx%29.ym	14615
https://www.cpc-power.com/YM/ChipNSfx%206-13%20%282017%29%28CNGSoft%29%28ChipNSfx%29.ym	14615
https://www.cpc-power.com/YM/ChipNSfx%207-13%20%282017%29%28CNGSoft%29%28ChipNSfx%29.ym	14615
https://www.cpc-power.com/YM/ChipNSfx%208-13%20%282017%29%28CNGSoft%29%28ChipNSfx%29.ym	14615
https://www.cpc-power.com/YM/ChipNSfx%209-13%20%282017%29%28CNGSoft%29%28ChipNSfx%29.ym	14615
https://www.cpc-power.com/YM/ChipNSfx%2010-13%20%282017%29%28CNGSoft%29%28ChipNSfx%29.ym	14615
https://www.cpc-power.com/YM/ChipNSfx%2011-13%20%282017%29%28CNGSoft%29%28ChipNSfx%29.ym	14615
https://www.cpc-power.com/YM/ChipNSfx%2012-13%20%282017%29%28CNGSoft%29%28ChipNSfx%29.ym	14615
https://www.cpc-power.com/YM/ChipNSfx%2013-13%20%282017%29%28CNGSoft%29%28ChipNSfx%29.ym	14615
https://www.cpc-power.com/YM/Last%20Ninja%20Remix%20-%20The%20Sewers%20%282017%29%28Epyteor%29%28SuTeKH%29%28StarkOs%29.ym	14635
https://www.cpc-power.com/YM/Xalk%20Version%20Deluxe%201-5%20%282017%29%28Amstrad%20Cent%20Pour%20Cent%29%28Mr%20Lou%29%28StArkos%29.ym	14638
https://www.cpc-power.com/YM/Xalk%20Version%20Deluxe%202-5%20%282017%29%28Amstrad%20Cent%20Pour%20Cent%29%28Mr%20Lou%29%28StArkos%29.ym	14638
https://www.cpc-power.com/YM/Xalk%20Version%20Deluxe%203-5%20%282017%29%28Amstrad%20Cent%20Pour%20Cent%29%28Mr%20Lou%29%28StArkos%29.ym	14638
https://www.cpc-power.com/YM/Xalk%20Version%20Deluxe%204-5%20%282017%29%28Amstrad%20Cent%20Pour%20Cent%29%28Mr%20Lou%29%28StArkos%29.ym	14638
https://www.cpc-power.com/YM/Xalk%20Version%20Deluxe%205-5%20%282017%29%28Amstrad%20Cent%20Pour%20Cent%29%28Mr%20Lou%29%28StArkos%29.ym	14638
https://www.cpc-power.com/YM/PC%20Slideshow%20No1%20%281993%29%28TGS%29%28Kangaroo%29%28ST-Module%29.ym	14643
https://www.cpc-power.com/YM/Soundtrakker%20CPC%20Volume%201%20%281994%29%28Power%20System%29%28Epsilon%29%28ST-128%20Module%29.ym	14650
https://www.cpc-power.com/YM/Soundtrakker%20CPC%20Volume%201%20-%20Dentro%20Swab%20Meeting%20%281994%29%28Power%20System%29%28ST-Module%29.ym	14650
https://www.cpc-power.com/YM/Meeting%20Chronos-Newswave%20%281995%29%28Public%20Domain%29%28ST-Module%29.ym	14652
https://www.cpc-power.com/YM/Electric%20Monk%20Intro%204%20Part%201%20%281993%29%28TGS%29%28The%20Electric%20Monk%29%28ST-Module%29.ym	14658
https://www.cpc-power.com/YM/Electric%20Monk%20Intro%204%20Part%202%20%281993%29%28TGS%29%28The%20Electric%20Monk%29%28ST-Module%29.ym	14658
https://www.cpc-power.com/YM/Electric%20Monk%20Intro%204%20Part%203%20%281993%29%28TGS%29%28The%20Electric%20Monk%29%28ST-Module%29.ym	14658
https://www.cpc-power.com/YM/Electric%20Monk%20Intro%204%20Part%204%20%281993%29%28TGS%29%28The%20Electric%20Monk%29%28ST-Module%29.ym	14658
https://www.cpc-power.com/YM/Electric%20Monk%20Intro%204%20Part%205%20%281993%29%28TGS%29%28The%20Electric%20Monk%29%28ST-Module%29.ym	14658
https://www.cpc-power.com/YM/Club%20Eurostrad%20%281995%29%28POW%29%28ST-Module%29.ym	14675
https://www.cpc-power.com/YM/CPC%20Boom%21%20Squad%20%281995%29%28Public%20Domain%29%28ST-Module%29.ym	14676
https://www.cpc-power.com/YM/Radio%20Song%20%281992%29%28Conspiracy%29%28ChaRleyTroniC%29.ym	14682
https://www.cpc-power.com/YM/Bugsy%20%2819xx%29%28Public%20Domain%29%28Kangaroo%29%28ST-Module%29.ym	14687
https://www.cpc-power.com/YM/Flea%20%2819xx%29%28The%20Firm%29%28ST-Module%29.ym	14688
https://www.cpc-power.com/YM/Disc%20Mac%20Challenge%20Issue%2019%20-%20Intro%20%281996%29%28Hypnomega%29%28ST-Module%29.ym	14695
https://www.cpc-power.com/YM/Try%20To%20Run%20Away%20%21%21%20%282017%29%28Public%20Domain%29%28John%20McKlain%29%28StArkos%29.ym	14702
https://www.cpc-power.com/YM/B2B6%20By%20Triace%20%282017%29%28Epyteor%29%28SuTeKH%29%28StarkOs%29.ym	14732
https://www.cpc-power.com/YM/Super%20Falcon%20%2819xx%29%28Public%20Domain%29%28Basic%29.ym	14742
https://www.cpc-power.com/YM/The%20Shadows%20Of%20Sergoth%20-%20Menu%20%282018%29%28Public%20Domain%29%28John%20McKlain%29%28StArkos%29.ym	14747
https://www.cpc-power.com/YM/The%20Shadows%20Of%20Sergoth%20-%20Menu%20%282018%29%28Public%20Domain%29%28Tom%20%26%20Jerry%29%28StArkos%29.ym	14747
https://www.cpc-power.com/YM/The%20Shadows%20Of%20Sergoth%20-%20End%20%282018%29%28Public%20Domain%29%28Rayxamber%29%28StArkos%29.ym	14747
https://www.cpc-power.com/YM/Mopi%27s%20Gang%20Corp%20Demo%202%20%281990%29%28Mopi%27s%20Gang%20Corp%29%28Music%20Pro%29.ym	14753
https://www.cpc-power.com/YM/Eca%20Demos%20-%20Part%201%20%281990%29%28Public%20Domain%29%28Duffy%29%28Music%20Pro%29.ym	14754
https://www.cpc-power.com/YM/Animuz%20-%20God%20Save%20The%20Queen%20%281987%29%28Public%20Domain%29%28Basic%29.ym	14771
https://www.cpc-power.com/YM/Animuz%20-%20Vagues%20et%20Mouettes%20%281987%29%28Public%20Domain%29%28Basic%29.ym	14771
https://www.cpc-power.com/YM/Pibomuz%20-%201%20-%20God%20Save%20The%20Queen%20%281989%29%28Public%20Domain%29%28Basic%29.ym	14772
https://www.cpc-power.com/YM/Pibomuz%20-%202%20-%20Serpent%20Madness%20%281989%29%28Public%20Domain%29%28Basic%29.ym	14772
https://www.cpc-power.com/YM/Pibomuz%20-%203%20-%20Au%20Clair%20De%20La%20Lune%20%281989%29%28Public%20Domain%29%28Basic%29.ym	14772
https://www.cpc-power.com/YM/Pibomuz%20-%204%20-%20Revoir%20Ma%20Blonde%20%281989%29%28Public%20Domain%29%28Basic%29.ym	14772
https://www.cpc-power.com/YM/Pibomuz%20-%205%20-%20Frere%20Jacques%20%281989%29%28Public%20Domain%29%28Basic%29.ym	14772
https://www.cpc-power.com/YM/Pibomuz%20-%206%20-%20Menuet%20%281989%29%28Public%20Domain%29%28Henri%20Bittner%29%28Basic%29.ym	14772
https://www.cpc-power.com/YM/Pibomuz%20-%207%20-%20Musique%20Sans%20Parole%20%281989%29%28Public%20Domain%29%28Basic%29.ym	14772
https://www.cpc-power.com/YM/Pibomuz%20-%208%20-%20La%20Truite%20De%20Schubert%20%281989%29%28Public%20Domain%29%28Basic%29.ym	14772
https://www.cpc-power.com/YM/Pibomuz%20-%209%20-%20Classique%20%281989%29%28Public%20Domain%29%28Basic%29.ym	14772
https://www.cpc-power.com/YM/Pibomuz%20-%2010%20-%20Mozart%20%281989%29%28Public%20Domain%29%28Henri%20Bittner%29%28Basic%29.ym	14772
https://www.cpc-power.com/YM/Pibomuz%20-%2011%20-%20Arnaque%20%281989%29%28Public%20Domain%29%28Basic%29.ym	14772
https://www.cpc-power.com/YM/Pibomuz%20-%2012%20-%20Aligator%20%281989%29%28Public%20Domain%29%28Basic%29.ym	14772
https://www.cpc-power.com/YM/Pibomuz%20-%2013%20-%20Elite%20Syncopation%20%281989%29%28Public%20Domain%29%28Henri%20Bittner%29%28Basic%29.ym	14772
https://www.cpc-power.com/YM/Pibomuz%20-%2014%20-%20Reflexion%20Rag%20%281989%29%28Public%20Domain%29%28Henri%20Bittner%29%28Basic%29.ym	14772
https://www.cpc-power.com/YM/Pibomuz%20-%2015%20-%20Elise%20%281989%29%28Public%20Domain%29%28Basic%29.ym	14772
https://www.cpc-power.com/YM/Pibomuz%20-%2016%20-%20Nuclear%20Alert%20%281989%29%28Public%20Domain%29%28Lionel%20Paquin%29%28Basic%29.ym	14772
https://www.cpc-power.com/YM/Pibomuz%20-%2017%20-%20Pouvoir%20%281989%29%28Public%20Domain%29%28Michel%20Winogradoff%29%28Basic%29.ym	14772
https://www.cpc-power.com/YM/Pibomuz%20-%2018%20-%20Astro%20-%20Hymne%20A%20La%20Joie%201989%29%28Public%20Domain%29%28Patrick%20Demaret%29%28Basic%29.ym	14772
https://www.cpc-power.com/YM/Pibomuz%20-%2019%20-%20Singing%20In%20The%20Rain%201989%29%28Public%20Domain%29%28Basic%29.ym	14772
https://www.cpc-power.com/YM/The%20Schmurfs%20Are%20Back%20To%20Fuck%20%2819xx%29%28Deliriums%20Gang%29%28Shap%29%28ST-128%20Module%29.ym	14776
https://www.cpc-power.com/YM/Delirium%20Tremens%20-%20Intro%20%281994%29%28Public%20Domain%29%28ST-128%20Module%29.ym	14781
https://www.cpc-power.com/YM/Delirium%20Tremens%20-%20Main%20%281994%29%28Public%20Domain%29%28ST-128%20Module%29.ym	14781
https://www.cpc-power.com/YM/Zack%27s%20Demo%205%20%281991%29%28Public%20Domain%29%28Alain%20Massoumipour%29%28Music%20Pro%29.ym	14787
https://www.cpc-power.com/YM/Duck%20Out%21%20%282017%29%28Matra%20Computer%20Automations%29%28CNGSoft%29.ym	14800
https://www.cpc-power.com/YM/Ville%20de%20Lumiere%20%2819xx%29%28Public%20Domain%29%28Pierre-Yves%20Couget%29%28Basic%29.ym	14810
https://www.cpc-power.com/YM/Turn%20Quest%20%282017%29%28Public%20Domain%29%28Mr%20Lou%29%28Basic%29.ym	14835
https://www.cpc-power.com/YM/MoonMan%20%282017%29%28CpcRetroDev.ByteRealms%29%28Alejandro%20Reyes%20Albillar%29%28StArkos%29.ym	14906
https://www.cpc-power.com/YM/Profanation%202%20-%20Escape%20from%20Abu%20Simbel%20-%20Menu%20%282017%29%284Mhz%29%28John%20McKlain%29%28StArkos%29.ym	14910
https://www.cpc-power.com/YM/Profanation%202%20-%20Escape%20from%20Abu%20Simbel%20-%20Level%201%20%282017%29%284Mhz%29%28John%20McKlain%29%28StArkos%29.ym	14910
https://www.cpc-power.com/YM/Raimbo%20%282017%29%28cpcretrodev.byterealms%29%28Marcos%20Gonzalez%20Verdu%29%28StArkos%29.ym	14911
https://www.cpc-power.com/YM/Agent%20006%201-3%20%282017%29%28CpcRetroDev.ByteRealms%29%28Luis%20Gonzalez%20Aracil%29%28StArkos%29.ym	14913
https://www.cpc-power.com/YM/Agent%20006%202-3%20%282017%29%28CpcRetroDev.ByteRealms%29%28Luis%20Gonzalez%20Aracil%29%28StArkos%29.ym	14913
https://www.cpc-power.com/YM/Agent%20006%203-3%20%282017%29%28CpcRetroDev.ByteRealms%29%28Luis%20Gonzalez%20Aracil%29%28StArkos%29.ym	14913
https://www.cpc-power.com/YM/Bitume%20%282017%29%28CpcRetroDev.ByteRealms%29%28Arnaud%20Bouche%29%28StArkos%29.ym	14916
https://www.cpc-power.com/YM/Balls%20%282017%29%28CpcRetroDev.ByteRealms%29%28Manuel%20Alberola%20Torres%29%28StArkos%29.ym	14918
https://www.cpc-power.com/YM/UFO%20%282017%29%28CpcRetroDev.ByteRealms%29%28%29%28StArkos%29.ym	14919
https://www.cpc-power.com/YM/Basket%20Cases%201-3%20%282017%29%28Bytesrealms%29%28CNGSoft%29%28ChipNFx%29.ym	14920
https://www.cpc-power.com/YM/Basket%20Cases%202-3%20%282017%29%28Bytesrealms%29%28CNGSoft%29%28ChipNFx%29.ym	14920
https://www.cpc-power.com/YM/Basket%20Cases%203-3%20%282017%29%28Bytesrealms%29%28CNGSoft%29%28CNGSoft%29.ym	14920
https://www.cpc-power.com/YM/Baba%27s%20Palace%20-%20Intro%20%282017%29%28Cpcretrodev.ByteRealms%29%28John%20McKlain%29%28StArkos%29.ym	14924
https://www.cpc-power.com/YM/Baba%27s%20Palace%20-%20Menu%20%282017%29%28Cpcretrodev.ByteRealms%29%28John%20McKlain%29%28StArkos%29.ym	14924
https://www.cpc-power.com/YM/Baba%27s%20Palace%20-%20InGame%20%282017%29%28Cpcretrodev.ByteRealms%29%28John%20McKlain%29%28StArkos%29.ym	14924
https://www.cpc-power.com/YM/Baba%27s%20Palace%20-%20End%20%282017%29%28Cpcretrodev.ByteRealms%29%28John%20McKlain%29%28StArkos%29.ym	14924
https://www.cpc-power.com/YM/Brutal%20Fighters%20%282017%29%28cpcretrodev.byterealms%29%28StArkos%29.ym	14929
https://www.cpc-power.com/YM/CRTC%203%20-%20Cheat%20Part%20%282017%29%28Flower%20Corp.%29%28Tom%20%26%20Jerry%29.ym	14940
https://www.cpc-power.com/YM/Murder%20On%20The%20Chiottes%20%2819xx%29%28Public%20Domain%29%28Lionel%20Esparza%29%28Basic%29.ym	14942
https://www.cpc-power.com/YM/Master-Crack%20Second%20Demo%20%281988%29%28Public%20Domain%29.ym	14945
https://www.cpc-power.com/YM/Game%20Over%20No%201%20-%20El%20Fanzine%20%281990%29%28Public%20Domain%29.ym	14975
https://www.cpc-power.com/YM/Cookie%20%282017%29%28Vital-Motion%29.ym	14992
https://www.cpc-power.com/YM/Reality%20%281996%29%28Public%20Domain%29%28Greg%20of%20Scorpion%29%28ST-128%20Module%29.ym	14993
https://www.cpc-power.com/YM/Xmas%202017%20%282017%29%28Impact%29%28AYC%29.ym	15004
https://www.cpc-power.com/YM/Epyteor%20Packed%20Images%20-%20Xmas%20Encore%20-%20Loading%20%282017%29%28Epyteor%29%28SuTeKH%29%28StArkos%29.ym	15008
https://www.cpc-power.com/YM/Epyteor%20Packed%20Images%20-%20Xmas%20Encore%20-%20Main%20%282017%29%28Epyteor%29%28SuTeKH%29%28StArkos%29.ym	15008
https://www.cpc-power.com/YM/Delta%20C64%20Title%201-2%20%282017%29%28Epyteor%29%28SuTeKH%29%28StArkos%29.ym	15041
https://www.cpc-power.com/YM/Delta%20C64%20Title%202-2%20%282017%29%28Epyteor%29%28SuTeKH%29%28StArkos%29.ym	15041
https://www.cpc-power.com/YM/Helikopter%20Jagd%20-%20Title%20Music%20%282018%29%28Epyteor%29%28SuTeKH%29%28StArkos%29.ym	15060
https://www.cpc-power.com/YM/Crazy%20Love%20-%20Begin%20Game%20%281987%29%28Tilt%29%28Stephan%20Semirat%29%28Basic%29.ym	15069
https://www.cpc-power.com/YM/Crazy%20Love%20-%20End%20Game%20%281987%29%28Tilt%29%28Stephan%20Semirat%29%28Basic%29.ym	15069
https://www.cpc-power.com/YM/Ravager%21%20%281990%29%28Public%20Domain%29%28Brad%20Williams%29%28Basic%29.ym	15084
https://www.cpc-power.com/YM/Isometrikum%20-%20Music%201%20%282018%29%28Vanity%29%28Tom%20%26%20Jerry%29.ym	15100
https://www.cpc-power.com/YM/Isometrikum%20-%20Music%202%20%282018%29%28Vanity%29%28Tom%20%26%20Jerry%29.ym	15100
https://www.cpc-power.com/YM/Onescreen%20Colonies%20-%20Screen%201%20%282018%29%28Vanity%29%28Tom%20%26%20Jerry%29.ym	15101
https://www.cpc-power.com/YM/Onescreen%20Colonies%20-%20Screen%202%20%282018%29%28Vanity%29%28Tom%20%26%20Jerry%29.ym	15101
https://www.cpc-power.com/YM/PhX%20-%20Part%201%20%282018%29%28Condense%29%28Factor%206%29.ym	15102
https://www.cpc-power.com/YM/PhX%20-%20Part%202%20%282018%29%28Condense%29%28Factor%206%29.ym	15102
https://www.cpc-power.com/YM/PhX%20-%20Part%203%20%282018%29%28Condense%29%28Factor%206%29.ym	15102
https://www.cpc-power.com/YM/Metra%20XL%20%281994%29%28Sleepwalker%20PDS%29%28Joe%20Moulding%29%28ST-Module%29.ym	15124
https://www.cpc-power.com/YM/Space%20Dodger%20XL%20-%20Menu%20%281994%29%28Sleepwalker%20PDS%29%28Joe%20Moulding%29%28ST-Module%29.ym	15125
https://www.cpc-power.com/YM/Space%20Dodger%20XL%20-%20Menu%20Remix%20%281994%29%28Sleepwalker%20PDS%29%28Joe%20Moulding%29%28ST-Module%29.ym	15125
https://www.cpc-power.com/YM/Space%20Dodger%20XL%20-%20Cheat%20Mode%20%281994%29%28Sleepwalker%20PDS%29%28Joe%20Moulding%29%28ST-Module%29.ym	15125
https://www.cpc-power.com/YM/Something%20Good%20%281994%29%28Sleepwalker%20PDS%29%28Joe%20Moulding%29%28ST-Module%29.ym	15126
https://www.cpc-power.com/YM/Paint%20Addict%20%281994%29%28Sleepwalker%20PDS%29%28Joe%20Moulding%29%28ST-Module%29.ym	15129
https://www.cpc-power.com/YM/3D%20Racing%20One%20%282018%29%28Public%20Domain%29%28Jose%20Javier%20Garcia%20Aranda%29%288BP%29.ym	15138
https://www.cpc-power.com/YM/Galactic%20Tomb%20-%20Menu%20%282018%29%28ESP%20Soft%29%28John%20McKlain%29%28StArkos%29.ym	15140
https://www.cpc-power.com/YM/Galactic%20Tomb%20-%20Level%201%20%282018%29%28ESP%20Soft%29%28John%20McKlain%29%28StArkos%29.ym	15140
https://www.cpc-power.com/YM/Galactic%20Tomb%20-%20Level%202%20%282018%29%28ESP%20Soft%29%28John%20McKlain%29%28StArkos%29.ym	15140
https://www.cpc-power.com/YM/Galactic%20Tomb%20-%20Level%203%20%282018%29%28ESP%20Soft%29%28John%20McKlain%29%28StArkos%29.ym	15140
https://www.cpc-power.com/YM/Galactic%20Tomb%20-%20End%20%282018%29%28ESP%20Soft%29%28John%20McKlain%29%28StArkos%29.ym	15140
https://www.cpc-power.com/YM/El%20Reno%20%282017%29%28ESP%20Soft%29%28StArkos%29.ym	15141
https://www.cpc-power.com/YM/Shadowfire%20Title%20Music%20By%20Fred%20Gray%20%282018%29%28Epyteor%29%28SuTeKH%29%28StArkos%29.ym	15189
https://www.cpc-power.com/YM/Au%20Pied%20De%20L%27Arbre%20-%2001%20-%20Etwal%202014%20%282018%29%28Futurs%29%28Tony%29%28StArkos%29.ym	15202
https://www.cpc-power.com/YM/Au%20Pied%20De%20L%27Arbre%20-%2002%20-%20MSX4%202014%20%282018%29%28Futurs%29%28Tony%29%28StArkos%29.ym	15202
https://www.cpc-power.com/YM/Au%20Pied%20De%20L%27Arbre%20-%2003%20-%2030YMENU%202014%20%282018%29%28Futurs%29%28Tony%29%28StArkos%29.ym	15202
https://www.cpc-power.com/YM/Au%20Pied%20De%20L%27Arbre%20-%2004%20-%20Bzekray%202000-2002%20%282018%29%28Futurs%29%28Tony%29%28ST-Module%20128%29.ym	15202
https://www.cpc-power.com/YM/Au%20Pied%20De%20L%27Arbre%20-%2005%20-%20BukTop%20Aout%202001%20%282018%29%28Futurs%29%28Tony%29%28ST-Module%20128%29.ym	15202
https://www.cpc-power.com/YM/Au%20Pied%20De%20L%27Arbre%20-%2006%20-%20FolkBulg%20Septembre%202001%20%282018%29%28Futurs%29%28Tony%29%28ST-Module%20128%29.ym	15202
https://www.cpc-power.com/YM/Au%20Pied%20De%20L%27Arbre%20-%2007%20-%20HA3DPabe%20Decembre%202001%20%282018%29%28Futurs%29%28Tony%29%28ST-128%20Module%29.ym	15202
https://www.cpc-power.com/YM/Au%20Pied%20De%20L%27Arbre%20-%2008%20-%20Hiver%20Annees%2090%20%282018%29%28Futurs%29%28Tony%29%28ST-128%20Module%29.ym	15202
https://www.cpc-power.com/YM/Au%20Pied%20De%20L%27Arbre%20-%2009%20-%20Kidjo%20Annees%2090%20%282018%29%28Futurs%29%28Tony%29%28ST-128%20Module%29.ym	15202
https://www.cpc-power.com/YM/Au%20Pied%20De%20L%27Arbre%20-%2010%20-%20Ot-Rap%20Juin%202001%20%282018%29%28Futurs%29%28Tony%29%28ST-Module%20128%29.ym	15202
https://www.cpc-power.com/YM/Au%20Pied%20De%20L%27Arbre%20-%2011%20-%20Wednsday%201998%20%282018%29%28Futurs%29%28Tony%29%28ST-Module%20128%29.ym	15202
https://www.cpc-power.com/YM/Au%20Pied%20De%20L%27Arbre%20-%2012%20-%20ZM96%201996%20%282018%29%28Futurs%29%28Tony%29%28ST-Module%20128%29.ym	15202
https://www.cpc-power.com/YM/Au%20Pied%20De%20L%27Arbre%20-%2013%20-%20ZM98%201998%20%282018%29%28Futurs%29%28Tony%29%28ST-Module%20128%29.ym	15202
https://www.cpc-power.com/YM/Au%20Pied%20De%20L%27Arbre%20-%2014%20-%20Laremi%20Annees%202000%20%282018%29%28Futurs%29%28Tony%29%28ST-128%20Module%29.ym	15202
https://www.cpc-power.com/YM/Au%20Pied%20De%20L%27Arbre%20-%2015%20-%20PomPom%20Annees%202000%20%282018%29%28Futurs%29%28Tony%29%28ST-128%20Module%29.ym	15202
https://www.cpc-power.com/YM/Au%20Pied%20De%20L%27Arbre%20-%2016%20-%20Surcing%20Annees%202000%20%282018%29%28Futurs%29%28Tony%29%28ST-128%20Module%29.ym	15202
https://www.cpc-power.com/YM/Au%20Pied%20De%20L%27Arbre%20-%2017%20-%20Up%20Annees%202000%20%282018%29%28Futurs%29%28Tony%29%28ST-128%20Module%29.ym	15202
https://www.cpc-power.com/YM/Rst30-Kangaroo-%20%282018%29%28Public%20Domain%29%28Kangaroo%29%28ST128-Module%29.ym	15204
https://www.cpc-power.com/YM/Scroll%20Factory%20Complete%20-%20Intro%20%282018%29%28Impact%29%28Tom%20%26%20Jerry%29%28StArkos%29.ym	15209
https://www.cpc-power.com/YM/Scroll%20Factory%20Complete%20-%20Main%20Part%201%20%282018%29%28Impact%29%28Tom%20%26%20Jerry%29%28AYC%29.ym	15209
https://www.cpc-power.com/YM/Scroll%20Factory%20Complete%20-%20Main%20Part%202%20%282018%29%28Impact%29%28Tom%20%26%20Jerry%29%28AYC%29.ym	15209
https://www.cpc-power.com/YM/Anarchy%20In%20The%20UK%20-%20Amiga%20Memories%20%282018%29%28Epyteor%29%28SuTeKH%29%28StArkos%29.ym	15210
https://www.cpc-power.com/YM/Anarchy%20In%20The%20UK%20-%20Anarchy%20Menu%201%20%282018%29%28Epyteor%29%28SuTeKH%29%28StArkos%29.ym	15210
https://www.cpc-power.com/YM/Anarchy%20In%20The%20UK%20-%20Anarchy%20Menu%202%20%282018%29%28Epyteor%29%28SuTeKH%29%28StArkos%29.ym	15210
https://www.cpc-power.com/YM/Anarchy%20In%20The%20UK%20-%20Anarchy%20Menu%203%20%282018%29%28Epyteor%29%28SuTeKH%29%28StArkos%29.ym	15210
https://www.cpc-power.com/YM/Anarchy%20In%20The%20UK%20-%20Anarchy%20Menu%204%20%282018%29%28Epyteor%29%28SuTeKH%29%28StArkos%29.ym	15210
https://www.cpc-power.com/YM/Anarchy%20In%20The%20UK%20-%20Anarchy%20Menu%206%20%282018%29%28Epyteor%29%28SuTeKH%29%28StArkos%29.ym	15210
https://www.cpc-power.com/YM/Anarchy%20In%20The%20UK%20-%20Anarchy%20Menu%207%20%282018%29%28Epyteor%29%28SuTeKH%29%28StArkos%29.ym	15210
https://www.cpc-power.com/YM/Anarchy%20In%20The%20UK%20-%20Anarchy%20Menu%208%20%282018%29%28Epyteor%29%28SuTeKH%29%28StArkos%29.ym	15210
https://www.cpc-power.com/YM/Anarchy%20In%20The%20UK%20-%20Anarchy%20Menu%209%20%282018%29%28Epyteor%29%28SuTeKH%29%28StArkos%29.ym	15210
https://www.cpc-power.com/YM/Anarchy%20In%20The%20UK%20-%20Anarchy%20Menu%2010%20%282018%29%28Epyteor%29%28SuTeKH%29%28StArkos%29.ym	15210
https://www.cpc-power.com/YM/Anarchy%20In%20The%20UK%20-%20Anarchy%20Menu%2011%20%282018%29%28Epyteor%29%28SuTeKH%29%28StArkos%29.ym	15210
https://www.cpc-power.com/YM/Anarchy%20In%20The%20UK%20-%20Anarchy%20Menu%2012%20%282018%29%28Epyteor%29%28SuTeKH%29%28StArkos%29.ym	15210
https://www.cpc-power.com/YM/Anarchy%20In%20The%20UK%20-%20Anarchy%20Menu%2013%20%282018%29%28Epyteor%29%28SuTeKH%29%28StArkos%29.ym	15210
https://www.cpc-power.com/YM/Anarchy%20In%20The%20UK%20-%20Anarchy%20Menu%2014%20%282018%29%28Epyteor%29%28SuTeKH%29%28StArkos%29.ym	15210
https://www.cpc-power.com/YM/Anarchy%20In%20The%20UK%20-%20Anarchy%20Menu%2015%20%282018%29%28Epyteor%29%28SuTeKH%29%28StArkos%29.ym	15210
https://www.cpc-power.com/YM/Anarchy%20In%20The%20UK%20-%20Anarchy%20Menu%2016%20%282018%29%28Epyteor%29%28SuTeKH%29%28StArkos%29.ym	15210
https://www.cpc-power.com/YM/Anarchy%20In%20The%20UK%20-%20Anarchy%20Menu%2018%20%282018%29%28Epyteor%29%28SuTeKH%29%28StArkos%29.ym	15210
https://www.cpc-power.com/YM/Anarchy%20In%20The%20UK%20-%20Autumn%20%282018%29%28Epyteor%29%28SuTeKH%29%28StArkos%29.ym	15210
https://www.cpc-power.com/YM/Anarchy%20In%20The%20UK%20-%20Chip-7%20%282018%29%28Epyteor%29%28SuTeKH%29%28StArkos%29.ym	15210
https://www.cpc-power.com/YM/Anarchy%20In%20The%20UK%20-%20Intro%20Music%20%282018%29%28Epyteor%29%28SuTeKH%29%28StArkos%29.ym	15210
https://www.cpc-power.com/YM/Anarchy%20In%20The%20UK%20-%20L.F.F.%20%282018%29%28Epyteor%29%28SuTeKH%29%28StArkos%29.ym	15210
https://www.cpc-power.com/YM/Anarchy%20In%20The%20UK%20-%20Menu%20%282018%29%28Epyteor%29%28SuTeKH%29%28StArkos%29.ym	15210
https://www.cpc-power.com/YM/Anarchy%20In%20The%20UK%20-%20Menu%20Loader%20%282018%29%28Epyteor%29%28SuTeKH%29%28StArkos%29.ym	15210
https://www.cpc-power.com/YM/Anarchy%20In%20The%20UK%20-%20StarWorx%2791%20%282018%29%28Epyteor%29%28SuTeKH%29%28StArkos%29.ym	15210
https://www.cpc-power.com/YM/Anarchy%20In%20The%20UK%20-%20StarWorx%20%282018%29%28Epyteor%29%28SuTeKH%29%28StArkos%29.ym	15210
https://www.cpc-power.com/YM/Anarchy%20In%20The%20UK%20-%20Termination%20Day%20%282018%29%28Epyteor%29%28SuTeKH%29%28StArkos%29.ym	15210
https://www.cpc-power.com/YM/Anarchy%20In%20The%20UK%20-%20Zapped%20Out%20%282018%29%28Epyteor%29%28SuTeKH%29%28StArkos%29.ym	15210
https://www.cpc-power.com/YM/The%20World%20War%20Simulator%20Part%20II%20-%201-3%20%282018%29%28Retrobytes%20Productions%29%28Jose%20A.%20Martin%29%28StArkos%29.ym	15211
https://www.cpc-power.com/YM/The%20World%20War%20Simulator%20Part%20II%20-%202-3%20%282018%29%28Retrobytes%20Productions%29%28Jose%20A.%20Martin%29%28StArkos%29.ym	15211
https://www.cpc-power.com/YM/The%20World%20War%20Simulator%20Part%20II%20-%203-3%20%282018%29%28Retrobytes%20Productions%29%28Jose%20A.%20Martin%29%28StArkos%29.ym	15211
https://www.cpc-power.com/YM/The%20Dawn%20Of%20Kernel%20-%20Intro%20%282018%29%28UseBox.Net%29%28Juan%20Jose%20Martinez%29%28StArkos%29.ym	15215
https://www.cpc-power.com/YM/The%20Dawn%20Of%20Kernel%20-%20Menu%20%282018%29%28UseBox.Net%29%28Juan%20Jose%20Martinez%29%28StArkos%29.ym	15215
https://www.cpc-power.com/YM/The%20Dawn%20Of%20Kernel%20-%20InGame%20%282018%29%28UseBox.Net%29%28Juan%20Jose%20Martinez%29%28StArkos%29.ym	15215
https://www.cpc-power.com/YM/The%20Dawn%20Of%20Kernel%20-%20Game%20Over%20%282018%29%28UseBox.Net%29%28Juan%20Jose%20Martinez%29%28StArkos%29.ym	15215
https://www.cpc-power.com/YM/Future%20Freak%20Of%20Dexion%20-%20The%20Last%20Hero%20%282018%29%28Epyteor%29%28SuTeKH%29%28StArkos%29.ym	15225
https://www.cpc-power.com/YM/Stars%20Show%20%281996%29%28Public%20Domain%29%28Music%20Pro%29.ym	15254
https://www.cpc-power.com/YM/Atari%208-Bit%20Music%20Disk%20-%201%20-%20Black%20Lamp%20Intro%20%282018%29%28Epyteor%29%28SuTeKH%29%28StArkos%29.ym	15265
https://www.cpc-power.com/YM/Atari%208-Bit%20Music%20Disk%20-%202%20-%20Black%20Lamp%20InGame%20%282018%29%28Epyteor%29%28SuTeKH%29%28StArkos%29.ym	15265
https://www.cpc-power.com/YM/Atari%208-Bit%20Music%20Disk%20-%203%20-%20Draconus%20Main%20%282018%29%28Epyteor%29%28SuTeKH%29%28StArkos%29.ym	15265
https://www.cpc-power.com/YM/Atari%208-Bit%20Music%20Disk%20-%204%20-%20Draconus%20Helix%20%282018%29%28Epyteor%29%28SuTeKH%29%28StArkos%29.ym	15265
https://www.cpc-power.com/YM/Atari%208-Bit%20Music%20Disk%20-%205%20-%20Jet%20Set%20Willy%20%282018%29%28Epyteor%29%28SuTeKH%29%28StArkos%29.ym	15265
https://www.cpc-power.com/YM/Atari%208-Bit%20Music%20Disk%20-%206%20-%20WarHawk%20%282018%29%28Epyteor%29%28SuTeKH%29%28StArkos%29.ym	15265
https://www.cpc-power.com/YM/Atari%208-Bit%20Music%20Disk%20-%207%20-%20Zybex%20High%20Score%20%282018%29%28Epyteor%29%28SuTeKH%29%28StArkos%29.ym	15265
https://www.cpc-power.com/YM/Reflex%20Of%20Movement%20-%20Super%20Mario%20Land%20%282018%29%28Epyteor%29%28SuTeKH%29%28StArkos%29.ym	15266
https://www.cpc-power.com/YM/Coder%20M.I.A.%20-%201%20-%20Adsr%20%282018%29%28Epyteor%29%28SuTeKH%29%28StArkos%29.ym	15267
https://www.cpc-power.com/YM/Coder%20M.I.A.%20-%202%20-%20Painter%27s%20Euphoria%20%282018%29%28Epyteor%29%28SuTeKH%29%28StArkos%29.ym	15267
https://www.cpc-power.com/YM/Coder%20M.I.A.%20-%203%20-%20Chips%20In%20Tokyo%20%282018%29%28Epyteor%29%28SuTeKH%29%28StArkos%29.ym	15267
https://www.cpc-power.com/YM/Coder%20M.I.A.%20-%204%20-%20Burt%27n%27Ernie%20%282018%29%28Epyteor%29%28SuTeKH%29%28StArkos%29.ym	15267
https://www.cpc-power.com/YM/Coder%20M.I.A.%20-%205%20-%20Chainsaw%20Ditty%20%282018%29%28Epyteor%29%28SuTeKH%29%28StArkos%29.ym	15267
https://www.cpc-power.com/YM/Still%20Scrolling%20%282018%29%28Public%20Domain%29%28Steph%29%28StArkos%29.ym	15298
https://www.cpc-power.com/YM/Panic%21%20%281986%29%28Public%20Domain%29%28Basic%29.ym	15312
https://www.cpc-power.com/YM/Chaos%20Rising%201-6%20%282018%29%28Public%20Domain%29%28EgoTrip%29%28StArkos%29.ym	15356
https://www.cpc-power.com/YM/Chaos%20Rising%202-6%20%282018%29%28Public%20Domain%29%28EgoTrip%29%28StArkos%29.ym	15356
https://www.cpc-power.com/YM/Chaos%20Rising%203-6%20%282018%29%28Public%20Domain%29%28EgoTrip%29%28StArkos%29.ym	15356
https://www.cpc-power.com/YM/Chaos%20Rising%204-6%20%282018%29%28Public%20Domain%29%28EgoTrip%29%28StArkos%29.ym	15356
https://www.cpc-power.com/YM/Chaos%20Rising%205-6%20%282018%29%28Public%20Domain%29%28EgoTrip%29%28StArkos%29.ym	15356
https://www.cpc-power.com/YM/Chaos%20Rising%206-6%20%282018%29%28Public%20Domain%29%28EgoTrip%29%28StArkos%29.ym	15356
https://www.cpc-power.com/YM/The%20Last%20Ninja%203%20%282018%29%28Epyteor%29%28SuTeKH%29%28StArkos%29.ym	15358
https://www.cpc-power.com/YM/Kuul%20Gays%20%281987%29%28New%20Way%20Cracking%29%28Basic%29.ym	15363
https://www.cpc-power.com/YM/Oxyr%20On%20Desire%20%282018%29%28Epyteor%29%28SuTeKH%29%28StArkos%29.ym	15366
https://www.cpc-power.com/YM/Silents%20Demo%20%281994%29%28Power%20System%29%28Eliot%29%28ST-128%20Module%29.ym	15378
https://www.cpc-power.com/YM/Silents%20Demo%20-%20Music%201%20%281994%29%28Power%20System%29%28Epsilon%29%28ST-128%20Module%29.ym	15378
https://www.cpc-power.com/YM/Silents%20Demo%20-%20Music%202%20%281994%29%28Power%20System%29%28Epsilon%29%28ST-128%20Module%29.ym	15378
https://www.cpc-power.com/YM/Silents%20Demo%20-%20Music%203%20%281994%29%28Power%20System%29%28Epsilon%29%28ST-128%20Module%29.ym	15378
https://www.cpc-power.com/YM/Silents%20Demo%20-%20Music%204%20%281994%29%28Power%20System%29%28Beta%20Soft%20Cologne%29%28ST-Module%29.ym	15378
https://www.cpc-power.com/YM/The%20Big%20Demo%20-%20Al%20Capone%20%281998%29%28MCM%29%28The%20Mozart%29%28Music%20Pro%29.ym	15393
https://www.cpc-power.com/YM/The%20Big%20Demo%20-%20Amour%20%281998%29%28MCM%29%28The%20Mozart%29%28Music%20Pro%29.ym	15393
https://www.cpc-power.com/YM/The%20Big%20Demo%20-%20Arnaque%20%281998%29%28MCM%29%28The%20Mozart%29%28Music%20Pro%29.ym	15393
https://www.cpc-power.com/YM/The%20Big%20Demo%20-%20Aventure%20%281998%29%28MCM%29%28The%20Mozart%29%28Music%20Pro%29.ym	15393
https://www.cpc-power.com/YM/The%20Big%20Demo%20-%20Barcelone%20%281998%29%28MCM%29%28The%20Mozart%29%28Music%20Pro%29.ym	15393
https://www.cpc-power.com/YM/The%20Big%20Demo%20-%20Bivouac%20%281998%29%28MCM%29%28The%20Mozart%29%28Music%20Pro%29.ym	15393
https://www.cpc-power.com/YM/The%20Big%20Demo%20-%20Bolero%20%281998%29%28MCM%29%28The%20Mozart%29%28Music%20Pro%29.ym	15393
https://www.cpc-power.com/YM/The%20Big%20Demo%20-%20Cannes%20%281998%29%28MCM%29%28The%20Mozart%29%28Music%20Pro%29.ym	15393
https://www.cpc-power.com/YM/The%20Big%20Demo%20-%20Denouement%20%281998%29%28MCM%29%28The%20Mozart%29%28Music%20Pro%29.ym	15393
https://www.cpc-power.com/YM/The%20Big%20Demo%20-%20Deshabillez%20%281998%29%28MCM%29%28The%20Mozart%29%28Music%20Pro%29.ym	15393
https://www.cpc-power.com/YM/The%20Big%20Demo%20-%20Epopee%20%281998%29%28MCM%29%28The%20Mozart%29%28Music%20Pro%29.ym	15393
https://www.cpc-power.com/YM/The%20Big%20Demo%20-%20Exotisme%20%281998%29%28MCM%29%28The%20Mozart%29%28Music%20Pro%29.ym	15393
https://www.cpc-power.com/YM/The%20Big%20Demo%20-%20Folie%20%281998%29%28MCM%29%28The%20Mozart%29%28Music%20Pro%29.ym	15393
https://www.cpc-power.com/YM/The%20Big%20Demo%20-%20Foret%20%281998%29%28MCM%29%28The%20Mozart%29%28Music%20Pro%29.ym	15393
https://www.cpc-power.com/YM/The%20Big%20Demo%20-%20Fugue%20%281998%29%28MCM%29%28The%20Mozart%29%28Music%20Pro%29.ym	15393
https://www.cpc-power.com/YM/The%20Big%20Demo%20-%20Hanovre%20%281998%29%28MCM%29%28The%20Mozart%29%28Music%20Pro%29.ym	15393
https://www.cpc-power.com/YM/The%20Big%20Demo%20-%20Intrigue%20%281998%29%28MCM%29%28The%20Mozart%29%28Music%20Pro%29.ym	15393
https://www.cpc-power.com/YM/The%20Big%20Demo%20-%20Intro%20%281998%29%28MCM%29%28The%20Mozart%29%28Music%20Pro%29.ym	15393
https://www.cpc-power.com/YM/The%20Big%20Demo%20-%20Intro%20Part%20%281998%29%28MCM%29%28The%20Mozart%29%28Music%20Pro%29.ym	15393
https://www.cpc-power.com/YM/The%20Big%20Demo%20-%20Japan%20%281998%29%28MCM%29%28The%20Mozart%29%28Music%20Pro%29.ym	15393
https://www.cpc-power.com/YM/The%20Big%20Demo%20-%20Khesan%20%281998%29%28MCM%29%28The%20Mozart%29%28Music%20Pro%29.ym	15393
https://www.cpc-power.com/YM/The%20Big%20Demo%20-%20Melodie%20%281998%29%28MCM%29%28The%20Mozart%29%28Music%20Pro%29.ym	15393
https://www.cpc-power.com/YM/The%20Big%20Demo%20-%20Menu%20%281998%29%28MCM%29%28The%20Mozart%29%28Music%20Pro%29.ym	15393
https://www.cpc-power.com/YM/The%20Big%20Demo%20-%20Mission%20%281998%29%28MCM%29%28The%20Mozart%29%28Music%20Pro%29.ym	15393
https://www.cpc-power.com/YM/The%20Big%20Demo%20-%20Noir%20Mauve%20%281998%29%28MCM%29%28The%20Mozart%29%28Music%20Pro%29.ym	15393
https://www.cpc-power.com/YM/The%20Big%20Demo%20-%20Nouvelle%20%281998%29%28MCM%29%28The%20Mozart%29%28Music%20Pro%29.ym	15393
https://www.cpc-power.com/YM/The%20Big%20Demo%20-%20Paris%20%281998%29%28MCM%29%28The%20Mozart%29%28Music%20Pro%29.ym	15393
https://www.cpc-power.com/YM/The%20Big%20Demo%20-%20Renaud%20%281998%29%28MCM%29%28The%20Mozart%29%28Music%20Pro%29.ym	15393
https://www.cpc-power.com/YM/The%20Big%20Demo%20-%20Rock%27N%20%281998%29%28MCM%29%28The%20Mozart%29%28Music%20Pro%29.ym	15393
https://www.cpc-power.com/YM/The%20Big%20Demo%20-%20Sea%27s%20God%20%281998%29%28MCM%29%28The%20Mozart%29%28Music%20Pro%29.ym	15393
https://www.cpc-power.com/YM/The%20Big%20Demo%20-%20TnT%20%281998%29%28MCM%29%28The%20Mozart%29%28Music%20Pro%29.ym	15393
https://www.cpc-power.com/YM/The%20Big%20Demo%20-%20Turlog%20%281998%29%28MCM%29%28The%20Mozart%29%28Music%20Pro%29.ym	15393
https://www.cpc-power.com/YM/The%20Big%20Demo%20-%20Vaudou%20%281998%29%28MCM%29%28The%20Mozart%29%28Music%20Pro%29.ym	15393
https://www.cpc-power.com/YM/Cosmic%20Wars%20-%20Martian%20Wars%20%282016%29%28Public%20Domain%29%28UltraSyd%29%28StArkos%29.ym	15527
https://www.cpc-power.com/YM/Turtle%20Slam%20%282018%29%28CpcRetroDev.ByteRealms%29%28StArkos%29.ym	15650
https://www.cpc-power.com/YM/Space%20Cowboy%201-2%20%282018%29%28CpcRetroDev.ByteRealms%29%28Israel%20Roman%20Alvarez%29%28StArkos%29.ym	15654
https://www.cpc-power.com/YM/Space%20Cowboy%202-2%20%282018%29%28CpcRetroDev.ByteRealms%29%28Israel%20Roman%20Alvarez%29%28StArkos%29.ym	15654
https://www.cpc-power.com/YM/The%20Spirit%20Of%20Halloween%20%282018%29%28CpcRetroDev.ByteRealms%29%28StArkos%29.ym	15657
https://www.cpc-power.com/YM/KimoHiyoko%201-3%20%282018%29%28CpcRetroDev.ByteRealms%29%28Alvaro%20Amador%20Ruiz%29%28StArkos%29.ym	15659
https://www.cpc-power.com/YM/KimoHiyoko%202-3%20%282018%29%28CpcRetroDev.ByteRealms%29%28Alvaro%20Amador%20Ruiz%29%28StArkos%29.ym	15659
https://www.cpc-power.com/YM/KimoHiyoko%203-3%20%282018%29%28CpcRetroDev.ByteRealms%29%28Alvaro%20Amador%20Ruiz%29%28StArkos%29.ym	15659
https://www.cpc-power.com/YM/Snake%20Bubble%20%282018%29%28CpcRetroDev.ByteRealms%29%28StArkos%29.ym	15661
https://www.cpc-power.com/YM/Deeper%20Warrens%20%282018%29%28CpcRetroDev.ByteRealms%29%28Arnaud%20BOUCHE%29.ym	15667
https://www.cpc-power.com/YM/The%20Adventures%20Of%20Timothy%20Gunn%201-4%20%282018%29%28CpcRetroDev.ByteRealms%29%28CNGSoft%29.ym	15671
https://www.cpc-power.com/YM/The%20Adventures%20Of%20Timothy%20Gunn%202-4%20%282018%29%28CpcRetroDev.ByteRealms%29%28CNGSoft%29.ym	15671
https://www.cpc-power.com/YM/The%20Adventures%20Of%20Timothy%20Gunn%203-4%20%282018%29%28CpcRetroDev.ByteRealms%29%28CNGSoft%29.ym	15671
https://www.cpc-power.com/YM/The%20Adventures%20Of%20Timothy%20Gunn%204-4%20%282018%29%28CpcRetroDev.ByteRealms%29%28CNGSoft%29.ym	15671
https://www.cpc-power.com/YM/Jarlac%20%282018%29%28CpcRetroDev.ByteRealms%29%28Jose%20A.%20Martin%29%28StArkos%29.ym	15673
https://www.cpc-power.com/YM/Operation%20Alexandra%20-%20Intro%20%282018%29%28CpcRetroDev.ByteRealms%29%28John%20McKlain%29%28StArkos%29.ym	15674
https://www.cpc-power.com/YM/Operation%20Alexandra%20-%20Menu%20%282018%29%28CpcRetroDev.ByteRealms%29%28John%20McKlain%29%28StArkos%29.ym	15674
https://www.cpc-power.com/YM/Operation%20Alexandra%20-%20InGame%20%282018%29%28CpcRetroDev.ByteRealms%29%28John%20McKlain%29%28StArkos%29.ym	15674
https://www.cpc-power.com/YM/Geronimo%27s%20Cadillac%20%282018%29%28Public%20Domain%29%28Devilmarkus%29.ym	15682
https://www.cpc-power.com/YM/Space%20Phantom%20%282018%29%28Public%20Domain%29%28Jose%20Javier%20Garcia%20Aranda%29%288BP%29.ym	15772
https://www.cpc-power.com/YM/Buil%27Dingue%20%2819xx%29%28Public%20Domain%29%28Piat%20Gift%29%28Basic%29.ym	15792
https://www.cpc-power.com/YM/Red%20Sunset.%20Demo%20Xmas%2718%20-%20InGame%20%282018%29%28ESP%20Soft%29%28John%20McKlain%29%28StArkos%29.ym	15809
https://www.cpc-power.com/YM/Red%20Sunset.%20Demo%20Xmas%2718%20-%20Menu%20%282018%29%28ESP%20Soft%29%28John%20McKlain%29%28StArkos%29.ym	15809
https://www.cpc-power.com/YM/Red%20Sunset%20-%201%20-%20New%20Kioto%20%282020%29%28ESP%20Soft%29%28John%20McKlain%29%28StArkos%29.ym	15809
https://www.cpc-power.com/YM/Red%20Sunset%20-%202%20-%20Air%20Heroes%20%282020%29%28ESP%20Soft%29%28John%20McKlain%29%28StArkos%29.ym	15809
https://www.cpc-power.com/YM/Red%20Sunset%20-%203%20-%20Red%20Sunset%20%282020%29%28ESP%20Soft%29%28John%20McKlain%29%28StArkos%29.ym	15809
https://www.cpc-power.com/YM/Hawkeye%20By%20The%20Boys%20Without%20Brains%201-3%20%282018%29%28Epyteor%29%28SuTeKH%29%28StArkos%29.ym	15810
https://www.cpc-power.com/YM/Hawkeye%20By%20The%20Boys%20Without%20Brains%202-3%20%282018%29%28Epyteor%29%28SuTeKH%29%28StArkos%29.ym	15810
https://www.cpc-power.com/YM/Hawkeye%20By%20The%20Boys%20Without%20Brains%203-3%20%282018%29%28Epyteor%29%28SuTeKH%29%28StArkos%29.ym	15810
https://www.cpc-power.com/YM/The%20Long%20Dark%20Knight%20Of%20The%20Soul%20-%2011Th%20Hour%20%282019%29%28Epyteor%29%28SuTeKH%29%28StArkos%29.ym	15829
https://www.cpc-power.com/YM/The%20Long%20Dark%20Knight%20Of%20The%20Soul%20-%20C64%20%28Version%201%29%20%282019%29%28Epyteor%29%28SuTeKH%29%28StArkos%29.ym	15829
https://www.cpc-power.com/YM/The%20Long%20Dark%20Knight%20Of%20The%20Soul%20-%20C64%20%28Version%202%29%20%282019%29%28Epyteor%29%28SuTeKH%29%28StArkos%29.ym	15829
https://www.cpc-power.com/YM/The%20Long%20Dark%20Knight%20Of%20The%20Soul%20-%20Chip%202%20%282019%29%28Epyteor%29%28SuTeKH%29%28StArkos%29.ym	15829
https://www.cpc-power.com/YM/The%20Long%20Dark%20Knight%20Of%20The%20Soul%20-%20Chippy%20Do%20Wop%20%282019%29%28Epyteor%29%28SuTeKH%29%28StArkos%29.ym	15829
https://www.cpc-power.com/YM/The%20Long%20Dark%20Knight%20Of%20The%20Soul%20-%20Chips%20%282019%29%28Epyteor%29%28SuTeKH%29%28StArkos%29.ym	15829
https://www.cpc-power.com/YM/The%20Long%20Dark%20Knight%20Of%20The%20Soul%20-%20Chip%20Song%20%282019%29%28Epyteor%29%28SuTeKH%29%28StArkos%29.ym	15829
https://www.cpc-power.com/YM/The%20Long%20Dark%20Knight%20Of%20The%20Soul%20-%20Chubby%202%20The%20Chip%20Chip%20%282019%29%28Epyteor%29%28SuTeKH%29%28StArkos%29.ym	15829
https://www.cpc-power.com/YM/The%20Long%20Dark%20Knight%20Of%20The%20Soul%20-%20Chubby%20Chip%20Chip%20%282019%29%28Epyteor%29%28SuTeKH%29%28StArkos%29.ym	15829
https://www.cpc-power.com/YM/The%20Long%20Dark%20Knight%20Of%20The%20Soul%20-%20Crystal%20-%20Main%20Theme%201%20%282019%29%28Epyteor%29%28SuTeKH%29%28StArkos%29.ym	15829
https://www.cpc-power.com/YM/The%20Long%20Dark%20Knight%20Of%20The%20Soul%20-%20Crystal%20-%20Main%20Theme%202%20%282019%29%28Epyteor%29%28SuTeKH%29%28StArkos%29.ym	15829
https://www.cpc-power.com/YM/The%20Long%20Dark%20Knight%20Of%20The%20Soul%20-%20Crystal%20-%20Main%20Theme%203%20%282019%29%28Epyteor%29%28SuTeKH%29%28StArkos%29.ym	15829
https://www.cpc-power.com/YM/The%20Long%20Dark%20Knight%20Of%20The%20Soul%20-%20Dark%20Chip%20%282019%29%28Epyteor%29%28SuTeKH%29%28StArkos%29.ym	15829
https://www.cpc-power.com/YM/The%20Long%20Dark%20Knight%20Of%20The%20Soul%20-%20Epileptic%20Chipper%20%282019%29%28Epyteor%29%28SuTeKH%29%28StArkos%29.ym	15829
https://www.cpc-power.com/YM/The%20Long%20Dark%20Knight%20Of%20The%20Soul%20-%20Glendale%20Spring%20%282019%29%28Epyteor%29%28SuTeKH%29%28StArkos%29.ym	15829
https://www.cpc-power.com/YM/The%20Long%20Dark%20Knight%20Of%20The%20Soul%20-%20Intro%20%282019%29%28Epyteor%29%28SuTeKH%29%28StArkos%29.ym	15829
https://www.cpc-power.com/YM/The%20Long%20Dark%20Knight%20Of%20The%20Soul%20-%20KnockerBoys%20%282019%29%28Epyteor%29%28SuTeKH%29%28StArkos%29.ym	15829
https://www.cpc-power.com/YM/The%20Long%20Dark%20Knight%20Of%20The%20Soul%20-%20Melon-Glo-Mania%20%282019%29%28Epyteor%29%28SuTeKH%29%28StArkos%29.ym	15829
https://www.cpc-power.com/YM/The%20Long%20Dark%20Knight%20Of%20The%20Soul%20-%20Ode%202%20Hubbard%20%282019%29%28Epyteor%29%28SuTeKH%29%28StArkos%29.ym	15829
https://www.cpc-power.com/YM/The%20Long%20Dark%20Knight%20Of%20The%20Soul%20-%20Orgasmic%20Chipper%202%20%282019%29%28Epyteor%29%28SuTeKH%29%28StArkos%29.ym	15829
https://www.cpc-power.com/YM/The%20Long%20Dark%20Knight%20Of%20The%20Soul%20-%20PianoForte%20Delight%20%282019%29%28Epyteor%29%28SuTeKH%29%28StArkos%29.ym	15829
https://www.cpc-power.com/YM/The%20Long%20Dark%20Knight%20Of%20The%20Soul%20-%20Rock%20N%20Bonk%20%282019%29%28Epyteor%29%28SuTeKH%29%28StArkos%29.ym	15829
https://www.cpc-power.com/YM/The%20Long%20Dark%20Knight%20Of%20The%20Soul%20-%20Short%20Chip%20%282019%29%28Epyteor%29%28SuTeKH%29%28StArkos%29.ym	15829
https://www.cpc-power.com/YM/The%20Long%20Dark%20Knight%20Of%20The%20Soul%20-%20Spazmo%20Chipper%20%282019%29%28Epyteor%29%28SuTeKH%29%28StArkos%29.ym	15829
https://www.cpc-power.com/YM/The%20Long%20Dark%20Knight%20Of%20The%20Soul%20-%20Squicky%20Chippy%20%282019%29%28Epyteor%29%28SuTeKH%29%28StArkos%29.ym	15829
https://www.cpc-power.com/YM/The%20Long%20Dark%20Knight%20Of%20The%20Soul%20-%20Techno%20Quartz%20%282019%29%28Epyteor%29%28SuTeKH%29%28StArkos%29.ym	15829
https://www.cpc-power.com/YM/The%20Long%20Dark%20Knight%20Of%20The%20Soul%20-%20Title%204%20-%20Version%201%20%282019%29%28Epyteor%29%28SuTeKH%29%28StArkos%29.ym	15829
https://www.cpc-power.com/YM/Shareplay%20%281988%29%28Goldmark%20Systems%29%28Basic%29.ym	15929
https://www.cpc-power.com/YM/Phantomas%202.0%20%282018%29%28Matra%20Computer%20Automations%29%28Santi%20Ontanon%29.ym	15954
https://www.cpc-power.com/YM/A%20Disc%20Full%20Of%20Jozz%20-%20AirWolf%20%282019%29%28Epyteor%29%28SuTeKH%29%28StArkos%29.ym	15961
https://www.cpc-power.com/YM/A%20Disc%20Full%20Of%20Jozz%20-%20Aniseed%20%282019%29%28Epyteor%29%28SuTeKH%29%28StArkos%29.ym	15961
https://www.cpc-power.com/YM/A%20Disc%20Full%20Of%20Jozz%20-%20Blind%20Smiffy%20%282019%29%28Epyteor%29%28SuTeKH%29%28StArkos%29.ym	15961
https://www.cpc-power.com/YM/A%20Disc%20Full%20Of%20Jozz%20-%20Butt%20Kick%20%282019%29%28Epyteor%29%28SuTeKH%29%28StArkos%29.ym	15961
https://www.cpc-power.com/YM/A%20Disc%20Full%20Of%20Jozz%20-%20Byte%20Rapper%20%282019%29%28Epyteor%29%28SuTeKH%29%28StArkos%29.ym	15961
https://www.cpc-power.com/YM/A%20Disc%20Full%20Of%20Jozz%20-%20Cashflow%20%282019%29%28Epyteor%29%28SuTeKH%29%28StArkos%29.ym	15961
https://www.cpc-power.com/YM/A%20Disc%20Full%20Of%20Jozz%20-%20Cognition%20%282019%29%28Epyteor%29%28SuTeKH%29%28StArkos%29.ym	15961
https://www.cpc-power.com/YM/A%20Disc%20Full%20Of%20Jozz%20-%20Cracked%20Actor%20%282019%29%28Epyteor%29%28SuTeKH%29%28StArkos%29.ym	15961
https://www.cpc-power.com/YM/A%20Disc%20Full%20Of%20Jozz%20-%20Degraded%20%282019%29%28Epyteor%29%28SuTeKH%29%28StArkos%29.ym	15961
https://www.cpc-power.com/YM/A%20Disc%20Full%20Of%20Jozz%20-%20Dozey%20%282019%29%28Epyteor%29%28SuTeKH%29%28StArkos%29.ym	15961
https://www.cpc-power.com/YM/A%20Disc%20Full%20Of%20Jozz%20-%20Ekimolla%20%282019%29%28Epyteor%29%28SuTeKH%29%28StArkos%29.ym	15961
https://www.cpc-power.com/YM/A%20Disc%20Full%20Of%20Jozz%20-%20Juicy%20Fruit%20%282019%29%28Epyteor%29%28SuTeKH%29%28StArkos%29.ym	15961
https://www.cpc-power.com/YM/A%20Disc%20Full%20Of%20Jozz%20-%20Kazoo%20Rap%20%282019%29%28Epyteor%29%28SuTeKH%29%28StArkos%29.ym	15961
https://www.cpc-power.com/YM/A%20Disc%20Full%20Of%20Jozz%20-%20Lazyland%20%282019%29%28Epyteor%29%28SuTeKH%29%28StArkos%29.ym	15961
https://www.cpc-power.com/YM/A%20Disc%20Full%20Of%20Jozz%20-%20Matricide%20%282019%29%28Epyteor%29%28SuTeKH%29%28StArkos%29.ym	15961
https://www.cpc-power.com/YM/A%20Disc%20Full%20Of%20Jozz%20-%20Menu%20%282019%29%28Epyteor%29%28SuTeKH%29%28StArkos%29.ym	15961
https://www.cpc-power.com/YM/A%20Disc%20Full%20Of%20Jozz%20-%20Messy%20Leak%20%282019%29%28Epyteor%29%28SuTeKH%29%28StArkos%29.ym	15961
https://www.cpc-power.com/YM/A%20Disc%20Full%20Of%20Jozz%20-%20Minimize%20%282019%29%28Epyteor%29%28SuTeKH%29%28StArkos%29.ym	15961
https://www.cpc-power.com/YM/A%20Disc%20Full%20Of%20Jozz%20-%20MoonDog%20%282019%29%28Epyteor%29%28SuTeKH%29%28StArkos%29.ym	15961
https://www.cpc-power.com/YM/A%20Disc%20Full%20Of%20Jozz%20-%20More%20or%20Less%20%282019%29%28Epyteor%29%28SuTeKH%29%28StArkos%29.ym	15961
https://www.cpc-power.com/YM/A%20Disc%20Full%20Of%20Jozz%20-%20Network%20South%20East%2000%20%282019%29%28Epyteor%29%28SuTeKH%29%28StArkos%29.ym	15961
https://www.cpc-power.com/YM/A%20Disc%20Full%20Of%20Jozz%20-%20Network%20South%20East%2008%20%282019%29%28Epyteor%29%28SuTeKH%29%28StArkos%29.ym	15961
https://www.cpc-power.com/YM/A%20Disc%20Full%20Of%20Jozz%20-%20Network%20South%20East%2011%20%282019%29%28Epyteor%29%28SuTeKH%29%28StArkos%29.ym	15961
https://www.cpc-power.com/YM/A%20Disc%20Full%20Of%20Jozz%20-%20Network%20South%20East%2013%20%282019%29%28Epyteor%29%28SuTeKH%29%28StArkos%29.ym	15961
https://www.cpc-power.com/YM/A%20Disc%20Full%20Of%20Jozz%20-%20Network%20South%20East%2017%20%282019%29%28Epyteor%29%28SuTeKH%29%28StArkos%29.ym	15961
https://www.cpc-power.com/YM/A%20Disc%20Full%20Of%20Jozz%20-%20RinderPest%20%282019%29%28Epyteor%29%28SuTeKH%29%28StArkos%29.ym	15961
https://www.cpc-power.com/YM/A%20Disc%20Full%20Of%20Jozz%20-%20Sanctify%20%282019%29%28Epyteor%29%28SuTeKH%29%28StArkos%29.ym	15961
https://www.cpc-power.com/YM/A%20Disc%20Full%20Of%20Jozz%20-%20Shades%20%282019%29%28Epyteor%29%28SuTeKH%29%28StArkos%29.ym	15961
https://www.cpc-power.com/YM/A%20Disc%20Full%20Of%20Jozz%20-%20Space%20Freak%20%282019%29%28Epyteor%29%28SuTeKH%29%28StArkos%29.ym	15961
https://www.cpc-power.com/YM/A%20Disc%20Full%20Of%20Jozz%20-%20Starlite%20Loader%20%282019%29%28Epyteor%29%28SuTeKH%29%28StArkos%29.ym	15961
https://www.cpc-power.com/YM/A%20Disc%20Full%20Of%20Jozz%20-%20Stuffing%20%282019%29%28Epyteor%29%28SuTeKH%29%28StArkos%29.ym	15961
https://www.cpc-power.com/YM/A%20Disc%20Full%20Of%20Jozz%20-%20Terrable%20Cresta%20%282019%29%28Epyteor%29%28SuTeKH%29%28StArkos%29.ym	15961
https://www.cpc-power.com/YM/A%20Disc%20Full%20Of%20Jozz%20-%20Trainer%20Tune%20%282019%29%28Epyteor%29%28SuTeKH%29%28StArkos%29.ym	15961
https://www.cpc-power.com/YM/A%20Disc%20Full%20Of%20Jozz%20-%20ZZZ%20%282019%29%28Epyteor%29%28SuTeKH%29%28StArkos%29.ym	15961
https://www.cpc-power.com/YM/Good%20Demo%20II%20%2819xx%29%28Vaerlose%20Crackers%29%28Pingo%29.ym	15963
https://www.cpc-power.com/YM/Paradise%20Vironas%20Meeting%20-%20Part%201%20%281995%29%28Chaos%29%28ST-Module%29.ym	16029
https://www.cpc-power.com/YM/Paradise%20Vironas%20Meeting%20-%20Part%202%20%281995%29%28Chaos%29%28ST-Module%29.ym	16029
https://www.cpc-power.com/YM/Frogger%20Eterno%20%282019%29%28Matra%20Computer%20Automations%29%28Jose%20Javier%20Garcia%20Aranda%29%288BP%29.ym	16037
https://www.cpc-power.com/YM/Revision%202019%20-%20Gloire%20A%20Piou%20%282019%29%28Overlanders%29%28Jess%29.ym	16067
https://www.cpc-power.com/YM/Revision%202019%20-%20Octopus%20Pocus%20%282019%29%28Pulpo%20Corrosivo%29%28Targhan%29.ym	16068
https://www.cpc-power.com/YM/Rouleau%20De%20Printemps%20%282019%29%28Public%20Domain%29%28Targhan%29%28StArkos%29.ym	16079
https://www.cpc-power.com/YM/The%20Dragonslayer%20%281986%29%28GMsoft%29%28Basic%29.ym	16091
https://www.cpc-power.com/YM/The%20Ultimate%20Percent%20BASIC%20Demo%20%282019%29%28Public%20Domain%29%28Devilmarkus%29%28StArkos%29.ym	16125
https://www.cpc-power.com/YM/Hundir%20La%20Flota%20%2819xx%29%28Cesar%20Carrera%20Gonzalez%29%28Basic%29.ym	16126
https://www.cpc-power.com/YM/Bomb%20Jack%20C64%20Musics%20-%201%20-%20Title%20Tune%20%282019%29%28Epyteor%29%28SuTeKH%29%28StArkos%29.ym	16128
https://www.cpc-power.com/YM/Bomb%20Jack%20C64%20Musics%20-%202%20-%20In-Game%20Tune%20%282019%29%28Epyteor%29%28SuTeKH%29%28StArkos%29.ym	16128
https://www.cpc-power.com/YM/Bomb%20Jack%20C64%20Musics%20-%203%20-%20Power%20Mode%20%282019%29%28Epyteor%29%28SuTeKH%29%28StArkos%29.ym	16128
https://www.cpc-power.com/YM/Bomb%20Jack%20C64%20Musics%20-%204%20-%20Level%20Complete%20%282019%29%28Epyteor%29%28SuTeKH%29%28StArkos%29.ym	16128
https://www.cpc-power.com/YM/Bomb%20Jack%20C64%20Musics%20-%205%20-%20Game%20Over%20%282019%29%28Epyteor%29%28SuTeKH%29%28StArkos%29.ym	16128
https://www.cpc-power.com/YM/Bomb%20Jack%20C64%20Musics%20-%206%20-%20Unused%20Tune%20%282019%29%28Epyteor%29%28SuTeKH%29%28StArkos%29.ym	16128
https://www.cpc-power.com/YM/Bustout%203%20The%20Ultimate%20Challenge%20%2819xx%29%28Public%20Domain%29%28Basic%29.ym	16155
https://www.cpc-power.com/YM/ABS3%20%2819xx%29%28Basic%29.ym	16172
https://www.cpc-power.com/YM/Cheat%20part%20AE%202k5%20v1.8%20%282005%29%28Public%20Domain%29%28Sparklite%29%28StArkos%29.ym	16173
https://www.cpc-power.com/YM/Le%20Moral%20De%20La%20Semaine%20-%20Musique%20de%20l%27arnaque%20%2819xx%29%28Public%20Domain%29%28Basic%29.ym	16177
https://www.cpc-power.com/YM/Rodman%20%282018%29%28The%20Future%20Was%208%20Bit%29%28Misfit%29.ym	16193
https://www.cpc-power.com/YM/Various%20Chiptune%20Artists%20-%20The%20Megatune%20%282017%29%28Epyteor%29%28SuTeKH%29%28StArkos%29.ym	16194
https://www.cpc-power.com/YM/Parcade%20%282019%29%28Epyteor%29%28SuTeKH%29%28StArkos%29.ym	16195
https://www.cpc-power.com/YM/Netherworld%20-%20Amiga%20Title%20by%20Nigel%20Pritchard%20%282018%29%28Epyteor%29%28SuTeKH%29%28StArkos%29.ym	16196
https://www.cpc-power.com/YM/Mutants%20%282018%29%28Epyteor%29%28SuTeKH%29%28StArkos%29.ym	16197
https://www.cpc-power.com/YM/Matt%20Gray%20-%20Hunter%27s%20Moon%20%282018%29%28Epyteor%29%28SuTeKH%29%28StArkos%29.ym	16198
https://www.cpc-power.com/YM/Alpaidus%20%26%20Vedder%20-%20Final%20Scroller%204%20-%20From%20Insane%27s%20Bomb%20Demo%20%282018%29%28Epyteor%29%28SuTeKH%29%28StArkos%29.ym	16199
https://www.cpc-power.com/YM/La%20Monte%20Young%20-%20Composition%201960%207%20%282018%29%28Epyteor%29%28SuTeKH%29%28StArkos%29.ym	16200
https://www.cpc-power.com/YM/Submarine%20Hunt%20%281985%29%28Public%20Domain%29%28C.R.%20Wijnen%29%28Basic%29.ym	16210
https://www.cpc-power.com/YM/Orbit-Chicane%20-%20Demo%20%281987%29%28Tronic-Verlag%29%28Basic%29.ym	16259
https://www.cpc-power.com/YM/Orbit-Chicane%20-%20Winner%20Sound%20%281987%29%28Tronic-Verlag%29%28Basic%29.ym	16259
https://www.cpc-power.com/YM/Phoenix-Interruppt%20Musik-Show%21%20-%201%20-%20Kling%20Goeckchen%20%2819xx%29%28Public%20Domain%29%28Phoenix0870%29.ym	16314
https://www.cpc-power.com/YM/Phoenix-Interruppt%20Musik-Show%21%20-%202%20-%20Kinderlein%20kommet%20%2819xx%29%28Public%20Domain%29%28Phoenix0870%29.ym	16314
https://www.cpc-power.com/YM/Phoenix-Interruppt%20Musik-Show%21%20-%203%20-%20Jingle%20Bells%20%2819xx%29%28Public%20Domain%29%28Phoenix0870%29.ym	16314
https://www.cpc-power.com/YM/Phoenix-Interruppt%20Musik-Show%21%20-%204%20-%20Am%20Weihnachtsbaum%20die%20Lichter%20brenn%20%2819xx%29%28Public%20Domain%29%28Phoenix0870%29.ym	16314
https://www.cpc-power.com/YM/Phoenix-Interruppt%20Musik-Show%21%20-%205%20-%20Weihnachten%20ueberall%20%2819xx%29%28Public%20Domain%29%28Phoenix0870%29.ym	16314
https://www.cpc-power.com/YM/Phoenix-Interruppt%20Musik-Show%21%20-%206%20-%20Oh%20du%20Froehliche%2Coh%20Du%20Seelige%20%2819xx%29%28Public%20Domain%29%28Phoenix0870%29.ym	16314
https://www.cpc-power.com/YM/Phoenix-Interruppt%20Musik-Show%21%20-%207%20-%20Stille%20Nacht%2Cheilige%20Nacht%20%2819xx%29%28Public%20Domain%29%28Phoenix0870%29.ym	16314
https://www.cpc-power.com/YM/Phoenix-Interruppt%20Musik-Show%21%20-%208%20-%20Kommet%20ihr%20Hirten%20%2819xx%29%28Public%20Domain%29%28Phoenix0870%29.ym	16314
https://www.cpc-power.com/YM/Phoenix-Interruppt%20Musik-Show%21%20-%209%20-%20Aloha%20Day%20%2819xx%29%28Public%20Domain%29%28Phoenix0870%29.ym	16314
https://www.cpc-power.com/YM/Phoenix-Interruppt%20Musik-Show%21%20-%2010%20-%20Say%20do%20you%20what%20this%20say%20you%20wanted%21%20%2819xx%29%28Public%20Domain%29%28Phoenix0870%29.ym	16314
https://www.cpc-power.com/YM/Phoenix-Interruppt%20Musik-Show%21%20-%2011%20-%20Denise%20%2819xx%29%28Public%20Domain%29%28Phoenix0870%29.ym	16314
https://www.cpc-power.com/YM/Phoenix-Interruppt%20Musik-Show%21%20-%2012%20-%20Adios%20%2819xx%29%28Public%20Domain%29%28Phoenix0870%29.ym	16314
https://www.cpc-power.com/YM/Phoenix-Interruppt%20Musik-Show%21%20-%2013%20-%20Birthday%20%2819xx%29%28Public%20Domain%29%28Phoenix0870%29.ym	16314
https://www.cpc-power.com/YM/Phoenix-Interruppt%20Musik-Show%21%20-%2014%20-%20Blowing%20%2819xx%29%28Public%20Domain%29%28Phoenix0870%29.ym	16314
https://www.cpc-power.com/YM/Phoenix-Interruppt%20Musik-Show%21%20-%2015%20-%20Ruft%20ein%20Kuckuck%20aus%20dem%20Walde%20%2819xx%29%28Public%20Domain%29%28Phoenix0870%29.ym	16314
https://www.cpc-power.com/YM/Phoenix-Interruppt%20Musik-Show%21%20-%2016%20-%20Still%20%2819xx%29%28Public%20Domain%29%28Phoenix0870%29.ym	16314
https://www.cpc-power.com/YM/Phoenix-Interruppt%20Musik-Show%21%20-%2017%20-%20Tainer%20%2819xx%29%28Public%20Domain%29%28Phoenix0870%29.ym	16314
https://www.cpc-power.com/YM/Phoenix-Interruppt%20Musik-Show%21%20-%2018%20-%20Wald%20%2819xx%29%28Public%20Domain%29%28Phoenix0870%29.ym	16314
https://www.cpc-power.com/YM/Phoenix-Interruppt%20Musik-Show%21%20-%2019%20-%20Westernmusik%20%2819xx%29%28Public%20Domain%29%28Phoenix0870%29.ym	16314
https://www.cpc-power.com/YM/Phoenix-Interruppt%20Musik-Show%21%20-%2020%20-%20Westerwa%20%2819xx%29%28Public%20Domain%29%28Phoenix0870%29.ym	16314
https://www.cpc-power.com/YM/Phoenix-Interruppt%20Musik-Show%21%20-%2021%20-%20Vormusik%20zur%20Europaeischen%20Umschaltung%20vom%20ARD%2CORF%2CSWF%20%2819xx%29%28Public%20Domain%29%28Phoenix0870%29.ym	16314
https://www.cpc-power.com/YM/Phoenix-Interruppt%20Musik-Show%21%20-%2022%20-%20Cancan%20%2819xx%29%28Public%20Domain%29%28Phoenix0870%29.ym	16314
https://www.cpc-power.com/YM/Phoenix-Interruppt%20Musik-Show%21%20-%2023%20-%20Polly%20%2819xx%29%28Public%20Domain%29%28Phoenix0870%29.ym	16314
https://www.cpc-power.com/YM/Phoenix-Interruppt%20Musik-Show%21%20-%2024%20-%20Saints%20%2819xx%29%28Public%20Domain%29%28Phoenix0870%29.ym	16314
https://www.cpc-power.com/YM/Dreaming%20Of%20Smooth%20Code%20%282019%29%28Public%20Domain%29.ym	16389
https://www.cpc-power.com/YM/Los%20Chinos%20%281992%29%28Amstrad%20Users%29%28Francisco%20Jose%20Blazquez%29%28Basic%29.ym	16394
https://www.cpc-power.com/YM/Downslope%20by%20Okeanos%20%282019%29%28Epyteor%29%28SuTeKH%29%28StArkos%29.ym	16397
https://www.cpc-power.com/YM/Intro%20Nr%201%20From%20TFC%20%281988%29%28TFC%29.ym	16448
https://www.cpc-power.com/YM/Geometric%20Demo%20%281991%29%28Fanatic%29%28Basic%29.ym	16674
https://www.cpc-power.com/YM/Ataque%20Terrorista%20-%201%20%2819xx%29%28Public%20Domain%29%28Basic%29.ym	16678
https://www.cpc-power.com/YM/Ataque%20Terrorista%20-%202%20%2819xx%29%28Public%20Domain%29%28Basic%29.ym	16678
https://www.cpc-power.com/YM/Schnapps%20-%20Intro%20%282019%29%28TGS%29%28N1K-O%29.ym	16692
https://www.cpc-power.com/YM/Schnapps%20-%20Main%20Part%20%282019%29%28TGS%29%28N1K-O%29.ym	16692
https://www.cpc-power.com/YM/Zufa%20Sound%20Demo%20%2819xx%29%28Public%20Domain%29%28MarkNorbert%29%28Basic%29.ym	16693
https://www.cpc-power.com/YM/FOReVER%202016%20-%20Chaoscope%20%282016%29%28Public%20Domain%29.ym	16696
https://www.cpc-power.com/YM/Reds%20Quest%20%282019%29%28Eight%20Bit%20Magazine%29%28Mr%20Lou%29%28Basic%29.ym	16707
https://www.cpc-power.com/YM/The%20Noise%20Between%20The%20Squares%20%282018%29%28Slipstream%29%28TCM%29%28StArkos%29.ym	16724
https://www.cpc-power.com/YM/Xalk%20Deluxe%20Edition%20-%20Start%20%282019%29%28Public%20Domain%29%28iXien%29%28StArkos%29.ym	16733
https://www.cpc-power.com/YM/Xalk%20Deluxe%20Edition%20-%20Menu%20%282019%29%28Public%20Domain%29%28iXien%29%28StArkos%29.ym	16733
https://www.cpc-power.com/YM/Xalk%20Deluxe%20Edition%20-%20InGame%20%282019%29%28Public%20Domain%29%28iXien%29%28StArkos%29.ym	16733
https://www.cpc-power.com/YM/Xalk%20Deluxe%20Edition%20-%20Game%20Over%20%282019%29%28Public%20Domain%29%28iXien%29%28StArkos%29.ym	16733
https://www.cpc-power.com/YM/Ball%20Vaders%20%2819xx%29%28Public%20Domain%29%28N%20P%20Barrett%29%28Basic%29.ym	16744
https://www.cpc-power.com/YM/Xevax%20%281992%29%28Wizcat%29%28Steve%29%28ST-128%20Module%29.ym	16863
https://www.cpc-power.com/YM/Cheman%20%282019%29%28The%20Mojon%20Twins%29%28Davidian%29%28StArkos%29.ym	16909
https://www.cpc-power.com/YM/Flight%20Through%20A%20Mandelbrot%20Fractal%20%281995%29%28HJT%29%28Eliot%29%28ST-128%20Module%29.ym	16911
https://www.cpc-power.com/YM/Flight%20Through%20A%20Mandelbrot%20Fractal%20%281995%29%28HJT%29%28ST-128%20Module%29.ym	16911
https://www.cpc-power.com/YM/Flight%20Through%20A%20Mandelbrot%20Fractal%20-%20Intro%20%281995%29%28HJT%29%28ST-Module%29.ym	16911
https://www.cpc-power.com/YM/XMas%20Flip%20-%20Part%201%20%282019%29%28Impact%29%28z00m%29%28ProTracker%29.ym	17158
https://www.cpc-power.com/YM/XMas%20Flip%20-%20Part%202%20%282019%29%28Impact%29%28Justinas%29%28ProTracker%29.ym	17158
https://www.cpc-power.com/YM/iMPACT%20%26%20CONDENSE%20xMas%202019%20v2%20%282019%29%28Public%20Domain%29%28Mmcm%29.ym	17159
https://www.cpc-power.com/YM/Toki%20GGP%20-%200%20-%204%20%282022%29%28CGP%29%28JackGGP%29.ym	17163
https://www.cpc-power.com/YM/Toki%20GGP%20-%201%20-%204%20%282022%29%28CGP%29%28JackGGP%29.ym	17163
https://www.cpc-power.com/YM/Toki%20GGP%20-%202%20-%204%20%282022%29%28CGP%29%28JackGGP%29.ym	17163
https://www.cpc-power.com/YM/Toki%20GGP%20-%203%20-%204%20%282022%29%28CGP%29%28JackGGP%29.ym	17163
https://www.cpc-power.com/YM/Toki%20GGP%20-%204%20-%204%20%282022%29%28CGP%29%28JackGGP%29.ym	17163
https://www.cpc-power.com/YM/Demo%20D%27Elvis%20No%201%20%2819xx%29%28Public%20Domain%29.ym	17177
https://www.cpc-power.com/YM/CPCAI%20Music%20%2819xx%29%28Public%20Domain%29%28Shining%29%28Basic%29.ym	17199
https://www.cpc-power.com/YM/Aeon%20-%201%20-%20Story%20Screens%20%282019%29%28Epyteor%29%28SuTeKH%29%28StArkos%29.ym	17209
https://www.cpc-power.com/YM/Aeon%20-%202%20-%20Game%20Stage%201%20%282019%29%28Epyteor%29%28SuTeKH%29%28StArkos%29.ym	17209
https://www.cpc-power.com/YM/Aeon%20-%203%20-%20Game%20Stage%202%20%282019%29%28Epyteor%29%28SuTeKH%29%28StArkos%29.ym	17209
https://www.cpc-power.com/YM/Aeon%20-%204%20-%20Game%20Stage%203%20%282019%29%28Epyteor%29%28SuTeKH%29%28StArkos%29.ym	17209
https://www.cpc-power.com/YM/Aeon%20-%205%20-%20Game%20Stage%204%20%282019%29%28Epyteor%29%28SuTeKH%29%28StArkos%29.ym	17209
https://www.cpc-power.com/YM/Aeon%20-%206%20-%20Game%20Complete%20%282019%29%28Epyteor%29%28SuTeKH%29%28StArkos%29.ym	17209
https://www.cpc-power.com/YM/Sound%20%26%20Graphics%201-2%20%281987%29%28Pixel%29%28Nick%20Lascaridis%29%28Basic%29.ym	17302
https://www.cpc-power.com/YM/Sound%20%26%20Graphics%202-2%20%281987%29%28Pixel%29%28Nick%20Lascaridis%29%28Basic%29.ym	17302
https://www.cpc-power.com/YM/Cheril%20Of%20The%20Bosque%20En%20Otro%20Bosque%20%282020%29%28The%20Mojon%20Twins%29%28StArkos%29.ym	17434
https://www.cpc-power.com/YM/3D%20Preview%2001%20%281995%29%28Power%20System%29%28Epsilon%29%28ST-128%20Module%29.ym	17439
https://www.cpc-power.com/YM/Super%20Pipeline%202%20Title%20Music%20%282019%29%28Epyteor%29%28SuTeKH%29%28StArkos%29.ym	17453
https://www.cpc-power.com/YM/Panther%20Title%20Music-%20C64%20%282019%29%28Epyteor%29%28SuTeKH%29%28StArkos%29.ym	17454
https://www.cpc-power.com/YM/Panther%20Title%20Music-%20XL%20%282019%29%28Epyteor%29%28SuTeKH%29%28StArkos%29.ym	17454
https://www.cpc-power.com/YM/Alcon%202020%20v1.0%20-%20Intro%20%282020%29%28Abalore%20Games%29%28Targhan%29.ym	17567
https://www.cpc-power.com/YM/Alcon%202020%20v1.0%20-%20Main%20Theme%20%282020%29%28Abalore%20Games%29%28Targhan%29.ym	17567
https://www.cpc-power.com/YM/Alcon%202020%20v1.0%20-%20Jingle%20Start%20%282020%29%28Abalore%20Games%29%28Targhan%29.ym	17567
https://www.cpc-power.com/YM/Alcon%202020%20v1.0%20-%20InGame%201%20%282020%29%28Abalore%20Games%29%28Targhan%29.ym	17567
https://www.cpc-power.com/YM/Alcon%202020%20v1.0%20-%20InGame%202%20%282020%29%28Abalore%20Games%29%28Targhan%29.ym	17567
https://www.cpc-power.com/YM/Alcon%202020%20v1.0%20-%20InGame%203%20%282020%29%28Abalore%20Games%29%28Targhan%29.ym	17567
https://www.cpc-power.com/YM/Alcon%202020%20v1.0%20-%20InGame%204%20%282020%29%28Abalore%20Games%29%28Targhan%29.ym	17567
https://www.cpc-power.com/YM/Alcon%202020%20v1.0%20-%20InGame%205%20%282020%29%28Abalore%20Games%29%28Targhan%29.ym	17567
https://www.cpc-power.com/YM/Ninja%20Carnage%20-%20Intro%20%282020%29%28Resistance%29%28Tom%20%26%20Jerry%20of%20GPA%29%28StArkos%29.ym	17588
https://www.cpc-power.com/YM/Ninja%20Carnage%20-%20InGame%201%20%282020%29%28Resistance%29%28Tom%20%26%20Jerry%20of%20GPA%29%28StArkos%29.ym	17588
https://www.cpc-power.com/YM/Ninja%20Carnage%20-%20InGame%202%20%282020%29%28Resistance%29%28Tom%20%26%20Jerry%20of%20GPA%29%28StArkos%29.ym	17588
https://www.cpc-power.com/YM/Ninja%20Carnage%20-%20InGame%203%20%282020%29%28Resistance%29%28Tom%20%26%20Jerry%20of%20GPA%29%28StArkos%29.ym	17588
https://www.cpc-power.com/YM/Ninja%20Carnage%20-%20InGame%204%20%282020%29%28Resistance%29%28Tom%20%26%20Jerry%20of%20GPA%29%28StArkos%29.ym	17588
https://www.cpc-power.com/YM/Ninja%20Carnage%20-%20InGame%205%20%282020%29%28Resistance%29%28Tom%20%26%20Jerry%20of%20GPA%29%28StArkos%29.ym	17588
https://www.cpc-power.com/YM/Ninja%20Carnage%20-%20InGame%206%20%282020%29%28Resistance%29%28Tom%20%26%20Jerry%20of%20GPA%29%28StArkos%29.ym	17588
https://www.cpc-power.com/YM/Ninja%20Carnage%20-%20InGame%207%20%282020%29%28Resistance%29%28Tom%20%26%20Jerry%20of%20GPA%29%28StArkos%29.ym	17588
https://www.cpc-power.com/YM/Ninja%20Carnage%20-%20InGame%208%20%282020%29%28Resistance%29%28Tom%20%26%20Jerry%20of%20GPA%29%28StArkos%29.ym	17588
https://www.cpc-power.com/YM/Ninja%20Carnage%20-%20InGame%209%20%282020%29%28Resistance%29%28Tom%20%26%20Jerry%20of%20GPA%29%28StArkos%29.ym	17588
https://www.cpc-power.com/YM/Ninja%20Carnage%20-%20InGame%2010%20%282020%29%28Resistance%29%28Tom%20%26%20Jerry%20of%20GPA%29%28StArkos%29.ym	17588
https://www.cpc-power.com/YM/Ninja%20Carnage%20-%20InGame%2011%20%282020%29%28Resistance%29%28Tom%20%26%20Jerry%20of%20GPA%29%28StArkos%29.ym	17588
https://www.cpc-power.com/YM/Starbobs464%20%282020%29%28OneMan%29%28Buckethead%29%28StArkos%29.ym	17592
https://www.cpc-power.com/YM/Electric%20Dream%20%281994%29%28Power%20System%29%28Eliot%29%28Equinoxe%29.ym	17684
https://www.cpc-power.com/YM/Better%20Than%20Life%20Diskzine%20Demo%20III%20%281993%29%28Public%20Domain%29%28ST-Module%29.ym	17685
https://www.cpc-power.com/YM/FCT%20Demo%20%2819xx%29%28Public%20Domain%29%28ST-Module%29.ym	17686
https://www.cpc-power.com/YM/File%2066%20First%20Demo%20%281994%29%28Public%20Domain%29%28ST-Module%29.ym	17688
https://www.cpc-power.com/YM/File%2066%20First%20Demo%20-%20Part%202%20%281994%29%28Public%20Domain%29%28ST-Module%29.ym	17688
https://www.cpc-power.com/YM/Oldschool%20Intro%201%20-Summer%20Edition%20%282020%29%28Vital-Motion%29.ym	17690
https://www.cpc-power.com/YM/A%20Showcase%20For%20Martine%20Software%20%282020%29%28Impact%29%28Siko%29%28StArkos%29.ym	17711
https://www.cpc-power.com/YM/Dash4in1%20%282020%29%28OneMan%29%28Buckethead%29%28StArkos%29.ym	17714
https://www.cpc-power.com/YM/Corsair%20Trainer%201-4%20%282020%29%28Bitplane%20Technomantes%29%28John%20McKlain%29%28StArkos%29.ym	17739
https://www.cpc-power.com/YM/Corsair%20Trainer%202-4%20%282020%29%28Bitplane%20Technomantes%29%28John%20McKlain%29%28StArkos%29.ym	17739
https://www.cpc-power.com/YM/Corsair%20Trainer%203-4%20%282020%29%28Bitplane%20Technomantes%29%28John%20McKlain%29%28StArkos%29.ym	17739
https://www.cpc-power.com/YM/Corsair%20Trainer%204-4%20%282020%29%28Bitplane%20Technomantes%29%28John%20McKlain%29%28StArkos%29.ym	17739
https://www.cpc-power.com/YM/SGT.Helmet%20Training%20Day%202020%20%282020%29%28The%20Mojon%20Twins%29%28Davidian%29%28StArkos%29.ym	17748
https://www.cpc-power.com/YM/Wonder%20Boy%20Remake%20-%200%20%282020%29%28Public%20Domain%29%28e-dredon%29%28StArkos%29.ym	17816
https://www.cpc-power.com/YM/Wonder%20Boy%20Remake%20-%201%20%282020%29%28Public%20Domain%29%28e-dredon%29%28StArkos%29.ym	17816
https://www.cpc-power.com/YM/Wonder%20Boy%20Remake%20-%202%20%282020%29%28Public%20Domain%29%28e-dredon%29%28StArkos%29.ym	17816
https://www.cpc-power.com/YM/Wonder%20Boy%20Remake%20-%203%20%282020%29%28Public%20Domain%29%28e-dredon%29%28StArkos%29.ym	17816
https://www.cpc-power.com/YM/Wonder%20Boy%20Remake%20-%204%20%282020%29%28Public%20Domain%29%28e-dredon%29%28StArkos%29.ym	17816
https://www.cpc-power.com/YM/Wonder%20Boy%20Remake%20-%205%20%282020%29%28Public%20Domain%29%28e-dredon%29%28StArkos%29.ym	17816
https://www.cpc-power.com/YM/The%20Essential%20Amiga%20Grafix%20Selection%20%281996%29%28Donut%20System%29%28Pooh%29%28ST-128%20Module%29.ym	17820
https://www.cpc-power.com/YM/Goldrunner%20Wannabe%20%282021%29%28Oneman%29.ym	17848
https://www.cpc-power.com/YM/Open%20Tower%20Defense%20%282021%29%28Public%20Domain%29%28Tom%20%26%20Jerry%29%28StarkOs%29.ym	17853
https://www.cpc-power.com/YM/Can%20Robots%20Take%20Control%20%282021%29%28Benediction%29%28Targhan%29.ym	17902
https://www.cpc-power.com/YM/Muzyka%20Robota%20z%20Gry%20Robot%20Ron%20%281986%29%28Bajtek%29%28Tomasz%20Pyc%29%28Basic%29.ym	17956
https://www.cpc-power.com/YM/2021%20A%20CPC%20Odyssey%20%282021%29%28Cpcitor%29%28The%20Other%20Days%29%28StArkos%29.ym	17978
https://www.cpc-power.com/YM/Bulles%20Shadow%20Party%202021%20%282021%29%28Vital-Motion%29%28Glafouk%29%28StArkos%29.ym	18016
https://www.cpc-power.com/YM/Le%20Voyage%20De%20Nephi%20%282021%29%28Public%20Domain%29%28Rayxamber%29%28StArkos%29.ym	18025
https://www.cpc-power.com/YM/Gem%20Jam%20-%20A%20Bejeweled%20Clone%20-%200%20%282021%29%28Leosoft%29%28arnOLdE%29%28StArkos%29.ym	18037
https://www.cpc-power.com/YM/Gem%20Jam%20-%20A%20Bejeweled%20Clone%20-%201%20%282021%29%28Leosoft%29%28arnOLdE%29%28StArkos%29.ym	18037
https://www.cpc-power.com/YM/Gem%20Jam%20-%20A%20Bejeweled%20Clone%20-%202%20%282021%29%28Leosoft%29%28arnOLdE%29%28StArkos%29.ym	18037
https://www.cpc-power.com/YM/Sontag%20Beat%20%282021%29%28Public%20Domain%29%28Glafouk%29.ym	18044
https://www.cpc-power.com/YM/Brats%20%2819xx%29%28Digital%20Dream%29%28ST-Module%29.ym	18326
https://www.cpc-power.com/YM/CPC-Aktuell%204%20-%201%20%281993%29%28Public%20Domain%29%28Kangaroo%29%28ST-Module%29.ym	18407
https://www.cpc-power.com/YM/CPC-Aktuell%204%20-%202%20%281993%29%28Public%20Domain%29%28Kangaroo%29%28ST-Module%29.ym	18407
https://www.cpc-power.com/YM/CPC-Aktuell%204%20-%203%20%281993%29%28Public%20Domain%29%28Kangaroo%29%28ST-Module%29.ym	18407
https://www.cpc-power.com/YM/CPC-Aktuell%204%20-%204%20%281993%29%28Public%20Domain%29%28Kangaroo%29%28ST-Module%29.ym	18407
https://www.cpc-power.com/YM/CPC-Aktuell%204%20-%205%20%281993%29%28Public%20Domain%29%28Kangaroo%29%28ST-Module%29.ym	18407
https://www.cpc-power.com/YM/CPC-Aktuell%205%20-%201%20%281993%29%28Public%20Domain%29%28Kangaroo%29%28ST-Module%29.ym	18408
https://www.cpc-power.com/YM/CPC-Aktuell%205%20-%202%20%281993%29%28Public%20Domain%29%28Kangaroo%29%28ST-Module%29.ym	18408
https://www.cpc-power.com/YM/CPC-Aktuell%205%20-%203%20%281993%29%28Public%20Domain%29%28Kangaroo%29%28ST-Module%29.ym	18408
https://www.cpc-power.com/YM/CPC-Aktuell%205%20-%204%20%281993%29%28Public%20Domain%29%28Kangaroo%29%28ST-Module%29.ym	18408
https://www.cpc-power.com/YM/CPC-Aktuell%205%20-%205%20%281993%29%28Public%20Domain%29%28Kangaroo%29%28ST-Module%29.ym	18408
https://www.cpc-power.com/YM/CPC-Aktuell%205%20-%206%20%281993%29%28Public%20Domain%29%28Kangaroo%29%28ST-Module%29.ym	18408
https://www.cpc-power.com/YM/Live%20Is%20Life%20%2819xx%29%28Public%20Domain%29%28Basic%29.ym	18417
https://www.cpc-power.com/YM/Kangaroo%27s%20Letter%20Creator%20version%203.3%20-%201%20%2819xx%29%28Public%20Domain%29%28Kangaroo%29%28ST-128%20Module%29.ym	18475
https://www.cpc-power.com/YM/Kangaroo%27s%20Letter%20Creator%20version%203.3%20-%202%20%2819xx%29%28Public%20Domain%29%28Kangaroo%29%28ST-128%20Module%29.ym	18475
https://www.cpc-power.com/YM/Akoustika%20%281996%29%28Mortel%29.ym	18480
https://www.cpc-power.com/YM/The%20Screen-Magic%20%2819xx%29%28Public%20Domain%29%28Norbert%20Krueger%29%28ST-Module%29.ym	18492
https://www.cpc-power.com/YM/Fuck%20You%21%20-%20Intro%20%281995%29%28Impact%29%28Demineur%29%28ST-Module%29.ym	18498
https://www.cpc-power.com/YM/Fuck%20You%21%20%281995%29%28Impact%29%28Slice%20and%20Lorna%29%28ST-128%20Module%29.ym	18498
https://www.cpc-power.com/YM/For%20Ever%20Demo%20%281995%29%28Chaos%29%28ST-Module%29.ym	18499
https://www.cpc-power.com/YM/For%20Ever%20Demo%20%281995%29%28Chaos%29%28Catloc%29%28ST-128%20Module%29.ym	18499
https://www.cpc-power.com/YM/Josh%20%282021%29%28Philippe%20MOULIN%29%28Rayxamber%29%28StArkos%29.ym	18500
https://www.cpc-power.com/YM/3Dmaniaks%20%282021%29%28Impact%29%28Mast%29.ym	18504
https://www.cpc-power.com/YM/FirstOne%20%282021%29%28Impact%29%28ProTracker%29.ym	18509
https://www.cpc-power.com/YM/Gift%20For%20Barjack%20%282021%29%28Impact%29.ym	18513
https://www.cpc-power.com/YM/Wireware%201-4%20%282021%29%28CNGSoft%29%28ChipNFx%29.ym	18542
https://www.cpc-power.com/YM/Wireware%202-4%20%282021%29%28CNGSoft%29%28ChipNFx%29.ym	18542
https://www.cpc-power.com/YM/Wireware%203-4%20%282021%29%28CNGSoft%29%28ChipNFx%29.ym	18542
https://www.cpc-power.com/YM/Wireware%204-4%20%282021%29%28CNGSoft%29%28ChipNFx%29.ym	18542
https://www.cpc-power.com/YM/LoopWorlds%20%282021%29%28CpcRetroDev.ByteRealms%29%28Jorge%20Angulo%20Espi%29%28StArkos%29.ym	18548
https://www.cpc-power.com/YM/LoopWorlds%20-%20InGame%20%282021%29%28CpcRetroDev.ByteRealms%29%28Jorge%20Angulo%20Espi%29%28StArkos%29.ym	18548
https://www.cpc-power.com/YM/Xmas2021%20%282021%29%28Impact%29.ym	18570
https://www.cpc-power.com/YM/Lost%20Patrol%20Tribute%20%282022%29%28Red%20Sector%20Inc%29%28Raft%29%28StArkos%29.ym	18602
https://www.cpc-power.com/YM/Flush%20Wishes%20You%20A%20Happy%20New%20Year%202022%20%282022%29%28Flush%29%28Glafouk%29.ym	18626
https://www.cpc-power.com/YM/I%20Am%20Not%20A%20Jeroen%20Tel%20Fanboy%20-%201%20-%20Eliminator%20%282022%29%28Epyteor%29%28SuTeKH%29%28StArkos%29.ym	18646
https://www.cpc-power.com/YM/I%20Am%20Not%20A%20Jeroen%20Tel%20Fanboy%20-%202%20-%20Supremacy%20%282022%29%28Epyteor%29%28SuTeKH%29%28StArkos%29.ym	18646
https://www.cpc-power.com/YM/I%20Am%20Not%20A%20Jeroen%20Tel%20Fanboy%20-%203%20-%20Cybernoid%20II%20%282022%29%28Epyteor%29%28SuTeKH%29%28StArkos%29.ym	18646
https://www.cpc-power.com/YM/I%20Am%20Not%20A%20Jeroen%20Tel%20Fanboy%20-%204%20-%20Myth%20Mix%20%282022%29%28Epyteor%29%28SuTeKH%29%28StArkos%29.ym	18646
https://www.cpc-power.com/YM/I%20Am%20Not%20A%20Jeroen%20Tel%20Fanboy%20-%205%20-%20HawkEye%20%282022%29%28Epyteor%29%28SuTeKH%29%28StArkos%29.ym	18646
https://www.cpc-power.com/YM/I%20Am%20Not%20A%20Jeroen%20Tel%20Fanboy%20-%206%20-%20Robocop%20III%20%282022%29%28Epyteor%29%28SuTeKH%29%28StArkos%29.ym	18646
https://www.cpc-power.com/YM/1Kraftwerk%20%282022%29%28Shinra%29%28Kraftwerk%29.ym	18648
https://www.cpc-power.com/YM/Onescreen%20Colonies%202%20-%20Intro%20%282022%29%28Vanity%29.ym	18658
https://www.cpc-power.com/YM/Onescreen%20Colonies%202%20-%20Main%20Part%20%282022%29%28Vanity%29.ym	18658
https://www.cpc-power.com/YM/Onescreen%20Colonies%202%20-%20Cracktro%20-%20The%20Union%20%282022%29%28Vanity%29%28MaxMax%29%28Atari%20St%29.ym	18658
https://www.cpc-power.com/YM/Supremacy%20Your%20Will%20Be%20Done%20%282022%29%28Epyteor%29%28SuTeKH%29%28StarkOs%29.ym	18661
https://www.cpc-power.com/YM/Myth%20History%20In%20The%20Mixing%20%282022%29%28Epyteor%29%28SuTeKH%29%28StarkOs%29.ym	18662
https://www.cpc-power.com/YM/Rob%20The%20Master%20%282022%29%28Epyteor%29%28SuTeKH%29%28StarkOs%29.ym	18663
https://www.cpc-power.com/YM/Speedball%20Musicdisk%20%282019%29%28Public%20Domain%29%28SuTeKH%29%28StarkOs%29.ym	18665
https://www.cpc-power.com/YM/Swingin%27%20-%20Mon%20Tune%203%20%282022%29%28Impact%29%28Dark%20Angel%29%28Atari%20St%29.ym	18676
https://www.cpc-power.com/YM/Abba%20%282022%29%28TGS%29%28NQ%20of%20Skrju%29%28Protracker%203.7%29.ym	18677
https://www.cpc-power.com/YM/Warhawk%20Small%20Demo%20%282022%29%28Puiblic%20Domain%29%28Rob%20Hubbard%29%28StArkos%29.ym	18679
https://www.cpc-power.com/YM/Pixel%20Free%20%282022%29%28Public%20Domain%29%28Glafouk%29%28StArkos%29.ym	18680
https://www.cpc-power.com/YM/Battle%20Of%20Leningrad%20-%201%20%282022%29%28Public%20Domain%29%28Manossg%29%28StArkos%29.ym	18713
https://www.cpc-power.com/YM/Battle%20Of%20Leningrad%20-%202%20%282022%29%28Public%20Domain%29%28Manossg%29%28StArkos%29.ym	18713
https://www.cpc-power.com/YM/Battle%20Of%20Leningrad%20-%203%20%282022%29%28Public%20Domain%29%28Manossg%29%28StArkos%29.ym	18713
https://www.cpc-power.com/YM/Battle%20Of%20Leningrad%20-%204%20%282022%29%28Public%20Domain%29%28Manossg%29%28StArkos%29.ym	18713
https://www.cpc-power.com/YM/KKE%20On%20Amstrad%206128%20-%20Intro%20%282021%29%28Public%20Domain%29%28Manossg%29%28StArkos%29.ym	18715
https://www.cpc-power.com/YM/KKE%20On%20Amstrad%206128%20-%20Katiousa%20Ymnos%20Eam%20%282021%29%28Public%20Domain%29%28Manossg%29%28Basic%29.ym	18715
https://www.cpc-power.com/YM/ND%20On%20Amstrad%206128%20-%20Intro%20%282021%29%28Public%20Domain%29%28Manossg%29%28StArkos%29.ym	18716
https://www.cpc-power.com/YM/Pasok%20On%20Amstrad%206128%20%282021%29%28Public%20Domain%29%28Manossg%29%28StArkos%29.ym	18717
https://www.cpc-power.com/YM/Professional%20Isolation%20Tank%20Simulator%20%281994%29%28NOT%20Codemasters%29%28StArkos%29.ym	18746
https://www.cpc-power.com/YM/Sanxion%20%282022%29%28Epyteor%29%28SuTeKH%29%28StArkos%29.ym	18747
https://www.cpc-power.com/YM/AstroCop%20%282022%29%28Mananuk%29%28Augusto%20RUIZ%29%28Wyz%20Tracker%29.ym	18751
https://www.cpc-power.com/YM/AstroCop%20-%20InGame%20%282022%29%28Mananuk%29%28Augusto%20RUIZ%29%28Wyz%20Tracker%29.ym	18751
https://www.cpc-power.com/YM/CPC%20Space%20Panic%20%282022%29%28Fitosoft%29%28Xenomorph%29.ym	18761
https://www.cpc-power.com/YM/Spaceman%20KERL%20%282022%29%28Fitosoft%29%28Xenomorph%29.ym	18772
https://www.cpc-power.com/YM/Osmium%20Path-Fractoid%20%282022%29%28Dirty%20Minds%29%28Ham%29%28StArkos%29.ym	18785
https://www.cpc-power.com/YM/Sphere%20-%20v1%20%282022%29%28Resistance%29%28Tom%20and%20Jerry%20of%20GPA%29%28StArkos%29.ym	18788
https://www.cpc-power.com/YM/Sphere%20-%20v2%20%282022%29%28Resistance%29%28Tom%20and%20Jerry%20of%20GPA%29%28StArkos%29.ym	18788
https://www.cpc-power.com/YM/Foursome%20%282022%29%28Pulpo%20Corrosivo%29%28Madmax%29%28Atari%20St%29.ym	18790
https://www.cpc-power.com/YM/Penguin%20Attack%20-%20Menu%20%282022%29%28Pat%20Morita%20Team%29%28Antonio%20Perez%29.ym	18799
https://www.cpc-power.com/YM/Druid%20%26%20Droid%20-%200%20%282022%29%28LeoSoft%29%28arnOLdE%29%28StArkos%29.ym	18813
https://www.cpc-power.com/YM/Druid%20%26%20Droid%20-%201%20%282022%29%28LeoSoft%29%28arnOLdE%29%28StArkos%29.ym	18813
https://www.cpc-power.com/YM/Druid%20%26%20Droid%20-%202%20%282022%29%28LeoSoft%29%28arnOLdE%29%28StArkos%29.ym	18813
https://www.cpc-power.com/YM/Druid%20%26%20Droid%20-%203%20%282022%29%28LeoSoft%29%28arnOLdE%29%28StArkos%29.ym	18813
https://www.cpc-power.com/YM/Druid%20%26%20Droid%20-%204%20%282022%29%28LeoSoft%29%28arnOLdE%29%28StArkos%29.ym	18813
https://www.cpc-power.com/YM/Druid%20%26%20Droid%20-%205%20%282022%29%28LeoSoft%29%28arnOLdE%29%28StArkos%29.ym	18813
https://www.cpc-power.com/YM/Druid%20%26%20Droid%20-%206%20%282022%29%28LeoSoft%29%28arnOLdE%29%28StArkos%29.ym	18813
https://www.cpc-power.com/YM/Druid%20%26%20Droid%20-%207%20%282022%29%28LeoSoft%29%28arnOLdE%29%28StArkos%29.ym	18813
https://www.cpc-power.com/YM/Druid%20%26%20Droid%20-%208%20%282022%29%28LeoSoft%29%28arnOLdE%29%28StArkos%29.ym	18813
https://www.cpc-power.com/YM/Dire%20Dare%20%282022%29%28CNGSoft%29%28ChipNFx%29.ym	18814
https://www.cpc-power.com/YM/Rise%20Of%20The%20Knight%20%282022%29%28cpcretrodev.byterealms%29%28StArkos%29.ym	18821
https://www.cpc-power.com/YM/Return%20Of%20The%20Droid%20%282022%29%28Oneman%29%28StArkos%29.ym	18846
https://www.cpc-power.com/YM/SDS%20Demo%201%20-%201%20%281993%29%28Power%20System%29%28ST-Module%29.ym	18850
https://www.cpc-power.com/YM/SDS%20Demo%201%20-%202%20%281993%29%28Power%20System%29%28ST-Module%29.ym	18850
https://www.cpc-power.com/YM/SDS%20Demo%201%20-%203%20%281993%29%28Power%20System%29%28ST-Module%29.ym	18850
https://www.cpc-power.com/YM/SDS%20Demo%201%20-%204%20%281993%29%28Power%20System%29%28ST-Module%29.ym	18850
https://www.cpc-power.com/YM/SDS%20Demo%201%20-%205%20%281993%29%28Power%20System%29%28ST-Module%29.ym	18850
https://www.cpc-power.com/YM/Sapin%20De%20Noel%20%282022%29%28Revival%29%28Siko%29.ym	18862
https://www.cpc-power.com/YM/Lotus%20Turbo%20Challenge%202%20-%20BootUp%20%282022%29%28Epyteor%29%28SuTeKH%29%28StArkos%29_without%20digit.ym	18895
https://www.cpc-power.com/YM/The%20Amstream%20Music-Disk%20-%20Intro%20%282023%29%28Epyteor%29%28SuTeKH%29%28StArkos%29.ym	18904
https://www.cpc-power.com/YM/The%20Amstream%20Music-Disk%20-%201%20-%20Donkey%20Kong%20Country%20%282023%29%28Epyteor%29%28SuTeKH%29%28StArkos%29.ym	18904
https://www.cpc-power.com/YM/The%20Amstream%20Music-Disk%20-%202%20-%20Turrican%202%20%282023%29%28Epyteor%29%28SuTeKH%29%28StArkos%29.ym	18904
https://www.cpc-power.com/YM/The%20Amstream%20Music-Disk%20-%203%20-%20Shadow%20of%20The%20Beast%20%282023%29%28Epyteor%29%28SuTeKH%29%28StArkos%29.ym	18904
https://www.cpc-power.com/YM/The%20Amstream%20Music-Disk%20-%204%20-%20The%20Last%20V8%20%282023%29%28Epyteor%29%28SuTeKH%29%28StArkos%29.ym	18904
https://www.cpc-power.com/YM/The%20Amstream%20Music-Disk%20-%205%20-%20Ghost%27N%27Goblins%20%282023%29%28Epyteor%29%28SuTeKH%29%28StArkos%29.ym	18904
https://www.cpc-power.com/YM/The%20Amstream%20Music-Disk%20-%206%20-%20Hunter%27s%20Moon%20%282023%29%28Epyteor%29%28SuTeKH%29%28StArkos%29.ym	18904
https://www.cpc-power.com/YM/D.N.A.%20Warrior%20C-64%20Music-Disk%20-%201%20-%20Title%20Tune%20%282023%29%28Epyteor%29%28SuTeKH%29%28StArkos%29.ym	18905
https://www.cpc-power.com/YM/D.N.A.%20Warrior%20C-64%20Music-Disk%20-%202%20-%20Game%20Over%20Tune%20%282023%29%28Epyteor%29%28SuTeKH%29%28StArkos%29.ym	18905
https://www.cpc-power.com/YM/D.N.A.%20Warrior%20C-64%20Music-Disk%20-%203%20-%20High-Score%20%282023%29%28Epyteor%29%28SuTeKH%29%28StArkos%29.ym	18905
https://www.cpc-power.com/YM/D.N.A.%20Warrior%20C-64%20Music-Disk%20-%204%20-%20Level%20Complete%20%282023%29%28Epyteor%29%28SuTeKH%29%28StArkos%29.ym	18905
https://www.cpc-power.com/YM/D.N.A.%20Warrior%20C-64%20Music-Disk%20-%205%20-%20In-Game%20Tune%20%282023%29%28Epyteor%29%28SuTeKH%29%28StArkos%29.ym	18905
https://www.cpc-power.com/YM/Wings%20Of%20Death%20-%20Stage%207%20%282023%29%28Epyteor%29%28SuTeKH%29%28StArkos%29.ym	18916
https://www.cpc-power.com/YM/Goldorak%20Versus%20%282024%29%28Public%20Domain%29%28Pulsophonic%29%28StArkos%29.ym	18946
https://www.cpc-power.com/YM/Purple%20Swirl%20%282023%29%28Genesis%20Project%29%28MCH%29.ym	19003
https://www.cpc-power.com/YM/Checkmate%20%282023%29%28Pulpo%20Corrosivo%29%28Tom%20%26%20Jerry%20of%20GPA%29.ym	19004
https://www.cpc-power.com/YM/Chloe%20Aprende%20A%20Reciclar%20-%20La%20Bouree%20%282023%29%28Churrosoft%29%28Michael%20Praetorius%29.ym	19017
https://www.cpc-power.com/YM/Alain%20Lambin%20-%20Nicky%20Boum%20-%201%20-%20World%201%20%282019%29%28Epyteor%29%28SuTeKH%29%28StArkos%29.ym	19038
https://www.cpc-power.com/YM/Alain%20Lambin%20-%20Nicky%20Boum%20-%202%20-%20World%202%20%282019%29%28Epyteor%29%28SuTeKH%29%28StArkos%29.ym	19038
https://www.cpc-power.com/YM/Alain%20Lambin%20-%20Nicky%20Boum%20-%203%20-%20World%203%20%282019%29%28Epyteor%29%28SuTeKH%29%28StArkos%29.ym	19038
https://www.cpc-power.com/YM/Alain%20Lambin%20-%20Nicky%20Boum%20-%204%20-%20World%204%20%282019%29%28Epyteor%29%28SuTeKH%29%28StArkos%29.ym	19038
https://www.cpc-power.com/YM/Alain%20Lambin%20-%20Nicky%20Boum%20-%205%20-%20Title%20Screen%20%282019%29%28Epyteor%29%28SuTeKH%29%28StArkos%29.ym	19038
https://www.cpc-power.com/YM/Alain%20Lambin%20-%20Nicky%20Boum%20-%206%20-%20Boss%20Fight%20%282019%29%28Epyteor%29%28SuTeKH%29%28StArkos%29.ym	19038
https://www.cpc-power.com/YM/Alain%20Lambin%20-%20Nicky%20Boum%20-%207%20-%20Game%20Over%20%282019%29%28Epyteor%29%28SuTeKH%29%28StArkos%29.ym	19038
https://www.cpc-power.com/YM/Alain%20Lambin%20-%20Nicky%20Boum%20-%208%20-%20Game%20Complete%20%282019%29%28Epyteor%29%28SuTeKH%29%28StArkos%29.ym	19038
https://www.cpc-power.com/YM/Rob%20Hubbard%20-%20The%20Human%20Race%20-%20C64%20Soundtrack%20-%20Chapter%201%20%282023%29%28Epyteor%29%28SuTeKH%29%28StArkos%29.ym	19040
https://www.cpc-power.com/YM/Rob%20Hubbard%20-%20The%20Human%20Race%20-%20C64%20Soundtrack%20-%20Chapter%202%20%282023%29%28Epyteor%29%28SuTeKH%29%28StArkos%29.ym	19040
https://www.cpc-power.com/YM/Rob%20Hubbard%20-%20The%20Human%20Race%20-%20C64%20Soundtrack%20-%20Chapter%203%20%282023%29%28Epyteor%29%28SuTeKH%29%28StArkos%29.ym	19040
https://www.cpc-power.com/YM/Rob%20Hubbard%20-%20The%20Human%20Race%20-%20C64%20Soundtrack%20-%20Chapter%204%20%282023%29%28Epyteor%29%28SuTeKH%29%28StArkos%29.ym	19040
https://www.cpc-power.com/YM/Rob%20Hubbard%20-%20The%20Human%20Race%20-%20C64%20Soundtrack%20-%20Chapter%205%20%282023%29%28Epyteor%29%28SuTeKH%29%28StArkos%29.ym	19040
https://www.cpc-power.com/YM/Richard%20Bayliss%20-%20For%20Speed%20We%20Need%20-%201%20%282023%29%28Epyteor%29%28SuTeKH%29%28StArkos%29.ym	19042
https://www.cpc-power.com/YM/Richard%20Bayliss%20-%20For%20Speed%20We%20Need%20-%202%20%282023%29%28Epyteor%29%28SuTeKH%29%28StArkos%29.ym	19042
https://www.cpc-power.com/YM/Richard%20Bayliss%20-%20For%20Speed%20We%20Need%20-%203%20%282023%29%28Epyteor%29%28SuTeKH%29%28StArkos%29.ym	19042
https://www.cpc-power.com/YM/Richard%20Bayliss%20-%20For%20Speed%20We%20Need%20-%204%20%282023%29%28Epyteor%29%28SuTeKH%29%28StArkos%29.ym	19042
https://www.cpc-power.com/YM/Richard%20Bayliss%20-%20For%20Speed%20We%20Need%20-%205%20%282023%29%28Epyteor%29%28SuTeKH%29%28StArkos%29.ym	19042
https://www.cpc-power.com/YM/Jonathan%20Dunn%20-%20Ocean%20Loader%204%20%282023%29%28Epyteor%29%28SuTeKH%29%28StArkos%29.ym	19043
https://www.cpc-power.com/YM/C0zmo%20-%20The%20Wizard%20Of%20Wor%20%282023%29%28Epyteor%29%28SuTeKH%29%28StArkos%29.ym	19044
https://www.cpc-power.com/YM/Roland%20Goes%20Demining%20-%20Menu%20%282023%29%28Public%20Domain%29%28Chase%20Bethea%29%28StArkos%29.ym	19045
https://www.cpc-power.com/YM/Roland%20Goes%20Demining%20-%20Level%20%282023%29%28Public%20Domain%29%28Chase%20Bethea%29%28StArkos%29.ym	19045
https://www.cpc-power.com/YM/Roland%20Goes%20Demining%20-%20Game%20Over%20%282023%29%28Public%20Domain%29%28Chase%20Bethea%29%28StArkos%29.ym	19045
https://www.cpc-power.com/YM/Jill%20Valentine%20RE3%20%282023%29%28Amstradiens%29%28Davos%29%28StArkos%29.ym	19046
https://www.cpc-power.com/YM/Starfleet%20%281987%29%28Public%20Domain%29%28Vorax%29%28Basic%29.ym	19055
https://www.cpc-power.com/YM/Solidarity%20%282022%29%28TGS%29%28Pedro%20Pimenta%29%28Protracker%203.7%29.ym	19080
https://www.cpc-power.com/YM/N1Ko%20Songs%20SF2%20Theme%20-%20Chunli%20%282023%29%28Amstradiens%29%28N1Ko%29.ym	19104
https://www.cpc-power.com/YM/N1Ko%20Songs%20SF2%20Theme%20-%20Ryu%20%282023%29%28Amstradiens%29%28N1Ko%29.ym	19104
https://www.cpc-power.com/YM/N1Ko%20Songs%20SF2%20Theme%20-%20Sagat%20%282023%29%28Amstradiens%29%28N1Ko%29.ym	19104
https://www.cpc-power.com/YM/Can%27t%20Stop%20Raving%20%282022%29%28Public%20Domain%29%28Devilmarkus%29.ym	19108
https://www.cpc-power.com/YM/Crazy%20Piri%20Chronicle%201%20-%20Menu%20%282023%29%28Crazy%20Piri%29%28StArkos%29.ym	19111
https://www.cpc-power.com/YM/Crazy%20Piri%20Chronicle%201%20-%20Bubble%20Quest%20%282023%29%28Crazy%20Piri%29%28StArkos%29.ym	19111
https://www.cpc-power.com/YM/Crazy%20Piri%20Chronicle%201%20-%20Frutti%20%282023%29%28Crazy%20Piri%29%28StArkos%29.ym	19111
https://www.cpc-power.com/YM/Crazy%20Piri%20Chronicle%201%20-%20Ghost%27n%27Goblins%20%282023%29%28Crazy%20Piri%29%28StArkos%29.ym	19111
https://www.cpc-power.com/YM/Crazy%20Piri%20Chronicle%201%20-%20Goldorak%20%282023%29%28Crazy%20Piri%29%28StArkos%29.ym	19111
https://www.cpc-power.com/YM/Shooting%20Star%20Music%20Celebration%20June-21-2023%20%282023%29%28Amstradiens%29.ym	19134
https://www.cpc-power.com/YM/Sun%20Beach%202023%20-%20Enjoy%20Summer%20%282023%29%28Amstradiens%29%28Makinavaja%29%28StArkos%29.ym	19135
https://www.cpc-power.com/YM/Bart%20Simpsons%20Demo%20%282021%29%28Public%20Domain%29.ym	19145
https://www.cpc-power.com/YM/Lysa%20Polana%20%282023%29%28Public%20Domain%29%28Pin%29%28StArkos%29.ym	19148
https://www.cpc-power.com/YM/Terminator%20vs%20Robocop%20%282023%29%28Amstradiens%29%28Doxycon%29.ym	19149
https://www.cpc-power.com/YM/Le%20Secret%20d%27Anubis%20%282025%29%28Titan%29%28Pulsophonic%29%28StArkos%29.ym	19174
https://www.cpc-power.com/YM/Segura%20River%20-%20Menu%20%282023%29%28Altanerus%20Dog%29%28Antero%20Martinez%29%28StArkos%29.ym	19202
https://www.cpc-power.com/YM/Segura%20River%20-%20InGame%20%282023%29%28Altanerus%20Dog%29%28Antero%20Martinez%29%28StArkos%29.ym	19202
https://www.cpc-power.com/YM/Mike%27s%20Scrollers%20-%20Intro%20%282023%29%28Oneman%29%28Targhan%29%28StArkos%29.ym	19214
https://www.cpc-power.com/YM/Mike%27s%20Scrollers%20-%20Main%20Part%20%282023%29%28Oneman%29%28Targhan%29%28StArkos%29.ym	19214
https://www.cpc-power.com/YM/USS%20Cygnus%20192%20%282023%29%28OneMan%29%28Buckethead%29%28StArkos%29.ym	19239
https://www.cpc-power.com/YM/Artic%20Moves%20%282022%29%28Retrobytes%20Productions%29%28Jose%20Antonio%20Martin%20Tello%29%28StArkos%29.ym	19258
https://www.cpc-power.com/YM/Hexapucchu%20%282025%29%28Titan%29%28Pulsophonic%29%28StArkos%29.ym	19300
https://www.cpc-power.com/YM/DSC%204%20v2%20%282023%29%28Logon%20System%29%28Shap%29.ym	19308
https://www.cpc-power.com/YM/Stand%20Up%20%282023%29%28Benediction%29%28Dma-sc%29%28AYC%29.ym	19313
https://www.cpc-power.com/YM/Paulina%27s%20Potions%20-%201%20%282023%29%28LeoSoft%29%28arnOLdE%29%28StArkos%29.ym	19341
https://www.cpc-power.com/YM/Paulina%27s%20Potions%20-%202%20%282023%29%28LeoSoft%29%28arnOLdE%29%28StArkos%29.ym	19341
https://www.cpc-power.com/YM/Paulina%27s%20Potions%20-%203%20%282023%29%28LeoSoft%29%28arnOLdE%29%28StArkos%29.ym	19341
https://www.cpc-power.com/YM/Paulina%27s%20Potions%20-%204%20%282023%29%28LeoSoft%29%28arnOLdE%29%28StArkos%29.ym	19341
https://www.cpc-power.com/YM/Paulina%27s%20Potions%20-%205%20%282023%29%28LeoSoft%29%28arnOLdE%29%28StArkos%29.ym	19341
https://www.cpc-power.com/YM/Alloy%20Box%20%282023%29%28CNGSoft%29%28ChipNFx%29.ym	19346
https://www.cpc-power.com/YM/Octopus%2021%20-%20Intro%20%282025%29%28Amstradiens%29%28SuTeKH%29%28StArkos%29.ym	19381
https://www.cpc-power.com/YM/Octopus%2021%20-%20Menu%20%282025%29%28Amstradiens%29%28SuTeKH%29%28StArkos%29.ym	19381
https://www.cpc-power.com/YM/Octopus%2021%20-%20InGame%20%282025%29%28Amstradiens%29%28SuTeKH%29%28StArkos%29.ym	19381
https://www.cpc-power.com/YM/Joyeux%20Noel%20-%201%20%282023%29%28Team%20Galaxy%29%28Pulsophonic%29%28StArkos%29.ym	19388
https://www.cpc-power.com/YM/Joyeux%20Noel%20-%202%20%282023%29%28Team%20Galaxy%29%28Pulsophonic%29%28StArkos%29.ym	19388
https://www.cpc-power.com/YM/Joyeux%20Noel%20-%203%20%282023%29%28Team%20Galaxy%29%28Pulsophonic%29%28StArkos%29.ym	19388
https://www.cpc-power.com/YM/Benediction%20Coding%20Party%203%20-%20Intro%20-%20Stunt%20Priest%20%282023%29%28Benediction%29%28Epic%20of%20TMS%29%28Atari%20St%29.ym	19390
https://www.cpc-power.com/YM/XMAS%20Demo%2023%20%282023%29%28Impact%29%28Justinas%29%28PT3%29.ym	19393
https://www.cpc-power.com/YM/Winter%20Greetings%20%282023%29%28Public%20Domain%29%28Arnolde%29.ym	19407
https://www.cpc-power.com/YM/Artwork%20Poker%20Brides%20From%20MSX%20%282024%29%28Amstradiens%29.ym	19420
https://www.cpc-power.com/YM/Kommando%20Urbex%20-%20Intro%20%282024%29%28Altanerus%20Dog%29%28Antero%20Martinez%29%28StArkos%29.ym	19422
https://www.cpc-power.com/YM/Kommando%20Urbex%20-%20Menu%20%282024%29%28Altanerus%20Dog%29%28Antero%20Martinez%29%28StArkos%29.ym	19422
https://www.cpc-power.com/YM/Kommando%20Urbex%20-%20InGame%20%282024%29%28Altanerus%20Dog%29%28Antero%20Martinez%29%28StArkos%29.ym	19422
https://www.cpc-power.com/YM/Alex%20Kidd%20In%20Miracle%20World%20%282024%29%28Amstradiens%29.ym	19423
https://www.cpc-power.com/YM/Sixty%20Von%20Stucka%20%282024%29%28Amstradiens%29%28DarkAngel%29.ym	19424
https://www.cpc-power.com/YM/Foggy%27s%20Quest%20To%20Narg%20And%20Back%20Again%21%20-%200%20%282024%29%28Amstradiens%29%28SuTeKH%29%28StArkos%29.ym	19425
https://www.cpc-power.com/YM/Foggy%27s%20Quest%20To%20Narg%20And%20Back%20Again%21%20-%201%20%282024%29%28Amstradiens%29%28SuTeKH%29%28StArkos%29.ym	19425
https://www.cpc-power.com/YM/2%20Hot%20-%20Intro%20%281996%29%28Exodus%29%28ST-128%20Module%29.ym	19445
https://www.cpc-power.com/YM/2%20Hot%20%281996%29%28Exodus%29%28ST-128%20Module%29.ym	19445
https://www.cpc-power.com/YM/Tricky%20Triangles%20%281996%29%28Exodus%29%28Kangaroo%29%28ST-128%20Module%29.ym	19446
https://www.cpc-power.com/YM/Tribute%20To%20Great%20Greek%20Singer%20vassilis%20KARRAS%20%282024%29%28Public%20Domain%29%28Skylas%29%28StAkros%29.ym	19449
https://www.cpc-power.com/YM/GPT%20Lecran%20%282024%29%28Public%20Domain%29%28Targhan%29%28StArkos%29.ym	19454
https://www.cpc-power.com/YM/Come%20Join%20US%20%282024%29%28Benediction%29%28PulkoMandy%29.ym	19456
https://www.cpc-power.com/YM/Galaxy%20Quest%20%282024%29%28Amstradiens%29.ym	19460
https://www.cpc-power.com/YM/BIG%20BIG%20UP%21%20%281998%29%28Benediction%29%28Eliot%29%28ST-128%20Module%29.ym	19474
https://www.cpc-power.com/YM/The%20Heart%20Of%20Salamanderland%20%282024%29%28usebox.net%29%28StArkos%29.ym	19505
https://www.cpc-power.com/YM/The%20Heart%20Of%20Salamanderland%20-%20InGame%20%282024%29%28usebox.net%29%28StArkos%29.ym	19505
https://www.cpc-power.com/YM/Goldorak%20v3.3.1%20-%20InGame%20-%20Level%201%20%282024%29%28Public%20Domain%29%28Pulsophonic%29%28StArkos%29.ym	19511
https://www.cpc-power.com/YM/Goldorak%20v3.3.1%20-%20InGame%20-%20Level%202%20%282024%29%28Public%20Domain%29%28Pulsophonic%29%28StArkos%29.ym	19511
https://www.cpc-power.com/YM/Goldorak%20v3.3.1%20-%20InGame%20-%20Level%203%20%282024%29%28Public%20Domain%29%28Pulsophonic%29%28StArkos%29.ym	19511
https://www.cpc-power.com/YM/Goldorak%20v3.3.1%20-%20InGame%20-%20Level%204%20%282024%29%28Public%20Domain%29%28Pulsophonic%29%28StArkos%29.ym	19511
https://www.cpc-power.com/YM/Goldorak%20v3.3.1%20-%20InGame%20-%20Level%205%20%282024%29%28Public%20Domain%29%28Pulsophonic%29%28StArkos%29.ym	19511
https://www.cpc-power.com/YM/Goldorak%20v3.3.1%20-%20InGame%20-%20Level%206%20%282024%29%28Public%20Domain%29%28Pulsophonic%29%28StArkos%29.ym	19511
https://www.cpc-power.com/YM/Goldorak%20v3.3.1%20-%20InGame%20-%20Level%207%20%282024%29%28Public%20Domain%29%28Pulsophonic%29%28StArkos%29.ym	19511
https://www.cpc-power.com/YM/Goldorak%20v3.3.1%20-%20InGame%20-%20Level%208%20%282024%29%28Public%20Domain%29%28Pulsophonic%29%28StArkos%29.ym	19511
https://www.cpc-power.com/YM/Goldorak%20v3.3.1%20-%20InGame%20-%20Boss%20%282024%29%28Public%20Domain%29%28Pulsophonic%29%28StArkos%29.ym	19511
https://www.cpc-power.com/YM/Goldorak%20v3.3.1%20-%20InGame%20-%20Boss%20Victory%20%282024%29%28Public%20Domain%29%28Pulsophonic%29%28StArkos%29.ym	19511
https://www.cpc-power.com/YM/Goldorak%20v3.3.1%20-%20InGame%20-%20Game%20Over%20%282024%29%28Public%20Domain%29%28Pulsophonic%29%28StArkos%29.ym	19511
https://www.cpc-power.com/YM/BND4-Invitro%20%282024%29%28Public%20Domain%29%28Duffy%29.ym	19512
https://www.cpc-power.com/YM/Benny%20Hill%20%282023%29%28Amstradiens%29.ym	19524
https://www.cpc-power.com/YM/Thus%20Spoke%20Demoscenes%20%282024%29%28Software%20Failure%29%28Ham%29%28StArkos%29.ym	19559
https://www.cpc-power.com/YM/Leon%20Marchands%20Olympic%20Challenge%20v1.1%20-%201%20%282024%29%28Praline%29%28Pulsophonic%29%28StArkos%29.ym	19569
https://www.cpc-power.com/YM/Leon%20Marchands%20Olympic%20Challenge%20v1.1%20-%202%20%282024%29%28Praline%29%28Pulsophonic%29%28StArkos%29.ym	19569
https://www.cpc-power.com/YM/ForEver%20Party%20InviTro%20%282024%29%28Shinra%29%28PulkoMandy%29%28StArkos%29.ym	19572
https://www.cpc-power.com/YM/Roland%20in%20Retroalacant%201-2%20%282024%29%28Public%20Domain%29%28Luis%20Pazos%29%28StArkos%29.ym	19577
https://www.cpc-power.com/YM/Roland%20in%20Retroalacant%202-2%20%282024%29%28Public%20Domain%29%28Luis%20Pazos%29%28StArkos%29.ym	19577
https://www.cpc-power.com/YM/Thrust%20-%20Extra%20Missions%20%282024%29%28Firebird%29%28Melvyn%20Wright%29%28Tape%20Loader%29.ym	19613
https://www.cpc-power.com/YM/Christmas2024%20%282024%29%28Praline%29%28Pulsophonic%29%28StArkos%29.ym	19616
https://www.cpc-power.com/YM/Mighty%20Steel%20Fighters%20v1.2%20Demo%20%282025%29%28GGP%29%28JackGGP%29%28StArkos%29.ym	19624
https://www.cpc-power.com/YM/Crystal%20Place%20%282024%29%28Public%20Domain%29%28Francesc%20Alcaucer%29%28Basic%29.ym	19626
https://www.cpc-power.com/YM/Don%27t%20Touch%20My%20Eggs%21%20-%200%20%282024%29%28Voxel%20Tower%29%28Rober%20Rodriguez%29.ym	19627
https://www.cpc-power.com/YM/Don%27t%20Touch%20My%20Eggs%21%20-%201%20%282024%29%28Voxel%20Tower%29%28Rober%20Rodriguez%29.ym	19627
https://www.cpc-power.com/YM/Don%27t%20Touch%20My%20Eggs%21%20-%202%20%282024%29%28Voxel%20Tower%29%28Rober%20Rodriguez%29.ym	19627
https://www.cpc-power.com/YM/Flush%20Wishes%20You%20A%20Happy%20New%20Year%202025%20%282025%29%28Flush%29%28Siko%29.ym	19633
https://www.cpc-power.com/YM/21%20Grams%20of%20Soul%20-%20InGame%20%282025%29%28Altanerus%20Dog%29%28Antero%20Martinez%29%28StArkos%29.ym	19665
https://www.cpc-power.com/YM/21%20Grams%20of%20Soul%20-%20Menu%20%282025%29%28Altanerus%20Dog%29%28Antero%20Martinez%29%28StArkos%29.ym	19665
https://www.cpc-power.com/YM/Impossamal%20-%200%20%282025%29%28The%20Mojon%20Twins%29%28David%20Sanchez%29.ym	19690
https://www.cpc-power.com/YM/Impossamal%20-%201%20%282025%29%28The%20Mojon%20Twins%29%28David%20Sanchez%29.ym	19690
https://www.cpc-power.com/YM/Impossamal%20-%202%20%282025%29%28The%20Mojon%20Twins%29%28David%20Sanchez%29.ym	19690
https://www.cpc-power.com/YM/Impossamal%20-%203%20%282025%29%28The%20Mojon%20Twins%29%28David%20Sanchez%29.ym	19690
https://www.cpc-power.com/YM/Impossamal%20-%204%20%282025%29%28The%20Mojon%20Twins%29%28David%20Sanchez%29.ym	19690
https://www.cpc-power.com/YM/Casino%20Pokies-CPC%20%282025%29%28Rayon%20Studio%29%28Roya%29%28StArkos%29.ym	19692
https://www.cpc-power.com/YM/Casino%20Pokies-CPC%20-%20Menu%20%282025%29%28Rayon%20Studio%29%28Roya%29%28StArkos%29.ym	19692
https://www.cpc-power.com/YM/3DManiaks%202%20%282025%29%28Impact%29%28UltraSyd%29.ym	19700
https://www.cpc-power.com/YM/The%20Secret%20of%20Darren%20Blake%20-%201%20%282025%29%28Altanerus%20Dog%29%28Antero%20MARTINEZ%29%28StArkos%29.ym	19704
https://www.cpc-power.com/YM/The%20Secret%20of%20Darren%20Blake%20-%202%20%282025%29%28Altanerus%20Dog%29%28Antero%20MARTINEZ%29%28StArkos%29.ym	19704
https://www.cpc-power.com/YM/The%20Secret%20of%20Darren%20Blake%20-%203%20%282025%29%28Altanerus%20Dog%29%28Antero%20MARTINEZ%29%28StArkos%29.ym	19704
https://www.cpc-power.com/YM/The%20Secret%20of%20Darren%20Blake%20-%204%20%282025%29%28Altanerus%20Dog%29%28Antero%20MARTINEZ%29%28StArkos%29.ym	19704
https://www.cpc-power.com/YM/Amstream%20Automated%20Music%20Intro%20%282024%29%28Epyteor%29%28SuTeKH%29%28StArkos%29.ym	19711
https://www.cpc-power.com/YM/Airwolf%20%2819xx%29%28Epyteor%29%28SuTeKH%29%28StArkos%29.ym	19717
https://www.cpc-power.com/YM/Star%20Dust%20Code%20Veronica%20%2819xx%29%28Epyteor%29%28SuTeKH%29%28StarkOs%29.ym	19718
https://www.cpc-power.com/YM/Demonix%20%2819xx%29%28Epyteor%29%28SuTeKH%29%28StarkOs%29.ym	19719
https://www.cpc-power.com/YM/Terra%20Cresta%20%2819xx%29%28Epyteor%29%28SuTeKH%29%28StArkos%29.ym	19720
https://www.cpc-power.com/YM/The%20Killing%20Game%20Show%20%2819xx%29%28Epyteor%29%28SuTeKH%29%28StArkos%29.ym	19721
https://www.cpc-power.com/YM/Rinderpest%20%2819xx%29%28Epyteor%29%28SuTeKH%29%28StArkos%29.ym	19722
https://www.cpc-power.com/YM/The%20Electronic%20Knights%20%2819xx%29%28Epyteor%29%28SuTeKH%29%28StArkos%29.ym	19723
https://www.cpc-power.com/YM/Happy%20Halloween%20%2819xx%29%28Epyteor%29%28SuTeKH%29%28StArkos%29.ym	19724
https://www.cpc-power.com/YM/Network%20South%20East%2000%20%282019%29%28Epyteor%29%28SuTeKH%29%28StArkos%29.ym	19725
https://www.cpc-power.com/YM/Network%20South%20East%2008%20%282019%29%28Epyteor%29%28SuTeKH%29%28StArkos%29.ym	19725
https://www.cpc-power.com/YM/Network%20South%20East%2011%20%282019%29%28Epyteor%29%28SuTeKH%29%28StArkos%29.ym	19725
https://www.cpc-power.com/YM/Network%20South%20East%2013%20%282019%29%28Epyteor%29%28SuTeKH%29%28StArkos%29.ym	19725
https://www.cpc-power.com/YM/Network%20South%20East%2017%20%282019%29%28Epyteor%29%28SuTeKH%29%28StArkos%29.ym	19725
https://www.cpc-power.com/YM/Arnold%20Computer%20Demonstration%20%281983%29%28Amsoft%29%28Roland%20Perry%29%28Basic%29.ym	19729
https://www.cpc-power.com/YM/AMSCII%20Invasor%20%282024%29%28Public%20Domain%29%28StArkos%29.ym	19804
https://www.cpc-power.com/YM/Invitro%20Benediction%20Coding%20Party%205%20%282025%29%28Public%20Domain%29%28CrackY%29.ym	19810
https://www.cpc-power.com/YM/Sunny%20Day%20%282025%29%28Cpcitor%29%28Siko%29%28StArkos%29.ym	19834
